DATE,ret_true,sigma_lstm,gk_vol_actual,garch_pred,shape,VaR_ret_95,VaR_ret_99,viol_95,viol_99
2006-01-17,-0.00406308,0.004416507,0.0062510627,0.005628338,99.999596,-0.007159664185717188,-0.010917564497130895,0,0
2006-01-18,-0.004469064,0.0051648305,0.0067430134,0.005630328,97.10166,-0.00837278171497235,-0.012767412272766007,0,0
2006-01-19,0.003499226,0.0059179734,0.0064320345,0.0056622336,99.98433,-0.00959371208724007,-0.014629173626368324,0,0
2006-01-20,-0.018410234,0.0060721966,0.007970948,0.0056228214,99.87434,-0.00984372559562086,-0.015010411982260266,1,1
2006-01-23,0.0035517006,0.0067043533,0.004618539,0.0063367644,17.125011,-0.010868523815321197,-0.016573097098476038,0,0
2006-01-24,0.0009843489,0.0059365314,0.004966579,0.006305965,17.359972,-0.009623797060992435,-0.014675049331263975,0,0
2006-01-25,0.00039346842,0.005593006,0.0076571326,0.0062617147,17.002861,-0.009066903485248452,-0.013825858451145378,0,0
2006-01-26,0.0052967262,0.006529602,0.004880028,0.006214021,16.953543,-0.010585232507746054,-0.016141114390669977,0,0
2006-01-27,0.008959935,0.006047926,0.004989259,0.0061984663,18.258686,-0.009804380330895849,-0.014950415527936486,0,0
2006-01-30,-0.00058190286,0.0056391205,0.0027316995,0.0062406976,19.52989,-0.009141660163420355,-0.013939852743944917,0,0
2006-01-31,-0.0038880298,0.004571305,0.006194141,0.0062000663,17.728073,-0.007410608618354524,-0.011300222392452224,0,0
2006-02-01,0.0029174385,0.0052821827,0.0044153407,0.0061715334,17.946579,-0.008563022796541822,-0.013057505386655621,0,0
2006-02-02,-0.011917695,0.0052989037,0.005867443,0.0061345794,17.926205,-0.008590129319069027,-0.013098839337565504,1,0
2006-02-03,-0.005123164,0.0054965676,0.00655859,0.00624159,17.729158,-0.00891056560167125,-0.013587463341678653,0,0
2006-02-06,0.0025648628,0.0060331034,0.003315056,0.0062239137,19.069603,-0.009780351006772426,-0.014913773907724286,0,0
2006-02-07,-0.00890654,0.0049549877,0.005668721,0.0061842497,19.36034,-0.008032601904597331,-0.012248681935133697,1,0
2006-02-08,0.008512374,0.0052687395,0.005785326,0.006228567,19.915745,-0.008541230053814453,-0.013024274264619192,0,0
2006-02-09,-0.0019731657,0.005787614,0.006863358,0.0062568043,22.991804,-0.009382384685067191,-0.014306926593073643,0,0
2006-02-10,0.0019731657,0.006216725,0.008875409,0.006227384,19.696024,-0.010078023110727712,-0.015367685475310321,0,0
2006-02-13,-0.0019731657,0.007143509,0.0047353297,0.0061849537,19.957966,-0.011580446241530954,-0.017658686981393203,0,0
2006-02-14,0.009827123,0.0061508054,0.008271707,0.0061441795,19.419785,-0.009971160095617198,-0.015204733159452501,0,0
2006-02-15,0.0031243924,0.006773356,0.0057668854,0.00619481,23.333517,-0.010980384956857157,-0.016743670912521366,0,0
2006-02-16,0.0073815407,0.0066143977,0.004417031,0.006168093,20.801151,-0.010722696176319492,-0.01635072875647454,0,0
2006-02-17,-0.0021311643,0.0056969854,0.003162011,0.006178958,24.050217,-0.009235465763142808,-0.01408289418535846,0,0
2006-02-20,-0.00019396761,0.004807302,0.0017676872,0.0061714714,21.837118,-0.0077931864160619225,-0.011883604192673128,0,0
2006-02-21,-0.0027195043,0.0036837622,0.006000768,0.006131803,19.505371,-0.005971800192402422,-0.009106225106841552,0,0
2006-02-22,0.005431633,0.0047214245,0.005962494,0.006100938,18.03067,-0.007653969774069764,-0.011671316768487029,0,0
2006-02-23,-0.001548887,0.005541154,0.005112513,0.006103501,16.862356,-0.0089828451604479,-0.013697680346875971,0,0
2006-02-24,0.0021291017,0.005309139,0.0037004733,0.0060678185,15.542676,-0.008606722221048814,-0.013124141373088382,0,0
2006-02-27,0.0007730963,0.004737387,0.0042014886,0.006029737,14.943083,-0.007679846598825627,-0.011710775588890459,0,0
2006-02-28,-0.008926898,0.004702578,0.005978134,0.0055920454,24.785446,-0.007623417228206678,-0.011624728076425573,1,0
2006-03-01,0.0073801074,0.005386683,0.004350633,0.0060179136,17.118721,-0.0087324299114088,-0.013315829388292835,0,0
2006-03-02,-0.0003870718,0.005189938,0.004799896,0.006056508,16.593573,-0.008413484120408626,-0.012829478191643236,0,0
2006-03-03,-0.0038789809,0.0051430636,0.0101362085,0.006007591,16.649792,-0.008337495212486445,-0.012713604907395915,0,0
2006-03-06,-0.0054559764,0.0067962324,0.007478825,0.005979744,16.763956,-0.011017470852375663,-0.0168002221201974,0,0
2006-03-07,-0.0015643336,0.0071180244,0.0041845385,0.006001841,15.676169,-0.011539132785177417,-0.017595689288674745,0,0
2006-03-08,0.0015643336,0.005710552,0.0071579963,0.005789024,27.98411,-0.009257458532206352,-0.014116430321760045,0,0
2006-03-09,-0.005878912,0.0062575173,0.0056314743,0.0056642042,23.574404,-0.010144151648668722,-0.01546852296703405,0,0
2006-03-10,0.008610621,0.006324713,0.00586533,0.0057814107,24.286293,-0.01025308413456532,-0.01563463095893979,0,0
2006-03-13,0.0019466621,0.006158879,0.0030571418,0.0059467875,15.876915,-0.009984247894752525,-0.01522469036519275,0,0
2006-03-14,0.017924735,0.004949521,0.007027798,0.0059216013,14.298825,-0.008023739978311076,-0.012235168640474988,0,0
2006-03-15,0.0041936776,0.0057585547,0.0048785135,0.006122276,12.203526,-0.00933527637291542,-0.014235092492628835,0,0
2006-03-16,0.0019004187,0.005755107,0.0052115903,0.006094912,12.530215,-0.009329687451404223,-0.014226570108130741,0,0
2006-03-17,0.00056942203,0.0055086585,0.0031848405,0.0060524074,12.357886,-0.008930166494630486,-0.01361735217550283,0,0
2006-03-20,-0.0015191799,0.004720777,0.0039137644,0.006026636,11.2104,-0.007652919846803088,-0.011669715764815082,0,0
2006-03-21,-0.0060999044,0.0046070656,0.0077910703,0.005975704,11.351616,-0.007468580808140261,-0.011388622505168167,0,0
2006-03-22,0.0053394483,0.0058603836,0.0050038276,0.0059700636,12.0956745,-0.00950035295980385,-0.014486812997609491,0,0
2006-03-23,-0.0020942416,0.00570955,0.004640083,0.005955002,12.716464,-0.009255833845720539,-0.014113952884405949,0,0
2006-03-24,0.0007620499,0.0052495105,0.004692466,0.0059188846,12.107615,-0.008510057173111329,-0.012976739641931627,0,0
2006-03-27,-0.0013339687,0.0052332203,0.003514917,0.00590199,11.206159,-0.008483649476771271,-0.012936471310829119,0,0
2006-03-28,-0.0065047103,0.0047393274,0.0072512547,0.005849848,11.289272,-0.007682992160660758,-0.011715572165004079,0,0
2006-03-29,0.005741643,0.00570042,0.0067643947,0.0058608344,11.5287075,-0.009241033584829514,-0.014091384395345461,0,0
2006-03-30,-0.0019102202,0.006327452,0.0076839905,0.0058520534,12.152747,-0.010257524381631224,-0.015641401763054025,0,0
2006-03-31,0.0,0.006712962,0.0048667737,0.0058092414,11.87833,-0.010882480083232579,-0.016594378607092838,0,0
2006-04-03,-0.0013393286,0.0059890747,0.007391737,0.0057569505,11.711157,-0.009708976208469952,-0.0148049365455626,0,0
2006-04-04,0.006868945,0.0064437944,0.0063204644,0.005710485,11.359822,-0.010446128116820188,-0.01592899813488289,0,0
2006-04-05,0.0032273403,0.0066154166,0.0043971958,0.005746112,11.123445,-0.010724347870580655,-0.016353247377202836,0,0
2006-04-06,-0.0011378723,0.0057297237,0.005600581,0.0057053836,11.415229,-0.009288538573681716,-0.014163823376598803,0,0
2006-04-07,-0.010299538,0.005797637,0.0105918655,0.005496704,13.930543,-0.009398633237911283,-0.014331703540575499,1,0
2006-04-10,0.0011496457,0.007471369,0.004531402,0.0057665133,10.904232,-0.012111944912510452,-0.018469153906941715,0,0
2006-04-11,-0.008847913,0.006286725,0.008362449,0.005752985,10.2246685,-0.010191500498819688,-0.015540723856905312,0,0
2006-04-12,0.0011585249,0.006758825,0.0030550507,0.0058403867,10.469483,-0.010956829112795314,-0.016707751288338075,0,0
2006-04-13,-0.0009653442,0.0053241244,0.0052924724,0.0057913046,10.438926,-0.008631014870981885,-0.013161184531199013,0,0
2006-04-17,-0.00096627703,0.0053267754,0.0069474517,0.00575976,9.807637,-0.008631291618184126,-0.013183094625155996,0,0
2006-04-18,0.01573023,0.006242312,0.00802397,0.005751421,9.355814,-0.010102580072021802,-0.015494018745953379,0,0
2006-04-19,0.0013314314,0.006912029,0.0055916766,0.005965185,9.765155,-0.011198779208032706,-0.017110899858872694,0,0
2006-04-20,0.0013296611,0.0063724583,0.0068917735,0.005921936,9.627382,-0.010320908247786009,-0.01578888949558143,0,0
2006-04-21,0.0,0.0064932816,0.0064369617,0.0058861636,9.22296,-0.010504659471035807,-0.016131580060365056,0,0
2006-04-24,-0.0019000575,0.00659252,0.0050459555,0.005862087,8.566933,-0.010641795938911007,-0.016457909692639078,0,0
2006-04-25,-0.0038109801,0.0060373456,0.006315087,0.005816505,8.559127,-0.009745335517021933,-0.01507287664905898,0,0
2006-04-26,-0.00038189805,0.006214612,0.0047139158,0.0058284197,8.23882,-0.010018683793309726,-0.01555632311853698,0,0
2006-04-27,0.0045731785,0.005829795,0.010828418,0.005822489,7.8919215,-0.009383597850048978,-0.01463783540356098,0,0
2006-04-28,0.00076016726,0.007326357,0.006014178,0.005809265,7.9480476,-0.01179561591820122,-0.018386092301489965,0,0
2006-05-01,-0.005906467,0.0069712875,0.006779907,0.0057548275,7.9733305,-0.0112252786139033,-0.017491019418113176,0,0
2006-05-02,0.00742507,0.006665169,0.0034911097,0.0057822303,7.810586,-0.010723927500135663,-0.016747953504564223,0,0
2006-05-03,-0.004372215,0.0054236273,0.005110102,0.005799815,8.290017,-0.008745396432908727,-0.013570466480131587,0,0
2006-05-04,0.0036132017,0.005409938,0.0040654507,0.005778703,8.445618,-0.008728790197666557,-0.01351880924367188,0,0
2006-05-05,0.009070357,0.0052094758,0.005693964,0.005762866,8.260038,-0.008399035475954457,-0.013037933723445486,0,0
2006-05-08,-0.0013176473,0.0055155084,0.0020587381,0.0058532516,8.093008,-0.008886018795683917,-0.013823738836333947,0,0
2006-05-09,0.0015057409,0.0041402206,0.0026719884,0.0058196234,7.846329,-0.006662590069208151,-0.010399911438603256,0,0
2006-05-10,-0.0011290931,0.0037481387,0.004884879,0.005819269,7.3984785,-0.006017071532230593,-0.009456232744662259,0,0
2006-05-11,-0.012123656,0.004536531,0.010018196,0.005765106,7.451393,-0.007284973421108943,-0.011439107958561593,1,1
2006-05-12,-0.013430747,0.0062494483,0.0065826103,0.006071816,6.536117,-0.009969969994725185,-0.015921827467392978,1,0
2006-05-15,0.0023152626,0.006337169,0.0063950876,0.006168229,6.1870046,-0.010075671247211652,-0.016218960267749907,0,0
2006-05-16,-0.0017359441,0.006146244,0.0052299057,0.006206908,5.6869354,-0.009751630638635943,-0.01577112622843135,0,0
2006-05-17,-0.020281507,0.005874468,0.011790671,0.0062007015,5.596186,-0.009320431352980028,-0.01507375584847199,1,1
2006-05-18,-0.0047393455,0.0076805702,0.008570783,0.006374309,5.0726495,-0.01218599394666931,-0.01970817557326034,0,0
2006-05-19,0.006117434,0.008192597,0.008995352,0.00638478,5.0227447,-0.012998375264864546,-0.02102202438374694,0,0
2006-05-22,-0.0069095134,0.008232316,0.009564246,0.0063528353,5.266889,-0.013061393601503452,-0.021123942737575913,0,0
2006-05-23,-0.0075562103,0.008668862,0.012732847,0.006321954,5.598076,-0.013754018001407296,-0.02224411096836352,0,0
2006-05-24,0.006763503,0.00988179,0.010683961,0.0063319,5.7054253,-0.015678448916994676,-0.02535645638138356,0,0
2006-05-25,0.0118251275,0.009999032,0.0075672087,0.0063113007,6.0242233,-0.01586897703445584,-0.025648530711135906,0,0
2006-05-26,0.0052760257,0.008738265,0.0039261887,0.00638472,5.89476,-0.013864132690716664,-0.022422197355046584,0,0
2006-05-29,-0.002146133,0.0064425324,0.0015931552,0.00641591,5.665034,-0.010221722781471421,-0.016531397284461537,0,0
2006-05-30,-0.015748357,0.004109604,0.0079611065,0.006399464,5.646084,-0.006520298105607072,-0.010545153757476106,1,1
2006-05-31,0.009478744,0.005545273,0.007821167,0.006638762,5.516491,-0.008798130376829525,-0.014229048442157152,0,0
2006-06-01,0.010751741,0.0068555186,0.010167176,0.0066521475,5.8151054,-0.010876966351657129,-0.017591110212351137,0,0
2006-06-02,0.0019425026,0.007596419,0.0068969205,0.006690609,6.1067863,-0.012067249532842423,-0.019463166955120816,0,0
2006-06-05,-0.014661586,0.007170582,0.008942498,0.006638832,6.186996,-0.011400740754724747,-0.018351948492269454,1,0
2006-06-06,-0.0029582903,0.007543768,0.010202009,0.006789812,5.9970193,-0.01196894244982468,-0.019357142327472283,0,0
2006-06-07,-0.007732764,0.008488945,0.009414941,0.006734588,6.161819,-0.013493204300169757,-0.021733526573525903,0,0
2006-06-08,-0.00039816843,0.008749238,0.014715982,0.006736661,6.4340057,-0.013945012427336728,-0.022319434778983557,0,0
2006-06-09,-0.003590668,0.010501865,0.0074769245,0.0067254645,6.1582494,-0.016692104423854787,-0.026888347504111294,0,0
2006-06-12,-0.011658424,0.009216016,0.010850665,0.0066742804,6.3626146,-0.014679013167802209,-0.023531892413440312,0,0
2006-06-13,-0.0032401811,0.009324274,0.010873803,0.0067463974,6.5406637,-0.0148759486071385,-0.023754262203754244,0,0
2006-06-14,0.0070743095,0.009941132,0.0066069886,0.0067154854,6.5577874,-0.015862473994599443,-0.025320338825576057,0,0
2006-06-15,0.02112474,0.008350979,0.010242745,0.006697029,6.991403,-0.013370864888100546,-0.021161184179932388,0,0
2006-06-16,-0.006131955,0.008806229,0.0050185034,0.008049757,7.10976,-0.01411131930635238,-0.0222854596935391,0,0
2006-06-19,-0.00916889,0.0072792033,0.009223668,0.00786782,7.4818935,-0.011691337376336425,-0.01834925589044196,0,0
2006-06-20,0.0031987233,0.0077535915,0.0067991903,0.007950989,7.512777,-0.01245544872241672,-0.019539031184554384,0,0
2006-06-21,0.0073580923,0.0075958977,0.009954116,0.0076954346,7.1652446,-0.012176344394230211,-0.01921093023691245,0,0
2006-06-22,-0.004567578,0.00819496,0.00829149,0.007608376,7.575275,-0.013169048641450146,-0.02063847959259516,0,0
2006-06-23,-0.00039816843,0.008272895,0.0073101153,0.0074559716,7.195471,-0.013264195371336872,-0.020916320659094916,0,0
2006-06-26,0.0037762143,0.007709194,0.0039117397,0.0071793334,7.152087,-0.01235688988655811,-0.019500249745172112,0,0
2006-06-27,-0.008366583,0.0060238363,0.0066401223,0.0069637466,6.031655,-0.009560963138063488,-0.015450135184912573,0,0
2006-06-28,0.006380879,0.0063162083,0.0051420266,0.0070653846,7.2099376,-0.010127924259550307,-0.015966763504728157,0,0
2006-06-29,0.019486887,0.0061596897,0.008661369,0.0070406203,7.040114,-0.009865739133084535,-0.015599998196928045,0,0
2006-06-30,-0.0023419214,0.0069841184,0.0042380067,0.008195605,6.1426477,-0.011098968239807761,-0.01788553442699421,0,0
2006-07-03,0.0068153315,0.005962293,0.0032719453,0.007906228,6.09541,-0.009470165150662907,-0.015278695182563487,0,0
2006-07-04,-0.00038819876,0.0048121936,0.0013682477,0.007943786,5.8272114,-0.007635026552370582,-0.012347982812001257,0,0
2006-07-05,-0.006231763,0.0034243334,0.006775795,0.0077099376,5.53934,-0.005433047658796373,-0.008786764348156922,1,0
2006-07-06,0.0023414644,0.0047147544,0.0050305626,0.0075826454,5.7696247,-0.007480429661998208,-0.012097956209996291,0,0
2006-07-07,-0.006060032,0.0053312834,0.009792865,0.00734924,5.822339,-0.008458614609111462,-0.013679956066979441,0,0
2006-07-10,0.0015673984,0.0064364704,0.005540646,0.00726375,5.9786296,-0.01021210498381283,-0.01651584260375899,0,0
2006-07-11,0.0041027702,0.0061412957,0.007835993,0.007164591,5.46932,-0.009743780040039092,-0.01575842960506365,0,0
2006-07-12,-0.0109783495,0.0065224697,0.008319717,0.0071338564,5.52176,-0.010348551210601265,-0.01673651448375696,1,0
2006-07-13,-0.01649645,0.0072689336,0.0077088447,0.0071820975,6.146473,-0.011552070094349972,-0.018613938209824626,1,0
2006-07-14,-0.0042172973,0.007430281,0.008934932,0.007836808,6.1415696,-0.011807857943613215,-0.019028386299392644,0,0
2006-07-17,-0.0014097274,0.007959476,0.007155542,0.0076835817,6.0325694,-0.012633322623913975,-0.020414466670184744,0,0
2006-07-18,0.004223234,0.0077109104,0.008558684,0.0075001228,5.796985,-0.012234130892745304,-0.019786026537980828,0,0
2006-07-19,0.013356124,0.007897564,0.011449658,0.0073466185,5.921012,-0.012530276537048532,-0.020264977239805162,0,0
2006-07-20,-0.006556098,0.009105659,0.008308984,0.0076883095,6.2454853,-0.01448626075464825,-0.023286105588296784,0,0
2006-07-21,-0.0076030777,0.00870272,0.007631673,0.007616094,6.3819237,-0.013864031657032304,-0.022215680880502277,0,0
2006-07-24,0.01811175,0.00806939,0.0087455325,0.007617791,6.3990216,-0.012857194052196977,-0.020594403081209384,0,0
2006-07-25,0.0031508494,0.008280801,0.008800623,0.008493419,5.9145265,-0.013138319695223225,-0.02124835384165403,0,0
2006-07-26,0.0013753809,0.008488039,0.00715327,0.008231748,6.051515,-0.01347520470858956,-0.02176434242707552,0,0
2006-07-27,-0.0007857003,0.007887798,0.008301488,0.008018174,5.8047624,-0.012514781648808274,-0.020239917652605008,0,0
2006-07-28,0.009387904,0.007952518,0.006046924,0.0077714142,5.8389807,-0.012617465596338326,-0.02040598644234299,0,0
2006-07-31,-0.0019485587,0.007239652,0.0027296615,0.007902375,5.7475777,-0.01148643286063782,-0.018576788772309432,0,0
2006-08-01,-0.0039085452,0.0051310635,0.0065372637,0.0077419644,5.4628572,-0.008140945873726546,-0.01316619648048197,0,0
2006-08-02,0.005857104,0.0057477513,0.0057777814,0.007565152,5.6044607,-0.00911938327784862,-0.014748604631370099,0,0
2006-08-03,0.0023332697,0.006175217,0.0077020284,0.007510163,5.5609746,-0.009797600435836941,-0.01584547230461269,0,0
2006-08-04,-0.0009715341,0.0066343956,0.01082711,0.0073111705,5.704667,-0.010526132547142221,-0.017023713392143088,0,0
2006-08-07,-0.0029202786,0.007943372,0.0045215925,0.007137428,5.645028,-0.012602955199946081,-0.02038251905503035,0,0
2006-08-08,-0.004298561,0.006410283,0.008319521,0.007029036,5.4611316,-0.010170555446425757,-0.0164486453294623,0,0
2006-08-09,-0.0041204807,0.006866727,0.010791651,0.006949811,5.407921,-0.010894749640525723,-0.017619870786238348,0,0
2006-08-10,0.0031409527,0.008424612,0.007835413,0.006918449,5.0326843,-0.013366490158821902,-0.021617369580289286,0,0
2006-08-11,-0.002551272,0.008132183,0.006083362,0.0067754444,5.2136574,-0.012902522134393928,-0.020867002944147593,0,0
2006-08-14,0.0007857003,0.0071507883,0.0069043967,0.0066317255,5.363846,-0.011345441502826795,-0.018348766138602847,0,0
2006-08-15,0.011323823,0.0070750485,0.0064761853,0.006480605,5.3988323,-0.011225272871492345,-0.018154419703252364,0,0
2006-08-16,0.008698228,0.006979876,0.0050237104,0.0067813047,5.76103,-0.011074272814847783,-0.017910210191829073,0,0
2006-08-17,0.0015384619,0.006232504,0.0049144994,0.0068499544,6.124132,-0.009902512469937855,-0.01596479379994338,0,0
2006-08-18,0.004601235,0.0058053527,0.0051768553,0.0067765354,5.6991434,-0.009210773619905263,-0.014896408488391126,0,0
2006-08-21,-0.003640897,0.0057699615,0.003994355,0.0066998773,5.8439054,-0.009154621390015194,-0.014805594558042342,0,0
2006-08-22,-0.00019199385,0.005213059,0.004611904,0.006638498,5.693874,-0.008271039956422093,-0.013376595158999848,0,0
2006-08-23,-0.003269548,0.0051271776,0.006677962,0.0065560276,5.37748,-0.008134780131582822,-0.013156224743318817,0,0
2006-08-24,-0.0013493978,0.005860476,0.0038862901,0.006484006,5.310668,-0.00929823142375283,-0.015037852326376189,0,0
2006-08-25,0.0011567381,0.005209098,0.0037956655,0.006445649,4.8474164,-0.008264755677116521,-0.013366431713945828,0,0
2006-08-28,0.004805391,0.0047142934,0.0064579174,0.006299018,4.9578447,-0.007479698532022845,-0.01209677376743277,0,0
2006-08-29,0.00095831347,0.005540946,0.005670213,0.006249982,5.1882935,-0.00879126517494452,-0.014217945482095979,0,0
2006-08-30,0.0,0.0058096144,0.002706632,0.006191739,4.743276,-0.009217534762449716,-0.01490734315526566,0,0
2006-08-31,0.00038306837,0.0044962503,0.002833339,0.0060429955,4.8084283,-0.0071337514446266894,-0.01153728014161122,0,0
2006-09-01,0.0053476063,0.004020512,0.0035024572,0.00590175,4.788961,-0.006378944802263689,-0.010316545756163817,0,0
2006-09-04,0.002853069,0.0042285137,0.0018573292,0.006012362,4.618003,-0.006708960404621178,-0.010850273695110836,0,0
2006-09-05,-0.0013304193,0.00351152,0.0033930377,0.005904434,4.753976,-0.005571378264512649,-0.009010483798252082,0,0
2006-09-06,-0.008978951,0.003739003,0.005244966,0.0057462943,4.8367195,-0.0059323026580377905,-0.009594199935597627,1,0
2006-09-07,-0.0050019342,0.004599506,0.0043076444,0.0060918834,5.0525074,-0.007297576588778453,-0.011802231422433095,0,0
2006-09-08,0.0023116944,0.004637004,0.0030864342,0.006053422,5.3122497,-0.0073570709332279344,-0.01189845049091104,0,0
2006-09-11,0.000961631,0.00410508,0.0065353937,0.0059831245,5.076871,-0.006513120273268491,-0.010533545186145505,0,0
2006-09-12,0.018663654,0.0050288574,0.0075483276,0.005837631,5.0478125,-0.007978786131455546,-0.012903938622355837,0,0
2006-09-13,0.0030143203,0.006110656,0.004694142,0.0073106885,4.461511,-0.009695168040451878,-0.015679810345360673,0,0
2006-09-14,0.00037615196,0.0055523342,0.0034537443,0.007327459,4.115419,-0.008809334400783677,-0.014247168496391693,0,0
2006-09-15,0.0020663105,0.00474451,0.004427316,0.0070878523,4.136653,-0.00752764047994328,-0.012174309365355686,0,0
2006-09-18,0.0015000941,0.0049039293,0.0037669425,0.0068395543,4.303015,-0.007780574804433997,-0.012583375223863644,0,0
2006-09-19,-0.0028145248,0.004773773,0.006066876,0.0066248965,4.4425774,-0.007574068590674626,-0.012249396663267749,0,0
2006-09-20,0.004499445,0.005370986,0.004723442,0.0064494526,4.610341,-0.008521607609563102,-0.013781833445076015,0,0
2006-09-21,-0.004687362,0.0053555397,0.007120277,0.0063362797,4.81989,-0.00849710027756712,-0.013742198204493855,0,0
2006-09-22,-0.0032000027,0.0059548765,0.005275946,0.006318835,4.7268386,-0.009448008104498022,-0.015280083295292204,0,0
2006-09-25,0.00732604,0.0058267354,0.00864993,0.0061859135,4.8591433,-0.009244698774653207,-0.014951274994073682,0,0
2006-09-26,0.00820135,0.0066823345,0.0051608654,0.006229643,5.1288643,-0.010602192686175826,-0.01714672400422456,0,0
2006-09-27,0.0007422528,0.006237748,0.003763015,0.006397492,5.071793,-0.009896811515984014,-0.01600592449217395,0,0
2006-09-28,-0.0003710575,0.0051984685,0.003936172,0.0063459836,4.7968063,-0.008247890825036287,-0.01333915651035809,0,0
2006-09-29,-0.0012997866,0.004935053,0.0029068969,0.0061963215,4.8088846,-0.007829955938277473,-0.012663238389728737,0,0
2006-10-02,-0.0037230125,0.004403127,0.0043680244,0.0060461876,4.8573565,-0.006986001658862705,-0.011298327231287144,0,0
2006-10-03,0.0020493718,0.0046360134,0.0060593225,0.0060206098,4.7089977,-0.007355499184753669,-0.011895908532083275,0,0
2006-10-04,0.011105056,0.0053955624,0.00746361,0.0058706277,4.816625,-0.008560600001764063,-0.013844895097238413,0,0
2006-10-05,0.0018389119,0.0061287773,0.003276929,0.00628954,4.75985,-0.00972391827895093,-0.01572630755770069,0,0
2006-10-06,-0.0014708589,0.004936206,0.004621011,0.00613322,4.8819327,-0.007831785572943544,-0.012666197422975567,0,0
2006-10-09,0.0003679176,0.0048548644,0.003844468,0.006060626,4.643789,-0.007702728464198203,-0.012457475822648027,0,0
2006-10-10,0.0011029413,0.004816868,0.0031761443,0.0059182076,4.636426,-0.007642442816328604,-0.012359976994242114,0,0
2006-10-11,-0.0012868831,0.004366864,0.005939963,0.005855847,4.3889565,-0.006928466797039028,-0.011205277196684573,0,0
2006-10-12,0.0086089,0.0051238826,0.0045011695,0.0058106775,4.2393937,-0.008129552733231737,-0.01314777057167345,0,0
2006-10-13,0.0020041913,0.0051701902,0.0032498864,0.0060518873,4.343413,-0.00820302405684515,-0.013266594341955129,0,0
2006-10-16,0.0018185129,0.004457605,0.003241266,0.0059471987,4.33872,-0.007072436514149446,-0.011438116674076588,0,0
2006-10-17,-0.0030934426,0.004200095,0.0058877007,0.0059126928,4.225478,-0.006663871039927642,-0.010777351525630368,0,0
2006-10-18,0.00054659747,0.0050287256,0.00643197,0.0058215554,4.2802987,-0.007978576203046778,-0.01290359910914453,0,0
2006-10-19,0.0012742333,0.0057352427,0.003279893,0.005680465,4.288875,-0.009099536899445584,-0.014716507462130381,0,0
2006-10-20,0.00054560334,0.0047467933,0.003597316,0.005643693,4.06895,-0.007531262649858356,-0.01218016743166976,0,0
2006-10-23,0.0041730986,0.0044209715,0.01404773,0.005584886,3.9328911,-0.007014313943267602,-0.011344116148824258,0,0
2006-10-24,0.002892788,0.007058605,0.003390947,0.0056580277,3.790475,-0.011199183837519958,-0.018112226406233282,0,0
2006-10-25,0.0032444152,0.005620715,0.0036443742,0.005566808,3.8276374,-0.00891782757410808,-0.014422632436201208,0,0
2006-10-26,0.0026956615,0.004626703,0.004897925,0.0056324387,3.6300607,-0.007340727282714296,-0.011872018216675516,0,0
2006-10-27,-0.005940077,0.005120458,0.0053445157,0.0056110476,3.5492964,-0.008124119025927209,-0.01313898274049283,0,0
2006-10-30,-0.0010838151,0.0054739355,0.0041945125,0.0056534866,3.7229483,-0.00868494638940576,-0.014045998138177725,0,0
2006-10-31,0.0,0.0050930222,0.00524401,0.0054664356,3.804828,-0.008080589646478138,-0.013068583505392944,0,0
2006-11-01,-0.007437676,0.005269896,0.007376619,0.0052585127,3.8702285,-0.008361216876081504,-0.013522436571122756,0,0
2006-11-02,-0.0012753942,0.006166555,0.004459384,0.0054686028,4.0494404,-0.009783856459109464,-0.015823244433205128,0,0
2006-11-03,-0.002007483,0.005571932,0.00592869,0.0054261293,3.8448882,-0.008840428236604749,-0.014297455963978635,0,0
2006-11-06,0.011081955,0.005658636,0.0073056,0.0053101173,3.8296888,-0.00897799197022434,-0.014519935166459212,0,0
2006-11-07,0.0037868586,0.0064598443,0.0048046247,0.00583331,3.9394271,-0.010249189923058262,-0.016575819368639336,0,0
2006-11-08,0.0017982383,0.005886396,0.0065338756,0.0057870583,3.9515107,-0.009339356580003212,-0.015104363257155194,0,0
2006-11-09,-0.005404445,0.006112061,0.0055452213,0.0056468104,3.9990926,-0.009697396720067374,-0.01568341474639279,0,0
2006-11-10,0.00054176076,0.006102037,0.003563776,0.005758615,3.8974285,-0.00968149283337555,-0.015657693693798196,0,0
2006-11-13,0.0023442442,0.0051175337,0.0047838995,0.0056484295,3.8282752,-0.008119479789066205,-0.013131479791206732,0,0
2006-11-14,0.0069999387,0.005151873,0.007021296,0.005601281,3.725917,-0.008173962545188271,-0.01321959371347421,0,0
2006-11-15,0.0026792907,0.0060475743,0.004453605,0.0057655014,3.7771769,-0.009595081956980328,-0.015517943031612629,0,0
2006-11-16,0.002494211,0.0055513657,0.004083061,0.0057324865,3.6862502,-0.008807797037134985,-0.014244682147486469,0,0
2006-11-17,-0.00017795178,0.004994357,0.0036508671,0.005575489,3.799571,-0.007924047298869337,-0.012815410552507324,0,0
2006-11-20,0.0003558719,0.0046973918,0.0045330175,0.0053990413,3.8289587,-0.007452882439962333,-0.012053404613235731,0,0
2006-11-21,0.0007113641,0.0048785885,0.002066488,0.0053376993,3.6250825,-0.007740368989835805,-0.012518351126803126,0,0
2006-11-22,0.0015987214,0.0038811737,0.0032731467,0.005119451,3.6782374,-0.0061578707332588115,-0.009959006881147878,0,0
2006-11-23,-0.000887863,0.0038915514,0.0014027859,0.0050497265,3.5129187,-0.006174336087957707,-0.009985635985240821,0,0
2006-11-24,-0.0030246442,0.0031678064,0.003673771,0.005050584,3.2637115,-0.0050260421698190335,-0.008128522134091282,0,0
2006-11-27,-0.013996281,0.0036189598,0.008260845,0.004891303,3.3942077,-0.005741841942159779,-0.009286171452672059,1,1
2006-11-28,0.0036075076,0.005240864,0.005746824,0.0060892394,3.353254,-0.008315155687633585,-0.013447942689620974,0,0
2006-11-29,0.0098540615,0.0054489034,0.0044964775,0.0059281555,3.464322,-0.008645231011003913,-0.013981767214222934,0,0
2006-11-30,0.0005347117,0.004956618,0.0066674566,0.006422024,3.364523,-0.007864170649451304,-0.012718573189495853,0,0
2006-12-01,-0.0017834854,0.0056321872,0.00955311,0.0061693885,3.448033,-0.008936028910066549,-0.014452069109673005,0,0
2006-12-04,0.007292162,0.0070418934,0.006074289,0.0059774565,3.5055285,-0.011172668612683219,-0.018069343838858484,0,0
2006-12-05,0.0042440384,0.006705252,0.0028013398,0.0060349125,3.6695824,-0.010638553734356543,-0.017205530033893496,0,0
2006-12-06,-0.001412679,0.004892256,0.00273624,0.0061156675,3.5560355,-0.007762054051543223,-0.012553421963479814,0,0
2006-12-07,-0.0042500505,0.0042284997,0.005627509,0.0060057547,3.5055811,-0.0067089382354573205,-0.010850237841344987,0,0
2006-12-08,0.00088691805,0.005101972,0.0056153475,0.005946433,3.5480168,-0.008094788769712553,-0.013091547476564679,0,0
2006-12-11,0.0031864073,0.005572311,0.0031162407,0.005784069,3.5541673,-0.008841029066188463,-0.014298427674204103,0,0
2006-12-12,0.007395702,0.0046015372,0.004913786,0.0057695047,3.4728527,-0.007300799713744104,-0.011807444120961881,0,0
2006-12-13,0.001052078,0.004829554,0.0038900583,0.0058404445,3.6648326,-0.007662570607383049,-0.012392529286795264,0,0
2006-12-14,0.008203205,0.0047687604,0.005706635,0.0056551546,3.7230783,-0.007566115742464884,-0.012236534673551437,0,0
2006-12-15,0.0,0.005181847,0.003801113,0.0058854725,3.7595465,-0.00822151947354866,-0.01329650662660656,0,0
2006-12-18,-0.0024364789,0.0048673376,0.005575353,0.0056923293,3.8308425,-0.007722518741043725,-0.012489482259908861,0,0
2006-12-19,0.0010449322,0.005216826,0.00687527,0.005700227,3.6426702,-0.00827701748688899,-0.013386262505008035,0,0
2006-12-20,-0.0006965001,0.0060035884,0.0031518089,0.0055087255,3.7127273,-0.009525294334022492,-0.015405076840137994,0,0
2006-12-21,-0.0038394462,0.00485539,0.0057751867,0.005382929,3.644131,-0.007703562748650289,-0.012458825094979174,0,0
2006-12-22,-0.0066666915,0.005226497,0.004164022,0.0053509697,3.653504,-0.00829236126286949,-0.013411077701232805,0,0
2006-12-26,0.005967024,0.005171452,0.0029183433,0.005582929,3.6706178,-0.008205026520502923,-0.013269832888233682,0,0
2006-12-27,0.005757671,0.0043485533,0.0035711934,0.0056803306,3.6825821,-0.006899415238884289,-0.011158292665812811,0,0
2006-12-28,-0.0022642177,0.0043167523,0.002600148,0.0056552,3.8735847,-0.006848959579241625,-0.011076691689868287,0,0
2006-12-29,-0.0036684468,0.0039548217,0.005376102,0.005672613,3.663821,-0.006274720776493452,-0.01014798622726357,0,0
2007-01-03,-0.002628583,0.0046413355,0.011067543,0.0055796797,3.7489164,-0.007363943374023588,-0.01190956515832433,0,0
2007-01-04,0.0019283028,0.0065945415,0.0072578187,0.0054259733,3.8686132,-0.010462900662639225,-0.016921449671426753,0,0
2007-01-05,-0.007735622,0.0067539564,0.0051070526,0.0052972063,3.8881025,-0.010715828200651211,-0.017330504554292102,0,0
2007-01-08,0.0042268466,0.0058720345,0.005250762,0.0055453284,3.899781,-0.009316570299013595,-0.015067511439538153,0,0
2007-01-09,-0.0014069647,0.005706472,0.006411924,0.005455717,4.0749216,-0.009053889233768384,-0.014642682363118116,0,0
2007-01-10,0.0028119527,0.0061863433,0.006011919,0.005301011,4.1412215,-0.009815252519450056,-0.015874020682742834,0,0
2007-01-11,0.0045526256,0.0063000917,0.0068661734,0.0052223844,4.133411,-0.009995726705658386,-0.016165898141717542,0,0
2007-01-12,0.0067903106,0.006565744,0.005072434,0.0052299984,4.162113,-0.010417210468361974,-0.016847555791720814,0,0
2007-01-16,-0.0013891303,0.0060832645,0.003931915,0.0053565977,4.2817426,-0.009651708335517786,-0.015609523793524885,0,0
2007-01-17,0.0,0.005248099,0.0038064003,0.0052835234,4.339449,-0.00832663479019233,-0.01346650762323585,0,0
2007-01-18,-0.0038300883,0.0048625334,0.005049478,0.005156096,4.290863,-0.007714896168132259,-0.012477154418132753,0,0
2007-01-19,0.0024390256,0.0051926435,0.0032832755,0.005083539,4.453044,-0.008238648545867517,-0.01332420914854646,0,0
2007-01-22,-0.0040101176,0.0046558613,0.0055415435,0.004960872,4.565455,-0.007386990255796503,-0.011946838440617476,0,0
2007-01-23,0.00313972,0.0050769346,0.004710634,0.004960201,4.5415163,-0.00805506524753623,-0.013027303381838759,0,0
2007-01-24,0.007460779,0.0052006496,0.0031152368,0.0049620136,4.3758693,-0.008251351024325632,-0.013344752624668612,0,0
2007-01-25,-0.011824168,0.0044374918,0.006355553,0.0051476797,4.5906267,-0.00704052513385716,-0.011386507007410264,1,1
2007-01-26,-0.0012251686,0.0052100094,0.005315915,0.00572161,4.5502214,-0.008266201649518294,-0.013368770257530612,0,0
2007-01-29,-0.0008760404,0.0055499976,0.0045169187,0.0055881385,4.552079,-0.008805627173668498,-0.01424117286869028,0,0
2007-01-30,0.00541912,0.0051774606,0.0029088224,0.005524985,4.3614397,-0.00821455926096141,-0.013285250007548889,0,0
2007-01-31,0.0062565375,0.004391196,0.007815073,0.005563271,4.3586907,-0.006967072359952281,-0.011267713237218377,0,0
2007-02-01,0.0053563844,0.0056167683,0.0040665995,0.0056017176,4.508577,-0.00891156501153445,-0.01441250411320353,0,0
2007-02-02,0.0015497205,0.0053271563,0.0027591477,0.00567197,4.379668,-0.008452067014431101,-0.01366936676699227,0,0
2007-02-05,0.00051604025,0.0042375727,0.0029982196,0.0056523397,4.1242332,-0.0067233332617111265,-0.010873518642733308,0,0
2007-02-06,-0.00034399726,0.004047519,0.0040187007,0.005507766,4.1608305,-0.006421794176543843,-0.01038584523187449,0,0
2007-02-07,0.0017188041,0.0044026272,0.0033238702,0.0053649386,4.1939616,-0.00698520899814684,-0.011297045276230653,0,0
2007-02-08,-0.0012028526,0.0042526796,0.0043380912,0.005236201,4.247923,-0.006747302199727724,-0.010912283149001983,0,0
2007-02-09,-0.0075940993,0.004460435,0.0086164065,0.005215481,4.0089116,-0.007076926448478351,-0.011445378159225335,1,0
2007-02-12,-0.0034710206,0.0058566206,0.004327265,0.005404503,4.107092,-0.009292114544255976,-0.015027959613839806,0,0
2007-02-13,0.00796541,0.005362902,0.003542824,0.005437412,3.9335763,-0.008508780259896324,-0.013761088017129896,0,0
2007-02-14,0.006189841,0.0045773513,0.0046788445,0.005601285,4.088454,-0.007262426248403476,-0.011745383447405234,0,0
2007-02-15,0.00068540097,0.0048896344,0.0026313276,0.0056034797,4.3122134,-0.007757894392512595,-0.012546694626271272,0,0
2007-02-16,-0.00034264178,0.0042397734,0.0025387818,0.0054743155,4.3141055,-0.006726825131234553,-0.010879165976709328,0,0
2007-02-19,0.00034264178,0.0037789356,0.002260134,0.005402466,4.1520343,-0.005995659866181367,-0.00969666633984744,0,0
2007-02-20,0.0015404368,0.0035483383,0.0055276183,0.005251897,4.2087207,-0.005629794011275702,-0.009104958471265032,0,0
2007-02-21,-0.00085550523,0.004470948,0.0042083473,0.005121671,4.2581635,-0.007093606708337083,-0.011472354825334164,0,0
2007-02-22,-0.0008562377,0.0046492387,0.005801246,0.004970342,4.3313866,-0.007376482524560226,-0.011929844487314408,0,0
2007-02-23,-0.0037761803,0.00499652,0.0036785656,0.0049234014,4.0922155,-0.007927479447379926,-0.012820961300828404,0,0
2007-02-26,-0.0008602151,0.0046561006,0.0058014947,0.0049697384,3.9573753,-0.007387369846173564,-0.011947452344893958,0,0
2007-02-27,-0.040212598,0.005121342,0.01941217,0.0048004542,4.041542,-0.008125521564865098,-0.01314125103996493,1,1
2007-02-28,0.009806622,0.0085713435,0.012952902,0.010776107,3.2137072,-0.013599294430098597,-0.021993879487696554,0,0
2007-03-01,-0.0028429301,0.010109018,0.016531434,0.011097327,3.1582043,-0.01603896838395549,-0.025939517638720225,0,0
2007-03-02,-0.013795793,0.011362339,0.009401153,0.010404196,3.2345748,-0.018027488090093725,-0.029155512630263107,0,0
2007-03-05,-0.009789781,0.010359257,0.009553517,0.010837888,3.3284194,-0.01643599910649295,-0.02658162785328219,0,0
2007-03-06,0.016801046,0.0096649,0.012030624,0.011032032,3.2729223,-0.015334331011832675,-0.02479992105709933,0,0
2007-03-07,-0.0016136265,0.010541039,0.0057532545,0.012246802,3.1214516,-0.016724413594225006,-0.027048075103048706,0,0
2007-03-08,0.008220203,0.00842994,0.007980956,0.011534693,3.1707084,-0.01337494339673013,-0.02163104084072048,0,0
2007-03-09,0.00017795178,0.008076574,0.008047492,0.011776985,3.1267536,-0.012814292481698604,-0.02072431080974337,0,0
2007-03-12,0.0014224753,0.008244289,0.005959084,0.011390898,3.0503473,-0.013080390312769278,-0.02115466575636124,0,0
2007-03-13,-0.010718216,0.0072368914,0.009785872,0.010782826,3.0901465,-0.011482052414832454,-0.01856970436086141,0,0
2007-03-14,0.006979894,0.008010886,0.01294959,0.010634533,3.2300816,-0.012710072075383692,-0.020555757134519178,0,0
2007-03-15,0.0012476608,0.009670252,0.005984877,0.010278628,3.3291104,-0.015342822254021801,-0.024813653781129128,0,0
2007-03-16,-0.0032114212,0.007943862,0.0070919804,0.010083705,3.1956005,-0.01260373247797682,-0.0203837761319636,0,0
2007-03-19,0.011901731,0.007338601,0.0071464814,0.009956671,3.082964,-0.011643425830434406,-0.018830690507864154,0,0
2007-03-20,0.0054592015,0.0074474807,0.0045393114,0.010072634,3.1894927,-0.011816173384390716,-0.019110071831876116,0,0
2007-03-21,0.014990694,0.006307149,0.010667596,0.009619127,3.3160853,-0.01000692349070189,-0.01618400648859997,0,0
2007-03-22,0.0,0.007659409,0.004890108,0.010104186,3.418126,-0.012152419879087753,-0.019653876874155315,0,0
2007-03-23,0.0013831261,0.0067512617,0.0035344623,0.009920846,3.271203,-0.010711552719050228,-0.017323589899449734,0,0
2007-03-26,-0.0012101306,0.005249581,0.007591209,0.009788727,3.128532,-0.008328985626424996,-0.01347030958583489,0,0
2007-03-27,-0.0032920414,0.006210479,0.0045079207,0.009272397,3.195116,-0.009853546356773565,-0.015935952575426224,0,0
2007-03-28,-0.007665543,0.0058255238,0.006605944,0.008787082,3.3192456,-0.009242776843876383,-0.014948166692087397,0,0
2007-03-29,0.0013981127,0.006050649,0.007374296,0.008618888,3.4634767,-0.009599960982756518,-0.015525833786937508,0,0
2007-03-30,-0.00017465724,0.006698844,0.010761432,0.0084759565,3.303894,-0.010628386684352597,-0.017189087057849297,0,0
2007-04-02,0.0013964045,0.007949823,0.0050233616,0.008132283,3.2979276,-0.012613189209873511,-0.020399070324081607,0,0
2007-04-03,0.009720611,0.00669665,0.0060301307,0.007704875,3.3834164,-0.01062490567319514,-0.017183457284901445,0,0
2007-04-04,0.0008633342,0.0062862425,0.0027348264,0.008185378,3.2204337,-0.009973752992388913,-0.016130360474375306,0,0
2007-04-05,0.0029297736,0.004934281,0.003609278,0.0077489167,3.309445,-0.00782873075265044,-0.012661256920383432,0,0
2007-04-06,0.0,0.0046070083,0.0033990436,0.00782488,3.038583,-0.007309480072473887,-0.011821482699565657,0,0
2007-04-09,0.0012038869,0.004530253,0.002930888,0.0073399963,3.1388817,-0.007187699878656611,-0.01162452991495078,0,0
2007-04-10,0.0010307508,0.004156617,0.0033416238,0.0069189738,3.2380855,-0.006594889198211218,-0.01066578850878793,0,0
2007-04-11,-0.0051644114,0.0041086813,0.0059369793,0.0065335645,3.3221982,-0.006518834488360598,-0.010542786677220544,0,0
2007-04-12,0.004820946,0.0049262224,0.0065412996,0.006580909,3.0766609,-0.007815945026719883,-0.012640578809711969,0,0
2007-04-13,0.0039427495,0.005598175,0.0038363077,0.0064210435,3.25226,-0.008882064640919587,-0.014364793726500695,0,0
2007-04-16,0.009704682,0.004912399,0.00510529,0.0062439716,3.394652,-0.00779401293718663,-0.012605108459644387,0,0
2007-04-17,0.0023692683,0.0050429674,0.005206981,0.0066037714,3.600913,-0.008001172462631908,-0.012940143608768577,0,0
2007-04-18,0.0008448087,0.005395161,0.00546286,0.0063815443,3.6720023,-0.008559962977627112,-0.013843864850252376,0,0
2007-04-19,0.0,0.005554469,0.006471019,0.0061773844,3.6438382,-0.00881272130610272,-0.01425264607376206,0,0
2007-04-20,0.008576526,0.0060034078,0.004307876,0.0059257713,3.7114182,-0.009525007492188098,-0.015404612936310473,0,0
2007-04-23,-0.0031865856,0.0054592756,0.0031607046,0.0061980053,3.7853196,-0.008661686864632584,-0.014008380952416228,0,0
2007-04-24,0.00016796842,0.0046065603,0.005349667,0.006017937,3.8982103,-0.007308769301934718,-0.011820333183929957,0,0
2007-04-25,0.008196082,0.0051041795,0.0059775957,0.0058539724,3.797973,-0.008098291497601951,-0.01309721237156887,0,0
2007-04-26,0.0013317798,0.0057046106,0.0035555782,0.0061015063,3.7762861,-0.00905093575822434,-0.014637905763455578,0,0
2007-04-27,-0.0004992096,0.004920588,0.0043630507,0.005934443,3.7471955,-0.007807004972070632,-0.012626120229851101,0,0
2007-04-30,-0.009028652,0.004815828,0.006124482,0.0057474505,3.7440674,-0.007640793249564881,-0.012357309181379122,1,0
2007-05-01,0.002851155,0.0055276854,0.004710195,0.006105821,3.6591954,-0.008770226186012363,-0.01418391952659547,0,0
2007-05-02,0.005511496,0.0053761215,0.0048729354,0.0059001157,3.7986982,-0.008529755003496488,-0.013795010069880391,0,0
2007-05-03,0.0048184856,0.005240357,0.0038432197,0.0058253193,3.9812436,-0.00831435126368792,-0.013446641710117299,0,0
2007-05-04,0.0039702286,0.004896938,0.0038369917,0.0057259235,4.145529,-0.007769482078731046,-0.012565435170167857,0,0
2007-05-07,0.0,0.004686615,0.0020605025,0.0056910296,4.0557175,-0.007435783680581811,-0.012025751115832808,0,0
2007-05-08,-0.0013216588,0.0037954217,0.0037962047,0.0055984203,3.8818467,-0.006021816312509155,-0.009738968661583084,0,0
2007-05-09,0.0021468096,0.004075527,0.005025858,0.0054236692,3.9421887,-0.006466232039279134,-0.010457713739664693,0,0
2007-05-10,-0.010780434,0.004788261,0.0064119985,0.0052654473,4.0301275,-0.007597054846570871,-0.01228657189648694,1,0
2007-05-11,0.008633625,0.0054142782,0.00566296,0.0057000103,4.2266006,-0.00859029491810257,-0.013892920119029312,0,0
2007-05-14,-0.0023171145,0.0055312994,0.006180919,0.0058710095,4.282801,-0.008775960308108748,-0.014193193212888821,0,0
2007-05-15,-0.0001657138,0.0057612713,0.007836001,0.005752422,4.2312636,-0.009140833979823836,-0.014783296442522095,0,0
2007-05-16,0.0062778993,0.006528945,0.0041578067,0.00563084,4.1336694,-0.010358825034537255,-0.016753130143244845,0,0
2007-05-17,-0.0018132371,0.005635618,0.0039467397,0.005686236,4.1164794,-0.008941472570873217,-0.014460873038462779,0,0
2007-05-18,0.008379249,0.005021058,0.0044019,0.005585867,4.033811,-0.007966411213704215,-0.012883924903916847,0,0
2007-05-21,0.0,0.0051049334,0.003575684,0.005808131,3.980807,-0.008099487727586395,-0.013099147011505718,0,0
2007-05-22,-0.0018013597,0.0047589475,0.0037033777,0.005679155,3.925314,-0.007550546655390491,-0.012211355085992116,0,0
2007-05-23,0.00016389412,0.004554847,0.0054308656,0.005515382,4.0056014,-0.007226720321636329,-0.01168763693310262,0,0
2007-05-24,-0.00921969,0.005089138,0.010043474,0.00542626,3.95305,-0.008074427523789736,-0.013058617621905848,1,0
2007-05-25,0.0037969504,0.006664003,0.004100133,0.0057209684,3.884651,-0.010573107648059344,-0.01709968532684927,0,0
2007-05-29,0.003454235,0.0056173606,0.004309964,0.0057282224,3.7699492,-0.00891250516505475,-0.014414024605559343,0,0
2007-05-30,0.0075249826,0.005008447,0.009044334,0.005590657,3.890427,-0.00794640286467545,-0.012851565782673578,0,0
2007-05-31,-0.00065210304,0.006522196,0.003570689,0.005772283,3.857015,-0.010348116875962434,-0.016735812042630117,0,0
2007-06-01,0.0042310883,0.0054662926,0.0041549313,0.0056131673,3.8928468,-0.008672820309207926,-0.014026386859967656,0,0
2007-06-04,0.00048705254,0.0049240524,0.004349016,0.0056219217,3.8123455,-0.007812502019843324,-0.012635010500362717,0,0
2007-06-05,-0.004229024,0.00505568,0.006103424,0.005441422,3.9123724,-0.008021342782286405,-0.012972764682015398,0,0
2007-06-06,-0.011310669,0.0056204633,0.0068373373,0.005382591,3.98394,-0.008917427624294825,-0.014421985604996907,1,0
2007-06-07,-0.018132411,0.0061570355,0.0125101805,0.0058495714,3.8734748,-0.009768753376907984,-0.01579881850643815,1,1
2007-06-08,0.012511632,0.00791889,0.011436661,0.0069723064,3.7506087,-0.012564111205413387,-0.02031969740358629,0,0
2007-06-11,0.0016564523,0.009052574,0.0057924083,0.007574661,3.652651,-0.014362814911153123,-0.023228706598251263,0,0
2007-06-12,-0.0019880722,0.0073748445,0.006315162,0.0070903385,3.7789938,-0.011700929022024001,-0.018923689322801224,0,0
2007-06-13,0.014978471,0.0068098535,0.009138586,0.006856207,3.703948,-0.010804513904717305,-0.017473934251879514,0,0
2007-06-14,0.0060265674,0.007856241,0.0047176927,0.007678477,3.5291548,-0.012464713723317148,-0.020158943751708094,0,0
2007-06-15,0.005344575,0.0066523696,0.0063915267,0.0074661835,3.61054,-0.010554650235636733,-0.01706983450579644,0,0
2007-06-18,-0.0011313133,0.006488632,0.004205111,0.0073650344,3.5236697,-0.010294863829786557,-0.016649686906803015,0,0
2007-06-19,0.0019386113,0.005779864,0.004473555,0.0070827766,3.4827285,-0.009170332540711036,-0.0148310039023869,0,0
2007-06-20,-0.014304535,0.005351736,0.010005239,0.0067321053,3.6089904,-0.008491064835815047,-0.013732437199668756,1,1
2007-06-21,0.005713835,0.006901201,0.008090878,0.0073422464,3.6260927,-0.01094944594451188,-0.01770833007539319,0,0
2007-06-22,-0.009979633,0.007466586,0.008464874,0.0072504985,3.5484724,-0.011846486322725724,-0.019159096368853754,0,0
2007-06-25,-0.004614379,0.0075639533,0.010462377,0.0074714813,3.5137267,-0.012000969200255404,-0.019408938580062925,0,0
2007-06-26,-0.010460868,0.00844692,0.00807354,0.0072360155,3.513625,-0.013401883907567391,-0.02167461121503198,0,0
2007-06-27,0.014088241,0.008232391,0.010076099,0.0073997313,3.647991,-0.01306151304352913,-0.021124135908885795,0,0
2007-06-28,-0.0011527379,0.008713408,0.0057857726,0.008158372,3.532294,-0.013824695105510902,-0.02235841570072917,0,0
2007-06-29,-0.0011540683,0.0075239814,0.01196448,0.007622832,3.647152,-0.011937550008939413,-0.019306371931610635,0,0
2007-07-02,0.010175699,0.008812626,0.0053355754,0.00733699,3.528645,-0.013982113361308009,-0.02261300524322059,0,0
2007-07-03,0.0034232652,0.0074986513,0.001942811,0.0074671293,3.6778288,-0.01189736138675401,-0.019241375639511386,0,0
2007-07-05,-0.0011397868,0.004569603,0.0056217094,0.0072353682,3.6040995,-0.007250132768396926,-0.011725501436677528,0,0
2007-07-06,0.0051998817,0.005177152,0.0048238323,0.006842007,3.7003813,-0.008214069729628895,-0.013284458297862175,0,0
2007-07-09,0.0,0.0055538807,0.0036671425,0.0066741128,3.7638564,-0.008811787486629237,-0.014251135825339345,0,0
2007-07-10,-0.014694142,0.0048407363,0.0071876515,0.0064936476,3.5969176,-0.0076803122725154225,-0.012421222543407818,1,1
2007-07-11,0.007210782,0.005692017,0.0062824637,0.0073469304,3.5226803,-0.0090309545551105,-0.014605590544782736,0,0
2007-07-12,0.016036628,0.0061128857,0.009057311,0.0072972607,3.567037,-0.00969870515316685,-0.01568553085028741,0,0
2007-07-13,0.002728077,0.006936441,0.005220552,0.00810885,3.6472378,-0.01100535838548676,-0.017798756199703197,0,0
2007-07-16,-0.00016026925,0.0062872106,0.004411044,0.007751583,3.639983,-0.009975289451173774,-0.016132845359861515,0,0
2007-07-17,-0.000641334,0.00551585,0.004754451,0.008138453,3.252493,-0.008751448451793613,-0.01415355065521159,0,0
2007-07-18,-0.002569457,0.0054793516,0.0069841463,0.00813765,3.1134803,-0.008693539881207777,-0.014059896228556131,0,0
2007-07-19,0.003210791,0.006220971,0.0073003164,0.008218811,2.9756074,-0.009870193136670554,-0.015962875095031526,0,0
2007-07-20,-0.009501642,0.0067600813,0.009673365,0.008129091,3.0250576,-0.0107255455333312,-0.017346220211086217,0,0
2007-07-23,0.0025856511,0.007660519,0.0054208157,0.008156335,3.0732493,-0.012154179839238846,-0.019656723224138046,0,0
2007-07-24,-0.01725584,0.006714886,0.012116704,0.008025391,3.1118166,-0.010653838694188034,-0.01723025010788234,1,1
2007-07-25,0.0014767416,0.008171217,0.010067415,0.008399447,3.1840646,-0.012964452824708095,-0.02096716226832143,0,0
2007-07-26,-0.024397526,0.009036383,0.023360243,0.008456246,3.020215,-0.014337125826993993,-0.02318716013243648,1,1
2007-07-27,-0.020367302,0.012473825,0.01318785,0.009592474,3.0047097,-0.019790973590671168,-0.03200756409347415,1,0
2007-07-30,0.015483082,0.012665964,0.011309556,0.011866385,2.9632413,-0.02009581859584463,-0.03250058410570156,0,0
2007-07-31,-0.012743355,0.011394335,0.017235195,0.013039231,2.8608902,-0.018078252760734638,-0.029237613363801,0,0
2007-08-01,0.0054570395,0.013048131,0.015555542,0.013044817,2.947037,-0.02070216603920022,-0.033481218260317705,0,0
2007-08-02,0.007961421,0.013845002,0.0072228066,0.01214706,3.0481954,-0.02196648159773635,-0.035525971697475386,0,0
2007-08-03,-0.026499541,0.010398433,0.01661178,0.011739907,3.0915136,-0.016498154203037182,-0.026682150105371564,1,0
2007-08-06,0.017006336,0.011931689,0.016037421,0.014696436,2.9709957,-0.018930819081659958,-0.03061645261271079,0,0
2007-08-07,0.009999236,0.013555131,0.01512181,0.015321437,2.9795356,-0.021506571887589945,-0.034782168495612636,0,0
2007-08-08,0.014398374,0.0135309715,0.010832297,0.014878551,3.0054047,-0.021468240045985538,-0.03472017513933065,0,0
2007-08-09,-0.031062592,0.011897778,0.013429644,0.014784433,3.1013842,-0.018877015878274894,-0.03052943771812302,1,1
2007-08-10,-0.0048126597,0.01203896,0.017043345,0.01784017,3.1794786,-0.019101014919613142,-0.030891707095102548,0,0
2007-08-13,0.0027529267,0.013617518,0.009180849,0.01689747,3.064098,-0.021605556751779293,-0.03494225482842033,0,0
2007-08-14,-0.0143638365,0.01142865,0.013069399,0.016094014,2.9064958,-0.018132696607711975,-0.029325664359050863,0,0
2007-08-15,-0.013865952,0.011475027,0.017135318,0.015886752,2.9889047,-0.01820627832471276,-0.029444666666452284,0,0
2007-08-16,0.0070447633,0.013366535,0.029145239,0.015735822,2.9925032,-0.021207346086806345,-0.03429823631546377,0,0
2007-08-17,0.017742682,0.017407317,0.033751503,0.015016071,2.9592555,-0.027618451106915815,-0.04466679417852283,0,0
2007-08-20,-0.0006898931,0.021609461,0.011004301,0.015350642,3.1045341,-0.03428557287015595,-0.05544940303696192,0,0
2007-08-21,0.000862292,0.01587523,0.0096090995,0.014503398,3.0367303,-0.025187641199146377,-0.040735491680162834,0,0
2007-08-22,0.012675744,0.01207776,0.006249166,0.013682546,3.0144982,-0.019162574615756645,-0.030991266417480536,0,0
2007-08-23,-0.0015330894,0.009291746,0.012848791,0.013614611,3.144908,-0.01474228494132439,-0.02384241624000353,0,0
2007-08-24,0.011525551,0.010343156,0.009033663,0.012891143,3.02887,-0.016410452990819103,-0.026540312607671666,0,0
2007-08-27,-0.009311843,0.010008796,0.0047817035,0.012815955,3.1637874,-0.015879956662952176,-0.025682351015344693,0,0
2007-08-28,-0.021665221,0.0073536984,0.011152959,0.012517177,3.2625327,-0.011667378480902046,-0.018869428672590574,1,1
2007-08-29,0.018769385,0.008394577,0.010648831,0.013824172,3.4297502,-0.013318836410031606,-0.02154030008132241,0,0
2007-08-30,-0.0027331756,0.009393592,0.009050543,0.014466215,3.486614,-0.014903874619381925,-0.02410375214415068,0,0
2007-08-31,0.010380422,0.008971211,0.009254372,0.013759393,3.4511123,-0.014233723417582209,-0.02301992938800118,0,0
2007-09-04,0.008596766,0.008914155,0.013517004,0.01345808,3.531431,-0.014143199030211735,-0.0228735260229768,0,0
2007-09-05,-0.008766071,0.010358012,0.0087673655,0.01309565,3.4496582,-0.016434022883886276,-0.026578431746155054,0,0
2007-09-06,0.0020297708,0.009669878,0.0070499703,0.012747458,3.4405758,-0.015342228663348733,-0.024812693778255776,0,0
2007-09-07,-0.013439004,0.008278068,0.011899148,0.012069685,3.4118862,-0.013133983587745573,-0.021241341137737704,1,0
2007-09-10,-0.003087481,0.009472862,0.011963842,0.012259004,3.5516074,-0.01502964345296579,-0.024307155679780406,0,0
2007-09-11,0.011953694,0.01047931,0.006851827,0.011671644,3.5174599,-0.01662647294289651,-0.02688967755578347,0,0
2007-09-12,0.0023736872,0.008652966,0.007219183,0.011770889,3.6009946,-0.013728795826984906,-0.022203319626760094,0,0
2007-09-13,0.0059096836,0.007876305,0.008723815,0.011155657,3.5779355,-0.012496545928024232,-0.02021042536921067,0,0
2007-09-14,0.0,0.008289456,0.006568063,0.010724156,3.589518,-0.01315205281358473,-0.02127056415203342,0,0
2007-09-17,-0.0054017687,0.007637585,0.0049416795,0.010061774,3.5448282,-0.012117793454870865,-0.01959787621873671,0,0
2007-09-18,0.037213597,0.006455447,0.014941741,0.009510246,3.5938225,-0.010242213422922055,-0.016564536408039406,0,0
2007-09-19,0.0055293683,0.008872276,0.00862604,0.015707675,3.466969,-0.014076753974245227,-0.02276606570134083,0,0
2007-09-20,-0.0063450956,0.009087735,0.0050389823,0.014957321,3.4127948,-0.01441860157605551,-0.023318929307318288,0,0
2007-09-21,0.0017937225,0.00693055,0.0069918283,0.014308348,3.394652,-0.010996011142113607,-0.017783639081285912,0,0
2007-09-24,-0.0017937225,0.0069551747,0.006765772,0.01359806,3.2722464,-0.011035081352604025,-0.017846826587483537,0,0
2007-09-25,-0.0017969457,0.0071669756,0.00584035,0.012966912,3.1302693,-0.01137112425293911,-0.01839030236048453,0,0
2007-09-26,0.004730455,0.0066931513,0.005348387,0.012298788,3.1135137,-0.010619354333592596,-0.017174479209248975,0,0
2007-09-27,0.0053558513,0.0062400983,0.0025031462,0.011745105,3.1265168,-0.009900540459831136,-0.016011955241931705,0,0
2007-09-28,-0.0042173625,0.004694904,0.0052075097,0.011252963,3.1432598,-0.007448935423931966,-0.01204702117949554,0,0
2007-10-01,0.01195684,0.005071848,0.009853565,0.010748492,3.1099007,-0.00804699476702847,-0.013014251147650592,0,0
2007-10-02,-0.0012857604,0.006836761,0.0038961994,0.011005741,3.197497,-0.010847205380258967,-0.017542978360972197,0,0
2007-10-03,-0.0024152657,0.005659893,0.0043368484,0.01048022,3.045933,-0.008979987194971464,-0.01452316200538565,0,0
2007-10-04,0.0009668064,0.0050605186,0.0030173603,0.009958977,3.0251954,-0.008029019647027725,-0.012985180328932361,0,0
2007-10-05,0.011847721,0.004519198,0.0074600945,0.00940298,3.0024455,-0.007170159998158527,-0.011596163000778406,0,0
2007-10-08,-0.0051061227,0.0056287562,0.0038383855,0.00995001,3.0991323,-0.00893058524925988,-0.014443265180883229,0,0
2007-10-09,0.008601518,0.0052240277,0.00558316,0.009597182,3.1261644,-0.008288443202481711,-0.013404741096901068,0,0
2007-10-10,-0.0019050649,0.005332529,0.0048314743,0.009599004,3.1963196,-0.00846059083171814,-0.01368315217410658,0,0
2007-10-11,-0.0050979876,0.0054280926,0.013376386,0.0092111975,3.0672083,-0.008612212529814527,-0.013928367054392666,0,0
2007-10-12,0.005892206,0.007552536,0.006162842,0.00895586,3.0875347,-0.011982854731224703,-0.019379642394816498,0,0
2007-10-15,-0.009091697,0.0071246903,0.010316585,0.008785297,3.1246061,-0.011304034933925006,-0.01828180008451041,0,0
2007-10-16,-0.008205339,0.0078064413,0.005513393,0.00899418,3.17439,-0.012385701013603331,-0.0200311580033831,0,0
2007-10-17,0.0032258092,0.0070351907,0.012371519,0.009012091,3.25326,-0.011162034652942533,-0.018052145738602927,0,0
2007-10-18,-0.0037105794,0.008524971,0.006297111,0.008650649,3.2637122,-0.013525719952008462,-0.02187488888764725,0,0
2007-10-19,-0.026864842,0.007818478,0.011932792,0.00829829,3.2999527,-0.012404798164754385,-0.020062043461679013,1,1
2007-10-22,0.0051337364,0.008856911,0.010388986,0.012071754,3.232763,-0.014052376037777065,-0.02272663972967771,0,0
2007-10-23,0.007897376,0.009611634,0.00635614,0.011600013,3.2290895,-0.015249818539754672,-0.02466324064800568,0,0
2007-10-24,-0.0022969658,0.0080063,0.013689323,0.01134359,3.251711,-0.012702796065319459,-0.020543989782225533,0,0
2007-10-25,0.0019691507,0.009555193,0.011243214,0.010844442,3.2294905,-0.015160269595593903,-0.024518414848678664,0,0
2007-10-26,0.011410067,0.010376986,0.007997234,0.010440352,3.146275,-0.016464127703540176,-0.026627119696759412,0,0
2007-10-29,0.0029130948,0.009035884,0.004234838,0.01059316,3.234901,-0.01433633497600579,-0.02318588110421802,0,0
2007-10-30,-0.007135937,0.0067353994,0.004046762,0.0101425005,3.2440605,-0.010686385741321523,-0.01728288782640618,0,0
2007-10-31,0.012293911,0.005674315,0.008594251,0.010019647,3.197929,-0.009002869391527158,-0.014560168945418202,0,0
2007-11-01,-0.025565179,0.006924565,0.01347527,0.010343238,3.2884183,-0.010986515501072188,-0.01776828196215029,1,1
2007-11-02,0.0011538779,0.009077853,0.013202244,0.013007715,3.3283818,-0.014402922095593747,-0.023293571182639226,0,0
2007-11-05,-0.007939175,0.010228326,0.009435322,0.012466593,3.1904774,-0.016228262277923563,-0.026245659042826906,0,0
2007-11-06,0.012869341,0.009497915,0.006807769,0.012153473,3.194122,-0.01506939321619321,-0.024371442213657737,0,0
2007-11-07,-0.028095938,0.008082144,0.013147269,0.0122899,3.2721462,-0.012823130286734962,-0.020738604023255624,1,1
2007-11-08,-0.0049015563,0.00964917,0.017557362,0.01514672,3.2659235,-0.015309373057648908,-0.02475955703384807,0,0
2007-11-09,-0.013991015,0.012385626,0.010289033,0.014331186,3.2771158,-0.019651036399223137,-0.03178124634291917,0,0
2007-11-12,-0.010189191,0.01128355,0.013251578,0.014359062,3.3523285,-0.017902482961583137,-0.028953344220281414,0,0
2007-11-13,0.029418917,0.011441102,0.015470952,0.014092456,3.3083684,-0.018152453404595755,-0.02935761664980817,0,0
2007-11-14,-0.0035458037,0.012680956,0.012577798,0.016724149,3.3895373,-0.020119605656231217,-0.03253905446474837,0,0
2007-11-15,-0.0136241885,0.012345165,0.01476645,0.015746545,3.3767102,-0.019586839929876407,-0.03167742261753364,0,0
2007-11-16,0.0015420204,0.012734748,0.009280781,0.015545067,3.4738736,-0.020204952412761306,-0.032677084146173166,0,0
2007-11-19,-0.01570216,0.011121208,0.012495581,0.014695415,3.4695342,-0.017644909852663333,-0.028536776144196863,0,0
2007-11-20,0.00589563,0.011210853,0.01663975,0.01484626,3.580688,-0.017787141778786514,-0.028766805125371997,0,0
2007-11-21,-0.019730017,0.012905551,0.008705828,0.014192108,3.5919528,-0.020475948271748617,-0.033115360579915216,0,0
2007-11-23,0.016959932,0.010860789,0.008200354,0.014962728,3.711585,-0.017231729120472043,-0.02786854682706842,0,0
2007-11-26,-0.02297339,0.009345026,0.01864178,0.015273813,3.7948813,-0.014826819130134334,-0.023979131771153524,1,0
2007-11-27,0.012166244,0.01205216,0.010896984,0.01646613,3.808032,-0.019121958897843055,-0.030925579391606558,0,0
2007-11-28,0.030378588,0.011674093,0.01876782,0.01608393,3.830377,-0.018522117425431604,-0.029955467219702926,0,0
2007-11-29,0.00067980966,0.013194896,0.0078198705,0.018591898,3.8224902,-0.02093502369744294,-0.03385781450944682,0,0
2007-11-30,0.008290378,0.0107835885,0.0098800445,0.017421821,3.7883666,-0.01710924313286667,-0.027670452575622423,0,0
2007-12-03,-0.0055757514,0.00990602,0.0058019115,0.016634673,3.787868,-0.01571689296171411,-0.02541863120162332,0,0
2007-12-04,-0.008336926,0.008196262,0.0039197514,0.01580607,3.6955445,-0.013004189919841883,-0.02103142831433256,0,0
2007-12-05,0.016100679,0.006240583,0.0075583896,0.01517447,3.6771035,-0.009901309594087398,-0.016013199148093824,0,0
2007-12-06,0.013691982,0.00689217,0.010673873,0.015337917,3.7642632,-0.010935117425749645,-0.017685156835302418,0,0
2007-12-07,-0.00016585123,0.008414631,0.0067983745,0.015209649,3.8001935,-0.013350654136917396,-0.021591758284120757,0,0
2007-12-10,0.00760083,0.0076625105,0.007752675,0.01433339,3.7626727,-0.012157339623736333,-0.019661833483335837,0,0
2007-12-11,-0.027197806,0.0074700085,0.017499201,0.013759283,3.7570252,-0.01185191641057493,-0.019167878346358316,1,1
2007-12-12,0.008254069,0.01027617,0.022197608,0.016083425,3.7805183,-0.016304173114425072,-0.026368428190771027,0,0
2007-12-13,-0.0015109547,0.013813317,0.010710396,0.015418231,3.789872,-0.021916209173019445,-0.03544466706388125,0,0
2007-12-14,-0.013532006,0.011976345,0.009361857,0.014586311,3.6701984,-0.019001671729346758,-0.030731041248365207,0,0
2007-12-17,-0.014754085,0.010314438,0.0065836958,0.014522471,3.7430952,-0.016364887667750516,-0.026466620679789696,0,0
2007-12-18,0.013731764,0.008707227,0.012134639,0.014609343,3.811043,-0.013814887286447823,-0.022342553702033627,0,0
2007-12-19,-0.0010233669,0.009811156,0.009507495,0.014563285,3.8771935,-0.015566381531538234,-0.025175211936467726,0,0
2007-12-20,0.0066332417,0.009866948,0.007241202,0.013744154,3.8381321,-0.015654900740659443,-0.02531837236495651,0,0
2007-12-21,0.0156424,0.008553126,0.008591415,0.013166921,3.815694,-0.013570390364748292,-0.021947133494124117,0,0
2007-12-24,0.0056581944,0.008432906,0.0057215863,0.013586796,3.8450751,-0.01337964959351462,-0.021638652083013635,0,0
2007-12-26,0.0021549945,0.0073344414,0.0053552156,0.012988504,3.7887125,-0.011636825753651851,-0.018820016329574158,0,0
2007-12-27,-0.013335753,0.0064979056,0.009051613,0.012295461,3.7099802,-0.010309577820540752,-0.01667348356339386,1,0
2007-12-28,-0.0028569046,0.007510006,0.010274391,0.012532618,3.7854125,-0.011915376320763312,-0.019270510848666246,0,0
2007-12-31,-0.0055691646,0.008601306,0.007917891,0.011881211,3.7411785,-0.013646833261182368,-0.022070763132448618,0,0
2008-01-02,-0.012773741,0.00817828,0.013842912,0.0113841,3.737266,-0.01297565956325374,-0.020985286712813012,0,0
2008-01-03,0.00017139429,0.009668333,0.0066683013,0.011682151,3.8152668,-0.015339778292094668,-0.024808730839565165,0,0
2008-01-04,-0.024812585,0.008451944,0.016330564,0.0110648805,3.710857,-0.013409855757917581,-0.021687503936547593,1,1
2008-01-07,-0.001054667,0.010389696,0.01106249,0.01362318,3.747687,-0.01648429349887552,-0.02665973345291116,0,0
2008-01-08,-0.017385572,0.010890458,0.019513277,0.012899853,3.7188232,-0.017278801946682902,-0.027944676811028142,1,0
2008-01-09,0.010325888,0.012984104,0.014598021,0.013580283,3.8030589,-0.02060058240608854,-0.03331692898810106,0,0
2008-01-10,0.00670788,0.013456431,0.016912576,0.013329523,3.8195906,-0.02134997615301512,-0.034528909201005174,0,0
2008-01-11,-0.0093681635,0.013939412,0.010348877,0.012847264,3.768738,-0.022116272756302836,-0.03576822608109562,0,0
2008-01-14,0.0088402275,0.0121132545,0.012233167,0.012570298,3.8154008,-0.019218891530863935,-0.031082346690089916,0,0
2008-01-15,-0.02296905,0.011660312,0.011780646,0.012272088,3.860207,-0.018500252295821838,-0.0299201051626424,1,0
2008-01-16,-0.008683123,0.011570846,0.014599527,0.014072239,3.9288676,-0.018358304496941556,-0.029690535695037743,0,0
2008-01-17,-0.02669771,0.012387298,0.023001458,0.013634109,3.948537,-0.01965368765024766,-0.03178553416063095,1,0
2008-01-18,-0.010881908,0.015240887,0.022518152,0.015927652,4.0123343,-0.024181193735138926,-0.03910778339368835,0,0
2008-01-22,-0.012146667,0.017253842,0.040632922,0.015492846,4.0334473,-0.02737494863056644,-0.044272982268109995,0,0
2008-01-23,0.024333937,0.022493513,0.043141883,0.015229445,4.015699,-0.03568820953333813,-0.05771786055831511,0,0
2008-01-24,0.007981481,0.027744357,0.011741737,0.016832313,4.004531,-0.04401920033801239,-0.07119141308068559,0,0
2008-01-25,-0.013587925,0.01899791,0.019815005,0.016040012,4.009293,-0.030142085565913867,-0.048748220053041455,0,0
2008-01-28,0.015250435,0.017642835,0.023962287,0.01582915,4.072772,-0.027992123674522532,-0.04527112769465075,0,0
2008-01-29,0.005521825,0.019562405,0.007857477,0.015850775,4.1095557,-0.031037712546823852,-0.05019670048600175,0,0
2008-01-30,-0.008479314,0.0133545585,0.020196034,0.015058851,4.043458,-0.021188343946357532,-0.03426750451616436,0,0
2008-01-31,0.02124622,0.014394714,0.025643626,0.014514499,4.0266404,-0.02283865450814952,-0.036936520309586114,0,0
2008-02-01,0.012605965,0.01790632,0.008755881,0.015572785,4.1687465,-0.028410168954668715,-0.04594722435239984,0,0
2008-02-04,-0.013149789,0.013067463,0.0077747665,0.015307056,4.2598715,-0.020732839113339927,-0.03353082523806302,0,0
2008-02-05,-0.02608524,0.009879632,0.015741136,0.015127463,4.3673515,-0.015675024912258567,-0.025350918803833607,1,1
2008-02-06,-0.009913108,0.011683716,0.013732148,0.016842568,4.543511,-0.01853738609771414,-0.02998016095214951,0,0
2008-02-07,0.0076772217,0.012604354,0.018582962,0.016223371,4.61819,-0.019998069775648282,-0.03234249680326734,0,0
2008-02-08,-0.007489269,0.013900363,0.011091503,0.015567583,4.5615573,-0.022054316729801404,-0.03566802578118939,0,0
2008-02-11,0.0059958957,0.012422185,0.0110918805,0.014938929,4.6041408,-0.01970903998051122,-0.03187505442857113,0,0
2008-02-12,0.0085566,0.011341175,0.015144346,0.014313005,4.5222764,-0.017993910403056847,-0.029101208077482028,0,0
2008-02-13,0.010318868,0.012348468,0.012463256,0.013875801,4.54031,-0.019592080901184954,-0.03168589874046422,0,0
2008-02-14,-0.009393199,0.01221251,0.011121961,0.013596188,4.7092404,-0.01937637041253771,-0.031337034281655296,0,0
2008-02-15,0.000185031,0.011407393,0.010619475,0.013260076,4.87381,-0.018098970523006828,-0.029271119805551447,0,0
2008-02-19,0.0031403,0.010822197,0.012509442,0.012460217,5.0009794,-0.017170498794762987,-0.02776952018921162,0,0
2008-02-20,0.0025787451,0.011145012,0.016677042,0.011692625,5.178758,-0.01768267886896492,-0.028597859253851984,0,0
2008-02-21,-0.008869238,0.012722919,0.014787293,0.01092785,5.357057,-0.020186183727180864,-0.03264672990897943,0,0
2008-02-22,0.0062904926,0.013092494,0.015525692,0.010649115,5.674795,-0.02077255177715028,-0.03359505177176077,0,0
2008-02-25,0.011807552,0.013382276,0.013046238,0.010162936,5.8905516,-0.021232320328539066,-0.034338626680257285,0,0
2008-02-26,0.008096328,0.012797331,0.011559037,0.010340703,6.319114,-0.020374540803602993,-0.032694935143900906,0,0
2008-02-27,-0.0016285175,0.011828855,0.009715885,0.010562745,8.091945,-0.019057340134251203,-0.02964740551823627,0,0
2008-02-28,-0.0107420245,0.01069021,0.0066619543,0.010013484,7.7505083,-0.017194803175893728,-0.026877089187720898,0,0
2008-02-29,-0.025585378,0.008773812,0.014984558,0.0101076355,8.042225,-0.014132224767978582,-0.022000011364980726,1,1
2008-03-03,0.00056322163,0.010540903,0.008305458,0.012834762,7.47335,-0.016929216644725135,-0.026573559720263432,0,0
2008-03-04,-0.0037608168,0.009783365,0.016107526,0.0122457305,7.1305866,-0.015679293676087936,-0.024752610867583343,0,0
2008-03-05,0.006384998,0.011173197,0.012657985,0.011842753,6.6677938,-0.01784514527781248,-0.0284199747781344,0,0
2008-03-06,-0.0208065,0.0116900075,0.017448442,0.011446458,6.7194858,-0.018678472335458596,-0.029715982765839644,1,0
2008-03-07,-0.011727521,0.012958497,0.018498022,0.0127719175,6.853373,-0.020727009601624817,-0.03288843356838481,0,0
2008-03-10,-0.013433474,0.014528054,0.012514036,0.012731698,7.05181,-0.023270914102254035,-0.036788889788701255,0,0
2008-03-11,0.0373192,0.013214944,0.01670883,0.012866511,7.298219,-0.021201726288558483,-0.03337485699747059,0,0
2008-03-12,-0.011012073,0.013820103,0.012520925,0.017332334,6.7175026,-0.02208161784360561,-0.03513151985781559,0,0
2008-03-13,0.002859596,0.013206428,0.02193882,0.016823752,6.6450686,-0.02108849662592789,-0.03360096241391549,0,0
2008-03-14,-0.016700648,0.015346396,0.03063449,0.015972111,6.545749,-0.0244847437399806,-0.039093570132752095,0,0
2008-03-17,-0.009334957,0.01967948,0.033262394,0.016160116,6.7227745,-0.03144500661305081,-0.05002323370957098,0,0
2008-03-18,0.04171257,0.022969617,0.016964195,0.015634973,6.4939423,-0.036630411898640226,-0.05855114137925295,0,0
2008-03-19,-0.026202373,0.019404454,0.019584108,0.020610746,6.3352556,-0.030898617261091686,-0.04956445856759403,0,0
2008-03-20,0.019244187,0.01820807,0.02196593,0.021643622,6.2970877,-0.028982566996906906,-0.04653194032202613,0,0
2008-03-24,0.019991325,0.019032827,0.015057215,0.021427024,6.436191,-0.03033617375882349,-0.04855165843959004,0,0
2008-03-25,0.0,0.01683923,0.009161238,0.02133044,6.5842695,-0.026875559932281627,-0.04287589016446804,0,0
2008-03-26,-0.011909333,0.012690303,0.005853124,0.020001289,6.4635634,-0.020232037956009755,-0.032360928060609355,0,0
2008-03-27,-0.004314799,0.009168774,0.0111020375,0.019273566,6.4506216,-0.01461594987424906,-0.023384705776554913,0,0
2008-03-28,-0.008117081,0.009655797,0.013239679,0.018238405,6.2176895,-0.015357041156593813,-0.024702203220115515,0,0
2008-03-31,0.0037835839,0.01098613,0.011001133,0.017438166,6.1760693,-0.017465164563215466,-0.028121399601983278,0,0
2008-04-01,0.03451818,0.010694071,0.019750759,0.016522104,6.0714073,-0.016981252221576162,-0.027413262192785663,0,0
2008-04-02,0.0003647638,0.012989522,0.008758233,0.019565621,6.30513,-0.020677645211258994,-0.033192063755031205,0,0
2008-04-03,0.001821826,0.01108281,0.009294781,0.01849514,5.990712,-0.017583988990384443,-0.028438249995642942,0,0
2008-04-04,-0.0010926973,0.009770786,0.01218507,0.017508944,5.8742323,-0.015502331650132107,-0.025071625284962498,0,0
2008-04-07,0.00018219915,0.010660575,0.009867607,0.016590733,5.7316704,-0.016914069433725438,-0.02735480187476109,0,0
2008-04-08,-0.0009113279,0.010366981,0.005170526,0.01570764,5.608697,-0.016448252772490943,-0.026601445473573272,0,0
2008-04-09,-0.007871894,0.007838385,0.012737777,0.014630537,5.6058717,-0.012436382436771802,-0.02011312410237168,0,0
2008-04-10,0.0018362106,0.009222584,0.009219662,0.0138563,5.718887,-0.01463255300941549,-0.023664948879563497,0,0
2008-04-11,-0.020198964,0.009488454,0.015025152,0.012812032,5.656753,-0.015054382430102481,-0.024347165555630212,1,0
2008-04-14,-0.003187403,0.010799356,0.0058155986,0.014275234,5.801963,-0.017134258998335615,-0.027710910257690596,0,0
2008-04-15,0.0035617247,0.008511806,0.0069181183,0.013378012,5.786046,-0.013504832075336063,-0.02184110732312212,0,0
2008-04-16,0.025860326,0.0075791823,0.01234211,0.012691522,5.5263,-0.012025131779131814,-0.01944801625800065,0,0
2008-04-17,0.0009113279,0.0093023395,0.00826003,0.015140249,5.6141376,-0.014759092786983279,-0.023869599248193367,0,0
2008-04-18,0.011412133,0.009005631,0.013091859,0.014213747,5.6440053,-0.014288335569232093,-0.0231082525791877,0,0
2008-04-21,0.00018009906,0.010006352,0.0067448625,0.013893889,5.8584175,-0.01587608022630062,-0.025676081728287614,0,0
2008-04-22,-0.0054171314,0.008672657,0.009817784,0.01319218,5.6243625,-0.013760038965338076,-0.02225384855848439,0,0
2008-04-23,-0.0016308783,0.008729469,0.008656188,0.012569812,5.6826997,-0.013850176975852758,-0.022399627043589682,0,0
2008-04-24,0.005425949,0.008828895,0.015722139,0.01186676,5.7226257,-0.014007926411811972,-0.022654752197440325,0,0
2008-04-25,0.00790518,0.01075112,0.009167284,0.011463147,5.5853972,-0.01705772742524611,-0.027587137204302697,0,0
2008-04-28,0.00035784577,0.010130457,0.0056584734,0.011221865,5.7677374,-0.016072984025086525,-0.025994530486304204,0,0
2008-04-29,-0.0044823023,0.007786711,0.0054727877,0.010688929,5.789133,-0.01235439724937349,-0.01998053102258485,0,0
2008-04-30,-0.0037807229,0.006808795,0.011876214,0.010394013,5.5919514,-0.010802835382310992,-0.017471219609608065,0,0
2008-05-01,0.018231068,0.008572676,0.008353847,0.010069181,5.6325226,-0.0136014090968714,-0.021997299497932877,0,0
2008-05-02,0.0030064574,0.008636177,0.010294815,0.011545485,5.8475637,-0.013702158445530997,-0.02216023949781837,0,0
2008-05-05,-0.0053116274,0.008909664,0.00795109,0.011155561,5.8126984,-0.01413607413240726,-0.022862003061658535,0,0
2008-05-06,0.008837102,0.008476055,0.011567057,0.010898352,5.8715906,-0.013448109781232532,-0.021749371438794355,0,0
2008-05-07,-0.01811129,0.009307793,0.012316234,0.010903108,6.127211,-0.014789186298881452,-0.023841252941770516,1,0
2008-05-08,-0.0023320487,0.010299778,0.0069067227,0.011946519,6.5394397,-0.016432089661609122,-0.02623983037591773,0,0
2008-05-09,-0.0021574982,0.008702036,0.0057737567,0.011534103,6.560563,-0.013885661160417003,-0.022163563257002118,0,0
2008-05-12,0.011275287,0.007309987,0.005592531,0.011216452,6.1982427,-0.011623772444833045,-0.01870588165889633,0,0
2008-05-13,0.0,0.006757948,0.007157456,0.011428165,6.2568455,-0.010752526342308256,-0.01727962767670692,0,0
2008-05-14,0.002133334,0.00704591,0.011287127,0.011094173,6.266702,-0.011211830630891142,-0.018013559096723034,0,0
2008-05-15,0.01182819,0.008504856,0.007016568,0.01081847,6.3155384,-0.013540041518880844,-0.021729438921485954,0,0
2008-05-16,0.0008771161,0.0078871325,0.007304799,0.011153564,6.5504723,-0.012584221838782963,-0.020090579332034935,0,0
2008-05-19,0.0028016127,0.007428839,0.009305723,0.010875879,6.5644474,-0.011854449594812935,-0.018919892881840348,0,0
2008-05-20,-0.008604847,0.008106251,0.008813085,0.010666217,6.341339,-0.0129087328762143,-0.02070400549390109,0,0
2008-05-21,-0.017435063,0.008380841,0.012780142,0.010756301,6.6376944,-0.01338199776562211,-0.02132519916176459,1,0
2008-05-22,0.00017945268,0.009687083,0.0048141493,0.011667199,7.148725,-0.015526857461666545,-0.024504173638491698,0,0
2008-05-23,-0.014276921,0.0074759126,0.0068199164,0.011353337,7.179994,-0.011985163472920621,-0.018904463290176428,1,0
2008-05-26,0.00090966985,0.007020978,0.002561341,0.0117663415,7.359094,-0.011268469911762403,-0.017720512462936332,0,0
2008-05-27,0.0072477213,0.0051706336,0.00747304,0.0114631,7.3409777,-0.008297810488937138,-0.013052809568545811,0,0
2008-05-28,0.004862684,0.0059981663,0.007355985,0.011358015,7.5251665,-0.009636187862537832,-0.015113496688140774,0,0
2008-05-29,0.004481499,0.0069368915,0.009650806,0.011180399,7.429929,-0.011138193747519768,-0.017495559810023785,0,0
2008-05-30,0.0019655148,0.007677128,0.0049008233,0.010986705,7.552581,-0.012335363975580051,-0.019338687861714284,0,0
2008-06-02,-0.01076823,0.006471952,0.009837972,0.010737688,7.521621,-0.010397127921805898,-0.016307863783149898,1,0
2008-06-03,-0.005065134,0.00739418,0.01197778,0.0109336795,7.9512696,-0.0119049938320168,-0.018555758358749112,0,0
2008-06-04,-0.00072568946,0.009099548,0.008962296,0.010759613,8.001411,-0.01465415108464883,-0.02282508424709745,0,0
2008-06-05,0.01994496,0.008895494,0.008627624,0.010495084,7.6077733,-0.014297321997240537,-0.022395587954387897,0,0
2008-06-06,-0.03309824,0.008551103,0.01758487,0.011735053,7.461374,-0.013732552874893502,-0.021559891069644344,1,1
2008-06-09,0.0029379383,0.011232959,0.010692993,0.01323757,6.2046003,-0.017862978417680395,-0.028742097025878356,0,0
2008-06-10,-0.005331385,0.011018253,0.010082655,0.013144599,6.344599,-0.017546486880431755,-0.028140288169894754,0,0
2008-06-11,-0.015230606,0.010115705,0.01155399,0.013064247,6.5242996,-0.016136253818469965,-0.025775775286774296,0,0
2008-06-12,0.0039226725,0.010508472,0.011548642,0.01314302,6.388749,-0.016741813513526098,-0.02682290237015861,0,0
2008-06-13,0.012229169,0.010828129,0.010262725,0.013088238,6.40375,-0.017253547953095062,-0.027633468465354475,0,0
2008-06-16,0.0001841451,0.010353361,0.008199172,0.013052359,6.6909704,-0.01653891625851734,-0.026327263961360915,0,0
2008-06-17,-0.0035045687,0.00928152,0.010251229,0.012976174,6.8098536,-0.014840765772674574,-0.023568316765618578,0,0
2008-06-18,-0.010588006,0.009502118,0.008949099,0.012910069,6.9461956,-0.015209030355269255,-0.024090469164545086,0,0
2008-06-19,0.002052048,0.009278975,0.009139285,0.012943959,6.7360377,-0.014828065502055393,-0.023582468230897196,0,0
2008-06-20,-0.016914517,0.009019087,0.010263499,0.012897354,6.729989,-0.014412056437951038,-0.022923622072426666,1,0
2008-06-23,-0.0005687743,0.00939784,0.006037348,0.012931332,6.885103,-0.015035359108198374,-0.023842785047012576,0,0
2008-06-24,-0.0020882778,0.007914673,0.012172169,0.012878547,6.912668,-0.012665069094211424,-0.020073548862691123,0,0
2008-06-25,0.0053070635,0.009091611,0.011882924,0.012868967,6.6613884,-0.014519789983066864,-0.02312708268408337,0,0
2008-06-26,-0.029154347,0.010237943,0.01139846,0.011818968,6.157471,-0.01627247946936015,-0.026212897153353953,1,1
2008-06-27,-0.0035094596,0.010308828,0.010193858,0.013019102,6.4659505,-0.016435636026466315,-0.0262872484039663,0,0
2008-06-30,0.000780945,0.010019942,0.009219981,0.0131289,6.37603,-0.015961553002217257,-0.02558014833492653,0,0
2008-07-01,0.004089985,0.009514487,0.014231849,0.01266693,6.9196844,-0.015225879599202545,-0.024129128669702203,0,0
2008-07-02,-0.018439125,0.010919764,0.014746908,0.012509732,7.077911,-0.017494322980008067,-0.027643753095632138,1,0
2008-07-03,0.0017802399,0.012168971,0.012297643,0.012932221,6.6797733,-0.019437460229678936,-0.030948314243152936,0,0
2008-07-04,0.0,0.011818633,0.0071347924,0.012463088,7.5279374,-0.018987192944929288,-0.029778425253331676,0,0
2008-07-07,-0.01052955,0.009452994,0.018962272,0.0123321945,7.641198,-0.015196100557324975,-0.02379142155419914,0,0
2008-07-08,0.017422734,0.011919726,0.019330699,0.012353902,7.4839745,-0.019144840132881057,-0.030046352347118815,0,0
2008-07-09,-0.020423036,0.014533839,0.013876636,0.012433096,7.7665486,-0.023379047077300145,-0.036535116502332494,0,0
2008-07-10,0.0051948167,0.0135894315,0.012306379,0.013270699,6.6902695,-0.021708232845966232,-0.0345564662337315,0,0
2008-07-11,-0.01182734,0.012454543,0.019209607,0.01251783,7.8126087,-0.02003894754751391,-0.03129465731474669,0,0
2008-07-14,-0.009319355,0.01426288,0.019465066,0.012479226,8.225511,-0.02299214013956769,-0.03570667187717483,0,0
2008-07-15,-0.01373113,0.015749756,0.018256571,0.0124126375,8.570255,-0.025423931641309464,-0.039317475781292466,0,0
2008-07-16,0.024058245,0.015931018,0.020825766,0.012409428,9.067796,-0.02576050248845957,-0.03962141945428668,0,0
2008-07-17,0.010022133,0.01690354,0.012432214,0.012583131,9.540125,-0.027370795897881505,-0.04190505741737353,0,0
2008-07-18,0.005568829,0.014510136,0.01134199,0.012555365,9.618135,-0.023500212691074242,-0.03595354615769375,0,0
2008-07-21,0.00079302146,0.01241894,0.007765506,0.012464445,9.83042,-0.020124286148581822,-0.030730991340701584,0,0
2008-07-22,0.010056281,0.010156547,0.015262875,0.012417007,9.158576,-0.01642779348723086,-0.02524373197761294,0,0
2008-07-23,0.0064535276,0.011554344,0.009530793,0.012364484,9.576739,-0.018711035201624256,-0.0286372345317939,0,0
2008-07-24,-0.022672238,0.01078526,0.013329725,0.012372443,9.032683,-0.017437857217605185,-0.02683035686610025,1,0
2008-07-25,0.0,0.011074291,0.0075963004,0.012606859,8.746498,-0.017888022349067407,-0.02760785428919881,0,0
2008-07-28,-0.0150680905,0.009508859,0.011507876,0.012563193,8.241565,-0.015329574663681312,-0.02380187813180136,0,0
2008-07-29,0.021428676,0.0098187,0.011967656,0.012628471,8.263499,-0.015830538948010592,-0.024572879139937314,0,0
2008-07-30,0.0180645,0.010609159,0.0082511725,0.012748511,8.677945,-0.017132528518960025,-0.026462236141491693,0,0
2008-07-31,-0.013912246,0.009452011,0.010899723,0.012818857,9.059308,-0.015283520382852581,-0.023509158356772916,0,0
2008-08-01,-0.0053417874,0.009701006,0.011851286,0.012942926,8.696064,-0.015666987661414843,-0.024193657859755316,0,0
2008-08-04,-0.009167063,0.010472501,0.0073117074,0.012955432,8.097475,-0.016872548075291552,-0.02624661468815223,0,0
2008-08-05,0.027058035,0.008950625,0.012589752,0.012942368,8.074684,-0.014419140141822525,-0.02243692269810056,0,0
2008-08-06,0.0036954237,0.009899994,0.0087628495,0.013131299,7.7777557,-0.015925975827583778,-0.024883944307474072,0,0
2008-08-07,-0.015455654,0.009549249,0.01013169,0.0131358905,7.448701,-0.015334392446885935,-0.024079606353359224,1,0
2008-08-08,0.018944029,0.009466988,0.016028976,0.0131249055,7.9508095,-0.015242282116774211,-0.023757584442447268,0,0
2008-08-11,0.009818155,0.011441299,0.0122638075,0.013150866,8.644078,-0.018474068170151858,-0.028545336255889512,0,0
2008-08-12,-0.010398707,0.011605678,0.010778149,0.013163514,8.317689,-0.018715858222019568,-0.029031851608160963,0,0
2008-08-13,-0.005434796,0.010804609,0.01051712,0.013181219,8.055817,-0.017404361530922736,-0.027088898965013434,0,0
2008-08-14,0.0071754404,0.010435667,0.01331056,0.013134533,8.066148,-0.016810842969436437,-0.02616151041048696,0,0
2008-08-15,0.00462696,0.011273869,0.0058188615,0.013175646,7.4701324,-0.0181060639570772,-0.02842228794040316,0,0
2008-08-18,-0.01375058,0.008727288,0.015384886,0.013106108,7.6935573,-0.014033381837817665,-0.021953863384108485,0,0
2008-08-19,-0.010586258,0.01039481,0.009124681,0.013068944,8.29583,-0.016761645596982056,-0.02600759948111228,0,0
2008-08-20,0.0041302056,0.010185963,0.008609973,0.013083101,8.12593,-0.01641296897830312,-0.025522133734342013,0,0
2008-08-21,0.0013729531,0.009099773,0.010244843,0.013024382,8.328254,-0.014675353743018923,-0.0227612695332727,0,0
2008-08-22,0.013046627,0.009397194,0.0092788935,0.013019251,7.9181213,-0.015127562996907736,-0.0235894431965169,0,0
2008-08-25,-0.020127695,0.009329815,0.009905701,0.013019152,8.100437,-0.015031733650404411,-0.023382163212770857,1,0
2008-08-26,0.004136714,0.009366389,0.006964616,0.01313564,7.7889304,-0.01506842242460419,-0.023540238675501625,0,0
2008-08-27,0.008027454,0.0083177155,0.009684023,0.013201207,7.044242,-0.0133225476930938,-0.02106443459941099,0,0
2008-08-28,0.01240326,0.008669519,0.010939974,0.013141302,7.3440375,-0.013913064702740362,-0.021884741913816157,0,0
2008-08-29,-0.01201332,0.009566184,0.005745326,0.013151335,7.3895698,-0.015356253121896262,-0.024136867832568097,0,0
2008-09-02,-0.0046893405,0.0077815745,0.01737127,0.013143381,7.5491605,-0.012502947537130368,-0.01960245210663011,0,0
2008-09-03,-0.0009797199,0.0102561,0.008734248,0.013132993,7.394923,-0.016464275481381328,-0.025876205605462436,0,0
2008-09-04,-0.03085743,0.009918324,0.013663596,0.013078577,7.52124,-0.01593365648262081,-0.024992040580535568,1,1
2008-09-05,0.0036326982,0.010542727,0.016361857,0.013312998,6.9366155,-0.016873445718338098,-0.02673161364732804,0,0
2008-09-08,0.020734396,0.012442161,0.01963987,0.013256324,7.075907,-0.019933049896523433,-0.03149844914310476,0,0
2008-09-09,-0.032487318,0.014385675,0.021030338,0.013329983,7.1342545,-0.023055743677649627,-0.03639533163072492,1,0
2008-09-10,0.0054883766,0.016068105,0.013804196,0.013612316,7.442012,-0.025801510320294523,-0.04052045105580509,0,0
2008-09-11,0.01429027,0.01454768,0.021894133,0.013450661,7.1933756,-0.02332444064463934,-0.03678165707257154,0,0
2008-09-12,0.0049835644,0.016178023,0.013413508,0.013467742,8.145925,-0.026070457193129865,-0.04052890262800781,0,0
2008-09-15,-0.05078061,0.014852067,0.017494382,0.01335497,7.9269547,-0.0239098030705024,-0.03727961839171648,1,1
2008-09-16,0.017626168,0.014880778,0.032708842,0.019461827,6.589081,-0.023750838831607262,-0.037887040016676345,0,0
2008-09-17,-0.04476948,0.01982752,0.032085188,0.0188522,6.82141,-0.031706211682344915,-0.05034066888489902,1,0
2008-09-18,0.034023356,0.023160486,0.045771163,0.022969406,6.73829,-0.03701178107339704,-0.05886067226174794,0,0
2008-09-19,0.03491219,0.028299432,0.045436237,0.024158346,7.254874,-0.045390609493939915,-0.07150399026421006,0,0
2008-09-22,-0.02622368,0.03243317,0.020922529,0.025237469,7.8105726,-0.05218336656883019,-0.08149670577479645,0,0
2008-09-23,-0.022285625,0.026209563,0.017239943,0.024685115,8.303034,-0.04226421746326734,-0.06557182559757467,0,0
2008-09-24,0.0050420277,0.020722922,0.017555848,0.023732295,8.665112,-0.033463501209179625,-0.05169395668059,0,0
2008-09-25,0.017037602,0.01844813,0.019906314,0.021557918,8.64526,-0.029788005574652283,-0.04602652403566065,0,0
2008-09-26,0.00082372327,0.018192118,0.021424865,0.020464456,8.97439,-0.029407917692680342,-0.04527540157147054,0,0
2008-09-29,-0.08212048,0.018486086,0.036961686,0.018684348,8.503318,-0.029833468979493124,-0.04617305248211957,1,1
2008-09-30,0.043936692,0.022712916,0.028157486,0.03280949,6.0896606,-0.03607356702487316,-0.05820769664157127,0,0
2008-10-01,-0.0004278075,0.024240198,0.017848093,0.034133684,6.4270678,-0.038632841864378376,-0.06184260655200726,0,0
2008-10-02,-0.03838238,0.020350007,0.027477942,0.030981457,6.4498253,-0.03243972333384784,-0.05190266118396308,1,0
2008-10-03,-0.014556298,0.021514429,0.035385687,0.03186084,6.537964,-0.03432330417879294,-0.05481141427071937,0,0
2008-10-06,-0.050901573,0.025603792,0.056576967,0.029616347,6.6048284,-0.04087110654861534,-0.06517558294848139,1,0
2008-10-07,-0.04614709,0.033083275,0.04483353,0.032997377,6.8876286,-0.05293006550223934,-0.08393145782426877,0,0
2008-10-08,-0.02491635,0.03599364,0.055959888,0.03473319,7.3983636,-0.05778232075925128,-0.09080897351238179,0,0
2008-10-09,-0.07238437,0.040071312,0.06265827,0.033315334,7.63002,-0.06441252521100316,-0.10086296665049992,1,0
2008-10-10,-0.023843657,0.04517471,0.08288001,0.0404171,7.8780484,-0.07270801743776624,-0.11344211446587589,0,0
2008-10-13,0.13202211,0.053940024,0.03906724,0.038481947,7.9280977,-0.0868365567266097,-0.1353914287937859,0,0
2008-10-14,-0.014363794,0.046606686,0.064020954,0.06017553,6.7334094,-0.07447722988221968,-0.11845436997521738,0,0
2008-10-15,-0.104003385,0.049883764,0.05011234,0.05599354,6.73388,-0.07971429301469105,-0.12678260907287395,1,0
2008-10-16,0.040943768,0.048384387,0.06104906,0.06503145,7.1006713,-0.0775275825697139,-0.12245601845727448,0,0
2008-10-17,-0.008002177,0.05028625,0.059319828,0.06267695,6.7418694,-0.08036260622260634,-0.1277933444662454,0,0
2008-10-20,0.059268903,0.051355835,0.035942934,0.058219884,6.6836405,-0.08203312823579635,-0.130602830169393,0,0
2008-10-21,-0.03205814,0.043202255,0.021628601,0.05834048,6.933495,-0.06914286753548149,-0.10954539686112474,0,0
2008-10-22,-0.060706068,0.03125532,0.064359695,0.055699747,7.004533,-0.050047972575291595,-0.07918855904482129,1,0
2008-10-23,0.013751592,0.037445903,0.05297169,0.056366127,7.326335,-0.06008765959129991,-0.0945432871138687,0,0
2008-10-24,-0.055312343,0.04217098,0.05193136,0.053044617,7.130332,-0.06758513751674125,-0.1066958837133926,0,0
2008-10-27,-0.03675263,0.04340271,0.052534852,0.05335358,7.410205,-0.06968133201767843,-0.10948816724777462,0,0
2008-10-28,0.117416926,0.044398356,0.05833552,0.051266618,7.4955926,-0.0713150370961132,-0.11190299568757836,0,0
2008-10-29,-0.012595638,0.046923783,0.042043075,0.06368566,7.5294194,-0.07538590492058665,-0.11822820701801746,0,0
2008-10-30,0.036541,0.044069596,0.021854695,0.059696577,7.1222,-0.07062410839726083,-0.11150942669830997,0,0
2008-10-31,0.0059624286,0.03239256,0.031983472,0.05738246,7.1552877,-0.05192239098350524,-0.08193348593598314,0,0
2008-11-03,0.002323481,0.029946081,0.016437251,0.0537889,6.9663167,-0.04793847857254809,-0.075904170743147,0,0
2008-11-04,0.034219533,0.023075512,0.022114724,0.049760498,6.76791,-0.03688468259181609,-0.05862404749715025,0,0
2008-11-05,-0.04615223,0.020866087,0.03439639,0.048257597,6.5402064,-0.033289624631652165,-0.053158169145540675,1,0
2008-11-06,-0.05746547,0.024396446,0.030194508,0.047883414,6.727465,-0.03898352305210719,-0.062009798260284174,1,0
2008-11-07,0.03450023,0.025860265,0.017284412,0.04962323,6.8507924,-0.04136247025234755,-0.06563485780981547,0,0
2008-11-10,-0.015879758,0.0213274,0.041157812,0.047605768,6.890233,-0.03412245753286241,-0.05410546810087019,0,0
2008-11-11,-0.031416196,0.025778253,0.02964866,0.04475637,6.5429015,-0.041127443500064025,-0.06567012641033877,0,0
2008-11-12,-0.04524104,0.027226381,0.041416638,0.04275051,6.652096,-0.043478621189148685,-0.06926583530135562,1,0
2008-11-13,0.06162347,0.03027892,0.06969881,0.043310095,6.7381835,-0.048387407598262676,-0.07695175164328782,0,0
2008-11-14,-0.052293953,0.039886586,0.03264275,0.046601202,6.986219,-0.06386059839836071,-0.10107758093544923,0,0
2008-11-17,-0.012262927,0.036678005,0.027287703,0.04741199,7.1092157,-0.05877353019700357,-0.09281965175993542,0,0
2008-11-18,0.018049981,0.030752726,0.035152737,0.044083543,7.0101905,-0.049245151369691924,-0.07791023735005488,0,0
2008-11-19,-0.064346194,0.030588297,0.034751512,0.04127833,6.8091125,-0.04890913585285256,-0.07767272074722383,1,0
2008-11-20,-0.08237877,0.030902714,0.04713238,0.045602582,6.9225707,-0.049454161170937705,-0.07836795865551895,1,1
2008-11-21,0.056824245,0.03467309,0.047022015,0.052052762,7.080861,-0.05555014068556745,-0.0877732434760327,0,0
2008-11-24,0.068319246,0.037693933,0.061777703,0.052826744,7.2520523,-0.06045775950927043,-0.09524387076585868,0,0
2008-11-25,0.006171952,0.043435358,0.03326194,0.05532633,7.3079553,-0.0696907912169132,-0.10968649711824685,0,0
2008-11-26,0.03794649,0.03843177,0.041690595,0.05145173,7.151054,-0.06160098405920648,-0.09721347783544185,0,0
2008-11-28,0.010103931,0.03703232,0.016463533,0.049868874,7.184682,-0.05937094282361818,-0.09363951122670273,0,0
2008-12-01,-0.09299507,0.026555303,0.03695054,0.046524208,7.0166774,-0.042525648524415406,-0.06727142304856637,1,1
2008-12-02,0.03995125,0.027531505,0.020563448,0.055300616,7.306491,-0.04417311482330218,-0.06952586073800093,0,0
2008-12-03,0.0227084,0.024567582,0.037007064,0.053497385,7.2447186,-0.0394024131778103,-0.06208143597518088,0,0
2008-12-04,-0.024476746,0.026846068,0.032498524,0.05043767,7.0765495,-0.043009116736126056,-0.067962751732286,0,0
2008-12-05,0.029071815,0.028241636,0.04889199,0.0477601,7.019958,-0.04522718457917835,-0.07154071531817138,0,0
2008-12-08,0.03629601,0.032975916,0.03408373,0.045674074,6.9881763,-0.05279697227387392,-0.0835632337694329,0,0
2008-12-09,-0.016999155,0.032529715,0.02207776,0.044530276,6.857881,-0.05203279050360528,-0.0825555117657057,0,0
2008-12-10,0.007001849,0.026758661,0.01877328,0.04185464,6.7384295,-0.0427619206006749,-0.06800505952868675,0,0
2008-12-11,-0.02343747,0.022040524,0.024363993,0.03889058,6.5929756,-0.03517951546315592,-0.05611333607035353,0,0
2008-12-12,0.012493065,0.021865087,0.047130186,0.03712359,6.5219274,-0.034877754989113254,-0.0557159667345076,0,0
2008-12-15,-0.014495067,0.028061036,0.028781876,0.034586143,6.334996,-0.044682784410589114,-0.0716760617931739,0,0
2008-12-16,0.044240136,0.027737627,0.023967575,0.03232603,6.19734,-0.04410579544217097,-0.07098003301739891,0,0
2008-12-17,-0.010739467,0.024342112,0.023613678,0.034920156,6.549096,-0.03883830164796152,-0.062006760632404,0,0
2008-12-18,-0.01169604,0.02286917,0.028396232,0.03261983,6.439514,-0.03645200295529144,-0.05833547378796354,0,0
2008-12-19,-0.012685159,0.0236582,0.020334011,0.030468497,6.267241,-0.037646403995691774,-0.060484068289988736,0,0
2008-12-22,-0.011412392,0.021551367,0.030044548,0.028506685,6.212722,-0.03427453738662732,-0.05513805570351321,0,0
2008-12-23,-0.014742281,0.023075847,0.016144618,0.026262712,6.268523,-0.036720208491705826,-0.05899423079337523,0,0
2008-12-24,0.0075428267,0.019517103,0.007558801,0.024696017,6.2522826,-0.03105207685194628,-0.04990698482133006,0,0
2008-12-26,0.0046136184,0.012705392,0.0071163354,0.022473974,6.2778215,-0.020219788547497113,-0.03247777394849003,0,0
2008-12-29,0.001724634,0.009684626,0.016550899,0.020247044,6.257396,-0.015409231407466365,-0.024762768475177978,0,0
2008-12-30,0.020185476,0.011768016,0.010176194,0.018143848,6.143037,-0.01870148512661953,-0.030136391571393552,0,0
2008-12-31,0.013141529,0.011223032,0.014748464,0.018858556,6.3422112,-0.01787217913215426,-0.02866418497092315,0,0
2009-01-02,0.027939368,0.011761794,0.024951216,0.018231856,6.1841173,-0.01869988275370393,-0.03010358952229179,0,0
2009-01-05,0.0021586625,0.015342351,0.013437581,0.020519346,6.3940096,-0.024444245944696845,-0.039158723497450185,0,0
2009-01-06,0.0032292816,0.014268248,0.014424852,0.018928742,6.201664,-0.02268907946437847,-0.036510026727889146,0,0
2009-01-07,-0.027510928,0.013360604,0.019064745,0.017437905,6.1163945,-0.021226178203465,-0.034227337912972056,1,0
2009-01-08,0.0016556295,0.015039577,0.012716316,0.019673469,6.3005576,-0.02393997422311759,-0.038432882318451544,0,0
2009-01-09,-0.02371432,0.0139422165,0.02041451,0.018146148,6.1947985,-0.022169019504775542,-0.0356790812042542,1,0
2009-01-12,-0.019960742,0.015370746,0.016526666,0.019299438,6.3732514,-0.024484614013013987,-0.03924176026616571,0,0
2009-01-13,0.00057587103,0.015572086,0.013889315,0.019612733,6.3418775,-0.024797772588213772,-0.03977205948452316,0,0
2009-01-14,-0.03366336,0.014261813,0.028182985,0.01809742,6.223006,-0.022683931677597576,-0.036483058913808944,1,0
2009-01-15,-0.00059559266,0.01768867,0.030437928,0.02173316,6.1089034,-0.028099900411787896,-0.04531970453319655,0,0
2009-01-16,0.010961449,0.021483485,0.025986712,0.020048771,5.9577217,-0.03408569930827705,-0.055126151337740535,0,0
2009-01-20,-0.05138634,0.021998087,0.046839423,0.01904836,5.903018,-0.03490216880126027,-0.056446611875333556,1,0
2009-01-21,0.037441596,0.027555231,0.023674807,0.027656818,5.462507,-0.04371913301386606,-0.07070611992085347,0,0
2009-01-22,-0.013536077,0.025600504,0.030054945,0.02990432,5.673219,-0.04061776290584534,-0.06569033320094952,0,0
2009-01-23,-0.0024257137,0.025443811,0.031561647,0.0279489,5.5549307,-0.040369153378034386,-0.06528826175362022,0,0
2009-01-26,0.008765358,0.026602224,0.03256093,0.025670161,5.357304,-0.04220709107461793,-0.06826072333332439,0,0
2009-01-27,0.010179728,0.027408885,0.013005826,0.0238881,5.2716827,-0.04348694133540288,-0.07033060074811885,0,0
2009-01-28,0.03770723,0.019641658,0.02194415,0.022383736,5.1966276,-0.031163456044220453,-0.05040006304589908,0,0
2009-01-29,-0.033545513,0.018709997,0.015573725,0.02590106,5.2936525,-0.029685283158162754,-0.04800944223207367,1,0
2009-01-30,-0.02432187,0.017132873,0.021922864,0.027593473,5.4538555,-0.027183017963395138,-0.04396257646099576,0,0
2009-02-02,-0.0015209129,0.017819727,0.018298293,0.027256412,5.5043902,-0.028272779859768487,-0.04572502758978902,0,0
2009-02-03,0.012403728,0.01747248,0.018915908,0.025044005,5.220447,-0.02772183722877864,-0.044833998581415874,0,0
2009-02-04,-0.002106848,0.017165149,0.01978007,0.023616292,5.1766543,-0.027234226017313193,-0.04404539426985064,0,0
2009-02-05,0.012872502,0.017363057,0.026353694,0.021838482,5.076843,-0.027548228244455318,-0.04455322408250234,0,0
2009-02-06,0.0319067,0.019515848,0.01882629,0.020914437,5.099034,-0.030963846702580167,-0.050077238665029854,0,0
2009-02-09,-0.0031741478,0.01862092,0.01645508,0.023289066,5.357252,-0.029543952476415145,-0.04778087081623674,0,0
2009-02-10,-0.04492481,0.016903942,0.027806085,0.021661667,5.2722116,-0.02681979657303527,-0.04337514543448252,1,1
2009-02-11,0.005426604,0.019531246,0.013807208,0.026689727,5.477596,-0.030988278026014355,-0.050116750978414816,0,0
2009-02-12,0.0047990493,0.01692401,0.026703866,0.024829645,5.3983502,-0.02685163692151683,-0.043426640222756226,0,0
2009-02-13,-0.018726008,0.018772915,0.014722737,0.0231934,5.365471,-0.02978510954571484,-0.048170889544564624,0,0
2009-02-17,-0.042983882,0.016918598,0.019202193,0.02275888,5.516979,-0.026843049763761628,-0.04341275237631092,1,0
2009-02-18,-0.007667769,0.016641587,0.016802156,0.026657823,5.8364177,-0.02640354473300192,-0.04270194927321969,0,0
2009-02-19,0.0,0.016383355,0.019562118,0.02501075,5.767418,-0.025993833248738284,-0.04203933070459191,0,0
2009-02-20,-0.012911735,0.01679069,0.023856018,0.023370188,5.6856112,-0.026640110523223647,-0.04308454261346923,0,0
2009-02-23,-0.032356735,0.01861134,0.03816819,0.02237916,5.6812134,-0.02952875438351142,-0.047756291230473265,1,0
2009-02-24,0.0313816,0.02351792,0.021932391,0.024111103,5.997347,-0.03731353318530376,-0.060346465499077157,0,0
2009-02-25,-0.009475647,0.022189612,0.025381558,0.025353737,6.350979,-0.03533899702936509,-0.056666877856428044,0,0
2009-02-26,-0.012553848,0.021878537,0.025541645,0.02393544,6.278476,-0.03481847309635879,-0.0559258646245781,0,0
2009-02-27,-0.023886753,0.02229468,0.020248836,0.022872495,6.0811005,-0.035405892052766785,-0.057142645212776615,0,0
2009-03-02,-0.039942797,0.020599091,0.026419,0.023110393,6.3896275,-0.032818189216934655,-0.052578633739065156,1,0
2009-03-03,-0.022940073,0.021447366,0.022842033,0.026279423,6.802797,-0.034291571610257206,-0.05446524273423788,0,0
2009-03-04,0.027183361,0.021333601,0.039410368,0.025948511,7.033378,-0.03416760912916446,-0.054033421249793094,0,0
2009-03-05,-0.032272432,0.025478246,0.029506058,0.026295852,7.135728,-0.04083406856485702,-0.06445816990959131,0,0
2009-03-06,0.0025477721,0.02613225,0.03468824,0.027407354,7.48676,-0.0419729182903917,-0.06587037136912764,0,0
2009-03-09,-0.017232323,0.027291132,0.021979231,0.025393253,7.3645706,-0.043802933041808455,-0.0688772207839576,0,0
2009-03-10,0.05748709,0.024110062,0.032546952,0.02460293,7.0029087,-0.03860609568499547,-0.06108642908827195,0,0
2009-03-11,0.0062652486,0.025217175,0.019646004,0.03184269,7.234436,-0.040441617924116026,-0.06372990870869917,0,0
2009-03-12,0.042125795,0.022425134,0.031221518,0.029626975,7.154516,-0.03594530879368405,-0.05672242783300598,0,0
2009-03-13,0.008282307,0.023783809,0.016916199,0.03203648,7.5054827,-0.038204982593222345,-0.059939514867093806,0,0
2009-03-16,-0.000660066,0.020394959,0.022865584,0.029812716,7.3815002,-0.03273772702671511,-0.0514637095825877,0,0
2009-03-17,0.023492107,0.019841269,0.022716383,0.027579006,6.897071,-0.031746356370138985,-0.050331334033710026,0,0
2009-03-18,0.020744322,0.020156039,0.032861557,0.027154451,6.822333,-0.032231774271692284,-0.05117419990212641,0,0
2009-03-19,-0.01463596,0.02319875,0.019989321,0.026433995,6.811495,-0.03709430983332465,-0.05890683143511771,0,0
2009-03-20,-0.020726131,0.021194326,0.01776226,0.025160627,6.685419,-0.03385520519232461,-0.05389805173782942,0,0
2009-03-23,0.067377254,0.018551294,0.02963041,0.02465913,6.9238405,-0.02968824369392391,-0.047044607048625835,0,0
2009-03-24,-0.016967861,0.021140246,0.011998414,0.035009596,6.8494844,-0.033812650846418914,-0.05365599159360895,0,0
2009-03-25,0.0058942316,0.016981412,0.03182404,0.033023342,6.8653297,-0.027164085117334227,-0.043092536669932006,0,0
2009-03-26,0.02323553,0.02003204,0.013325522,0.030596498,6.7455044,-0.0320141974236164,-0.05090558011261554,0,0
2009-03-27,-0.013692592,0.017267093,0.015701996,0.029724406,6.882369,-0.027624607037346163,-0.04380885204196273,0,0
2009-03-30,-0.03968651,0.015446806,0.027669104,0.028011808,6.5289063,-0.024641268223238633,-0.039357649936262416,1,1
2009-03-31,0.013299753,0.018804291,0.018786566,0.030292122,6.9402394,-0.03009672837249195,-0.04767725883029518,0,0
2009-04-01,0.018080292,0.018553767,0.023689903,0.02845971,6.916227,-0.02969053882482526,-0.04705497768901073,0,0
2009-04-02,0.031922456,0.019247677,0.022347627,0.027241373,6.978323,-0.03081484222410267,-0.0487803571907476,0,0
2009-04-03,0.0059666047,0.019775443,0.018034384,0.028199948,7.303597,-0.031728281240571754,-0.049940836767059446,0,0
2009-04-06,-0.011969023,0.018306566,0.023792775,0.02611457,7.1732545,-0.029347257515366917,-0.0462954816429273,0,0
2009-04-07,-0.020067563,0.019351862,0.01504106,0.024549762,7.0985007,-0.031007546297029977,-0.0489787864455584,0,0
2009-04-08,0.010388116,0.017026924,0.0191591,0.0240476,7.2258344,-0.027305142545677,-0.04303510357773574,0,0
2009-04-09,0.035824727,0.016914474,0.016406685,0.02257834,7.0098286,-0.027085525072687862,-0.042852008229819674,0,0
2009-04-13,0.0017579846,0.016251566,0.01595002,0.025514588,7.3904424,-0.02608819435252692,-0.041004689277749536,0,0
2009-04-14,-0.016231727,0.015472808,0.015074139,0.02354565,7.219726,-0.024811920889800675,-0.03910966365133051,0,0
2009-04-15,0.009770618,0.014797347,0.013871693,0.022754416,7.046565,-0.023701403935864656,-0.03747299290325174,0,0
2009-04-16,0.015204972,0.01392829,0.020044316,0.02141386,6.998262,-0.02230185982399861,-0.03529123818670237,0,0
2009-04-17,0.0060755285,0.015453696,0.014471481,0.020788876,7.0211024,-0.0247483085364027,-0.03914625334707494,0,0
2009-04-20,-0.039716944,0.014762019,0.019375786,0.019402862,6.9372945,-0.023626464986655243,-0.037429552186546707,1,1
2009-04-21,0.01755214,0.015522126,0.018162511,0.024322089,7.1550446,-0.024880545969296296,-0.03926164548111077,0,0
2009-04-22,-0.01276171,0.016246237,0.017945167,0.023605091,7.2309623,-0.02605404764013521,-0.04105968883287864,0,0
2009-04-23,0.013940608,0.016197016,0.012659905,0.022470694,7.1958003,-0.0259692461746149,-0.040950693476534385,0,0
2009-04-24,0.02069743,0.014230985,0.018373959,0.021594105,7.186834,-0.022815713952485092,-0.03598347612475353,0,0
2009-04-27,-0.011315948,0.015040946,0.014971504,0.021733956,7.381664,-0.024143558773055015,-0.0379535754483216,0,0
2009-04-28,-0.0058531044,0.014820282,0.018987676,0.020689037,7.3407187,-0.023783487705872155,-0.03741259933249563,0,0
2009-04-29,0.02005007,0.0155866025,0.020464413,0.019365322,7.214944,-0.024993634129493323,-0.039399310176539255,0,0
2009-04-30,0.0011500864,0.016782477,0.018136488,0.01983552,7.299878,-0.026925665526734064,-0.042384066596767155,0,0
2009-05-01,0.0068728793,0.016660977,0.010621431,0.018467613,7.155091,-0.02670602794049278,-0.042142232604382907,0,0
2009-05-04,0.03007957,0.013377139,0.013110816,0.017447595,7.0804186,-0.0214315999541487,-0.03386374682905016,0,0
2009-05-05,0.00083044986,0.012641051,0.00902817,0.020520644,7.3448067,-0.020286774639503426,-0.03190995092628628,0,0
2009-05-06,0.015103953,0.011080058,0.018732237,0.019146534,7.0552344,-0.017748364009499057,-0.028056583538001435,0,0
2009-05-07,-0.011237613,0.013088348,0.02345547,0.018908624,7.1983,-0.020985350128454094,-0.03309020481530669,0,0
2009-05-08,0.019380981,0.016277771,0.014985674,0.01823705,7.3079796,-0.02611722408683473,-0.04110594263667085,0,0
2009-05-11,-0.017178336,0.015132899,0.010560203,0.018779347,7.57509,-0.024318082146107835,-0.038111307853734316,0,0
2009-05-12,-0.002478316,0.012407526,0.016554441,0.018848453,7.898552,-0.019971706764229484,-0.031151744096689495,0,0
2009-05-13,-0.023996687,0.013379244,0.019256353,0.01766849,7.8675346,-0.02153259197611856,-0.033601031494571276,1,0
2009-05-14,0.004789416,0.015282491,0.013986951,0.019134304,8.255378,-0.024638886334082424,-0.03824952571729774,0,0
2009-05-15,-0.0073343064,0.014368529,0.014134851,0.018013733,8.255059,-0.023165339361691434,-0.035962129434484,0,0
2009-05-18,0.02681725,0.013606763,0.020241065,0.017153773,8.320473,-0.021943152664274317,-0.03403681827718108,0,0
2009-05-19,-0.0005514199,0.015400695,0.009484222,0.019259624,8.829291,-0.02488349006513913,-0.03836939777135153,0,0
2009-05-20,-0.0071962667,0.012516437,0.018394861,0.018091526,8.520201,-0.020200751125206463,-0.03125831408340066,0,0
2009-05-21,-0.012578783,0.013638873,0.016751658,0.017226564,8.613323,-0.022019972518190822,-0.034036336365993534,0,0
2009-05-22,-0.0042283363,0.014798031,0.010821224,0.016952673,8.708898,-0.02389970686590292,-0.03690165001454931,0,0
2009-05-26,0.026482385,0.012595984,0.021525221,0.016046232,8.743457,-0.020345758778450445,-0.03140211822516272,0,0
2009-05-27,-0.018043514,0.014688809,0.014990546,0.018336859,9.295499,-0.02376826831706631,-0.03647394946237285,0,0
2009-05-28,0.01390843,0.014769341,0.015378853,0.018587861,9.735231,-0.023927278972980193,-0.036568699608158804,0,0
2009-05-29,0.014262447,0.014226886,0.017601356,0.018271888,9.997784,-0.02306329203584877,-0.035169193119403766,0,0
2009-06-01,0.022618089,0.014958308,0.019681845,0.018042674,10.2842865,-0.024249130279070115,-0.03697679625103232,0,0
2009-06-02,0.0037204402,0.01612432,0.010639055,0.019109624,10.793884,-0.026139367340026465,-0.03985916398400874,0,0
2009-06-03,-0.011471381,0.013356743,0.016017709,0.017998565,10.670152,-0.02165281037933016,-0.03301774325282861,0,0
2009-06-04,0.00934711,0.013518932,0.008502227,0.017509142,10.81716,-0.02191573782429247,-0.0334186736964894,0,0
2009-06-05,0.0,0.011282646,0.018136121,0.016896958,10.576923,-0.018290460507448494,-0.027890593342443423,0,0
2009-06-08,-0.0018624456,0.012906568,0.015857475,0.015951563,9.730548,-0.020909217138850283,-0.03195743356283205,0,0
2009-06-09,0.0007986158,0.013940454,0.009571989,0.015057685,9.686431,-0.02258160050914107,-0.03452697721419263,0,0
2009-06-10,0.0010638299,0.011541321,0.021025682,0.014200036,9.620412,-0.018692115220576514,-0.028596932615853363,0,0
2009-06-11,0.0015936259,0.013811309,0.014678265,0.013378754,9.378442,-0.022353716013681732,-0.03427577917697887,0,0
2009-06-12,0.0029150676,0.014099887,0.0082805995,0.012567203,9.350402,-0.022818951597012284,-0.03499855069628573,0,0
2009-06-15,-0.022749543,0.010873624,0.012417483,0.011797032,9.227534,-0.017591303111488075,-0.027013027237654908,1,0
2009-06-16,-0.017201789,0.011007137,0.011490217,0.014907751,9.663658,-0.01782897910117193,-0.027265821389392892,0,0
2009-06-17,-0.0027578617,0.011262215,0.011544735,0.015698202,10.169823,-0.018257338846955372,-0.027840087081911387,0,0
2009-06-18,0.008798517,0.011089514,0.010158888,0.014813928,9.969626,-0.017976081842663524,-0.027418142247420913,0,0
2009-06-19,0.002733736,0.010436991,0.009142809,0.0144068515,10.064806,-0.01691955764665604,-0.025800143285880664,0,0
2009-06-22,-0.030208753,0.009713675,0.016927062,0.013606023,9.727798,-0.015736477822119017,-0.024052054745780455,1,1
2009-06-23,0.0019676746,0.011765632,0.008081779,0.017827943,9.903603,-0.01906904926505793,-0.029101368643238583,0,0
2009-06-24,0.008667747,0.010200154,0.013403005,0.016748976,9.714841,-0.01652404136511271,-0.025258678545725444,0,0
2009-06-25,0.020391999,0.010753469,0.01663946,0.016139517,9.681105,-0.01741888688414224,-0.026634517998271417,0,0
2009-06-26,-0.0027314958,0.012787663,0.007866141,0.017266763,9.676991,-0.020713733097099774,-0.03167369627098588,0,0
2009-06-29,0.007900872,0.010377703,0.0116651915,0.016264116,9.497363,-0.01680197924795409,-0.025734234011655685,0,0
2009-06-30,-0.0062610796,0.010336836,0.013269382,0.015641872,9.465308,-0.016734333653724474,-0.02563829376010558,0,0
2009-07-01,0.004087756,0.011461416,0.011037606,0.014963542,9.369455,-0.01854991992961422,-0.028445723537538797,0,0
2009-07-02,-0.028691623,0.011074476,0.011219585,0.014217391,8.995622,-0.017903339175833696,-0.027557208804782483,1,1
2009-07-06,0.0025157246,0.010766869,0.011068588,0.017675955,9.367755,-0.017425734572272374,-0.026722255622398102,0,0
2009-07-07,-0.01831295,0.010726653,0.014243726,0.016660761,9.168885,-0.017350463025682133,-0.02665878593528012,1,0
2009-07-08,-0.0062749777,0.011742159,0.014185103,0.017273556,9.468783,-0.019009598122694427,-0.02912322746087888,0,0
2009-07-09,0.005990604,0.012389098,0.007886321,0.0164692,9.156805,-0.02003874527207254,-0.030793042166561688,0,0
2009-07-10,-0.005418522,0.010125792,0.00873421,0.01572969,8.792394,-0.016358554361828745,-0.02523447981451412,0,0
2009-07-13,0.024015846,0.0092811,0.021374911,0.015005831,8.669844,-0.01498743409588387,-0.02315113625086807,0,0
2009-07-14,0.0066778213,0.012716295,0.008045514,0.017068611,9.099265,-0.020564315100206558,-0.031619122432178605,0,0
2009-07-15,0.028163174,0.010765052,0.012465862,0.016306084,8.948422,-0.017400443554385553,-0.026796464525766624,0,0
2009-07-16,0.00912513,0.010628562,0.013434899,0.01890848,9.350534,-0.017201042920330145,-0.026382053636564335,0,0
2009-07-17,0.0013349354,0.01174423,0.008060774,0.0181453,8.951226,-0.018983344352423975,-0.02923324347690575,0,0
2009-07-20,0.012725516,0.009965412,0.008542059,0.017103398,8.706797,-0.016094616998729782,-0.02485101479683206,0,0
2009-07-21,0.0047306265,0.009087121,0.011916753,0.016879324,8.837191,-0.014682805545840122,-0.022638378832998195,0,0
2009-07-22,-0.0042038946,0.010116854,0.009750798,0.016051294,8.709452,-0.01633935596054663,-0.025228151930839535,0,0
2009-07-23,0.020329082,0.0099893045,0.016373258,0.0152704995,8.502048,-0.016120997629258053,-0.024950732018654952,0,0
2009-07-24,0.008989402,0.011649715,0.0088263415,0.016526205,8.93665,-0.018829667666202806,-0.029001075066120534,0,0
2009-07-27,0.0022985581,0.010396332,0.010693616,0.016019518,8.630161,-0.01678592568989627,-0.025941028367252893,0,0
2009-07-28,-0.004089985,0.010059384,0.011142987,0.015175231,8.456373,-0.016231228650444646,-0.02513504106604934,0,0
2009-07-29,-0.0010251154,0.010414556,0.008746373,0.014447714,8.172156,-0.0167846994671404,-0.026084446388462912,0,0
2009-07-30,0.0074083875,0.009606862,0.013771648,0.013652675,7.7233963,-0.015450125740244378,-0.024159580338924277,0,0
2009-07-31,0.0022880395,0.010781481,0.008683996,0.013246534,7.5297937,-0.01732113874141309,-0.027164696864660203,0,0
2009-08-03,0.0163711,0.009923011,0.007821678,0.012476206,7.2322745,-0.015913640416313567,-0.025078426765564238,0,0
2009-08-04,0.0039890353,0.008725291,0.008773423,0.013723179,7.6705427,-0.014028473189664272,-0.021953696894753613,0,0
2009-08-05,-0.0039890353,0.008723839,0.010542485,0.013008186,7.490987,-0.014012334587676043,-0.02198885155041119,0,0
2009-08-06,-0.005762261,0.00934429,0.012317326,0.012347039,7.0582366,-0.014968268262578507,-0.023660535180639035,0,0
2009-08-07,0.011491508,0.0102773765,0.016815212,0.011831765,7.1230054,-0.016470187647964502,-0.026004648662536465,0,0
2009-08-10,0.0009930488,0.012085082,0.0066097374,0.012151953,7.2234335,-0.019379883486592104,-0.030545508317636343,0,0
2009-08-11,-0.01449663,0.009403053,0.011807588,0.011405192,7.1010294,-0.015066798059171453,-0.023798089929123037,0,0
2009-08-12,0.009272087,0.00972919,0.017006522,0.012291991,7.323045,-0.015611653259344953,-0.0245650666015268,0,0
2009-08-13,0.011162214,0.012226768,0.009935097,0.012080048,7.5032363,-0.019640146464486155,-0.03081436532956655,0,0
2009-08-14,-0.007676155,0.011097756,0.015938157,0.0121201,7.8073235,-0.01785545111769277,-0.02788682164971087,0,0
2009-08-17,-0.027723549,0.012111279,0.01249169,0.01166839,8.038251,-0.019507623633381477,-0.030369659591724253,1,0
2009-08-18,0.011434504,0.012175403,0.0068775224,0.015457188,8.137805,-0.01961964176257567,-0.03050375759225918,0,0
2009-08-19,0.007551005,0.009472962,0.015034449,0.015084939,8.300955,-0.015275487482032585,-0.023700134913802996,0,0
2009-08-20,0.007743263,0.010940992,0.008140007,0.014370474,8.406614,-0.01765028589874167,-0.027348984225109067,0,0
2009-08-21,0.02019773,0.009972068,0.01711601,0.013738415,8.638461,-0.016101396068315326,-0.024880785307404688,0,0
2009-08-24,-0.0007317966,0.0117108235,0.0094520245,0.01486052,9.402963,-0.018955382031161615,-0.029058197033837118,0,0
2009-08-25,0.001463058,0.010834678,0.013542245,0.013960454,9.324579,-0.017533301321314445,-0.026898389997668724,0,0
2009-08-26,0.0007307271,0.011156666,0.008074379,0.013177404,9.0656,-0.01804023716009456,-0.02774774910233538,0,0
2009-08-27,0.002431908,0.009836429,0.012299887,0.0123865055,9.163083,-0.015910235729004428,-0.02444731907703339,0,0
2009-08-28,-0.0017017142,0.0102959275,0.0114463745,0.011677701,9.222995,-0.01665648267076483,-0.025578677062420275,0,0
2009-08-31,-0.0075711682,0.010756084,0.011574919,0.010983945,9.177596,-0.017398527441044788,-0.026730299889613455,0,0
2009-09-01,-0.02306364,0.01075555,0.01698184,0.010669662,9.436998,-0.017410820795506158,-0.026681820942861523,1,0
2009-09-02,-0.0022604556,0.012423345,0.006988798,0.012851405,10.178436,-0.020139664317720546,-0.030710390660208687,0,0
2009-09-03,0.0075150654,0.0098744705,0.007847482,0.012167925,10.296536,-0.016007646863954908,-0.024409596951929746,0,0
2009-09-04,0.012154435,0.0085787205,0.008395356,0.011836523,9.909779,-0.01390409686596185,-0.02121799923422142,0,0
2009-09-08,0.010789707,0.008646235,0.0074471966,0.011937334,10.661718,-0.014016536606064575,-0.021373410603304353,0,0
2009-09-09,0.007290433,0.008186887,0.011030563,0.011894376,10.919947,-0.013271881600125312,-0.02023790775783969,0,0
2009-09-10,0.008918946,0.009075644,0.009806465,0.011576005,10.447076,-0.01471265948369541,-0.022434908212315707,0,0
2009-09-11,-0.0002400096,0.009317078,0.006946657,0.011371212,11.071311,-0.015104049412103264,-0.023031727375349142,0,0
2009-09-14,0.006221604,0.008128066,0.010646925,0.01077737,11.066368,-0.013176524741306275,-0.02009250084637065,0,0
2009-09-15,-0.0019102202,0.00881129,0.009158045,0.01042121,11.539396,-0.014284110232379821,-0.021781425874307637,0,0
2009-09-16,0.01659199,0.009006155,0.007851139,0.009901181,10.322391,-0.014600008364730504,-0.022263129784575085,0,0
2009-09-17,-0.0007054674,0.008389658,0.010131902,0.01094148,11.132517,-0.013600596609864856,-0.020739155753124964,0,0
2009-09-18,-0.0016480286,0.008916115,0.007736408,0.010411254,9.9791975,-0.014453334496088231,-0.022043286249008063,0,0
2009-09-21,-0.00047136462,0.008467737,0.0074893655,0.009873484,9.289512,-0.013701581103212197,-0.021027192712813707,0,0
2009-09-22,0.0063447515,0.007932937,0.004899795,0.009305648,8.583383,-0.012806313401776404,-0.019801618075922043,0,0
2009-09-23,-0.00776018,0.006667731,0.012721377,0.009039104,8.492953,-0.01076018179774922,-0.01665550925370639,0,0
2009-09-24,-0.014026143,0.008467026,0.012954715,0.008946796,8.6919365,-0.013673925531569736,-0.021116867354185755,1,0
2009-09-25,-0.0031171348,0.010181646,0.008804263,0.009763614,9.800735,-0.016497643890356132,-0.025199358771326855,0,0
2009-09-28,0.017143277,0.009232308,0.013852012,0.009288908,9.9600115,-0.014965210562083027,-0.022827626330586156,0,0
2009-09-29,-0.0040212944,0.010356146,0.007911806,0.010534294,11.441966,-0.016788499040805115,-0.025600295814663238,0,0
2009-09-30,-0.0016605388,0.009368864,0.014578189,0.010181051,11.385002,-0.015188001393788382,-0.023159743320082644,0,0
2009-10-01,-0.024514565,0.010636826,0.0147417085,0.009662032,10.078184,-0.017243512535990397,-0.026294132711463542,1,0
2009-10-02,-0.005611824,0.01212535,0.0104452055,0.012239824,10.822964,-0.019656579616032326,-0.029973748793851365,0,0
2009-10-05,0.0143328095,0.01111297,0.00954583,0.011734737,9.857403,-0.018009224441617816,-0.027494789521414303,0,0
2009-10-06,0.011510919,0.010115445,0.012540422,0.012156439,10.786386,-0.016398294078540678,-0.025005283572172736,0,0
2009-10-07,0.004757383,0.010775376,0.005593652,0.012106661,9.706398,-0.01745551156524647,-0.026684520120864093,0,0
2009-10-08,0.009682447,0.008396858,0.007139051,0.011589706,8.591684,-0.013555651098526822,-0.02095825329122999,0,0
2009-10-09,0.00398734,0.0076762354,0.006044229,0.011500394,8.683762,-0.012396465878621792,-0.0191458361173704,0,0
2009-10-12,0.0032717953,0.007226594,0.006051694,0.010969575,7.551943,-0.011611418722442354,-0.018203906751586455,0,0
2009-10-13,-0.0025697947,0.0068144137,0.0073285154,0.010561363,7.4621325,-0.010943583480817134,-0.017181046310632293,0,0
2009-10-14,0.017621601,0.0070493915,0.0070085456,0.010084045,8.700929,-0.01138486558157109,-0.01758004989248515,0,0
2009-10-15,0.0018369695,0.007095195,0.00819501,0.011054739,9.440495,-0.011485639943806403,-0.01760099054016414,0,0
2009-10-16,-0.007137132,0.0074568545,0.01072149,0.010686283,13.175056,-0.012088415232230976,-0.018433274179152175,0,0
2009-10-19,0.008283527,0.0085097365,0.011837746,0.010434954,11.51508,-0.01379525683867574,-0.02103598749661772,0,0
2009-10-20,-0.0013758314,0.009516452,0.011022516,0.01032259,12.54793,-0.015427258211643617,-0.023524579110219802,0,0
2009-10-21,-0.010611403,0.009848109,0.015718246,0.009832299,10.728988,-0.01596491212342365,-0.02434443198414412,0,0
2009-10-22,0.01175806,0.0114343185,0.011840897,0.009950352,10.351777,-0.01853633929422201,-0.028265526781141744,0,0
2009-10-23,-0.012686135,0.011432681,0.013430129,0.010133465,9.503641,-0.01851035405010294,-0.028349160338239338,0,0
2009-10-26,-0.009797139,0.011678381,0.016963031,0.0104566105,10.180722,-0.018931993075163023,-0.028868847769376683,0,0
2009-10-27,-0.005641764,0.013220913,0.0077838525,0.010375563,9.164389,-0.021384658194338903,-0.03285876505888637,0,0
2009-10-28,-0.02096313,0.010572827,0.010282292,0.010094692,8.50652,-0.017062996494453975,-0.026407278096899023,1,0
2009-10-29,0.021905638,0.009950265,0.011952088,0.011928589,40.444294,-0.016130518737903297,-0.02459696071284341,0,0
2009-10-30,-0.027215812,0.0107339695,0.014966567,0.013402123,62.173767,-0.017400993186062037,-0.02653427039245102,1,1
2009-11-02,0.005791522,0.011982868,0.015322178,0.015786612,43.956028,-0.019425602369307394,-0.029621538281866776,0,0
2009-11-03,0.0026432793,0.012862229,0.011859661,0.014963692,51.052742,-0.02085114533560195,-0.0317953074523538,0,0
2009-11-04,0.0050269407,0.012002373,0.011542647,0.014186076,51.53448,-0.019457221722296747,-0.02966975371720905,0,0
2009-11-05,0.015401323,0.0113823945,0.013717593,0.013537612,34.849453,-0.018452164498390267,-0.028137171073571107,0,0
2009-11-06,0.0028175646,0.011944783,0.010513584,0.013752879,25.704044,-0.01936386090687457,-0.029527390514489327,0,0
2009-11-09,0.023634093,0.011188974,0.009432951,0.013246243,25.850824,-0.018138607602565113,-0.027659037247054447,0,0
2009-11-10,0.00022896394,0.010188745,0.0061577344,0.014696382,23.575296,-0.016517123226116575,-0.025186482696761145,0,0
2009-11-11,0.0038843874,0.008347081,0.007298493,0.013947455,22.357311,-0.01353157401999665,-0.02063390520545983,0,0
2009-11-12,-0.008243692,0.007854571,0.010897639,0.013324071,16.889671,-0.012733158349240069,-0.01941642427969322,0,0
2009-11-13,0.0039013245,0.008973487,0.008292369,0.01295018,12.361915,-0.014547049493243848,-0.02218237433569464,0,0
2009-11-16,0.01342302,0.008709578,0.011005655,0.012457733,10.432589,-0.014119222699918834,-0.021529993652946368,0,0
2009-11-17,0.0011293056,0.009222821,0.005718969,0.012552982,8.993228,-0.014909782126816944,-0.022950036399292394,0,0
2009-11-18,0.0009025271,0.007707937,0.0063702096,0.012121626,9.157785,-0.012467238744847193,-0.01915790695269774,0,0
2009-11-19,-0.012938553,0.0070211454,0.012439458,0.011718822,8.937235,-0.011348440294233895,-0.017478530676445222,1,0
2009-11-20,-0.0038915009,0.00887812,0.0071098977,0.011749888,8.125285,-0.014305560391560383,-0.022245305821034213,0,0
2009-11-23,0.012535777,0.008289086,0.012089968,0.0113156345,8.602981,-0.013382226708761113,-0.02068741760046554,0,0
2009-11-24,-0.00067973265,0.009186519,0.007701813,0.011393268,8.140544,-0.014803484720189471,-0.023014983895544985,0,0
2009-11-25,0.005424968,0.008672496,0.0047566458,0.011083959,8.195786,-0.01397851989615584,-0.021716843138779078,0,0
2009-11-27,-0.017739832,0.006752929,0.026591081,0.010841783,8.472096,-0.01089679422420762,-0.016871166337619963,1,1
2009-11-30,0.0048071514,0.011231641,0.008550426,0.011386595,8.02939,-0.018090060262417475,-0.028166141747577412,0,0
2009-12-01,0.012481723,0.010547237,0.008801098,0.011129327,8.174605,-0.01699871507955126,-0.0264162016957107,0,0
2009-12-02,-0.00045116176,0.009025949,0.0071661198,0.011177265,36.094475,-0.01463209697781654,-0.022312060781044047,0,0
2009-12-03,-0.0090662455,0.008299028,0.011175596,0.010892187,30.868822,-0.013453673467975574,-0.02051511691050756,0,0
2009-12-04,0.0090662455,0.009216649,0.014026537,0.010813472,27.289509,-0.014941243166330076,-0.022783468847762,0,0
2009-12-07,-0.0038431154,0.010869782,0.007299953,0.010745225,23.904274,-0.01762116225868966,-0.026869999832873758,0,0
2009-12-08,-0.012535777,0.00914278,0.009596766,0.010502464,19.058807,-0.014821492378420412,-0.02260086434052909,0,0
2009-12-09,0.005033184,0.008969432,0.0074713556,0.01071839,17.94818,-0.014540476475918385,-0.02217235133199921,0,0
2009-12-10,0.005915831,0.008468355,0.007907573,0.010479359,16.766413,-0.013728172900681774,-0.020933693143031736,0,0
2009-12-11,0.0054298774,0.008068995,0.005041456,0.010250044,17.58675,-0.013080764453842968,-0.01994647875824953,0,0
2009-12-14,0.0049516195,0.0068671657,0.007906821,0.010056586,15.409647,-0.01113246151988014,-0.01697556805772792,0,0
2009-12-15,-0.00856826,0.0072309957,0.006447199,0.009813056,15.309196,-0.011722271665823191,-0.017874952462130736,0,0
2009-12-16,0.0015838899,0.007132461,0.0056350324,0.009751398,15.552604,-0.011562535866509946,-0.01763137596939773,0,0
2009-12-17,-0.010454641,0.0064829234,0.008007358,0.009477811,15.787416,-0.010509560941184217,-0.016025725011069483,0,0
2009-12-18,0.0031934334,0.0070482255,0.00898023,0.009573296,16.961367,-0.011425980334382602,-0.017423146394550573,0,0
2009-12-21,0.009519564,0.007837518,0.009289144,0.009266187,16.517115,-0.012705514203184833,-0.01937427052224071,0,0
2009-12-22,0.004726013,0.008229451,0.004345889,0.009304807,17.324745,-0.013340883090169026,-0.02034312613099373,0,0
2009-12-23,0.0017945272,0.006454213,0.005459441,0.009052028,17.28542,-0.010463018104328809,-0.015954753187521944,0,0
2009-12-24,0.005810072,0.0060485657,0.0031518522,0.008721833,16.232277,-0.009805417598267831,-0.014951997226901777,0,0
2009-12-28,0.00089086866,0.0050910576,0.005338283,0.008520141,17.185242,-0.008253187065763919,-0.012585045856915176,0,0
2009-12-29,-0.0011137099,0.005341683,0.0049999934,0.008139835,17.709078,-0.008659479378213335,-0.013204589233642785,0,0
2009-12-30,0.00022284122,0.0055453125,0.005995503,0.0077391537,18.399693,-0.00898958613237631,-0.013707959459679696,0,0
2009-12-31,-0.010077344,0.005771698,0.0076603806,0.007347823,16.007517,-0.009356582975686516,-0.014267582313929703,1,0
2010-01-04,0.016075363,0.006464562,0.0062526064,0.0076852236,17.425112,-0.010479794996778157,-0.015980335784781544,0,0
2010-01-05,0.0030959777,0.006406014,0.0045666043,0.00877306,15.500161,-0.010384882078266414,-0.015835605825025884,0,0
2010-01-06,0.0006621786,0.005663575,0.0051269643,0.008471089,16.525757,-0.009181303357667179,-0.014000303502365318,0,0
2010-01-07,0.00396389,0.00560214,0.0069078864,0.008126847,17.285032,-0.009081710498083314,-0.013848437236049416,0,0
2010-01-08,0.0035103152,0.0062863203,0.0062746117,0.007900604,14.324685,-0.010190844716274506,-0.015539723873100568,0,0
2010-01-11,0.0008756568,0.0064361207,0.0063286605,0.007606506,15.347606,-0.010433688504293225,-0.015910029330123393,0,0
2010-01-12,-0.0074676387,0.0063900826,0.00863242,0.007253253,12.958255,-0.010359055893089329,-0.015796224223449076,0,0
2010-01-13,0.0065919817,0.007189063,0.009126323,0.007307471,12.46925,-0.011654293939263783,-0.01777129519625489,0,0
2010-01-14,0.0032797668,0.007882237,0.0050165686,0.007238222,14.157499,-0.012778008980171292,-0.01948481570745117,0,0
2010-01-15,-0.01141615,0.006593799,0.009392542,0.006979082,11.459966,-0.010689303594079906,-0.016299809375220083,1,0
2010-01-19,0.011852641,0.0074334634,0.010404697,0.0075274925,13.48261,-0.012050495471648584,-0.018375451434797782,0,0
2010-01-20,-0.010308239,0.008699304,0.01179014,0.007991699,15.062371,-0.014102568186451532,-0.0215045976678511,0,0
2010-01-21,-0.020490695,0.009547828,0.012774387,0.008225706,20.507414,-0.015478122292554799,-0.023602140273639015,1,0
2010-01-22,-0.018165804,0.010402401,0.015710877,0.009834516,16.245106,-0.016863482753088542,-0.025714636305202127,1,0
2010-01-25,0.0013739411,0.011880424,0.008503033,0.010754174,17.84552,-0.019259526494731068,-0.029368293992040793,0,0
2010-01-26,-0.0048170756,0.010219341,0.011704464,0.0103311725,19.067102,-0.01656672131755829,-0.02526211338951483,0,0
2010-01-27,0.0066460655,0.010296148,0.010832136,0.010035978,19.783718,-0.016691235601845062,-0.02545198161437191,0,0
2010-01-28,-0.014031283,0.010542471,0.01687573,0.0098465355,20.748411,-0.017090552312317726,-0.026060888097732448,0,0
2010-01-29,-0.008140527,0.0123270005,0.016432874,0.010284719,19.67986,-0.01998347835287968,-0.030472227207221824,0,0
2010-02-01,0.014605569,0.013498661,0.007727096,0.01023829,16.224817,-0.02188287442565112,-0.03336856125197313,0,0
2010-02-02,0.010075652,0.010456469,0.0108854,0.010694818,14.866955,-0.016951133112010453,-0.025848291798239866,0,0
2010-02-03,-0.00068376074,0.010111038,0.006287661,0.010648825,17.29964,-0.01639114883397502,-0.024994387995736486,0,0
2010-02-04,-0.0322048,0.008541217,0.01608319,0.010269104,16.700714,-0.013846290562175831,-0.021113807343106115,1,1
2010-02-05,-0.001885459,0.010540013,0.016244713,0.013200119,13.646256,-0.01708656866545381,-0.026054813550038247,0,0
2010-02-08,-0.0035448459,0.012689389,0.0097140735,0.012619073,13.109021,-0.020570953170248058,-0.03136805053673696,0,0
2010-02-09,0.009659635,0.010925816,0.013904408,0.01216248,10.717177,-0.017711999535102704,-0.02700851496406686,0,0
2010-02-10,-0.0028175646,0.011381119,0.010627776,0.012003273,11.772619,-0.018450096715590142,-0.028134017971484074,0,0
2010-02-11,0.012384783,0.010990368,0.011282472,0.0117466925,11.366199,-0.017816644536662717,-0.027168085095318668,0,0
2010-02-12,0.0023196484,0.010725037,0.012956916,0.011786602,12.541051,-0.017386513642503276,-0.026512190955959133,0,0
2010-02-16,0.013120225,0.011387132,0.0098776845,0.011384257,12.982821,-0.01845984483450502,-0.028148882595608653,0,0
2010-02-17,0.00570062,0.010589898,0.0032939105,0.011513795,12.694059,-0.01716743669679131,-0.02617812686823052,0,0
2010-02-18,0.0054421904,0.0067445147,0.0082243355,0.011341272,12.842674,-0.010933630277763859,-0.016672376056882463,0,0
2010-02-19,0.000678196,0.007145383,0.011866156,0.011037838,13.158792,-0.011583483772264692,-0.01766331882401003,0,0
2010-02-22,0.0011293056,0.009106905,0.005842144,0.010663744,13.6657,-0.014763336198165111,-0.02251218366607642,0,0
2010-02-23,-0.009298174,0.0076392163,0.013356909,0.010327774,13.112789,-0.012384044029182546,-0.018884069967084048,0,0
2010-02-24,0.005679897,0.009001077,0.007444515,0.010324409,12.025714,-0.014591776057207063,-0.022250576577327364,0,0
2010-02-25,-0.0011334014,0.008564672,0.012273678,0.010164498,10.783147,-0.0138843149778877,-0.021171789673035527,0,0
2010-02-26,0.0011334014,0.009357876,0.007330541,0.009856689,10.765866,-0.01517018807796003,-0.023132580310838195,0,0
2010-03-01,0.009918927,0.008589592,0.005096775,0.009566549,10.493923,-0.013924711857865346,-0.021233389704992143,0,0
2010-03-02,0.0026881737,0.00691678,0.0060616853,0.009678475,9.780617,-0.01120691354133543,-0.017121017217560045,0,0
2010-03-03,0.0008944544,0.0067112683,0.006288972,0.009497833,9.146484,-0.01085479597217228,-0.01668203183400173,0,0
2010-03-04,0.0033470967,0.0067525497,0.005579355,0.009303178,8.326534,-0.01088987097866184,-0.016890399329650158,0,0
2010-03-05,0.012617766,0.006377979,0.007266644,0.009174662,7.574013,-0.010249145525706384,-0.01606273030089025,0,0
2010-03-08,0.00043985047,0.006751046,0.0033935418,0.009496668,7.2275705,-0.010826401757668785,-0.017062775905990115,0,0
2010-03-09,0.003073548,0.0053918096,0.008354789,0.00923941,7.4338503,-0.008657537062677518,-0.013598160443581699,0,0
2010-03-10,0.004592682,0.006327636,0.0055172755,0.009067336,7.102047,-0.010139033513323325,-0.016014369896982933,0,0
2010-03-11,0.004137186,0.006332553,0.007231193,0.0088800555,7.7891593,-0.010187670909144235,-0.01591536303568827,0,0
2010-03-12,0.00065167807,0.0065425173,0.007813833,0.00868723,7.9583273,-0.010534124801168464,-0.016417454535678947,0,0
2010-03-15,-0.0008689985,0.007114465,0.0060016834,0.008494797,7.9617066,-0.011455201138099122,-0.01785212502208899,0,0
2010-03-16,0.0039045603,0.006683064,0.0049183844,0.008240173,7.9165998,-0.010758289984571895,-0.016776491989540003,0,0
2010-03-17,0.0053978325,0.0059830006,0.006156975,0.008001533,8.141942,-0.009641280119676712,-0.014989028406240055,0,0
2010-03-18,0.00021530844,0.006188698,0.0047161235,0.0079614315,7.747076,-0.009954114041867045,-0.015559992354894461,0,0
2010-03-19,-0.0043150014,0.005811795,0.008601392,0.007728915,7.2725034,-0.009322807207232522,-0.014681887928366597,0,0
2010-03-22,0.0049606487,0.0067791953,0.008092097,0.0075696907,7.0775104,-0.010860775208856591,-0.017161838008038922,0,0
2010-03-23,0.0064336485,0.0073818997,0.005627221,0.007407967,6.78807,-0.011801349900038787,-0.01874946952747127,0,0
2010-03-24,-0.004284497,0.0065757423,0.0048387856,0.0069284267,11.172837,-0.010660031385566938,-0.016255173032491698,0,0
2010-03-25,-0.0015039212,0.005864714,0.009802049,0.0067786914,10.328445,-0.009507372449415543,-0.014497516813959633,0,0
2010-03-26,0.00064481463,0.0072340616,0.0080275,0.006330821,10.493445,-0.011727241940480311,-0.017882531489963608,0,0
2010-03-29,0.004502098,0.007712179,0.00366526,0.005963425,9.134941,-0.012473225118063064,-0.01917152847900399,0,0
2010-03-30,0.0006415054,0.005773041,0.0057217595,0.005841618,8.8471,-0.009328288356396283,-0.014381076853576839,0,0
2010-03-31,-0.0036406508,0.005787953,0.005242731,0.005146211,10.040733,-0.009382934124496938,-0.014307764417342484,0,0
2010-04-01,0.0072680954,0.0059170052,0.006118828,0.0049924497,9.693643,-0.009584905894496181,-0.014654257970656852,0,0
2010-04-02,-4.2599415e-05,0.0060444376,0.0051163444,0.0056125554,9.187324,-0.009777483094955157,-0.01502021386812141,0,0
2010-04-05,0.007892433,0.005815568,0.0050761285,0.0052002543,8.956867,-0.009400442492496216,-0.014475269113957473,0,0
2010-04-06,0.0023219008,0.0056163,0.0062635094,0.005713814,9.571374,-0.009094871531039979,-0.013920380646863564,0,0
2010-04-07,-0.0057088644,0.0059847157,0.0069371294,0.0054097082,9.193909,-0.009681069534399508,-0.01487112436093955,0,0
2010-04-08,0.004020744,0.0064093256,0.007936673,0.0056170714,8.602587,-0.010347451815498517,-0.01599606973684432,0,0
2010-04-09,0.007364578,0.006950305,0.0036410417,0.005464847,8.569175,-0.011219434485266378,-0.017350794055022156,0,0
2010-04-12,0.0,0.005552176,0.0044351616,0.0056968355,9.463673,-0.008988393522031343,-0.013771125213491978,0,0
2010-04-13,0.00041919932,0.005162624,0.0063737878,0.005328997,9.741641,-0.00836391844854101,-0.012782079136148969,0,0
2010-04-14,0.011252463,0.0059026647,0.004894718,0.005101344,8.929902,-0.009540383585133306,-0.014694961611556383,0,0
2010-04-15,0.001656315,0.0056926925,0.0054753274,0.006006484,9.02313,-0.00920379516392817,-0.0141626132998529,0,0
2010-04-16,-0.015216552,0.005654873,0.012136343,0.00581275,8.362876,-0.009120987381731059,-0.01414046861718942,1,1
2010-04-19,0.004401139,0.0076080333,0.008648096,0.006752535,8.615686,-0.012283283436555738,-0.018985790156162665,0,0
2010-04-20,0.008329911,0.0080319075,0.004740667,0.006652867,11.100132,-0.0130206417699451,-0.01985479941936307,0,0
2010-04-21,-0.004156282,0.006351169,0.008205168,0.0067721545,10.821513,-0.010295972481818872,-0.015700030157166166,0,0
2010-04-22,0.0010406912,0.0069634807,0.012145781,0.0066807386,10.312407,-0.011288599377121167,-0.017213658152829492,0,0
2010-04-23,0.008699309,0.008898841,0.0076641864,0.0065355855,9.512921,-0.01440824577224693,-0.0220647601541922,0,0
2010-04-26,-0.0033051053,0.008328605,0.0051713157,0.0066953194,9.234461,-0.013474261205449999,-0.02068952105290974,0,0
2010-04-27,-0.022811495,0.006766118,0.013299036,0.0065802997,8.864632,-0.010933588302156372,-0.016852704041396355,1,1
2010-04-28,0.00759177,0.008738345,0.007940229,0.0076035066,7.7453175,-0.014054925992522236,-0.02197083079270049,0,0
2010-04-29,0.012733707,0.008663577,0.0073192045,0.0076291943,7.4679313,-0.013913705199420865,-0.021842026035687665,0,0
2010-04-30,-0.018210864,0.007752372,0.00959506,0.007748718,8.060724,-0.012488010423988482,-0.019435602926989527,1,0
2010-05-03,0.012594625,0.008403595,0.00798147,0.011238665,8.401896,-0.01355663779118869,-0.021007114247722617,0,0
2010-05-04,-0.021932553,0.00834976,0.016394509,0.011509666,9.369286,-0.013513802177923317,-0.020723027761407543,1,1
2010-05-05,-0.007275872,0.010512894,0.011579959,0.013187874,10.325665,-0.017042605071144194,-0.025987774738726616,0,0
2010-05-06,-0.03630401,0.01092154,0.06813653,0.012547002,9.58476,-0.017686655139625716,-0.027067441339493726,1,1
2010-05-07,-0.013904687,0.020424047,0.026855215,0.017450584,8.423881,-0.032950839989396394,-0.05104637474453245,0,0
2010-05-10,0.04374455,0.022950081,0.01842262,0.016847942,7.8722057,-0.036936762761640256,-0.05763503254958873,0,0
2010-05-11,-0.0036816502,0.018978687,0.017335521,0.022823824,7.093715,-0.030408624327009217,-0.04803682693498869,0,0
2010-05-12,0.015073498,0.017622557,0.01579383,0.020929702,7.290422,-0.02827182393091395,-0.04451009944483742,0,0
2010-05-13,-0.011175702,0.016427305,0.010945964,0.020107625,6.769547,-0.026258300494039336,-0.041733260570918196,0,0
2010-05-14,-0.018761458,0.013609249,0.019226097,0.0189848,6.9899507,-0.0217897291085028,-0.0344860844123557,0,0
2010-05-17,-0.00066086574,0.014913303,0.01725778,0.01887893,7.3146367,-0.02392895217824262,-0.037657653123412384,0,0
2010-05-18,-0.013980035,0.0155492695,0.017916823,0.017465316,6.829196,-0.024866342144186284,-0.03947489363917336,0,0
2010-05-19,-0.007851975,0.01555656,0.014612595,0.016932402,7.2564936,-0.024952053888778664,-0.03930598454306565,0,0
2010-05-20,-0.036701366,0.014394857,0.022299804,0.015863754,7.239523,-0.023086252867944888,-0.036377317683916416,1,1
2010-05-21,0.013460402,0.016323322,0.023168748,0.020053871,7.08633,-0.026152750066142746,-0.041319208002037915,0,0
2010-05-24,-0.01252626,0.01836213,0.009001459,0.019168867,7.408762,-0.029479420599767513,-0.04632119862590827,0,0
2010-05-25,0.0018656722,0.013405829,0.025372773,0.01833924,7.3875012,-0.021519634108200666,-0.033825568862795294,0,0
2010-05-26,-0.011011005,0.016023483,0.017915424,0.016956592,6.7697597,-0.025612853496054404,-0.04070725747346785,0,0
2010-05-27,0.036771398,0.01689653,0.02031015,0.01622907,6.4550967,-0.026935886268282343,-0.04309167313572246,0,0
2010-05-28,-0.011418256,0.016968826,0.01363001,0.020320013,6.1929355,-0.026980988795990566,-0.043425475288273126,0,0
2010-06-01,-0.017609352,0.015130909,0.014250744,0.019610394,5.6493444,-0.024006701603716644,-0.0388255805978169,0,0
2010-06-02,0.02516001,0.014069528,0.012681385,0.019290151,5.9692087,-0.022322715629594043,-0.03610210220236052,0,0
2010-06-03,0.006135686,0.013184323,0.00858587,0.020370357,5.9601703,-0.02091824752201813,-0.033830682720922475,0,0
2010-06-04,-0.034573622,0.010882566,0.022983423,0.019043628,5.7363796,-0.017266280440990968,-0.027924426018708842,1,1
2010-06-07,-0.01702974,0.013991586,0.012762334,0.021897376,6.431796,-0.02230009296883601,-0.03569375441408752,0,0
2010-06-08,0.010677525,0.013736782,0.01328472,0.021199532,6.979309,-0.02199225236784487,-0.03481343206155015,0,0
2010-06-09,-0.0035465222,0.01263617,0.017483192,0.01998987,7.400178,-0.02028566915295342,-0.03187941771507977,0,0
2010-06-10,0.02641266,0.013969481,0.016469091,0.018529471,7.672267,-0.022460256490332658,-0.035148014593157265,0,0
2010-06-11,0.005062137,0.0145504335,0.011189555,0.019777495,8.670979,-0.023496627081240517,-0.03629484514768196,0,0
2010-06-14,0.0011469206,0.012716028,0.011115474,0.01837661,8.920391,-0.020552067253993694,-0.031659362195861934,0,0
2010-06-15,0.017047804,0.011611939,0.011442915,0.017087717,7.821545,-0.018684057935342797,-0.029175007847020522,0,0
2010-06-16,0.00022535211,0.011384196,0.00941761,0.017132346,7.3483787,-0.0182701284611963,-0.02873619348326936,0,0
2010-06-17,0.002025887,0.010437409,0.010633945,0.015821572,7.593857,-0.016774302924994954,-0.02628114566141318,0,0
2010-06-18,-0.0013501352,0.01020481,0.0053571826,0.014631592,7.4566984,-0.01638786328639574,-0.025730597245614217,0,0
2010-06-21,0.00022514917,0.008000335,0.016341401,0.013402776,7.7596817,-0.012868841363500501,-0.02011251875070798,0,0
2010-06-22,-0.018174058,0.010154334,0.013531523,0.012364379,7.2981653,-0.016291354226082896,-0.025645180908163777,1,0
2010-06-23,-0.0027548226,0.01156427,0.011210925,0.013435832,8.082059,-0.018630246368494,-0.028986778230983983,0,0
2010-06-24,-0.015755655,0.010859256,0.01314934,0.012455698,7.8978143,-0.017479481133672745,-0.027264667192433176,0,0
2010-06-25,0.003962247,0.011278219,0.01074589,0.013079922,7.415907,-0.018107340457570002,-0.028448903148517057,0,0
2010-06-28,-0.0034952848,0.010909402,0.008525325,0.0121843135,7.692868,-0.017542134331411552,-0.02744324629170976,0,0
2010-06-29,-0.03394985,0.009649233,0.021470949,0.011361266,7.654486,-0.015512663020955565,-0.024282193192422166,1,1
2010-06-30,-0.008487986,0.012813806,0.013728235,0.016334172,7.18948,-0.02054398453465248,-0.03239917120098407,0,0
2010-07-01,-0.004638114,0.013335455,0.016414829,0.015464065,7.4799957,-0.02141822375933779,-0.033616362751596365,0,0
2010-07-02,-0.0073674205,0.013597547,0.0142406495,0.014552889,7.1313286,-0.021792194191051554,-0.034402485354480955,0,0
2010-07-06,0.009811214,0.013404685,0.024120482,0.013782927,7.367752,-0.02151525770470872,-0.033829564281485376,0,0
2010-07-07,0.033600472,0.016135802,0.020878071,0.013381228,6.884157,-0.025815065231041205,-0.04093777338235949,0,0
2010-07-08,0.007289862,0.017446779,0.008370768,0.01742095,6.926994,-0.027921294982824977,-0.04424204560921751,0,0
2010-07-09,0.0051413993,0.012588838,0.0070164953,0.016379736,6.996557,-0.02015689719930971,-0.031897971601932265,0,0
2010-07-12,0.003722666,0.009562454,0.0071950457,0.015325424,7.05607,-0.015317508793583118,-0.02421352777183138,0,0
2010-07-13,0.012233274,0.008620937,0.0127522815,0.014409098,6.4736977,-0.013745562814779306,-0.02198100394010332,0,0
2010-07-14,0.0011463948,0.009971953,0.0097828945,0.014123268,6.69919,-0.015930709320463553,-0.025354876596329103,0,0
2010-07-15,-0.0004584002,0.009939406,0.014945915,0.013299572,6.552275,-0.015858955027455136,-0.025317685978438354,0,0
2010-07-16,-0.025541207,0.011091243,0.017295996,0.012441227,6.285846,-0.017652409657539513,-0.028348632804236332,1,0
2010-07-19,0.0007053015,0.01288152,0.009230358,0.014808927,6.663384,-0.02057281959811901,-0.03276699314704798,0,0
2010-07-20,0.01516064,0.010925447,0.017374141,0.01388903,6.2079883,-0.017374583991862747,-0.027953977779482875,0,0
2010-07-21,-0.01492565,0.012400767,0.015139101,0.014056348,6.5631804,-0.01978810279380587,-0.03158297882976202,0,0
2010-07-22,0.022075951,0.013503688,0.016594835,0.014167522,6.943665,-0.021613522572372784,-0.03423653285421659,0,0
2010-07-23,0.011653279,0.0140413195,0.008459341,0.015600882,6.8663445,-0.02246117820886047,-0.035631251720566394,0,0
2010-07-26,0.0081448415,0.011273385,0.008226492,0.01517415,6.8287516,-0.01802830034924923,-0.02861986534765297,0,0
2010-07-27,0.0013510473,0.009574855,0.0080454815,0.014433364,6.9979644,-0.01533114253855914,-0.024260665160828174,0,0
2010-07-28,-0.0081338,0.008985382,0.009390384,0.013479881,6.9595027,-0.014383330141947825,-0.02277695688302595,0,0
2010-07-29,-0.0045475294,0.009078952,0.015263445,0.012921395,7.1714454,-0.014554294628044978,-0.02296021085395797,0,0
2010-07-30,0.0011388225,0.010941598,0.012883557,0.01220471,7.0531845,-0.017526324340555784,-0.027706606042731903,0,0
2010-08-02,0.021171963,0.01148735,0.010562949,0.011408638,7.070617,-0.01840272111766847,-0.029082957640282014,0,0
2010-08-03,-0.0031250026,0.010567259,0.005685967,0.013172706,6.947307,-0.016914025544373733,-0.026790555462428943,0,0
2010-08-04,0.0055735293,0.008169432,0.007905535,0.012380703,6.949605,-0.013076265487026001,-0.02071094327777279,0,0
2010-08-05,-0.00088967977,0.007949371,0.007691866,0.01176373,7.0304427,-0.012731346029035974,-0.020134706913117854,0,0
2010-08-06,-0.0035666556,0.008093374,0.0145725375,0.011034525,6.9454203,-0.012954131382270938,-0.020519099874946888,0,0
2010-08-09,0.0053452244,0.010008653,0.00569973,0.0104651805,6.644136,-0.01598205016255278,-0.025465190542920485,0,0
2010-08-10,-0.005121935,0.008115812,0.010651657,0.009973976,6.8352256,-0.012979381048688978,-0.020602142518526597,0,0
2010-08-11,-0.03152546,0.008523978,0.011766283,0.009605123,6.502487,-0.013594522013450955,-0.02172586662524927,1,1
2010-08-12,-0.0053136316,0.0097848065,0.01064018,0.014313683,5.74555,-0.015524575012823187,-0.025107599051170985,0,0
2010-08-13,-0.0030158937,0.009927091,0.01060537,0.013560589,5.55375,-0.015750324060810388,-0.025472698680524087,0,0
2010-08-16,0.0009289364,0.009920627,0.010037582,0.012783058,5.4881616,-0.015740068334151015,-0.02545611228941649,0,0
2010-08-17,0.011080446,0.0098426035,0.0140899345,0.012146667,5.3084846,-0.015616275723173827,-0.025255904860913902,0,0
2010-08-18,-0.002068253,0.011067597,0.009472098,0.012116137,5.2473555,-0.01755985084283147,-0.0283992118300186,0,0
2010-08-19,-0.0143654,0.010322601,0.014758018,0.011478204,5.143157,-0.016377839888625956,-0.026487568059559784,0,0
2010-08-20,-0.00093392486,0.0113445725,0.009422657,0.011899107,5.3117285,-0.01799929977203366,-0.029109924201130944,0,0
2010-08-23,-0.0044480935,0.010575491,0.010221267,0.011466165,4.746341,-0.01677907460852176,-0.027136477318861995,0,0
2010-08-24,-0.014892132,0.009992945,0.011265294,0.010887817,4.91217,-0.01585480687763626,-0.02564167674726241,0,0
2010-08-25,0.0045146802,0.010347903,0.013754794,0.011447076,5.2916985,-0.016417983267619816,-0.026552491180708317,0,0
2010-08-26,-0.009289099,0.011353074,0.010958935,0.010888715,5.4403963,-0.01801278767229699,-0.029131737924957473,0,0
2010-08-27,0.01802278,0.010955537,0.014038354,0.010734146,5.7071996,-0.01738205595842642,-0.028111667554745104,0,0
2010-08-30,-0.017783515,0.011592008,0.014968615,0.011834654,6.0790677,-0.01840869578559301,-0.02971187514777922,0,0
2010-08-31,0.0031052215,0.012552663,0.011159102,0.012728151,6.323547,-0.019985882324535485,-0.03206797823987177,0,0
2010-09-01,0.031457994,0.01165611,0.011727695,0.012127843,6.020825,-0.018498111365156524,-0.029900534116288208,0,0
2010-09-02,0.007138775,0.011219164,0.007905555,0.016017877,5.933152,-0.017800327454530328,-0.02878813006724776,0,0
2010-09-03,0.012768071,0.00976407,0.008835613,0.015154152,5.8410435,-0.015491674163931816,-0.02505438913581257,0,0
2010-09-07,-0.011163118,0.009190822,0.008762942,0.014963986,5.7298174,-0.014582159332945243,-0.023583448147821446,0,0
2010-09-08,0.007304301,0.0090530915,0.009886525,0.014618649,5.6233916,-0.014363635622647745,-0.023230033919297195,0,0
2010-09-09,0.0029521992,0.009265399,0.009590443,0.013944205,5.5821705,-0.014700482042064667,-0.023774809208382847,0,0
2010-09-10,0.0065544364,0.009295742,0.005151105,0.013166806,5.393749,-0.014748625322187476,-0.023852670417036433,0,0
2010-09-13,0.010309369,0.007353302,0.005821916,0.012550081,5.560122,-0.011666749600539575,-0.018868411596375662,0,0
2010-09-14,-0.00491731,0.0066759046,0.0077591715,0.012337664,5.701566,-0.010591991251346309,-0.017130225418257816,0,0
2010-09-15,0.0044712797,0.0072859097,0.007368671,0.011714263,5.8161397,-0.011559825461097946,-0.018695485225136872,0,0
2010-09-16,0.0015602366,0.0074202507,0.0070642945,0.0112472875,5.402025,-0.011772970660784598,-0.019040200891040377,0,0
2010-09-17,-0.0024528946,0.0072423276,0.009760102,0.0105894245,5.4879007,-0.011490677576868552,-0.018583653670905316,0,0
2010-09-20,0.014847918,0.008053921,0.010665058,0.0099924,5.5699096,-0.012778352195199256,-0.020666185269916062,0,0
2010-09-21,-0.001541002,0.008929258,0.0084965555,0.010771628,5.948878,-0.014167162539045347,-0.02291228174873139,0,0
2010-09-22,-0.004415993,0.008589862,0.00808022,0.010181617,5.8860598,-0.013628676263551614,-0.022041398166508522,0,0
2010-09-23,-0.008221355,0.008222834,0.00947857,0.009741963,5.8412585,-0.013046349335450978,-0.02109961193304486,0,0
2010-09-24,0.02010007,0.008676165,0.010390265,0.009707118,5.6953335,-0.013765603877898085,-0.022262848585422074,0,0
2010-09-27,-0.004822456,0.009271846,0.0071121487,0.011499362,5.9320765,-0.014710712432536775,-0.023791354623758046,0,0
2010-09-28,0.0035095452,0.0083122235,0.011459085,0.011063709,5.560362,-0.013188174977714089,-0.02132898383908259,0,0
2010-09-29,-0.0006571022,0.0091884425,0.006959231,0.010505673,5.639332,-0.014578384241042746,-0.023577342763693963,0,0
2010-09-30,-0.0037317572,0.008364194,0.013576029,0.009914734,5.7169695,-0.013270631599168296,-0.02146233936017585,0,0
2010-10-01,0.0048266877,0.009695924,0.0065401495,0.009534025,5.570668,-0.015383553794505744,-0.02487952812463693,0,0
2010-10-04,-0.006587639,0.008458874,0.00951639,0.009184673,5.592482,-0.013420850758326797,-0.02170528594098984,0,0
2010-10-05,0.017471507,0.008488306,0.011814418,0.009071457,5.4151807,-0.013467547161184003,-0.02178080714263963,0,0
2010-10-06,0.0008656136,0.009729979,0.005492769,0.010622208,5.3296895,-0.015437585023576192,-0.024966911800816293,0,0
2010-10-07,0.0006487188,0.007785627,0.010089273,0.010048909,5.316466,-0.012352677103230958,-0.019977749063038747,0,0
2010-10-08,0.003452744,0.008307378,0.011123536,0.009582102,5.125731,-0.013180486349742967,-0.021316549167718444,0,0
2010-10-11,0.0015068349,0.009510142,0.004395929,0.0091558155,5.19725,-0.015088791686999954,-0.024402814990485397,0,0
2010-10-12,0.0019340287,0.0070175645,0.010457529,0.008692041,5.246997,-0.011134068931384867,-0.018006917310548275,0,0
2010-10-13,0.008337836,0.007923433,0.008896903,0.008257812,5.3080807,-0.012571319350690302,-0.020331354999453866,0,0
2010-10-14,-0.00063890964,0.008584637,0.010994689,0.008466722,5.190362,-0.013620385901132947,-0.02202799032149989,0,0
2010-10-15,0.0012774112,0.009160793,0.010247571,0.008024232,5.2414536,-0.014534515537657089,-0.02350639474646373,0,0
2010-10-18,0.0027621393,0.009397409,0.010331046,0.007643092,5.1751475,-0.01490992996813828,-0.024113545344194093,0,0
2010-10-19,-0.012382737,0.00948811,0.012163265,0.007342113,5.1116447,-0.01505383679721245,-0.024346283113964615,0,0
2010-10-20,0.009407809,0.010247584,0.010304838,0.008291691,5.363324,-0.01625881771976525,-0.026295075776100366,0,0
2010-10-21,0.00085088285,0.010082165,0.011405056,0.008562553,5.4063783,-0.015996363775341596,-0.025870614017852907,0,0
2010-10-22,0.004243588,0.010277034,0.0040161167,0.008187752,5.207766,-0.016305543078265046,-0.02637064380715861,0,0
2010-10-25,0.0016924058,0.007211314,0.00737335,0.007984495,5.057754,-0.01144147198660827,-0.01850407440832899,0,0
2010-10-26,0.0,0.007096142,0.0061341817,0.007654937,4.9424167,-0.011258740165141857,-0.018208545718913706,0,0
2010-10-27,-0.0033876805,0.007071336,0.010859246,0.0072660465,4.963728,-0.011219382207953214,-0.018144892845469544,0,0
2010-10-28,0.0004240882,0.008195534,0.00837662,0.0071366215,4.7394233,-0.01300303531359366,-0.021029560991670367,0,0
2010-10-29,0.00042390844,0.008297291,0.0063012857,0.006927568,4.4514685,-0.013164482023165914,-0.021290665675613264,0,0
2010-11-01,0.0027510333,0.007252464,0.011278204,0.0066858935,4.2692327,-0.011506760626598894,-0.018609664480464735,0,0
2010-11-02,0.008207981,0.008435601,0.00550408,0.0064282897,4.298752,-0.013383925979979432,-0.021645568201275018,0,0
2010-11-03,0.0037656948,0.007310911,0.01075285,0.0068925614,4.529536,-0.011599491976852923,-0.018759637124464892,0,0
2010-11-04,0.017593333,0.008180128,0.008532347,0.0066975234,4.6111364,-0.012978592226929672,-0.02099002965383822,0,0
2010-11-05,0.0028682668,0.008548633,0.006696645,0.009200327,4.224181,-0.013563262752352328,-0.02193560614254881,0,0
2010-11-08,-0.001638002,0.0076211197,0.0043448755,0.008743656,4.317469,-0.012091669131209074,-0.019555625848376074,0,0
2010-11-09,-0.007404394,0.0061995964,0.009900653,0.008506605,4.09716,-0.009836280650016243,-0.01590802907721517,0,0
2010-11-10,0.0024742282,0.007434945,0.008734172,0.0084489435,4.2906365,-0.011796284477387628,-0.01907790588194273,0,0
2010-11-11,-0.0024742282,0.008175016,0.0067581916,0.008068782,4.3212495,-0.012970481932413354,-0.020976913029213427,0,0
2010-11-12,-0.012881957,0.0074137915,0.009052365,0.0077807377,4.229524,-0.011762722173035872,-0.019023626207284892,1,0
2010-11-15,0.00020909566,0.00786039,0.0078123333,0.008718908,4.3683863,-0.012471294797959253,-0.020169587198198793,0,0
2010-11-16,-0.017718244,0.00793716,0.009718805,0.008421029,4.116158,-0.012593099423099965,-0.020366579495127053,1,0
2010-11-17,0.002338188,0.0083942525,0.0051720156,0.010191655,4.2169833,-0.013318321542511828,-0.021539467395903296,0,0
2010-11-18,0.01705125,0.007061638,0.0078704255,0.009624081,4.2793226,-0.011203995903372661,-0.018120008868551106,0,0
2010-11-19,0.0004173623,0.007263265,0.007394094,0.011078952,4.17391,-0.011523896937828397,-0.01863737870975675,0,0
2010-11-22,-0.00020865936,0.0075675,0.013695548,0.010413552,4.1766467,-0.012006596548419747,-0.019418039582912595,0,0
2010-11-23,-0.016623212,0.009305015,0.009575247,0.009981511,3.9549885,-0.014763338408077841,-0.023876465610208265,1,0
2010-11-24,0.015370342,0.009392249,0.008838163,0.011110767,4.130801,-0.014901743665060165,-0.0241003057923721,0,0
2010-11-26,-0.011135738,0.008821964,0.008453136,0.011857342,4.2514114,-0.013996929601675095,-0.02263696726616005,0,0
2010-11-29,0.002742907,0.008595713,0.012808705,0.011973152,4.1697683,-0.013637960166456603,-0.022056412845594807,0,0
2010-11-30,-0.005917177,0.009938496,0.0083606215,0.011287282,4.136919,-0.015768419527700642,-0.025501964133971215,0,0
2010-12-01,0.020973923,0.009298198,0.012424478,0.01097931,3.9697623,-0.014752521665843314,-0.023858971899311826,0,0
2010-12-02,0.0150378775,0.010050836,0.007829843,0.012910983,4.0781536,-0.01594665779538283,-0.025790225484561696,0,0
2010-12-03,0.0006131835,0.0091820825,0.008249689,0.013429783,4.0708523,-0.014568293199600596,-0.02356102271484696,0,0
2010-12-06,-0.0012267431,0.008567356,0.0060450127,0.012671708,3.8932374,-0.013592967622192973,-0.021983647261948864,0,0
2010-12-07,0.0010223904,0.007549993,0.009217255,0.011882966,3.8705451,-0.011978819943402738,-0.01937311700943192,0,0
2010-12-08,0.0044861413,0.008113746,0.00623396,0.011440144,3.6155171,-0.012873269696468728,-0.020819693534254665,0,0
2010-12-09,0.0034528316,0.007499689,0.006195514,0.010928777,3.5999665,-0.011899007334062408,-0.019244037598698322,0,0
2010-12-10,0.006467282,0.006888076,0.0039391364,0.010454965,3.5450165,-0.010928622313171476,-0.017674652413618076,0,0
2010-12-13,0.00020143016,0.0057430314,0.005824156,0.010184856,3.565572,-0.009111894624784126,-0.0147364933756081,0,0
2010-12-14,-0.0036319653,0.0058927624,0.0054152124,0.009665037,3.5199695,-0.009349457574947501,-0.015120699403611354,0,0
2010-12-15,-0.003848106,0.005968992,0.005676069,0.009396031,3.4077485,-0.009470403484312693,-0.015316302915895084,0,0
2010-12-16,0.005262105,0.0059380964,0.0062135095,0.008961164,3.4769936,-0.009421384296001575,-0.015237025117635694,0,0
2010-12-17,0.0,0.006138236,0.0037133547,0.008913272,3.376512,-0.009738925445586336,-0.015750578362052153,0,0
2010-12-20,0.0022179664,0.005245892,0.006671808,0.008431555,3.3904274,-0.008323132967166762,-0.013460844191650672,0,0
2010-12-21,0.0076244352,0.0057913098,0.0034422413,0.0081981765,3.3021278,-0.009188493157797115,-0.014860374722003055,0,0
2010-12-22,0.0029937155,0.005094696,0.002548501,0.00846264,3.3431833,-0.008083245421821816,-0.01307287864019979,0,0
2010-12-23,-0.0011964109,0.0041165077,0.0035934942,0.00806453,3.4135175,-0.006531251482280065,-0.010562868444643696,0,0
2010-12-27,0.00019950124,0.004267116,0.004586511,0.007695458,3.411142,-0.006770207017879189,-0.010949326674509891,0,0
2010-12-28,0.00059826503,0.0047299583,0.0028084922,0.007205551,3.4894824,-0.007504552426866059,-0.01213696949749739,0,0
2010-12-29,0.0013945615,0.004153465,0.0028260276,0.0067383726,3.567039,-0.006589888015817857,-0.010657700191896125,0,0
2010-12-30,-0.0009959168,0.003824613,0.0033248158,0.0063139945,3.647319,-0.00606813131526164,-0.009813873032118364,0,0
2010-12-31,-0.0011964109,0.003973755,0.0046119755,0.006052836,3.5978904,-0.006304759993519615,-0.010196568079989395,0,0
2011-01-03,0.009729055,0.0044654068,0.008505592,0.005915506,3.501271,-0.0070848150513561,-0.011458136246191635,0,0
2011-01-04,0.0,0.005767213,0.006567989,0.0071669323,3.4793143,-0.009150260851214108,-0.014798542341812633,0,0
2011-01-05,0.0051241736,0.0061167986,0.00958662,0.0066841454,3.548935,-0.009704913423910626,-0.015695571368144232,0,0
2011-01-06,-0.0011801732,0.0070298887,0.005932566,0.0066756485,3.6049726,-0.011153622133906695,-0.018038540332027373,0,0
2011-01-07,-0.002167275,0.006654223,0.009010053,0.0062785,3.651059,-0.010557591043087143,-0.017074590617592776,0,0
2011-01-10,-0.0015791554,0.0073232134,0.0055865347,0.005942806,3.719853,-0.011619010794549176,-0.01879120453602145,0,0
2011-01-11,0.0039432226,0.006815005,0.0048492793,0.005661441,3.7119963,-0.010812687539701786,-0.017487153315835304,0,0
2011-01-12,0.010180198,0.006004668,0.0050819535,0.0056423363,3.7267091,-0.009527006336390547,-0.015407845628912968,0,0
2011-01-13,-0.0017545575,0.005846648,0.004451877,0.006881435,3.7490287,-0.009276292095308933,-0.015002370268956493,0,0
2011-01-14,0.0064183823,0.005512621,0.007716229,0.006591348,3.6515906,-0.00874632511278308,-0.014145264776752863,0,0
2011-01-18,0.00406308,0.0063408595,0.006228196,0.006852864,3.617569,-0.010060408182018478,-0.01627050625969472,0,0
2011-01-19,-0.012630111,0.006466276,0.008766827,0.0067506367,3.5731497,-0.010259394072479274,-0.01659232234486312,1,0
2011-01-20,-0.0017614253,0.0070968657,0.0076291263,0.008319509,3.4883425,-0.011259887532479432,-0.018210401334223785,0,0
2011-01-21,0.0027386558,0.007354,0.00793756,0.007982004,3.3928976,-0.011667857153868592,-0.018870202821249116,0,0
2011-01-24,0.006814005,0.0074367854,0.0049709585,0.007571207,3.4431663,-0.011799204472969928,-0.01908262833510174,0,0
2011-01-25,-0.00077639753,0.0064513604,0.008106285,0.007661152,3.5012088,-0.010235729168709856,-0.016554049547383234,0,0
2011-01-26,0.004649369,0.0070389654,0.005058282,0.0072732563,3.4660697,-0.0111680230417754,-0.018061830645639286,0,0
2011-01-27,0.0017379555,0.006464093,0.0048244228,0.00723434,3.4056082,-0.010255930253734604,-0.016586720376876543,0,0
2011-01-28,-0.018892372,0.005807055,0.011062549,0.0069361143,3.3731642,-0.009213474638440486,-0.014900776794148685,1,1
2011-01-31,0.0086139925,0.007516619,0.010125859,0.0101435585,3.216253,-0.01192586821688255,-0.019287479192136567,0,0
2011-02-01,0.015666116,0.008597578,0.009392878,0.010212138,3.1913269,-0.013640918166319802,-0.022061196762352416,0,0
2011-02-02,-0.0021131504,0.008536453,0.003929659,0.011460959,3.2982564,-0.013543937575515886,-0.021904351902661302,0,0
2011-02-03,0.0024968802,0.0063456018,0.0076259095,0.010604392,3.3724852,-0.010067932124772376,-0.016282674588798274,0,0
2011-02-04,0.0030645495,0.006765551,0.005369203,0.009991433,3.3818517,-0.010734224082333321,-0.017360255862851965,0,0
2011-02-07,0.006481151,0.006586402,0.0063734,0.009480681,3.380344,-0.01044998644604468,-0.01690056375525526,0,0
2011-02-08,0.004549771,0.0064893127,0.0038099312,0.009351837,3.3390899,-0.010295944237200646,-0.016651434229106036,0,0
2011-02-09,-0.0018932228,0.0055394717,0.0054009836,0.008983677,3.3650482,-0.008788926101941654,-0.014214162543944121,0,0
2011-02-10,-0.00037907506,0.0055831787,0.006454109,0.00863572,3.2665303,-0.008858272151350013,-0.0143263145869398,0,0
2011-02-11,0.0064248145,0.006120971,0.009115926,0.008157954,3.2692926,-0.009711533407697459,-0.015706277741652543,0,0
2011-02-14,0.00037664783,0.0071199355,0.0034997326,0.008284175,3.2127802,-0.011296490179302997,-0.018269598096769528,0,0
2011-02-15,-0.0011303694,0.005554228,0.0036424897,0.007914105,3.1762767,-0.008812338548702251,-0.014252027047519029,0,0
2011-02-16,0.00507663,0.0047925944,0.0044387765,0.0075758663,3.1510036,-0.007603930906821849,-0.012297692417576285,0,0
2011-02-17,0.0035570571,0.0050103744,0.0056795273,0.007481867,3.1960964,-0.007949460399560045,-0.012856510675522756,0,0
2011-02-18,0.003544449,0.005509961,0.0036048598,0.0072354907,3.2303958,-0.008742104827875784,-0.014138439390470364,0,0
2011-02-22,-0.021077182,0.0049045677,0.011270885,0.007168651,3.1770046,-0.007781587347060769,-0.012585012789740599,1,1
2011-02-23,-0.006870256,0.006680034,0.011751692,0.011102288,3.0693126,-0.010598542465481994,-0.017140820571921043,0,0
2011-02-24,-0.0021086943,0.008516207,0.009810847,0.01075981,3.1086354,-0.013511815814382917,-0.021852401991074164,0,0
2011-02-25,0.012206904,0.008561066,0.006342023,0.010133002,3.1127968,-0.013582988783865855,-0.02196750867705963,0,0
2011-02-28,0.0054825735,0.0074258144,0.007751077,0.010851021,3.0816548,-0.011781797607454986,-0.019054476543524462,0,0
2011-03-01,-0.019033693,0.0075445096,0.014900258,0.010429471,3.0974576,-0.011970119677668676,-0.01935904623560983,1,0
2011-03-02,0.0036443889,0.009948401,0.00923647,0.01249347,3.1473236,-0.015784133392987978,-0.025527377868572818,0,0
2011-03-03,0.018213367,0.009745864,0.009320492,0.011760682,3.1319177,-0.015462789100721963,-0.025007673874039432,0,0
2011-03-04,-0.0071698423,0.009172701,0.011601571,0.013429824,3.0935996,-0.014553409094446192,-0.023536950935481433,0,0
2011-03-07,-0.008557626,0.010003348,0.012053256,0.012810709,3.1135342,-0.01587131340363946,-0.025668372436920505,0,0
2011-03-08,0.00836825,0.010583031,0.009183648,0.012442011,3.1315274,-0.016791038718093863,-0.027155826645068513,0,0
2011-03-09,-0.0034149152,0.009791881,0.006958409,0.012127961,3.1333904,-0.015535798943781619,-0.02512575130062384,0,0
2011-03-10,-0.016285446,0.008426648,0.008448949,0.011474994,3.1034436,-0.0133697205226982,-0.021622593986170186,1,0
2011-03-11,0.009037654,0.008402329,0.012772171,0.0125950705,3.1700275,-0.013331136224084973,-0.021560192335983216,0,0
2011-03-14,-0.00807231,0.009905605,0.010281579,0.012289332,3.2130568,-0.01571623422084522,-0.025417565832580938,0,0
2011-03-15,-0.015754484,0.009940534,0.022294313,0.011948163,3.2256308,-0.015771651701304602,-0.025507191466690147,0,0
2011-03-16,-0.016803795,0.0130000375,0.020088354,0.012876418,3.2569253,-0.020625860682068443,-0.03335781106168337,0,0
2011-03-17,0.011693722,0.015193273,0.017373698,0.013756741,3.3432136,-0.024105648463625097,-0.038985605467025994,0,0
2011-03-18,0.0043256064,0.0150962,0.014149069,0.013633755,3.3778205,-0.023951631590968327,-0.03873651691660917,0,0
2011-03-21,0.01460733,0.014070696,0.008613557,0.012841595,3.3395088,-0.02232456879071972,-0.03610509928450172,0,0
2011-03-22,-0.0036803915,0.01127807,0.004480167,0.013354086,3.3678017,-0.01789378722016823,-0.028939280763554395,0,0
2011-03-23,0.002906697,0.007817766,0.009109339,0.012568586,3.3408437,-0.012403667989829597,-0.020060215651330204,0,0
2011-03-24,0.010203188,0.008254408,0.0071185324,0.011816228,3.3466945,-0.013096444406857031,-0.021180629736512205,0,0
2011-03-25,0.0036325438,0.008099525,0.0050320406,0.01174243,3.4355986,-0.012850707821709174,-0.02078320464455316,0,0
2011-03-28,-0.0059335995,0.0066968515,0.006337045,0.011135678,3.4191327,-0.010625225090127447,-0.017183973871813477,0,0
2011-03-29,0.010883163,0.006536013,0.0068399105,0.010697266,3.4721253,-0.010370039011993546,-0.01677126629508854,0,0
2011-03-30,0.0056807576,0.006800664,0.0059238356,0.010900412,3.5552843,-0.010789934738673911,-0.01745035564472179,0,0
2011-03-31,-0.002268432,0.00650404,0.0022732082,0.010534791,3.526276,-0.010319310535905868,-0.016689224098311216,0,0
2011-04-01,0.005096755,0.004582031,0.0063668997,0.0099453,3.5535426,-0.007269851108567892,-0.011757391532126727,0,0
2011-04-04,0.0011290931,0.005333999,0.004262621,0.009638658,3.5179749,-0.008462923570674187,-0.013686924868325337,0,0
2011-04-05,-0.0018825306,0.005382431,0.0058205025,0.009086162,3.5376222,-0.008539765512057687,-0.013811199874435126,0,0
2011-04-06,0.001694437,0.005514285,0.0054981,0.008618584,3.5180652,-0.008748965505441636,-0.014149535033436467,0,0
2011-04-07,-0.00037629352,0.005697219,0.006914173,0.008139293,3.530194,-0.00903920872297593,-0.014618939853030796,0,0
2011-04-08,-0.0035818683,0.006167069,0.008779192,0.0076909065,3.487793,-0.009784672646284933,-0.015824564437155988,0,0
2011-04-11,-0.003215741,0.0070765708,0.006440406,0.007359683,3.5593858,-0.011227687953057005,-0.01815832556860142,0,0
2011-04-12,-0.008562511,0.0068234145,0.005937889,0.007015524,3.6227334,-0.010826029756888345,-0.017508731429200536,0,0
2011-04-13,0.00038211694,0.006427947,0.0074075763,0.0076399576,3.5910194,-0.010198581793860092,-0.01649397180659091,0,0
2011-04-14,0.0011454755,0.006915599,0.008109212,0.0071610906,3.6344807,-0.010972290136786675,-0.017745275551827144,0,0
2011-04-15,0.0064663594,0.007433488,0.0061388537,0.006872415,3.528634,-0.01179397255029969,-0.0190741668463613,0,0
2011-04-18,-0.013551119,0.006932041,0.013101636,0.007051309,3.5871902,-0.0109983773610314,-0.017787465922008198,1,0
2011-04-19,0.0057482435,0.008691042,0.007624075,0.008696055,3.5491893,-0.013789208155790832,-0.022301023333828003,0,0
2011-04-20,0.014980843,0.008409885,0.0073826313,0.008450096,3.6181064,-0.013343123860116681,-0.021579579711084106,0,0
2011-04-21,0.002068253,0.0076758107,0.005038806,0.009750772,3.8068683,-0.012178441953136655,-0.019695961878167342,0,0
2011-04-25,-0.00018784634,0.006641698,0.004247688,0.009193583,3.7619498,-0.010537719328496842,-0.01704245247262066,0,0
2011-04-26,0.007672911,0.0057457373,0.00839069,0.008567781,3.8601775,-0.009116187298797896,-0.014743435835411739,0,0
2011-04-27,0.0074294545,0.006812777,0.0057158372,0.008627698,3.8684616,-0.010809152236714477,-0.017481435737746596,0,0
2011-04-28,0.0029563953,0.0066188844,0.005928473,0.008575541,3.9476473,-0.010501522965533349,-0.01698391278521232,0,0
2011-04-29,0.003499405,0.0062599434,0.0052975444,0.008243748,3.832225,-0.009932027006554817,-0.016062877833370834,0,0
2011-05-02,-0.0014719414,0.0060096346,0.009389001,0.008010331,3.7004611,-0.009534886795493818,-0.01542059054510814,0,0
2011-05-03,-0.00424394,0.0071186316,0.0061238706,0.007716727,3.553308,-0.011294421660585568,-0.018266252720902935,0,0
2011-05-04,-0.00667906,0.006867543,0.008258258,0.007648039,3.4267194,-0.010896044500667735,-0.01762196493884775,0,0
2011-05-05,-0.0059746257,0.007192062,0.01182437,0.007679532,3.508441,-0.011410926498268723,-0.018454673772664687,0,0
2011-05-06,-0.00037460198,0.008773335,0.010539619,0.007629311,3.6213052,-0.013919774577406105,-0.022512185917071326,0,0
2011-05-09,0.0061630597,0.009306834,0.00564941,0.007412119,3.4311612,-0.014766224018834567,-0.023881132453444733,0,0
2011-05-10,0.008158769,0.007482479,0.0075763683,0.0073521878,3.7174,-0.011871702163101298,-0.019199877466524077,0,0
2011-05-11,-0.011142177,0.0074133463,0.011318398,0.007571673,3.9165006,-0.011762016379247774,-0.01902248474045377,0,0
2011-05-12,0.006514681,0.008911904,0.009850201,0.00835946,3.8728464,-0.014139627532671189,-0.022867749908127524,0,0
2011-05-13,-0.010069076,0.009241676,0.009835845,0.008335585,3.8245995,-0.014662844231018558,-0.02371393829448479,0,0
2011-05-16,-0.006392201,0.009153946,0.008207713,0.008882836,3.711906,-0.014523652647367184,-0.023488826401197566,0,0
2011-05-17,0.0,0.008675548,0.008544397,0.008588256,3.930856,-0.013764625720096886,-0.022261266629467664,0,0
2011-05-18,0.009759837,0.008476204,0.0062799095,0.008264945,3.74206,-0.013448346855556226,-0.02174975485457609,0,0
2011-05-19,0.0024251482,0.0075598033,0.0055730115,0.008598557,3.8197565,-0.011994384506157977,-0.01939828927989617,0,0
2011-05-20,-0.010488952,0.006751783,0.0063259127,0.008186843,3.9739792,-0.010712379764591667,-0.017324927464428767,0,0
2011-05-23,-0.009459019,0.006727738,0.0070929704,0.0087186,3.917975,-0.01067422980061727,-0.01726322825536864,0,0
2011-05-24,-0.0013314314,0.006986026,0.0057408763,0.009031446,3.8387191,-0.011084029961536332,-0.017925990239059816,0,0
2011-05-25,0.0022813699,0.006540989,0.011864631,0.008464677,3.9822972,-0.010377933948918111,-0.016784034625987942,0,0
2011-05-26,0.0075671948,0.008090307,0.006515163,0.008165304,3.8465,-0.012836081602746574,-0.020759549939606697,0,0
2011-05-27,0.0026350475,0.0075648157,0.0046405876,0.008136186,4.1556315,-0.01200233735436772,-0.019411151269612483,0,0
2011-05-31,0.0104713,0.006125853,0.0064631687,0.007893852,4.009719,-0.009719279042089926,-0.01571880460841459,0,0
2011-06-01,-0.02409755,0.0063693966,0.01191981,0.008435916,3.9206662,-0.01010568575838884,-0.016343732820330154,1,1
2011-06-02,0.00038102496,0.008303691,0.007272823,0.011478326,3.6425312,-0.013174636405076226,-0.021307088163791267,0,0
2011-06-03,-0.012458235,0.007971516,0.0069294972,0.010737897,3.649611,-0.012647608420273125,-0.020454735856545947,0,0
2011-06-06,-0.008716762,0.0072987406,0.0055357176,0.010767547,3.8486407,-0.011580182182701607,-0.01872840776270063,0,0
2011-06-07,-0.00019457146,0.00667016,0.0071273693,0.010709629,3.7065976,-0.010582876557977695,-0.017115484398527198,0,0
2011-06-08,-0.00605057,0.006915121,0.0050167753,0.010392654,3.496679,-0.010971531860896383,-0.017744049206693195,0,0
2011-06-09,0.008188777,0.0062998417,0.009176003,0.009959656,3.6412735,-0.009995329470436623,-0.016165255700770285,0,0
2011-06-10,-0.014276179,0.007261662,0.007998021,0.010141682,3.4658465,-0.01152135336559975,-0.018633265038907672,1,0
2011-06-13,0.0017711311,0.007726969,0.006774927,0.010663907,3.572836,-0.012259610048495666,-0.0198272334905843,0,0
2011-06-14,0.010172232,0.0072070034,0.008756903,0.009981657,3.7260778,-0.01143463212091053,-0.018493012424000213,0,0
2011-06-15,-0.019257817,0.0076727658,0.010414002,0.010583673,3.3691816,-0.012173610885143502,-0.01968814868405022,1,0
2011-06-16,0.0027739268,0.00868306,0.009314518,0.011734985,3.6217692,-0.013776544586477445,-0.022280542784723467,0,0
2011-06-17,0.0019766758,0.00883863,0.010398648,0.0108666085,3.7900822,-0.014023371532541531,-0.02267973129659469,0,0
2011-06-20,0.006102982,0.009207504,0.009711441,0.010160739,3.9548724,-0.014608626599998944,-0.02362625315398849,0,0
2011-06-21,0.011125322,0.009303458,0.009103278,0.00971632,4.183441,-0.014760867224955666,-0.02387246901288033,0,0
2011-06-22,-0.0064258813,0.0090789,0.006806819,0.00999339,4.036752,-0.014404584330451104,-0.023296259483368418,0,0
2011-06-23,-0.0021511693,0.008053319,0.013154969,0.009621403,4.223535,-0.012777395754129998,-0.02066463843601799,0,0
2011-06-24,-0.010232281,0.009583241,0.0120510785,0.009371677,3.9196882,-0.015204772608525019,-0.024590388722637895,0,0
2011-06-27,0.009644795,0.010552746,0.011580359,0.00940879,4.1353,-0.016742988638945636,-0.02707811616857339,0,0
2011-06-28,0.01419843,0.010498566,0.009804391,0.009360588,4.380866,-0.016657024765282875,-0.02693908843538087,0,0
2011-06-29,0.0075036427,0.009938145,0.005626934,0.009865895,4.703228,-0.01576786213158081,-0.025501062667858433,0,0
2011-06-30,0.008588659,0.0078834705,0.0061637843,0.009674808,4.6713386,-0.012507915542059437,-0.02022881322912482,0,0
2011-07-01,0.014527187,0.0071290024,0.008725107,0.009529102,4.8460927,-0.011310875704486576,-0.0182928635322582,0,0
2011-07-05,0.0014972865,0.007880344,0.0049294485,0.01009384,4.9527817,-0.012502955078538465,-0.02022079076608866,0,0
2011-07-06,-0.000748363,0.006754063,0.0075547276,0.00961195,4.766166,-0.010715997410187588,-0.017330778213647768,0,0
2011-07-07,0.011907117,0.0069381986,0.005187295,0.009129487,4.8994613,-0.01100814627094975,-0.017803264993686126,0,0
2011-07-08,-0.007425317,0.006408171,0.012521929,0.009474774,4.9918213,-0.01016720473565995,-0.016443226288852503,0,0
2011-07-11,-0.017480005,0.008104991,0.011177314,0.009263674,5.1384435,-0.012859380036664479,-0.020797230052385807,1,0
2011-07-12,-0.005895234,0.009282081,0.014729252,0.010343873,5.4090075,-0.01472695111884603,-0.023817617141387915,0,0
2011-07-13,0.0011437287,0.0105985105,0.010979655,0.010000266,5.0939193,-0.016815598532192035,-0.0271955467639535,0,0
2011-07-14,-0.0042000827,0.010525151,0.011145942,0.009389614,5.3063083,-0.016699205897623914,-0.027007307176149513,0,0
2011-07-15,0.006293527,0.010346042,0.0073451074,0.008940133,5.571234,-0.016415031601803434,-0.02654771750788381,0,0
2011-07-18,-0.01108786,0.008965617,0.010879134,0.008730571,5.6945376,-0.014224849417992614,-0.023005577637728356,0,0
2011-07-19,0.015829451,0.009489241,0.008923805,0.008939075,6.1504564,-0.01508132277054584,-0.0242982724430181,0,0
2011-07-20,0.0,0.00936087,0.0056056324,0.009748542,6.0483966,-0.014860339402327215,-0.024003436108808316,0,0
2011-07-21,0.01595529,0.0075968863,0.011667812,0.0092727,5.63822,-0.012053220562170482,-0.019493443711041242,0,0
2011-07-22,-0.0011179431,0.008757796,0.007913132,0.010008732,5.694124,-0.01389512065746952,-0.022472313602608856,0,0
2011-07-25,-0.0056085396,0.008617427,0.009556134,0.00958578,5.3076663,-0.013672411047090298,-0.022112129597724645,0,0
2011-07-26,-0.0054516536,0.00861412,0.0067596063,0.009333335,5.171569,-0.013667163741734933,-0.022103643230860965,0,0
2011-07-27,-0.020760674,0.007866153,0.01030706,0.009018018,5.4066343,-0.012480438446970455,-0.020184375047337867,1,1
2011-07-28,-0.0017336034,0.008553184,0.0095496,0.010579093,5.2162476,-0.013570481755995213,-0.02194728129944456,0,0
2011-07-29,-0.006382383,0.009019075,0.011361138,0.00999775,5.26023,-0.014309665019453967,-0.023142748292191786,0,0
2011-08-01,-0.006814005,0.009585787,0.01759588,0.009639175,5.564546,-0.015208810110938477,-0.024596918498279514,0,0
2011-08-02,-0.02572362,0.011879818,0.014176309,0.009529657,5.213905,-0.018848519906512325,-0.030483351726526012,1,0
2011-08-03,0.005795959,0.012458345,0.015464062,0.01207613,5.092555,-0.01976641196684533,-0.03196784104775113,0,0
2011-08-04,-0.04545774,0.012879966,0.02964911,0.011384783,5.128052,-0.020435356080294634,-0.033049711602935614,1,1
2011-08-05,-0.0008345504,0.017191894,0.033089377,0.019241538,4.5404334,-0.02727666232125454,-0.0441140256947813,0,0
2011-08-08,-0.074959286,0.02178698,0.03822024,0.017130554,4.626036,-0.03456722440561589,-0.055904912693015875,1,1
2011-08-09,0.05301285,0.02556247,0.052983318,0.034063693,4.136383,-0.04055741934669056,-0.0655927407137267,0,0
2011-08-10,-0.042049546,0.032635164,0.030761905,0.039208878,4.3970804,-0.05177895422569748,-0.08374111503303117,0,0
2011-08-11,0.039272062,0.031299934,0.043606736,0.04141842,4.515589,-0.049660479785893656,-0.0803149467294986,0,0
2011-08-12,0.0070355264,0.03357881,0.023821933,0.040740643,4.654733,-0.053276141920297615,-0.08616248813402219,0,0
2011-08-15,0.018314373,0.028818961,0.011573626,0.035585582,4.709586,-0.045724166484918144,-0.07394882230940655,0,0
2011-08-16,-0.0052284966,0.019083,0.014095002,0.032150175,4.8467994,-0.030277091249483516,-0.048966562169968725,0,0
2011-08-17,-0.0018889711,0.015792102,0.014924544,0.02821694,4.6679745,-0.02505575005688267,-0.04052218665148264,0,0
2011-08-18,-0.039859574,0.014906373,0.028614847,0.024004105,4.7527103,-0.023650453094037658,-0.03824942667822753,1,1
2011-08-19,-0.017199984,0.018225139,0.019457787,0.02866014,4.62945,-0.02891600774314373,-0.046765307776588286,0,0
2011-08-22,-0.0006674825,0.018351408,0.022070907,0.02620561,4.809081,-0.029116346405031718,-0.047089311673183004,0,0
2011-08-23,0.030899797,0.018364608,0.017995669,0.022628738,4.850186,-0.02913729038326163,-0.04712318396968701,0,0
2011-08-24,0.011585626,0.017522516,0.019702107,0.024701303,4.782038,-0.02780122455211845,-0.044962390185212774,0,0
2011-08-25,-0.012449184,0.017492404,0.020098776,0.022122445,4.8909326,-0.02775345136130248,-0.044885127514936014,0,0
2011-08-26,0.015856342,0.017885506,0.026905304,0.02006867,4.895207,-0.028377146854024007,-0.04589381833889352,0,0
2011-08-29,0.02684725,0.020131066,0.013518536,0.019284831,4.7380505,-0.031939952272610025,-0.05165587558511824,0,0
2011-08-30,-0.002694023,0.016705303,0.014708689,0.021318745,4.5570736,-0.026504634310461933,-0.04286543951865455,0,0
2011-08-31,0.010732817,0.014884746,0.015063273,0.018576795,4.706592,-0.023616138847842427,-0.03819393090236885,0,0
2011-09-01,-0.013642212,0.0144634675,0.013672316,0.017433623,4.876497,-0.022947739462419327,-0.037112941325430956,0,0
2011-09-02,-0.027000163,0.013715255,0.012333488,0.016626906,4.90052,-0.021760625076207563,-0.03519304387173173,1,0
2011-09-06,-0.004070707,0.012677008,0.01888408,0.019398509,4.761474,-0.020113342188793754,-0.032528924678331676,0,0
2011-09-07,0.029196065,0.0143328095,0.011610199,0.01761498,4.551921,-0.022740436968488768,-0.03677767495610251,0,0
2011-09-08,-0.01111239,0.012961141,0.010804015,0.020518271,4.551876,-0.02056414715907369,-0.033258002958072956,0,0
2011-09-09,-0.023681106,0.0115092695,0.024464784,0.018992862,4.6493144,-0.0182606081588474,-0.029532533270906353,1,0
2011-09-12,0.004523433,0.014956768,0.018421398,0.019977976,4.7509794,-0.023730408671863268,-0.038378737309165384,0,0
2011-09-13,0.0017178445,0.016223771,0.01874572,0.018263202,4.556809,-0.025740637871032354,-0.041629842649698344,0,0
2011-09-14,0.014483746,0.016117793,0.02772807,0.016389143,4.572896,-0.025572490644792317,-0.04135790134795486,0,0
2011-09-15,0.018437564,0.019020868,0.013449391,0.015980482,4.7475877,-0.030178511764290407,-0.04880713144887942,0,0
2011-09-16,0.0062086293,0.016193371,0.010682588,0.01636488,5.009834,-0.02569240500939029,-0.04155183656256234,0,0
2011-09-19,-0.011620799,0.012907466,0.013169443,0.01484902,5.123374,-0.020478986804492765,-0.03312027474096509,0,0
2011-09-20,-0.0014621413,0.012596482,0.017233973,0.014496326,4.9133873,-0.01998558084505426,-0.03232229869403255,0,0
2011-09-21,-0.03423317,0.014020079,0.019766863,0.012916379,5.0158277,-0.022244258506272395,-0.03597521499331029,1,0
2011-09-22,-0.02830067,0.015488302,0.027640058,0.01898326,4.8241105,-0.024573741762258128,-0.03974264383045369,1,0
2011-09-23,0.0055475566,0.01855439,0.02284048,0.021276157,4.926537,-0.02943839649108583,-0.047610157134547505,0,0
2011-09-26,0.025129696,0.019441983,0.018790264,0.019739501,4.4712,-0.030846652358657873,-0.04988770248797924,0,0
2011-09-27,0.009450242,0.01808888,0.02011238,0.02099447,4.673159,-0.028699821296121437,-0.04641567355937786,0,0
2011-09-28,-0.017901912,0.017972684,0.020575158,0.019360747,4.702687,-0.02851546252948707,-0.046117513642574944,0,0
2011-09-29,0.006507615,0.018344555,0.022452945,0.01906609,4.9348917,-0.029105473561239673,-0.047071727230307676,0,0
2011-09-30,-0.02651048,0.019073652,0.016519489,0.017281177,4.9811106,-0.030262258721567473,-0.048942573805487014,0,0
2011-10-03,-0.035940133,0.017287903,0.022769978,0.019640544,5.142625,-0.027428988908275196,-0.0443603805784795,1,0
2011-10-04,0.02477681,0.018198192,0.03006401,0.024204817,5.300139,-0.028873252927133906,-0.046696161228164605,0,0
2011-10-05,0.019124443,0.021473095,0.018701885,0.024509186,5.239133,-0.03406921630873345,-0.055099493696976816,0,0
2011-10-06,0.019629857,0.019624835,0.01515873,0.023532381,5.356341,-0.03113676618066435,-0.05035689803865453,0,0
2011-10-07,-0.002162163,0.016691687,0.017648626,0.02284641,5.494349,-0.026483031591363126,-0.042830501853108154,0,0
2011-10-10,0.030692946,0.016350219,0.012398281,0.020417133,5.3991027,-0.02594125885043558,-0.041954303133025506,0,0
2011-10-11,-0.0012602396,0.014276693,0.008318378,0.023060448,5.693354,-0.022651401986983948,-0.036633680378775596,0,0
2011-10-12,0.007329108,0.011185554,0.020032622,0.020600915,5.599611,-0.017747000209520317,-0.02870188493106149,0,0
2011-10-13,-0.00020865936,0.013480689,0.0112423,0.018730652,5.461426,-0.02138846363119844,-0.03459115426535762,0,0
2011-10-14,0.017582417,0.012664375,0.012390415,0.016698154,5.3947062,-0.020093299454939414,-0.032496509947165866,0,0
2011-10-17,-0.0209269,0.011743839,0.01777949,0.017034702,5.6012554,-0.018632776842767172,-0.030134434584632573,1,0
2011-10-18,0.023997841,0.013439412,0.021189833,0.018092291,5.816385,-0.02132297320657353,-0.0344852378507817,0,0
2011-10-19,-0.01358325,0.015729267,0.012477365,0.019588208,5.899373,-0.02495605758917756,-0.0403609559250058,0,0
2011-10-20,0.0028967536,0.013911318,0.013843877,0.018634185,5.8501544,-0.02207169916399291,-0.035696138060453284,0,0
2011-10-21,0.020653019,0.013141817,0.008731502,0.016881427,5.8117623,-0.020850809830429133,-0.033721617028627866,0,0
2011-10-24,0.009467288,0.011084031,0.011866174,0.017827163,6.0974193,-0.01760563542254219,-0.028402630667939133,0,0
2011-10-25,-0.01820807,0.011044402,0.014528131,0.016709173,6.1777477,-0.01755811846874054,-0.0282699153481136,1,0
2011-10-26,0.010560618,0.012172232,0.013557094,0.017077934,6.51027,-0.01941432179124124,-0.031021469814433097,0,0
2011-10-27,0.035718083,0.0124517055,0.018905627,0.01610947,6.700068,-0.01989238421133976,-0.03165960687202294,0,0
2011-10-28,-0.0011702752,0.014025099,0.006331456,0.021121202,6.8932443,-0.022439751261828737,-0.035579028525520154,0,0
2011-10-31,-0.025097651,0.010213032,0.012909537,0.019239709,6.8268175,-0.016332350733040162,-0.0259285226424565,1,0
2011-11-01,-0.020010773,0.010525062,0.019581554,0.020472908,7.20221,-0.016875902015496436,-0.026608539438724134,1,0
2011-11-02,0.007930901,0.013699607,0.011605817,0.020476302,7.3501306,-0.021986288077495586,-0.03458016482597546,0,0
2011-11-03,0.017269505,0.012629272,0.024173189,0.018897096,7.3741813,-0.02027145805222601,-0.031870530518919665,0,0
2011-11-04,-0.0037897723,0.015311735,0.013552274,0.018743632,7.201904,-0.0245508131997438,-0.03870991410655879,0,0
2011-11-07,0.0051823915,0.014526642,0.01527413,0.017121613,7.179861,-0.02328866425558924,-0.036733809502718325,0,0
2011-11-08,0.012447064,0.013873638,0.012839746,0.015632302,7.2786922,-0.02225581811689128,-0.035045609911444835,0,0
2011-11-09,-0.038019784,0.013147121,0.016868204,0.015139792,7.399891,-0.02110589650886828,-0.03316857871032017,1,1
2011-11-10,0.009540314,0.013975897,0.014271094,0.021242589,7.326317,-0.022426456551334798,-0.035286306213021076,0,0
2011-11-11,0.019208273,0.014002412,0.012860585,0.019792987,7.3163753,-0.02246763338439873,-0.03535691553494745,0,0
2011-11-14,-0.0071599353,0.012983003,0.014187032,0.019770969,7.332031,-0.020833931730135126,-0.03277749637632285,0,0
2011-11-15,0.0011968883,0.013006822,0.015957171,0.018233605,7.3411584,-0.0208733135955432,-0.032834514268539866,0,0
2011-11-16,-0.018511595,0.013740372,0.010930456,0.016663669,6.9663467,-0.021995955391366305,-0.03482763480765016,0,0
2011-11-17,-0.013288553,0.012184008,0.01855666,0.017048955,7.247093,-0.0195414648723371,-0.030787793770626085,0,0
2011-11-18,-0.0006176017,0.013753075,0.0121685425,0.016571334,7.0762796,-0.02203326437453496,-0.03481700193841187,0,0
2011-11-21,-0.019337332,0.013008918,0.014304972,0.014967136,7.078275,-0.02084136364668898,-0.03293238393302804,0,0
2011-11-22,-0.006741125,0.012797845,0.010971737,0.015950063,7.3715916,-0.02054171882780559,-0.032296794604428136,0,0
2011-11-23,-0.019422231,0.011832989,0.01048993,0.014829322,7.0678415,-0.01895607337309359,-0.029958944216980758,1,0
2011-11-25,-0.0056192065,0.01092606,0.015576844,0.01592091,7.1167827,-0.017509016530661514,-0.027647880506008922,0,0
2011-11-28,0.03199249,0.012282673,0.012676054,0.014685329,6.932517,-0.01965761196589208,-0.031144793400747873,0,0
2011-11-29,0.004607338,0.012256871,0.011285352,0.019260872,7.1940675,-0.01965165430044318,-0.030989458863743543,0,0
2011-11-30,0.040537793,0.011472756,0.02650891,0.017587088,7.070588,-0.018379338970855,-0.02904602051857815,0,0
2011-12-01,-0.002008436,0.015328396,0.008671877,0.023846777,7.0631013,-0.024554805621695323,-0.038810706743663013,0,0
2011-12-02,0.0,0.012391475,0.011715981,0.02147846,6.6952953,-0.019795390573361153,-0.031508279720181234,0,0
2011-12-05,0.009205588,0.011264229,0.00965887,0.01947132,6.5336037,-0.017969829965849032,-0.028698974532292944,0,0
2011-12-06,0.0,0.010678141,0.011513388,0.018144252,6.4748983,-0.017025836556016766,-0.027225888763224553,0,0
2011-12-07,0.0071457233,0.010780812,0.0128447395,0.01652038,6.3359866,-0.017166913749664205,-0.027536977056297925,0,0
2011-12-08,-0.022400936,0.0113859335,0.018787429,0.015351325,6.255333,-0.018115803049251478,-0.029113670715108664,1,0
2011-12-09,0.018238805,0.013414846,0.01401257,0.017040344,6.481987,-0.02139077768202975,-0.0342005447269257,0,0
2011-12-12,-0.018845785,0.013366529,0.016669588,0.017391521,6.616457,-0.021338989866965558,-0.034020221604262095,0,0
2011-12-13,-0.012217623,0.013826193,0.0175511,0.017784856,6.8277144,-0.022110553484142773,-0.03510113346332165,0,0
2011-12-14,-0.011539382,0.01473648,0.012141521,0.017057898,6.8481665,-0.023569947807848515,-0.03740318962372752,0,0
2011-12-15,0.004549222,0.013309188,0.012849816,0.016366018,6.864513,-0.02128973081844426,-0.033774111813831914,0,0
2011-12-16,-0.0006191312,0.01257775,0.009714174,0.015160044,6.720901,-0.020097149500586036,-0.03197207810296004,0,0
2011-12-19,-0.0099585885,0.011205984,0.012518286,0.01395914,6.6067557,-0.017888309355736678,-0.028524651826399326,0,0
2011-12-20,0.030392483,0.011326709,0.0119512575,0.013552527,6.672248,-0.018090991836576364,-0.028808886401439873,0,0
2011-12-21,0.00020224492,0.011415251,0.014874432,0.017618742,6.661695,-0.018230814731164613,-0.02903781063069981,0,0
2011-12-22,0.010260628,0.012288051,0.008469878,0.016336966,6.5024195,-0.019597663729269434,-0.031319736845587025,0,0
2011-12-23,0.008966883,0.010455297,0.004169334,0.015727308,6.5394297,-0.01668020102653794,-0.026636036449871253,0,0
2011-12-27,0.0,0.0071786554,0.004487889,0.015089886,6.5629687,-0.011455074611862634,-0.01828305650414165,0,0
2011-12-28,-0.012576271,0.006103469,0.009373302,0.0141251795,6.482973,-0.009732436363566037,-0.01556032605427546,1,0
2011-12-29,0.01039178,0.0074783624,0.004948963,0.014028674,6.6950593,-0.011946666078458637,-0.019015573061488194,0,0
2011-12-30,-0.003984069,0.006652189,0.0050710603,0.01367313,6.868643,-0.010641349843184529,-0.016880145263467036,0,0
2012-01-03,0.015448911,0.0059214565,0.0052375235,0.01285405,6.913274,-0.0094755637532656,-0.015018159036739705,0,0
2012-01-04,0.00078585465,0.0058483044,0.0066700974,0.013431184,6.9738092,-0.009362623493423256,-0.01482240827328486,0,0
2012-01-05,0.0,0.0062844595,0.010169632,0.012581786,7.000694,-0.010062796241059277,-0.015923009126621302,0,0
2012-01-06,0.0009814507,0.0075766384,0.008585824,0.011788479,6.970615,-0.012129256995440927,-0.019203529184544474,0,0
2012-01-09,0.0009804884,0.007946169,0.0058232425,0.01101595,7.0183926,-0.012725143633316446,-0.020129305663951654,0,0
2012-01-10,0.008198367,0.0069481307,0.008030147,0.010266364,7.061253,-0.01113018153897845,-0.01759266819745125,0,0
2012-01-11,0.0017480825,0.007297185,0.005537542,0.010124937,7.27619,-0.011705818145335759,-0.018433596410825072,0,0
2012-01-12,0.00271318,0.0067572137,0.009031709,0.009459564,7.2976303,-0.01084106533632891,-0.01706571222140399,0,0
2012-01-13,-0.0021311643,0.007507002,0.01216924,0.0089019975,7.1530027,-0.012032873572125236,-0.018988620371114318,0,0
2012-01-17,0.00019393,0.009159614,0.0114699695,0.00831462,7.2274823,-0.014688924022446651,-0.023150276648394363,0,0
2012-01-18,0.010032884,0.009782898,0.007313129,0.007708612,7.1852474,-0.01568419162055649,-0.02473677560028431,0,0
2012-01-19,0.006315206,0.008460432,0.0055175065,0.008456546,7.501538,-0.013590061902580865,-0.021322666078314255,0,0
2012-01-20,0.00019074869,0.0070606545,0.0037667358,0.008384112,7.3904123,-0.011334272850232962,-0.01781489958776119,0,0
2012-01-23,0.00019071231,0.005741506,0.006947313,0.00785382,7.4507694,-0.009219945380165238,-0.014477609160722615,0,0
2012-01-24,0.00038131553,0.0063608494,0.0055457596,0.0073409374,7.490246,-0.010216829731755573,-0.01603294370680927,0,0
2012-01-25,0.0066495924,0.006339424,0.010906462,0.0068497527,7.4292245,-0.010178829817405009,-0.015988798529794554,0,0
2012-01-26,-0.003794351,0.007653706,0.010675417,0.0070907413,7.750269,-0.012310684401287795,-0.01924282087038326,0,0
2012-01-27,-0.0020930462,0.008680911,0.006510103,0.0068486314,7.8353076,-0.013968870991569163,-0.021808001200205707,0,0
2012-01-30,-0.0026702285,0.007508118,0.009738233,0.0064583477,7.8652897,-0.012083452605343473,-0.018856500359584742,0,0
2012-01-31,-0.00057312066,0.008050873,0.0082247555,0.006156396,7.4295287,-0.012926823626302293,-0.020305219224833856,0,0
2012-02-01,0.008751959,0.008257493,0.01113512,0.005772041,7.402922,-0.013256508495460366,-0.020831998496086437,0,0
2012-02-02,0.0022705782,0.009082589,0.0046699834,0.0068894904,7.2099953,-0.014563770702390883,-0.02295989253249819,0,0
2012-02-03,0.012210164,0.007129992,0.008889152,0.006496566,7.3311596,-0.011441496151807245,-0.01800087459651598,0,0
2012-02-06,0.0,0.007539831,0.0053018597,0.008181093,7.616198,-0.012118979038808642,-0.01898096407596992,0,0
2012-02-07,0.0042850557,0.0069130566,0.006898391,0.007576583,7.6781554,-0.011115219853051101,-0.01739266118519117,0,0
2012-02-08,0.0016717752,0.0067830775,0.005108634,0.0072985585,7.80671,-0.010913425601434362,-0.017044847013457997,0,0
2012-02-09,0.0009275578,0.006281751,0.006274173,0.006841532,7.901453,-0.010111528466100615,-0.0157712599913124,0,0
2012-02-10,-0.0057647764,0.0063146064,0.0068143085,0.0063836584,8.039652,-0.010170994240159895,-0.015834005349166992,0,0
2012-02-13,0.0063208984,0.0066215387,0.0049194694,0.006459898,8.466098,-0.01068452907372435,-0.01654371074664677,0,0
2012-02-14,-0.00092704187,0.005997296,0.007460453,0.006621322,8.801695,-0.009689142686222278,-0.014944807698943751,0,0
2012-02-15,-0.004089225,0.0065048155,0.010206985,0.0061798193,8.912467,-0.010513022735326772,-0.016196121086719615,0,0
2012-02-16,0.009269625,0.007860903,0.010494806,0.0060233376,9.189612,-0.012715885046011764,-0.01953375328766013,0,0
2012-02-17,0.0036839237,0.008627421,0.0036379783,0.0069172317,9.657734,-0.01397418313223704,-0.0213718234648963,0,0
2012-02-21,0.00018384043,0.006178764,0.006437726,0.006646292,9.78033,-0.010011135716310293,-0.015294242714819618,0,0
2012-02-22,-0.0029455102,0.006192884,0.005462253,0.0062062843,9.72828,-0.010032690943468474,-0.015334168780655149,0,0
2012-02-23,0.005148963,0.006302946,0.0062645776,0.005941273,9.318122,-0.010199599972939151,-0.015648506439263965,0,0
2012-02-24,0.00018340211,0.0063307714,0.0036244045,0.0059855278,9.489392,-0.0102495852443024,-0.015699625869598565,0,0
2012-02-27,0.0029298684,0.005322033,0.009034516,0.005567984,9.432059,-0.008615057958236486,-0.013203061812499922,0,0
2012-02-28,0.0031036083,0.0065105436,0.004370578,0.005340301,9.254464,-0.010533574439598377,-0.016170950472539383,0,0
2012-02-29,-0.0051169703,0.00588586,0.010150995,0.0051575573,9.344963,-0.009525399592558579,-0.014610339735986242,0,0
2012-03-01,0.0073019676,0.006960543,0.0064720954,0.005344891,9.240791,-0.011261182138179478,-0.01729029061910682,0,0
2012-03-02,-0.004192114,0.006998643,0.0056140013,0.005960782,9.58086,-0.011333684937616231,-0.017345549737840152,0,0
2012-03-05,-0.0031098535,0.006318024,0.005830022,0.0058526034,9.337497,-0.010224573712417534,-0.015683882622690812,0,0
2012-03-06,-0.016627023,0.0062226946,0.010047725,0.0056217867,9.293415,-0.010069010583972273,-0.015451863737611026,1,1
2012-03-07,0.007978519,0.007568456,0.004424885,0.008896903,8.380012,-0.01220833006387872,-0.018922861238791864,0,0
2012-03-08,0.0101131685,0.0063582384,0.0069386447,0.008917012,8.480724,-0.01026024823893302,-0.01588398458979482,0,0
2012-03-09,0.004381168,0.0064460407,0.005071946,0.009341264,8.821919,-0.010414851994286314,-0.01606060035233778,0,0
2012-03-12,0.0,0.006167775,0.0034836787,0.008809569,8.453344,-0.009951840860303271,-0.015411589448785283,0,0
2012-03-13,0.013209276,0.0051072077,0.007118984,0.00816607,8.179838,-0.00823134451279409,-0.012790739379817924,0,0
2012-03-14,-0.001439108,0.005920968,0.005029326,0.009448111,8.468329,-0.00955416955101369,-0.014793089331507038,0,0
2012-03-15,0.0052069426,0.005898521,0.00547991,0.008750098,8.002673,-0.009499188326575517,-0.014795538693603373,0,0
2012-03-16,0.0017892293,0.0057208757,0.003053513,0.0084293,7.6792874,-0.009198416303452117,-0.014393079438863947,0,0
2012-03-19,0.003925072,0.004752922,0.006678836,0.007885585,7.3964415,-0.007630007086433448,-0.011991464749998324,0,0
2012-03-20,-0.002853069,0.0055026254,0.0064611714,0.007533375,7.3782983,-0.008832574115747008,-0.013885530504821867,0,0
2012-03-21,-0.0017873106,0.006173384,0.005701194,0.0071573826,7.1181793,-0.00989294278215149,-0.015621217737964103,0,0
2012-03-22,-0.0061008623,0.005958371,0.008411871,0.0067347325,7.0601664,-0.009544618654975877,-0.015086778832529854,0,0
2012-03-23,0.0035932485,0.0067822495,0.0071755187,0.0068317703,7.189315,-0.010873762527336073,-0.017148664408698056,0,0
2012-03-26,0.014952219,0.007033725,0.0067630922,0.006593499,7.076441,-0.011268468530237056,-0.01780640188687357,0,0
2012-03-27,-0.006025182,0.006828577,0.005773422,0.008878918,6.9113193,-0.010926987766066132,-0.017319210630370944,0,0
2012-03-28,-0.0044535566,0.006498566,0.009860638,0.008619805,6.9125485,-0.010399003388225936,-0.016481976674736533,0,0
2012-03-29,-0.0014293374,0.0076583643,0.008979393,0.008251196,6.74467,-0.012239129719292327,-0.01946168893561628,0,0
2012-03-30,0.00356952,0.008275325,0.00476001,0.0077299057,6.623404,-0.01321192123876449,-0.021060398312995783,0,0
2012-04-02,0.0065702093,0.006604738,0.009125077,0.0073827403,6.639118,-0.010546154514444184,-0.016805580077193006,0,0
2012-04-03,-0.0026583977,0.0073715756,0.007273878,0.0074237646,6.7589006,-0.011782136712619736,-0.018729718420948182,0,0
2012-04-04,-0.011063639,0.007598028,0.0076543614,0.0070435745,6.7653623,-0.012144702136363804,-0.01930360812937967,0,0
2012-04-05,-0.0021555603,0.007459757,0.0068608345,0.007986845,6.980036,-0.011942950712351573,-0.01890527289289065,0,0
2012-04-06,0.0,0.007264415,0.0116283,0.0075283833,6.928669,-0.01162589143758537,-0.018420960245864308,0,0
2012-04-09,-0.011029856,0.008619347,0.0056476425,0.007063869,6.866319,-0.013787923938212428,-0.021872460183943426,0,0
2012-04-10,-0.01317735,0.0074151712,0.012330056,0.00798049,7.1031327,-0.01188172348475567,-0.018766547346029838,1,0
2012-04-11,0.0051451786,0.008641115,0.006104984,0.009161946,7.4246087,-0.01387414332408434,-0.02179497140763102,0,0
2012-04-12,0.016000342,0.0078123542,0.0065814275,0.008796973,7.3026614,-0.012534290298873799,-0.019729486575239222,0,0
2012-04-13,-0.015267472,0.0071048974,0.008591603,0.010473291,7.6512103,-0.011422042961659612,-0.017879965613585805,1,0
2012-04-16,-0.0007328692,0.0077709104,0.007570335,0.01161308,8.077893,-0.0125188414541823,-0.01947912880387168,0,0
2012-04-17,0.014194961,0.00779952,0.012436292,0.010700929,7.79772,-0.012548235381327436,-0.019600662779510645,0,0
2012-04-18,-0.0038019419,0.009138548,0.0038820582,0.011532883,7.923151,-0.0147115490226781,-0.02293912143860576,0,0
2012-04-19,-0.004180684,0.0067201164,0.012253366,0.010766108,7.6993403,-0.010806198003063618,-0.016903799828977186,0,0
2012-04-20,0.0020016383,0.008091966,0.0061236215,0.010152723,7.3567,-0.012987187177259855,-0.02042412483616237,0,0
2012-04-23,-0.009130816,0.0077072494,0.009849349,0.009484166,7.1789217,-0.012355949135654189,-0.019489673381223184,0,0
2012-04-24,0.0053060227,0.008082823,0.0042439206,0.00956687,7.327575,-0.012970220394402408,-0.020407220645768425,0,0
2012-04-25,0.012512631,0.006544277,0.005684816,0.009184179,7.2152114,-0.010493983069339878,-0.01654236431047934,0,0
2012-04-26,0.0068247393,0.006144852,0.0076847924,0.009913702,7.4020348,-0.009864841336569992,-0.01550237050857603,0,0
2012-04-27,0.0012521243,0.0069642346,0.008328947,0.009629374,7.425712,-0.011181821807924743,-0.017565277067998014,0,0
2012-04-30,-0.0035816657,0.0075211623,0.0057167304,0.009012265,7.29299,-0.01206637448642162,-0.01899603217308815,0,0
2012-05-01,0.005010748,0.0067375842,0.009962596,0.008555462,7.262843,-0.0108072273287354,-0.01702237381941176,0,0
2012-05-02,-0.0021443898,0.0077235363,0.007731539,0.008259167,7.277775,-0.01238987388649498,-0.019510285804352254,0,0
2012-05-03,-0.008263025,0.007825232,0.007705273,0.007806842,7.1473184,-0.012542489735891331,-0.01979479121264869,0,0
2012-05-04,-0.017100653,0.007609851,0.009064221,0.0080163255,7.308899,-0.012209861008320017,-0.019216826905237242,1,0
2012-05-07,0.0023824808,0.008109572,0.01343348,0.010003745,7.4041653,-0.013019133333853298,-0.02045856347474541,0,0
2012-05-08,-0.0053225784,0.009844532,0.012266122,0.009400036,7.260021,-0.01579055669968508,-0.02487275841747176,0,0
2012-05-09,-0.005536091,0.010549024,0.010646945,0.009051571,7.196795,-0.01691373188306156,-0.02667066984659662,0,0
2012-05-10,0.004799714,0.010185224,0.008946676,0.008774549,7.0722127,-0.016316894949873206,-0.02578586103002067,0,0
2012-05-11,-0.0055401805,0.009451025,0.009448074,0.008448116,7.07011,-0.015140478456443047,-0.023927651345928773,0,0
2012-05-14,-0.011922645,0.009310034,0.0075151236,0.008233677,7.014393,-0.014908845031783965,-0.023585318911248997,0,0
2012-05-15,-0.0043196613,0.0085354,0.010996979,0.008950136,7.2968235,-0.013693863794462462,-0.021556800663847225,0,0
2012-05-16,-0.0043384014,0.009277848,0.00966535,0.008557046,7.3853436,-0.014893023470499084,-0.02341037196429885,0,0
2012-05-17,-0.016198544,0.0094347475,0.012578265,0.008226749,7.293234,-0.015136406061645452,-0.023829070321761073,1,0
2012-05-18,-0.008101896,0.010187522,0.009913358,0.009815818,7.5800524,-0.0163714642141621,-0.025655412882102466,0,0
2012-05-21,0.019183401,0.009920708,0.010632195,0.009699969,7.6024895,-0.015944645102247836,-0.024977992417857597,0,0
2012-05-22,-0.0007603118,0.009849162,0.010198676,0.0116551705,7.8144975,-0.015847124879765598,-0.024747653506321736,0,0
2012-05-23,0.0007603118,0.009881804,0.013530452,0.010843517,7.7839227,-0.015897207103688523,-0.024836780015969312,0,0
2012-05-24,0.0051170397,0.010922009,0.008858485,0.010138774,7.7462163,-0.01756725718776245,-0.027460989152310253,0,0
2012-05-25,-0.005687219,0.009955376,0.008820374,0.009697906,7.719874,-0.01601032757302973,-0.02503687239029023,0,0
2012-05-29,0.013970399,0.009180852,0.0071289088,0.009338276,7.8493752,-0.014774374869423344,-0.023060934606224825,0,0
2012-05-30,-0.018925622,0.008302558,0.0076842383,0.010199742,8.08423,-0.013375699935750034,-0.02081063567253272,1,0
2012-05-31,0.0005730112,0.008019631,0.011756632,0.012039978,8.142267,-0.012923217814325108,-0.020091279743662427,0,0
2012-06-01,-0.027292898,0.009285367,0.01028074,0.011183469,7.9919734,-0.014952745507887494,-0.023293159690897267,1,1
2012-06-04,-0.0007852376,0.009618456,0.010798433,0.014912329,7.7997346,-0.015474779287958292,-0.024171298547214233,0,0
2012-06-05,0.009382399,0.009769463,0.009000221,0.01378091,7.459152,-0.015688964717208972,-0.024632295633297496,0,0
2012-06-06,0.023458103,0.009303662,0.010421377,0.01328664,7.5671124,-0.014950027582685495,-0.023432560720397146,0,0
2012-06-07,0.0009497579,0.009506773,0.009342515,0.015389987,7.9806128,-0.015308478412109984,-0.02385101004266997,0,0
2012-06-08,0.009072071,0.009453014,0.011463665,0.014248561,7.67304,-0.015198701764049269,-0.023784146641659856,0,0
2012-06-11,-0.016504217,0.009999432,0.0157717,0.0137093915,7.441658,-0.016056648913609736,-0.02521659870965289,1,0
2012-06-12,0.009897302,0.011785716,0.008945211,0.014251436,7.8057,-0.01896217136672318,-0.029615998272375873,0,0
2012-06-13,-0.008559253,0.01042404,0.008025295,0.013776954,7.739271,-0.0167657122463528,-0.026210680694722002,0,0
2012-06-14,0.013282928,0.009022077,0.008935551,0.013265021,7.4797897,-0.014490439944586585,-0.02274313103620319,0,0
2012-06-15,0.008446788,0.008970846,0.004751242,0.013350935,7.693847,-0.014425042436530318,-0.02256648139773732,0,0
2012-06-18,0.0026134045,0.0071526435,0.010524763,0.012834548,7.7220025,-0.01150307295132864,-0.01798788649457506,0,0
2012-06-19,0.00705929,0.008173165,0.009776289,0.011983916,7.5654006,-0.013133311265489557,-0.02058559538171428,0,0
2012-06-20,0.00018509949,0.009003927,0.00878542,0.011508848,7.4305177,-0.014457171569029948,-0.022708702063243744,0,0
2012-06-21,-0.024354894,0.008659034,0.011369471,0.010735287,7.2928267,-0.013891873300192372,-0.021869965456138066,1,1
2012-06-22,0.0064272434,0.009354972,0.0060725287,0.013662743,7.27363,-0.015006588936781595,-0.02363246169642976,0,0
2012-06-25,-0.015380537,0.007946867,0.009282237,0.012965517,7.1147428,-0.012734683613308739,-0.020109621233051062,1,0
2012-06-26,0.0068650157,0.00822743,0.00679152,0.0134269,7.2844763,-0.013198758367275219,-0.020781697825980588,0,0
2012-06-27,0.007572925,0.007862437,0.0075525898,0.012816351,7.042143,-0.012593140842763252,-0.01991191601932349,0,0
2012-06-28,-0.002265862,0.007662931,0.011169456,0.012295243,7.039155,-0.012273341146896303,-0.01940730621103332,0,0
2012-06-29,0.025383968,0.008901838,0.0165046,0.011533012,6.89757,-0.014243141066951931,-0.022581158763299705,0,0
2012-07-02,0.0007369197,0.011130587,0.0066246907,0.014361518,6.777615,-0.017792868908926444,-0.028274345859582422,0,0
2012-07-03,0.0077050463,0.008983771,0.005911013,0.013422012,6.6917734,-0.014351167781748182,-0.022844352361669318,0,0
2012-07-05,-0.004762786,0.007327471,0.009034961,0.012847165,6.8191547,-0.01171716386705338,-0.0186044208456325,0,0
2012-07-06,-0.0071869837,0.008086519,0.010451678,0.012178962,6.6404867,-0.012912345988209591,-0.020575588637077244,0,0
2012-07-09,-0.0018511667,0.009102151,0.0048607625,0.0117086815,6.6957464,-0.014540746236122013,-0.023144262471485162,0,0
2012-07-10,-0.010243129,0.007140427,0.01217344,0.011075734,6.3010225,-0.011366173098957747,-0.018246889936705722,0,0
2012-07-11,0.00056142977,0.008514197,0.0077902647,0.011033209,6.5408196,-0.013583570004918034,-0.02169048966707157,0,0
2012-07-12,-0.00525231,0.00850879,0.00994448,0.01034813,6.627937,-0.013585178994158044,-0.021653352923311834,0,0
2012-07-13,0.016785176,0.008632644,0.007620327,0.009894217,6.777644,-0.013799769946744941,-0.021928967536938928,0,0
2012-07-16,-0.0031490254,0.008225316,0.00467541,0.011079804,7.1253304,-0.013181826990404039,-0.0208118300897845,0,0
2012-07-17,0.008130126,0.0066468213,0.009859063,0.010493876,7.0046353,-0.010643313622382834,-0.016840384244492013,0,0
2012-07-18,0.0064202733,0.007722133,0.008454179,0.010323847,6.844102,-0.012350618391762302,-0.019600751120065808,0,0
2012-07-19,0.003468106,0.008242917,0.0046855956,0.0099527035,7.1869946,-0.01321540422734933,-0.020842427471290018,0,0
2012-07-20,-0.010072423,0.006566127,0.0049008983,0.009496104,6.857753,-0.010502814936230577,-0.016663864981508365,0,0
2012-07-23,-0.010732894,0.0059157414,0.011840365,0.009596736,7.434561,-0.00949884491006126,-0.01491941040208575,1,0
2012-07-24,-0.010661282,0.007857346,0.010063484,0.009768592,8.001035,-0.012653654429148741,-0.019709241725005173,0,0
2012-07-25,0.00412836,0.008790152,0.009787991,0.009899724,8.653067,-0.01419377244943721,-0.021929354672384247,0,0
2012-07-26,0.014685644,0.008763552,0.013449128,0.009491419,7.9035473,-0.014106542718094797,-0.022001762479916857,0,0
2012-07-27,0.020276519,0.010101684,0.010896354,0.010259732,8.867101,-0.01632377152068374,-0.025160298261425233,0,0
2012-07-30,-0.0014477021,0.010298912,0.0059871958,0.011967721,9.764276,-0.01668612581592784,-0.02549535251599346,0,0
2012-07-31,-0.004355724,0.0081413165,0.0075520077,0.011202823,10.195982,-0.013198006050624156,-0.020125257072623363,0,0
2012-08-01,-0.002914392,0.00781538,0.0070403037,0.010651306,8.507371,-0.012612919041289226,-0.0195199889115911,0,0
2012-08-02,-0.006221429,0.0077534583,0.017086484,0.010061701,9.101698,-0.0125386971973358,-0.019278675250195016,0,0
2012-08-03,0.019629857,0.010362854,0.009993319,0.009852325,7.2765603,-0.016623665885724163,-0.026177755165667307,0,0
2012-08-06,0.00071968336,0.01020961,0.00431794,0.011313443,7.9955034,-0.01644137376175542,-0.025610891735584885,0,0
2012-08-07,0.0050233332,0.007048686,0.007345413,0.010627999,11.536957,-0.011426727268169587,-0.017424285372243237,0,0
2012-08-08,0.00089437445,0.007074836,0.00487914,0.010179942,15.63332,-0.01146911934755111,-0.017488927825968725,0,0
2012-08-09,0.001607861,0.0064887684,0.004976657,0.009698569,14.614086,-0.010519036450366672,-0.01604017394051075,0,0
2012-08-10,0.0014270426,0.0059313895,0.0053474833,0.009282764,13.282623,-0.009615461786325477,-0.014662339112402127,0,0
2012-08-13,0.0,0.0059279455,0.004847113,0.008812252,13.680464,-0.009609877928772157,-0.014653824449786697,0,0
2012-08-14,-0.0007132668,0.005672984,0.0061683613,0.008404754,11.279949,-0.009196555998795293,-0.014023561812943623,0,0
2012-08-15,0.0014260252,0.005937318,0.0043010092,0.007947315,11.977674,-0.009625072334384676,-0.014676993958714387,0,0
2012-08-16,0.006745987,0.0054132687,0.005482933,0.0074990047,13.116124,-0.008775528412914286,-0.01338154904464969,0,0
2012-08-17,0.0015910902,0.00551326,0.0029277166,0.0074637965,19.238634,-0.008937625704584572,-0.013628726508664132,0,0
2012-08-20,-0.00035335688,0.004648463,0.0042499877,0.007105768,15.35523,-0.007535690909916596,-0.011490956755147904,0,0
2012-08-21,-0.001591653,0.0046565337,0.008303597,0.006682952,16.249195,-0.007548774489087026,-0.011510907525985934,0,0
2012-08-22,-0.00017700682,0.0060811965,0.005012806,0.0062913713,16.45166,-0.009858315702259953,-0.015032660013190277,0,0
2012-08-23,-0.008711941,0.005800762,0.008459847,0.005905432,14.708359,-0.009403699727768082,-0.014339429284178948,0,0
2012-08-24,0.006940147,0.00649591,0.007185301,0.0065243156,15.950294,-0.010530614346061418,-0.016057828738237245,0,0
2012-08-27,-0.0010645849,0.0068996935,0.004442103,0.006689096,15.237689,-0.011185193357255273,-0.017055977308869014,0,0
2012-08-28,-0.00035511365,0.005824066,0.004389947,0.0063615018,12.906008,-0.009441477697529893,-0.014397035815818804,0,0
2012-08-29,-0.00035523978,0.0053484244,0.0038903835,0.0060038506,13.157291,-0.008670408243306735,-0.013221254343408083,0,0
2012-08-30,-0.007310365,0.005049267,0.004485763,0.0056691966,12.244266,-0.008185439749287952,-0.012481739936700455,0,0
2012-08-31,0.0057102223,0.0050852085,0.0076539814,0.0060652276,12.482421,-0.008243704804637627,-0.012570586631630357,0,0
2012-09-04,0.0007114906,0.0061091357,0.0075646015,0.0061576264,11.147724,-0.00990360858551251,-0.015101725818700716,0,0
2012-09-05,-0.0017796765,0.0066964743,0.005409861,0.005818695,11.57579,-0.010855751669560255,-0.016553621223421727,0,0
2012-09-06,0.019404383,0.006107271,0.007985333,0.005551049,10.810321,-0.009900585402659427,-0.01509711585475143,0,0
2012-09-07,0.005053596,0.0066794003,0.002582531,0.008846991,8.300139,-0.010770734702724891,-0.01671111780265362,0,0
2012-09-10,-0.008203205,0.00495602,0.0040980736,0.008607744,7.6113653,-0.007965739624706366,-0.012477000167147794,1,0
2012-09-11,0.002800142,0.004722904,0.007609464,0.008599097,8.129568,-0.00761028877591661,-0.011833419064306645,0,0
2012-09-12,0.0062717977,0.006094968,0.004284561,0.008140684,8.405293,-0.009832504337925907,-0.01523563587215667,0,0
2012-09-13,0.012255267,0.0055575925,0.011706713,0.0080148345,8.091149,-0.008953744902554526,-0.013929441406022433,0,0
2012-09-14,0.005815959,0.007145338,0.007876952,0.008758972,7.753472,-0.011493183192441324,-0.017964146809066488,0,0
2012-09-17,-0.0034170544,0.007606126,0.0033792383,0.00848515,8.124698,-0.012255928784228947,-0.019058252781341142,0,0
2012-09-18,-0.0053196177,0.005481973,0.0035031512,0.008103774,7.862266,-0.008822474415098392,-0.013768257955897131,0,0
2012-09-19,0.00017204302,0.0047735884,0.0038872142,0.007862221,8.542134,-0.007704916218026294,-0.011919382457629638,0,0
2012-09-20,0.00034399726,0.0048301807,0.0056100017,0.0074603744,8.58721,-0.007797577584484756,-0.012056380722906363,0,0
2012-09-21,-0.0012045085,0.005406853,0.0056231963,0.007107858,7.9857907,-0.008706706869053778,-0.01356431847008222,0,0
2012-09-24,-0.0003444119,0.0056672087,0.0047256905,0.006743763,8.054401,-0.00912883655551732,-0.014208784008689862,0,0
2012-09-25,-0.009865939,0.005356541,0.008764611,0.0064266445,7.421552,-0.008600288473371302,-0.0135109056113129,1,0
2012-09-26,-0.007157227,0.006455718,0.0065257475,0.0070812223,7.832062,-0.01038804000265969,-0.016218408616449777,0,0
2012-09-27,0.009762978,0.0065926365,0.0059875734,0.0072117546,7.4281964,-0.01058533531084041,-0.016627607080662694,0,0
2012-09-28,-0.0046952525,0.006262944,0.00651512,0.007637659,8.078562,-0.01008955665149988,-0.01569905869693866,0,0
2012-10-01,0.0019155426,0.0064713066,0.011519483,0.007448807,7.3311605,-0.01038450395819292,-0.016337911412526208,0,0
2012-10-02,0.0027797099,0.008134823,0.0064703296,0.0071004173,8.0039625,-0.013100687978199133,-0.020404726912199706,0,0
2012-10-03,0.0025989793,0.007525143,0.006200755,0.006855883,7.529219,-0.0120895850006955,-0.018960234173343596,0,0
2012-10-04,0.0075849355,0.0067898766,0.0044200458,0.006639614,6.843424,-0.010859531221591567,-0.017234582395041335,0,0
2012-10-05,-0.00017174752,0.0059449864,0.007149714,0.0069310945,6.424141,-0.009474568211317144,-0.015167667636174123,0,0
2012-10-08,-0.0039583566,0.006487757,0.0034997298,0.0065736417,6.6773915,-0.010362670608606976,-0.01650023914445438,0,0
2012-10-09,-0.009529657,0.005415766,0.0073261224,0.006452246,6.755402,-0.008655885616456728,-0.013760963239079993,1,0
2012-10-10,-0.0068128486,0.006054863,0.0042298133,0.0070128595,7.4548173,-0.009723375436821067,-0.015267136165032473,0,0
2012-10-11,0.0015763205,0.0056237583,0.008818248,0.0070777712,7.7360544,-0.00904493446856474,-0.01414106635902459,0,0
2012-10-12,-0.0049122907,0.0065419558,0.006552745,0.0067323437,7.9588695,-0.010533247051254037,-0.016415964239804657,0,0
2012-10-15,0.009800568,0.0067273723,0.008430077,0.0066691027,7.5202465,-0.010807375223095744,-0.016951698809568882,0,0
2012-10-16,0.009532961,0.0071573216,0.0060671535,0.007246327,7.341044,-0.011486043736849465,-0.018068016642737564,0,0
2012-10-17,0.005333346,0.006802367,0.0045140246,0.0076754037,7.32833,-0.01091556774072605,-0.017174235565160047,0,0
2012-10-18,-0.0037820227,0.005861244,0.0053426074,0.007538118,6.995874,-0.009384815097396292,-0.01485150784398016,0,0
2012-10-19,-0.019127691,0.0058162445,0.0088703735,0.0072583114,7.298407,-0.009331448221349712,-0.01468912341720511,1,1
2012-10-22,0.0042046313,0.0070459438,0.006790209,0.0095340535,6.5559134,-0.011242611048978845,-0.017946635931762937,0,0
2012-10-23,-0.016392365,0.00706572,0.011508213,0.009063333,6.4510055,-0.011263509815002168,-0.01802083602807,1,0
2012-10-24,-0.0010668564,0.008279731,0.0066295215,0.01023107,6.130569,-0.013156179653595713,-0.02120696469500712,0,0
2012-10-25,0.002132576,0.007658029,0.008617247,0.009596364,5.9015303,-0.012150229203753155,-0.019650333936721796,0,0
2012-10-26,-0.00053271774,0.007757075,0.009014322,0.009119609,6.0113792,-0.012309025784491348,-0.01990128431662942,0,0
2012-10-29,0.0,0.008305754,0.0052659404,0.008593504,6.2436366,-0.013213433588956502,-0.021241016043061466,0,0
2012-10-30,0.0,0.007005648,0.0089905895,0.008201613,5.940686,-0.01111516270650213,-0.01797634063366437,0,0
2012-10-31,-0.0005330017,0.0076252776,0.0085370885,0.007888649,5.5233483,-0.012098266493400135,-0.019566295636409027,0,0
2012-11-01,0.011660909,0.008162346,0.009421704,0.0075475397,5.41465,-0.012950378572682343,-0.02094440024897366,0,0
2012-11-02,-0.012549877,0.008431918,0.010664596,0.008232476,5.215747,-0.013378082369359508,-0.021636117441280942,0,0
2012-11-05,0.0046140277,0.009100719,0.0050869025,0.008774069,5.578729,-0.014439202610893513,-0.023352246968015893,0,0
2012-11-06,0.009340098,0.0072433706,0.007439972,0.008443911,5.7357755,-0.01149233257281526,-0.018586330264282393,0,0
2012-11-07,-0.025763173,0.007182213,0.017954122,0.008589814,5.623479,-0.011395300404772983,-0.01842940198970747,1,1
2012-11-08,-0.009948531,0.010373028,0.0108379265,0.011846159,6.084788,-0.016473958391867972,-0.026585354938533128,0,0
2012-11-09,0.0003635042,0.010594518,0.012592821,0.011530768,6.0516067,-0.016819369444050852,-0.027165573399169328,0,0
2012-11-12,0.0018155415,0.010655101,0.004552392,0.010774671,5.5371547,-0.0169053845506765,-0.027340755979062246,0,0
2012-11-13,-0.005274178,0.007653079,0.010011872,0.01010839,5.444443,-0.01214237589056481,-0.019637632923097052,0,0
2012-11-14,-0.013216051,0.0082270065,0.013914727,0.00963104,5.7287717,-0.013052969319237813,-0.02111031830655317,1,0
2012-11-15,-0.0012942592,0.0104132695,0.00707886,0.010048091,5.5758715,-0.016521695140461767,-0.026720222414446496,0,0
2012-11-16,0.0062707695,0.008864867,0.009906296,0.009541635,5.1588497,-0.014064997983354229,-0.022747052961507593,0,0
2012-11-19,0.016592596,0.00887121,0.008679937,0.00919009,5.5027504,-0.014075062783745283,-0.022763330571203184,0,0
2012-11-20,0.0027088053,0.008855327,0.0063174907,0.010152011,5.262406,-0.014049863230918667,-0.022722575815075117,0,0
2012-11-21,0.0014417014,0.007657189,0.0064387107,0.009622878,5.2506504,-0.012148897244194077,-0.01964817978393281,0,0
2012-11-23,0.012171262,0.0071479757,0.007262606,0.009244015,4.7702985,-0.011340978714412817,-0.018341548556024528,0,0
2012-11-26,-0.0014242481,0.007311354,0.005050784,0.009474606,5.0310907,-0.011600195056049529,-0.01876077420103897,0,0
2012-11-27,-0.004106049,0.0065007354,0.0054657934,0.009112225,4.7972918,-0.010314067754869658,-0.016680745048542608,0,0
2012-11-28,0.006774852,0.0061036237,0.0123462165,0.008784479,4.91714,-0.009684010164553102,-0.015661764925495862,0,0
2012-11-29,0.0061996477,0.008050174,0.0057860683,0.008544455,5.655447,-0.012772408144694101,-0.0206565720704114,0,0
2012-11-30,-0.00088331423,0.0072456854,0.004691554,0.008351196,5.981565,-0.011496005415104866,-0.018592270282061268,0,0
2012-12-03,-0.005316334,0.005945392,0.009352645,0.007966459,6.1549854,-0.009449521192059107,-0.015222904855354468,0,0
2012-12-04,-0.0010666668,0.0071860566,0.005147927,0.007834279,6.015959,-0.011403538744438911,-0.018435108195495202,0,0
2012-12-05,0.0019546875,0.0065922155,0.008721533,0.007468751,6.2184505,-0.010484658408849157,-0.016864540596922956,0,0
2012-12-06,0.0033673048,0.0071401717,0.0038112681,0.007188661,6.1241503,-0.01134466157173854,-0.018289813008662007,0,0
2012-12-07,0.0021208916,0.0058773565,0.0066687595,0.0071386313,6.0149703,-0.009326657328140595,-0.01507797956793602,0,0
2012-12-10,0.002996917,0.0061167316,0.004768096,0.007069142,5.6781144,-0.00970480664997858,-0.01569539868470055,0,0
2012-12-11,0.007889933,0.005882892,0.007347217,0.0070429887,5.4528084,-0.00933379709662619,-0.015095372010731594,0,0
2012-12-12,-0.0029733297,0.0063685216,0.006177983,0.0073176986,5.3168154,-0.010104296792408415,-0.01634148647214327,0,0
2012-12-13,-0.0065020877,0.0064868755,0.0070514786,0.007245649,5.0071936,-0.010292077754051228,-0.016645181039658112,0,0
2012-12-14,-0.002117897,0.0066509265,0.0069364957,0.0072543994,5.1911483,-0.010552360930144566,-0.017066132055690367,0,0
2012-12-17,0.012291638,0.00680187,0.008202484,0.0069925683,5.387957,-0.010791847620812426,-0.01745344931251793,0,0
2012-12-18,0.0059161475,0.0072956886,0.0071015297,0.0076916,5.2875123,-0.011575340256342484,-0.018720577007555337,0,0
2012-12-19,-0.0055671684,0.0072459206,0.0081086205,0.007496561,6.2780294,-0.011531427178827821,-0.01852211561934099,0,0
2012-12-20,0.005220127,0.0075204084,0.004777373,0.0073990393,6.5828133,-0.012002486922933956,-0.019148738708466277,0,0
2012-12-21,-0.010116953,0.00642005,0.024104688,0.0073609804,6.2991023,-0.010219276784334617,-0.01640643146423505,0,0
2012-12-24,-0.0043925224,0.010386887,0.0028748566,0.0076530157,6.258482,-0.01652678466595595,-0.02655800585280894,0,0
2012-12-26,-0.004411902,0.0067362767,0.0057387515,0.0075014797,6.505794,-0.010743714291784114,-0.01716866664478743,0,0
2012-12-27,-0.0019474203,0.0058780177,0.011252228,0.0074386755,6.0691986,-0.009333545751431246,-0.015068218971624142,0,0
2012-12-28,-0.01914362,0.008055619,0.011615379,0.007335338,5.5721145,-0.012781045974823832,-0.020670541868321506,1,0
2012-12-31,0.025679015,0.009310647,0.01596616,0.008686836,5.3201947,-0.014772273033544106,-0.02389091540955505,0,0
2013-01-02,0.025722656,0.010964196,0.0075493716,0.011456705,4.522519,-0.01739579541083474,-0.028133888109057596,0,0
2013-01-03,-0.0024050863,0.009342571,0.0049889223,0.014419984,4.8885264,-0.014822923691342327,-0.023972831752297145,0,0
2013-01-04,0.00291971,0.0071365223,0.005472666,0.012979825,4.8525066,-0.011322807238960769,-0.0183121601753802,0,0
2013-01-07,-0.0013729194,0.006593271,0.004462518,0.011951121,4.832768,-0.01046088462602399,-0.016918189173862983,0,0
2013-01-08,-0.0024071538,0.00596144,0.0050018523,0.011132122,4.800238,-0.00945842127746397,-0.015296924321308282,0,0
2013-01-09,0.0024071538,0.00580749,0.0035727753,0.010703865,4.356848,-0.009214164144679628,-0.014901891919437549,0,0
2013-01-10,0.007698267,0.005100165,0.0060191997,0.010193341,4.361287,-0.008091922161096275,-0.01308691136512751,0,0
2013-01-11,0.0001704013,0.0055340175,0.0043316153,0.009932423,4.535805,-0.008780272889126799,-0.014200167867910774,0,0
2013-01-14,-0.0020467346,0.0053056944,0.005199644,0.009483443,4.556322,-0.00841801517874683,-0.01361429538264772,0,0
2013-01-15,0.0006827104,0.005300941,0.005680555,0.00894598,4.7111115,-0.008410473138716314,-0.01360209778516388,0,0
2013-01-16,0.00017060479,0.0056374427,0.0042987284,0.008665968,4.3542705,-0.008944367230268252,-0.01446555451588939,0,0
2013-01-17,0.006969854,0.0052528307,0.008476186,0.008119287,4.201764,-0.00833414154053344,-0.013478648147378133,0,0
2013-01-18,0.0021998486,0.0063285115,0.004810777,0.008190901,4.403541,-0.010040816975215753,-0.016238821774617027,0,0
2013-01-22,0.0070743095,0.005947306,0.0062184883,0.007849419,4.519754,-0.009435996037142881,-0.01526065640787793,0,0
2013-01-23,0.00050339795,0.005971076,0.003206222,0.007924722,4.7514067,-0.009473709856750785,-0.015321650248973183,0,0
2013-01-24,0.0010060363,0.0050058183,0.0061679403,0.00777615,4.5307403,-0.00794223234727885,-0.012844820884436864,0,0
2013-01-25,0.002677826,0.005506936,0.0048927637,0.0076003233,4.4944744,-0.008737305430116712,-0.014130677416018741,0,0
2013-01-28,0.00083535217,0.005618652,0.0041041574,0.0074471803,4.576564,-0.008914553776767899,-0.014417337786207622,0,0
2013-01-29,0.005329793,0.0050851037,0.0057413667,0.0072347447,4.6406684,-0.00806802651704998,-0.013048265395798987,0,0
2013-01-30,-0.0064994814,0.005477813,0.0042913714,0.007271297,4.8731422,-0.00869109855859202,-0.014055947924055665,0,0
2013-01-31,-0.0013384643,0.0052432586,0.0041158893,0.0075311046,4.742181,-0.008318954305995685,-0.013454086122642829,0,0
2013-02-01,0.009000061,0.0049039554,0.005323798,0.0072974125,4.8137684,-0.007780616428170219,-0.0125834425411383,0,0
2013-02-04,-0.008832655,0.0052741417,0.006165702,0.007912217,4.564139,-0.008367953587302522,-0.013533331725683904,1,0
2013-02-05,0.008334771,0.005786623,0.0068290886,0.008208209,4.8177853,-0.009181056081970984,-0.01484834688112487,0,0
2013-02-06,0.000497884,0.006234049,0.005283001,0.008376814,4.9285007,-0.009890942569176825,-0.015996432756447472,0,0
2013-02-07,-0.000996016,0.0059112413,0.007720034,0.008192879,4.950114,-0.009378776067932356,-0.015168115643092322,0,0
2013-02-08,0.0048049134,0.00654727,0.0042698076,0.008064754,5.0401897,-0.010387899214287767,-0.016800151259591962,0,0
2013-02-11,0.00033052388,0.005776704,0.0033812537,0.0080212215,5.0525293,-0.009165318690224043,-0.014822895097628897,0,0
2013-02-12,0.0021457465,0.004827243,0.004657081,0.007943447,5.008003,-0.00765890409914026,-0.012386599512949492,0,0
2013-02-13,0.00065930444,0.0050607934,0.0041924757,0.007822129,5.1011715,-0.008029454886530386,-0.012985884233478219,0,0
2013-02-14,0.0008235198,0.0050441264,0.0049308143,0.007714761,5.1235003,-0.008003011145936288,-0.012943117276205549,0,0
2013-02-15,-0.0009883051,0.0051481994,0.004843189,0.007083519,4.410743,-0.00816813341238964,-0.01321016636818436,0,0
2013-02-19,0.0072249905,0.0052145207,0.0040973644,0.006970751,4.3529387,-0.008273359122420679,-0.013380345901933391,0,0
2013-02-20,-0.013838771,0.004920283,0.0063619916,0.0075210873,5.1822963,-0.0078065217747849336,-0.012625338764097487,1,1
2013-02-21,-0.003989367,0.0055418075,0.0063575315,0.0076616798,5.2545943,-0.008792632424193004,-0.014220156708226522,0,0
2013-02-22,0.008953799,0.006013912,0.0034139876,0.0075979116,5.2767925,-0.009541673274225535,-0.015431566187715075,0,0
2013-02-25,-0.018156575,0.0049803546,0.01636212,0.0076090205,5.447181,-0.007901831082093184,-0.012779480688869265,1,1
2013-02-26,0.003523789,0.0077331406,0.006489979,0.007824699,5.4080663,-0.01226940158000979,-0.019843069147737584,0,0
2013-02-27,0.0154578,0.0075992774,0.010127664,0.0077409586,5.4779453,-0.012057014656213427,-0.019499579826968025,0,0
2013-02-28,-0.0016507101,0.007903646,0.0072393934,0.007911698,5.4875793,-0.012539925100077374,-0.020280581676754193,0,0
2013-03-01,0.0021453924,0.0077822274,0.008987496,0.007847114,5.404669,-0.012347283209934988,-0.019969025622294755,0,0
2013-03-04,0.006081044,0.008084157,0.008429456,0.0077569606,5.426357,-0.012826323551194195,-0.02074376842895694,0,0
2013-03-05,0.007346372,0.008280808,0.0073150885,0.007715317,5.54078,-0.013138331458453027,-0.021248372866101213,0,0
2013-03-06,0.0013003903,0.007835572,0.0035564788,0.007789033,5.432872,-0.012431918743493994,-0.020105905056374346,0,0
2013-03-07,0.0024336833,0.005906009,0.003464569,0.007728939,5.3307037,-0.009370474847147718,-0.01515469023705552,0,0
2013-03-08,0.00436576,0.005003088,0.0054150685,0.0076968158,5.190364,-0.007937899859256522,-0.012837814034196596,0,0
2013-03-11,0.0041861273,0.0054601426,0.0040494185,0.00763333,5.240136,-0.008663063162519377,-0.014010606812736914,0,0
2013-03-12,-0.0059624705,0.005189678,0.0040297336,0.007547134,5.3571453,-0.00823394415881069,-0.013316600833091333,0,0
2013-03-13,0.0020989755,0.004835624,0.0040141344,0.007588578,5.2310095,-0.007672201073135273,-0.012408104455364012,0,0
2013-03-14,0.0038634948,0.0047502075,0.0031137678,0.0074911304,5.3029814,-0.007536679617182013,-0.012188928189598615,0,0
2013-03-15,-0.0016079759,0.004313043,0.004418789,0.007471134,5.2943087,-0.006843074344885479,-0.011067173612599554,0,0
2013-03-18,-0.0043544946,0.0045653186,0.010495917,0.0073750317,5.356105,-0.007243334978867322,-0.011714507501332917,0,0
2013-03-19,-0.0029135663,0.006416286,0.008715876,0.007319392,5.413857,-0.010180080043109767,-0.01646404927800638,0,0
2013-03-20,0.0043671723,0.0072610034,0.00788084,0.0072409553,5.4725285,-0.011520309152738896,-0.018631576253365218,0,0
2013-03-21,-0.0064767064,0.007182213,0.0049751108,0.0071783504,5.572775,-0.011395300404772983,-0.01842940198970747,0,0
2013-03-22,0.008411567,0.006232949,0.0067958445,0.0071728937,5.61013,-0.009889197991710858,-0.015993611284587983,0,0
2013-03-25,-0.0032268502,0.0064924452,0.009735815,0.0071884985,5.7420077,-0.010300914654223756,-0.016659472789751356,0,0
2013-03-26,0.0066038733,0.0078057596,0.0041091572,0.00718117,5.569497,-0.012384618796461579,-0.020029407754242046,0,0
2013-03-27,-0.00032113038,0.006248596,0.0066887005,0.0071774214,5.610232,-0.009914022930911483,-0.016033760185244147,0,0
2013-03-28,0.003846775,0.0063295886,0.006256944,0.0070948694,5.608929,-0.010042526262992315,-0.01624158617313496,0,0
2013-04-01,-0.004328664,0.0065954216,0.0049367533,0.007026523,5.707907,-0.010464296867530297,-0.01692370772696575,0,0
2013-04-02,0.0054478585,0.0059454944,0.005290564,0.0069732103,5.7790117,-0.009433122189615955,-0.015256008589088647,0,0
2013-04-03,-0.010279563,0.005778582,0.00822954,0.006953636,5.789457,-0.009168298406819184,-0.014827714136442849,1,0
2013-04-04,0.0038672301,0.006748741,0.004656652,0.007003759,5.9482555,-0.010707553220917668,-0.017317121587406715,0,0
2013-04-05,-0.0054830005,0.0060261115,0.009443457,0.0069869314,5.8106427,-0.009561029216432227,-0.015462870183849065,0,0
2013-04-08,0.008533986,0.006983582,0.007111526,0.006945949,5.9379263,-0.011080151715157112,-0.01791971802516471,0,0
2013-04-09,0.002562051,0.007233255,0.0060289023,0.0069566476,6.1310267,-0.011493426805469604,-0.018526498160936673,0,0
2013-04-10,0.012396853,0.0066441023,0.00743589,0.0069251945,5.9656887,-0.010541533329544068,-0.017048620783765758,0,0
2013-04-11,0.0031540792,0.0069517726,0.005198173,0.0070701954,5.8417497,-0.011029682934988901,-0.017838095829644476,0,0
2013-04-12,-0.0036280504,0.006386007,0.0061187926,0.0070113447,5.853359,-0.010132039917463679,-0.016386354899120416,0,0
2013-04-15,-0.024637304,0.006313155,0.0128219975,0.0070138285,5.688344,-0.010016452611705053,-0.01619941775423912,1,1
2013-04-16,0.016226558,0.008365446,0.007592389,0.0073713083,5.113609,-0.013272616870413282,-0.021465550101493133,0,0
2013-04-17,-0.014608174,0.008116242,0.01092939,0.0075226524,5.149664,-0.012877229380592728,-0.02082609745586106,1,0
2013-04-18,-0.007792247,0.008676115,0.009531245,0.007734699,4.9961433,-0.013765526059608627,-0.02226272273138685,0,0
2013-04-19,0.0087620225,0.00897971,0.0057052486,0.007731444,5.091889,-0.014247208603254048,-0.023041738721570667,0,0
2013-04-22,0.0054777004,0.0074374555,0.0077544716,0.007756176,5.191216,-0.01180026768797123,-0.019084347852443492,0,0
2013-04-23,0.011184012,0.0074859797,0.011033796,0.0077059814,5.3105364,-0.011877256217295335,-0.019208859932433594,0,0
2013-04-24,0.00031771246,0.008854787,0.003698928,0.007827958,5.2798567,-0.014049005420006977,-0.0227211884938496,0,0
2013-04-25,0.004911679,0.006461937,0.007035025,0.0077475123,5.256683,-0.01025250986845382,-0.016581188653002645,0,0
2013-04-26,-0.003324629,0.0065015936,0.0040272926,0.0077605257,5.116751,-0.010315429574935156,-0.016682947494159064,0,0
2013-04-29,0.007425581,0.005793459,0.0067875744,0.0077102003,5.0769124,-0.009191902684711931,-0.014865888884848778,0,0
2013-04-30,0.002515329,0.0061503476,0.005601048,0.0076970845,5.2336183,-0.009758142038763068,-0.01578165699165795,0,0
2013-05-01,-0.009465286,0.006171579,0.0058114678,0.0076118247,5.2771235,-0.009791828309459657,-0.01583613715472074,0,0
2013-05-02,0.009465286,0.006043668,0.0046652355,0.0076690554,5.3741508,-0.009588884544602523,-0.015507920074783977,0,0
2013-05-03,0.010153958,0.005629564,0.008918402,0.0076996414,5.5525484,-0.008931867441308259,-0.014445338845626432,0,0
2013-05-06,0.0031036648,0.0067247483,0.0028675753,0.007774061,5.559502,-0.010669486504415715,-0.0172555570128959,0,0
2013-05-07,0.0043290113,0.0051434366,0.0045248014,0.0077752313,5.3703847,-0.00816057689453783,-0.013197945355996294,0,0
2013-05-08,0.0050781057,0.0049251704,0.004503832,0.0077144834,5.4750032,-0.00781427555295188,-0.012637878801630663,0,0
2013-05-09,-0.0026127733,0.0051691053,0.0051304437,0.007682971,5.514216,-0.008201303005838786,-0.01326381091899001,0,0
2013-05-10,0.003073143,0.005331141,0.00448096,0.0076252166,5.5035434,-0.008458388393153738,-0.013679590212225876,0,0
2013-05-13,0.0007668124,0.0051640305,0.0046956744,0.00756499,5.5237856,-0.008193251527471477,-0.013250789416601145,0,0
2013-05-14,0.0105224,0.0051277885,0.0070378873,0.0074903574,5.4947515,-0.008135750145609542,-0.013157793528502102,0,0
2013-05-15,0.0037853024,0.0059170844,0.0068219365,0.007613318,5.413336,-0.009388046397879882,-0.015183108370893393,0,0
2013-05-16,-0.0037853024,0.0063609285,0.00472509,0.007559931,5.461644,-0.010092250340227699,-0.016322003974806456,0,0
2013-05-17,0.009060768,0.0056982297,0.0054869144,0.0075070346,5.509728,-0.00904081214168428,-0.014621533031524062,0,0
2013-05-20,0.0009015778,0.005709378,0.0046107317,0.0076008234,5.4100795,-0.009058499514986799,-0.01465013848299576,0,0
2013-05-21,0.0006006006,0.0055097016,0.0055718445,0.007555549,5.2997,-0.008741693114832727,-0.014137773534818878,0,0
2013-05-22,-0.0060223006,0.0056714965,0.0162108,0.0075257113,5.1330786,-0.008998396649611039,-0.014552935265230726,0,0
2013-05-23,-0.0033277902,0.008508211,0.010919933,0.007491442,5.2856503,-0.013499128718609928,-0.021831883393075256,0,0
2013-05-24,0.0003029844,0.009401622,0.008915758,0.0074124597,5.393123,-0.014916615102120938,-0.02412435708387143,0,0
2013-05-28,0.002420576,0.008646466,0.012032881,0.0073208744,5.375317,-0.013718483998768018,-0.022186642503673613,0,0
2013-05-29,-0.004543397,0.009568419,0.007571063,0.007235856,5.356164,-0.015181255197560037,-0.024552354462457335,0,0
2013-05-30,0.003938802,0.0087599,0.008038035,0.0072259945,5.2028875,-0.013898458700141694,-0.022477712155352454,0,0
2013-05-31,-0.014927924,0.0082832575,0.009954478,0.007238922,5.0991116,-0.013142216943742893,-0.021254656787348437,1,0
2013-06-03,0.0044407086,0.008949668,0.0074892277,0.00747339,5.1983666,-0.014199544900961614,-0.022964653124994634,0,0
2013-06-04,-0.0030604461,0.008387046,0.010356104,0.007420328,5.332749,-0.01330688768314463,-0.021520975633239136,0,0
2013-06-05,-0.014355421,0.008857536,0.008363171,0.0073298095,5.4343905,-0.014053367768535727,-0.022728243636917337,1,0
2013-06-06,0.00913107,0.0086204065,0.010882394,0.00755331,5.3432956,-0.013677138055742898,-0.02211977449865513,0,0
2013-06-07,0.0096589485,0.009182634,0.009353802,0.0076003596,5.442617,-0.014569168202925073,-0.023562437841033748,0,0
2013-06-10,0.0021338218,0.009184737,0.0056587877,0.0076089166,5.6636353,-0.014572504435869585,-0.023567833466939317,0,0
2013-06-11,-0.009177183,0.007496892,0.0070891804,0.0075977184,5.502904,-0.011894569881835695,-0.019236860991852404,0,0
2013-06-12,-0.010503649,0.0072837663,0.010563403,0.007659149,5.4186,-0.011556424077957608,-0.018689984233062278,0,0
2013-06-13,0.01647839,0.008536209,0.015417196,0.0077184783,5.362208,-0.013543550293796263,-0.0219037255593232,0,0
2013-06-14,-0.0076663974,0.010604333,0.0055702077,0.007828156,5.2459154,-0.01682483538217782,-0.027210485345251043,0,0
2013-06-17,0.00949762,0.008148711,0.007939659,0.007871597,5.112138,-0.012928745993077117,-0.0209094142905998,0,0
2013-06-18,0.0033485573,0.0076734247,0.0058946447,0.008159871,4.7846065,-0.012174656002868186,-0.019689838933011686,0,0
2013-06-19,-0.01315406,0.007188819,0.008938558,0.0078514265,5.185115,-0.011405780537662419,-0.018446351308730603,1,0
2013-06-20,-0.024784995,0.007746843,0.014495836,0.008211974,4.8098893,-0.012291141838410891,-0.019878229252974142,1,1
2013-06-21,0.0,0.009914427,0.011942179,0.008523006,4.533746,-0.015730230654581515,-0.02544020199789348,0,0
2013-06-24,-0.0112690665,0.010496603,0.013164211,0.00848479,4.573482,-0.016653912033704595,-0.026934054273971823,0,0
2013-06-25,0.009689537,0.010888205,0.0118652,0.008574732,4.5578074,-0.017275227734550865,-0.027938896305921824,0,0
2013-06-26,0.008813403,0.010932102,0.0110809645,0.00872333,4.4258018,-0.01734487329388725,-0.028051532740611222,0,0
2013-06-27,0.0068707326,0.010654562,0.007716076,0.008783537,4.3986325,-0.016904530359220134,-0.027339374511512787,0,0
2013-06-28,-0.00452313,0.009282446,0.008502215,0.008835652,4.3373766,-0.014727529326833973,-0.023818552266138025,0,0
2013-07-01,0.004678736,0.008819592,0.011724021,0.008731231,4.4568844,-0.0139931662730024,-0.02263088090647975,0,0
2013-07-02,0.00031113878,0.009850317,0.008016207,0.00867722,4.6038456,-0.01562851310162286,-0.025275696139662726,0,0
2013-07-03,0.001088224,0.009033359,0.008342925,0.008554222,4.725917,-0.014332328238962582,-0.023179401084822887,0,0
2013-07-05,0.011278605,0.008460432,0.0068828748,0.008565132,4.5944967,-0.013423322846312804,-0.02170928400173679,0,0
2013-07-08,0.0050570946,0.007824464,0.005203424,0.008618507,4.6423373,-0.012414294710659636,-0.02007740204423365,0,0
2013-07-09,0.0060957214,0.0067116236,0.0046434933,0.00864101,4.5696535,-0.01064866287307531,-0.017221879351120784,0,0
2013-07-10,0.0018214941,0.0059554,0.007478315,0.008551884,4.733666,-0.009448837864630954,-0.015281425250528278,0,0
2013-07-11,0.012957843,0.006648257,0.0041692643,0.008614203,4.5253134,-0.010548125262552143,-0.017059281791284627,0,0
2013-07-12,0.0001496894,0.005816012,0.0033547198,0.008629449,4.6788244,-0.009227685524904704,-0.014923759789767605,0,0
2013-07-15,0.004331274,0.0048147785,0.003031943,0.008584293,4.649965,-0.007639128300116032,-0.012354616490392887,0,0
2013-07-16,-0.0037327404,0.004359682,0.004936569,0.008668249,4.489355,-0.006917072299248473,-0.011186849092747532,0,0
2013-07-17,0.0025397788,0.004861212,0.006076234,0.008579547,4.5802593,-0.007712799598636073,-0.012473763676276717,0,0
2013-07-18,0.00297974,0.005523725,0.0069114687,0.008615257,4.4416647,-0.008763942811570622,-0.014173757544960463,0,0
2013-07-19,0.005341259,0.006036891,0.0053643775,0.0086128535,4.3776116,-0.009578132047699988,-0.015490530266637551,0,0
2013-07-22,0.00044381982,0.0058102515,0.0036601804,0.0085388785,4.473426,-0.009218545495348826,-0.014908977794304586,0,0
2013-07-23,-0.0011839576,0.004983127,0.0038859188,0.008617917,4.2710576,-0.00790622962517517,-0.012786594368697573,0,0
2013-07-24,-0.0026690408,0.004754579,0.0072446284,0.008728581,4.0680213,-0.007543615850877745,-0.012200146028052408,0,0
2013-07-25,0.00014846708,0.005858615,0.0062115043,0.008870365,3.8815162,-0.009295278853072618,-0.015033077190132665,0,0
2013-07-26,0.0014834597,0.0062188124,0.0077829217,0.008777498,3.9076016,-0.009866768227070614,-0.01595733605406256,0,0
2013-07-29,-0.002374593,0.0066821906,0.0046030423,0.008954477,3.719099,-0.01060196466049044,-0.017146355222632966,0,0
2013-07-30,0.0013364023,0.0059041674,0.004636036,0.00899443,3.5490317,-0.009367553041837756,-0.015149964857058482,0,0
2013-07-31,-0.0025258167,0.0054340386,0.005615972,0.0087549,3.657693,-0.008621646640115445,-0.013943624661035318,0,0
2013-08-01,0.011683931,0.005742429,0.005935623,0.008689878,3.6355846,-0.00911093818371487,-0.01473494654171003,0,0
2013-08-02,0.0022031292,0.006023839,0.0037932696,0.008715841,3.7731953,-0.009557424238929938,-0.01545703992249626,0,0
2013-08-05,-0.00088066934,0.0052363253,0.002595192,0.008743133,3.6320496,-0.008307954781267318,-0.01343629680110551,0,0
2013-08-06,-0.0050051627,0.0042528985,0.0055468665,0.009028946,3.3106856,-0.006747649215006873,-0.010912844370193952,0,0
2013-08-07,-0.0034001067,0.0049663796,0.00519174,0.008697499,3.548375,-0.007879658298780914,-0.012743621069343892,0,0
2013-08-08,0.0032525163,0.005389946,0.004894221,0.008770394,3.439433,-0.008551688902757402,-0.013830483346786002,0,0
2013-08-09,-0.0044378773,0.005243206,0.0050000455,0.008522545,3.6201255,-0.008318871058523244,-0.013453951488093517,0,0
2013-08-12,0.000444675,0.005281256,0.0055216905,0.0083514135,3.7856214,-0.008379241763592947,-0.013551587877886772,0,0
2013-08-13,0.0022204139,0.005521621,0.0063119913,0.008235751,3.8779063,-0.008760604768898448,-0.014168358992216865,0,0
2013-08-14,-0.005188656,0.00592397,0.0037558875,0.008119461,4.0060906,-0.009398971723774118,-0.015200777692071543,0,0
2013-08-15,-0.015729483,0.005156838,0.0073030503,0.008013477,4.185669,-0.008181839384836218,-0.013232332775993325,1,1
2013-08-16,-0.0028729134,0.005948327,0.0051486865,0.008028091,4.3150992,-0.009437616648264015,-0.015263277391332465,0,0
2013-08-19,-0.0036407807,0.005942504,0.005903782,0.008083906,4.157919,-0.009428377083686738,-0.01524833441977788,0,0
2013-08-20,0.003337888,0.005898286,0.006329335,0.008007726,4.279176,-0.009358221181149727,-0.01513487261676444,0,0
2013-08-21,-0.008518457,0.0062106503,0.0070398087,0.007931959,4.413237,-0.009853818720786665,-0.015936393064549515,0,0
2013-08-22,0.011090125,0.0065882495,0.008467052,0.007873496,4.6324544,-0.010452917299992951,-0.016905303769442444,0,0
2013-08-23,0.0040708687,0.0072612395,0.004720608,0.0078367675,4.8863564,-0.011520683766364887,-0.01863218210883712,0,0
2013-08-26,-0.004373075,0.0062318793,0.005557744,0.007883047,4.695933,-0.009887500467164098,-0.015990865910517234,0,0
2013-08-27,-0.015841916,0.0059659644,0.0077513712,0.007159713,5.7524343,-0.009465599562234467,-0.01530853362434839,1,1
2013-08-28,0.0024536126,0.006817411,0.0060946546,0.007931835,4.735153,-0.010816505160204335,-0.01749332748065646,0,0
2013-08-29,0.0027531371,0.0066526933,0.0069511672,0.008239102,5.963225,-0.010555164198292681,-0.017070665727796537,0,0
2013-08-30,-0.0033659763,0.0067241397,0.007900877,0.0073539987,6.0734286,-0.01067759301066672,-0.01723622644799478,0,0
2013-09-03,0.004739708,0.0072133597,0.00828454,0.0069499672,5.8756356,-0.011444717733169693,-0.018509323692333133,0,0
2013-09-04,0.008807953,0.0075848806,0.0064415103,0.0068984167,5.876424,-0.012034172273666294,-0.019462637277372102,0,0
2013-09-05,-0.0003024346,0.007090236,0.0032465418,0.007785644,5.0836415,-0.011249369395309098,-0.01819339055160205,0,0
2013-09-06,0.0003024346,0.005375783,0.0107973525,0.0076014814,5.3484674,-0.008529217514380936,-0.013794140798985922,0,0
2013-09-09,0.009330391,0.0070737978,0.0054889466,0.00634939,6.7532854,-0.011305688005686307,-0.017974324240316003,0,0
2013-09-10,0.008056138,0.0068091983,0.0042390153,0.0074914526,6.987485,-0.010901995378949607,-0.017255110134606264,0,0
2013-09-11,0.0037078278,0.005568975,0.0047867545,0.007715227,6.9238124,-0.008912211500692125,-0.01412248274952136,0,0
2013-09-12,-0.0022230465,0.0054564723,0.0032267505,0.0070513515,7.038443,-0.008739320805867498,-0.013819289901097586,0,0
2013-09-13,0.002074997,0.0047788676,0.003961122,0.0065650553,6.914823,-0.007647271055788971,-0.012120079072309694,0,0
2013-09-16,0.005610527,0.004657298,0.006538523,0.0063143778,6.4604406,-0.007424876087518245,-0.011876823502342542,0,0
2013-09-17,0.0001472212,0.00554586,0.0036844,0.0066644438,6.4371867,-0.008839555980256871,-0.014146993206732518,0,0
2013-09-18,0.011416986,0.0049859146,0.010436615,0.0062959287,6.3356843,-0.007939338016903576,-0.012735363406613041,0,0
2013-09-19,-0.00014554981,0.006465542,0.005538191,0.008141628,6.3889837,-0.010300750243900276,-0.0165032634375187,0,0
2013-09-20,-0.008771986,0.0063370448,0.005308605,0.007526658,5.2354364,-0.010054355547853616,-0.01626071744990835,0,0
2013-09-23,-0.0057433336,0.0057720444,0.005556333,0.0075109205,5.4388094,-0.009157925952725625,-0.014810938964282412,0,0
2013-09-24,-0.00014769958,0.005872899,0.0056276144,0.0074516837,5.6201787,-0.009317942977445065,-0.015069731446182781,0,0
2013-09-25,-0.003996157,0.005967356,0.0036858425,0.0073531275,5.7375298,-0.009467807429981852,-0.01531210436674318,0,0
2013-09-26,0.003996157,0.00517965,0.00438766,0.0073685125,5.566779,-0.00821803393807205,-0.013290869536563638,0,0
2013-09-27,-0.0035513502,0.005042265,0.005789719,0.0073561003,5.491919,-0.008000058575256075,-0.012938342139962025,0,0
2013-09-30,-0.007290072,0.005578996,0.006013325,0.0073732436,5.322042,-0.008851635880014223,-0.014315581871889234,0,0
2013-10-01,0.009067323,0.0058941673,0.005872661,0.007373757,5.3956685,-0.009351686254562999,-0.01512430380464347,0,0
2013-10-02,-0.003854712,0.005903624,0.007116761,0.007374388,5.5782013,-0.009366690706606912,-0.015148570218737894,0,0
2013-10-03,-0.007904001,0.0063809357,0.0076385085,0.0073047928,5.693705,-0.010123992963415523,-0.01637334071382662,0,0
2013-10-04,0.00894327,0.006887226,0.004722371,0.007292223,5.8714457,-0.01092727316119961,-0.017672470455867815,0,0
2013-10-07,-0.010141772,0.006021355,0.0043590274,0.0073556774,5.8273687,-0.009553482652082557,-0.015450665269270154,1,0
2013-10-08,-0.01039714,0.0054123113,0.008941251,0.0073702834,6.0568547,-0.008592853820164425,-0.013876777022128839,1,0
2013-10-09,-0.0010608473,0.0067621544,0.007820148,0.0074114604,6.194227,-0.01075219381870641,-0.017304946132158033,0,0
2013-10-10,0.021748139,0.007347922,0.00993777,0.007406923,5.9575515,-0.011658214020022735,-0.018854607164814168,0,0
2013-10-11,0.008274279,0.00799929,0.009794802,0.0077398443,5.371847,-0.012691674383973919,-0.02052600289912129,0,0
2013-10-14,0.0030852887,0.008564529,0.007913968,0.0076807225,5.6640906,-0.013588483117047054,-0.0219763945573142,0,0
2013-10-15,-0.00721387,0.008152453,0.0066187046,0.0076559177,5.659719,-0.012934682804671624,-0.020919015782752345,0,0
2013-10-16,0.01248089,0.007436136,0.008131675,0.007683984,5.5417256,-0.011798173833066538,-0.019080961500844502,0,0
2013-10-17,0.008427832,0.0077178045,0.0073087034,0.007887201,5.271623,-0.012245069791597002,-0.01980371781044419,0,0
2013-10-18,0.005051609,0.007690927,0.0043332414,0.0079034595,5.32976,-0.012202425368974546,-0.019734749799140246,0,0
2013-10-21,0.0010072668,0.006239604,0.0031506978,0.00784888,5.435307,-0.00989975684775358,-0.01601068792106536,0,0
2013-10-22,0.0064511728,0.0049711065,0.0062161637,0.0078732,5.293283,-0.00788715781021138,-0.01275574988613406,0,0
2013-10-23,-0.004439678,0.0056572296,0.005427631,0.007842086,5.3950043,-0.008975761480881183,-0.014516327838589065,0,0
2013-10-24,0.0038679226,0.00587351,0.0042960783,0.007907299,5.207042,-0.009318912086607954,-0.015071298767947052,0,0
2013-10-25,0.0031406165,0.0052741035,0.004804165,0.0078104297,5.381515,-0.008367892961425852,-0.013533233676609949,0,0
2013-10-28,0.0028465718,0.0052258065,0.003907509,0.0077227657,5.5179067,-0.008291265472770275,-0.013409305500806538,0,0
2013-10-29,0.0048206532,0.0049305935,0.004872405,0.007631267,5.675218,-0.007822879903119867,-0.01265179445303724,0,0
2013-10-30,-0.0039682593,0.005066951,0.008182381,0.007553858,5.876001,-0.008039224701312568,-0.013001684768575161,0,0
2013-10-31,-0.0054108063,0.006241574,0.0049899234,0.00747583,6.0568976,-0.00990943683133047,-0.016002936652741523,0,0
2013-11-01,0.0021393434,0.0058829137,0.005738218,0.0074163834,6.265005,-0.009361046318809602,-0.015040585226864321,0,0
2013-11-04,0.004690507,0.005772986,0.0029264737,0.007429952,5.9994264,-0.009159419882910434,-0.014813355069074951,0,0
2013-11-05,-0.0036937108,0.00473096,0.004963557,0.007473511,5.7795677,-0.007506141367753112,-0.012139539261286426,0,0
2013-11-06,0.0051107435,0.004980682,0.004918966,0.007425126,5.8203263,-0.007902350473932118,-0.01278032069138345,0,0
2013-11-07,-0.011536124,0.005327474,0.011191598,0.0074540125,5.6707873,-0.008452571023584909,-0.013670181891383212,1,0
2013-11-08,0.01181929,0.0070458897,0.01024603,0.0075370315,5.9842997,-0.011179009898410136,-0.018079599479310402,0,0
2013-11-11,0.0008490166,0.008169596,0.0029970019,0.007648969,5.8081417,-0.01296188210656452,-0.02096300469490192,0,0
2013-11-12,-0.0014154284,0.0054964656,0.0044042626,0.0075733433,5.939961,-0.008720693035045296,-0.014103810506335981,0,0
2013-11-13,0.00776018,0.0050589936,0.010062648,0.0075176284,6.0415597,-0.008030496532554913,-0.012973671064487135,0,0
2013-11-14,0.0050469753,0.0070151384,0.0037337756,0.0075199534,6.129901,-0.011146708320345117,-0.017968115434257033,0,0
2013-11-15,0.003211172,0.0057855193,0.0031749979,0.007564655,5.849959,-0.0091793051704582,-0.014845515165332281,0,0
2013-11-18,-0.0026519662,0.004634827,0.0056839064,0.007511801,5.9997663,-0.007353617067985405,-0.011892864620533619,0,0
2013-11-19,-0.0019585905,0.0053217537,0.004405905,0.007505683,5.884833,-0.008443495239361025,-0.013655503798670206,0,0
2013-11-20,-0.0030855564,0.005271471,0.007565431,0.007537825,5.609202,-0.008363717014846268,-0.01352647999785915,0,0
2013-11-21,0.007835495,0.0059948033,0.0060493466,0.0074981353,5.6981425,-0.009511355811571373,-0.015382534333642365,0,0
2013-11-22,0.0041724676,0.00618037,0.0034538559,0.0074683917,5.9596925,-0.009805775880549084,-0.01585869429540651,0,0
2013-11-25,0.0006937219,0.005040691,0.00421041,0.0075121466,5.658726,-0.007997560246218971,-0.012934301640063659,0,0
2013-11-26,-0.00027743098,0.004868981,0.0032253824,0.0074664443,5.747784,-0.007725125653740535,-0.012493698370088938,0,0
2013-11-27,0.0012478338,0.004528968,0.0023232484,0.0074440036,5.718234,-0.007185661220445603,-0.011621232831911656,0,0
2013-11-29,-0.00013857133,0.003855917,0.0038101233,0.0074530495,5.538064,-0.006117798386075677,-0.009894198638391962,0,0
2013-12-02,-0.0023586552,0.0041667237,0.004138588,0.0072092786,5.880906,-0.006610924290158522,-0.010691721757139592,0,0
2013-12-03,-0.0045945086,0.0045008967,0.0053060516,0.0071186465,6.0368657,-0.007144202761691321,-0.011543204989846841,0,0
2013-12-04,0.00013953813,0.004907735,0.008598214,0.007091775,6.0541983,-0.007791525902314483,-0.01258354593871167,0,0
2013-12-05,-0.0043347618,0.006075892,0.003839121,0.0055736257,8.224218,-0.009794445203293508,-0.015210972609480143,0,0
2013-12-06,0.011702558,0.0052091726,0.004796108,0.0058227917,8.423743,-0.008404138918073008,-0.013019441641833699,0,0
2013-12-09,0.0022136145,0.005036193,0.0024958816,0.007012618,6.4548063,-0.008028509977272889,-0.012843985675362948,0,0
2013-12-10,-0.003322262,0.004250983,0.0035029529,0.006934853,6.579365,-0.006784317659501828,-0.01082446984845779,0,0
2013-12-11,-0.01241732,0.0042205146,0.007878631,0.0068716975,6.6923685,-0.00674211349290186,-0.01073204359674693,1,1
2013-12-12,-0.0032342009,0.0056892135,0.004438163,0.007011595,6.5360503,-0.009076201873584582,-0.014494519706106395,0,0
2013-12-13,-0.00014085499,0.0053948243,0.0044542146,0.0069474364,6.6499963,-0.008615004747529862,-0.013725165064223702,0,0
2013-12-16,0.0065988307,0.0049775457,0.012165079,0.006903298,6.5390325,-0.00794106275129481,-0.012680916194655152,0,0
2013-12-17,-0.0075853714,0.0070603043,0.004516749,0.006875529,6.755194,-0.011284292791021673,-0.017939629271026977,0,0
2013-12-18,0.01774905,0.006155776,0.014247934,0.006952369,6.556531,-0.009822299153427146,-0.015679179409777772,0,0
2013-12-19,-0.0015249188,0.00802925,0.0045618056,0.007190832,6.1558948,-0.012761701834416703,-0.0205582739406355,0,0
2013-12-20,0.0069127884,0.006815396,0.0044327914,0.0071427147,6.109179,-0.010826847913263186,-0.017461491710265706,0,0
2013-12-23,0.004536402,0.005630238,0.0022811855,0.0071442146,6.172952,-0.00895035363220963,-0.014412435444342219,0,0
2013-12-24,0.0034230198,0.0043892516,0.002762914,0.007172858,5.9701695,-0.006963987226720841,-0.011262723710089266,0,0
2013-12-26,0.004092217,0.004031222,0.0021587259,0.007120687,6.018738,-0.006397346026694589,-0.010341290975232622,0,0
2013-12-27,0.0,0.0036795116,0.0025987756,0.0070749037,6.0798345,-0.005843301632737885,-0.009430982840505515,0,0
2013-12-30,-0.0009533538,0.0035968255,0.0018785733,0.0069838823,6.195108,-0.005719202109469031,-0.009204482489775375,0,0
2013-12-31,0.00340067,0.0032429255,0.0043237633,0.0069936,6.1023755,-0.0051512782785198205,-0.008309369012916594,0,0
2014-01-02,-0.007907335,0.0038648595,0.006265822,0.006966531,6.626003,-0.006170554271216699,-0.009835611658802618,1,0
2014-01-03,-0.00054764515,0.0048447405,0.004801787,0.006407531,8.91968,-0.007830212969491114,-0.012062116562542883,0,0
2014-01-06,-0.002605418,0.004858839,0.0058042514,0.005990681,8.835498,-0.007850777905093547,-0.012104782179946365,0,0
2014-01-07,0.0054772147,0.00516292,0.004560905,0.005802315,8.827402,-0.008341873562403982,-0.012863117950017374,0,0
2014-01-08,0.0009554358,0.005116492,0.003524258,0.0060188253,9.200854,-0.008276776521638005,-0.012713104089018304,0,0
2014-01-09,0.00027281407,0.0046264906,0.0056785257,0.0057295617,9.137356,-0.007482670005861811,-0.011500691509454791,0,0
2014-01-10,0.0025880283,0.0052242023,0.0060758605,0.0055016186,9.027751,-0.0084464775588302,-0.012996643790233414,0,0
2014-01-13,-0.01245653,0.005813838,0.008039716,0.005442475,8.54231,-0.009383960676831187,-0.014516807528178315,1,0
2014-01-14,0.009868501,0.00658567,0.0059138383,0.0067546964,8.416593,-0.010624589960370861,-0.01646072540226713,0,0
2014-01-15,0.004626488,0.0063613467,0.004665396,0.0067902836,8.817873,-0.010277869650748795,-0.015850063549220254,0,0
2014-01-16,-0.0028550085,0.005656526,0.003082143,0.006746957,9.1239805,-0.009148223430039147,-0.014062515389182559,0,0
2014-01-17,-0.0010897699,0.0047256253,0.005042005,0.0066892426,9.344949,-0.007647729688451348,-0.011730315696282648,0,0
2014-01-21,0.0023143431,0.005084898,0.006667691,0.0066516777,9.053888,-0.008221933623480778,-0.012647711207814761,0,0
2014-01-22,0.0,0.0059533017,0.0032507675,0.006592797,9.187888,-0.00963007715013325,-0.014793684669743016,0,0
2014-01-23,-0.007781078,0.0049201893,0.010570914,0.0065522986,8.890701,-0.00795138860672753,-0.012252585486124675,0,0
2014-01-24,-0.023432614,0.0064621177,0.012016108,0.00655525,9.337183,-0.01045775406924934,-0.016041615869483744,1,1
2014-01-27,-0.00351346,0.008442595,0.009710488,0.0068470566,7.811539,-0.013583782128329863,-0.021214004314905208,0,0
2014-01-28,0.007014619,0.008507853,0.008423703,0.006797078,7.931215,-0.013696760525866854,-0.02135441521492633,0,0
2014-01-29,-0.009551976,0.0081905145,0.011998213,0.00678738,8.246803,-0.013204515738499295,-0.02050098325545035,0,0
2014-01-30,0.005629853,0.009379226,0.009543874,0.006836531,8.400323,-0.015130425984565548,-0.023446276820917947,0,0
2014-01-31,-0.0026702285,0.009471579,0.010476367,0.006830267,8.370179,-0.015277568054255954,-0.023683024626366032,0,0
2014-02-03,-0.024935395,0.009564118,0.013341606,0.0067716767,8.517263,-0.015435719774645387,-0.023885811033817202,1,1
2014-02-04,0.0063282247,0.010741753,0.007659867,0.0071129925,6.847892,-0.01718063032569578,-0.027264115130895404,0,0
2014-02-05,0.0001433589,0.009339399,0.0076132207,0.007135569,6.7322383,-0.014924168569247014,-0.023737112487187004,0,0
2014-02-06,0.012818863,0.008295855,0.0069370703,0.0071075456,6.516167,-0.013232323579313733,-0.021140782839542738,0,0
2014-02-07,0.01516883,0.007794862,0.011107142,0.0071926895,6.6981897,-0.012452592350195241,-0.019819602806134932,0,0
2014-02-10,0.00069671846,0.008885387,0.003801095,0.0073479763,6.7493677,-0.01420061487933226,-0.022578575378037764,0,0
2014-02-11,0.010392943,0.00657806,0.007624099,0.007265377,6.726892,-0.010511152912811027,-0.01671993459774942,0,0
2014-02-12,0.0019281097,0.00674379,0.0044892873,0.0073009236,7.0288305,-0.010800420578824606,-0.01708143534699528,0,0
2014-02-13,0.003982154,0.006144632,0.009298397,0.0072411755,7.110031,-0.009846328481179896,-0.015549850353568173,0,0
2014-02-14,0.0058755376,0.0070642172,0.007930238,0.007191222,7.279029,-0.011332302475563648,-0.017844556718977247,0,0
2014-02-18,0.0013614706,0.007556347,0.0030860072,0.0071652066,7.519058,-0.012139023178500045,-0.019040782317328336,0,0
2014-02-19,-0.00655203,0.005403253,0.0071578454,0.0070979465,7.60478,-0.008684261012325386,-0.013603805138633568,0,0
2014-02-20,0.0058715264,0.0060039745,0.008184568,0.007106954,7.5769362,-0.009648290785083885,-0.015120376825120331,0,0
2014-02-21,-0.0010897699,0.0071410467,0.004286395,0.0071288953,7.3701406,-0.011461937634044414,-0.01802150106976318,0,0
2014-02-24,0.0063854572,0.0059020678,0.009907087,0.0070665656,7.3531437,-0.00947231074541021,-0.014897370199150812,0,0
2014-02-25,0.00013541878,0.007079554,0.0052480334,0.007084667,7.2347913,-0.011353739093284465,-0.017891677456930776,0,0
2014-02-26,-0.002304617,0.0065958435,0.0055410676,0.0071294666,7.107116,-0.010569155285077155,-0.01669223814210354,0,0
2014-02-27,0.0064935293,0.0060600964,0.008117546,0.0070201,7.1702633,-0.009714750238984032,-0.015325874214360977,0,0
2014-02-28,0.0018860304,0.006902609,0.008033981,0.007064279,7.0743237,-0.01105825272809777,-0.017474881014494962,0,0
2014-03-03,-0.007836819,0.007433941,0.006548458,0.007053749,7.1309166,-0.011914020406190166,-0.018808334564043936,0,0
2014-03-04,0.01534557,0.007038563,0.007420932,0.007004549,7.4011707,-0.011299531636450193,-0.017757201162373736,0,0
2014-03-05,0.00053418806,0.0071162796,0.002869732,0.007161954,7.2385135,-0.011412907891557942,-0.017983780107323044,0,0
2014-03-06,0.0020006676,0.005251378,0.0036770077,0.0071253087,7.042562,-0.008411074341081924,-0.013299250720119614,0,0
2014-03-07,0.00093227683,0.004741999,0.0068457155,0.0070605786,7.14436,-0.0076004524809377425,-0.01199579641594147,0,0
2014-03-10,-0.0003994408,0.005815435,0.0048754895,0.0069949245,7.1959324,-0.009324100709672722,-0.014703065283181571,0,0
2014-03-11,-0.0064128474,0.0056897914,0.0062833885,0.00693615,7.1587687,-0.009120437409855497,-0.014391168990708468,0,0
2014-03-12,0.0013394055,0.0058469996,0.005706462,0.006928993,7.2785144,-0.009379631651575805,-0.014769885846586613,0,0
2014-03-13,-0.01130716,0.005925476,0.010408314,0.0068807495,7.1675925,-0.0094987785399262,-0.014985854682296925,1,0
2014-03-14,-0.0036617657,0.007271305,0.004773337,0.006949947,7.399876,-0.01167308042106605,-0.018344616591796932,0,0
2014-03-17,0.009600506,0.0063259862,0.010717253,0.0069069406,7.45034,-0.010158502138369389,-0.01595148601875469,0,0
2014-03-18,0.003224509,0.0074783484,0.007138671,0.0069427835,7.740264,-0.01202801254267336,-0.018803723584099465,0,0
2014-03-19,-0.0061894706,0.007646079,0.0088919215,0.006898516,7.7520566,-0.012298529845624405,-0.019223321148613425,0,0
2014-03-20,0.007395986,0.007856349,0.0066607003,0.0068829614,7.9430323,-0.012648616809025114,-0.019717048028481197,0,0
2014-03-21,-0.00483482,0.0074290624,0.007624679,0.006898521,8.117387,-0.01197023624935828,-0.018615782434238747,0,0
2014-03-24,-0.00404695,0.007445241,0.009224486,0.006876194,8.062887,-0.011993381412392307,-0.018665252329335833,0,0
2014-03-25,0.005257848,0.008131238,0.00551462,0.0068558683,7.874932,-0.013086906460298498,-0.02041963832472336,0,0
2014-03-26,-0.009049836,0.007047476,0.008785424,0.0068286285,8.023017,-0.011350570843122151,-0.017674306515852525,0,0
2014-03-27,-0.0010860713,0.0075128456,0.0053577214,0.006892319,8.111032,-0.01210489303678985,-0.018826771971246516,0,0
2014-03-28,0.005418599,0.006823889,0.00646223,0.0068152547,8.195849,-0.010998897543974573,-0.017087727518761472,0,0
2014-03-31,0.007537048,0.0065880106,0.0037822865,0.006797284,8.330688,-0.010624698525558337,-0.01647826132476606,0,0
2014-04-01,0.0070813308,0.0055746874,0.004419978,0.006826803,8.541228,-0.00899791691999515,-0.013919782049474588,0,0
2014-04-02,0.002791998,0.0052324217,0.003334169,0.0068443497,8.668378,-0.008449447003700528,-0.01305210465327279,0,0
2014-04-03,0.0,0.0047506266,0.0045091095,0.006808724,8.319901,-0.007661151836764647,-0.011883574414156873,0,0
2014-04-04,-0.012289762,0.004861291,0.011289615,0.006726909,8.280878,-0.007838353649378776,-0.01216438085989485,1,1
2014-04-07,-0.011898464,0.006820799,0.006997505,0.006874768,8.450278,-0.011005377291903387,-0.017043742204798016,1,0
2014-04-08,0.0038012536,0.0069639953,0.0068081454,0.0069682836,8.442747,-0.011236094260993769,-0.017402625726279708,0,0
2014-04-09,0.010647719,0.0065906183,0.005603637,0.006935224,8.581025,-0.010639286259955433,-0.01645132754284589,0,0
2014-04-10,-0.020451719,0.006276463,0.010527313,0.007002956,8.455849,-0.010127310728015957,-0.015682853113183466,1,1
2014-04-11,-0.008382048,0.007661747,0.007469127,0.010106292,7.4060435,-0.012300329198392248,-0.019328432135727176,0,0
2014-04-14,0.0070127477,0.0078034634,0.007265728,0.009517545,7.8600936,-0.01255845839053252,-0.019599195515397457,0,0
2014-04-15,0.008187818,0.0074274256,0.01252107,0.0071383985,9.362104,-0.012020788719969793,-0.018434803425253547,0,0
2014-04-16,0.0071772262,0.0090409005,0.005339796,0.0071594883,9.319938,-0.014630311332751533,-0.022445830502803122,0,0
2014-04-17,0.0028296185,0.0074728588,0.0060119582,0.0073009394,8.797833,-0.012072879617643301,-0.01862234177754215,0,0
2014-04-21,0.0034922801,0.006647683,0.0029364303,0.007280247,8.517087,-0.01072882008158959,-0.016602212744804886,0,0
2014-04-22,0.005082263,0.0051945327,0.005985703,0.0072696623,8.213723,-0.008373304372170052,-0.013005658216998055,0,0
2014-04-23,-0.00053376035,0.0056255893,0.004999242,0.007252955,8.219654,-0.009068373567065855,-0.014084190360606246,0,0
2014-04-24,0.0,0.005758434,0.0067933453,0.0072445287,7.7765045,-0.00926345007085517,-0.014474174221042064,0,0
2014-04-25,-0.006964936,0.0061065373,0.006683797,0.0071824966,7.8957357,-0.009829221799157404,-0.015332162832401606,0,0
2014-04-28,0.0032206147,0.006414805,0.010466327,0.0071151783,8.201705,-0.010339786682444197,-0.016062532473834774,0,0
2014-04-29,0.0030767198,0.007602927,0.003370988,0.00708923,8.268426,-0.012258334956603542,-0.019026758164526238,0,0
2014-04-30,0.0033335586,0.0056917556,0.0046628583,0.007078887,8.033117,-0.009167489684867794,-0.0142730233741929,0,0
2014-05-01,-0.0001331292,0.005250742,0.004198115,0.0070495377,8.148704,-0.008461535326316924,-0.013153751253658735,0,0
2014-05-02,-0.0017322944,0.0052383784,0.0050770068,0.007041077,7.741123,-0.008425329846760457,-0.013171384932569188,0,0
2014-05-05,0.00066662225,0.0053910716,0.0073721893,0.007035853,7.3771935,-0.008653455645951358,-0.01360418625793677,0,0
2014-05-06,-0.006149752,0.006214283,0.0060250177,0.007031788,6.998372,-0.009950264714963146,-0.015745612965176906,0,0
2014-05-07,0.005349752,0.0062383222,0.0072999005,0.007015622,7.185887,-0.010001478947365977,-0.01577394704790071,0,0
2014-05-08,-0.0010676633,0.006526576,0.007402441,0.006998612,7.278733,-0.010469807988213894,-0.0164865005249523,0,0
2014-05-09,0.0006674231,0.006892594,0.004605084,0.0069432408,7.1801367,-0.011050015040759345,-0.017429390003256957,0,0
2014-05-12,0.010222459,0.005962895,0.004249758,0.0068802433,7.2385497,-0.009563141977102722,-0.015069019937938667,0,0
2014-05-13,0.00079218386,0.005364894,0.002412592,0.0069508655,7.507863,-0.008617981307539766,-0.013520183216147444,0,0
2014-05-14,-0.004762544,0.004318554,0.004662926,0.006895579,7.603823,-0.006940866309815647,-0.010872953653818407,0,0
2014-05-15,-0.009593678,0.004714907,0.009294757,0.006871085,7.3342595,-0.00756615320717247,-0.011903199168274977,1,0
2014-05-16,0.0040085567,0.0064030215,0.0048458385,0.0069392193,7.587936,-0.010290172984816392,-0.016123590570030374,0,0
2014-05-19,0.0039925524,0.005837383,0.006197664,0.0069109914,7.662843,-0.009384929111691103,-0.014688525600932863,0,0
2014-05-20,-0.00759953,0.0057984195,0.005955482,0.0068956795,7.4023886,-0.009308703668467812,-0.014628329366666828,0,0
2014-05-21,0.009059481,0.0060326667,0.0051903557,0.006906694,7.7486563,-0.009703226362200605,-0.015167462036253122,0,0
2014-05-22,0.0027812745,0.005789427,0.0036280125,0.0069177845,8.154603,-0.009329863621298787,-0.014502482980353476,0,0
2014-05-23,0.0035645955,0.0050387178,0.0028873049,0.006897817,8.028157,-0.00811548227932953,-0.01263597908559781,0,0
2014-05-27,0.006436804,0.004367639,0.0031352502,0.006871116,8.116956,-0.007037438537600781,-0.010944493055980917,0,0
2014-05-28,-0.00013095004,0.0042188126,0.003509932,0.006859077,8.452353,-0.006807120619214055,-0.010541748070161287,0,0
2014-05-29,0.004703432,0.0042811213,0.0029355427,0.006824754,8.497299,-0.006908858756528192,-0.010693556810513467,0,0
2014-05-30,0.0018231545,0.004018241,0.0025637448,0.006810711,8.5740385,-0.006486508841423745,-0.010030781769440021,0,0
2014-06-02,0.00013009823,0.0037001518,0.0038656332,0.006144674,7.9732714,-0.00595804213587061,-0.009283717457332247,0,0
2014-06-03,0.0001300813,0.0040419973,0.002757762,0.006636534,8.137311,-0.006513326774621302,-0.010126699929989082,0,0
2014-06-04,0.0019491917,0.0038453224,0.003930294,0.006581902,8.090502,-0.006195117567038085,-0.0096378965931566,0,0
2014-06-05,0.006598976,0.0040659807,0.0059010237,0.0065253973,8.143828,-0.006552160929411774,-0.010186210272628553,0,0
2014-06-06,0.005530205,0.0049161413,0.002691262,0.006569298,7.9960227,-0.007916886291612692,-0.01233212555946977,0,0
2014-06-09,0.00051288627,0.004161496,0.0032475498,0.006581209,7.8265095,-0.0066961723456101,-0.010455278851180458,0,0
2014-06-10,0.00012818047,0.0039513307,0.003152115,0.0065593775,7.5091662,-0.006347328878335023,-0.009957703086865296,0,0
2014-06-11,-0.0033380438,0.0040267804,0.0040019676,0.0064924574,7.5833254,-0.006471198404375454,-0.010140384695234652,0,0
2014-06-12,-0.006968669,0.0042954474,0.0072442577,0.006482697,7.3548503,-0.006893894022617538,-0.010841918128986001,1,0
2014-06-13,0.0027158116,0.0054087667,0.0034911865,0.006529895,7.193045,-0.008671911075845681,-0.013675315103932294,0,0
2014-06-16,0.0003873717,0.004785743,0.005160764,0.006537673,7.063352,-0.007666372630693619,-0.012117220757193318,0,0
2014-06-17,-0.0014210971,0.004924388,0.00412286,0.0065087005,6.8584113,-0.007876819314668507,-0.012497277766678971,0,0
2014-06-18,0.007855298,0.00491235,0.0058289017,0.006497138,6.602925,-0.007841413392146272,-0.012504897797483833,0,0
2014-06-19,0.00064114894,0.00534563,0.002907268,0.006512908,6.7637095,-0.008544353122280772,-0.013581414830232617,0,0
2014-06-20,0.0015370824,0.0045480668,0.0027646334,0.00651647,6.4915867,-0.007252798449983387,-0.011593681816677416,0,0
2014-06-23,-0.000128,0.0039950623,0.0035258268,0.00586892,7.0588303,-0.00639956732388024,-0.010115770853978454,0,0
2014-06-24,-0.0050048227,0.004193189,0.0068853376,0.0056882123,7.150923,-0.006721114869888466,-0.01060672093622029,0,0
2014-06-25,0.0032111004,0.0052925954,0.005335219,0.005819801,7.0219736,-0.008475874350127482,-0.013406712865772021,0,0
2014-06-26,-0.00038478806,0.005453408,0.005909638,0.005788826,6.7542605,-0.008715969872583678,-0.013856798025014107,0,0
2014-06-27,0.0016663466,0.0055616647,0.0039040307,0.0056728516,6.386518,-0.008860504530306446,-0.014196573808206901,0,0
2014-06-30,0.00025611473,0.005026067,0.0031600515,0.0055905473,6.119625,-0.007985268647896792,-0.012875259706995951,0,0
2014-07-01,0.006763249,0.004414258,0.005523511,0.005469313,5.982208,-0.007003662338682213,-0.011326889511897921,0,0
2014-07-02,0.0010169061,0.0050645233,0.0019192598,0.0058283787,6.1280746,-0.008047115928674539,-0.012972263780512703,0,0
2014-07-03,0.0049426625,0.0039351773,0.0032146072,0.0056500183,6.2267976,-0.006259290172652615,-0.010066040499224547,0,0
2014-07-07,-0.0032923925,0.0038566892,0.0033563653,0.0057189805,6.5096498,-0.006151262159524023,-0.009829019504599346,0,0
2014-07-08,-0.0053414856,0.0041153887,0.0056653256,0.005676293,6.2133303,-0.006545012247470379,-0.01052892354010219,0,0
2014-07-09,0.0034370858,0.0047941483,0.0028998102,0.0057986006,6.2687783,-0.0076288679058243375,-0.012256370914903227,0,0
2014-07-10,-0.004840774,0.0042231963,0.007716765,0.0057444405,6.141585,-0.006711309234123872,-0.010815283966819422,0,0
2014-07-11,0.002423316,0.0052655954,0.0034063612,0.0057879887,6.3921986,-0.008389280025354023,-0.01343984477347559,0,0
2014-07-14,0.0043218574,0.0048142183,0.003205099,0.0056379074,5.994763,-0.007638238818970262,-0.012353177949501871,0,0
2014-07-15,-0.0015232295,0.0042017433,0.0062052514,0.005678521,6.167894,-0.00667912174227223,-0.010756477144374412,0,0
2014-07-16,0.0034240095,0.0051508904,0.0033197745,0.0055479803,6.0200286,-0.008174327254501049,-0.01321333626470752,0,0
2014-07-17,-0.0108191725,0.004709303,0.008160979,0.0055471403,6.0024114,-0.007471993067200532,-0.012083555619369295,1,0
2014-07-18,0.009172039,0.0057474803,0.009036799,0.006511357,6.1700006,-0.009136443622562709,-0.01471314707632429,0,0
2014-07-21,-0.002666499,0.0070738713,0.00431657,0.0068908627,6.3926105,-0.011270316951686546,-0.018055173599799128,0,0
2014-07-22,0.004440223,0.0058079474,0.0046219076,0.0065669785,6.173193,-0.009232881160872326,-0.014867292319218751,0,0
2014-07-23,0.0029071625,0.0053243684,0.0029714764,0.0064056716,6.3389325,-0.008478547130197883,-0.013599287052671464,0,0
2014-07-24,0.0,0.0046122335,0.0032111416,0.006210831,6.427828,-0.007350804180694531,-0.011766807603094223,0,0
2014-07-25,-0.0046808864,0.004321813,0.003955568,0.006009726,6.3883033,-0.006885366716035247,-0.011031503428983565,0,0
2014-07-28,0.0007605527,0.0045404523,0.005432245,0.0060102185,6.6117177,-0.007248310794639354,-0.011556941934070582,0,0
2014-07-29,-0.005081312,0.005087709,0.005515679,0.0058412743,6.657601,-0.008125087873398492,-0.012942622945741573,0,0
2014-07-30,0.00101833,0.0053808065,0.006381767,0.005901133,6.86698,-0.008607441518300202,-0.013654234154651607,0,0
2014-07-31,-0.020696156,0.0057221795,0.008235472,0.0057331505,6.9471416,-0.009158947604050689,-0.014507134896482,1,1
2014-08-01,-0.0032524585,0.0065644695,0.0077254213,0.008247686,6.166656,-0.01043478967081748,-0.01680534804288084,0,0
2014-08-04,0.007012105,0.0070161885,0.0073129344,0.0077729514,5.8006134,-0.011131885494960915,-0.01800338608046687,0,0
2014-08-05,-0.009883045,0.0070596384,0.007484628,0.007538301,5.960896,-0.011200823450781541,-0.018114878121487116,0,0
2014-08-06,0.00091437536,0.007245672,0.0075765466,0.0076572774,6.2196674,-0.0115241015918728,-0.018535941923118356,0,0
2014-08-07,-0.004973832,0.007426013,0.009101157,0.0071760262,6.088228,-0.011794103657961817,-0.019031450371548245,0,0
2014-08-08,0.009663173,0.008016607,0.01272827,0.0069500413,6.169401,-0.012743463443900932,-0.020522119799647225,0,0
2014-08-11,0.004538095,0.009493848,0.0058121746,0.0071703875,6.387266,-0.015125127045851594,-0.02423353687648029,0,0
2014-08-12,-0.0010354648,0.007822285,0.005469351,0.0069303988,6.417397,-0.012465643248322318,-0.01995902250355585,0,0
2014-08-13,0.0073543973,0.0066357055,0.0041158516,0.0066090967,6.543658,-0.010586885922132737,-0.01690430679967093,0,0
2014-08-14,0.0044892016,0.0057694935,0.0040670284,0.0066558262,6.850554,-0.009228060524821715,-0.014643352135618199,0,0
2014-08-15,-0.00051203277,0.0052816942,0.00859816,0.006494235,6.895177,-0.008450679425827874,-0.013398363745204844,0,0
2014-08-18,0.0076530986,0.006542231,0.002989152,0.0062502227,6.662766,-0.01044841312520504,-0.016641735026451176,0,0
2014-08-19,0.0049432893,0.0051503135,0.0030612142,0.0060518584,7.7776003,-0.008285227379874166,-0.012945492480948886,0,0
2014-08-20,0.0030299227,0.004295302,0.0043111253,0.006344124,7.0478597,-0.006879990734138572,-0.01087732282711011,0,0
2014-08-21,0.0031464377,0.0046582483,0.0034024017,0.006157767,7.1232834,-0.0074651700694093465,-0.01178664010965956,0,0
2014-08-22,-0.0008800051,0.0044519613,0.0035042618,0.006044381,6.91133,-0.0071239634880196885,-0.011291437430525691,0,0
2014-08-25,0.0036407046,0.0042774077,0.0035748945,0.0059083425,6.5358677,-0.006823887235175533,-0.010897659133398557,0,0
2014-08-26,0.0017528489,0.0042844275,0.0035021752,0.0058465153,6.597466,-0.006838761521713774,-0.010907189012022494,0,0
2014-08-27,-0.0007508447,0.0042413813,0.0023777315,0.0056985277,6.599971,-0.006770197701951186,-0.01079727014924603,0,0
2014-08-28,-0.00012519561,0.003722803,0.004256487,0.0055429703,6.376606,-0.005930378531896904,-0.009503961581677798,0,0
2014-08-29,0.0023760407,0.004152758,0.0040094554,0.005413359,6.3573422,-0.00661405860186819,-0.010604253826278902,0,0
2014-09-02,-0.0008747267,0.004443389,0.004768486,0.0053566652,6.38661,-0.007078942592884548,-0.01134207677162236,0,0
2014-09-03,-0.00050018757,0.004680152,0.0051770043,0.005231421,6.342523,-0.007452956333779748,-0.01195329301793927,0,0
2014-09-04,-0.0005004379,0.0050114975,0.006797567,0.005109007,6.2136517,-0.00797018810903928,-0.012821496931447856,0,0
2014-09-05,0.0041211424,0.005697692,0.0065503363,0.005010697,5.866921,-0.009039958855091745,-0.014620153027393617,0,0
2014-09-08,-0.00274554,0.0060767815,0.0041046697,0.0051543987,6.0805497,-0.009650398488262268,-0.015575287454823393,0,0
2014-09-09,-0.0053881467,0.0053146505,0.006196357,0.0051004416,6.204061,-0.00845146320123292,-0.01359884794974685,0,0
2014-09-10,0.0026350475,0.0057177665,0.0049554543,0.005410064,6.110534,-0.00908330412736318,-0.01464901750336326,0,0
2014-09-11,0.0010020041,0.005713025,0.0050872583,0.005335441,5.859059,-0.009064286119185376,-0.014659497047591938,0,0
2014-09-12,-0.0061530927,0.005548433,0.0053677405,0.005158938,5.7938833,-0.008803144227316519,-0.014237157246915155,0,0
2014-09-15,-0.00025195265,0.0056540477,0.0053905575,0.0055256556,6.027795,-0.008973636563433297,-0.014502476041529702,0,0
2014-09-16,0.0036471146,0.005702601,0.0073125944,0.005273522,6.054707,-0.009053509026797161,-0.014621496968829275,0,0
2014-09-17,0.0011291639,0.0063293236,0.007060278,0.005274588,6.0182767,-0.010044263149113278,-0.01623671477804595,0,0
2014-09-18,0.0053773657,0.006663532,0.0039766147,0.0050635966,6.1088424,-0.01058555984329524,-0.017072486634386343,0,0
2014-09-19,-0.00037422817,0.00553241,0.0056843837,0.005364232,6.0158587,-0.008779360059494316,-0.0141928636798233,0,0
2014-09-22,-0.008771986,0.005659113,0.0053681666,0.0051176148,6.056563,-0.00898465792795101,-0.014509617177367902,0,0
2014-09-23,-0.007073416,0.0058268094,0.006017739,0.0060160975,5.9919987,-0.009244816406951222,-0.014951465238545535,0,0
2014-09-24,0.009462002,0.0059929146,0.0047877515,0.0062800585,6.006194,-0.009509053886384001,-0.015376341184997276,0,0
2014-09-25,-0.014927538,0.00565239,0.00783814,0.006865659,6.262754,-0.008994023576551147,-0.014451648210835161,1,1
2014-09-26,0.0073651127,0.006436197,0.006663036,0.008714988,6.2630196,-0.010241237696990957,-0.0164555760082217,0,0
2014-09-29,-0.0032948959,0.006693052,0.007552845,0.00823324,6.3544197,-0.01065965834678053,-0.01709166110870442,0,0
2014-09-30,-0.0020330376,0.0069009694,0.0062899366,0.0074066934,6.386431,-0.010994194234372232,-0.017615271746826394,0,0
2014-10-01,-0.012672169,0.0067178323,0.010183456,0.0067303884,6.238195,-0.010686644106680425,-0.017181340942286766,1,0
2014-10-02,-0.0011600181,0.007824546,0.01003924,0.007915946,6.1579432,-0.01243661892500168,-0.020033581643186475,0,0
2014-10-03,0.011157538,0.008674655,0.007783745,0.0070969905,6.1604075,-0.01378818127782219,-0.02220941278597663,0,0
2014-10-06,-0.0021704445,0.008134665,0.0072207116,0.00776083,6.170765,-0.012931322082104795,-0.02082395607287199,0,0
2014-10-07,-0.014418376,0.0076634604,0.0084031075,0.007026802,5.970784,-0.012158847126878607,-0.01966427153941359,1,0
2014-10-08,0.017353736,0.007956084,0.012329785,0.0083924355,5.7790375,-0.012623123709872917,-0.020415137201439143,0,0
2014-10-09,-0.018910965,0.009395035,0.015483418,0.010176094,5.49605,-0.014906163924874092,-0.024107454594256752,1,0
2014-10-10,-0.016102986,0.011268355,0.0119332,0.012118946,5.8860807,-0.01787837376967275,-0.02891435288406553,0,0
2014-10-13,-0.015293868,0.011203366,0.0132055245,0.012682427,6.6206484,-0.01788624791284213,-0.028513116882129555,0,0
2014-10-14,0.0049462034,0.011449725,0.010153059,0.012843088,6.571067,-0.01827176819725915,-0.02915795472190118,0,0
2014-10-15,-0.01504798,0.010721601,0.02474085,0.0110444985,6.626448,-0.017117947620120852,-0.0272850579404867,0,0
2014-10-16,0.0020285354,0.014270683,0.02087927,0.011662729,6.6500044,-0.02278887889722614,-0.03630654671981968,0,0
2014-10-17,0.016347678,0.016513435,0.012256224,0.010076471,6.439558,-0.026321376609012667,-0.04212302099141896,0,0
2014-10-20,0.010050336,0.013864234,0.010872576,0.011557977,6.3337026,-0.02207633040348054,-0.0354138944633747,0,0
2014-10-21,0.019802628,0.011967691,0.016550837,0.010980608,6.324589,-0.019054709012471163,-0.030573147403389057,0,0
2014-10-22,-0.006730546,0.0131968465,0.0074700424,0.013167418,6.471388,-0.02104112777383513,-0.03364929260763648,0,0
2014-10-23,0.010850016,0.010555499,0.0102967825,0.011773112,6.301164,-0.01680232925289191,-0.026973832022272506,0,0
2014-10-24,0.0070409304,0.009935999,0.009782492,0.011351773,6.333436,-0.015821272740921363,-0.025379956816602146,0,0
2014-10-27,-0.0014042257,0.009925746,0.0076160175,0.0103533855,6.3320117,-0.015804725068083673,-0.025354241010205385,0,0
2014-10-28,0.011684156,0.008799915,0.0049971114,0.009002283,6.2818766,-0.014005056676613031,-0.022493305962239637,0,0
2014-10-29,-0.0039218217,0.0069859237,0.008425818,0.009579755,6.4558196,-0.011136801525488476,-0.017816223961391757,0,0
2014-10-30,0.008205563,0.0074911574,0.011362856,0.008597839,6.3739514,-0.011933014067980146,-0.019124869906433105,0,0
2014-10-31,0.011500127,0.008948849,0.0076034423,0.008466671,6.4770045,-0.01426882850445061,-0.022816128445917308,0,0
2014-11-03,-0.00024860163,0.008282827,0.0043021115,0.009120242,6.557283,-0.01321635850502327,-0.021096725427449198,0,0
2014-11-04,-0.0027387047,0.0063340566,0.0063399402,0.008064449,6.584299,-0.010109213274787584,-0.01612771044177047,0,0
2014-11-05,0.0065851016,0.0063981833,0.0044437,0.0072826534,6.5346303,-0.010207117878010253,-0.016301065851108527,0,0
2014-11-06,0.0045715775,0.0058676177,0.005781197,0.007147217,6.69068,-0.009373169694658314,-0.014920649100296998,0,0
2014-11-07,-0.0009866799,0.0059010517,0.0045187557,0.006729468,6.7123275,-0.009428243021068287,-0.015001753641198361,0,0
2014-11-10,0.003940892,0.00557656,0.004177,0.006185154,6.3874416,-0.008884313349531898,-0.014234424843735324,0,0
2014-11-11,0.0012283504,0.0051380824,0.0026498786,0.0059942473,6.086488,-0.008160218435201599,-0.013168239648064375,0,0
2014-11-12,-0.00024554943,0.0042784745,0.0036506685,0.0055291117,6.1175013,-0.0067973556639159445,-0.010960474781926795,0,0
2014-11-13,-0.0009828011,0.0042841006,0.005901897,0.0051230146,6.1050935,-0.0068053563140778595,-0.010976766520017021,0,0
2014-11-14,0.001964637,0.0051363558,0.0022169128,0.004857932,5.78926,-0.008149343010077258,-0.013179777008934282,0,0
2014-11-17,0.00085831655,0.0040446525,0.0052908207,0.004718801,5.64361,-0.006417245878497845,-0.010378489356199323,0,0
2014-11-18,0.0042805667,0.004531798,0.005649245,0.004519831,5.56406,-0.007190151154774507,-0.011628494317060405,0,0
2014-11-19,-0.0006103888,0.00529415,0.004386958,0.0048351875,5.7162704,-0.008399698925081838,-0.013584672854961113,0,0
2014-11-20,0.0023174982,0.004991298,0.005861074,0.004595393,5.68239,-0.007919194514144244,-0.012807562236333858,0,0
2014-11-21,0.0047402093,0.005356684,0.007166066,0.004543465,5.673799,-0.008498915434411898,-0.013745133823036456,0,0
2014-11-24,0.0027850112,0.0061460943,0.00234189,0.004970475,5.5109735,-0.009751393564312249,-0.015770742812649615,0,0
2014-11-25,0.0,0.004486091,0.0035041736,0.0048926403,5.4527545,-0.007117632652775028,-0.011511211527000739,0,0
2014-11-26,0.0022948256,0.004236152,0.0031975019,0.0046168165,5.484754,-0.006721079245908365,-0.01086987326596879,0,0
2014-11-28,-0.0028996035,0.004281348,0.0030605318,0.004531446,5.6044574,-0.0067927874423472775,-0.010985845564301188,0,0
2014-12-01,-0.00752979,0.004079408,0.003882444,0.0045340396,5.757793,-0.006472389185216464,-0.01046767157434721,1,0
2014-12-02,0.0074087908,0.004266247,0.0038170775,0.0055929474,6.0964913,-0.006776344925775725,-0.010932323016203081,0,0
2014-12-03,0.0031412374,0.0043644723,0.003966001,0.0061813416,6.3886704,-0.006953354269278717,-0.011140338705781882,0,0
2014-12-04,-0.00024128363,0.004402155,0.0054593375,0.0057972292,6.3945007,-0.0070137793557998,-0.011235675506415231,0,0
2014-12-05,0.0019286409,0.0049209567,0.0033460741,0.0053075794,6.496099,-0.00784776690849544,-0.012543517613338615,0,0
2014-12-08,-0.00797973,0.0044811713,0.0064991927,0.0050033266,6.4962287,-0.0071464211417686975,-0.011422485969697967,1,0
2014-12-09,-0.0009715813,0.00522285,0.009979663,0.005980382,6.353739,-0.008318092896552965,-0.013337409775177654,0,0
2014-12-10,-0.0151814865,0.006891305,0.008458866,0.005470909,6.4387083,-0.010984218820375338,-0.017578760500449354,1,0
2014-12-11,0.0022181156,0.007361305,0.011257711,0.008603731,6.2827454,-0.011715612152065132,-0.018815882014272426,0,0
2014-12-12,-0.016757049,0.008405723,0.0076405066,0.0076635373,5.929792,-0.013336520163878804,-0.021568899679118052,1,0
2014-12-15,-0.0036365956,0.008068736,0.013062959,0.010437571,6.007345,-0.01280296508519799,-0.020702048069836127,0,0
2014-12-16,-0.012642394,0.009485695,0.016613446,0.009107857,6.15109,-0.01507579009594333,-0.024288980749572534,0,0
2014-12-17,0.021771451,0.01180395,0.009362066,0.009929977,6.2317624,-0.018776324761038035,-0.030192061459149152,0,0
2014-12-18,0.025442287,0.010536305,0.012560809,0.013680611,6.085968,-0.016733490002768536,-0.027003380727525863,0,0
2014-12-19,0.003392298,0.010849546,0.006445423,0.017736658,6.160333,-0.017245111973339233,-0.027777739450135047,0,0
2014-12-22,0.0026573273,0.008979989,0.0034243348,0.014873968,6.1429963,-0.014270804916070693,-0.022996622517592442,0,0
2014-12-23,0.0031314008,0.006180293,0.004042553,0.012652279,5.8879676,-0.009805653723931914,-0.015858496733839586,0,0
2014-12-24,-0.00012025735,0.0054846294,0.002209445,0.010828652,5.7728853,-0.008701913491098886,-0.014073438708114073,0,0
2014-12-26,0.0026423268,0.0043468806,0.0030663977,0.009171431,5.712551,-0.006896761273268271,-0.011154000457843993,0,0
2014-12-29,0.0007194245,0.004120628,0.0043288576,0.007925366,5.65101,-0.006537788671026372,-0.010573440915312203,0,0
2014-12-30,-0.004324331,0.0045524645,0.0041771424,0.0067426586,5.70797,-0.007222940705414678,-0.011681524231880066,0,0
2014-12-31,-0.011745609,0.004613314,0.008290959,0.0062934416,5.8422275,-0.00731948424698827,-0.01183766226018729,1,0
2015-01-02,-0.0030497126,0.0057273824,0.0094512645,0.0082656555,5.9674306,-0.009087065161264347,-0.014696337157856865,0,0
2015-01-05,-0.014893499,0.006944047,0.009975187,0.0074073155,5.665881,-0.011017425649535586,-0.017818272355677338,1,0
2015-01-06,-0.010721958,0.007716858,0.011586981,0.009894887,5.8793726,-0.012243567717637715,-0.019801288534880522,0,0
2015-01-07,0.012456563,0.008838971,0.0068097212,0.010050455,6.145135,-0.014047029866409235,-0.02263483037420022,0,0
2015-01-08,0.017425891,0.007941287,0.00807259,0.010688242,6.278221,-0.012638083417791199,-0.020299568092903814,0,0
2015-01-09,-0.009657186,0.007883358,0.0090136565,0.012750879,6.7114453,-0.01259532807059536,-0.020041418620718104,0,0
2015-01-12,-0.0062842914,0.008499974,0.010880761,0.011853374,7.0297728,-0.013613102558415899,-0.021529472287228176,0,0
2015-01-13,-0.0032190199,0.009329553,0.017548932,0.010531212,7.193095,-0.014958139504916207,-0.023588467736383626,0,0
2015-01-14,-0.0042251833,0.011685743,0.013181707,0.009137719,6.7814646,-0.018680883455009113,-0.0296832251526248,0,0
2015-01-15,-0.009258167,0.011931616,0.01605377,0.00813543,6.379798,-0.019007496849200906,-0.03045901517381345,0,0
2015-01-16,0.011994147,0.012637375,0.01196431,0.00855506,6.581085,-0.020168805049255813,-0.03217843322623035,0,0
2015-01-20,0.0018611582,0.012060633,0.01014266,0.009601169,7.0361156,-0.019316515839773184,-0.030546055410145653,0,0
2015-01-21,0.0048228623,0.01086282,0.009046272,0.008279546,7.3652916,-0.01743516684606547,-0.027415325956388407,0,0
2015-01-22,0.014695342,0.009933123,0.010505271,0.00755676,7.8126855,-0.015982072625756866,-0.0249590421291744,0,0
2015-01-23,-0.006096836,0.009990281,0.0058580507,0.009847173,8.605161,-0.016128832604951793,-0.024932733159278228,0,0
2015-01-26,0.004636982,0.008158625,0.008538023,0.008946803,8.488613,-0.0131659214119606,-0.02038036706256518,0,0
2015-01-27,-0.011509862,0.008079679,0.012441694,0.008103228,8.534779,-0.013040822475691325,-0.020175688929471143,0,0
2015-01-28,-0.01914767,0.0095760105,0.0134776635,0.009088433,9.048201,-0.015483478614177999,-0.02381946714361274,1,0
2015-01-29,0.013466538,0.010737923,0.010969547,0.012507869,9.027158,-0.017361014761254373,-0.02671365837207807,0,0
2015-01-30,-0.014974075,0.01046921,0.0074282694,0.012611167,8.650216,-0.016904831732517594,-0.02611878684545528,0,0
2015-02-02,0.014230673,0.008910331,0.013555331,0.013104289,9.271948,-0.014416996706472325,-0.022128909278926225,0,0
2015-02-03,0.012318461,0.010254253,0.009920325,0.0132240765,10.792312,-0.01662331779878721,-0.025348415724107565,0,0
2015-02-04,-0.0058939266,0.010253039,0.008627003,0.012811901,13.636118,-0.01662134960715868,-0.025345414485712887,0,0
2015-02-05,0.012240055,0.009279674,0.009486799,0.011125665,13.523838,-0.015043413580473773,-0.022939265552352924,0,0
2015-02-06,-0.0009737099,0.009249158,0.008021285,0.0112779,14.444892,-0.014993943775964962,-0.02286383048062668,0,0
2015-02-09,-0.00512759,0.008726726,0.004758108,0.009511552,13.49957,-0.014147022140682324,-0.021572384214800514,0,0
2015-02-10,0.009623072,0.0068818773,0.006984863,0.008567754,13.113328,-0.0111563110734989,-0.017011935551105615,0,0
2015-02-11,0.0016957369,0.006907198,0.0089372555,0.008841252,13.679861,-0.011197358672063852,-0.01707452784498431,0,0
2015-02-12,0.008795767,0.007839656,0.008421574,0.0076092663,12.802798,-0.012708980482352228,-0.019379556150922933,0,0
2015-02-13,0.0045481827,0.008007839,0.0033361975,0.008015698,13.279503,-0.012981623974496192,-0.019795302313451443,0,0
2015-02-17,0.00119346,0.005755093,0.0059251986,0.0072805025,13.194394,-0.009329664663593773,-0.014226535359658763,0,0
2015-02-18,-0.00023857808,0.0058222357,0.0033645944,0.006338001,12.718889,-0.009438511062206448,-0.014392512079559244,0,0
2015-02-19,-0.00011931039,0.005135009,0.0041378555,0.0055483743,12.52659,-0.008324437797098384,-0.01269369403295164,0,0
2015-02-20,0.005592257,0.0048605534,0.008329509,0.004944974,11.925949,-0.007879513393991755,-0.012015241700375165,0,0
2015-02-23,-0.000118659154,0.0061876974,0.0028528515,0.005424736,12.151173,-0.0100309662821477,-0.015295929880672576,0,0
2015-02-24,0.0033171456,0.004886232,0.003756699,0.0048778243,12.025764,-0.007921141659726702,-0.012078719436799118,0,0
2015-02-25,-0.0016571974,0.004440358,0.0033603092,0.004804404,11.808171,-0.007198328348107626,-0.010976522358236622,0,0
2015-02-26,-0.0001184764,0.0043866555,0.004441886,0.004485263,11.8790045,-0.007111270472257422,-0.010843770325470351,0,0
2015-02-27,-0.0034419356,0.004634504,0.0028067143,0.004144769,11.754377,-0.0075130617701464,-0.01145645023549178,0,0
2015-03-02,0.005335876,0.0041507115,0.0040782616,0.0043197977,11.762529,-0.006728778339837457,-0.010260519153764481,0,0
2015-03-03,-0.0043851924,0.004308379,0.0057712775,0.0049389806,12.68299,-0.006984375283775076,-0.01065027152878163,0,0
2015-03-04,-0.003927408,0.005089126,0.006112323,0.005048829,12.601213,-0.008250055851809442,-0.012580271159469098,0,0
2015-03-05,0.0015490024,0.005541316,0.0033171484,0.005068871,11.729563,-0.008983107642264569,-0.013698080597793958,0,0
2015-03-06,-0.01390743,0.004670731,0.009629642,0.0046318374,11.881902,-0.007571789333648919,-0.011546002195704824,1,1
2015-03-09,0.003374717,0.0061411113,0.005478983,0.008592475,10.952533,-0.00995544410234326,-0.015180768296610614,0,0
2015-03-10,-0.017355857,0.006238141,0.006666469,0.007451639,11.144975,-0.010112740761945337,-0.015420625415861368,1,1
2015-03-11,-0.00122504,0.006219002,0.004619263,0.011399167,11.165768,-0.01008171389202769,-0.015373313440790562,0,0
2015-03-12,0.0119411675,0.0057901368,0.007097466,0.009421389,10.879758,-0.009386474675046542,-0.01431316330030375,0,0
2015-03-13,-0.006928013,0.0063252198,0.008873077,0.010212666,11.414423,-0.010253905339734512,-0.015635883190911498,0,0
2015-03-16,0.012965949,0.0073945215,0.010141727,0.009312092,11.070919,-0.011987365640764247,-0.018279186584590473,0,0
2015-03-17,-0.004948414,0.008256438,0.004882834,0.010536816,11.428489,-0.013384631466268837,-0.020409836762292223,0,0
2015-03-18,0.012624153,0.0067444723,0.014149874,0.0091708135,10.981753,-0.010933561914332509,-0.016672271811466525,0,0
2015-03-19,-0.005270736,0.008713308,0.0067312224,0.010346132,11.320278,-0.014125269909617977,-0.021539214867825382,0,0
2015-03-20,0.00849135,0.008189307,0.007845112,0.009063538,11.104386,-0.013275803635501713,-0.0202438883559615,0,0
2015-03-23,-0.0021459237,0.0077041485,0.0045433557,0.008920158,11.028926,-0.012489306833603655,-0.019044582168020636,0,0
2015-03-24,-0.0046653594,0.0064768856,0.005463509,0.00757379,10.812207,-0.010499773154599294,-0.01601079989886405,0,0
2015-03-25,-0.015101464,0.006136919,0.008374923,0.0069226036,10.809799,-0.009948648270871174,-0.01517040553007805,1,0
2015-03-26,-0.0025595725,0.007104562,0.008515297,0.010171816,10.759803,-0.011517308814709802,-0.017562410548361898,0,0
2015-03-27,0.0019507443,0.0077114953,0.005729517,0.008640791,10.235113,-0.012501216418539402,-0.019062742749061497,0,0
2015-03-30,0.011143526,0.0068011694,0.009628599,0.0073798606,10.249143,-0.01102547443780162,-0.01681242655574488,0,0
2015-03-31,-0.0071320944,0.0076357787,0.005612223,0.008726007,10.610143,-0.012378471987530941,-0.01887557332219483,0,0
2015-04-01,-0.0037678562,0.006942878,0.009290475,0.008327432,10.520329,-0.011255200042937744,-0.017162728475731484,0,0
2015-04-02,0.003161097,0.0075884103,0.0070257694,0.0073658675,10.2965975,-0.012301682130271076,-0.01875847869350645,0,0
2015-04-03,0.0,0.0075372346,0.008876996,0.0065337503,10.570216,-0.012218720152351082,-0.01863197237683339,0,0
2015-04-06,0.0066541894,0.007880681,0.009826575,0.0056422097,10.6951275,-0.012775486285155138,-0.01948096892290499,0,0
2015-04-07,-0.0026563648,0.008559973,0.0055975607,0.006160565,10.613991,-0.01387669625326046,-0.02116017210057037,0,0
2015-04-08,0.0039819055,0.0072249197,0.004880575,0.0055992655,9.915732,-0.011710070969203155,-0.017868960546500272,0,0
2015-04-09,0.0046855374,0.006175571,0.0064675636,0.0053965445,10.269294,-0.01001130799766585,-0.015265953532178229,0,0
2015-04-10,0.004663686,0.0064694593,0.00348249,0.0054395404,9.747984,-0.01048127891033471,-0.0160170226101172,0,0
2015-04-13,-0.0043041673,0.0053725233,0.0047378833,0.0054593924,10.915412,-0.008709475834341443,-0.01328082738116589,0,0
2015-04-14,0.0021543994,0.0052254605,0.005643365,0.0053896247,10.710307,-0.008471069761409688,-0.01291728886731597,0,0
2015-04-15,0.0041758697,0.0056532873,0.005680186,0.004969382,10.32783,-0.009164626056389428,-0.013974872768798071,0,0
2015-04-16,0.0004761338,0.0057750405,0.005306594,0.0050317068,10.104085,-0.009362001410615826,-0.01427584472837817,0,0
2015-04-17,-0.012092335,0.005643107,0.010057672,0.00457196,9.552861,-0.009137827582924918,-0.013988499566138493,1,0
2015-04-20,0.007440332,0.006998152,0.0057030316,0.0076654246,9.313059,-0.01132443579363643,-0.01737511371044032,0,0
2015-04-21,0.0,0.006634342,0.0060553914,0.00768788,9.512826,-0.010741758664230827,-0.016449923306172624,0,0
2015-04-22,0.0044139647,0.0062668365,0.0075571476,0.006633567,9.219063,-0.010138204722761082,-0.01556943231782174,0,0
2015-04-23,0.0032087495,0.0068649985,0.00879381,0.0062528607,9.381483,-0.011111151749580278,-0.017036644742503597,0,0
2015-04-24,0.0022518528,0.0076373597,0.0037355279,0.005768496,9.429259,-0.01236290306154664,-0.018947346505700857,0,0
2015-04-27,-0.0033202923,0.0058913548,0.0060357526,0.0052958727,8.987389,-0.009523892286410058,-0.01466064771779697,0,0
2015-04-28,0.0034386707,0.005919111,0.007793198,0.0051051416,9.034962,-0.009570224555211703,-0.014724657129690698,0,0
2015-04-29,-0.006174325,0.0068863654,0.006539134,0.0049904715,9.134684,-0.011137594012945184,-0.017118688678571223,0,0
2015-04-30,-0.009574032,0.00678599,0.009110885,0.005591416,9.575794,-0.010989164098908034,-0.016819057911127644,0,0
2015-05-01,0.010764367,0.007445279,0.0049290373,0.0070634363,10.225814,-0.012069649892321588,-0.01840465945596725,0,0
2015-05-04,0.0036810585,0.0064885113,0.0052595977,0.008344211,10.811851,-0.010518619517834728,-0.01603953817217157,0,0
2015-05-05,-0.01204331,0.005962239,0.0068519814,0.0073825517,10.92418,-0.00966547259033424,-0.014738599138592776,1,0
2015-05-06,-0.004689481,0.0064806454,0.010538851,0.00899636,11.173897,-0.010505868471898277,-0.016020094471628353,0,0
2015-05-07,0.004809436,0.007909617,0.010276559,0.008035909,11.1031685,-0.012822395414963711,-0.01955249929596509,0,0
2015-05-08,0.011567716,0.008703359,0.0071621076,0.0073368303,11.346778,-0.014109142047769974,-0.021514621958526974,0,0
2015-05-11,-0.0051114527,0.007846946,0.004740098,0.008794695,11.925004,-0.012720798072053193,-0.01939757645109543,0,0
2015-05-12,-0.0013117885,0.006428888,0.007312965,0.007973618,11.435975,-0.010421963753820021,-0.015892150597799696,0,0
2015-05-13,-0.00023869197,0.0068268576,0.0050264588,0.0068603484,11.366309,-0.011067117895410199,-0.016875927457816818,0,0
2015-05-14,0.010921286,0.0063385833,0.0061249165,0.0059522265,11.076383,-0.010275568951535996,-0.015668917404940044,0,0
2015-05-15,0.00070813176,0.0062778075,0.0031297905,0.007833169,11.069862,-0.010177044587064359,-0.015518680455865849,0,0
2015-05-18,0.0032980007,0.005101033,0.0051349085,0.0067521767,10.833202,-0.008269358815246864,-0.012609705689196655,0,0
2015-05-19,-0.0007057993,0.0052115824,0.004186036,0.006143536,10.708815,-0.008448571440551337,-0.012882981829628617,0,0
2015-05-20,-0.0009418414,0.0051240292,0.004293871,0.0054463637,10.191519,-0.008306637985157708,-0.012666551615394291,0,0
2015-05-21,0.0025879322,0.0049217236,0.0052484656,0.004921249,9.49474,-0.007968440032034492,-0.0122049134930448,0,0
2015-05-22,-0.0016460909,0.0052272845,0.0023656571,0.0046970625,9.43792,-0.008461821678839831,-0.012967501815805912,0,0
2015-05-26,-0.009221014,0.004166615,0.00865631,0.0044064606,9.23499,-0.006740882686337832,-0.010350467625602112,1,0
2015-05-27,0.0075722085,0.0055131577,0.006256381,0.006479692,9.37133,-0.008922910205487402,-0.013682758800502187,0,0
2015-05-28,0.00035354428,0.0061756386,0.004060142,0.0069719097,9.888465,-0.010008746322811965,-0.015276360448366173,0,0
2015-05-29,-0.007450806,0.0051925695,0.0050636926,0.006074044,9.607247,-0.008409498546271304,-0.012867164295227447,0,0
2015-06-01,0.0015420204,0.005253272,0.005829825,0.006669573,10.159024,-0.008516155866382233,-0.012986039362617706,0,0
2015-06-02,-0.0011859584,0.0057248077,0.007283337,0.005904584,10.141793,-0.009280568747974944,-0.014151670420269071,0,0
2015-06-03,0.0043810382,0.006366933,0.0038621319,0.005305776,10.045717,-0.010321527745249491,-0.01573899863802055,0,0
2015-06-04,-0.0080664735,0.005404183,0.006792985,0.0053398493,10.234364,-0.00876079989142653,-0.013359089948926914,0,0
2015-06-05,-0.003220999,0.0058982978,0.006210807,0.0064515527,10.483332,-0.009561815904553392,-0.014580536061440523,0,0
2015-06-08,-0.0067138486,0.0063160756,0.0040558274,0.005940813,10.227801,-0.010239081447040058,-0.015613278666398585,0,0
2015-06-09,0.0008417003,0.0053845006,0.005447822,0.0063638347,10.781936,-0.008728891892838136,-0.0133104343662729,0,0
2015-06-10,0.012897241,0.0055150846,0.0053561134,0.0056404998,10.6954155,-0.008940583899978222,-0.013633237375119253,0,0
2015-06-11,0.0010672993,0.0057217353,0.003734724,0.008478587,10.834429,-0.00927558834540207,-0.014144075948670877,0,0
2015-06-12,-0.0077339904,0.0050537013,0.0043054377,0.007293983,10.272588,-0.008192628881488554,-0.012492702436119777,0,0
2015-06-15,-0.0043093194,0.0049179606,0.0062238113,0.0075314967,10.72064,-0.007972577123885102,-0.012157151885978709,0,0
2015-06-16,0.0023963586,0.0056172744,0.0086088395,0.006905888,10.905017,-0.009106245374001544,-0.013885849757547385,0,0
2015-06-17,0.000119667326,0.006709621,0.0067690397,0.0061756754,10.878515,-0.010877063336289228,-0.01658611876660526,0,0
2015-06-18,0.012131453,0.0066861627,0.009962718,0.005505294,10.05715,-0.010839035544605441,-0.01652813128875407,0,0
2015-06-19,-0.0080712605,0.0075860233,0.004828154,0.008092539,10.582911,-0.012297812422459413,-0.018752577888172146,0,0
2015-06-22,0.0071250745,0.006522028,0.005838048,0.008142195,11.103029,-0.010572954097878203,-0.016122391399175224,0,0
2015-06-23,0.0017733645,0.0061794296,0.0030482223,0.007929049,11.571603,-0.010017562829637986,-0.015275491344246389,0,0
2015-06-24,-0.00806456,0.0050611673,0.003821391,0.00694607,11.248151,-0.008204731740816639,-0.012511157735682243,0,0
2015-06-25,-0.0026231087,0.0047679674,0.006640219,0.0073920786,11.828031,-0.007729421058463914,-0.01178637024619172,0,0
2015-06-26,0.0008353721,0.0057366593,0.0048885914,0.006612091,11.904533,-0.009299781404163543,-0.014180967243089152,0,0
2015-06-29,-0.021827819,0.005592945,0.011631775,0.0058991183,11.746745,-0.009066803894076854,-0.013825706587453024,1,1
2015-06-30,0.0019488435,0.0071689133,0.0076454007,0.012407627,8.657084,-0.011576067778819817,-0.0178841855587013,0,0
2015-07-01,0.007999073,0.00751977,0.006103427,0.010543459,8.341865,-0.012127928501925045,-0.01880707355091444,0,0
2015-07-02,-0.0010870222,0.006682567,0.00566016,0.009875912,8.539331,-0.010786030933163947,-0.016686367261990395,0,0
2015-07-06,-0.002056494,0.006351242,0.012860188,0.008528346,8.350217,-0.010243667251075884,-0.015883463286109113,0,0
2015-07-07,0.004470496,0.008404285,0.014675573,0.00750668,8.278077,-0.013550923719105065,-0.021030488822798017,0,0
2015-07-08,-0.016776469,0.010553173,0.0076191355,0.007011086,8.182846,-0.01700888843668432,-0.02642919403603569,0,0
2015-07-09,0.0009802721,0.008976346,0.01023604,0.010453393,8.122772,-0.014463673605587672,-0.022491915658877534,0,0
2015-07-10,0.013503034,0.009066124,0.007237144,0.009040692,8.006998,-0.014600703512245225,-0.022740111123526204,0,0
2015-07-13,0.012249462,0.008415284,0.008411699,0.010325944,8.442925,-0.013577693036610394,-0.021029282661874104,0,0
2015-07-14,0.0035744112,0.0082632555,0.004465679,0.0108061675,8.743262,-0.013347276801080728,-0.02060054276060977,0,0
2015-07-15,0.0010698367,0.0067023365,0.0042590755,0.00947613,8.870169,-0.01083072255379342,-0.01669315036149997,0,0
2015-07-16,0.0060408833,0.005722224,0.0036312635,0.008255119,8.825451,-0.009245494570562734,-0.014256799907185879,0,0
2015-07-17,0.0008263,0.005125823,0.0023672483,0.007880635,8.399964,-0.008268888955975311,-0.01281361853794732,0,0
2015-07-20,0.001532748,0.0041557495,0.0030309716,0.00699358,7.760331,-0.006684702410231198,-0.010447322271876574,0,0
2015-07-21,-0.0035406624,0.004007973,0.0057683755,0.0062951194,7.814293,-0.006448749370763056,-0.010070715257933573,0,0
2015-07-22,-0.0030787473,0.0049074264,0.00327107,0.005980728,7.8932543,-0.007899011079656086,-0.012321741441832625,0,0
2015-07-23,-0.004516827,0.004464787,0.0067753242,0.005670321,8.170276,-0.007195649764057398,-0.011182751045958181,0,0
2015-07-24,-0.010057556,0.005172967,0.009263371,0.0056704744,8.88421,-0.008359713685540544,-0.01288268831870655,1,0
2015-07-27,-0.006277181,0.0066071255,0.0071896594,0.007173447,9.909245,-0.01070858957993154,-0.016341649180362017,0,0
2015-07-28,0.010959344,0.006742807,0.0067391037,0.0070659057,11.30496,-0.01093086198079063,-0.01666815476102717,0,0
2015-07-29,0.006803965,0.0066053905,0.005330935,0.008254048,12.806196,-0.010708094253778685,-0.01632846270781832,0,0
2015-07-30,0.001070091,0.00620973,0.0054227165,0.007968569,15.01191,-0.010066683221053224,-0.015350393606068949,0,0
2015-07-31,-0.0024986628,0.0060450686,0.004609743,0.0070430804,16.933683,-0.009799748497423566,-0.014943352579261535,0,0
2015-08-03,-0.0035803833,0.005675787,0.007252133,0.0063824845,16.431808,-0.009201100900990671,-0.014030492202632874,0,0
2015-08-04,-0.003833258,0.006346038,0.0044654896,0.006011868,15.704131,-0.010287654087011508,-0.015687345677913193,0,0
2015-08-05,0.0051475544,0.0057857423,0.0076548867,0.005784495,14.642312,-0.009379350530305372,-0.014302299898378591,0,0
2015-08-06,-0.006829236,0.006346431,0.008932541,0.0058643958,15.159203,-0.010288291301711138,-0.015688317348148174,0,0
2015-08-07,-0.0028894795,0.0073685036,0.0068075955,0.0063387784,15.832945,-0.011945187935599554,-0.01821487102389768,0,0
2015-08-10,0.0125802895,0.007076476,0.005619581,0.005887962,14.521731,-0.011471777081444005,-0.017492980527385894,0,0
2015-08-11,-0.009570596,0.0064131385,0.008450481,0.008296951,15.23508,-0.010396432122192833,-0.015853218152397736,0,0
2015-08-12,0.002161384,0.007206323,0.013222525,0.0087082945,16.195976,-0.011682274838517897,-0.01781396245890443,0,0
2015-08-13,-0.0018008288,0.009197411,0.0066703483,0.0076403064,15.101116,-0.0149100559377463,-0.022735912346406897,0,0
2015-08-14,0.0043165535,0.008066397,0.0047976226,0.0067824544,14.535263,-0.013076552928874548,-0.019940056725835535,0,0
2015-08-17,0.004655335,0.006418792,0.008228072,0.0064274915,14.742173,-0.010405597041958778,-0.015867193473035727,0,0
2015-08-18,-0.0025040256,0.0071741627,0.0043743034,0.00625525,13.968417,-0.011630138860186393,-0.01773446181595658,0,0
2015-08-19,-0.010199885,0.0062090484,0.008775806,0.0057997387,13.465207,-0.010065578434242871,-0.015348708948668162,1,0
2015-08-20,-0.023059644,0.006955413,0.011186033,0.007432998,15.469357,-0.011275520861908615,-0.017193715103874126,1,1
2015-08-21,-0.02702191,0.008574692,0.013702417,0.013894798,11.476241,-0.013900556778787954,-0.021196556324693833,1,1
2015-08-24,-0.052188016,0.010081127,0.039645158,0.018910289,12.132147,-0.01634266143729451,-0.024920450969246694,1,1
2015-08-25,0.0008012821,0.016332436,0.0328687,0.03498162,10.533998,-0.026476748469680986,-0.04037362669448978,0,0
2015-08-26,0.034248576,0.021309868,0.027950326,0.026593465,10.664631,-0.0345457365996167,-0.0526777929305117,0,0
2015-08-27,0.02610117,0.022023758,0.013158115,0.028746612,11.618909,-0.03570303327719124,-0.05444252110658182,0,0
2015-08-28,0.00025131943,0.017415069,0.009094734,0.026772719,12.39932,-0.028231820054947468,-0.043049884509409796,0,0
2015-08-31,-0.010356243,0.0129259005,0.008702773,0.020352842,12.480563,-0.020954363989026364,-0.031952702586655786,0,0
2015-09-01,-0.02741308,0.010882006,0.0189423,0.01641324,12.909032,-0.017640977525865725,-0.02690021555973063,1,1
2015-09-02,0.016050046,0.013237819,0.010866843,0.020719772,13.7612095,-0.02146002043896216,-0.03272376345799906,0,0
2015-09-03,-0.0005137426,0.012356773,0.011367439,0.018522605,14.351203,-0.02003174462339952,-0.03054582704483537,0,0
2015-09-04,-0.012539755,0.01121343,0.012823219,0.014357185,14.13736,-0.018178255016776838,-0.027719494440377065,0,0
2015-09-08,0.022637622,0.011375215,0.0112345675,0.01334026,14.782248,-0.018440525835200988,-0.02811942361325267,0,0
2015-09-09,-0.011769357,0.0110598095,0.018892402,0.016860012,15.358253,-0.017929218008273497,-0.02733974512085847,0,0
2015-09-10,0.0034684343,0.013200345,0.013946962,0.014899664,15.851614,-0.0213992715122734,-0.03263112917962339,0,0
2015-09-11,0.005499087,0.013349631,0.00849507,0.012013339,15.889731,-0.02164127974724227,-0.03300016052600696,0,0
2015-09-14,-0.0031934625,0.010688288,0.0095195435,0.010198269,15.605989,-0.017326939554042176,-0.02642134815436107,0,0
2015-09-15,0.008154989,0.009854649,0.010758911,0.008574116,15.783826,-0.015975514363233932,-0.02436059903247771,0,0
2015-09-16,0.009095565,0.010105302,0.007561693,0.008638215,16.47344,-0.016381851407311267,-0.024980210619168837,0,0
2015-09-17,-0.0054221177,0.008975592,0.013810165,0.008929101,17.446325,-0.014550462600853525,-0.022187578884608906,0,0
2015-09-18,-0.013621241,0.010262143,0.012595922,0.008159268,17.264791,-0.016636109356386684,-0.02536792119971208,0,0
2015-09-21,0.0063881655,0.0110705625,0.010137546,0.0102231,18.809185,-0.017946649839275047,-0.027366326414942372,0,0
2015-09-22,-0.01591818,0.010287968,0.013796404,0.0092236,18.116913,-0.016677974784148907,-0.025431760577640707,0,0
2015-09-23,-0.0018132371,0.01106058,0.011454451,0.011640512,19.378216,-0.01793046542989741,-0.02734164727795424,0,0
2015-09-24,-0.005068566,0.0111294575,0.013762277,0.009642427,17.945139,-0.018042124013118256,-0.027511912216693087,0,0
2015-09-25,0.00026055236,0.011643227,0.014798153,0.008614995,16.310188,-0.01887500498119155,-0.028781948275858078,0,0
2015-09-28,-0.024927106,0.012477019,0.01766436,0.0074164164,15.522331,-0.02022667661794985,-0.030843073196030996,1,0
2015-09-29,0.0013345792,0.013768338,0.010824823,0.014748548,10.913848,-0.022320050973204622,-0.03403519910407656,0,0
2015-09-30,0.01810662,0.012292488,0.009618268,0.012194024,10.885225,-0.019927530058259126,-0.03038691327360984,0,0
2015-10-01,0.004182466,0.010621702,0.01377235,0.014026008,10.87996,-0.01721899622791772,-0.026256748503535335,0,0
2015-10-02,0.013602127,0.011566223,0.02083301,0.01182629,10.981925,-0.01875017166755847,-0.028591593572393284,0,0
2015-10-05,0.016208638,0.014311722,0.011109645,0.012230261,11.006385,-0.023200939949945983,-0.035378441184839335,0,0
2015-10-06,-0.0031699766,0.012633916,0.006936852,0.013316247,11.849055,-0.020481024030281108,-0.03123092019650127,0,0
2015-10-07,0.009479942,0.009510886,0.007266429,0.011190423,11.1546755,-0.015418234238705272,-0.023510818715315903,0,0
2015-10-08,0.009640138,0.008413824,0.012079364,0.010667361,10.853895,-0.013639772232000958,-0.020798893524379563,0,0
2015-10-09,0.0004982561,0.009694643,0.005264019,0.010360869,10.850713,-0.015716126624828245,-0.023965066184797743,0,0
2015-10-12,0.001741944,0.0077793226,0.003929872,0.008876267,10.173964,-0.012611172667920308,-0.019230411848245428,0,0
2015-10-13,-0.008489439,0.0059121773,0.006134297,0.007783714,9.445179,-0.009570706428721817,-0.014665833622666012,0,0
2015-10-14,-0.0050276625,0.006184886,0.0064178295,0.008150708,9.966183,-0.010025606895021088,-0.015292066016529247,0,0
2015-10-15,0.01748733,0.006507223,0.0064756847,0.007664886,9.364269,-0.010531567132864303,-0.01615063230698329,0,0
2015-10-16,0.0032142443,0.006479978,0.004464456,0.011195027,9.752777,-0.010498447585832835,-0.016042584276307465,0,0
2015-10-19,0.0009869233,0.00575545,0.0047217105,0.009655883,9.104478,-0.009307648436843327,-0.014310421417712155,0,0
2015-10-20,-0.0034585015,0.0054470566,0.00414854,0.008404364,8.687328,-0.008796644590606497,-0.013585510373217289,0,0
2015-10-21,-0.005956831,0.0051592654,0.008692394,0.0076952144,8.48467,-0.008325600049613028,-0.012888331400019767,0,0
2015-10-22,0.021913962,0.006373595,0.010204744,0.007516069,8.497804,-0.01028570522040854,-0.015920156665669833,0,0
2015-10-23,0.0063122325,0.007787457,0.006359253,0.0127728265,7.3794866,-0.01250017554279173,-0.01965092058907232,0,0
2015-10-26,-0.001816751,0.0071254782,0.0034176887,0.011353018,7.238607,-0.011427667341245486,-0.018007008577663897,0,0
2015-10-27,-0.00084894797,0.00537717,0.0045338618,0.009833687,7.2323313,-0.008623429546808873,-0.013589714975254163,0,0
2015-10-28,0.011580346,0.0052303267,0.0075990427,0.008692033,6.7655554,-0.008360175886243972,-0.013288176273803949,0,0
2015-10-29,-0.00071985606,0.006366208,0.004464951,0.009573593,7.0486927,-0.010197118008286186,-0.016121486536183918,0,0
2015-10-30,-0.0044505997,0.005797256,0.007827197,0.008453761,6.7235813,-0.009263250580457814,-0.014735892878075776,0,0
2015-11-02,0.010433625,0.0064068604,0.010118911,0.007958126,6.256841,-0.010193912731221423,-0.01638192075058231,0,0
2015-11-03,0.0035727082,0.0077826837,0.006547885,0.008831605,6.6153007,-0.012424540777563463,-0.019808613293027712,0,0
2015-11-04,-0.0039306823,0.0071842745,0.0060614673,0.008053653,6.616292,-0.011469317026867243,-0.01828531004978519,0,0
2015-11-05,-0.00035810206,0.006588944,0.0069915596,0.007559969,6.4246616,-0.01050089902560834,-0.01681050776704133,0,0
2015-11-06,-0.00011939586,0.0068670316,0.0072741737,0.006942417,6.273565,-0.01092795322491787,-0.017554635380493223,0,0
2015-11-09,-0.009959883,0.0071586967,0.010750541,0.0064916555,6.2767634,-0.011392469423212825,-0.018299460402728642,0,0
2015-11-10,0.0024090593,0.008312949,0.00463968,0.007941374,6.5948577,-0.013268751864587605,-0.02116358205801277,0,0
2015-11-11,-0.004340494,0.006735814,0.0062445295,0.007364099,6.6235247,-0.010754034083923128,-0.017142372427372817,0,0
2015-11-12,-0.013870523,0.006416558,0.009931969,0.0071819583,6.7866015,-0.010257951704161463,-0.016297855833594794,1,0
2015-11-13,-0.010840215,0.0077843396,0.009960307,0.00945051,7.1897116,-0.012480413642124407,-0.019682327991855524,0,0
2015-11-16,0.0145090455,0.008589624,0.013202411,0.009843557,7.6513996,-0.013808947280372552,-0.021616343242399416,0,0
2015-11-17,0.00048816207,0.009841951,0.007569797,0.011109548,8.272144,-0.015868598654638962,-0.024629268494155684,0,0
2015-11-18,0.014895825,0.008798723,0.010089786,0.009540927,8.061913,-0.014173615703290449,-0.02205862946226587,0,0
2015-11-19,-0.00024044242,0.008922559,0.0047448366,0.010984901,8.696044,-0.014409806427969962,-0.02225226781966937,0,0
2015-11-20,0.0045585493,0.0071639274,0.005435467,0.009486746,8.579501,-0.011564718053250054,-0.017882622197724154,0,0
2015-11-23,-0.0021567226,0.0064028683,0.004724986,0.008715325,8.512315,-0.010333520870912388,-0.01599141335739686,0,0
2015-11-24,0.00023986568,0.0060199853,0.008829916,0.007979148,8.475773,-0.009714225290930417,-0.015039570719463656,0,0
2015-11-25,0.0015577261,0.0070427256,0.0032612921,0.0073963427,8.471064,-0.011364376045525171,-0.017595326074729776,0,0
2015-11-27,0.00095739594,0.005496327,0.005665422,0.0070229284,8.441279,-0.008868026208295682,-0.013735170622362045,0,0
2015-11-30,-0.004916372,0.0054821977,0.004776043,0.006736087,8.351539,-0.008842067219376248,-0.01370996871391165,0,0
2015-12-01,0.0096896505,0.0055389223,0.004295825,0.0069473777,8.24233,-0.00892952506806679,-0.013864533438204938,0,0
2015-12-02,-0.008848557,0.0051565208,0.008624584,0.00810333,8.514712,-0.008322130044140034,-0.012878364286721898,1,0
2015-12-03,-0.014639424,0.0063558803,0.016263321,0.008488286,9.078552,-0.010277824834883209,-0.015806251615353612,1,0
2015-12-04,0.017996741,0.009186129,0.01173562,0.010285183,10.030978,-0.014891766609877429,-0.022708023480192206,0,0
2015-12-07,-0.0035975575,0.009840379,0.009991874,0.01245908,11.109863,-0.015952380515661908,-0.02432532289851626,0,0
2015-12-08,-0.010749545,0.00938937,0.00858365,0.010542919,10.762615,-0.015221242901284612,-0.023210432331837685,0,0
2015-12-09,-0.008169283,0.008881669,0.014714885,0.010414245,11.743638,-0.014398201203367999,-0.02195539989068519,0,0
2015-12-10,0.0035441527,0.010715677,0.007927866,0.009783573,10.982921,-0.01737134033671525,-0.026489053621542535,0,0
2015-12-11,-0.019463535,0.009601501,0.012687644,0.008638285,11.410224,-0.015565132904798143,-0.02373482023550044,1,0
2015-12-14,0.004344325,0.01024691,0.012241452,0.012123508,10.597946,-0.01661141412180232,-0.025330264151929807,0,0
2015-12-15,0.009123476,0.0110794455,0.010056906,0.010368341,10.868585,-0.017961050047493723,-0.027388284875272555,0,0
2015-12-16,0.013046579,0.0102974195,0.010309112,0.00991111,10.45087,-0.016693296632701353,-0.025455124420615392,0,0
2015-12-17,-0.01907848,0.009957033,0.013347052,0.010536223,9.660307,-0.016127917374986037,-0.024665131080311382,1,0
2015-12-18,-0.016307076,0.010986565,0.009362982,0.01303283,10.118701,-0.0178104800119394,-0.027158684990157982,0,0
2015-12-21,0.011480036,0.01024502,0.006536731,0.013492274,10.819441,-0.016608350427286214,-0.025325592412919224,0,0
2015-12-22,0.010367903,0.00839472,0.008407712,0.012591047,11.308564,-0.013608801909612948,-0.020751667776998484,0,0
2015-12-23,0.00831504,0.008310397,0.0073369034,0.011793499,11.77307,-0.013472105430658004,-0.020543223276417232,0,0
2015-12-24,-0.0008527746,0.008071269,0.0036721115,0.010897153,12.231488,-0.01308445101517805,-0.019952100288827553,0,0
2015-12-28,-0.0012195123,0.0060427403,0.006613302,0.0095467875,12.207049,-0.009795974160818602,-0.014937597202717368,0,0
2015-12-29,0.011646377,0.00628028,0.006141316,0.008492509,12.263949,-0.010181053553717664,-0.015524793612973358,0,0
2015-12-30,-0.008843719,0.0065416475,0.005143038,0.009368996,13.040436,-0.01060475912932308,-0.01617088997021511,0,0
2015-12-31,-0.00929102,0.0060067615,0.007381765,0.009285708,12.800601,-0.009737648337974395,-0.01484865784519552,0,0
2016-01-04,-0.013104403,0.0065106307,0.020402765,0.00929323,13.532613,-0.010554477403567852,-0.01609421682330204,1,0
2016-01-05,0.0013679042,0.010048113,0.008688874,0.0102077285,13.66711,-0.01628914215446937,-0.02483884096535164,0,0
2016-01-06,-0.0128824245,0.009466771,0.013079578,0.009041231,12.807653,-0.015346719337568178,-0.023401767714400567,0,0
2016-01-07,-0.027049365,0.009901591,0.014397391,0.00995551,12.869853,-0.016051612146250487,-0.024476638337202268,1,1
2016-01-08,-0.011184926,0.011467909,0.018279519,0.015363971,11.287187,-0.018590793721268595,-0.028348562759368402,0,0
2016-01-11,0.0014376269,0.013500534,0.013409714,0.013997618,10.963762,-0.021885911112391875,-0.03337319180760951,0,0
2016-01-12,0.005600067,0.013101435,0.014731865,0.011964309,10.575318,-0.02123892635002885,-0.03238662348701003,0,0
2016-01-13,-0.022856636,0.013121736,0.021499287,0.010704782,10.619615,-0.02127183701227706,-0.03243680800243115,1,0
2016-01-14,0.017387161,0.015488339,0.018473634,0.0140409125,10.825638,-0.025108370835883628,-0.03828702728341453,0,0
2016-01-15,-0.020847833,0.016187267,0.023767916,0.01450423,11.113338,-0.026241414531195134,-0.04001477278945488,0,0
2016-01-19,-0.001067236,0.017750103,0.019227894,0.015836423,11.142982,-0.028774948105193467,-0.04387808473849186,0,0
2016-01-20,-0.009656727,0.017791616,0.027963966,0.013495463,11.15356,-0.028842244729418303,-0.04398070341114966,0,0
2016-01-21,0.0032292816,0.019950932,0.017748373,0.012434171,11.4071,-0.03234274612415182,-0.04931851657640101,0,0
2016-01-22,0.020345094,0.018417047,0.011158832,0.010845659,10.613346,-0.029856143623779526,-0.04552676846191566,0,0
2016-01-25,-0.01538696,0.014199723,0.009841405,0.013407374,11.041916,-0.023019376804193203,-0.035101580803871706,0,0
2016-01-26,0.013674292,0.011808702,0.016443565,0.013574869,11.701059,-0.01914325802185541,-0.029190999566118533,0,0
2016-01-27,-0.011137744,0.013052369,0.016708452,0.013282072,11.647638,-0.02115938338766939,-0.03226533072811435,0,0
2016-01-28,0.003061974,0.014124448,0.01379038,0.012645138,11.582938,-0.0228973472352385,-0.03491550144944083,0,0
2016-01-29,0.02584937,0.013370194,0.012656942,0.0111729195,10.85626,-0.021674614093966264,-0.03305099110561081,0,0
2016-02-01,0.0006474588,0.01243572,0.010083584,0.015206152,10.16716,-0.02015972603084667,-0.030740982185355117,0,0
2016-02-02,-0.01763023,0.011167876,0.010991677,0.013446109,9.366127,-0.018074663963598143,-0.027717817211082865,0,0
2016-02-03,0.005780363,0.0107375225,0.017132472,0.014256568,9.30826,-0.01737525692882772,-0.026660147974871245,0,0
2016-02-04,-0.00039305602,0.012683092,0.011870399,0.012888644,9.154625,-0.020514127935070202,-0.03152424340013138,0,0
2016-02-05,-0.017182553,0.012200979,0.015340889,0.011602625,8.426428,-0.019684468609165468,-0.030493600992312003,0,0
2016-02-08,-0.012475847,0.012629905,0.022539826,0.012786459,8.953607,-0.02041510625694277,-0.03143728100309319,0,0
2016-02-09,-0.0020268909,0.015371919,0.014557476,0.012615092,9.213252,-0.024867560786428874,-0.038191786328543094,0,0
2016-02-10,-0.00081190804,0.014607257,0.014897056,0.011363538,8.617477,-0.02358379137039563,-0.03645179051268607,0,0
2016-02-11,-0.012121361,0.013844263,0.01626317,0.01013368,8.599846,-0.02235046268258101,-0.034552554682741675,0,0
2016-02-12,0.018329207,0.0142770605,0.010313983,0.01067416,8.571395,-0.023046740620367986,-0.03564073566474531,0,0
2016-02-16,0.01628005,0.0122569185,0.006965595,0.0124844005,8.941476,-0.019811418011295347,-0.03051158307406674,0,0
2016-02-17,0.017841218,0.009506696,0.013091252,0.0131568415,9.649861,-0.015398063080790945,-0.023551138436962965,0,0
2016-02-18,-0.0032558471,0.0105137555,0.0074827797,0.013998932,10.484825,-0.017044001035532524,-0.025989903404380472,0,0
2016-02-19,-0.0010441139,0.0093968185,0.0089219315,0.012584079,10.3576765,-0.015233318752837347,-0.02322884644802595,0,0
2016-02-22,0.011296621,0.008816514,0.010164581,0.011450378,10.002966,-0.014292578857937561,-0.02179433943607959,0,0
2016-02-23,-0.010513433,0.009261594,0.006745464,0.0114392545,10.5174675,-0.015014105080262682,-0.022894573869465463,0,0
2016-02-24,0.0074098487,0.008162797,0.016586186,0.0113065,10.922331,-0.013232829200964236,-0.02017835788572987,0,0
2016-02-25,0.010436222,0.010358141,0.009945843,0.010811977,11.222712,-0.016791731533917147,-0.025605224949762556,0,0
2016-02-26,-0.003981255,0.010310932,0.009744292,0.010764618,11.850768,-0.016715201626495015,-0.025488526711050834,0,0
2016-02-29,-0.006843593,0.00958209,0.009931831,0.01006337,11.944311,-0.015533665470545122,-0.02368683645663803,0,0
2016-03-01,0.02482533,0.009592011,0.0136215435,0.009680387,12.188667,-0.015549746912779246,-0.023711358582012034,0,0
2016-03-02,0.0027767278,0.010784073,0.006218499,0.012927964,11.283375,-0.017482217382436945,-0.026658126816390525,0,0
2016-03-03,0.0035229025,0.008744517,0.005704265,0.01198003,11.191021,-0.014175863068782693,-0.02161636291052217,0,0
2016-03-04,0.002258187,0.0072135907,0.008232322,0.01115878,11.296999,-0.011694056136520737,-0.017831927418917853,0,0
2016-03-07,0.0020030052,0.007735717,0.0069508986,0.010444372,10.470155,-0.012540483191917305,-0.019122619514204013,0,0
2016-03-08,-0.009045288,0.0075894054,0.006541014,0.009701381,10.56592,-0.012303295000855176,-0.018760938113134333,0,0
2016-03-09,0.0040302323,0.00707375,0.0052251196,0.00973639,10.254626,-0.011467357934202593,-0.01748624189778275,0,0
2016-03-10,-0.0001256992,0.0063944412,0.015284402,0.009164013,10.415039,-0.010366120958321923,-0.015806997536743174,0,0
2016-03-11,0.015591211,0.008827957,0.007402469,0.008602494,9.832206,-0.014305338594531156,-0.021844773359183743,0,0
2016-03-14,-0.00061900343,0.008411975,0.004376763,0.009963753,9.99579,-0.013636638994835684,-0.02079484293834468,0,0
2016-03-15,-0.006086597,0.0062904432,0.0052278545,0.009380457,9.258147,-0.010177578596919368,-0.015623866118140088,0,0
2016-03-16,0.0053432873,0.005994958,0.008458839,0.009068123,9.380507,-0.009702945169875805,-0.014877590904483477,0,0
2016-03-17,0.0064237406,0.007108974,0.010052652,0.00879694,8.9228735,-0.011489854384137925,-0.01769903841031052,0,0
2016-03-18,0.0035646278,0.008188937,0.005129167,0.008608463,9.078052,-0.013241962070800794,-0.020364898569553615,0,0
2016-03-21,0.0025733733,0.006805595,0.0042799427,0.008241214,8.819054,-0.010995674976616023,-0.016956811158580196,0,0
2016-03-22,-0.00012239153,0.005678321,0.0065011648,0.007820633,8.937324,-0.009178004281816471,-0.01413567627122962,0,0
2016-03-23,-0.006754708,0.006182383,0.005418322,0.0073840986,8.883589,-0.009990947914271953,-0.015396595310646624,0,0
2016-03-24,-0.00012323618,0.0060993056,0.006295232,0.0075422134,8.489929,-0.009842759141008649,-0.015235994070646103,0,0
2016-03-28,-0.00024651794,0.006213195,0.006141659,0.0071634236,8.433142,-0.010024333768437494,-0.015527633456070594,0,0
2016-03-29,0.009569451,0.0063230996,0.008512084,0.006821342,8.386025,-0.010199747922892603,-0.015808403046606922,0,0
2016-03-30,0.0037779582,0.007067476,0.005753282,0.0076249186,8.3170185,-0.011397309985968784,-0.017679540660001856,0,0
2016-03-31,-0.0018262621,0.0065978155,0.004130522,0.007412157,8.078344,-0.010629021858864031,-0.0165384987824951,0,0
2016-04-01,0.0065589934,0.005538357,0.010302141,0.0071084974,7.947945,-0.008916887571766043,-0.013898973208443735,0,0
2016-04-04,-0.0036385728,0.0071184924,0.0055785016,0.00729767,8.221511,-0.011475002961275389,-0.017821529657429547,0,0
2016-04-05,-0.009154779,0.006782619,0.0053041447,0.007115433,8.29429,-0.010936913252165632,-0.016970192411867664,0,0
2016-04-06,0.010490459,0.0060296296,0.0068523567,0.0077347304,8.563512,-0.009733040304918682,-0.015053088498111534,0,0
2016-04-07,-0.012331516,0.0064883414,0.0099325655,0.008440871,9.15972,-0.010494660208365082,-0.016126410236603564,1,0
2016-04-08,0.0028215684,0.007738614,0.0080881985,0.009349457,9.833875,-0.012540153806550344,-0.01914899657792369,0,0
2016-04-11,-0.0030672988,0.007853578,0.008060457,0.0087637575,9.584723,-0.012718309147899079,-0.019463951648496045,0,0
2016-04-12,0.010390656,0.007733048,0.007240919,0.008321451,9.410547,-0.012517139220316487,-0.019187126227049028,0,0
2016-04-13,0.00980222,0.0075496375,0.004797646,0.008833775,9.963164,-0.01223776033923264,-0.018666736774092967,0,0
2016-04-14,0.00024081879,0.0064244755,0.004514383,0.009130847,10.582195,-0.010414810069324563,-0.01588124215155901,0,0
2016-04-15,-0.0007226304,0.005728339,0.0034826084,0.008551318,10.301716,-0.009286292708362886,-0.014160398721638153,0,0
2016-04-18,0.005646678,0.0050525423,0.0078108474,0.008074189,10.195048,-0.008190749309122888,-0.012489836330671687,0,0
2016-04-19,0.0033488849,0.0061285174,0.003900678,0.0079802545,9.739749,-0.009928704680299971,-0.015173701338600847,0,0
2016-04-20,0.0020277933,0.0054636975,0.006485512,0.0077020414,9.407366,-0.00884376364743188,-0.01355673442556439,0,0
2016-04-21,-0.0072953743,0.005722147,0.007279551,0.0073834783,9.355997,-0.009260747821102233,-0.014202901327382458,0,0
2016-04-22,0.0015592207,0.0064799096,0.0043737986,0.0076139593,9.65282,-0.010495637228851076,-0.016052515332962054,0,0
2016-04-25,-0.0013191823,0.005644463,0.0065173814,0.0072801965,9.521348,-0.00913924329600246,-0.0139947284790097,0,0
2016-04-26,0.0025169307,0.0059557403,0.003777676,0.0069705653,9.444685,-0.009641213506821749,-0.014773945010495504,0,0
2016-04-27,0.0010767484,0.005312999,0.005460986,0.0067414637,9.413235,-0.008599978546475666,-0.013182298765808002,0,0
2016-04-28,-0.008767245,0.005450037,0.007847965,0.006459682,9.301882,-0.008818982693124176,-0.013532459790091357,0,0
2016-04-29,-0.00653518,0.0065034013,0.009383297,0.0072034397,9.713466,-0.010535340780964034,-0.016104536276429323,0,0
2016-05-02,0.0073792147,0.0074755317,0.006340329,0.007359144,9.654134,-0.012108307515143645,-0.018518789934958587,0,0
2016-05-03,-0.008351032,0.0069560762,0.007929272,0.0076063136,9.568371,-0.011264375816253079,-0.01724144245565934,0,0
2016-05-04,-0.004873304,0.0071584303,0.006605608,0.0079806205,10.08382,-0.011604635080327531,-0.01769557184090926,0,0
2016-05-05,-0.0014666343,0.0070674284,0.007031064,0.0077755777,9.547772,-0.01144406069750503,-0.017519778940103623,0,0
2016-05-06,0.004271685,0.0070551215,0.0078203,0.0073923725,9.349924,-0.011417840430242753,-0.01751218509465164,0,0
2016-05-09,0.0007304602,0.0074054888,0.0039408654,0.007250281,9.37128,-0.01198559950540425,-0.018379221878071388,0,0
2016-05-10,0.01125443,0.005967191,0.008266842,0.006907975,8.646529,-0.009635207101302895,-0.014887490638419272,0,0
2016-05-11,-0.009430611,0.006708152,0.004393679,0.008072547,9.115422,-0.01084871650025948,-0.01667793922023586,0,0
2016-05-12,0.00036436509,0.006041792,0.00832118,0.008530973,9.747631,-0.009788398982046965,-0.014958240770273128,0,0
2016-05-13,-0.0074349786,0.0066939974,0.0071776207,0.008007179,9.614375,-0.010841304705433971,-0.016586939552904027,0,0
2016-05-16,0.00937602,0.0070975022,0.009533724,0.008149609,9.3651,-0.011486927976502416,-0.017615580873002985,0,0
2016-05-17,-0.00937602,0.00776998,0.009790374,0.008555275,9.960481,-0.012594848872381988,-0.01921184956376735,0,0
2016-05-18,-0.0009791922,0.008453294,0.009314318,0.008860862,10.473931,-0.013703757027773674,-0.020896462085776328,0,0
2016-05-19,-0.0013479568,0.008605859,0.0077780625,0.008304144,10.315095,-0.01395108326250728,-0.021273602695935572,0,0
2016-05-20,0.0055029183,0.0081608975,0.005298108,0.007864422,10.199996,-0.013229749470581519,-0.020173661694090857,0,0
2016-05-23,-0.0023197618,0.0069306856,0.003564767,0.0077782804,10.390597,-0.011235434571347479,-0.017132588680720786,0,0
2016-05-24,0.014441122,0.0055236802,0.008419608,0.007453764,10.330097,-0.008954518224072132,-0.013654485422244518,0,0
2016-05-25,0.005886256,0.0066656936,0.0053119445,0.009111459,10.37277,-0.010805852272624806,-0.016477531078649646,0,0
2016-05-26,0.0011970315,0.006446668,0.0031197038,0.008833099,10.155052,-0.010450786958067818,-0.015936102266932036,0,0
2016-05-27,0.003582521,0.0049437066,0.0030283662,0.008318663,10.0357895,-0.00801431426471442,-0.012220795642879896,0,0
2016-05-31,-0.0010734093,0.0043567517,0.005805316,0.008008513,9.729545,-0.007058114167812171,-0.010787644887990418,0,0
2016-06-01,0.0014309566,0.0051623117,0.005278423,0.007627921,9.6617365,-0.008361692847940866,-0.012787739762785522,0,0
2016-06-02,0.0027369566,0.0054622176,0.0057090404,0.0072984914,9.638435,-0.008846928155070308,-0.0135326519530615,0,0
2016-06-03,-0.0028561247,0.005557664,0.0076632104,0.0070590093,9.590209,-0.00900037155682596,-0.01377337546849579,0,0
2016-06-06,0.0049928776,0.0063343258,0.0052493266,0.0068548433,9.315607,-0.010250305009184906,-0.01572668299568208,0,0
2016-06-07,0.0009482044,0.0059940484,0.0038044283,0.006854479,9.569902,-0.009706548430803345,-0.014856797685637182,0,0
2016-06-08,0.0036658233,0.00509644,0.0038036234,0.006557287,9.320462,-0.008247255887363802,-0.012652879544256266,0,0
2016-06-09,-0.0017721076,0.0048112944,0.003969678,0.0064315596,9.548226,-0.007790784866022636,-0.011926908021069068,0,0
2016-06-10,-0.008550106,0.004806777,0.0068512475,0.0061907326,8.883569,-0.0077679206382679404,-0.011970791690166174,1,0
2016-06-13,-0.008383282,0.005697838,0.0069505484,0.0069133155,9.549802,-0.009226377572548223,-0.014124451649055163,0,0
2016-06-14,-0.0061523807,0.006282662,0.006155947,0.007403174,9.863334,-0.010181572439277819,-0.015543477615154141,0,0
2016-06-15,-0.0012108005,0.006183651,0.0067411014,0.007406191,10.240366,-0.010024405924716933,-0.0152859261816838,0,0
2016-06-16,0.0033865538,0.0063703833,0.010297843,0.006997356,10.325634,-0.010327120886725587,-0.015747527457420862,0,0
2016-06-17,-0.005569696,0.0076531516,0.006755247,0.006757062,10.661079,-0.012406635189268657,-0.018918518572620203,0,0
2016-06-20,0.0073792147,0.0073514194,0.0074959877,0.006816216,10.284422,-0.011917492305972558,-0.018172638760638102,0,0
2016-06-21,0.0030086068,0.0072582583,0.00405477,0.0071155573,10.603018,-0.011766467358202212,-0.017942345193064386,0,0
2016-06-22,-0.0018040776,0.0059972703,0.005379101,0.006829183,10.604748,-0.009722261501962518,-0.01482519490472667,0,0
2016-06-23,0.013867526,0.005834447,0.007639176,0.006488184,11.090189,-0.009458306917543981,-0.014422698205865914,0,0
2016-06-24,-0.042317037,0.0067157885,0.029287431,0.008323364,11.305317,-0.010887062121119062,-0.016601365623921612,1,1
2016-06-27,-0.016735747,0.011616891,0.011394879,0.019976199,6.9510584,-0.018594578119950186,-0.029450368315533104,0,0
2016-06-28,0.02167769,0.011639197,0.008782062,0.019366242,7.412799,-0.018686554974746427,-0.029360390857756383,0,0
2016-06-29,0.018680722,0.009544614,0.013621709,0.019981338,7.2897224,-0.015312333409900942,-0.024107445499155698,0,0
2016-06-30,0.011306351,0.010803801,0.010559105,0.01933659,7.5891185,-0.017362693751311546,-0.027204975642464754,0,0
2016-07-01,0.002866358,0.010857702,0.005828894,0.017494263,7.523378,-0.017442965762080723,-0.027358490127668424,0,0
2016-07-05,-0.006460898,0.008394976,0.0096791545,0.015107535,7.6383276,-0.013495083198062249,-0.021129176434672436,0,0
2016-07-06,0.0053869765,0.008780534,0.009309402,0.013179408,7.8512535,-0.014130290420642693,-0.022055013080957277,0,0
2016-07-07,-0.00095556624,0.009197157,0.006845067,0.011242706,8.035084,-0.014813636973597145,-0.02306299746294076,0,0
2016-07-08,0.013531364,0.008051733,0.009591099,0.009707236,7.636089,-0.012943157253196093,-0.02026571264997818,0,0
2016-07-11,0.0045874338,0.008363875,0.0047344468,0.011058673,7.909429,-0.013463569381370433,-0.020997204192289287,0,0
2016-07-12,0.0072497977,0.0069129583,0.0052961037,0.01000933,7.560502,-0.011108007394065025,-0.017412379219358187,0,0
2016-07-13,0.00011650259,0.006193265,0.0042007565,0.009650029,7.286279,-0.009935584017918116,-0.015643295047456623,0,0
2016-07-14,0.005228618,0.005615657,0.007523369,0.008613641,7.234548,-0.009006021099064157,-0.01419210797993101,0,0
2016-07-15,-0.0020881677,0.0063893083,0.006974608,0.008294163,7.345138,-0.010253792688686694,-0.016128548992105387,0,0
2016-07-18,0.003362127,0.006809717,0.0030538791,0.007728299,7.22213,-0.010920110244102197,-0.01721206128264807,0,0
2016-07-19,-0.00057887123,0.0050917645,0.003094893,0.007436883,7.2860966,-0.008168485082215142,-0.012861087246773328,0,0
2016-07-20,0.004045079,0.004385992,0.004063982,0.007009449,7.2719693,-0.007035626267503665,-0.011080053632581497,0,0
2016-07-21,-0.004392563,0.0046443176,0.0046196976,0.006994586,7.330221,-0.007452692441246089,-0.011725482334517447,0,0
2016-07-22,0.004392563,0.0049198135,0.003578401,0.0070298244,7.407574,-0.007898443676620558,-0.01241111189949071,0,0
2016-07-25,-0.0024250834,0.0045870175,0.0052402187,0.0070511173,7.440339,-0.007365575116210473,-0.011567710378052624,0,0
2016-07-26,0.0004623743,0.004959334,0.0046608546,0.0067872787,7.1796427,-0.007950639872849868,-0.012540796282593743,0,0
2016-07-27,-0.0012720441,0.005079937,0.005419761,0.0064537064,7.012624,-0.008134776991953717,-0.01286937381974006,0,0
2016-07-28,0.001965205,0.005265093,0.0048744744,0.0062021855,6.6551285,-0.008408197298288091,-0.013394273344967437,0,0
2016-07-29,0.0016155093,0.0052786632,0.004587674,0.0060490416,6.4854593,-0.008417412038259766,-0.013457122334030982,0,0
2016-08-01,-0.0017310027,0.005159809,0.0051994426,0.0058450475,6.47124,-0.008226817827493979,-0.013156495134571343,0,0
2016-08-02,-0.005443293,0.0053513376,0.008890756,0.005638852,6.4432745,-0.008529990251769716,-0.013649721085511162,0,0
2016-08-03,0.0019722728,0.006597451,0.0040463707,0.006239889,6.623398,-0.010533120367305512,-0.01679027106943308,0,0
2016-08-04,0.0010425717,0.0056470153,0.0032787197,0.0059256423,6.585429,-0.00901277646520179,-0.014378170834129938,0,0
2016-08-05,0.008072,0.004650274,0.0038646294,0.0055711386,6.4936285,-0.007415925692019062,-0.011853917201656315,0,0
2016-08-08,-0.00057441555,0.004655734,0.0031620222,0.006980091,6.691111,-0.007437283315356313,-0.011838911292812759,0,0
2016-08-09,0.0009189066,0.004393151,0.003135403,0.006393218,6.6504426,-0.007015456906052645,-0.011176711244321692,0,0
2016-08-10,-0.0021837833,0.004145045,0.0042118784,0.0059814495,6.2956843,-0.006597752999378041,-0.01059313601839366,0,0
2016-08-11,0.004133661,0.004454144,0.004189061,0.005731136,6.0748467,-0.007073068140036916,-0.011417239711740189,0,0
2016-08-12,-0.0006877579,0.0046055983,0.0027240529,0.005799987,6.303734,-0.0073314169372618795,-0.011768880796396262,0,0
2016-08-15,0.0026338405,0.0040082727,0.002960299,0.0053551015,6.42033,-0.006387784366509676,-0.010226957399634896,0,0
2016-08-16,-0.004240451,0.0038274915,0.0024032448,0.0051783216,6.581912,-0.006108585423365238,-0.009745807282633032,0,0
2016-08-17,0.0013772526,0.0036112473,0.0053288485,0.0053578233,6.87046,-0.00577690578957936,-0.009163463664030484,0,0
2016-08-18,0.0017189026,0.0044212136,0.0025582993,0.005011224,7.0672317,-0.007082614977376739,-0.011193773235679137,0,0
2016-08-19,-0.0008017869,0.0039613824,0.003781398,0.0047720703,6.9555073,-0.006340991989377137,-0.010042126257986238,0,0
2016-08-22,-0.00011459348,0.004012606,0.0035689045,0.004504366,6.27116,-0.006385364602817699,-0.010258011928303135,0,0
2016-08-23,0.001717525,0.004187343,0.003750881,0.0042351233,5.406555,-0.006643639189532643,-0.010744630939890577,0,0
2016-08-24,-0.004701574,0.004223599,0.00535277,0.003870722,5.8561444,-0.006701162740558433,-0.01083766268175547,0,0
2016-08-25,-0.0006898931,0.00479738,0.0031445245,0.0044918507,6.398097,-0.0076437374022935165,-0.012243843716961019,0,0
2016-08-26,-0.0023030872,0.004354459,0.009391041,0.004072237,6.6111836,-0.006951362026666658,-0.011083600505644997,0,0
2016-08-29,0.0049450966,0.005801196,0.004747234,0.0039830604,6.438259,-0.009246629896856647,-0.014798130865921624,0,0
2016-08-30,-0.0018371805,0.0056744367,0.004003057,0.0045559756,6.8477573,-0.009075828159475705,-0.01440256029905797,0,0
2016-08-31,-0.0026468742,0.0049079484,0.005162619,0.0042975387,6.6667128,-0.007838604397774297,-0.012483947802249575,0,0
2016-09-01,-0.0010376435,0.00523338,0.007328207,0.004171317,7.02143,-0.008381011427429584,-0.013256794535804448,0,0
2016-09-02,0.0049479418,0.0061621577,0.005378096,0.003909175,6.7228465,-0.009846256594201035,-0.01566356430834871,0,0
2016-09-06,0.002979945,0.005965268,0.0040299944,0.0044442257,7.0201783,-0.009553011156285285,-0.015110967393366532,0,0
2016-09-07,0.0,0.0052001937,0.0029898186,0.004370306,6.7988625,-0.008314183824907862,-0.013206419143192859,0,0
2016-09-08,-0.0032095397,0.004466275,0.0038924885,0.0040733097,6.923004,-0.007147482435313213,-0.011326226856669739,0,0
2016-09-09,-0.025465012,0.004534623,0.0110597545,0.004153538,6.8071456,-0.007250522103535558,-0.011515013916048294,1,1
2016-09-12,0.016701119,0.006530231,0.015069637,0.013095869,5.048937,-0.010360864597612094,-0.01675642868970298,0,0
2016-09-13,-0.01693669,0.009123709,0.009776804,0.014299648,5.164383,-0.014475677671916922,-0.023411237388480628,1,0
2016-09-14,-0.0042498,0.008967439,0.006653758,0.015176677,5.3109155,-0.014227739553068495,-0.023010251798059895,0,0
2016-09-15,0.0116437655,0.007660548,0.010207914,0.013443689,5.199645,-0.012154226892158053,-0.01965679932192679,0,0
2016-09-16,-0.0025758122,0.008473787,0.004499358,0.013163347,5.1850104,-0.01344451204264089,-0.021743552884793668,0,0
2016-09-19,0.00023443911,0.0069094123,0.006282369,0.011684115,5.1381392,-0.010962474173949117,-0.017729400382360476,0,0
2016-09-20,-0.00093808636,0.0066290894,0.004732169,0.010382192,4.907504,-0.010517713694059566,-0.017010097741634433,0,0
2016-09-21,0.011779249,0.0061859596,0.006962964,0.009179587,4.887841,-0.009814644450955694,-0.01587303726516525,0,0
2016-09-22,0.005549789,0.006527759,0.005555239,0.010131474,4.7089696,-0.010356943822632823,-0.016750087695114203,0,0
2016-09-23,-0.0047385236,0.0063020657,0.003287558,0.0093803955,4.858831,-0.009998858439377116,-0.01617096303492589,0,0
2016-09-26,-0.008492867,0.0050303685,0.0057695503,0.008617116,4.97541,-0.00798118311574359,-0.012907815219324607,1,0
2016-09-27,0.006057095,0.0054355627,0.0058189295,0.008676759,5.2785063,-0.0086240644362716,-0.013947534916641415,0,0
2016-09-28,0.004865626,0.0058927345,0.006175213,0.008337729,5.286473,-0.009349413236619789,-0.015120627696079655,0,0
2016-09-29,-0.0068417965,0.0060206056,0.008934609,0.0077670426,5.454483,-0.00955229366100876,-0.015448742336685419,0,0
2016-09-30,0.0055697523,0.0070107775,0.009793584,0.0077836993,5.40939,-0.011123300146933376,-0.01798950116085959,0,0
2016-10-03,-0.0033613476,0.007948871,0.005432535,0.007478315,5.5109725,-0.012611678992139747,-0.02039662787774681,0,0
2016-10-04,-0.003955333,0.006800119,0.007372989,0.006957976,5.359949,-0.010789069688851575,-0.017448956616144158,0,0
2016-10-05,0.003955333,0.0068903393,0.004949554,0.0066333413,5.211867,-0.01093221281285247,-0.01768045926026665,0,0
2016-10-06,0.0015082085,0.006325111,0.004507457,0.0063231788,5.280532,-0.010035421272192122,-0.016230095407035006,0,0
2016-10-07,-0.0046479283,0.0056636403,0.007304592,0.005827364,5.1267047,-0.00898593215034045,-0.014532776668309324,0,0
2016-10-10,0.005806543,0.006405155,0.004486471,0.005888679,5.0370708,-0.010162419815722174,-0.016435487729105108,0,0
2016-10-11,-0.011412724,0.005830178,0.01065366,0.006137681,5.254993,-0.009250161437600324,-0.014960109654662756,1,0
2016-10-12,-0.00140647,0.0071786866,0.0047858283,0.008047369,5.45559,-0.011389704726842724,-0.0184203522065233,0,0
2016-10-13,-0.0024660926,0.0063861776,0.008160081,0.007199315,5.3421545,-0.010132310471749117,-0.01638679246140568,0,0
2016-10-14,0.0003526715,0.006751436,0.0069590914,0.0065860646,5.390541,-0.01071182870251865,-0.017324036242249083,0,0
2016-10-17,-0.0018823534,0.0070561175,0.004308763,0.0060643777,4.9998794,-0.01119523682148959,-0.01810584297249309,0,0
2016-10-18,0.0042303237,0.005868714,0.0058483086,0.005602999,5.0862384,-0.00931130218179012,-0.015058991414037144,0,0
2016-10-19,0.0028103064,0.0059406594,0.0049510743,0.0055685434,5.3050942,-0.009425450754057622,-0.01524360172268577,0,0
2016-10-20,-0.00046783627,0.0058256295,0.005875271,0.0052965577,5.432918,-0.0092429442436851,-0.014948437424605035,0,0
2016-10-21,-0.0010534326,0.0059183626,0.005047466,0.004873479,5.430643,-0.009390075102588751,-0.01518638935632336,0,0
2016-10-24,0.004440297,0.0057390947,0.0042072046,0.0045793373,5.2687864,-0.009105648349759453,-0.01472639139415268,0,0
2016-10-25,-0.0029190283,0.0052122786,0.0043661627,0.004937231,5.3232465,-0.008269802102701427,-0.013374593201788344,0,0
2016-10-26,-0.0018726598,0.0050699622,0.005043888,0.0048196604,5.4268694,-0.008044002382339698,-0.013009411620970442,0,0
2016-10-27,-0.0049324823,0.005263655,0.0063767945,0.004561056,5.475114,-0.008351315856043841,-0.013506423840268747,0,0
2016-10-28,0.00011772323,0.005803108,0.007504821,0.0050807614,5.3856,-0.009207212075866856,-0.014890648471151006,0,0
2016-10-31,-0.0017673053,0.0064653945,0.005246797,0.00464167,5.398001,-0.01025799605786054,-0.016590061362486093,0,0
2016-11-01,-0.007694622,0.005995964,0.011519861,0.0043963557,5.3806133,-0.009513197209467247,-0.01538551239133638,0,0
2016-11-02,-0.0054814247,0.0075494247,0.0057755755,0.0059564374,5.3029976,-0.011977917794163335,-0.019371657980674705,0,0
2016-11-03,-0.00419087,0.0070056883,0.0062729046,0.0061070807,5.444643,-0.011115226046970295,-0.01797644307299537,0,0
2016-11-04,-0.0016812781,0.0065236236,0.005115393,0.0059049837,5.540342,-0.010350381750131166,-0.016739474980422803,0,0
2016-11-07,0.023284493,0.0061541614,0.0064741243,0.0053750896,5.617098,-0.00976419286320027,-0.01579144287460629,0,0
2016-11-08,0.0030484253,0.0063797585,0.007819978,0.013544282,5.0091476,-0.010122125324468554,-0.01637032021698119,0,0
2016-11-09,0.011523144,0.007119494,0.04617458,0.011628024,4.8655887,-0.011295789814697883,-0.018268465410452493,0,0
2016-11-10,0.003235127,0.01401022,0.010466749,0.0117512625,5.021578,-0.022228617030091533,-0.035949918332229824,0,0
2016-11-11,-0.0026566577,0.012570268,0.0071332115,0.01019984,5.0526524,-0.019943987874203303,-0.03225503117562318,0,0
2016-11-14,-0.00046274872,0.008970946,0.0071811127,0.008974754,4.9287815,-0.014233304465628505,-0.02301925182499758,0,0
2016-11-15,0.008641104,0.008186372,0.004546129,0.007884745,4.7880416,-0.012988498676150319,-0.021006051165206315,0,0
2016-11-16,-0.0029871345,0.0067685973,0.0049673817,0.008406671,4.6532164,-0.010739056960054135,-0.017368071983807114,0,0
2016-11-17,0.0052788737,0.0061581484,0.0029457477,0.007523591,4.7435346,-0.009770518766242062,-0.01580167363693497,0,0
2016-11-18,-0.0016036659,0.0050073224,0.0034424472,0.0072745574,4.571757,-0.007944618473200922,-0.012848679920377462,0,0
2016-11-21,0.005601615,0.0045935684,0.0043732757,0.0065336353,4.574385,-0.007288156051434997,-0.011786995767075656,0,0
2016-11-22,0.0033005208,0.004808767,0.0030304347,0.006630385,4.615053,-0.00762959013047456,-0.012339190590563594,0,0
2016-11-23,0.00022722108,0.0042873253,0.0036973376,0.0062075453,4.6851873,-0.0068022708677269806,-0.011001182927280119,0,0
2016-11-25,0.004759755,0.0042560794,0.003542722,0.0056015365,4.748213,-0.006752696093023694,-0.010921006589745975,0,0
2016-11-28,-0.004759755,0.0042762305,0.002974932,0.0056862007,4.8875055,-0.006784667646760735,-0.010972713573776747,0,0
2016-11-29,0.0013622433,0.0039941864,0.004136845,0.005726933,5.019806,-0.006337176740261456,-0.010248995066175182,0,0
2016-11-30,-0.0022714376,0.0042871046,0.0051352135,0.005261899,5.017959,-0.006801920685424424,-0.011000616584121601,0,0
2016-12-01,-0.003074648,0.004832254,0.005049617,0.004995703,4.9500732,-0.007666854232758509,-0.012399457112408762,0,0
2016-12-02,0.0,0.0050482196,0.004174387,0.004904171,4.9273224,-0.008009505353650626,-0.012953620234470876,0,0
2016-12-05,0.005572946,0.0048200893,0.0076838727,0.004579044,4.7699294,-0.007647554392109334,-0.012368243848253656,0,0
2016-12-06,0.0026052005,0.0058175707,0.0034931141,0.005233085,4.760987,-0.009230158517754543,-0.01492775931393357,0,0
2016-12-07,0.012031404,0.005062638,0.008339045,0.0049944017,4.8251734,-0.008032382121023333,-0.012990618393989344,0,0
2016-12-08,0.0049057966,0.006024939,0.005117059,0.0077529713,4.6988354,-0.009559168816395906,-0.01545986139435575,0,0
2016-12-09,0.0054350975,0.0060226475,0.00355695,0.0073042936,4.682227,-0.009555533073523366,-0.015453981376756461,0,0
2016-12-12,-0.0017714796,0.0049738446,0.005474836,0.007045637,4.8290534,-0.00789150206146351,-0.012762775760821512,0,0
2016-12-13,0.0051948167,0.005348927,0.0062618596,0.0064085387,4.773748,-0.008486608381447885,-0.013725229861023536,0,0
2016-12-14,-0.0069694403,0.0059572994,0.008124175,0.006336315,4.8698344,-0.009451851966051668,-0.01528629989926477,0,0
2016-12-15,0.0028821658,0.0067179473,0.006145774,0.006717674,4.898936,-0.010658696003232283,-0.017238105741150877,0,0
2016-12-16,-0.0014400446,0.006526228,0.0043900195,0.00621805,4.7932725,-0.010354514263246867,-0.01674615841506092,0,0
2016-12-19,0.0021039818,0.0056184186,0.002846584,0.00571316,4.751145,-0.008914183687461063,-0.014416739247830792,0,0
2016-12-20,0.002871978,0.0045773378,0.0024191593,0.00537316,4.6919274,-0.007262404531671535,-0.011745348325348893,0,0
2016-12-21,-0.0026507636,0.003942658,0.0025158017,0.0052099437,4.604264,-0.006255421840708108,-0.01011677442652748,0,0
2016-12-22,-0.0007744648,0.0037587846,0.0029741148,0.00506179,4.4992027,-0.0059636883124443265,-0.009644959355816668,0,0
2016-12-23,0.0005532504,0.0038358143,0.0019991102,0.0047631515,4.380285,-0.006085903293332348,-0.009842615313267895,0,0
2016-12-27,0.00044238,0.0033892707,0.0036179111,0.0044435724,4.4586606,-0.005377417535336732,-0.008696794810579365,0,0
2016-12-28,-0.0069903196,0.0037280486,0.006093841,0.004166862,4.513495,-0.00591492248600586,-0.00956609131488127,1,0
2016-12-29,-0.000111352376,0.0047193062,0.003304658,0.005448556,4.5157943,-0.007487651832664503,-0.012109636488858589,0,0
2016-12-30,-0.0039051652,0.0042967936,0.007302874,0.0050236243,4.430354,-0.006817293417047512,-0.011025478609754827,0,0
2017-01-03,0.0072403545,0.0051769568,0.0053812326,0.005098903,4.409392,-0.008213760266198728,-0.013283957808559298,0,0
2017-01-04,0.0052028676,0.005522432,0.003981788,0.0060280296,4.327558,-0.00876189058040215,-0.014170438510636126,0,0
2017-01-05,0.0,0.004925192,0.003753931,0.006035414,4.533098,-0.007814309937777453,-0.012637934411553205,0,0
2017-01-06,0.0031968278,0.0046635224,0.0054988307,0.0055189086,4.357583,-0.007399145291636926,-0.011966496548236002,0,0
2017-01-09,-0.0028656472,0.0052359607,0.0032358617,0.005372884,4.405836,-0.008307375668415544,-0.013435360212936386,0,0
2017-01-10,-0.0005520287,0.0046761767,0.004518565,0.005235795,4.2682977,-0.007419222410316842,-0.011998966889324355,0,0
2017-01-11,0.0029773414,0.0047398745,0.004894821,0.004835443,4.3895326,-0.0075202852942938435,-0.012162413963898291,0,0
2017-01-12,-0.0030877837,0.005080392,0.006612035,0.00477467,4.471334,-0.008060550532079118,-0.01303617462790319,0,0
2017-01-13,0.0039682593,0.00570897,0.0025352966,0.004776964,4.4856005,-0.009057852537347708,-0.014649092138400566,0,0
2017-01-17,-0.0042996593,0.00441633,0.0035913521,0.0049622166,4.3957415,-0.007006949256547942,-0.011332205381467213,0,0
2017-01-18,0.0016559036,0.0042309966,0.0029544057,0.0052053295,4.3338637,-0.006712899729308983,-0.010856644689789407,0,0
2017-01-19,-0.0022084815,0.0041386676,0.0050414163,0.0048789913,4.452141,-0.006566410418861436,-0.010619730322152191,0,0
2017-01-20,0.0019878526,0.004670989,0.0038168046,0.0047518173,4.3530197,-0.007410991316479098,-0.011985654898261158,0,0
2017-01-23,-0.0017667849,0.0046116943,0.004804799,0.004563819,4.477197,-0.0073169144337085264,-0.0118335061501868,0,0
2017-01-24,0.0055108704,0.0047792373,0.0053468607,0.004444343,4.4556756,-0.007582738543470354,-0.01226341841255286,0,0
2017-01-25,0.008536771,0.0051676515,0.00394971,0.0050942088,4.4330044,-0.008198996507933834,-0.013260080663922667,0,0
2017-01-26,0.0,0.004827247,0.0030810072,0.0063307947,4.3549027,-0.007658910433187075,-0.012386609756882591,0,0
2017-01-27,-0.0021819777,0.004280962,0.0026851075,0.005775038,4.1755505,-0.006792174849533761,-0.010984854829628537,0,0
2017-01-30,-0.0056955246,0.0039301235,0.0068008765,0.0053837476,4.3148847,-0.006235534291000765,-0.010084610671722614,0,0
2017-01-31,-0.00065926823,0.005092012,0.004971771,0.0057444694,4.315841,-0.00807898713263362,-0.013065991790318693,0,0
2017-02-01,0.0,0.005338854,0.0051574805,0.005254804,4.4650106,-0.008470626676466603,-0.013699382954393713,0,0
2017-02-02,0.00043956045,0.005212689,0.004743996,0.004983694,4.2954326,-0.008270452699795842,-0.013375645400059595,0,0
2017-02-03,0.006788595,0.005184444,0.0056200284,0.0047157644,4.2692747,-0.008225639318570729,-0.013303169573378475,0,0
2017-02-06,-0.0019661393,0.005466509,0.0028135881,0.0055264826,4.517086,-0.008673164157463666,-0.014026942959193075,0,0
2017-02-07,0.000874317,0.0045140847,0.0033418685,0.0052371444,4.4315434,-0.007162047441482631,-0.011583042717606077,0,0
2017-02-08,0.0007644008,0.0042449725,0.0031745688,0.0050076935,4.2039995,-0.006735073869916999,-0.010892506504443303,0,0
2017-02-09,0.006094262,0.004214618,0.0049034767,0.0047006523,4.320216,-0.006686913397381402,-0.010814617490828444,0,0
2017-02-10,0.0036820488,0.004704016,0.0031628273,0.005332372,4.557697,-0.007463391980926272,-0.012070401493376829,0,0
2017-02-13,0.005820236,0.004330687,0.0035621643,0.0052619944,4.4791503,-0.006871069022085732,-0.011112448870062663,0,0
2017-02-14,0.0046105264,0.00418874,0.004694627,0.0056072185,4.501777,-0.006645855653486422,-0.010748215584766001,0,0
2017-02-15,0.005760016,0.004639125,0.0046441546,0.0056033772,4.4495516,-0.007360436121815036,-0.011903892946225066,0,0
2017-02-16,-0.0021294728,0.0048457338,0.0040322915,0.0058959057,4.405579,-0.007688241594265562,-0.01243404648422976,0,0
2017-02-17,0.0010653032,0.0046734326,0.0036112026,0.0054708915,4.4773183,-0.007414868657994487,-0.011991925648737254,0,0
2017-02-21,0.005097717,0.004457973,0.0044518816,0.005084851,4.5850754,-0.007073020151320374,-0.011439060579340785,0,0
2017-02-22,0.00042363905,0.00469055,0.0025336808,0.005352334,4.5669365,-0.0074420267885830765,-0.01203584797532168,0,0
2017-02-23,0.0007409368,0.004048034,0.004339582,0.0050603305,4.453079,-0.006422611268583142,-0.010387166699244365,0,0
2017-02-24,0.00095182704,0.0043498767,0.00478606,0.00484823,4.3788414,-0.006901514975403882,-0.011161688529635396,0,0
2017-02-27,0.0013732638,0.0048497836,0.0025304975,0.004741254,4.2305193,-0.007694667032328753,-0.012444438222650005,0,0
2017-02-28,-0.0023250908,0.00403043,0.0032726042,0.0046021612,4.2837033,-0.006394680836714882,-0.010341995344531268,0,0
2017-03-01,0.012930535,0.003938665,0.008256442,0.0046081147,4.2672663,-0.006249086436596091,-0.010106528298299153,0,0
2017-03-02,-0.004816259,0.005475682,0.0040084133,0.0075314143,4.196216,-0.008687717987319793,-0.014050480590618397,0,0
2017-03-03,-0.00031491104,0.0051165577,0.0027969833,0.006850724,4.2496324,-0.008117930662187713,-0.013128974417854322,0,0
2017-03-06,-0.0024176182,0.0041289516,0.003903017,0.006057708,4.2422686,-0.006550995158638296,-0.010594799515825296,0,0
2017-03-07,-0.0037958713,0.004339003,0.0030361037,0.00559415,4.321022,-0.006884262841604024,-0.011133786982709558,0,0
2017-03-08,-0.0010569708,0.0041863946,0.0040079146,0.0054103434,4.4454274,-0.006642134400981863,-0.010742197274069866,0,0
2017-03-09,0.000951324,0.0043342076,0.0045185853,0.005118412,4.271918,-0.006876654294081936,-0.01112148182392817,0,0
2017-03-10,0.0023216559,0.0046767364,0.005098639,0.004854329,4.292025,-0.007420110534166866,-0.012000403235086849,0,0
2017-03-13,0.0013693582,0.004991641,0.0018529281,0.004720702,4.464807,-0.00791973743244278,-0.012808440287742414,0,0
2017-03-14,-0.0050654393,0.003722148,0.004580279,0.0046180184,4.3589506,-0.005905560312379497,-0.009550950050050251,0,0
2017-03-15,0.0073785516,0.00418793,0.0058686263,0.0050732265,4.4919605,-0.006644569841982719,-0.01074613606634674,0,0
2017-03-16,-0.0006303183,0.0051869596,0.004528235,0.0059351777,4.4791675,-0.00822963067292881,-0.013309624714650366,0,0
2017-03-17,-0.0015775362,0.0050317,0.0026247913,0.0053537767,4.384537,-0.0079832950679249,-0.012911230839303884,0,0
2017-03-20,-0.0021072603,0.004105933,0.0029944782,0.0050676516,4.2380786,-0.0065144739495595115,-0.010535734460990834,0,0
2017-03-21,-0.011883429,0.0039332807,0.009973533,0.004902107,4.2210665,-0.006240543617168604,-0.010092712159385545,1,1
2017-03-22,0.00010672928,0.005844926,0.004956616,0.0072733006,4.202272,-0.009273560311403457,-0.014997952206952448,0,0
2017-03-23,-0.0010678058,0.005750142,0.0053140135,0.0062314514,4.268804,-0.009123175562163905,-0.014754737820458852,0,0
2017-03-24,0.0020278571,0.005396944,0.0062612393,0.005671842,4.1150556,-0.008562791581962492,-0.013848439498090946,0,0
2017-03-27,-0.0026690883,0.0058995774,0.007197817,0.0052645677,4.2269897,-0.009360269792862875,-0.01513818579741272,0,0
2017-03-28,0.005543724,0.006451656,0.007594751,0.0050318004,4.344832,-0.01023619788817426,-0.01655480759843262,0,0
2017-03-29,0.0023362015,0.0068737115,0.0031306972,0.005444925,4.257753,-0.010905831507862705,-0.017637793278905963,0,0
2017-03-30,0.0031769592,0.005242791,0.003530203,0.005143552,4.2724733,-0.008318213222518182,-0.013452887582470152,0,0
2017-03-31,-0.002222811,0.0046699867,0.0025020374,0.005011571,4.3798013,-0.007409401470728215,-0.011983083671053107,0,0
2017-04-03,-0.0013785061,0.0041309977,0.0069798655,0.0048545613,4.329324,-0.006554241357631634,-0.010600049531538945,0,0
2017-04-04,0.00021220159,0.005225164,0.0041673477,0.00464589,4.3764005,-0.008290245691232856,-0.013407656227577471,0,0
2017-04-05,-0.004252611,0.005141004,0.008788892,0.004504247,4.277923,-0.00815671765029906,-0.013191703873900484,0,0
2017-04-06,0.0030849448,0.006104628,0.0066479924,0.0048112012,4.2366195,-0.00968560362975931,-0.015664342006379967,0,0
2017-04-07,-0.0006374841,0.0064439513,0.007181865,0.0048680045,4.11325,-0.010223974082682689,-0.016535038270969013,0,0
2017-04-10,0.00010627557,0.006529456,0.0047241678,0.0046329773,4.1496773,-0.010359635792529737,-0.016754441366681617,0,0
2017-04-11,-0.0006378229,0.0058665317,0.00673157,0.0044557285,4.1849174,-0.009307840172773113,-0.015053392372888592,0,0
2017-04-12,-0.0043693786,0.0062469635,0.0049272184,0.0043810713,4.0380216,-0.009911433210627459,-0.01602957188002534,0,0
2017-04-13,-0.0056766607,0.005968602,0.005610577,0.004821111,3.8842645,-0.00946978455745236,-0.015315301937289333,0,0
2017-04-17,0.0074906717,0.0059006554,0.0042826417,0.0052653686,4.0186553,-0.0093619808903671,-0.015140953122768681,0,0
2017-04-18,-0.0033103772,0.0054322435,0.004627791,0.0059803864,4.1353436,-0.008618798128775786,-0.013939017817978435,0,0
2017-04-19,-0.0014986087,0.005267773,0.005333562,0.005591383,4.0565267,-0.00835784897290291,-0.013516989725551688,0,0
2017-04-20,0.007789614,0.005483139,0.0059602163,0.005159114,4.0415435,-0.008699549081908755,-0.014069614794229818,0,0
2017-04-21,-0.0019150979,0.0057957354,0.0044560907,0.0059740483,4.1370764,-0.009195513996261036,-0.014871729390134682,0,0
2017-04-24,0.009539023,0.0053789625,0.003243173,0.005514456,3.9493046,-0.00853426213023818,-0.01380229935999041,0,0
2017-04-25,0.0063091693,0.0046144812,0.0048571676,0.0066446695,4.046399,-0.007321336503250115,-0.011840657878909477,0,0
2017-04-26,-0.0011537051,0.0049331756,0.0039183595,0.0064472333,4.186979,-0.007826977126546163,-0.0126584208143338,0,0
2017-04-27,0.0015729044,0.0048472728,0.0027244613,0.005706823,4.239891,-0.00769068382174515,-0.012437996252149242,0,0
2017-04-28,-0.002307774,0.0041283784,0.002730371,0.005197279,4.3258605,-0.006550085770488245,-0.010593328779715966,0,0
2017-05-01,0.0027267977,0.0038472996,0.003818237,0.004960674,4.247297,-0.006104125893590842,-0.009872086377086526,0,0
2017-05-02,-0.000523807,0.0041775126,0.0020710584,0.00484422,4.204103,-0.006628042051679493,-0.010719405986341815,0,0
2017-05-03,-0.0010484379,0.0035833067,0.0031124733,0.0046396414,4.097626,-0.005685274832203246,-0.009194686544705238,0,0
2017-05-04,0.00094364356,0.0036470164,0.0042798785,0.004547593,3.9419718,-0.005786356718320697,-0.009358164351078474,0,0
2017-05-05,0.0051220516,0.0042227167,0.0051573943,0.0044576824,3.8714697,-0.006699762916212038,-0.010835398772540411,0,0
2017-05-08,-0.0011475667,0.004712565,0.0036446967,0.0048911097,4.031024,-0.0074769558897514,-0.012092338144400555,0,0
2017-05-09,-0.00073095603,0.004422011,0.0033064669,0.0046374723,4.0381308,-0.00701596305759941,-0.011346783229977743,0,0
2017-05-10,0.0008353347,0.0041392217,0.0026568873,0.004404735,4.1554737,-0.006567289494073151,-0.010621152033724544,0,0
2017-05-11,-0.0017759211,0.0038371312,0.0047000926,0.004321688,4.0560813,-0.0060879926239178865,-0.009845994347771817,0,0
2017-05-12,-0.0009414719,0.0044135153,0.0021111497,0.0043455344,3.927318,-0.007002483753542471,-0.01132498340863185,0,0
2017-05-15,0.0040733255,0.0037413305,0.0033599848,0.004206617,4.0240583,-0.0059359954073316765,-0.009600172148594812,0,0
2017-05-16,-0.0006255865,0.0038029975,0.0030872242,0.0045391573,4.011741,-0.006033836523638775,-0.009758408719768484,0,0
2017-05-17,-0.01661622,0.003927136,0.007230559,0.0043958006,3.8803897,-0.006230794161822617,-0.010076944551216424,1,1
2017-05-18,0.0025418357,0.005035041,0.008860989,0.008935687,3.463411,-0.007988596665110119,-0.01291980501130842,0,0
2017-05-19,0.00758697,0.006366402,0.00660574,0.007346428,3.555026,-0.010100934318412805,-0.016336048407086287,0,0
2017-05-22,0.0047127907,0.006304635,0.0037785473,0.00713986,3.6902473,-0.010002934850935301,-0.01617755573758512,0,0
2017-05-23,0.0021917245,0.0051973453,0.003581857,0.0065325536,3.6726036,-0.008246108243289422,-0.013336273574900002,0,0
2017-05-24,0.001666667,0.0047138194,0.0023987212,0.005685798,3.7759807,-0.007478946137747455,-0.012095556934522415,0,0
2017-05-25,0.0047762524,0.0040533827,0.0035602278,0.005289947,3.6649022,-0.006431097534021197,-0.010400891374469581,0,0
2017-05-26,0.00010357864,0.0042047803,0.0022639006,0.005465019,3.555745,-0.006671304948730366,-0.010789374244542004,0,0
2017-05-30,-0.0012436523,0.0037740627,0.0025787957,0.0050147916,3.5710173,-0.005987928257178278,-0.009684162156080114,0,0
2017-05-31,0.00010369679,0.0035729108,0.004106089,0.004811117,3.5035224,-0.005668780521861762,-0.009168010611203838,0,0
2017-06-01,0.0076438757,0.0040762774,0.004218569,0.0045902296,3.530332,-0.006467421935216762,-0.010459638135668442,0,0
2017-06-02,0.003390008,0.004359204,0.0030023307,0.0056477473,3.6033175,-0.006916313118494352,-0.011185621284194569,0,0
2017-06-05,-0.0013340861,0.0039791535,0.0017310892,0.0053588944,3.6340055,-0.006313325434542875,-0.01021042080437836,0,0
2017-06-06,-0.0015415449,0.0032375457,0.0026145654,0.004991344,3.6363237,-0.005136690276356715,-0.008307471206283251,0,0
2017-06-07,0.0005141124,0.0033639476,0.0031370947,0.004804828,3.558392,-0.0053372397715172985,-0.008631816079508288,0,0
2017-06-08,0.00020557098,0.0037106187,0.0034051763,0.0045454763,3.6303086,-0.0058872680376060235,-0.00952136630296752,0,0
2017-06-09,-0.0008225376,0.0038635696,0.0089814775,0.00437622,3.6270456,-0.006129939848958637,-0.009913834794725273,0,0
2017-06-12,-0.0008232147,0.0053613144,0.0034779825,0.004221685,3.6976542,-0.008506262023854941,-0.013757015322013216,0,0
2017-06-13,0.0039042484,0.004754561,0.002816035,0.004184845,3.6049411,-0.007543586895235156,-0.012200099198643951,0,0
2017-06-14,-0.0011286103,0.0039347233,0.0050250157,0.004537392,3.5466912,-0.006242832470228854,-0.010096413877782111,0,0
2017-06-15,-0.0013354566,0.0046236287,0.005301912,0.004446774,3.4371207,-0.0073358496142338515,-0.011864129656479159,0,0
2017-06-16,-0.00041126876,0.0051966193,0.004803901,0.004282999,3.5184124,-0.008244956351632691,-0.013334410642494852,0,0
2017-06-19,0.0067644003,0.005155434,0.004094139,0.004141252,3.5289953,-0.008179611610084554,-0.013228729838380221,0,0
2017-06-20,-0.0040941713,0.0048783165,0.004173643,0.005072132,3.5321627,-0.007739937369788468,-0.012517653075933324,0,0
2017-06-21,-0.0016423736,0.0048092413,0.0034385086,0.005114042,3.462924,-0.007630342977181865,-0.012340408155183457,0,0
2017-06-22,-0.00071938755,0.004503378,0.0031962965,0.0047408445,3.552837,-0.007145060432785225,-0.011555569952451415,0,0
2017-06-23,0.0013355938,0.0042120987,0.0028967333,0.0044066627,3.700914,-0.00668291616140842,-0.01080815283733296,0,0
2017-06-26,0.00041059332,0.00399496,0.0049702167,0.0043203244,3.5877323,-0.006338403735616151,-0.010250979462358516,0,0
2017-06-27,-0.0063832193,0.0045942036,0.004616794,0.004077613,3.8300252,-0.007289164069742615,-0.01178862601585754,0,0
2017-06-28,0.007408966,0.0048449063,0.006308944,0.004724621,3.815123,-0.007686928636846932,-0.012431923063240072,0,0
2017-06-29,-0.007615556,0.0053685564,0.011132635,0.0051531694,3.9332867,-0.008517751984779656,-0.013775597816656262,0,0
2017-06-30,0.00041313778,0.0070735584,0.0043051546,0.005460703,4.129748,-0.011222908462302214,-0.018150595789368108,0,0
2017-07-03,0.0016508464,0.005915059,0.004298354,0.005062804,4.0252857,-0.009384833226416372,-0.015177911769973764,0,0
2017-07-05,0.0012363488,0.0051598754,0.0036297035,0.0047641937,4.062956,-0.00818665868959957,-0.013240126945663263,0,0
2017-07-06,-0.008063726,0.004864449,0.0054232283,0.0045851595,3.9414003,-0.007717935605740238,-0.012482070042601644,1,0
2017-07-07,0.0057959175,0.0053239185,0.0038220587,0.005197286,3.8797812,-0.008446930102463106,-0.01366105893724833,0,0
2017-07-10,0.0008252528,0.005001476,0.003111401,0.0051990678,4.1140947,-0.00793534271407041,-0.012833678412062304,0,0
2017-07-11,0.0,0.0043676016,0.005111896,0.0048576533,4.0815344,-0.006929637238404292,-0.011207170129179517,0,0
2017-07-12,0.006372722,0.004865688,0.004842457,0.0046415194,3.981789,-0.007719900969980943,-0.012485248588700613,0,0
2017-07-13,0.0022515617,0.0051080794,0.0020476768,0.0049904184,3.8423293,-0.008104478956477616,-0.013107219230788366,0,0
2017-07-14,0.0042844093,0.0038524945,0.0050024567,0.0047573796,3.9445164,-0.006112368298226472,-0.009885416660887401,0,0
2017-07-17,0.0010173976,0.004431723,0.0018315965,0.0048148185,3.8493366,-0.00703137243620765,-0.011371704524081046,0,0
2017-07-18,-0.00030511062,0.0036783346,0.0037258773,0.0046144347,3.8522112,-0.005836045958298591,-0.00943852581111792,0,0
2017-07-19,0.0055789566,0.0038635547,0.0028175365,0.0044781673,3.7720284,-0.0061299163224990336,-0.009913796745830903,0,0
2017-07-20,-0.000101158264,0.0038768605,0.0030757615,0.0046883053,3.9315207,-0.006151027248105747,-0.009947939043143046,0,0
2017-07-21,-0.0007083945,0.0037905688,0.0034995028,0.004538807,3.8129094,-0.006014116826172063,-0.009726516429190764,0,0
2017-07-24,-0.0004050223,0.0039713155,0.0019815587,0.0044631236,3.657618,-0.006300889438482958,-0.010190308305155908,0,0
2017-07-25,0.0022255953,0.003404354,0.0031110044,0.00444898,3.4532356,-0.005401348469072433,-0.008735497853249442,0,0
2017-07-26,-0.00030319876,0.003568763,0.002302251,0.004446025,3.4329286,-0.005662199447219657,-0.00915736716471314,0,0
2017-07-27,-0.00050553563,0.00346308,0.0067016077,0.004320282,3.4851243,-0.005494523202603601,-0.008886187572566585,0,0
2017-07-28,-0.0007081795,0.0045595705,0.0029775277,0.0042203027,3.5139585,-0.007234214856315723,-0.011699757701088212,0,0
2017-07-31,-0.000911254,0.004220863,0.002719212,0.0041447906,3.5120616,-0.0066968216563297114,-0.010830641929034567,0,0
2017-08-01,0.0017205612,0.0036854206,0.0029595618,0.0040623704,3.5445883,-0.005847288891397471,-0.009456708792370075,0,0
2017-08-02,0.0005054845,0.003757005,0.0036484452,0.004021044,3.605607,-0.005960864684860016,-0.009640392756782676,0,0
2017-08-03,-0.0007077499,0.0040433486,0.002403725,0.0040276675,3.3808527,-0.0064151773597804175,-0.01037514398033273,0,0
2017-08-04,0.0001011378,0.00366109,0.002842269,0.0039472464,3.3852556,-0.005808686043075712,-0.009394277142093314,0,0
2017-08-07,0.0022224477,0.0036155048,0.0012040795,0.003830049,3.4415395,-0.005736360277072213,-0.009277306060283685,0,0
2017-08-08,-0.0019190956,0.0028687795,0.0058725597,0.0039998936,3.1675138,-0.0045516057757314255,-0.007361225203373642,0,0
2017-08-09,0.0001010969,0.003981262,0.0043786527,0.003959993,3.2658825,-0.006316670716125696,-0.010215831064474072,0,0
2017-08-10,-0.014459064,0.0045335446,0.0075973044,0.0038316872,3.2848184,-0.007192922300256626,-0.01163297603779157,1,1
2017-08-11,0.0010251154,0.00531099,0.004498807,0.006975544,3.1475904,-0.008426416839416698,-0.013627883228195104,0,0
2017-08-14,0.009585064,0.005139957,0.0045615686,0.006422547,2.9421537,-0.008155056320305535,-0.013189017036590306,0,0
2017-08-15,0.000101476486,0.004923564,0.0037936696,0.007071118,3.0943353,-0.007811727456404077,-0.012633757813686513,0,0
2017-08-16,0.0015209129,0.004735322,0.0035010278,0.006422923,3.0248916,-0.007513062671195634,-0.012150732953326485,0,0
2017-08-17,-0.015520018,0.0045021586,0.008826737,0.006411195,2.780591,-0.007143125381482854,-0.011552440430889425,1,1
2017-08-18,-0.0011325612,0.0060213665,0.0058210394,0.009053826,2.726342,-0.009553500749359175,-0.015450694537650439,0,0
2017-08-21,0.00051495957,0.0062348815,0.0045911595,0.0080305,2.734632,-0.009892263670369933,-0.01599856934820829,0,0
2017-08-22,0.010141971,0.005441662,0.0045076595,0.005717971,2.935209,-0.008633741050079198,-0.013963184719579889,0,0
2017-08-23,-0.0045972397,0.0052095726,0.0035848422,0.00739399,2.9774768,-0.008265508523823828,-0.01336764927856569,0,0
2017-08-24,-0.0003072354,0.0047970735,0.0041971384,0.006917835,3.060389,-0.007611037707349704,-0.012309186110514266,0,0
2017-08-25,0.0007167358,0.0048013567,0.004626354,0.0066503542,2.9093535,-0.007617833234719732,-0.012320176387311343,0,0
2017-08-28,0.0005116398,0.00501521,0.0037367071,0.0055411593,3.0300057,-0.007957132739982211,-0.012868919005344648,0,0
2017-08-29,0.0013290397,0.0047147134,0.007268188,0.0051957993,3.0834694,-0.0074803649642343,-0.01209785157553677,0,0
2017-08-30,0.003569429,0.0056339973,0.0043066884,0.005110814,3.0455897,-0.008938900947865812,-0.014456714001624259,0,0
2017-08-31,0.005785937,0.0053036986,0.0041766926,0.0050148834,3.0870934,-0.008414849060202527,-0.013609174879516833,0,0
2017-09-01,0.0017191692,0.004874856,0.0025978794,0.005179496,3.072669,-0.0077344475609264236,-0.012508774512773822,0,0
2017-09-05,-0.005877601,0.004162355,0.007396888,0.0049306117,3.1442752,-0.0066039925807819455,-0.010680511235780869,0,0
2017-09-06,0.002334908,0.0053501106,0.0033355276,0.0051878067,3.0706565,-0.008488485973896993,-0.01372826645547812,0,0
2017-09-07,0.00040551502,0.0048659844,0.003167523,0.005075973,3.0804675,-0.007720371499173009,-0.012486009566588028,0,0
2017-09-08,-0.0016230476,0.0042125247,0.002917883,0.0048117926,3.157498,-0.0066835920946901,-0.01080924601133661,0,0
2017-09-11,0.010101096,0.0040264404,0.0034595921,0.0047037313,3.1591733,-0.00638835086178585,-0.010331757996817027,0,0
2017-09-12,0.0027098928,0.0041217986,0.0019810128,0.004816566,3.4333959,-0.0065396459040392855,-0.010576444582838967,0,0
2017-09-13,0.00020044098,0.003505248,0.0018399848,0.0045915092,3.6261423,-0.0055614270245323725,-0.00899438984764278,0,0
2017-09-14,-0.00020044098,0.0031195567,0.0024821644,0.0042649102,3.9854136,-0.00494948887999759,-0.00800471395864704,0,0
2017-09-15,0.0012020436,0.0032987553,0.0035820066,0.004221714,3.9269323,-0.005233805691871434,-0.008464534115407488,0,0
2017-09-18,0.002200001,0.0037496313,0.0021373574,0.0040781777,4.070829,-0.005949165700390365,-0.009621472212347337,0,0
2017-09-19,0.00079880183,0.003356865,0.001322091,0.0040501235,4.0716386,-0.005326002267601404,-0.00861364187877022,0,0
2017-09-20,0.00019960079,0.0027354765,0.0037282004,0.003980563,4.118377,-0.004340107428217003,-0.007019172960076085,0,0
2017-09-21,-0.001697878,0.0034294615,0.0026155661,0.0039168666,4.1465516,-0.005441184194363788,-0.008799923411933128,0,0
2017-09-22,-0.00059994,0.0035356507,0.0025301448,0.0037932063,4.356928,-0.0056096639580616794,-0.009072402520164346,0,0
2017-09-25,-0.0010007005,0.0033308717,0.005504621,0.0037706874,4.2655916,-0.005284761288780668,-0.00854694363035739,0,0
2017-09-26,-0.0006009014,0.0042441837,0.0024717594,0.003753916,4.1822896,-0.00673382244323887,-0.010890482595946584,0,0
2017-09-27,0.003600004,0.003797715,0.0039404226,0.0036912928,4.1815653,-0.006025455222405102,-0.009744853801148921,0,0
2017-09-28,0.0012968229,0.0039455695,0.0023620124,0.003734085,4.118092,-0.0062600411705648305,-0.010124245180595267,0,0
2017-09-29,0.003284402,0.0036612137,0.003038441,0.003728272,4.0337257,-0.005808881946095101,-0.0093945939723099,0,0
2017-10-02,0.004065651,0.0036796308,0.002318371,0.0037594587,3.9803486,-0.005838102713786218,-0.00944185216253733,0,0
2017-10-03,0.0025696792,0.0035093357,0.0017820473,0.0038207925,3.9063892,-0.005567912183608402,-0.009004878171717967,0,0
2017-10-04,0.0013809432,0.003098189,0.0023821536,0.0038247812,3.8709538,-0.004915586799277333,-0.00794988477014935,0,0
2017-10-05,0.005406747,0.0032069576,0.0027244969,0.0038195874,3.7981534,-0.005088159262082366,-0.008228982922582053,0,0
2017-10-06,-0.0019627092,0.003415125,0.0021009794,0.0038936788,3.7489748,-0.00541843772738273,-0.008763135984752715,0,0
2017-10-09,-0.0004912798,0.003191198,0.0031234876,0.0038468074,3.786201,-0.0050631551598432235,-0.008188544264961068,0,0
2017-10-10,0.0018655806,0.0034468968,0.0026168928,0.0038466766,3.6803243,-0.005468846786538103,-0.008844661594618004,0,0
2017-10-11,0.0017641875,0.0034647086,0.002347918,0.0038736376,3.5734565,-0.005497107041272724,-0.008890366365561798,0,0
2017-10-12,-0.0013718768,0.0032900104,0.001821968,0.0038527115,3.625483,-0.005219930962320394,-0.008442094779952366,0,0
2017-10-13,0.0012739479,0.003025626,0.0020518638,0.003793542,3.6603305,-0.004800458711912888,-0.007763690310417789,0,0
2017-10-16,0.0013701314,0.0030195785,0.0016756806,0.0037607406,3.637674,-0.0047908635358500685,-0.007748172215190599,0,0
2017-10-17,0.0002933555,0.0028778964,0.00147781,0.0036921555,3.6964507,-0.004566070928932125,-0.007384619419735567,0,0
2017-10-18,0.0011725621,0.0026803107,0.0014230756,0.0036430012,3.682891,-0.004252581307150201,-0.006877618633955447,0,0
2017-10-19,0.00019529343,0.0025857496,0.0052631344,0.0036432575,3.5746608,-0.004102550812100443,-0.006634977176005932,0,0
2017-10-20,0.0052585574,0.0036542164,0.0026775552,0.0036127213,3.5026588,-0.00579778017175384,-0.009376639284423971,0,0
2017-10-23,-0.004087597,0.0035907861,0.0037116567,0.0036116757,3.6380334,-0.005697141668913528,-0.009213878553367721,0,0
2017-10-24,0.0014617748,0.0036687215,0.0018799455,0.003596368,3.7352657,-0.0058207940259969275,-0.009413859151923097,0,0
2017-10-25,-0.0034141378,0.0032353078,0.0066828444,0.0035932162,3.6396945,-0.005133139590684279,-0.008301728750071305,0,0
2017-10-26,0.0011718752,0.004381611,0.0025784718,0.0035937296,3.6540022,-0.006951864313546416,-0.011243117553845746,0,0
2017-10-27,0.0066148103,0.00401663,0.004903792,0.0035444195,3.6552954,-0.006372785394166781,-0.010306584262933764,0,0
2017-10-30,-0.0039831013,0.004336341,0.0030362185,0.0036586546,3.5934985,-0.006880038937241402,-0.011126955742751,0,0
2017-10-31,0.0017506327,0.004189244,0.0021146205,0.0036313636,3.7102098,-0.006646655100681019,-0.010749508515465097,0,0
2017-11-01,0.0007770763,0.0035081694,0.0039473204,0.0035867873,3.733196,-0.005566062189506137,-0.009001886211543316,0,0
2017-11-02,0.0007764729,0.0039772624,0.004286879,0.003593305,3.6201928,-0.006310324906079624,-0.010205568106927082,0,0
2017-11-03,0.0023258077,0.004454705,0.0030366916,0.003600676,3.481548,-0.007067835281569341,-0.011430675188389087,0,0
2017-11-06,0.002320411,0.0040599443,0.0033662103,0.003610564,3.4116592,-0.0064415079923956535,-0.010417728010228618,0,0
2017-11-07,-0.00077287224,0.0040003373,0.0034765166,0.00356138,3.4720821,-0.006346935696677667,-0.010264778040243953,0,0
2017-11-08,0.0016416401,0.0040941187,0.0030538638,0.0034504205,4.2641582,-0.0064957292428705895,-0.010505419004400976,0,0
2017-11-09,-0.0027053156,0.0039531006,0.008389787,0.0034268785,4.2493434,-0.006271989897451809,-0.010143569628678541,0,0
2017-11-10,-0.0017430042,0.0053532165,0.003860962,0.0034487094,4.2705045,-0.008493413862320052,-0.013736236235429768,0,0
2017-11-13,0.0009687107,0.0050042598,0.004161782,0.0034298769,4.248998,-0.007939759354429012,-0.012840821360270897,0,0
2017-11-14,-0.0015503879,0.004635501,0.0049164556,0.0033946382,4.2362566,-0.007354686617033524,-0.011894594381808472,0,0
2017-11-15,-0.0050554257,0.004995569,0.0051986976,0.0033526826,4.295612,-0.007925970134509991,-0.012818520317912621,0,0
2017-11-16,0.007767029,0.005271647,0.0055557312,0.0034297523,4.2498426,-0.008363995712906185,-0.013526930730915541,0,0
2017-11-17,-0.0033906547,0.0055032605,0.0024063797,0.0035324772,4.1844935,-0.00873147358272659,-0.014121245680471848,0,0
2017-11-20,0.002229439,0.004276604,0.0042199665,0.0035666362,4.1289983,-0.006785260332569971,-0.010973672113231085,0,0
2017-11-21,0.005503804,0.004440419,0.004686156,0.00353991,4.176274,-0.007045169347469233,-0.011394018005500942,0,0
2017-11-22,-0.0006742764,0.0049254964,0.001951667,0.003614919,4.111262,-0.007814793135063152,-0.012638715877306817,0,0
2017-11-24,0.0025021667,0.0037599911,0.0031747806,0.0035822382,4.0730743,-0.005965602551878586,-0.00964805521874133,0,0
2017-11-27,0.00028830906,0.0037720478,0.002440168,0.0035645312,4.1420603,-0.005984731373263723,-0.00967899189670274,0,0
2017-11-28,0.009277481,0.0036689364,0.005646305,0.0035481835,4.0555716,-0.005821135159661176,-0.009414410860891472,0,0
2017-11-29,-0.00038087985,0.004477645,0.0039011638,0.0036999092,3.890354,-0.0071042316194394614,-0.01148953829139958,0,0
2017-11-30,0.008723742,0.004530422,0.008214929,0.0036377104,3.9236362,-0.007187967718350556,-0.011624963086979,0,0
2017-12-01,-0.001511716,0.0055592675,0.012286931,0.003764219,3.8551874,-0.008820334830375877,-0.014264959281348025,0,0
2017-12-04,-0.0021771034,0.007572951,0.0074907118,0.003740229,3.8360193,-0.012015244332051617,-0.019432025478431855,0,0
2017-12-05,-0.003797593,0.007335323,0.0054647587,0.0036954086,3.9088044,-0.011638223768270586,-0.018822277311951185,0,0
2017-12-06,0.00038040895,0.006353962,0.0038575397,0.003752049,3.8471272,-0.010081196523669476,-0.01630412684812828,0,0
2017-12-07,0.0038908708,0.005436786,0.0034222477,0.0037084485,3.8359115,-0.008626005369188871,-0.013950673950426998,0,0
2017-12-08,0.004347422,0.0048490344,0.0028716938,0.0037624927,3.8619983,-0.007693478041254956,-0.01244251529006527,0,0
2017-12-11,0.0039529465,0.004352582,0.0034751284,0.0038307891,3.801518,-0.006905807196985737,-0.01116863025772953,0,0
2017-12-12,0.0023455468,0.004323169,0.0025515594,0.003897219,3.732154,-0.006859140654634948,-0.01109315734890721,0,0
2017-12-13,0.0004684499,0.0039162426,0.004297951,0.003867045,3.772775,-0.006213510810220593,-0.010048992516334593,0,0
2017-12-14,-0.004882639,0.004255209,0.004984727,0.0038711056,3.6824298,-0.0067513152708177475,-0.010918773412330217,0,0
2017-12-15,0.009741553,0.004755876,0.004469167,0.003974908,3.5996957,-0.0075456735112292015,-0.012203473842890831,0,0
2017-12-18,0.0046498734,0.004748865,0.0030872535,0.0051685874,2.7555397,-0.0075345495677240845,-0.012185483301239051,0,0
2017-12-19,-0.0039044393,0.0042219274,0.003183689,0.0049858466,2.883292,-0.006698510584670078,-0.01083337340062468,0,0
2017-12-20,-0.0009318797,0.004051823,0.0042759567,0.004165032,3.5558362,-0.006428623183875613,-0.010396889655175094,0,0
2017-12-21,0.002328073,0.0044458704,0.0037410473,0.004138228,3.534244,-0.00705381848839685,-0.011408006096148726,0,0
2017-12-22,-0.0006513143,0.0044518975,0.002428139,0.0052616876,2.6014214,-0.007063381089361756,-0.011423471508291403,0,0
2017-12-26,0.00037223153,0.0038167518,0.001578186,0.004050965,3.5939229,-0.006055658672216572,-0.009793701264425834,0,0
2017-12-27,-0.00055839925,0.0031238717,0.0024575265,0.003972501,3.6549401,-0.004956335079742147,-0.008015786186908916,0,0
2017-12-28,9.30882e-05,0.0032738212,0.0015267056,0.0038973792,3.7159634,-0.005194245045184671,-0.008400553436104135,0,0
2017-12-29,-0.0036368764,0.0029604104,0.00777811,0.0039106067,3.6191547,-0.004696987532849956,-0.007596348346137405,0,0
2018-01-02,0.0063326717,0.004374953,0.0038936818,0.0038886894,3.7027862,-0.006941300933184538,-0.0112260336002733,0,0
2018-01-03,0.006661757,0.0045253807,0.0041685277,0.00399739,3.6348255,-0.007179969626949268,-0.011612027926311976,0,0
2018-01-04,0.0046920367,0.004282765,0.0043463637,0.004144816,3.5238116,-0.006795035576535138,-0.010989481428842113,0,0
2018-01-05,0.006860306,0.004515534,0.0031008343,0.0042430256,3.448153,-0.007164346248045022,-0.011586760533611799,0,0
2018-01-08,0.0015484814,0.0041786167,0.0028793178,0.0042812745,3.4966364,-0.006629793868056107,-0.010722239165553418,0,0
2018-01-09,0.0020003645,0.0039115343,0.004238445,0.0042753364,3.4664173,-0.006206040706864633,-0.010036911260662387,0,0
2018-01-10,-0.00063604565,0.0043647327,0.003990274,0.004266828,3.453427,-0.006925085320902971,-0.011199808399828292,0,0
2018-01-11,0.006884085,0.0045300527,0.0038349712,0.0041824165,3.516632,-0.007187382271451967,-0.011624016254876775,0,0
2018-01-12,0.0069266683,0.0044359495,0.0038732595,0.0042870096,3.4705968,-0.007038077929626503,-0.011382549190686203,0,0
2018-01-16,-0.0022436625,0.004411948,0.009819527,0.0043965527,3.4203572,-0.006999997187735169,-0.011320961933180669,0,0
2018-01-17,0.0076080025,0.0060564745,0.0061431555,0.0044271857,3.3666577,-0.009609203261925287,-0.015540781148749136,0,0
2018-01-18,-0.0026785731,0.0062346435,0.0032446273,0.00460198,3.261117,-0.00989188634215245,-0.015997959102479344,0,0
2018-01-19,0.005261058,0.004827321,0.004976165,0.0045574564,3.3043618,-0.007659028065485092,-0.012386800001354446,0,0
2018-01-22,0.008589825,0.0050502517,0.0059299693,0.004593994,3.3179927,-0.00801273028834394,-0.01295883585983769,0,0
2018-01-23,0.0014978637,0.0057217246,0.0038780984,0.0047065993,3.2857368,-0.009078088912061862,-0.014681820041235428,0,0
2018-01-24,0.00052812253,0.005112402,0.0073543303,0.004647754,3.3185985,-0.008111337824315806,-0.01311831194691644,0,0
2018-01-25,8.7993314e-05,0.0059033236,0.005715527,0.004708723,3.218287,-0.00936621384336803,-0.01514779899691738,0,0
2018-01-26,0.01163465,0.0060799615,0.0049712034,0.004776003,3.1316788,-0.009646467364209236,-0.015601047670594304,0,0
2018-01-29,-0.007332435,0.00561374,0.0049120425,0.004912144,3.0966465,-0.008906760184592393,-0.01440473335823782,0,0
2018-01-30,-0.010214953,0.005449507,0.00756475,0.0050081443,3.08167,-0.008646188356937002,-0.01398331551154002,1,0
2018-01-31,0.00044245832,0.0063176835,0.006669757,0.005333454,2.9343696,-0.010023637230522365,-0.016211037301212327,0,0
2018-02-01,-0.0011507991,0.006602335,0.006812645,0.00519348,2.991623,-0.010475264722024584,-0.01694144582883757,0,0
2018-02-02,-0.023570567,0.006609426,0.011252493,0.0050601363,3.0573213,-0.010486515798897943,-0.016959641980860852,1,1
2018-02-05,-0.055564668,0.008053503,0.027439388,0.0054666307,2.8499234,-0.01277768893001121,-0.020665112583778608,1,1
2018-02-06,0.03263209,0.0126918275,0.043182228,0.0071976064,2.3844192,-0.02013685417057575,-0.032566950157998154,0,0
2018-02-07,-0.009697046,0.019436695,0.016924797,0.03701697,2.2566361,-0.030838262461217805,-0.04987413366687904,0,0
2018-02-08,-0.028414512,0.018182961,0.024126634,0.015670162,2.235091,-0.028849087633666004,-0.04665707915996983,0,0
2018-02-09,0.0097842505,0.018351765,0.028798686,0.027611626,2.5814223,-0.02911691284978986,-0.047090227773485926,0,0
2018-02-12,0.013746247,0.02185899,0.012210902,0.021619178,2.5136924,-0.03468147613236011,-0.05608968983143212,0,0
2018-02-13,0.002444989,0.016921744,0.00864372,0.018989291,2.5464287,-0.02684804099265285,-0.043420824595593564,0,0
2018-02-14,0.013156243,0.012269776,0.018154167,0.013603714,2.4612846,-0.019467227789797956,-0.03148397618487692,0,0
2018-02-15,0.013625694,0.013775515,0.0089724725,0.014929706,2.4892526,-0.021856234798307672,-0.03534767165161624,0,0
2018-02-16,0.00036569758,0.011711047,0.008388829,0.015160766,2.4869368,-0.018580748982218325,-0.030050290918150774,0,0
2018-02-20,-0.0077078743,0.009675846,0.00983645,0.01190895,2.4496117,-0.015351698968202888,-0.024828009921658997,0,0
2018-02-21,-0.0056348587,0.009542157,0.01362864,0.011019649,2.4961684,-0.015139587123011118,-0.024484965480269776,0,0
2018-02-22,0.0047132843,0.010823843,0.01244887,0.0098939845,2.450232,-0.017173110231778956,-0.02777374361648677,0,0
2018-02-23,0.013644275,0.0111270575,0.006445319,0.008921165,2.4777558,-0.017654190136113,-0.028551784969607093,0,0
2018-02-26,0.012922062,0.008718046,0.008301771,0.011440928,2.554977,-0.013832053458183747,-0.022370316224153114,0,0
2018-02-27,-0.013376917,0.008359975,0.009141552,0.0121105155,2.6436067,-0.01326393741654733,-0.021451512986308374,1,0
2018-02-28,-0.012083633,0.0088017,0.010668424,0.012574418,2.7320158,-0.013964777980035707,-0.02258496906174544,0,0
2018-03-01,-0.013444178,0.009366604,0.016645245,0.012519119,2.8032444,-0.014861054653176275,-0.02403450022955797,0,0
2018-03-02,0.00447053,0.011495712,0.012693714,0.012924319,2.8339627,-0.01823909773585935,-0.029497744874099414,0,0
2018-03-05,0.010446131,0.011727164,0.014698423,0.011321517,2.7752447,-0.01860631862435178,-0.030091644212655675,0,0
2018-03-06,0.0020211306,0.012124679,0.0061943415,0.011243662,2.8403533,-0.019237017763124437,-0.031111661899783528,0,0
2018-03-07,-0.0002753683,0.00919382,0.011644224,0.00977823,2.811448,-0.014586916202104262,-0.0235911413415794,0,0
2018-03-08,0.0058581405,0.0096614435,0.003695416,0.008412052,2.7558415,-0.015328847537017447,-0.02479105273787293,0,0
2018-03-09,0.016204583,0.006999737,0.00995501,0.008125291,2.8061051,-0.011105783792894897,-0.017961172295581588,0,0
2018-03-12,0.0,0.007740374,0.005449546,0.010966948,2.877329,-0.012280878872840871,-0.01986163115451443,0,0
2018-03-13,-0.004049135,0.0071966937,0.01090689,0.009727334,2.854586,-0.011418274897439427,-0.018466558198479477,0,0
2018-03-14,-0.0067852074,0.008107944,0.008523362,0.008770765,2.880622,-0.012864065421580856,-0.020804807636041634,0,0
2018-03-15,0.00054451404,0.008349036,0.0057059457,0.008506713,2.8768935,-0.013246581223406918,-0.021423443146195893,0,0
2018-03-16,0.00018143881,0.0070420443,0.004087817,0.0076129534,2.7851198,-0.011172908401598406,-0.018069731644897263,0,0
2018-03-19,-0.012137954,0.005771282,0.013353229,0.0065992447,2.8009834,-0.009156717054647549,-0.014808983836479363,1,0
2018-03-20,0.00027541886,0.008034628,0.0041983426,0.008572089,2.8572347,-0.012747741556663882,-0.020616679268082732,0,0
2018-03-21,-0.0019295269,0.006620317,0.008083955,0.0076103183,2.8500562,-0.010503795983476559,-0.016987588893776134,0,0
2018-03-22,-0.02797907,0.006809883,0.013901978,0.0068996227,2.7854803,-0.010804560957636511,-0.017474010349668254,1,1
2018-03-23,-0.017363535,0.009166405,0.015980223,0.014869362,2.7863393,-0.014543418492889272,-0.023520793326145012,1,0
2018-03-26,0.02349245,0.011277326,0.011841351,0.016058004,2.8647838,-0.01789260727773274,-0.028937372465159802,0,0
2018-03-27,-0.016587272,0.011009383,0.019944958,0.018875323,2.9313712,-0.017467487772156613,-0.028249834797557244,0,0
2018-03-28,-0.0031589554,0.013335996,0.0109549435,0.018469047,2.9609845,-0.02115889243838954,-0.034219873154088296,0,0
2018-03-29,0.013522727,0.012340251,0.013617674,0.01566842,2.8879251,-0.01957904362310941,-0.031664813799306794,0,0
2018-04-02,-0.026065102,0.012178816,0.01972632,0.015167963,2.922362,-0.01932291105740839,-0.03125057548629294,1,0
2018-04-03,0.014745124,0.014486748,0.009657432,0.018964248,2.975413,-0.022984676003996493,-0.03717267808959296,0,0
2018-04-04,0.012832266,0.012335368,0.023064828,0.017915364,3.0116818,-0.019571296178989277,-0.031652284005706716,0,0
2018-04-05,0.005556878,0.014773347,0.0065141125,0.016722698,3.052169,-0.02343939541520888,-0.03790808711998992,0,0
2018-04-06,-0.02126326,0.010877488,0.016628072,0.0147058405,3.0554059,-0.017258223533440673,-0.02791139573580589,1,0
2018-04-09,0.0050720237,0.011848115,0.01212763,0.016702864,3.1073246,-0.01879822033588049,-0.030402003190361446,0,0
2018-04-10,0.013652089,0.012262379,0.011498131,0.014793006,3.0901866,-0.019455491705911238,-0.031464995640262,0,0
2018-04-11,-0.0052870214,0.011384836,0.008880181,0.01459155,3.1570807,-0.0180631831584949,-0.02921324158353755,0,0
2018-04-12,0.00867112,0.010138044,0.007913076,0.013007302,3.1626146,-0.016085022333492762,-0.026013999812869892,0,0
2018-04-13,-0.0025369993,0.009012854,0.009435758,0.012105833,3.1948652,-0.014299794764786556,-0.02312678531758426,0,0
2018-04-16,0.009177813,0.009073261,0.0066555603,0.01051799,3.1518242,-0.014395637036891206,-0.023281789196155436,0,0
2018-04-17,0.0091867205,0.008092333,0.0066856686,0.01034338,3.156765,-0.012839295679073916,-0.02076474800394534,0,0
2018-04-18,0.0012000925,0.0074065058,0.0036533538,0.010226059,3.1473455,-0.011751162537596178,-0.01900493102937775,0,0
2018-04-19,-0.006200566,0.0058675953,0.0071189706,0.008857258,3.1190856,-0.009309527743817733,-0.015056121649350183,0,0
2018-04-20,-0.008015702,0.0063244747,0.008920957,0.008288358,3.153842,-0.010034412349020673,-0.01622846369483411,0,0
2018-04-23,-9.3584764e-05,0.00747407,0.0067498824,0.0084276805,3.143302,-0.01185835994591474,-0.019178299353158845,0,0
2018-04-24,-0.013568473,0.007128989,0.017307915,0.0072584483,3.1273463,-0.011310854892618467,-0.01829282987362087,1,0
2018-04-25,0.0035039573,0.009647026,0.009707718,0.009505445,3.1173356,-0.015305972579372402,-0.02475405750519249,0,0
2018-04-26,0.011280435,0.009749986,0.008036055,0.008572237,3.0617242,-0.015469329456491676,-0.02501825146667449,0,0
2018-04-27,-0.0011223346,0.008528326,0.004816005,0.009416175,3.1170669,-0.01353104236106179,-0.021883496718289114,0,0
2018-04-30,-0.00921319,0.006894063,0.008222538,0.008360488,3.0921566,-0.01093812157366822,-0.017690015386429753,0,0
2018-05-01,0.0019814132,0.0074227094,0.009198411,0.008690458,3.1370502,-0.01177687152875959,-0.019046509690410843,0,0
2018-05-02,-0.009375513,0.008344566,0.006376932,0.007819085,3.112897,-0.013239489805564188,-0.021411974331381155,0,0
2018-05-03,0.0016162004,0.007458064,0.012116795,0.008320935,3.1774826,-0.01183296494250065,-0.0191372284985237,0,0
2018-05-04,0.011804283,0.008750315,0.013459892,0.007507429,3.1696343,-0.013883250653735829,-0.022453116471979822,0,0
2018-05-07,0.0026251655,0.0103441775,0.005086776,0.008716451,3.2438517,-0.016412072697076407,-0.026542932127707187,0,0
2018-05-08,9.362857e-05,0.007659964,0.0058176033,0.007956541,3.1991713,-0.012153299406731384,-0.019655299317437175,0,0
2018-05-09,0.009597092,0.0066979243,0.0063997274,0.0071933707,3.1961799,-0.010626927138993363,-0.017186726562979298,0,0
2018-05-10,0.008403023,0.006866505,0.0066025252,0.007841135,3.2846198,-0.010894397648495506,-0.0176193015162418,0,0
2018-05-11,0.0039462266,0.0069204024,0.0029396226,0.008026486,3.3760173,-0.010979910899970479,-0.017757600466765222,0,0
2018-05-14,0.0005494002,0.005182541,0.004315113,0.0074503347,3.4089653,-0.008222619787967029,-0.013298286144127897,0,0
2018-05-15,-0.0080882795,0.0049676676,0.006650286,0.0066958126,3.4178426,-0.007881702386174909,-0.0127469269328971,1,0
2018-05-16,0.0051546507,0.0058803475,0.005495623,0.0071075126,3.4819074,-0.009329759594212733,-0.015088842235089975,0,0
2018-05-17,-0.0015619978,0.005849593,0.005413073,0.006796663,3.5596912,-0.009280964812131677,-0.01500992736474612,0,0
2018-05-18,-0.0021171821,0.005663173,0.004562118,0.006208049,3.5195363,-0.008985191066862947,-0.014531578128136647,0,0
2018-05-21,0.007344873,0.005375429,0.0037603101,0.00566892,3.5086925,-0.00852865649880578,-0.013793233479197083,0,0
2018-05-22,-0.0025645737,0.004879673,0.0051037,0.006229106,3.4994624,-0.007742090040842169,-0.012521134549768243,0,0
2018-05-23,0.0017409634,0.0051681167,0.0072744023,0.0057781143,3.4626129,-0.008199734876819844,-0.013261274813838302,0,0
2018-05-24,-0.001190858,0.0060894107,0.007132042,0.0053015957,3.4550827,-0.009661460053023348,-0.015625295060241542,0,0
2018-05-25,-0.0033971479,0.006537503,0.005915935,0.004836306,3.4518845,-0.010372403421183677,-0.016775090208972797,0,0
2018-05-29,-0.009611015,0.006238647,0.011048739,0.004731328,3.4443157,-0.009898237581381506,-0.016008230840540417,0,0
2018-05-30,0.01190765,0.0076504806,0.008812558,0.0062934896,3.4806714,-0.012138253330951249,-0.019630965586068094,0,0
2018-05-31,-0.006998187,0.008175122,0.006611972,0.0080316765,3.568467,-0.01297064933222207,-0.020977183761731064,0,0
2018-06-01,0.010387555,0.0073575214,0.0053771827,0.007940009,3.6326182,-0.011673444688024372,-0.018879239433662157,0,0
2018-06-04,0.0042889146,0.006557484,0.0040614638,0.008727056,3.6479526,-0.01040410532549911,-0.01682636109413732,0,0
2018-06-05,0.0021830099,0.0056755217,0.0034521027,0.007981157,3.625791,-0.009004783178529503,-0.014563264076633357,0,0
2018-06-06,0.007513047,0.004958334,0.0049040103,0.0071992003,3.6054747,-0.007866893384718469,-0.012722976617309756,0,0
2018-06-07,0.0,0.005202046,0.0050369096,0.007359748,3.681844,-0.008253567035847495,-0.01334833653783453,0,0
2018-06-08,0.0023419214,0.005410944,0.006878812,0.0066449107,3.6590807,-0.008585004179283321,-0.013884363508052947,0,0
2018-06-11,0.0015282963,0.0059682834,0.0043192883,0.00612876,3.6647792,-0.00946927873857089,-0.015314483886060362,0,0
2018-06-12,0.0018846764,0.00539136,0.0028904583,0.005622939,3.6638496,-0.008553932060194192,-0.013834111162522348,0,0
2018-06-13,-0.003323008,0.0043949313,0.0033610293,0.005192183,3.6746995,-0.0069729983131808174,-0.011277297168342752,0,0
2018-06-14,0.003412666,0.0042650304,0.004977327,0.005005034,3.6811497,-0.006766897478417687,-0.010943974219465243,0,0
2018-06-15,-0.0014354928,0.0048544784,0.005829896,0.004846893,3.7261689,-0.0077021158713846865,-0.012456485087975375,0,0
2018-06-18,-0.0017073285,0.005408266,0.0064998856,0.0044715707,3.7397563,-0.008580755843597266,-0.013877492755781007,0,0
2018-06-19,-0.004868383,0.005830762,0.011087599,0.0041552805,3.7658286,-0.009251088018163161,-0.014961608195733356,0,0
2018-06-20,0.002076469,0.0073345117,0.005146687,0.0045138123,3.7455971,-0.011636937051903051,-0.01882019633011291,0,0
2018-06-21,-0.0070594917,0.0064365286,0.0087662535,0.0042710886,3.7391076,-0.010212197279923582,-0.016515991872498446,0,0
2018-06-22,0.0025399143,0.006974929,0.004496701,0.0051159114,3.7959433,-0.011066423121114761,-0.017897515031880386,0,0
2018-06-25,-0.01359076,0.0061853854,0.01264103,0.004822117,3.8269918,-0.009813733253077982,-0.015871563602217892,1,0
2018-06-26,0.0022932633,0.007980918,0.0050919075,0.0077143274,3.8355792,-0.012662525100525441,-0.020478860318995987,0,0
2018-06-27,-0.008650095,0.007062116,0.01116209,0.0070257816,3.8236098,-0.011204754179262953,-0.018121235213685055,0,0
2018-06-28,0.005346128,0.008007129,0.007944555,0.0075472235,3.8613217,-0.012704111737329582,-0.020546117593472264,0,0
2018-06-29,0.00073515903,0.008217049,0.0074357474,0.007225073,3.8264418,-0.013037170396750373,-0.02108476701056423,0,0
2018-07-02,0.0021105765,0.007668699,0.0076865824,0.006513656,3.7175717,-0.012167159206029215,-0.019677714506478563,0,0
2018-07-03,-0.005146597,0.007639049,0.006949227,0.0059519284,3.725545,-0.012120116240324774,-0.019601632815346312,0,0
2018-07-05,0.009263147,0.0074228654,0.0047759665,0.0058912644,3.784752,-0.011777119461449255,-0.019046910667220748,0,0
2018-07-06,0.008906721,0.0063295187,0.006821792,0.006960836,3.871323,-0.010042414964741115,-0.016241406172596205,0,0
2018-07-09,0.0088280905,0.0065847286,0.0034813632,0.007601366,3.8842626,-0.010447331575564833,-0.016896270083867432,0,0
2018-07-10,0.003312892,0.0054388396,0.0038582275,0.008058182,3.917657,-0.008629263783843927,-0.01395594372229734,0,0
2018-07-11,-0.008167706,0.0049134744,0.0053949105,0.0073110047,3.909103,-0.007795719510371699,-0.012607868467905277,1,0
2018-07-12,0.008793238,0.005369348,0.004926615,0.007680395,3.9885054,-0.008519007935776939,-0.013777629042248052,0,0
2018-07-13,0.0016958991,0.005423324,0.0033744348,0.008129382,4.0051823,-0.008604646963324407,-0.013916131408014456,0,0
2018-07-16,-0.002410823,0.004692695,0.0030216079,0.0071616555,3.9517477,-0.0074454304338829914,-0.01204135262594381,0,0
2018-07-17,0.005260589,0.004210101,0.0055874973,0.006414582,3.89037,-0.006679746875840708,-0.010803027212235522,0,0
2018-07-18,0.001688214,0.0049461443,0.0028143625,0.006298117,3.9210217,-0.007847552825196903,-0.012691697499299008,0,0
2018-07-19,-0.0038247767,0.0043421923,0.0039720014,0.0056234812,3.8867848,-0.006889322840146392,-0.011141970421837287,0,0
2018-07-20,-0.001605423,0.004313989,0.0042892606,0.005440022,3.843071,-0.006844575513980935,-0.011069601424744209,0,0
2018-07-23,0.0040087355,0.0046433276,0.0048201373,0.0049709096,3.814997,-0.007367104063384907,-0.011914676880941132,0,0
2018-07-24,0.003195458,0.004874461,0.00472666,0.0050353147,3.832711,-0.007733820490291613,-0.01250776036339694,0,0
2018-07-25,0.007152664,0.0049652737,0.0074324957,0.0049131154,3.843502,-0.007877903767812808,-0.012740783499875246,0,0
2018-07-26,0.00043985047,0.0058490215,0.0028922274,0.005829844,3.879572,-0.00928005813857312,-0.015008461018893833,0,0
2018-07-27,-0.008833979,0.0047250106,0.008154515,0.005309216,3.865447,-0.007496702280701123,-0.012124273605839196,1,0
2018-07-30,-0.0050705085,0.005754171,0.0051976093,0.0063799317,3.9735477,-0.009129568425129183,-0.014765076875794585,0,0
2018-07-31,0.0048930305,0.0059280195,0.0057415436,0.006220759,4.0911975,-0.009405396256973479,-0.015211167967072774,0,0
2018-08-01,-0.0022211373,0.0057925773,0.0041223806,0.0060735946,4.225843,-0.009190503765229365,-0.014863626439052736,0,0
2018-08-02,0.006295184,0.005292939,0.009607476,0.005662655,4.293616,-0.008397777899168847,-0.013581566016393843,0,0
2018-08-03,0.0038814445,0.006681187,0.003714517,0.0058680284,4.4968953,-0.010600372100148064,-0.017143779605167872,0,0
2018-08-06,0.003691014,0.0056317793,0.0042079757,0.005644736,4.646748,-0.008935381932427457,-0.01445102276507781,0,0
2018-08-07,0.0034152141,0.0050078477,0.0030822621,0.005401131,4.8694034,-0.007945451852789177,-0.012850027729289592,0,0
2018-08-08,-0.0015748035,0.004533419,0.0021954186,0.005166722,5.045189,-0.007192722777781913,-0.011632653353898926,0,0
2018-08-09,-0.0005254861,0.0037991079,0.0030317856,0.0047876686,5.159286,-0.00602766489988015,-0.00974842747038174,0,0
2018-08-10,-0.0059748883,0.0038390274,0.005704114,0.004384006,5.257924,-0.006091001296155614,-0.009850860215994224,0,0
2018-08-13,-0.003973691,0.0047713853,0.005486644,0.0049079536,5.096899,-0.007570280378246581,-0.012243270059564559,0,0
2018-08-14,0.005470763,0.0051885224,0.003136543,0.0048376187,5.290843,-0.008232109999825465,-0.013313634482749434,0,0
2018-08-15,-0.0069760536,0.0043811384,0.008952069,0.0051029082,5.189131,-0.0069511146338625185,-0.011241905111192434,1,0
2018-08-16,0.008295141,0.005717489,0.0069742333,0.005638806,5.481736,-0.009071368488389797,-0.014670951228216534,0,0
2018-08-17,0.0026329663,0.0064606885,0.0051216446,0.0064683924,5.7538695,-0.010250529121527987,-0.016577985228780436,0,0
2018-08-20,0.0021888553,0.0058057182,0.002145107,0.0059757642,5.440622,-0.009211353637620866,-0.014897346539979265,0,0
2018-08-21,0.0011363141,0.004214919,0.005323799,0.0055105165,5.486485,-0.006687391165484115,-0.010815390176067972,0,0
2018-08-22,-0.00017473353,0.0048578754,0.005140256,0.00503015,5.5007634,-0.007707505240361502,-0.012465201211624295,0,0
2018-08-23,-0.0011365127,0.00542001,0.0036149682,0.004625371,5.2277536,-0.008599388799603072,-0.013907627480122604,0,0
2018-08-24,0.0065391054,0.0047634155,0.0033752082,0.004276099,5.1686316,-0.007557635811073644,-0.012222820242259319,0,0
2018-08-27,0.007532177,0.0043752845,0.0033293369,0.005039088,5.3029485,-0.006941827111502204,-0.01122688457843009,0,0
2018-08-28,0.00025872106,0.0042641484,0.0029252202,0.005838417,5.489398,-0.006765498558935123,-0.010941711773669201,0,0
2018-08-29,0.00533197,0.004006301,0.003792159,0.005279737,5.466491,-0.006356397857757344,-0.010280081012876047,0,0
2018-08-30,-0.0043838983,0.0041912864,0.0041065533,0.005438322,5.629861,-0.006649895418059456,-0.010754749018955156,0,0
2018-08-31,0.0,0.0044457302,0.0037439326,0.0053664926,5.6973586,-0.00705359589189445,-0.011407646095071219,0,0
2018-09-04,-0.0012930479,0.004383945,0.0063443366,0.004863831,5.538619,-0.006955567468774356,-0.011249106596161596,0,0
2018-09-05,-0.003456324,0.005134571,0.0051579135,0.00444885,5.559218,-0.008146510786286556,-0.013175196507419655,0,0
2018-09-06,-0.0032077706,0.00532218,0.005785424,0.0044285133,5.5350056,-0.008444172077506536,-0.01365659843609287,0,0
2018-09-07,-0.0014772976,0.0054927636,0.0048761196,0.0043529924,5.6315017,-0.008714819563918952,-0.014094311453514433,0,0
2018-09-10,0.001911382,0.005407142,0.0034036092,0.0040274407,5.6634502,-0.008578972356986571,-0.013874608356903904,0,0
2018-09-11,0.0032928973,0.0047237533,0.0059435326,0.00382328,5.677694,-0.007494707508385913,-0.012121047498622264,0,0
2018-09-12,-0.00043265696,0.0053334143,0.003843602,0.003975605,5.5856304,-0.00846199608524752,-0.013685424863835722,0,0
2018-09-13,0.0057821088,0.0050355806,0.003765319,0.0036753775,5.517277,-0.007989452666294146,-0.012921189405695909,0,0
2018-09-14,0.00034414523,0.004635143,0.0037598505,0.0046669426,5.5557556,-0.007354118362547722,-0.011893675354667517,0,0
2018-09-17,-0.0052611274,0.0045697526,0.0037842095,0.0042241453,5.4933724,-0.007250369842720621,-0.011725884852459264,0,0
2018-09-18,0.007151812,0.004508077,0.00759044,0.004765281,5.6195536,-0.007152515605887975,-0.011567627061709886,0,0
2018-09-19,0.0011155448,0.005624938,0.0031275032,0.005716422,5.7900467,-0.008924527185912032,-0.014433467590582772,0,0
2018-09-20,0.008369679,0.0047637564,0.004505572,0.0051115397,5.760049,-0.007558176467212604,-0.012223694635120338,0,0
2018-09-21,-0.0019580307,0.0046784203,0.0033968939,0.0062965085,5.9464417,-0.007422782144627585,-0.012004723979726444,0,0
2018-09-24,-0.002816062,0.0045246985,0.0029011227,0.005676846,5.9109325,-0.007178886957375601,-0.011610276945461415,0,0
2018-09-25,-0.0014537994,0.0040762736,0.003701727,0.0053012753,5.9339437,-0.006467416053601861,-0.010459628623444848,0,0
2018-09-26,-0.0033431945,0.004235187,0.0064870566,0.0048659416,5.908288,-0.006719548216306489,-0.010867397160996667,0,0
2018-09-27,0.002915204,0.005216269,0.0056500486,0.0047553536,5.973241,-0.008276132530062374,-0.013384831281212092,0,0
2018-09-28,-0.0003425244,0.0055151214,0.0041857786,0.0046072714,5.9530473,-0.008750292035817729,-0.014151680405711369,0,0
2018-10-01,0.003761331,0.0049897344,0.004424371,0.0042409976,5.901564,-0.007916713377519927,-0.012803549541396763,0,0
2018-10-02,-0.0005120765,0.004892095,0.0044668056,0.004409122,5.951291,-0.00776179887994291,-0.012553009279317793,0,0
2018-10-03,0.0010238909,0.0049859313,0.00478961,0.0040949527,5.8213377,-0.007910678840631683,-0.012793789999990679,0,0
2018-10-04,-0.008134651,0.0051054154,0.00851944,0.0038707328,5.759946,-0.008100252337523503,-0.013100383600572767,1,0
2018-10-05,-0.004739958,0.0063117463,0.009736602,0.0056575723,5.809638,-0.010014217598042741,-0.016195803109273904,0,0
2018-10-08,-8.638936e-05,0.007526213,0.00787132,0.005665952,5.753035,-0.011941089836245878,-0.01931209682679441,0,0
2018-10-09,-0.0019024565,0.007466183,0.00618564,0.0050983084,5.712233,-0.011845846583997281,-0.019158061731610675,0,0
2018-10-10,-0.037840206,0.0068063736,0.018884132,0.004777606,5.739732,-0.010798993330485009,-0.017465005932473524,1,1
2018-10-11,-0.012847368,0.009923409,0.021073764,0.02002203,4.006006,-0.015744482259918126,-0.02546325084736804,0,0
2018-10-12,0.00834245,0.0137075335,0.01274861,0.01827065,4.0295286,-0.021748375029664896,-0.035173232105116706,0,0
2018-10-15,-0.0070684482,0.01268657,0.0071543725,0.016135184,4.068695,-0.020128513135782553,-0.03255346036152472,0,0
2018-10-16,0.024701485,0.009691708,0.01013647,0.014389958,4.108179,-0.015376865041067762,-0.024868710531283537,0,0
2018-10-17,-0.00053248135,0.009676207,0.010340399,0.017621173,4.172556,-0.015352270842144015,-0.02482893480247601,0,0
2018-10-18,-0.015746947,0.010135105,0.0116356835,0.015227614,4.177633,-0.016080358665308325,-0.026006457351270405,0,0
2018-10-19,-0.0017148793,0.010516243,0.009587504,0.01536914,4.2675157,-0.01668507192458532,-0.026984448571146805,0,0
2018-10-22,-0.0039826264,0.010034276,0.008237996,0.01329934,4.2741737,-0.01592038416918894,-0.025747733650063706,0,0
2018-10-23,-0.0037254144,0.009073031,0.01679665,0.011742733,4.196939,-0.014395272376767354,-0.02328119943829269,0,0
2018-10-24,-0.030313753,0.011142981,0.017562876,0.0102697,4.164876,-0.017679455743999272,-0.0285926465553232,1,1
2018-10-25,0.008967832,0.013174394,0.01674505,0.01779628,3.9401336,-0.020902495652449896,-0.03380520752272228,0,0
2018-10-26,-0.006999235,0.013969688,0.017300254,0.016177647,3.924168,-0.02216430835762977,-0.035845913142886515,0,0
2018-10-29,-0.009787392,0.014576155,0.027150247,0.014498993,3.945071,-0.023126527887310698,-0.037402092434782104,0,0
2018-10-30,0.015670037,0.01779876,0.010616277,0.013841658,3.8214276,-0.028239515255617097,-0.04567122937998687,0,0
2018-10-31,0.009543737,0.014228651,0.013644812,0.01449212,3.8478048,-0.02257517987732461,-0.036510407814690574,0,0
2018-11-01,0.009910156,0.013053538,0.005724835,0.013583451,3.8947139,-0.020710745958044775,-0.033495094399410896,0,0
2018-11-02,-0.005034566,0.009535499,0.017271725,0.01288455,3.9833279,-0.01512902374264924,-0.02446788152669733,0,0
2018-11-05,0.005582261,0.011469786,0.0070418227,0.011658826,4.033684,-0.018197964435834487,-0.029431220772549282,0,0
2018-11-06,0.007092873,0.009762362,0.0066586854,0.010725354,4.0721726,-0.015488963191894453,-0.025050004732445855,0,0
2018-11-07,0.020626685,0.007974109,0.01291843,0.010174764,4.133638,-0.012651721931248378,-0.02046138855938476,0,0
2018-11-08,-0.002755435,0.009538845,0.005584637,0.013105159,4.1437674,-0.015134332578745108,-0.02447646740605398,0,0
2018-11-09,-0.010648394,0.007933486,0.0104701305,0.011858422,4.165223,-0.012587270290301334,-0.020357152149837205,0,0
2018-11-12,-0.018614057,0.00838781,0.014750802,0.01167725,4.2385845,-0.013308099295814198,-0.021522935151299227,1,0
2018-11-13,-9.165483e-05,0.0106218895,0.010615155,0.013308314,4.3120522,-0.016852690710348114,-0.027255535236185957,0,0
2018-11-14,-0.010689376,0.010413797,0.014287044,0.012000354,4.3247643,-0.016522531234641515,-0.02672157461361567,0,0
2018-11-15,0.0132525405,0.011235819,0.015433471,0.011781762,4.406223,-0.017826751288120148,-0.028830864829302118,0,0
2018-11-16,0.0031036083,0.012453225,0.010045812,0.0121491505,4.4326057,-0.01975828809937155,-0.03195470247184113,0,0
2018-11-19,-0.017190292,0.011185873,0.015141117,0.011188407,4.3032413,-0.01774750874299328,-0.028702707372547504,0,0
2018-11-20,-0.021083001,0.012052366,0.011222027,0.012638217,4.3564034,-0.01912228464882218,-0.03092610622245169,1,0
2018-11-21,0.0034032932,0.011678381,0.010170009,0.014771816,4.429323,-0.01852892019171228,-0.029966469203852115,0,0
2018-11-23,-0.0073884963,0.010742951,0.0055890367,0.01342703,4.3623123,-0.017044767965460023,-0.027566178117180495,0,0
2018-11-26,0.015284758,0.008254789,0.008305564,0.012516891,4.4276404,-0.01309704885589607,-0.021181607300413727,0,0
2018-11-27,0.00504344,0.0081338575,0.006492814,0.01317163,4.5153723,-0.012905178814601436,-0.020871299542373455,0,0
2018-11-28,0.021383304,0.0076973327,0.010870017,0.01204342,4.547135,-0.012212588799523168,-0.01975118692150839,0,0
2018-11-29,0.0010025977,0.008610949,0.007942597,0.014659874,4.4296036,-0.013662132698835153,-0.02209550662114169,0,0
2018-11-30,0.005088607,0.008447814,0.008438456,0.013180358,4.419309,-0.013403302734054235,-0.021676905856046338,0,0
2018-12-03,0.0117139565,0.00820161,0.010232561,0.012257039,4.2688475,-0.013012675732848023,-0.02104515225784827,0,0
2018-12-04,-0.032410666,0.008844221,0.014021321,0.012267563,4.3441067,-0.014032241912675802,-0.02269407719319146,1,1
2018-12-05,0.0,0.010448295,0.005914825,0.018059619,4.368984,-0.016577264638044736,-0.026810093902950097,0,0
2018-12-06,-0.0039868397,0.008411004,0.024049174,0.016260574,4.2891107,-0.01334490010781673,-0.021582452402609094,0,0
2018-12-07,-0.020650255,0.012030295,0.018485282,0.014872847,4.2517695,-0.019087268228294173,-0.03086947483343794,1,0
2018-12-10,0.002652019,0.014588365,0.017190378,0.01618819,4.347324,-0.02314590283165784,-0.037433427162715395,0,0
2018-12-11,-0.0006623457,0.01459391,0.015131664,0.014764798,4.2721696,-0.023154699917821805,-0.037447654522372004,0,0
2018-12-12,0.0042503015,0.014160053,0.013778599,0.013478511,4.200922,-0.022466341046016806,-0.03633438484881761,0,0
2018-12-13,-0.0026425081,0.013543463,0.008817893,0.012431588,4.1703844,-0.021488060183337477,-0.03475222986941895,0,0
2018-12-14,-0.016579702,0.011157113,0.010346243,0.0112844175,4.174498,-0.017701876460001206,-0.02862890715165848,0,0
2018-12-17,-0.019207109,0.010479835,0.020576695,0.012683815,4.206402,-0.016627307227348596,-0.026891026828114614,1,0
2018-12-18,-0.0056969016,0.013467524,0.012359015,0.014174566,4.2210846,-0.021367575754526042,-0.03455737270083249,0,0
2018-12-19,-0.013287256,0.012958602,0.027711164,0.013212982,4.1715794,-0.02056011870529854,-0.03325148781662148,0,0
2018-12-20,-0.0073135626,0.016052362,0.021310272,0.013324871,4.23451,-0.02546867923692897,-0.04119000913812512,0,0
2018-12-21,-0.029697575,0.01766415,0.021853363,0.012650463,4.25364,-0.02802594205533843,-0.045325821516889624,1,0
2018-12-24,-0.030179463,0.017944613,0.021836847,0.016555052,4.3245907,-0.02847092513173038,-0.04604548415869317,1,0
2018-12-26,0.053724416,0.018614383,0.03547185,0.019582259,4.4621167,-0.02953358273691308,-0.047764100034333346,0,0
2018-12-27,0.009665802,0.02293731,0.028735857,0.029426428,4.5265083,-0.036392338371987985,-0.05885663469844999,0,0
2018-12-28,-0.003613736,0.02470502,0.014158951,0.026573695,4.4895244,-0.03919698915203668,-0.06339254290887456,0,0
2018-12-31,0.0077135367,0.01890438,0.008213258,0.02403212,4.436895,-0.029993691517102284,-0.04850822518837923,0,0
2019-01-02,0.0022925502,0.01287024,0.01960732,0.022162354,4.390733,-0.020419924532522536,-0.03302475445506646,0,0
2019-01-03,-0.025511844,0.01450607,0.011469803,0.020393364,4.3023634,-0.02301533279058724,-0.037222258725796015,1,0
2019-01-04,0.033544015,0.013298447,0.020643923,0.021300608,4.36672,-0.021099318013491023,-0.034123524573027586,0,0
2019-01-07,0.0075761667,0.014845455,0.0118590705,0.023648642,4.475199,-0.023553800968804356,-0.038093113039638596,0,0
2019-01-08,0.00858877,0.0135149425,0.008050851,0.0219455,4.407812,-0.02144280975288204,-0.034679047211353946,0,0
2019-01-09,0.0038797334,0.010487418,0.007070234,0.020558797,4.4072995,-0.016639338296844188,-0.026910484447328187,0,0
2019-01-10,0.004443164,0.008812794,0.0101460405,0.019164108,4.3849907,-0.013982380296138122,-0.022613436951829796,0,0
2019-01-11,0.00038543073,0.009316039,0.0056657605,0.017923564,4.3732343,-0.014780828521065225,-0.023904752036334857,0,0
2019-01-14,-0.005603338,0.007881802,0.0065058363,0.01664019,4.2954783,-0.012505267005626404,-0.02022452980167009,0,0
2019-01-15,0.009641416,0.007222002,0.007167619,0.015528397,4.2417526,-0.011458429134799258,-0.01853149888065618,0,0
2019-01-16,0.002970062,0.007327545,0.006170302,0.014931715,4.2913213,-0.011625883235344829,-0.018802319203434736,0,0
2019-01-17,0.008383397,0.006951077,0.01227291,0.013614478,4.216262,-0.011028579001115207,-0.01783631045844708,0,0
2019-01-18,0.013662058,0.008490512,0.008797467,0.013034527,4.2696996,-0.013471047174481908,-0.021786467647386776,0,0
2019-01-22,-0.0148960985,0.008711847,0.012487096,0.013557149,4.360897,-0.013822216683478078,-0.022354407396049117,1,0
2019-01-23,0.002371805,0.009619317,0.010935396,0.014013537,4.410075,-0.0152620088652845,-0.02468295582896576,0,0
2019-01-24,-0.0016122153,0.010054142,0.005760936,0.0129966345,4.429035,-0.0159519023861467,-0.025798707461168333,0,0
2019-01-25,0.011137444,0.007949451,0.00785451,0.011871577,4.4573116,-0.012612600143519599,-0.020398117638303324,0,0
2019-01-28,-0.008104841,0.0078055663,0.010198063,0.011820727,4.6295075,-0.012384312047622905,-0.020028911655196213,0,0
2019-01-29,-0.00066259643,0.008868456,0.005760303,0.011426524,4.576034,-0.014070693196305887,-0.022756263720783335,0,0
2019-01-30,0.015875585,0.0075670267,0.011788404,0.010381102,4.5803785,-0.012005845511440103,-0.01941682494513076,0,0
2019-01-31,0.008167856,0.008701579,0.008490986,0.01168998,4.592377,-0.01380592551506663,-0.022328060000116418,0,0
2019-02-01,-9.24428e-05,0.008786012,0.005296733,0.011135455,4.801879,-0.013939887890639257,-0.022544714794920248,0,0
2019-02-04,0.006266724,0.007068662,0.005280542,0.010104722,4.9511986,-0.011215140206313975,-0.018138032337130704,0,0
2019-02-05,0.003576509,0.0063357726,0.0049194884,0.009978757,4.7086196,-0.010052337701510717,-0.016257454025506556,0,0
2019-02-06,-0.0005494002,0.0060045472,0.0036808117,0.00950322,5.287148,-0.009526815410122227,-0.015407536847500961,0,0
2019-02-07,-0.009386284,0.005233552,0.010141928,0.00886042,5.411784,-0.00830355352359384,-0.013429178731020161,1,0
2019-02-08,0.0008317546,0.006795915,0.0073479237,0.00905866,5.434405,-0.010782399032690211,-0.01743816829117105,0,0
2019-02-11,0.0007387571,0.0072387788,0.0054473286,0.008339534,5.6129003,-0.01148504751411272,-0.018574548277798603,0,0
2019-02-12,0.013387326,0.0063076927,0.0068834964,0.0077098073,5.5131893,-0.010007785825932734,-0.016185401126920556,0,0
2019-02-13,0.0017290808,0.0064930767,0.0047554555,0.0089738695,5.4478073,-0.010301916338484558,-0.016661092794600138,0,0
2019-02-14,-0.0021845994,0.005987981,0.008330425,0.008371293,5.478144,-0.009500530925562366,-0.0153650274519748,0,0
2019-02-15,0.01213673,0.006800787,0.009834293,0.007887031,5.3379226,-0.010790129284397555,-0.017450670279809857,0,0
2019-02-19,0.00062997796,0.008010669,0.005461041,0.008728111,5.285391,-0.01270972822712795,-0.02055520103529376,0,0
2019-02-20,0.0029645623,0.006894892,0.0039389716,0.008155627,5.3227386,-0.01093943634081451,-0.01769214173425747,0,0
2019-02-21,-0.004585308,0.0055665304,0.008094049,0.007724685,5.275093,-0.008831857366398504,-0.014283594459075585,0,0
2019-02-22,0.006109084,0.0065556928,0.0049626054,0.0074284393,5.3062882,-0.010401263148206266,-0.016821764495013537,0,0
2019-02-25,0.00205789,0.006210695,0.0048855958,0.0073137195,5.3887854,-0.009853889300165473,-0.015936507211232628,0,0
2019-02-26,-0.0019683284,0.0056575346,0.0050380873,0.006940618,5.2510195,-0.00897624467816688,-0.01451710930434268,0,0
2019-02-27,0.0012530208,0.005614907,0.00542765,0.0065943603,5.110404,-0.008908612440854238,-0.014407728976960006,0,0
2019-02-28,-0.0036740038,0.0057186363,0.0026701724,0.006253147,4.946956,-0.00907318907441756,-0.014673895627273222,0,0
2019-03-01,0.0072454363,0.004522037,0.004637055,0.006093779,4.832696,-0.007174664862740642,-0.011603448632340889,0,0
2019-03-04,-0.004824453,0.0047221836,0.012248324,0.006450556,4.7369576,-0.007492216870691373,-0.01211701943778552,0,0
2019-03-05,0.0,0.007068689,0.0039839144,0.0063435147,4.8301077,-0.011215182734914026,-0.018138101117824375,0,0
2019-03-06,-0.007190396,0.00583129,0.0051744026,0.0060305814,4.6623006,-0.00925192501720674,-0.014962961858321544,0,0
2019-03-07,-0.007787778,0.00534907,0.008509469,0.0062999316,4.864842,-0.008486834597405608,-0.0137255957157771,0,0
2019-03-08,-0.0010915046,0.0066640438,0.007608691,0.006591777,5.082589,-0.010573172798255169,-0.017099790693018296,0,0
2019-03-11,0.013379335,0.0071250973,0.0096898135,0.0062340633,5.0812087,-0.011304680101836434,-0.018282843502267575,0,0
2019-03-12,0.004748049,0.007825993,0.0041919774,0.007815663,4.8031354,-0.0124167215554541,-0.020081326934029888,0,0
2019-03-13,0.007922772,0.006275033,0.008345938,0.007485705,4.9750133,-0.009955967893792658,-0.01610159697365007,0,0
2019-03-14,-0.0025746897,0.006908052,0.0036645716,0.007590534,5.1578894,-0.010960316073712431,-0.01772591012801147,0,0
2019-03-15,0.006203494,0.0057779984,0.004825791,0.0071848375,5.1610937,-0.009167372731120177,-0.014826217058791263,0,0
2019-03-18,0.0037917246,0.0053981,0.0033789857,0.007094246,5.3929844,-0.008564625740947717,-0.013851405848432845,0,0
2019-03-19,-0.0014091952,0.004903485,0.007315729,0.0067929975,5.5667014,-0.00777986991550973,-0.012582235220451536,0,0
2019-03-20,-0.003354819,0.0058156042,0.0076631424,0.006456805,5.38764,-0.009227038547265613,-0.01492271344517241,0,0
2019-03-21,0.01247929,0.0066549336,0.009874484,0.006189272,5.582741,-0.010558718503420439,-0.01707641403768454,0,0
2019-03-22,-0.018244017,0.0075208386,0.010297395,0.0073667737,5.7886424,-0.011932563304367347,-0.019298307029423062,1,0
2019-03-25,-0.0013350543,0.0083339205,0.007191804,0.009619561,5.82115,-0.013222599617296688,-0.021384658152061017,0,0
2019-03-26,0.005683852,0.0077688615,0.0065280427,0.008865945,5.5822744,-0.012326076821194114,-0.01993472893427661,0,0
2019-03-27,-0.004437746,0.007156648,0.009641905,0.008510107,5.554987,-0.011354738978689249,-0.018363802768974348,0,0
2019-03-28,0.0037290286,0.008120287,0.0066805813,0.008155514,5.382399,-0.012883648484609104,-0.0208364789503482,0,0
2019-03-29,0.0059200525,0.007678252,0.0034447145,0.00778613,5.4783096,-0.012182315675196719,-0.01970222677496738,0,0
2019-04-01,0.011474746,0.0056994497,0.004411774,0.0076381555,5.3684287,-0.009042747645418564,-0.01462466328479556,0,0
2019-04-02,-0.0012200437,0.0053244643,0.0028166354,0.008168335,5.593314,-0.008447796057149272,-0.013662459429244975,0,0
2019-04-03,0.004437298,0.0045946967,0.00509314,0.0077607823,5.4000382,-0.007289946324524425,-0.011789891141595366,0,0
2019-04-04,0.0010412148,0.004959337,0.0035977531,0.0075395163,5.263149,-0.007868484135333182,-0.012725549307936821,0,0
2019-04-05,0.004585775,0.004739165,0.0031479616,0.007177615,5.2434845,-0.00751915964368821,-0.012160593470644554,0,0
2019-04-08,0.00077663205,0.004241697,0.0037654631,0.0070329267,5.261423,-0.006729876784504249,-0.010884101357334914,0,0
2019-04-09,-0.0054491335,0.004322526,0.0043792166,0.006706859,5.2251077,-0.006858120420665614,-0.011091507343968634,0,0
2019-04-10,0.004154411,0.0046001268,0.0034930287,0.006681494,5.133712,-0.007298561533058383,-0.011803824354030115,0,0
2019-04-11,-0.00095052936,0.004381682,0.003547608,0.0065159136,5.1466336,-0.006951976969093362,-0.011243299749513021,0,0
2019-04-12,0.0071499636,0.0042635747,0.003860959,0.0062531102,5.0229383,-0.006764588265921242,-0.010940239574140857,0,0
2019-04-15,-0.0010305737,0.0043826536,0.0033627127,0.0064036464,5.150675,-0.006953518857061208,-0.011245793415513315,0,0
2019-04-16,0.00068716716,0.004248091,0.0040573413,0.006153423,5.0162597,-0.006740021665344337,-0.010900508479613265,0,0
2019-04-17,-0.0037852763,0.004393381,0.0057033286,0.005914878,4.8765416,-0.006970538893288442,-0.011273319595462,0,0
2019-04-18,0.0032699453,0.005065455,0.005070906,0.005768631,4.9765334,-0.008036851243484128,-0.012997846220500762,0,0
2019-04-22,0.0008587377,0.0052252137,0.0039943266,0.005625819,4.96738,-0.008290324414386143,-0.01340778354503171,0,0
2019-04-23,0.008717258,0.004823598,0.0052767303,0.00539822,4.8656626,-0.007653121114397005,-0.01237724680202937,0,0
2019-04-24,-0.0024707147,0.0051362603,0.0025435158,0.0059599313,5.00001,-0.008149190992953668,-0.013179531154539887,0,0
2019-04-25,-0.0015366231,0.0042701405,0.005136249,0.005804248,4.8313675,-0.0067750055107744294,-0.0109570871855425,0,0
2019-04-26,0.0051979157,0.004727906,0.0048703835,0.005566278,4.838354,-0.00750129627437058,-0.012131703384174583,0,0
2019-04-29,0.00050981395,0.00515464,0.0032053518,0.0056602606,4.749658,-0.008178352039631947,-0.013226692759112375,0,0
2019-04-30,0.0018670972,0.0044765268,0.0072224536,0.0053996583,4.77753,-0.00710245763389899,-0.011486669258422127,0,0
2019-05-01,-0.008686081,0.005442513,0.0085301455,0.0052390425,4.6460648,-0.008635092011778726,-0.013965369604168176,1,0
2019-05-02,-0.001883401,0.0066675437,0.007693939,0.005855692,4.75227,-0.010578725947585375,-0.017108771695508798,0,0
2019-05-03,0.010230268,0.0069032935,0.0050528497,0.0056707137,4.602261,-0.010952765889907437,-0.017713699359756502,0,0
2019-05-06,-0.005102052,0.006084912,0.012925677,0.006463515,4.709448,-0.009654322487125243,-0.015613751611057075,0,0
2019-05-07,-0.014339318,0.008043537,0.015980046,0.0064576124,4.5822053,-0.012761876434566305,-0.020639539336504455,1,0
2019-05-08,-0.001211492,0.01069686,0.0075198957,0.007973174,4.6108403,-0.016971638680374688,-0.027447907519286205,0,0
2019-05-09,-0.0050347326,0.009017909,0.011928311,0.0075001316,4.611054,-0.014307815477783616,-0.023139757063726642,0,0
2019-05-10,0.0049481415,0.009563944,0.016144633,0.007364269,4.496216,-0.015174154731078998,-0.024540871013452453,0,0
2019-05-13,-0.028101603,0.011818988,0.012392266,0.0072402093,4.399031,-0.018752008940036643,-0.0303272663813033,1,0
2019-05-14,0.011423635,0.011716699,0.011352199,0.012388696,3.9889235,-0.018589716182782504,-0.03006479340058207,0,0
2019-05-15,0.0055319103,0.011147601,0.0107744085,0.012363231,4.1269383,-0.017686785141029525,-0.028604500249338687,0,0
2019-05-16,0.008197482,0.010794388,0.012028949,0.011737804,4.001085,-0.01712637763436851,-0.027698163878076408,0,0
2019-05-17,-0.005748644,0.011050637,0.0077198087,0.011388937,4.014075,-0.01753294200222829,-0.0283556926753726,0,0
2019-05-20,-0.0063091693,0.009458522,0.010211148,0.010795483,4.08153,-0.015006892461665578,-0.02427036093550492,0,0
2019-05-21,0.0077058175,0.009449551,0.004625711,0.010332815,4.150407,-0.014992658048741756,-0.02424733989099163,0,0
2019-05-22,-0.0029702126,0.0073370407,0.005014435,0.010139891,4.109313,-0.011640949218129243,-0.01882668513002213,0,0
2019-05-23,-0.013387552,0.0062806485,0.010164856,0.0095542325,4.133806,-0.009964878087935487,-0.016116007260683466,1,0
2019-05-24,0.004335331,0.00772245,0.0052405503,0.010158678,4.2609615,-0.012252439907499649,-0.01981563735831532,0,0
2019-05-28,-0.009491356,0.0068732784,0.008453455,0.00962403,4.308673,-0.010905144716215055,-0.01763668254387414,0,0
2019-05-29,-0.008952611,0.007178104,0.008522893,0.009642913,4.392436,-0.011388780860871379,-0.018418858055709742,0,0
2019-05-30,0.0037698636,0.0078084553,0.005152157,0.009671974,4.3325896,-0.012388896087790223,-0.020036325335922443,0,0
2019-05-31,-0.013711202,0.006632137,0.006586117,0.0093031805,4.1535177,-0.010522549286371873,-0.01701791825284663,1,0
2019-06-03,-0.0010905126,0.006577981,0.008804087,0.0101597775,4.127787,-0.010436625226717674,-0.016878954910090734,0,0
2019-06-04,0.019984461,0.0075475387,0.011024684,0.009721453,3.8956099,-0.011974925409474563,-0.019366818453994555,0,0
2019-06-05,0.008077803,0.008744046,0.005409512,0.011728551,3.9477386,-0.013873304390506623,-0.0224370305701751,0,0
2019-06-06,0.0063453107,0.0072501297,0.008381846,0.011369028,3.9931273,-0.011503057018939037,-0.018603674706439376,0,0
2019-06-07,0.010226021,0.0074509727,0.009173293,0.0109536145,3.9238634,-0.011821713865627291,-0.01911903234650042,0,0
2019-06-10,0.0049442784,0.00829674,0.0061111776,0.010914556,4.0294733,-0.0131636088295691,-0.021289253476264508,0,0
2019-06-11,-0.0007790522,0.0073505044,0.007845053,0.010421229,4.0403705,-0.011662311243449032,-0.01886123352611073,0,0
2019-06-12,-0.0020804445,0.0074413177,0.0036203912,0.009804924,4.0483985,-0.011806395425834056,-0.019094258126008047,0,0
2019-06-13,0.0046749283,0.0058961837,0.006653794,0.009245974,4.083256,-0.009354885853069046,-0.015129478454277886,0,0
2019-06-14,-0.001382887,0.0061739786,0.0044109346,0.008866851,4.1261616,-0.009795635071596235,-0.01584229375851372,0,0
2019-06-17,0.00051880674,0.005779145,0.0031647054,0.008381251,4.1322026,-0.009169191507420278,-0.01482915853100992,0,0
2019-06-18,0.011773435,0.0047435323,0.009829642,0.007885366,4.168906,-0.0075260886384732936,-0.012171799601746233,0,0
2019-06-19,0.0024745096,0.006388145,0.004852734,0.00851971,4.2708344,-0.010135431347101877,-0.016391839793585855,0,0
2019-06-20,0.008993019,0.0060676667,0.005332394,0.008109332,4.250999,-0.009626960309742786,-0.015569499283484932,0,0
2019-06-21,-0.0032146208,0.0056116795,0.004907099,0.0082543455,4.363092,-0.008903490911571367,-0.014399446025339307,0,0
2019-06-24,0.0005082592,0.005552112,0.00336644,0.007918795,4.3021755,-0.008808981503889628,-0.014246597762976133,0,0
2019-06-25,-0.010214593,0.0048160846,0.0068563684,0.0074722636,4.3153496,-0.007641200438288784,-0.012357967719935537,1,0
2019-06-26,-0.0013698633,0.0056608296,0.005841271,0.008035201,4.227875,-0.008981472981381796,-0.014525564939407062,0,0
2019-06-27,0.0044452115,0.006018266,0.0037186376,0.0076121315,4.2333317,-0.009548581909574425,-0.015442739391888933,0,0
2019-06-28,0.004510454,0.0050902083,0.0055586696,0.0074410234,4.149696,-0.008076125048336496,-0.013061362995976596,0,0
2019-07-01,0.007949974,0.0053769727,0.0062348493,0.0072473767,4.144142,-0.008531105965196016,-0.013797194954468678,0,0
2019-07-02,0.003951411,0.0059234817,0.004520884,0.007400104,4.251467,-0.009398196255471041,-0.015199523541976323,0,0
2019-07-03,0.006940117,0.0054721893,0.004860073,0.007136061,4.292335,-0.008682175696355557,-0.014041517149156068,0,0
2019-07-05,-0.003255021,0.0053243428,0.007942124,0.0072093112,4.3246136,-0.008447602416289461,-0.013662146257575922,0,0
2019-07-08,-0.0040207794,0.0063729873,0.0044101523,0.0069931676,4.2156587,-0.01011138278106816,-0.01635294650644392,0,0
2019-07-09,0.0011743982,0.0057325307,0.0053343903,0.0068558035,4.1198,-0.009095234271929674,-0.014709548904717585,0,0
2019-07-10,0.0051843915,0.0055452064,0.007967146,0.006608618,3.972225,-0.008798025412625142,-0.014228878685551498,0,0
2019-07-11,0.002166126,0.006568976,0.0029218365,0.006560335,4.020454,-0.01042233833169166,-0.016855848987274616,0,0
2019-07-12,0.00382092,0.005063738,0.0026501708,0.006367845,3.8919852,-0.008034127603353132,-0.012993441329267847,0,0
2019-07-15,0.0005801666,0.0041114795,0.0029595953,0.006314154,3.7924743,-0.006523273750314972,-0.010549966210904493,0,0
2019-07-16,-0.0034029165,0.0040668882,0.0034517252,0.006001094,3.8038366,-0.006452525161968725,-0.010435545868436714,0,0
2019-07-17,-0.007343157,0.004197566,0.0063459724,0.005856551,3.8323913,-0.006659858421269534,-0.010770861994011642,1,0
2019-07-18,0.004178861,0.0050917156,0.006384241,0.0062927655,3.8282974,-0.008078516603441555,-0.013065230812431279,0,0
2019-07-19,-0.006862526,0.005660465,0.007727901,0.006175028,3.897159,-0.008980894773393854,-0.01452462981465695,0,0
2019-07-22,0.0040228013,0.00625372,0.003955394,0.006427203,3.955665,-0.00992215222756825,-0.016046907541668237,0,0
2019-07-23,0.0063365228,0.0053311842,0.0029343504,0.006285055,4.014856,-0.008458457162804887,-0.01367970143207096,0,0
2019-07-24,0.004477991,0.004387216,0.004770841,0.0064444914,4.0674233,-0.006960757767708375,-0.011257500767627378,0,0
2019-07-25,-0.0049767853,0.004863955,0.0065666786,0.0063571515,4.1064796,-0.007717151993662682,-0.012480802721735297,0,0
2019-07-26,0.005969177,0.0057896697,0.00406902,0.0063764346,4.057481,-0.009185890769419459,-0.01485616592891805,0,0
2019-07-29,-0.00090965483,0.005226539,0.0027494312,0.0064601502,4.1550055,-0.008292427317929145,-0.013411184530820847,0,0
2019-07-30,-0.0031488258,0.00425972,0.005740415,0.0062283296,3.9799151,-0.006758472291288217,-0.010930348325023488,0,0
2019-07-31,-0.010009259,0.004987377,0.013064615,0.006081419,3.9418383,-0.007912973575306835,-0.012797501230610837,1,0
2019-08-01,-0.010195143,0.007392802,0.016105521,0.00698549,3.9416313,-0.011729420469467415,-0.018969767997303162,0,0
2019-08-02,-0.0066276053,0.009729143,0.010802701,0.0076817074,4.04276,-0.01543626030292776,-0.02496476935537942,0,0
2019-08-05,-0.03557859,0.0096482355,0.017679393,0.0077299103,4.0193577,-0.015307890890693902,-0.02475715995350272,1,1
2019-08-06,0.016123729,0.011570569,0.02362696,0.015878057,3.6584852,-0.018357866542847403,-0.02968982740023484,0,0
2019-08-07,0.0015634503,0.015198382,0.016827384,0.016217811,3.734296,-0.02411375423382226,-0.038998714774555715,0,0
2019-08-08,0.020445691,0.015339365,0.011067255,0.014902207,3.66182,-0.024337438382547358,-0.03936047488171828,0,0
2019-08-09,-0.006911585,0.012919517,0.008733161,0.016167762,3.7865536,-0.020498108386967254,-0.033151199711574396,0,0
2019-08-12,-0.0136209,0.0108459,0.0116242105,0.015168729,3.7773283,-0.01720810493557502,-0.027830339883444178,0,0
2019-08-13,0.017807689,0.010960809,0.015577097,0.015075238,3.7944195,-0.01739042051967922,-0.028125195400112903,0,0
2019-08-14,-0.031616684,0.012433824,0.015217226,0.015713168,3.8714986,-0.01972750644157214,-0.0319049198838141,1,0
2019-08-15,0.0027244382,0.013139106,0.01314168,0.019630719,3.9376826,-0.020846508107777054,-0.033714659934634086,0,0
2019-08-16,0.014982859,0.012715647,0.0068741012,0.01793295,3.8128664,-0.020174646713336943,-0.032628071316547644,0,0
2019-08-19,0.01109164,0.009693408,0.0070684133,0.017593045,3.7841477,-0.015379563345011494,-0.024873074446784053,0,0
2019-08-20,-0.008759933,0.008357085,0.007806237,0.016764676,3.795215,-0.01325935247151618,-0.02144409784216313,0,0
2019-08-21,0.010639311,0.008294762,0.0057343654,0.015799966,3.7903905,-0.013160470761803553,-0.02128417833912306,0,0
2019-08-22,-0.00239255,0.007340687,0.008375598,0.015152536,3.818423,-0.01164673491746399,-0.018836042231199293,0,0
2019-08-23,-0.023106908,0.007689834,0.02097569,0.013943921,3.773604,-0.01220069164987455,-0.019731945888308927,1,1
2019-08-26,0.009671171,0.0112411985,0.01574593,0.016063603,3.8664272,-0.017835285963773154,-0.028844667797444597,0,0
2019-08-27,-0.006175275,0.012640389,0.008953131,0.015293829,3.8187044,-0.0200552426919396,-0.03243496147026421,0,0
2019-08-28,0.008427138,0.01037377,0.008082322,0.01432131,3.7227116,-0.016459024271533926,-0.026618866013518996,0,0
2019-08-29,0.012722599,0.009086284,0.009805229,0.01364553,3.7329907,-0.01441629869760588,-0.023315204905927,0,0
2019-08-30,-0.0006835854,0.009408646,0.008018427,0.01367274,3.748637,-0.01492775940506225,-0.024142380552451027,0,0
2019-09-03,-0.0064314418,0.008928636,0.009056352,0.012658483,3.6675482,-0.01416617533260584,-0.022910685158586835,0,0
2019-09-04,0.011121682,0.008858313,0.0050354553,0.012017821,3.6755545,-0.014054600193073407,-0.022730236813614756,0,0
2019-09-05,0.01133588,0.0072281724,0.0095597645,0.012072995,3.7369695,-0.01146821885658572,-0.018547331610971437,0,0
2019-09-06,0.0029398198,0.0078882305,0.0037268365,0.012147653,3.7833211,-0.012515467535592092,-0.020241026924217816,0,0
2019-09-09,-0.000839067,0.006193395,0.0052026957,0.011349703,3.743347,-0.009826441160719082,-0.01589211585885413,0,0
2019-09-10,8.393839e-05,0.0057485215,0.0066024982,0.01054388,3.7157702,-0.00912060484402033,-0.014750580247039347,0,0
2019-09-11,0.007858915,0.006381082,0.005949144,0.0097311605,3.7241871,-0.010124225513420064,-0.016373716812513286,0,0
2019-09-12,0.0032425718,0.0063349996,0.0045243637,0.009646156,3.785776,-0.010051110706156023,-0.016255469629323224,0,0
2019-09-13,-0.0017446936,0.005637459,0.0046960604,0.009025856,3.8347359,-0.008944393471319348,-0.014465596955040804,0,0
2019-09-16,-0.0024977117,0.005395022,0.005072176,0.00850416,3.7647626,-0.008559743095716204,-0.01384350923943191,0,0
2019-09-17,0.0029965064,0.0054880953,0.0035081664,0.0079858415,3.8092573,-0.00870741234859924,-0.014082331905463718,0,0
2019-09-18,0.00016620959,0.0048724203,0.0077852183,0.007651764,3.7713153,-0.007730582887504668,-0.012502524250163927,0,0
2019-09-19,-0.00016620959,0.005892802,0.007805737,0.0072992165,3.6371355,-0.009349520010551834,-0.015120800379523337,0,0
2019-09-20,-0.0061692568,0.0068099927,0.006809062,0.0068672914,3.667172,-0.010804735596355874,-0.017474292789538007,0,0
2019-09-23,0.002505639,0.006669146,0.0061918683,0.0073083076,3.564044,-0.010581267710086361,-0.017112882439519847,0,0
2019-09-24,-0.008965664,0.00644455,0.0110050505,0.007026768,3.6091812,-0.01022492418970513,-0.016536574860933982,0,0
2019-09-25,0.005372295,0.007897015,0.008460268,0.007818817,3.7371535,-0.01252940424831555,-0.020263566503875417,0,0
2019-09-26,-0.001927348,0.008217033,0.007215028,0.0076969136,3.8758967,-0.013037145060563107,-0.02108472603483183,0,0
2019-09-27,-0.005635713,0.007619234,0.010617156,0.0073182397,3.9232614,-0.012088677651384131,-0.019550787785114935,0,0
2019-09-30,0.0049644597,0.008592591,0.005142561,0.0073077916,4.0680532,-0.013633005132118618,-0.022048399163072732,0,0
2019-10-01,-0.013775836,0.007190564,0.00967993,0.0071777375,4.245644,-0.01140855032584879,-0.018450830834333246,1,0
2019-10-02,-0.019680092,0.007814832,0.012571072,0.008778187,4.3531065,-0.01239901337028347,-0.02005268782392086,1,0
2019-10-03,0.010790384,0.009607102,0.012756705,0.011394466,4.477296,-0.015242628491754374,-0.024651612320518386,0,0
2019-10-04,0.013389821,0.010514657,0.010789875,0.011308581,4.732827,-0.01668255640313543,-0.026980380266287168,0,0
2019-10-07,-0.0045852163,0.010261555,0.0073862677,0.0117741125,4.8361464,-0.016280985073894534,-0.026330926615111654,0,0
2019-10-08,-0.015437699,0.00880439,0.0112829525,0.010887133,4.9793878,-0.013969046222726043,-0.022591872009235694,1,0
2019-10-09,0.009119912,0.009505395,0.009751799,0.011788785,5.4012313,-0.015081260505335408,-0.024390634954029728,0,0
2019-10-10,0.0075085675,0.009713921,0.016961388,0.011369024,5.776027,-0.01541210767755349,-0.02492570777505085,0,0
2019-10-11,0.010064786,0.01167446,0.011581033,0.010861656,6.2237387,-0.018568793323866396,-0.02986406973538385,0,0
2019-10-14,-0.0017687939,0.011558802,0.0068292124,0.01077465,6.12461,-0.01836529611280947,-0.029608111572758954,0,0
2019-10-15,0.010816355,0.009004073,0.0058356337,0.009860324,6.0528245,-0.014294653106147456,-0.023087096706373992,0,0
2019-10-16,-0.0020870734,0.0074888426,0.0028925044,0.010071885,6.2809668,-0.011918376213546971,-0.019142328040428837,0,0
2019-10-17,0.002170466,0.0054719863,0.0052340073,0.009355634,5.8461323,-0.008681853564831758,-0.014040996171986992,0,0
2019-10-18,-0.0032574679,0.0055698734,0.005890229,0.008616438,6.0297465,-0.008840242380648611,-0.0142861788552643,0,0
2019-10-21,0.0060886797,0.0060699703,0.0033263504,0.008163395,5.6311007,-0.009630615959619605,-0.015575411496302535,0,0
2019-10-22,-0.003999339,0.0049962793,0.005598757,0.007945841,5.960482,-0.007927097594843287,-0.012820343738004386,0,0
2019-10-23,0.003749848,0.0052662133,0.00489977,0.007515528,6.2109723,-0.008375047129414568,-0.01347365234302462,0,0
2019-10-24,-0.00049916806,0.0053865905,0.0038631256,0.007106495,6.5070643,-0.008591192536262598,-0.01372851782803414,0,0
2019-10-25,0.0053116567,0.004869819,0.0052037966,0.0065373094,7.013323,-0.00779834222945438,-0.012336970235445553,0,0
2019-10-28,0.005283592,0.0051485696,0.0037889613,0.0066062533,6.9999447,-0.008243943856124763,-0.013045101098189526,0,0
2019-10-29,-0.00016469038,0.0048704604,0.003865085,0.00663887,7.0621448,-0.007802018415883747,-0.012331885401062621,0,0
2019-10-30,0.0039451024,0.0046455376,0.0070206067,0.0062223743,6.8758645,-0.007431760730116957,-0.011787217474709923,0,0
2019-10-31,-0.0039451024,0.0056166053,0.0066336505,0.006169348,6.680526,-0.008971442326637748,-0.014284107126212977,0,0
2019-11-01,0.009017933,0.0061509167,0.0049226563,0.0061105103,6.6047854,-0.009818650296361104,-0.015657438331053576,0,0
2019-11-04,0.00407233,0.0056466437,0.0037603225,0.007127108,6.6286426,-0.0090155151772835,-0.014369577183270678,0,0
2019-11-05,-0.0012199586,0.004966415,0.003548333,0.0068517732,6.7496943,-0.00793733895017496,-0.012620062113454194,0,0
2019-11-06,0.0011386743,0.0046365242,0.0033583231,0.0063965768,6.780006,-0.007411884126147085,-0.011777544729888774,0,0
2019-11-07,0.0034082644,0.0044337036,0.005874744,0.0060148365,6.765636,-0.007086855277801109,-0.01126426445435479,0,0
2019-11-08,0.0014571361,0.005162553,0.004507465,0.0059277755,6.599913,-0.008240590377563514,-0.013142302749634743,0,0
2019-11-11,-0.0009711882,0.0051625874,0.004025595,0.0056071472,6.706092,-0.008247963536240079,-0.013125400811013663,0,0
2019-11-12,0.0014564288,0.0047800983,0.0046682623,0.005345831,6.5225024,-0.007624939417281327,-0.01218041764291013,0,0
2019-11-13,0.0011313133,0.004910526,0.0047930484,0.0051587503,6.2756677,-0.007814605405936469,-0.012552742510583229,0,0
2019-11-14,0.000484457,0.0050776945,0.0041153287,0.004890969,6.4001107,-0.008090521817523337,-0.012958923771092593,0,0
2019-11-15,0.006838046,0.004872746,0.0033378794,0.004658668,6.221997,-0.0077501974450719735,-0.01246511112115755,0,0
2019-11-18,0.001121795,0.00445094,0.0037572181,0.005699108,6.1092978,-0.0070707139610189165,-0.011403581992340326,0,0
2019-11-19,-0.001041625,0.0044476623,0.00443222,0.0053552147,6.2462807,-0.0070758767560475545,-0.011373984652860483,0,0
2019-11-20,-0.003050986,0.0047199274,0.0061403853,0.0051235105,5.893844,-0.007488637229376349,-0.012111230152165116,0,0
2019-11-21,-0.0016095288,0.005361897,0.005122736,0.0051436494,5.696458,-0.008507185889826286,-0.013758509472826773,0,0
2019-11-22,0.0024133227,0.0054017454,0.0035057317,0.004896791,5.8131895,-0.008570409630554804,-0.013860760022771982,0,0
2019-11-25,0.006806288,0.0047010086,0.002705989,0.0047915764,5.8323827,-0.007458620633945959,-0.012062684884914647,0,0
2019-11-26,0.0035051417,0.0040733665,0.0029252334,0.005720802,5.6413155,-0.006462803962655785,-0.010452169576729177,0,0
2019-11-27,0.003175866,0.003956406,0.0022270237,0.0055926302,5.835963,-0.006277234035783765,-0.010152050873575671,0,0
2019-11-29,-0.003175866,0.0036054594,0.0027229793,0.0055508767,5.459572,-0.005720422005554815,-0.009251529397766547,0,0
2019-12-02,-0.009428002,0.0035959214,0.008700234,0.0053917933,5.7293644,-0.00570528951527883,-0.009227055909881607,1,1
2019-12-03,-0.0074936897,0.0052184258,0.010989032,0.0067532184,6.0089407,-0.00828042744717018,-0.013388674139786646,0,0
2019-12-04,0.0064495546,0.006959866,0.007696381,0.007102185,5.929073,-0.011042523857613142,-0.017858863208875808,0,0
2019-12-05,0.00216737,0.0068805423,0.004692577,0.0072380076,5.981951,-0.010916669061965343,-0.017655320648439728,0,0
2019-12-06,0.009020217,0.005810085,0.0052362513,0.006641655,6.2399693,-0.009242780649833759,-0.014859358095076589,0,0
2019-12-09,-0.003662133,0.0056927577,0.003353544,0.0074053295,6.6590962,-0.009091465919272818,-0.014481542783009544,0,0
2019-12-10,0.00047843077,0.0050070067,0.006023566,0.0070408476,6.1862807,-0.007960741503170193,-0.01281475053360664,0,0
2019-12-11,0.0022296554,0.005570404,0.0030376264,0.0063826405,6.3327518,-0.008869796140082827,-0.014228854036888115,0,0
2019-12-12,0.007922716,0.004820344,0.007675787,0.0059418236,6.571217,-0.007692440245155702,-0.012275501214320977,0,0
2019-12-13,0.0012618299,0.005746132,0.00625686,0.0066603045,6.938804,-0.009196729525573127,-0.014569244989588646,0,0
2019-12-16,0.0069900146,0.0061933533,0.0043343934,0.0060979594,7.1082277,-0.009924280857733368,-0.015673456967172338,0,0
2019-12-17,0.0003912516,0.0053615747,0.002535509,0.0065501435,6.9059224,-0.008579170279003172,-0.013599318514227804,0,0
2019-12-18,0.0011728372,0.0042552883,0.0020479779,0.006070396,6.460275,-0.006783963381432198,-0.01085165967000107,0,0
2019-12-19,0.0038995526,0.0036065117,0.0035222566,0.005648457,6.5402493,-0.005753808526769494,-0.009187897130965558,0,0
2019-12-20,0.0043495214,0.00398603,0.003960774,0.0056532146,6.247507,-0.006341537132679166,-0.010193288109621309,0,0
2019-12-23,0.00046490005,0.0043562823,0.002189166,0.005670935,6.450369,-0.006944337026122286,-0.01111061433795479,0,0
2019-12-24,-0.00046490005,0.0036478655,0.00185595,0.0054308195,5.823856,-0.005787703608132985,-0.009360342650281196,0,0
2019-12-26,0.0057957736,0.0031618637,0.0020937254,0.005369954,5.1192684,-0.005016613036269184,-0.008113272576253208,0,0
2019-12-27,-0.002159828,0.0031427527,0.003938078,0.005622742,6.1422777,-0.004994355456439777,-0.008048273329537921,0,0
2019-12-30,-0.0043337015,0.0037644794,0.005183675,0.0054349317,5.94303,-0.00597272337779582,-0.009659571594674031,0,0
2019-12-31,0.0023239611,0.0044687144,0.0048749787,0.0054785996,6.207467,-0.007106493844734608,-0.011433785073772426,0,0
2020-01-02,0.008628713,0.004691829,0.0042568105,0.0052950364,6.1667356,-0.007458072554700433,-0.01201128776691351,0,0
2020-01-03,-0.0072369245,0.00460992,0.01140433,0.006277159,6.6888347,-0.007363960282277126,-0.011722734621850339,0,0
2020-01-06,0.0024695182,0.0064868936,0.0077224416,0.006564147,6.276827,-0.010323356802448032,-0.016582144857800647,0,0
2020-01-07,-0.002546789,0.007090453,0.006014681,0.006189202,7.754008,-0.011404932449817924,-0.017826069414436558,0,0
2020-01-08,0.007697675,0.006450856,0.018226042,0.0058777127,7.569831,-0.010366016966902777,-0.016246937916818097,0,0
2020-01-09,0.0048192865,0.009531053,0.0030070792,0.0064470577,7.5551867,-0.015314411712278467,-0.024008104798846158,0,0
2020-01-10,-0.003439976,0.00642986,0.0052886815,0.00631075,7.6509557,-0.010336818928520418,-0.016181227284187458,0,0
2020-01-13,0.007628384,0.0056829876,0.0030890987,0.0060398304,7.6729226,-0.009137190069336873,-0.01429863234257359,0,0
2020-01-14,-0.00053209683,0.0050250557,0.0046205167,0.0064902194,7.997545,-0.008092337504108645,-0.012605164839786673,0,0
2020-01-15,0.0017472561,0.0050720996,0.0044267024,0.006010836,7.889449,-0.008163918867989521,-0.01273565230999449,0,0
2020-01-16,0.0068832766,0.0051436275,0.0029743048,0.0056864675,7.625314,-0.008267900708794764,-0.012947548440422727,0,0
2020-01-17,0.0025596642,0.004393222,0.0026095945,0.0060790638,7.9220395,-0.007072322165918685,-0.011027755149193519,0,0
2020-01-21,-0.0016555049,0.0038906017,0.004682609,0.005781166,7.7557116,-0.006258053348567418,-0.009781182509743828,0,0
2020-01-22,7.530971e-05,0.0044597248,0.0047214883,0.005512307,7.408555,-0.007159841839081405,-0.011250341969704394,0,0
2020-01-23,0.0018809019,0.0048148194,0.005244462,0.0052623427,7.0281425,-0.00771106877216924,-0.01219561467399371,0,0
2020-01-24,-0.009819551,0.00505562,0.0103635825,0.0050532566,7.145254,-0.00810317091875657,-0.012789037052457583,1,0
2020-01-27,-0.016531833,0.0066140858,0.005523398,0.0063602235,7.3904133,-0.010617408752196173,-0.016688151977349904,1,0
2020-01-28,0.011890747,0.0062799244,0.0067754514,0.009135417,6.93918,-0.01005109542298891,-0.015922599801159888,0,0
2020-01-29,-0.0017555247,0.006293111,0.0056649074,0.009657047,6.9819374,-0.010075306176440113,-0.01594829803693182,0,0
2020-01-30,0.005257355,0.006260887,0.011502407,0.008588686,7.129277,-0.010033912059433967,-0.015840715883660542,0,0
2020-01-31,-0.020188749,0.007913926,0.013064404,0.0080632,6.9458785,-0.012666950419912563,-0.020064039253786026,1,1
2020-02-03,0.006646597,0.009707049,0.008839441,0.011501074,6.6152725,-0.015496658484488302,-0.024706546538700982,0,0
2020-02-04,0.01650152,0.009116972,0.010677783,0.010464697,6.7497826,-0.014570781417417923,-0.023166938587181055,0,0
2020-02-05,0.010701737,0.009346589,0.008388259,0.011865502,6.872279,-0.014951927855216714,-0.02371627522157596,0,0
2020-02-06,0.0030687498,0.008985176,0.0051120836,0.0114353625,7.0705304,-0.014394233349389331,-0.02274813201323796,0,0
2020-02-07,-0.0059213904,0.007180309,0.004393037,0.010059961,7.1714354,-0.011510617049773977,-0.018158643011278838,0,0
2020-02-10,0.0082354285,0.006061669,0.008946583,0.009266742,6.924251,-0.009700716380128795,-0.015371838011917936,0,0
2020-02-11,0.0013411819,0.007228996,0.005172511,0.008973162,7.2383437,-0.011593667236816525,-0.018268662598304508,0,0
2020-02-12,0.006826978,0.006625919,0.0040232795,0.007908157,7.350879,-0.010633884442619137,-0.016724831262984127,0,0
2020-02-13,-0.0008878367,0.005435099,0.007582516,0.0077873687,7.097407,-0.008708610977156037,-0.01375618298456646,0,0
2020-02-14,0.0010357329,0.006285655,0.004860676,0.006947339,7.15359,-0.010075232598250689,-0.01589917861199223,0,0
2020-02-18,-0.003481356,0.0059579904,0.007431092,0.006254116,7.1868353,-0.009552100490398611,-0.015064957956809186,0,0
2020-02-19,0.005328215,0.0063626,0.0039059129,0.0059843385,6.8870826,-0.010179508402150006,-0.016141862556224976,0,0
2020-02-20,-0.005328215,0.0055179102,0.011507475,0.006090692,7.038491,-0.008837725994069845,-0.013974883738167123,0,0
2020-02-21,-0.008943937,0.0071881814,0.0070297187,0.006161764,7.1379194,-0.011520689371431709,-0.01818515859022153,0,0
2020-02-24,-0.034425758,0.0074076257,0.014340719,0.007064551,7.2664657,-0.01188225899032943,-0.0187145047383824,1,1
2020-02-25,-0.029489065,0.009046152,0.026119625,0.01812807,5.5197062,-0.014352626144417237,-0.023212228500150717,1,1
2020-02-26,-0.0071282987,0.013738903,0.019760171,0.021773895,5.7013354,-0.02179814615981949,-0.03525372600457694,0,0
2020-02-27,-0.050527867,0.015420717,0.027497236,0.018237988,5.707473,-0.024466511778841654,-0.03956922282358808,1,1
2020-02-28,-0.002031145,0.01798898,0.034519866,0.031062892,5.574075,-0.028541318108591087,-0.046159329377488345,0,0
2020-03-02,0.037903473,0.022886008,0.033829767,0.025461132,5.5155334,-0.036310944060671244,-0.05872499723127947,0,0
2020-03-03,-0.02243578,0.025589786,0.034256686,0.02946455,5.5565653,-0.040600758704735146,-0.0656628326308336,0,0
2020-03-04,0.038537104,0.027614525,0.024335574,0.02720246,5.6103864,-0.043813206277181306,-0.07085826281525177,0,0
2020-03-05,-0.032383237,0.025239492,0.019352913,0.030789796,5.8076797,-0.04004498048143299,-0.06476398311124826,0,0
2020-03-06,-0.017225947,0.021757537,0.030675719,0.031042533,5.85961,-0.03452051171520973,-0.055829365149823826,0,0
2020-03-09,-0.07575731,0.02354341,0.034439623,0.027275966,5.8067126,-0.03735397697908947,-0.06041187447533842,1,1
2020-03-10,0.0420477,0.026266083,0.037939418,0.048308823,5.6392856,-0.041673771571598614,-0.06739819587367293,0,0
2020-03-11,-0.04478094,0.029647088,0.033032358,0.046753462,5.526239,-0.04703807220084268,-0.07607377696222162,0,0
2020-03-12,-0.10423595,0.029736405,0.06298691,0.046167057,5.624053,-0.047179784735126934,-0.07630296594088257,1,1
2020-03-13,0.08795598,0.037377264,0.058515947,0.07028865,5.735334,-0.05930277029865948,-0.09590923925792309,0,0
2020-03-16,-0.10955244,0.044709656,0.062240932,0.076647975,5.967167,-0.07093634397170309,-0.11472399605956,1,0
2020-03-17,0.028257094,0.049680885,0.051406138,0.08923725,6.1818247,-0.07898489052117956,-0.12715913526419717,0,0
2020-03-18,-0.034380306,0.050690714,0.06468114,0.07467382,6.1250386,-0.08054073294614872,-0.12984455381889873,0,0
2020-03-19,-0.005218674,0.053566787,0.055171475,0.06396352,6.087526,-0.08507488938723715,-0.13728276004891085,0,0
2020-03-20,-0.042978287,0.05248746,0.069081664,0.05149494,5.9643188,-0.08327660905776565,-0.13468167140398019,0,0
2020-03-23,-0.030164186,0.054623026,0.06579592,0.048577357,5.9387197,-0.08666489700874212,-0.14016148487860106,0,0
2020-03-24,0.09344564,0.055783134,0.036698487,0.042943817,5.806668,-0.08850552758008641,-0.14313830159329166,0,0
2020-03-25,0.011824806,0.045255702,0.04960108,0.06510611,5.9479938,-0.07180270403686657,-0.11612514366792315,0,0
2020-03-26,0.055580806,0.04389542,0.053218544,0.053253837,5.818221,-0.06964448073869917,-0.11263469029393226,0,0
2020-03-27,-0.0327387,0.04453901,0.025267415,0.05405162,5.907314,-0.07066559423567778,-0.11428611767578983,0,0
2020-03-30,0.033984087,0.034557797,0.03227537,0.047616545,5.8707886,-0.05482940583622603,-0.0886745522381648,0,0
2020-03-31,-0.016020415,0.030686712,0.019135118,0.0432091,5.8589916,-0.048687541239271936,-0.07874143177596012,0,0
2020-04-01,-0.048537254,0.024335098,0.022645388,0.035853833,5.726087,-0.038610069135130425,-0.06244332836049452,1,0
2020-04-02,0.027597683,0.021721644,0.024784094,0.04102251,5.902336,-0.03446356320514847,-0.0557372634107425,0,0
2020-04-03,-0.013502231,0.021912219,0.021529447,0.036859304,5.9042735,-0.03476592888342528,-0.05622627365487084,0,0
2020-04-06,0.063115194,0.020840235,0.032404564,0.030630304,5.836207,-0.033065117871231,-0.05347558444626335,0,0
2020-04-07,-0.0009458054,0.023263432,0.033288628,0.0449027,6.004079,-0.03691153924142197,-0.05969001124635136,0,0
2020-04-08,0.03459523,0.02625064,0.026930884,0.0363876,5.8972487,-0.04164926785905796,-0.06735856648676684,0,0
2020-04-09,0.01622956,0.025273502,0.026192162,0.035857353,5.9913363,-0.04009893932139697,-0.06485124971390649,0,0
2020-04-13,-0.0074020918,0.024437845,0.025230775,0.030678863,5.953236,-0.03877308578344928,-0.06270697207642716,0,0
2020-04-14,0.029900929,0.023565043,0.014792611,0.025293902,5.884094,-0.037388300273923016,-0.06046738488538725,0,0
2020-04-15,-0.024209086,0.018795662,0.018328326,0.027176615,6.0269227,-0.02983061502533613,-0.04821094240684821,0,0
2020-04-16,0.0044943895,0.01749263,0.02122563,0.026337253,6.122912,-0.027792786106226118,-0.04480878180677618,0,0
2020-04-17,0.029166892,0.018261056,0.01579008,0.021753626,6.0426946,-0.028987439935500795,-0.04682930908219229,0,0
2020-04-20,-0.022373874,0.016559517,0.013010093,0.024673067,6.225697,-0.02633925074739895,-0.04235926474553312,0,0
2020-04-21,-0.026904214,0.014327787,0.024299448,0.024086881,6.3245335,-0.022812391847199503,-0.036602369879705,1,0
2020-04-22,0.020469876,0.016810805,0.020166958,0.025123686,6.4867463,-0.02680699972980838,-0.04285580562894368,0,0
2020-04-23,-0.0027831413,0.017838312,0.015988452,0.023880994,6.532982,-0.028457310149856394,-0.04544875990457985,0,0
2020-04-24,0.017379342,0.016218195,0.01647992,0.020104807,6.462811,-0.02585634655214148,-0.04135763190869371,0,0
2020-04-27,0.01386352,0.015528887,0.014605824,0.019488188,6.5730467,-0.024781827292429944,-0.039545006271208875,0,0
2020-04-28,-0.00061015476,0.014730124,0.015333438,0.018130321,6.6363244,-0.023519860150048522,-0.0374816901282328,0,0
2020-04-29,0.025396278,0.014360079,0.018742906,0.015284791,6.602413,-0.02292239210083832,-0.036555302074405244,0,0
2020-04-30,-0.013177225,0.015340748,0.017669274,0.019027952,6.876587,-0.02454169695212766,-0.038924064563410236,0,0
2020-05-01,-0.028215175,0.015804598,0.012943096,0.017644288,6.951933,-0.025297793235004896,-0.0400663677900815,1,0
2020-05-04,0.0012395964,0.014007802,0.014224724,0.02131488,7.3218603,-0.02247703968830338,-0.03536850294244629,0,0
2020-05-05,0.011612693,0.013490257,0.014632686,0.018097056,7.263339,-0.02163872403650399,-0.03408268916346929,0,0
2020-05-06,-0.008696853,0.013575235,0.0123276,0.016557643,7.4193687,-0.021795678195291036,-0.034241837839862906,0,0
2020-05-07,0.016277598,0.012699656,0.014422934,0.014787523,7.3923087,-0.020386637189447394,-0.032042172795296864,0,0
2020-05-08,0.016700052,0.012833336,0.008299986,0.015322234,7.7443323,-0.0206412874408343,-0.03226717511689532,0,0
2020-05-11,-0.0019653926,0.010672858,0.01386529,0.015850643,8.030973,-0.017190187720575744,-0.026764473440369228,0,0
2020-05-12,-0.024329152,0.0113115795,0.020192547,0.013325263,7.968281,-0.01821365632004375,-0.02838214197906153,1,0
2020-05-13,-0.013944273,0.01401475,0.021889186,0.01760595,8.051165,-0.02257486726284725,-0.03513868515126089,0,0
2020-05-14,0.012014279,0.016219052,0.02281317,0.016681623,8.029131,-0.026122920160725597,-0.040673410340023426,0,0
2020-05-15,-0.00017563888,0.017630372,0.013461874,0.015529933,8.026075,-0.028395640408273467,-0.044213859189632436,0,0
2020-05-18,0.035036806,0.01517143,0.020548949,0.013102315,7.850686,-0.02441492788655943,-0.038107913326335945,0,0
2020-05-19,-0.009971532,0.016047249,0.013806481,0.02207831,7.711653,-0.025806231079061583,-0.04036054456745015,0,0
2020-05-20,0.016901333,0.0151120685,0.011231695,0.01940522,7.6158834,-0.02429000514009638,-0.038043626720860424,0,0
2020-05-21,-0.010668122,0.012844975,0.006249085,0.018805532,7.679008,-0.020652999245863966,-0.0323165950850937,0,0
2020-05-22,0.0054329503,0.009571423,0.012507578,0.016936956,7.6627083,-0.015388241251536828,-0.02408446873109909,0,0
2020-05-26,0.01395567,0.010281592,0.01416502,0.014648052,7.515,-0.016516661920382807,-0.02590901136527219,0,0
2020-05-27,0.013598883,0.011698846,0.015183679,0.014550987,7.651422,-0.018807431304009567,-0.029440894052804537,0,0
2020-05-28,0.0008232486,0.012464598,0.010673405,0.014386402,7.748682,-0.020048650930752154,-0.03133875540966552,0,0
2020-05-29,0.0013157896,0.011325585,0.015437509,0.012143306,7.6331496,-0.01820558777140716,-0.028506612041318186,0,0
2020-06-01,0.003937013,0.012194256,0.0108065745,0.010208098,7.5659037,-0.019594785362297387,-0.030713290232632237,0,0
2020-06-02,0.0075028897,0.011443606,0.008910782,0.008871726,7.464753,-0.018378094739169622,-0.02885177154835183,0,0
2020-06-03,0.013156491,0.009985999,0.009748628,0.008647724,7.575623,-0.016047224941530377,-0.025149011494473354,0,0
2020-06-04,-0.002328103,0.009730442,0.008814496,0.010549805,7.6232023,-0.015640599849446393,-0.024493991863275267,0,0
2020-06-05,0.024218103,0.009365782,0.018216956,0.009048264,7.5338707,-0.015047072134669914,-0.0235967888304148,0,0
2020-06-08,0.012706255,0.011720834,0.008128391,0.0155797945,7.4273314,-0.018819228595989227,-0.029561942954395546,0,0
2020-06-09,-0.006839759,0.010243471,0.007941216,0.014883917,7.4806304,-0.01645221213434727,-0.025821842061767776,0,0
2020-06-10,-0.006101873,0.00877999,0.009830108,0.013100736,7.44935,-0.014099151080865277,-0.022139677128619323,0,0
2020-06-11,-0.056743078,0.009167777,0.026846547,0.011583464,7.427443,-0.014719993374343284,-0.023122670708513406,1,1
2020-06-12,0.008105917,0.013640355,0.024183663,0.032670673,6.203155,-0.021690958763663132,-0.034902652352067014,0,0
2020-06-15,0.012525234,0.017370658,0.029672952,0.027706187,6.1101737,-0.027595101951934337,-0.04450415354147725,0,0
2020-06-16,0.014617664,0.020031251,0.019065982,0.02427755,6.061226,-0.0318041932886706,-0.051355547722656845,0,0
2020-06-17,-0.0036143167,0.018889513,0.011857901,0.021911493,6.0445895,-0.029985701952481562,-0.04843966039536767,0,0
2020-06-18,-0.0029008884,0.014927946,0.012634459,0.018491535,5.923736,-0.02368468047330512,-0.03830478196586085,0,0
2020-06-19,-0.012505238,0.01336637,0.018606447,0.015519038,5.846954,-0.021207085486023045,-0.034297814850787665,0,0
2020-06-22,0.016612351,0.0149409585,0.014085346,0.014767386,5.8528605,-0.023705325846470837,-0.038338171334090156,0,0
2020-06-23,0.0024882623,0.014345281,0.019496147,0.0155173605,5.9271183,-0.022760224530742796,-0.036809677003106306,0,0
2020-06-24,-0.02253845,0.015283293,0.021397913,0.013051544,5.847076,-0.024248473980421348,-0.039216594451074484,0,0
2020-06-25,0.0071081636,0.016699322,0.016615946,0.016789474,5.916146,-0.02649514590833116,-0.04285009410687104,0,0
2020-06-26,-0.020978928,0.015990045,0.016172964,0.014651169,5.8581524,-0.02536980657585465,-0.0410301042692752,0,0
2020-06-29,0.01346071,0.015171554,0.009569187,0.017020427,5.970792,-0.024071189439216926,-0.03892987554412503,0,0
2020-06-30,0.01384838,0.0123698795,0.013705498,0.016145498,5.9840765,-0.019626053108852105,-0.03174084134393552,0,0
2020-07-01,0.0041173915,0.012348516,0.012069731,0.015623158,6.001228,-0.019592439782090257,-0.03168546919196587,0,0
2020-07-02,0.008344079,0.012157133,0.012682667,0.013384583,5.916847,-0.019288508134557732,-0.031194936295370856,0,0
2020-07-06,0.013648839,0.011880889,0.012430992,0.012284948,5.8908825,-0.018850219240786746,-0.03048610002743479,0,0
2020-07-07,-0.011254775,0.011750829,0.009452807,0.01292629,5.959028,-0.01864386685387863,-0.030152370248071318,0,0
2020-07-08,0.008571481,0.010490144,0.007267483,0.012645374,5.987391,-0.01664366354595587,-0.02691747959021634,0,0
2020-07-09,-0.007137789,0.0088713365,0.013895903,0.011795772,5.9799376,-0.014075263663515742,-0.022763655450224348,0,0
2020-07-10,0.011868167,0.010345859,0.013961184,0.010863481,5.9530673,-0.01641474204537755,-0.026547249213799248,0,0
2020-07-13,-0.009562644,0.011641852,0.01774679,0.011377505,6.0155826,-0.0184743496949318,-0.02986616262619861,0,0
2020-07-14,0.011134477,0.013151905,0.01501843,0.01109211,6.0383725,-0.020876175044162767,-0.03372926010786686,0,0
2020-07-15,0.011244847,0.0133553045,0.008569574,0.011298531,6.0978084,-0.021213369426620127,-0.03422254379999859,0,0
2020-07-16,-0.007795487,0.010786583,0.006834044,0.011463906,6.159436,-0.01714486609521452,-0.027616873191476,0,0
2020-07-17,0.0060856864,0.008757687,0.006009371,0.010778233,6.1527524,-0.013919005624263929,-0.0224243421435151,0,0
2020-07-20,0.009676121,0.007639814,0.011832558,0.009959312,6.1486406,-0.012141774887395198,-0.019563092101373854,0,0
2020-07-21,0.001847149,0.009074892,0.007242421,0.010085963,6.2268667,-0.014434526287945223,-0.02321322106074812,0,0
2020-07-22,0.0043733525,0.008474619,0.009173751,0.008970833,6.205499,-0.01347671285201358,-0.02168398821638647,0,0
2020-07-23,-0.0117050465,0.008346699,0.013205415,0.008282235,6.2380533,-0.01327780575297114,-0.021347325985801725,0,0
2020-07-24,-0.0073078144,0.009856359,0.009159526,0.009432054,6.4279094,-0.01570870576103654,-0.025145681911011266,0,0
2020-07-27,0.00877846,0.009434811,0.008504282,0.009125884,6.559863,-0.015054842187256653,-0.024030105290597216,0,0
2020-07-28,-0.005973409,0.008728533,0.007354858,0.009198377,6.7424107,-0.013949155250714834,-0.022181833750679433,0,0
2020-07-29,0.012218852,0.008163225,0.009020003,0.008689632,6.885711,-0.013060189707317708,-0.02071035980280863,0,0
2020-07-30,-0.0011536244,0.00845516,0.016118329,0.009820176,7.1693425,-0.013554119913684376,-0.021383159793039796,0,0
2020-07-31,0.004529932,0.010796293,0.013309997,0.008715889,7.139861,-0.01730372840806609,-0.027312630977051448,0,0
2020-08-03,0.007631295,0.0115047,0.00822393,0.008059321,7.1813893,-0.0184441663393989,-0.029091689189792085,0,0
2020-08-04,0.0034909346,0.009654536,0.006104147,0.008127457,7.351345,-0.015494529776249596,-0.02436940293665663,0,0
2020-08-05,0.004836769,0.0078688,0.006035221,0.007449036,7.2511945,-0.0126207956168721,-0.019882822054055893,0,0
2020-08-06,0.008483216,0.00715029,0.00811399,0.007093157,7.1994953,-0.011464586199119603,-0.01807726357531628,0,0
2020-08-07,0.00014949917,0.007637975,0.005403495,0.0076773963,7.3523393,-0.012258232267967056,-0.019279121915276056,0,0
2020-08-10,0.0023889523,0.0068451082,0.0058792033,0.006848716,7.16517,-0.010972811385952175,-0.017312107785835442,0,0
2020-08-11,-0.0068086004,0.006423801,0.011983754,0.0062468136,7.151129,-0.010296498454332519,-0.016249044252967484,0,0
2020-08-12,0.01194044,0.008164721,0.010424891,0.006642718,7.217295,-0.013092597633478217,-0.020637997801669077,0,0
2020-08-13,-0.0006678788,0.008940037,0.0051410915,0.008581267,7.2714224,-0.014340780854907935,-0.02258478155810073,0,0
2020-08-14,-0.0018575627,0.0070311627,0.006246835,0.007592454,7.0415187,-0.011261653665965205,-0.017806807254204086,0,0
2020-08-17,0.0054144394,0.0066286153,0.002795172,0.006839423,7.000691,-0.010613864254220815,-0.016795000335386365,0,0
2020-08-18,0.0021428317,0.005110825,0.005144478,0.0067410967,6.992287,-0.00818306204303483,-0.0129505812123303,0,0
2020-08-19,-0.0042161383,0.005269597,0.0056019626,0.006147015,6.935588,-0.008433833090000576,-0.013361485467845725,0,0
2020-08-20,0.002369143,0.0057715983,0.008662927,0.005960922,6.9747024,-0.009239882881137133,-0.014627850558942682,0,0
2020-08-21,0.0034695345,0.0067432085,0.008105746,0.0055201175,6.9440064,-0.010792965568183778,-0.01709630468243612,0,0
2020-08-24,0.0102640195,0.007197373,0.005316955,0.0053356388,6.9941483,-0.011524036315958525,-0.018237411462765075,0,0
2020-08-25,0.004512052,0.0062869354,0.004744099,0.0073642246,6.9195952,-0.010060874722616232,-0.015943942421991278,0,0
2020-08-26,0.010760946,0.0056912187,0.007118294,0.0069693774,6.8807135,-0.009104932571383714,-0.014439633962212914,0,0
2020-08-27,0.0014356474,0.0063841953,0.0067261993,0.008505887,7.0348477,-0.010224946027432342,-0.016169527792130576,0,0
2020-08-28,0.005508079,0.006732744,0.0050227633,0.0074903355,6.9100056,-0.010773533154771014,-0.01707640894043671,0,0
2020-08-31,-0.0015706436,0.006076903,0.0067484733,0.00726046,6.885397,-0.009722299040407565,-0.015417349864783256,0,0
2020-09-01,0.007970437,0.006357835,0.0070266407,0.0064808684,6.8189917,-0.010166632339343557,-0.01614255020150384,0,0
2020-09-02,0.01470563,0.006752073,0.008286267,0.0072598187,6.9178166,-0.010805084574348901,-0.0171238995839976,0,0
2020-09-03,-0.03345126,0.0072564213,0.025289325,0.010334952,6.9824977,-0.011617616975310411,-0.01838944666817925,1,1
2020-09-04,-0.012792732,0.011499675,0.027444044,0.020888982,6.7267604,-0.018375434415241972,-0.029229607286638384,0,0
2020-09-08,-0.024286697,0.01611545,0.01943787,0.018714817,6.6871862,-0.02574272823790735,-0.0409813820540298,0,0
2020-09-09,0.019226365,0.016231764,0.02200037,0.020698,6.8622155,-0.02596431089943921,-0.041191695886208565,0,0
2020-09-10,-0.017728463,0.017261107,0.017550012,0.020301515,6.9318056,-0.027625124541098653,-0.043768808672288016,0,0
2020-09-11,-0.0020227,0.016972693,0.013853932,0.019628964,6.9600906,-0.02716911584336467,-0.043023626844403674,0,0
2020-09-14,0.014517285,0.015140038,0.010389638,0.016702065,6.8241253,-0.024210958513269067,-0.03843826067512255,0,0
2020-09-15,0.00368868,0.012654915,0.00762231,0.01627209,6.8649983,-0.020243214808119803,-0.032113616381860464,0,0
2020-09-16,-0.0045759915,0.010184325,0.0090456875,0.014207895,6.7641873,-0.016278491647480388,-0.025874733217840878,0,0
2020-09-17,-0.00846896,0.009527063,0.015086329,0.012602789,6.6974974,-0.015219764653451994,-0.024224186203100913,0,0
2020-09-18,-0.010424183,0.011153603,0.016666707,0.011866101,6.7128367,-0.01782043749623616,-0.02835470740815196,0,0
2020-09-21,-0.0125167575,0.012763862,0.02223454,0.011703378,6.7733865,-0.02040307163983651,-0.03242487742130438,0,0
2020-09-22,0.007377301,0.015062851,0.010136878,0.012080916,6.859572,-0.02409403768059278,-0.038226493205445654,0,0
2020-09-23,-0.02082611,0.012447247,0.01630193,0.011225598,6.869403,-0.01991168241214988,-0.031585016352549414,1,0
2020-09-24,0.0020867959,0.01291887,0.015244022,0.014375497,6.9721026,-0.020681728060841092,-0.03274324596688833,0,0
2020-09-25,0.015095494,0.013784846,0.017654594,0.0126320915,6.8721123,-0.02205186826543861,-0.03497808767478042,0,0
2020-09-28,0.017714253,0.01460757,0.008849841,0.013417782,7.0196323,-0.023393041235057376,-0.03700351546152061,0,0
2020-09-29,-0.003667806,0.011753575,0.009441684,0.014776698,7.186667,-0.018843805116550583,-0.02971932268627686,0,0
2020-09-30,0.005459386,0.010315608,0.019220306,0.012986154,7.090372,-0.016527820211688304,-0.02611072578438377,0,0
2020-10-01,0.004687683,0.012895058,0.008381865,0.011637463,6.986481,-0.020645728718282765,-0.03267758678985338,0,0
2020-10-02,-0.008498635,0.010881602,0.015089278,0.010437787,6.850412,-0.017404640348623466,-0.027618259886629314,0,0
2020-10-05,0.015968256,0.011505461,0.0094274515,0.010109939,6.8652825,-0.018404549352581685,-0.02919661865643556,0,0
2020-10-06,-0.011784461,0.010715948,0.01772867,0.012145774,6.948858,-0.017152210958968073,-0.027167038705063727,0,0
2020-10-07,0.015828732,0.012373908,0.012369232,0.01222426,7.0388637,-0.019818643034099866,-0.03133853256189108,0,0
2020-10-08,0.008985706,0.012300866,0.0064822664,0.013492138,7.1307797,-0.019713987864750968,-0.031122002336503186,0,0
2020-10-09,0.0103462925,0.009229368,0.0053431215,0.012568071,7.1035013,-0.01478874263608299,-0.023357876166177537,0,0
2020-10-12,0.016985849,0.0073818113,0.010287514,0.012158182,7.1317234,-0.011830537687087235,-0.01867627799051454,0,0
2020-10-13,-0.007957413,0.008479579,0.0072540203,0.013890413,7.267678,-0.013601837465074273,-0.02142239587303286,0,0
2020-10-14,-0.0067995824,0.00820089,0.0098246215,0.01264794,7.2360487,-0.013152173188903929,-0.02072527887196168,0,0
2020-10-15,-0.0015812552,0.00854006,0.011223628,0.011468939,7.1634445,-0.013689690457481543,-0.021599251024578117,0,0
2020-10-16,-0.0038196868,0.009412145,0.009135136,0.009920793,7.0753345,-0.01507873270354459,-0.023827841749983928,0,0
2020-10-19,-0.011474345,0.009109237,0.0152503885,0.008827285,7.038851,-0.01458978787653436,-0.023070330705479855,0,0
2020-10-20,0.0027717012,0.0106730005,0.010448505,0.009944664,7.1552444,-0.01710786362754521,-0.02699621373115119,0,0
2020-10-21,7.2835865e-05,0.0105595365,0.007666923,0.008753772,7.084494,-0.016917969517075703,-0.02672988401650969,0,0
2020-10-22,0.0048679574,0.008990421,0.009835848,0.007624426,7.02291,-0.014397885362087744,-0.02277346495466976,0,0
2020-10-23,0.0007245327,0.009153886,0.0063184146,0.007232481,7.052375,-0.014662674301706825,-0.023179923907203175,0,0
2020-10-26,-0.017019512,0.0080106715,0.016183786,0.0063878377,7.0216,-0.012828728227277637,-0.020291976757950796,1,0
2020-10-27,-0.0030989475,0.01019554,0.008462907,0.01117387,6.763504,-0.016296330602884684,-0.02590343858489761,0,0
2020-10-28,-0.035962652,0.0096914815,0.012428098,0.009794434,6.6715508,-0.01547912257715916,-0.024649982327819644,1,1
2020-10-29,0.011803815,0.010031563,0.017390495,0.02190575,6.2134485,-0.01595396840584372,-0.025664984385281343,0,0
2020-10-30,-0.011420865,0.012518545,0.015439677,0.019486647,6.167208,-0.01989942279423119,-0.032047816199977056,0,0
2020-11-02,0.010890782,0.013223479,0.015486472,0.01758552,6.137502,-0.021013205989410238,-0.03386621697944555,0,0
2020-11-03,0.018313332,0.013472264,0.013505178,0.016053542,6.099101,-0.021399455773187345,-0.03452163165229207,0,0
2020-11-04,0.021629622,0.013109023,0.030778809,0.017005185,6.201615,-0.020845691797488134,-0.033543787713428905,0,0
2020-11-05,0.020102266,0.017595133,0.01627353,0.018746655,6.338921,-0.02801856121067136,-0.04494078416824278,0,0
2020-11-06,-0.00114196,0.017011918,0.01254046,0.019368341,6.4435506,-0.027116934168101865,-0.04339235103653275,0,0
2020-11-09,0.012278802,0.014091739,0.029737322,0.016421728,6.3307257,-0.022437933584852493,-0.0359964242138227,0,0
2020-11-10,-0.0008468596,0.018060602,0.0111540295,0.015568361,6.3488154,-0.028762563562899496,-0.04612369640741017,0,0
2020-11-11,0.0075960415,0.014926082,0.008271662,0.013390349,6.2560587,-0.023748598434801933,-0.03816540859039307,0,0
2020-11-12,-0.0099993795,0.010971147,0.009830136,0.012328261,6.2407036,-0.017453216644626648,-0.028058555478231106,0,0
2020-11-13,0.013915468,0.010285785,0.012035625,0.012067088,6.2721066,-0.016368194395338726,-0.026294724336203813,0,0
2020-11-16,0.011381108,0.010868508,0.0076961243,0.012956902,6.3569784,-0.017310110024291225,-0.027753355705506595,0,0
2020-11-17,-0.0044953222,0.009402017,0.008369505,0.012837288,6.3899355,-0.014979209594703082,-0.023998305018266736,0,0
2020-11-18,-0.011643036,0.0086673945,0.011223829,0.0114972945,6.3340006,-0.013801326154601841,-0.0221393390460758,0,0
2020-11-19,0.0041987468,0.00953814,0.007403175,0.011857074,6.4111395,-0.01519914225229111,-0.02433908727481505,0,0
2020-11-20,-0.0072187297,0.00861933,0.007825398,0.010672064,6.363946,-0.01372880543798406,-0.02200795091072689,0,0
2020-11-23,0.006100787,0.00803069,0.0066697407,0.010189888,6.3867,-0.012794028102080584,-0.020498902540577676,0,0
2020-11-24,0.01574508,0.0075730267,0.008081487,0.009604221,6.396778,-0.012066065979618831,-0.01932816263058982,0,0
2020-11-25,-0.0015151518,0.0077483696,0.0076022507,0.012018441,6.481343,-0.012355168647621165,-0.019754280825023066,0,0
2020-11-27,0.0025468953,0.007770543,0.005748948,0.01059798,6.3979716,-0.012380908290451208,-0.0198319650196651,0,0
2020-11-30,-0.0036502674,0.006912174,0.011125024,0.009485454,6.3447833,-0.011007606332618432,-0.017653443056582185,0,0
2020-12-01,0.010228337,0.008217103,0.008611363,0.008688713,6.3230567,-0.013082901706336721,-0.0209921653652452,0,0
2020-12-02,0.0018423123,0.008479305,0.0058081294,0.00964401,6.381409,-0.01350804864903891,-0.02164550618699984,0,0
2020-12-03,-0.000750162,0.0071555907,0.005036906,0.008669055,6.309238,-0.011391245995532626,-0.018283656501484124,0,0
2020-12-04,0.009100232,0.006287889,0.00432165,0.0078335,6.254257,-0.010004352850061335,-0.01607827350489514,0,0
2020-12-07,-0.0019624436,0.005668109,0.006241991,0.008812022,6.3303814,-0.0090251609002721,-0.01447887747929604,0,0
2020-12-08,0.0030435247,0.00607564,0.00774188,0.008034222,6.2539706,-0.009666624901636603,-0.01553560672984593,0,0
2020-12-09,-0.008000585,0.006830837,0.008776262,0.00754779,6.232261,-0.010865741770904937,-0.01747174967054256,0,0
2020-12-10,-0.0010897699,0.00747117,0.0071895556,0.008337799,6.297516,-0.011892234321576042,-0.01909296805269058,0,0
2020-12-11,-0.00197824,0.0072852834,0.008881709,0.0076279882,6.2382083,-0.011589339272524027,-0.018632633796748333,0,0
2020-12-14,-0.004036816,0.007682285,0.009228805,0.007141897,6.1839256,-0.012213913926455138,-0.019662388511036095,0,0
2020-12-15,0.011045316,0.008246394,0.0074704764,0.0070623388,6.1918063,-0.013111878583623494,-0.021103937343061006,0,0
2020-12-16,0.001829083,0.0078797275,0.004643461,0.009132761,6.21434,-0.012531856307767484,-0.020159436946345328,0,0
2020-12-17,0.0051306398,0.006477679,0.004087439,0.008296644,6.139092,-0.010293749170524358,-0.016589409550798448,0,0
2020-12-18,-0.0017522582,0.0055823247,0.008669645,0.008115211,6.145263,-0.008871529887138786,-0.014295188569422919,0,0
2020-12-21,-0.005546551,0.0068046725,0.024122523,0.007521153,6.096718,-0.010808310498511333,-0.01743702140747051,0,0
2020-12-22,-0.0023088425,0.011088917,0.005861416,0.007639248,6.1254373,-0.01761887677537971,-0.02840416914735189,0,0
2020-12-23,0.0011550876,0.008563464,0.009684117,0.007190416,6.1038904,-0.013603003309948016,-0.021941757208234807,0,0
2020-12-24,0.0036602765,0.008209251,0.002926759,0.0067378893,6.083522,-0.013037362580648582,-0.021040113224177395,0,0
2020-12-28,0.008757213,0.0058492864,0.0075524645,0.0066699362,6.091861,-0.009290301288008592,-0.014989845199919506,0,0
2020-12-29,-0.0020140994,0.0063840123,0.0060283015,0.008015576,6.155437,-0.010146706977696884,-0.01634587011944571,0,0
2020-12-30,0.001141821,0.006740884,0.0041259145,0.0074514006,6.104916,-0.010707971466707359,-0.01727160455234797,0,0
2020-12-31,0.0065569617,0.005655609,0.0060149995,0.006945196,6.067006,-0.008980165543415401,-0.01449852098184411,0,0
2021-01-04,-0.0151864225,0.0058775805,0.02097242,0.00749263,6.0989385,-0.009335980955690167,-0.01506087865214489,1,1
2021-01-05,0.0070170993,0.009540301,0.01011569,0.010970291,6.1024184,-0.015154455318797767,-0.02444516091133982,0,0
2021-01-06,0.0059661646,0.009731974,0.016479615,0.010453641,6.098775,-0.015458292922699646,-0.02493754299553362,0,0
2021-01-07,0.014596862,0.010997278,0.009212575,0.0098763,6.080949,-0.017464605223111235,-0.028186764780210236,0,0
2021-01-08,0.0057796035,0.010202766,0.008629188,0.011894766,6.197241,-0.016223473004043226,-0.02610870959473399,0,0
2021-01-11,-0.0067021735,0.009254081,0.007287385,0.010924676,6.1473193,-0.014707079507337486,-0.023697135919284355,0,0
2021-01-12,0.0006590655,0.008450997,0.007234612,0.010366436,6.148878,-0.01343100257055618,-0.02164019762086261,0,0
2021-01-13,0.0024347724,0.008013251,0.006620517,0.009361762,6.0663977,-0.012723620096883635,-0.020542663051950825,0,0
2021-01-14,-0.0032916423,0.007543704,0.0051343055,0.008634634,6.049594,-0.011975761458764054,-0.01934347826683373,0,0
2021-01-15,-0.0076785972,0.006573407,0.009259568,0.008110951,6.0608187,-0.010436739114417712,-0.016852808904724865,0,0
2021-01-19,0.007480754,0.0074280803,0.008234339,0.0084356265,6.133576,-0.011803329707508635,-0.01902483889890727,0,0
2021-01-20,0.014275666,0.00787535,0.008872107,0.008619197,6.2245526,-0.012526232406017789,-0.020145466546089345,0,0
2021-01-21,0.0002600442,0.008003632,0.0042098635,0.010653381,6.413641,-0.012754184894726581,-0.02042272370465362,0,0
2021-01-22,-0.0030597986,0.006338151,0.006280642,0.009635839,6.3767457,-0.010096609068419747,-0.01618066722780131,0,0
2021-01-25,0.0037096133,0.0062909834,0.011797205,0.008924518,6.3659477,-0.010020426917853643,-0.016062507533221436,0,0
2021-01-26,-0.0015602655,0.008257682,0.0074893087,0.008400161,6.319343,-0.013147027365014908,-0.02109686498274488,0,0
2021-01-27,-0.025901867,0.0080039175,0.021855049,0.0077874837,6.1574416,-0.012721650497210867,-0.020492977610762915,1,1
2021-01-28,0.009304248,0.011168846,0.021341084,0.014794331,5.7040496,-0.017720491318730394,-0.028659012607619792,0,0
2021-01-29,-0.019774845,0.014476654,0.0136200925,0.013974381,5.738908,-0.0229686617239173,-0.03714677849987862,0,0
2021-02-01,0.016196312,0.01327931,0.019379407,0.016011985,5.891726,-0.021068956212509145,-0.034074421011423175,0,0
2021-02-02,0.013845158,0.014596749,0.011045619,0.016372828,5.895046,-0.023159204329972007,-0.037454939422224984,0,0
2021-02-03,0.0013740311,0.013005916,0.0065356134,0.016041271,5.9448276,-0.020635188018437316,-0.03337289598488234,0,0
2021-02-04,0.010666074,0.009636699,0.009472424,0.014212055,5.7902474,-0.015289587305122542,-0.02472755791368231,0,0
2021-02-05,0.004067277,0.00941849,0.0044711707,0.013738703,5.8096485,-0.014943378259647342,-0.024167640628056132,0,0
2021-02-08,0.0071261497,0.0073213344,0.0035552366,0.012509078,5.8137207,-0.011616030173090205,-0.018786384033788482,0,0
2021-02-09,-0.0006399181,0.0056221597,0.0032083294,0.0118452,5.8802013,-0.00892011959419174,-0.014426339276564323,0,0
2021-02-10,-0.00064032787,0.0048499913,0.008983366,0.010801896,5.9341264,-0.007694996402763199,-0.012444970907171194,0,0
2021-02-11,0.0023032639,0.006307401,0.0064743906,0.009902773,6.087627,-0.010017439111504654,-0.016164795595795246,0,0
2021-02-12,0.0048450944,0.0066022887,0.007239206,0.009182192,6.215434,-0.010500347240503338,-0.016890996284128056,0,0
2021-02-16,-0.0008271036,0.0065737423,0.00713763,0.008762779,6.446254,-0.010478783480748596,-0.01676708434556999,0,0
2021-02-17,6.364765e-05,0.0068060425,0.0064561153,0.008107031,6.605615,-0.010864498779165673,-0.01732491408589885,0,0
2021-02-18,-0.004720902,0.006683434,0.009591181,0.0074989256,6.739195,-0.010680587616454783,-0.016985273196347662,0,0
2021-02-19,-0.0016640003,0.0076342537,0.007271103,0.007311684,6.9409523,-0.012218873410571103,-0.019356078467893587,0,0
2021-02-22,-0.007586997,0.0076115644,0.008225033,0.0068301586,7.0458965,-0.012191640274524199,-0.019275767923805826,0,0
2021-02-23,0.0011610658,0.0077120177,0.016758502,0.0073482036,7.316288,-0.012374346286048906,-0.0194733171131815,0,0
2021-02-24,0.011409649,0.010331509,0.011685202,0.0069061965,7.001094,-0.01654305632312211,-0.026176949303435025,0,0
2021-02-25,-0.024386732,0.010711132,0.01674187,0.00836317,6.9395585,-0.017143343104962516,-0.027157702676186793,1,0
2021-02-26,-0.0049101543,0.012040873,0.013407015,0.013492211,6.9299016,-0.019270258392292808,-0.030532580302858218,0,0
2021-03-01,0.02322367,0.012417837,0.012628545,0.012438533,6.762782,-0.01984828879915521,-0.031549818760436256,0,0
2021-03-02,-0.008047685,0.012003353,0.0047911243,0.015711464,7.1081634,-0.019234264179720642,-0.030376785951301045,0,0
2021-03-03,-0.013209028,0.00837864,0.013253004,0.014430491,6.909563,-0.013407202290924637,-0.021251039605493904,0,0
2021-03-04,-0.01351862,0.009691009,0.021079946,0.014216802,6.9101214,-0.015507274329606035,-0.0245794926848714,0,0
2021-03-05,0.019331262,0.013513299,0.019230014,0.014150711,6.682391,-0.02158521605874604,-0.03436613941588866,0,0
2021-03-08,-0.005157848,0.014956782,0.014072688,0.015430326,6.469806,-0.02384683234955899,-0.038137537624734257,0,0
2021-03-09,0.01403988,0.013774188,0.011936901,0.013904115,6.5427504,-0.021975747705312562,-0.03508982470786312,0,0
2021-03-10,0.0059847664,0.012418227,0.010531146,0.014092886,6.9153414,-0.019872054327105503,-0.03149470152986272,0,0
2021-03-11,0.010276795,0.011321049,0.010866392,0.012884726,6.4257965,-0.01804271804904029,-0.028883203326165185,0,0
2021-03-12,0.0013961165,0.01092431,0.0066621825,0.012560975,5.8374605,-0.017332512853957215,-0.028031542436876458,0,0
2021-03-15,0.0063845473,0.008989907,0.007796111,0.011588996,5.751858,-0.014263387568550466,-0.023067904653545596,0,0
2021-03-16,-0.0037878833,0.0083754165,0.0049353926,0.011191253,5.468144,-0.013288436604768833,-0.021491135056119402,0,0
2021-03-17,0.0027791832,0.006961316,0.008628384,0.009987717,6.7465024,-0.011125312069740542,-0.017689939412664654,0,0
2021-03-18,-0.0146136405,0.0074458444,0.010850997,0.009336903,6.428462,-0.011866978106191072,-0.01899581033588258,1,0
2021-03-19,-0.0016013839,0.008723561,0.008619321,0.010860282,6.11257,-0.013858654880769745,-0.02234928892171942,0,0
2021-03-22,0.0077269776,0.00854845,0.009048477,0.009968254,6.338905,-0.013612583577581378,-0.02183411215261183,0,0
2021-03-23,-0.0077269776,0.008462413,0.006906438,0.009903101,6.004143,-0.01342712249980912,-0.021713094928224347,0,0
2021-03-24,-0.0048840144,0.0078024664,0.008928138,0.009876976,5.65986,-0.012379394112701987,-0.020020957972853724,0,0
2021-03-25,0.005076316,0.008124671,0.011748064,0.009289171,6.448006,-0.012951230483423134,-0.020722441855332074,0,0
2021-03-26,0.016338052,0.009412698,0.008022953,0.008906806,6.522183,-0.015014555493879748,-0.023985083927977307,0,0
2021-03-29,-0.0014513333,0.008776281,0.007591071,0.010855523,7.2119613,-0.01407278831916565,-0.022185107799258526,0,0
2021-03-30,-0.0028456717,0.008113344,0.00557842,0.009989369,6.822558,-0.012974172894709854,-0.020598928606779462,0,0
2021-03-31,0.004990377,0.007070985,0.006989575,0.009412481,6.445239,-0.01127130095014769,-0.01803559406959249,0,0
2021-04-01,0.010655068,0.0070608296,0.00608616,0.009065666,6.3133206,-0.01124084907372586,-0.018040555281952534,0,0
2021-04-02,0.0042925198,0.006850385,0.004022703,0.009544888,6.4720936,-0.010922363277062041,-0.017466940488286706,0,0
2021-04-05,0.01000626,0.0057142917,0.0071661044,0.009185022,6.0985055,-0.009076567996778171,-0.014642550215688058,0,0
2021-04-06,-0.00092231075,0.0063086376,0.004037696,0.0094724,6.1403074,-0.010025256440437353,-0.016156222703625798,0,0
2021-04-07,0.0014752892,0.0056193005,0.0032723064,0.008908723,6.9546924,-0.00899477069846001,-0.014245088329727958,0,0
2021-04-08,0.0046574418,0.0046835723,0.0038994197,0.008369767,7.1575613,-0.007507461323287211,-0.011846297725262378,0,0
2021-04-09,0.0074313553,0.004665851,0.006179127,0.008153952,7.281154,-0.007484981807320541,-0.011785903332812497,0,0
2021-04-12,0.00018204436,0.005451341,0.0033156679,0.008342747,7.1783724,-0.008739337400365197,-0.013785136947819535,0,0
2021-04-13,0.0030292037,0.004768829,0.0064330525,0.007855351,7.2057076,-0.0076465211524005434,-0.012055683865396058,0,0
2021-04-14,-0.0035754363,0.0053380905,0.004671826,0.007587129,7.100486,-0.008553353495110843,-0.013510198888441906,0,0
2021-04-15,0.010748247,0.005375734,0.005488,0.007422003,6.7983165,-0.008594806118852813,-0.013652311129740975,0,0
2021-04-16,0.0032978593,0.0054387953,0.0045348257,0.008408597,7.1848955,-0.008719595060795084,-0.013752444673151306,0,0
2021-04-19,-0.0049809567,0.005279272,0.0054292087,0.008057735,7.1559877,-0.008462241104204663,-0.0133532458380175,0,0
2021-04-20,-0.007003168,0.0054752063,0.008606415,0.007924338,6.9645457,-0.008764743200608712,-0.013878254117575052,0,0
2021-04-21,0.009226659,0.0066524907,0.006577698,0.008102396,7.0002284,-0.01065205992901889,-0.016855582592335442,0,0
2021-04-22,-0.008923786,0.0067117647,0.008546816,0.008620327,6.9289193,-0.010741455389690478,-0.01701951160801601,0,0
2021-04-23,0.010543219,0.007206364,0.007814278,0.008891366,7.1838584,-0.011553322264977559,-0.01822209302543556,0,0
2021-04-26,0.0019159388,0.007512595,0.0035362681,0.0094129,7.1199493,-0.012039192313889977,-0.019009608989458155,0,0
2021-04-27,-0.000119638695,0.005704581,0.0043404987,0.008840903,6.906692,-0.009128074832756707,-0.014469207301319252,0,0
2021-04-28,-0.00065826875,0.00526029,0.003499474,0.008308255,7.047969,-0.008425663937652077,-0.013321018836213654,0,0
2021-04-29,0.006503797,0.0049108416,0.006704689,0.00791951,6.853729,-0.007854872251646411,-0.01246357694094898,0,0
2021-04-30,-0.006922921,0.005708602,0.004280209,0.007998766,6.7950783,-0.00912676916626901,-0.014498220055971848,0,0
2021-05-03,0.0026913087,0.0053918147,0.0035714644,0.008208873,6.8843417,-0.00862617408510598,-0.013679420035504519,0,0
2021-05-04,-0.006591587,0.0046931314,0.010367195,0.0078238025,6.951269,-0.007512073027241498,-0.01189768589505937,0,0
2021-05-05,0.0004207616,0.0064373454,0.0045747827,0.00794525,6.932117,-0.010302518298253056,-0.016323051233646173,0,0
2021-05-06,0.008199465,0.0059163766,0.008046559,0.0075338236,6.8587284,-0.00946358002959668,-0.015014724132706924,0,0
2021-05-07,0.0073638908,0.0063837813,0.0054273335,0.007984177,6.79616,-0.01020631602445727,-0.01621277782705122,0,0
2021-05-10,-0.009930214,0.006274973,0.009123851,0.008185773,6.6439223,-0.010020004648359103,-0.015965564374750912,0,0
2021-05-11,-0.008943905,0.007147924,0.013182839,0.008738958,6.9833465,-0.011443981388817925,-0.018114316904752837,0,0
2021-05-12,-0.021329267,0.00914786,0.011943026,0.00900724,6.876129,-0.014634439500374302,-0.02321098010962693,1,0
2021-05-13,0.011817791,0.009924412,0.014813079,0.0121313045,6.6733866,-0.01585139627942791,-0.025241870045442913,0,0
2021-05-14,0.014983364,0.011203933,0.009133013,0.01199603,6.64695,-0.017891123164820697,-0.028505382983957824,0,0
2021-05-17,-0.0027021363,0.010181897,0.006986701,0.012659939,7.0927124,-0.01631384595571072,-0.025771615289302236,0,0
2021-05-18,-0.008393009,0.008525715,0.01026377,0.011367398,7.6217456,-0.013704028195941837,-0.021461693146816514,0,0
2021-05-19,-0.0027931284,0.009150683,0.011666144,0.010845262,7.6034446,-0.014707129674028865,-0.02303903481720388,0,0
2021-05-20,0.010343981,0.010141632,0.01272534,0.009928108,7.3856125,-0.016279616206988316,-0.025589847961060605,0,0
2021-05-21,-0.0006019745,0.010834967,0.0064489134,0.010145263,7.37711,-0.01739169387263379,-0.02734169722675596,0,0
2021-05-24,0.01006539,0.008676931,0.008775632,0.009277756,7.365373,-0.013926753758164696,-0.021898613788080473,0,0
2021-05-25,-0.0019691507,0.008394981,0.005264552,0.009650498,7.281286,-0.013467281366240149,-0.021205626171361867,0,0
2021-05-26,0.0017902971,0.0072075324,0.0039365604,0.008962441,6.99442,-0.011540324775913453,-0.018263097741548613,0,0
2021-05-27,0.0014299335,0.0057761553,0.005619576,0.008396721,7.0767136,-0.009253780512054126,-0.014622726327133158,0,0
2021-05-28,0.0008331846,0.005928073,0.0024519027,0.007909065,7.172079,-0.00950322105157221,-0.014991696006803886,0,0
2021-06-01,-0.00095226767,0.0046197562,0.0066134036,0.0074680643,7.2412634,-0.007409176760862231,-0.011674394005614219,0,0
2021-06-02,0.0018441958,0.005343436,0.0039156,0.0071069165,7.2284703,-0.008569118288250679,-0.013505013575503554,0,0
2021-06-03,-0.0035724957,0.0051402273,0.007713499,0.006909737,6.976682,-0.008229223821823858,-0.013027379049139821,0,0
2021-06-04,0.008789177,0.005875653,0.007409785,0.00678886,7.277549,-0.00942553999223701,-0.0148424171571249,0,0
2021-06-07,-0.00065059884,0.006588796,0.00293433,0.007905857,6.941018,-0.010545588784399242,-0.01670538570751705,0,0
2021-06-08,5.9162845e-05,0.0049211886,0.005186491,0.007458425,6.691942,-0.007861386790270677,-0.012513802225141932,0,0
2021-06-09,-0.0017171452,0.0050958423,0.0028300458,0.0070476816,6.8334007,-0.008149517164753248,-0.012936166736077939,0,0
2021-06-10,0.004611845,0.004532038,0.006632162,0.0067366315,7.185064,-0.0072658697651237815,-0.011459612597360284,0,0
2021-06-11,0.0018270228,0.0053331954,0.0026837152,0.0068547972,12.828055,-0.00864572060465919,-0.013183608878449807,0,0
2021-06-14,0.0021175232,0.004526319,0.003873596,0.0065743476,12.384255,-0.007337681716962487,-0.011189018273254598,0,0
2021-06-15,-0.004298549,0.0043516527,0.0047907922,0.006403793,11.743062,-0.007054527136250046,-0.010757244056280415,0,0
2021-06-16,-0.0055624736,0.0048626517,0.0077697574,0.006618697,11.284322,-0.007882915529692698,-0.012020429518543665,0,0
2021-06-17,-0.00017803627,0.0058864327,0.0065825325,0.0069356253,11.5706415,-0.009542581304547321,-0.014551205777128906,0,0
2021-06-18,-0.014045594,0.0061946856,0.009671439,0.006459073,11.493628,-0.010042294355920472,-0.015313203732187737,1,0
2021-06-21,0.014401635,0.0071815182,0.011661192,0.009554817,11.680488,-0.011642063636995771,-0.017752645562645428,0,0
2021-06-22,0.005325456,0.0086438805,0.0061643743,0.011094451,11.282838,-0.014012720069810627,-0.021367590877738003,0,0
2021-06-23,-0.0011219038,0.007529006,0.0028266036,0.009745293,12.131165,-0.01220538084330782,-0.018611631650920925,0,0
2021-06-24,0.005773212,0.0052043437,0.00421462,0.008442182,11.682504,-0.008436837406155357,-0.012865088940520042,0,0
2021-06-25,0.0035767725,0.0050755837,0.0036113912,0.008066767,12.009146,-0.00822810190642296,-0.012546794224167924,0,0
2021-06-28,0.0021633008,0.004931424,0.0028264394,0.0075209145,12.047682,-0.007994402782338676,-0.012190433200252444,0,0
2021-06-29,0.00035036498,0.004284162,0.003171846,0.00703623,11.543746,-0.006945117372323458,-0.010590408276933772,0,0
2021-06-30,0.0015168312,0.004122379,0.004092661,0.006621074,10.983904,-0.00668284781988878,-0.010190481034528836,0,0
2021-07-01,0.0051748813,0.0044120657,0.0035507036,0.0063721463,10.828708,-0.007152464081607851,-0.010906585266965805,0,0
2021-07-02,0.007395885,0.0043068463,0.004258331,0.0067793126,10.826655,-0.006981890990439496,-0.01064648330184564,0,0
2021-07-06,-0.002016885,0.0044441433,0.0069143786,0.007559388,10.836485,-0.007204465021062613,-0.010985879993042666,0,0
2021-07-07,0.003627469,0.0054142475,0.004386874,0.006974594,10.350989,-0.008777115119716015,-0.01338396856788382,0,0
2021-07-08,-0.008484654,0.0051707122,0.010552667,0.006804273,10.128215,-0.00838231630366338,-0.012781951290838334,1,0
2021-07-09,0.01083834,0.0066314987,0.009094202,0.00785348,10.414167,-0.010750418813721836,-0.01639300220310831,0,0
2021-07-12,0.003777261,0.0076792412,0.005720615,0.00913492,10.568223,-0.012448929365464542,-0.018983011736614226,0,0
2021-07-13,-0.0034906047,0.006714665,0.0037975148,0.008119414,10.246054,-0.010885240784268991,-0.016598588320124136,0,0
2021-07-14,0.0014892889,0.005464852,0.005460972,0.0074906033,9.892886,-0.008856882333279508,-0.013517760923963947,0,0
2021-07-15,-0.003612493,0.0056882617,0.0057756337,0.0069135046,9.461647,-0.009208650734841745,-0.014108849285977621,0,0
2021-07-16,-0.0077273897,0.006044607,0.0076844906,0.006768432,9.281454,-0.0097805025134509,-0.015010873434724882,0,0
2021-07-19,-0.015695062,0.0066795023,0.012530578,0.007599324,9.491544,-0.010814248867178189,-0.016564207839455024,1,0
2021-07-20,0.015000136,0.0084444955,0.009973435,0.010911274,9.524856,-0.013673052843160104,-0.020936575774547408,0,0
2021-07-21,0.008077588,0.008915898,0.0058149924,0.012201594,10.063157,-0.014453692053793587,-0.022040016280896694,0,0
2021-07-22,0.0020665908,0.0073136445,0.004826849,0.010696754,10.157814,-0.01185625470734858,-0.018079259320585538,0,0
2021-07-23,0.0099287545,0.006234638,0.0048727454,0.008875019,9.724512,-0.010100236766676502,-0.015437920362567416,0,0
2021-07-26,0.0025518173,0.0059229247,0.0063453657,0.009382806,9.835815,-0.00959793893411198,-0.014655946928010258,0,0
2021-07-27,-0.004484185,0.006335525,0.00769057,0.008109776,9.542207,-0.010258758075041565,-0.015705995973787284,0,0
2021-07-28,-0.00017068244,0.006955288,0.0044628917,0.00757824,9.566624,-0.011263046605890748,-0.017239683447796715,0,0
2021-07-29,0.0040883594,0.0059578484,0.0062506567,0.0068693594,9.012172,-0.009632154253738387,-0.01482345610398219,0,0
2021-07-30,-0.0050561107,0.006018088,0.0054783346,0.006846596,9.120328,-0.009732863487290562,-0.014961770670946301,0,0
2021-08-02,-0.0022236803,0.0060157236,0.0064072683,0.0070404056,9.187184,-0.009731030186369054,-0.014948873514277611,0,0
2021-08-03,0.008016189,0.006205263,0.007067888,0.006652072,8.884078,-0.01002793912813244,-0.015453519367868734,0,0
2021-08-04,-0.0045971875,0.006628163,0.0031721024,0.007790586,9.217247,-0.010722684450782578,-0.016467325683508085,0,0
2021-08-05,0.006068358,0.0051877853,0.0029947697,0.0074232984,9.192181,-0.008391885147695281,-0.012891026231330307,0,0
2021-08-06,0.0018077058,0.004391044,0.0024313764,0.0075783515,9.06383,-0.007100242046737695,-0.010921105151811205,0,0
2021-08-09,-0.0008469552,0.0039442,0.0031422314,0.0069019366,9.046877,-0.0063773613156258655,-0.00981093667875214,0,0
2021-08-10,0.00095982844,0.0039807623,0.0034522458,0.006433263,9.011495,-0.006435751772868224,-0.009904405122532187,0,0
2021-08-11,0.0023673987,0.0041302117,0.0032250274,0.0061546154,8.805263,-0.006672791008492857,-0.010291898113391497,0,0
2021-08-12,0.0031478384,0.004025732,0.0036074987,0.006096829,8.23814,-0.00648993400885176,-0.010077210363490524,0,0
2021-08-13,0.0017943259,0.0040915096,0.0017005026,0.0062034633,8.291419,-0.006597444826884767,-0.010237252189248867,0,0
2021-08-16,0.002573716,0.0033083488,0.006533017,0.0060430556,8.222525,-0.005333078476626721,-0.008282558607228046,0,0
2021-08-17,-0.006840509,0.0044265427,0.008772972,0.0060304403,8.062041,-0.007130596735813816,-0.011097445006065772,0,0
2021-08-18,-0.011088595,0.0060707685,0.009170028,0.007094031,8.38021,-0.009792486503046073,-0.01517827678940108,1,0
2021-08-19,0.0015916328,0.006859593,0.010685206,0.009145281,8.779999,-0.01108142547638088,-0.017096392070298973,0,0
2021-08-20,0.00803308,0.007883173,0.009993961,0.0077109365,8.703721,-0.01273156289415186,-0.019658946747344988,0,0
2021-08-23,0.008639605,0.008474587,0.006059258,0.008231631,8.977513,-0.013699475495825293,-0.021090539924578443,0,0
2021-08-24,0.0015628492,0.0073687183,0.0023956436,0.008706279,8.929801,-0.01190993832229234,-0.018344783860200928,0,0
2021-08-25,0.0023397035,0.0049637347,0.0031649752,0.0074598943,8.83003,-0.008020116062646696,-0.012366614969243728,0,0
2021-08-26,-0.005915526,0.0044969195,0.0026507338,0.006802373,8.433116,-0.007255303411417773,-0.011238425379842256,0,0
2021-08-27,0.008693769,0.0042166924,0.005698697,0.007148243,8.658644,-0.006808981112940064,-0.010519195239084024,0,0
2021-08-30,0.0043739513,0.0049559423,0.004769877,0.008139475,8.963316,-0.008011088763032604,-0.012335032450477509,0,0
2021-08-31,-0.0010502171,0.005153224,0.004479054,0.007457887,9.231964,-0.008336973935257418,-0.01280161151632263,0,0
2021-09-01,0.00016589709,0.0049038217,0.0031137334,0.0066723446,9.170947,-0.007932028161115594,-0.012187217265842034,0,0
2021-09-02,0.0030917046,0.004326811,0.0040051127,0.0062570265,8.128062,-0.006971995810422591,-0.010841136192090187,0,0
2021-09-03,-0.00016538493,0.0044146264,0.0047072247,0.0061192927,9.554821,-0.007148599184548618,-0.010943123787456112,0,0
2021-09-07,-0.003368773,0.004825128,0.005500285,0.0058422573,8.88055,-0.007797496278798072,-0.012016760150847504,0,0
2021-09-08,-0.0014947272,0.0052514984,0.0050903056,0.005928088,9.123574,-0.008493166836664144,-0.013055625823743332,0,0
2021-09-09,-0.004497634,0.005324271,0.0063986406,0.0057399776,8.779911,-0.008601165430783365,-0.013269866713370073,0,0
2021-09-10,-0.0075973775,0.0057700607,0.008583347,0.006083834,8.546811,-0.00931345913994419,-0.014406981783578398,0,0
2021-09-13,0.0024083576,0.006760346,0.0075132106,0.007062147,9.0546665,-0.010931045648496073,-0.016814973684571688,0,0
2021-09-14,-0.0076934258,0.0070468066,0.00744905,0.0065557864,8.620811,-0.01137738910569247,-0.01758454684039855,0,0
2021-09-15,0.008364491,0.0070999423,0.006311407,0.0073329695,8.915803,-0.011474988689906344,-0.017677473389999757,0,0
2021-09-16,-0.0017345088,0.0068516065,0.0069925105,0.007926038,9.1843195,-0.011083057612454704,-0.017026355032026135,0,0
2021-09-17,-0.009565682,0.0069508045,0.009108294,0.0069985515,8.962431,-0.011235673532370321,-0.01730023184789698,0,0
2021-09-20,-0.01676208,0.007774483,0.018046845,0.00808917,9.053658,-0.012570800291048755,-0.019337571670061338,1,0
2021-09-21,-0.0011505495,0.010648387,0.010778494,0.0113742445,8.813309,-0.017204063636826042,-0.02653265173749644,0,0
2021-09-22,0.009338634,0.010606235,0.012040886,0.009207494,8.798151,-0.017135066690741687,-0.02643064152337637,0,0
2021-09-23,0.012242275,0.010454266,0.008310028,0.009213271,8.824858,-0.016891101471951806,-0.026046699080623736,0,0
2021-09-24,0.0017447592,0.009450533,0.00667457,0.010120231,9.397728,-0.015296603211023104,-0.023450534177342986,0,0
2021-09-27,-0.002872028,0.008140575,0.007245832,0.0084222825,8.9251,-0.013157273951347704,-0.020267059975906117,0,0
2021-09-28,-0.020396082,0.0078103025,0.012219927,0.0073984363,8.602479,-0.012609235690087242,-0.01949257347243735,1,1
2021-09-29,0.0014378974,0.00932278,0.0055840784,0.012541653,8.196577,-0.015026712312979388,-0.023345063382439656,0,0
2021-09-30,-0.012026742,0.007792614,0.0125805335,0.010151537,8.132953,-0.012556878149172572,-0.019524122697141152,0,0
2021-10-01,0.0106464,0.00890298,0.01621258,0.010491503,8.419709,-0.014363257812698376,-0.02225221908288456,0,0
2021-10-04,-0.012159965,0.0113193225,0.01307015,0.010275072,8.513804,-0.01826823835304079,-0.02827011283002922,0,0
2021-10-05,0.009912837,0.011554833,0.013815986,0.01060162,8.553887,-0.01865115934037251,-0.028849069364901368,0,0
2021-10-06,0.0046040597,0.0117886495,0.013421036,0.01014935,8.470555,-0.019022517117387453,-0.02945251246662312,0,0
2021-10-07,0.008234264,0.0121053215,0.009509479,0.008882276,8.253858,-0.019516434876875353,-0.030297991043155725,0,0
2021-10-08,-0.0017669359,0.010738679,0.00493492,0.008714254,8.253487,-0.01731308001600115,-0.02687755284521384,0,0
2021-10-11,-0.007156587,0.007818899,0.009330649,0.0076592434,7.9745307,-0.012590187618843568,-0.019617472918249657,0,0
2021-10-12,-0.0023585595,0.008255938,0.0077131214,0.007764709,7.870304,-0.013287307309100969,-0.02073367683662054,0,0
2021-10-13,0.0032774662,0.008334111,0.0063737826,0.0070799333,7.6340446,-0.013396933724135847,-0.02097685839471563,0,0
2021-10-14,0.016849214,0.0073573464,0.008303192,0.0067212614,7.501557,-0.011818166357743354,-0.01854257481167904,0,0
2021-10-15,0.007535322,0.0076130414,0.0051020356,0.010324704,7.515381,-0.012229847732738294,-0.019184347284921594,0,0
2021-10-18,0.0033557077,0.0066861496,0.0066951755,0.009502611,7.6793146,-0.010750450416735327,-0.016821593973787134,0,0
2021-10-19,0.007509422,0.006615767,0.0052625486,0.008417875,7.209643,-0.010608240288748655,-0.01672407051347112,0,0
2021-10-20,0.0037060638,0.006263404,0.0041021057,0.0082871085,7.5449886,-0.010063412589597845,-0.015778703099564993,0,0
2021-10-21,0.0030320594,0.0054611918,0.0046150507,0.007568174,7.887684,-0.008790116390421855,-0.013712855055261977,0,0
2021-10-22,-0.0011566107,0.0053222356,0.005583561,0.0069943694,8.112371,-0.00857537582494622,-0.013337069159063802,0,0
2021-10-25,0.0047281412,0.0056340727,0.0055074613,0.006388522,8.589685,-0.009095420771558515,-0.014062662906516756,0,0
2021-10-26,0.0015893462,0.005732096,0.004519979,0.0065650223,7.4302945,-0.009203738213190527,-0.014456887034374224,0,0
2021-10-27,-0.0045555667,0.005351139,0.004391054,0.006114707,8.116858,-0.00862211754744885,-0.013408973599244693,0,0
2021-10-28,0.009417503,0.0051037436,0.004434496,0.006221114,12.251822,-0.008273752642698886,-0.012616405709386486,0,0
2021-10-29,0.0020687035,0.005063917,0.006269121,0.0076409336,12.52623,-0.008209188867742134,-0.01251795427940535,0,0
2021-11-01,0.0019016061,0.0056607807,0.0050603417,0.0068047387,11.891422,-0.009176773647345433,-0.013993396278324053,0,0
2021-11-02,0.0038464712,0.005604641,0.0045915414,0.0063173226,11.217433,-0.00908576504035752,-0.013854619890100886,0,0
2021-11-03,0.0061989794,0.005276438,0.0052718176,0.0062883063,10.369251,-0.008553710178004438,-0.013043304844439984,0,0
2021-11-04,0.0045037875,0.005436485,0.0025579082,0.006662821,10.609853,-0.008813164591855518,-0.013438939363575004,0,0
2021-11-05,0.0036311247,0.004379353,0.006203496,0.006596315,10.838145,-0.0070994326267249455,-0.010825719137767203,0,0
2021-11-08,0.0007992115,0.005121601,0.0041536866,0.0063824872,11.059485,-0.00830270160190065,-0.012660549138604937,0,0
2021-11-09,-0.003360989,0.0051304153,0.0053759185,0.006047405,10.307434,-0.008316990403046011,-0.01268233771751655,0,0
2021-11-10,-0.0077788006,0.0052347677,0.007125741,0.006002695,10.449699,-0.00848615782390677,-0.012940296216707755,0,0
2021-11-11,0.00021540119,0.006034715,0.0035637121,0.0068721995,10.725333,-0.009782964009037401,-0.014917758399177939,0,0
2021-11-12,0.007563399,0.0051024463,0.004764706,0.0063042953,10.230299,-0.008271649412193615,-0.01261319855412082,0,0
2021-11-15,0.0001603035,0.005026225,0.004542394,0.0069373064,10.258386,-0.008148086307994901,-0.012424780756223774,0,0
2021-11-16,0.0036266707,0.0051682107,0.0055212257,0.0063884873,9.636367,-0.00837069219068163,-0.012804418817169438,0,0
2021-11-17,-0.0020783935,0.0054521863,0.0029847561,0.0062407916,9.687486,-0.008831809226260793,-0.013503596119489375,0,0
2021-11-18,0.0032489176,0.004603662,0.005394683,0.006014524,9.111526,-0.007445153539007001,-0.011446030850312308,0,0
2021-11-19,-0.001489996,0.004997366,0.005726441,0.0059573743,9.158134,-0.008083021619098718,-0.012420812250544038,0,0
2021-11-22,-0.003146921,0.0055764797,0.00954506,0.005753664,8.889249,-0.009011958220157464,-0.013887072872479587,0,0
2021-11-23,0.0018680121,0.0067739054,0.0070296405,0.005759859,8.894567,-0.010947271601350719,-0.016868350516888325,0,0
2021-11-24,0.0022370182,0.0068815923,0.006743126,0.0056241103,8.318809,-0.011097627954353578,-0.01721428910786859,0,0
2021-11-26,-0.022217756,0.0066850623,0.016001174,0.005550403,8.391455,-0.01078386097870622,-0.016712599783173968,1,1
2021-11-29,0.011950287,0.009253358,0.009138737,0.012133242,6.902617,-0.014806133571997997,-0.023471489104261948,0,0
2021-11-30,-0.018389951,0.009379722,0.011687666,0.011367777,7.081243,-0.015027394824438073,-0.023744209759737823,1,0
2021-12-01,-0.012727795,0.009681634,0.02104593,0.013253189,6.8570085,-0.01548612084196832,-0.02457077590329217,0,0
2021-12-02,0.014806116,0.013037334,0.010888479,0.012223313,7.083529,-0.020887637744401482,-0.03300240863499309,0,0
2021-12-03,-0.00839442,0.011996228,0.016457176,0.01235515,7.329876,-0.01925019382499821,-0.030286919322602798,0,0
2021-12-06,0.011503824,0.012745992,0.010575112,0.010656997,7.0900736,-0.02042177618193073,-0.03226258658709107,0,0
2021-12-07,0.020485891,0.011758251,0.011530946,0.010495385,7.310337,-0.018866054248140664,-0.029692150706884,0,0
2021-12-08,0.0029838043,0.0112085715,0.0060457373,0.013972954,7.3633895,-0.01798990290612922,-0.028288480987383922,0,0
2021-12-09,-0.006833253,0.008841327,0.005243518,0.010911998,7.0932207,-0.01416597897409031,-0.022378344230305058,0,0
2021-12-10,0.009383732,0.0071077305,0.0047848234,0.009457384,7.2744527,-0.011401779217569108,-0.01795533865546377,0,0
2021-12-13,-0.0090088295,0.006318522,0.008229003,0.009260466,7.512613,-0.010150129619612744,-0.015922686696498996,0,0
2021-12-14,-0.008766561,0.007094667,0.01134916,0.009036799,7.674673,-0.01140701390099048,-0.01785017500557249,0,0
2021-12-15,0.015544076,0.008533474,0.012560091,0.008950984,7.398234,-0.013699186039150331,-0.021529277744723355,0,0
2021-12-16,-0.008814395,0.009649693,0.014121926,0.011326654,7.592988,-0.015508264649545824,-0.024297901877982805,0,0
2021-12-17,-0.010626634,0.010739141,0.009464867,0.010217181,7.6132054,-0.017261038169325508,-0.02703577714977054,0,0
2021-12-20,-0.011234235,0.009923362,0.013883995,0.01010427,7.8426843,-0.01596874155703646,-0.024927556388715445,0,0
2021-12-21,0.01788237,0.010866902,0.0066059893,0.010276222,7.918678,-0.01749353963609574,-0.027278661330985245,0,0
2021-12-22,0.009703349,0.009044772,0.008523391,0.012933948,8.12904,-0.014574333033609074,-0.022662134118214213,0,0
2021-12-23,0.0063286303,0.008612165,0.006110291,0.011415736,8.335357,-0.013889383066924145,-0.021540340749421523,0,0
2021-12-27,0.014003177,0.007744007,0.006234342,0.009731505,8.415302,-0.012493258418601109,-0.019356165092172323,0,0
2021-12-28,-0.0007844573,0.0070933746,0.0040561506,0.011139723,8.327479,-0.011439565715309435,-0.017742778031616533,0,0
2021-12-29,0.0012548366,0.0059261597,0.00381678,0.008975033,8.475554,-0.009562814110980932,-0.01480519445814728,0,0
2021-12-30,-0.0025636344,0.0051715807,0.0045207655,0.007519921,8.589372,-0.008348781613709791,-0.012908311979123052,0,0
2021-12-31,-0.0028853992,0.0051729716,0.003648786,0.006670506,8.539713,-0.008349473749562714,-0.012916870130815572,0,0
