DATE,ret_true,sigma_lstm,gk_vol_actual,garch_pred,shape,VaR_ret_95,VaR_ret_99,viol_95,viol_99
2006-01-31,-0.0038880298,0.0044816504,0.006194141,0.0062000663,17.728073,-0.007265268807295053,-0.011078597925147178,0,0
2006-02-01,0.0029174385,0.005154686,0.0044153407,0.0061715334,17.946579,-0.008356336511764002,-0.012742335458820774,0,0
2006-02-02,-0.011917695,0.0051437677,0.005867443,0.0061345794,17.926205,-0.008338636290994923,-0.012715344904955779,1,0
2006-02-03,-0.005123164,0.005406634,0.00655859,0.00624159,17.729158,-0.008764772566381711,-0.013365147765875347,0,0
2006-02-06,0.0025648628,0.0059028077,0.003315056,0.0062239137,19.069603,-0.009569127415736041,-0.014591685173024178,0,0
2006-02-07,-0.00890654,0.0049042427,0.005668721,0.0061842497,19.36034,-0.00795033875286448,-0.012123241238268011,1,0
2006-02-08,0.008512374,0.005201979,0.005785326,0.006228567,19.915745,-0.008433003990041817,-0.012859243475344818,0,0
2006-02-09,-0.0019731657,0.00561316,0.006863358,0.0062568043,22.991804,-0.009099574453490444,-0.013875677464120486,0,0
2006-02-10,0.0019731657,0.0060423226,0.008875409,0.006227384,19.696024,-0.009795296434455949,-0.014936563757421088,0,0
2006-02-13,-0.0019731657,0.0069183926,0.0047353297,0.0061849537,19.957966,-0.011215506209112141,-0.01710220049848446,0,0
2006-02-14,0.009827123,0.0060106087,0.008271707,0.0061441795,19.419785,-0.009743884602100978,-0.01485816734369392,0,0
2006-02-15,0.0031243924,0.006580086,0.0057668854,0.00619481,23.333517,-0.010667072818996103,-0.016265910310333375,0,0
2006-02-16,0.0073815407,0.0063908175,0.004417031,0.006168093,20.801151,-0.010360246767183607,-0.015798040152855117,0,0
2006-02-17,-0.0021311643,0.0055615557,0.003162011,0.006178958,24.050217,-0.00901591871334118,-0.013748113249522716,0,0
2006-02-20,-0.00019396761,0.004716013,0.0017676872,0.0061714714,21.837118,-0.007645197311039352,-0.01165793989375535,0,0
2006-02-21,-0.0027195043,0.0036712447,0.006000768,0.006131803,19.505371,-0.005951508069192858,-0.009075282236033995,0,0
2006-02-22,0.005431633,0.0046362323,0.005962494,0.006100938,18.03067,-0.007515862982845837,-0.011460721723584377,0,0
2006-02-23,-0.001548887,0.005383083,0.005112513,0.006103501,16.862356,-0.008726593699954568,-0.013306929918524741,0,0
2006-02-24,0.0021291017,0.0052959556,0.0037004733,0.0060678185,15.542676,-0.008585350630818285,-0.01309155245429335,0,0
2006-02-27,0.0007730963,0.0047440417,0.0042014886,0.006029737,14.943083,-0.007690634517091428,-0.01172722577292166,0,0
2006-02-28,-0.008926898,0.004673134,0.005978134,0.0055920454,24.785446,-0.007575685205242952,-0.01155194289743288,1,0
2006-03-01,0.0073801074,0.0052633234,0.004350633,0.0060179136,17.118721,-0.008532449994847225,-0.01301088580706352,0,0
2006-03-02,-0.0003870718,0.005053316,0.004799896,0.006056508,16.593573,-0.008192003482690639,-0.012491748783611005,0,0
2006-03-03,-0.0038789809,0.0050085858,0.0101362085,0.006007591,16.649792,-0.008119490981851607,-0.01238117657181123,0,0
2006-03-06,-0.0054559764,0.0065312777,0.007478825,0.005979744,16.763956,-0.010587948477154545,-0.01614525589373776,0,0
2006-03-07,-0.0015643336,0.006866999,0.0041845385,0.006001841,15.676169,-0.011132191442126654,-0.01697515622398594,0,0
2006-03-08,0.0015643336,0.0055914167,0.0071579963,0.005789024,27.98411,-0.009064326774681601,-0.013821929299850804,0,0
2006-03-09,-0.005878912,0.0060463143,0.0056314743,0.0056642042,23.574404,-0.009801767328630874,-0.014946431036482832,0,0
2006-03-10,0.008610621,0.006030846,0.00586533,0.0057814107,24.286293,-0.009776691453212692,-0.01490819356052046,0,0
2006-03-13,0.0019466621,0.0059244893,0.0030571418,0.0059467875,15.876915,-0.009604275503373286,-0.014645281473601507,0,0
2006-03-14,0.017924735,0.0048295637,0.007027798,0.0059216013,14.298825,-0.007829275555871469,-0.011938635476445166,0,0
2006-03-15,0.0041936776,0.0055826707,0.0048785135,0.006122276,12.203526,-0.009050148536616573,-0.013800309315377313,0,0
2006-03-16,0.0019004187,0.0055705104,0.0052115903,0.006094912,12.530215,-0.009030435392591046,-0.013770249313154126,0,0
2006-03-17,0.00056942203,0.0054381574,0.0031848405,0.0060524074,12.357886,-0.008815875497306131,-0.013443073144760126,0,0
2006-03-20,-0.0015191799,0.0046827886,0.0039137644,0.006026636,11.2104,-0.007591336211057457,-0.011575808662780605,0,0
2006-03-21,-0.0060999044,0.0045488626,0.0077910703,0.005975704,11.351616,-0.007374227456974021,-0.01124474581344667,0,0
2006-03-22,0.0053394483,0.0057200273,0.0050038276,0.0059700636,12.0956745,-0.009272819204435859,-0.01413985336583514,0,0
2006-03-23,-0.0020942416,0.0055885385,0.004640083,0.005955002,12.716464,-0.009059660337497154,-0.01381481358497766,0,0
2006-03-24,0.0007620499,0.005195881,0.004692466,0.0059188846,12.107615,-0.008423117456278275,-0.012844167786427474,0,0
2006-03-27,-0.0013339687,0.0051312298,0.003514917,0.00590199,11.206159,-0.008318311252059153,-0.01268435184191092,0,0
2006-03-28,-0.0065047103,0.004657473,0.0072512547,0.005849848,11.289272,-0.007550297052422303,-0.011513229238706344,0,0
2006-03-29,0.005741643,0.005554471,0.0067643947,0.0058608344,11.5287075,-0.009004433656874195,-0.01373060001964503,0,0
2006-03-30,-0.0019102202,0.0061046416,0.0076839905,0.0058520534,12.152747,-0.009896323238112228,-0.015090616603510814,0,0
2006-03-31,0.0,0.0065043843,0.0048667737,0.0058092414,11.87833,-0.010544352019791071,-0.01607877691891913,0,0
2006-04-03,-0.0013393286,0.005840557,0.007391737,0.0057569505,11.711157,-0.009468212019153075,-0.014437802208353018,0,0
2006-04-04,0.006868945,0.0062640198,0.0063204644,0.005710485,11.359822,-0.010154693120984465,-0.015484597352775697,0,0
2006-04-05,0.0032273403,0.006367465,0.0043971958,0.005746112,11.123445,-0.010322389462081707,-0.015740312645053555,0,0
2006-04-06,-0.0011378723,0.005569087,0.005600581,0.0057053836,11.415229,-0.00902812707179172,-0.013766729421640643,0,0
2006-04-07,-0.010299538,0.0056226933,0.0105918655,0.005496704,13.930543,-0.00911502965293367,-0.013899244650005275,1,0
2006-04-10,0.0011496457,0.007168814,0.004531402,0.0057665133,10.904232,-0.011621468520306516,-0.01772124066585859,0,0
2006-04-11,-0.008847913,0.006144852,0.008362449,0.005752985,10.2246685,-0.009961508191901997,-0.015190015251098503,0,0
2006-04-12,0.0011585249,0.0066381358,0.0030550507,0.0058403867,10.469483,-0.010761178036226327,-0.016409408629804428,0,0
2006-04-13,-0.0009653442,0.0052604326,0.0052924724,0.0057913046,10.438926,-0.008527763301831266,-0.013003739204659729,0,0
2006-04-17,-0.00096627703,0.0052538053,0.0069474517,0.00575976,9.807637,-0.008513054294902725,-0.013002503597764455,0,0
2006-04-18,0.01573023,0.0060586235,0.00802397,0.005751421,9.355814,-0.009805298051424017,-0.015038086383414313,0,0
2006-04-19,0.0013314314,0.0067293225,0.0055916766,0.005965185,9.765155,-0.010902760676352492,-0.016658605608056716,0,0
2006-04-20,0.0013296611,0.0062744617,0.0068917735,0.005921936,9.627382,-0.010162191682421341,-0.01554608544660652,0,0
2006-04-21,0.0,0.0064037633,0.0064369617,0.0058861636,9.22296,-0.010359839492493516,-0.01590918588522432,0,0
2006-04-24,-0.0019000575,0.006478816,0.0050459555,0.005862087,8.566933,-0.010458251937359091,-0.0161740524734716,0,0
2006-04-25,-0.0038109801,0.0059341304,0.006315087,0.005816505,8.559127,-0.009578727874932797,-0.014815188606034316,0,0
2006-04-26,-0.00038189805,0.006084352,0.0047139158,0.0058284197,8.23882,-0.00980868930532093,-0.015230258120812737,0,0
2006-04-27,0.0045731785,0.005681471,0.010828418,0.005822489,7.8919215,-0.009144856546813575,-0.014265413656952004,0,0
2006-04-28,0.00076016726,0.007136703,0.006014178,0.005809265,7.9480476,-0.011490267759642786,-0.017910139246873933,0,0
2006-05-01,-0.005906467,0.0068273228,0.006779907,0.0057548275,7.9733305,-0.01099346409199798,-0.017129810360992353,0,0
2006-05-02,0.00742507,0.0065865596,0.0034911097,0.0057822303,7.810586,-0.01059744862370089,-0.01655042677363357,0,0
2006-05-03,-0.004372215,0.005384305,0.005110102,0.005799815,8.290017,-0.008681990526567308,-0.013472077832658646,0,0
2006-05-04,0.0036132017,0.0053373724,0.0040654507,0.005778703,8.445618,-0.00861170782064403,-0.013337476632288191,0,0
2006-05-05,0.009070357,0.005096302,0.005693964,0.005762866,8.260038,-0.008216570021353776,-0.012754690187837998,0,0
2006-05-08,-0.0013176473,0.005402408,0.0020587381,0.0058532516,8.093008,-0.008703802960115132,-0.013540270594744051,0,0
2006-05-09,0.0015057409,0.0041396143,0.0026719884,0.0058196234,7.846329,-0.006661614298706236,-0.010398388318210298,0,0
2006-05-10,-0.0011290931,0.0037777557,0.004884879,0.005819269,7.3984785,-0.006064617192172138,-0.0095309539481576,0,0
2006-05-11,-0.012123656,0.004479563,0.010018196,0.005765106,7.451393,-0.007193491582558124,-0.011295460128028916,1,1
2006-05-12,-0.013430747,0.0061486033,0.0065826103,0.006071816,6.536117,-0.009809088717868737,-0.015664903531393427,1,0
2006-05-15,0.0023152626,0.006291088,0.0063950876,0.006168229,6.1870046,-0.010002405822359117,-0.01610102380619536,0,0
2006-05-16,-0.0017359441,0.0060871816,0.0052299057,0.006206908,5.6869354,-0.009657922940308377,-0.015619574555314807,0,0
2006-05-17,-0.020281507,0.0057540587,0.011790671,0.0062007015,5.596186,-0.009129390166954496,-0.014764788582248776,1,1
2006-05-18,-0.0047393455,0.0073813642,0.008570783,0.006374309,5.0726495,-0.0117112734253388,-0.018940419128972222,0,0
2006-05-19,0.006117434,0.007811747,0.008995352,0.00638478,5.0227447,-0.012394118961822154,-0.02004477219047274,0,0
2006-05-22,-0.0069095134,0.007854133,0.009564246,0.0063528353,5.266889,-0.012461368441734327,-0.020153533491612384,0,0
2006-05-23,-0.0075562103,0.00826179,0.012732847,0.006321954,5.598076,-0.013108156059420315,-0.021199570768813743,0,0
2006-05-24,0.006763503,0.009440035,0.010683961,0.0063319,5.7054253,-0.01497756039572326,-0.024222922744738737,0,0
2006-05-25,0.0118251275,0.009652372,0.0075672087,0.0063113007,6.0242233,-0.015318808853931304,-0.02475931110713531,0,0
2006-05-26,0.0052760257,0.008529077,0.0039261887,0.00638472,5.89476,-0.01353223497159091,-0.02188542550454991,0,0
2006-05-29,-0.002146133,0.0063996175,0.0015931552,0.00641591,5.665034,-0.010153633587924175,-0.016421277930476666,0,0
2006-05-30,-0.015748357,0.0041987314,0.0079611065,0.006399464,5.646084,-0.00666170751050797,-0.010773852490767278,1,1
2006-05-31,0.009478744,0.0054942695,0.007821167,0.006638762,5.516491,-0.008717208404432518,-0.014098174879712074,0,0
2006-06-01,0.010751741,0.0066494998,0.010167176,0.0066521475,5.8151054,-0.010550096960839665,-0.017062470581316692,0,0
2006-06-02,0.0019425026,0.007631938,0.0068969205,0.006690609,6.1067863,-0.012123672911097233,-0.019554171755191994,0,0
2006-06-05,-0.014661586,0.0072902567,0.008942498,0.006638832,6.186996,-0.011591015627563957,-0.01865823689412362,1,0
2006-06-06,-0.0029582903,0.0076213917,0.010202009,0.006789812,5.9970193,-0.012092100751256411,-0.019556323899245873,0,0
2006-06-07,-0.007732764,0.00843616,0.009414941,0.006734588,6.161819,-0.013409302897255858,-0.02159838644452316,0,0
2006-06-08,-0.00039816843,0.00861783,0.014715982,0.006736661,6.4340057,-0.013735567103969306,-0.021984210894528754,0,0
2006-06-09,-0.003590668,0.010203463,0.0074769245,0.0067254645,6.1582494,-0.016217810504436637,-0.02612433480681611,0,0
2006-06-12,-0.011658424,0.009022024,0.010850665,0.0066742804,6.3626146,-0.014370028510922455,-0.02303655981716969,0,0
2006-06-13,-0.0032401811,0.009190743,0.010873803,0.0067463974,6.5406637,-0.014662912794806356,-0.02341408164259668,0,0
2006-06-14,0.0070743095,0.00975982,0.0066069886,0.0067154854,6.5577874,-0.015573165782150998,-0.024858533058915045,0,0
2006-06-15,0.02112474,0.008326692,0.010242745,0.006697029,6.991403,-0.013331978616214919,-0.02109964144740691,0,0
2006-06-16,-0.006131955,0.008721527,0.0050185034,0.008049757,7.10976,-0.013975590930885762,-0.022071109130344827,0,0
2006-06-19,-0.00916889,0.007283572,0.009223668,0.00786782,7.4818935,-0.011698353648946572,-0.01836026775139307,0,0
2006-06-20,0.0031987233,0.007728565,0.0067991903,0.007950989,7.512777,-0.01241524575651787,-0.019475964247191023,0,0
2006-06-21,0.0073580923,0.0075717806,0.009954116,0.0076954346,7.1652446,-0.012137685070729248,-0.01914993643263609,0,0
2006-06-22,-0.004567578,0.008219325,0.00829149,0.007608376,7.575275,-0.013208203324573677,-0.020699842653101753,0,0
2006-06-23,-0.00039816843,0.008303425,0.0073101153,0.0074559716,7.195471,-0.01331314613350948,-0.02099351115647871,0,0
2006-06-26,0.0037762143,0.007795501,0.0039117397,0.0071793334,7.152087,-0.012495230186629175,-0.01971856280177241,0,0
2006-06-27,-0.008366583,0.0061391755,0.0066401223,0.0069637466,6.031655,-0.009744027796109616,-0.0157459603725584,0,0
2006-06-28,0.006380879,0.006319284,0.0051420266,0.0070653846,7.2099376,-0.010132855498105848,-0.0159745376465744,0,0
2006-06-29,0.019486887,0.006111673,0.008661369,0.0070406203,7.040114,-0.009788832978192916,-0.015478391912648885,0,0
2006-06-30,-0.0023419214,0.0069207484,0.0042380067,0.008195605,6.1426477,-0.010998262391025073,-0.017723251060965436,0,0
2006-07-03,0.0068153315,0.005984599,0.0032719453,0.007906228,6.09541,-0.009505594376640517,-0.015335854940144713,0,0
2006-07-04,-0.00038819876,0.004886201,0.0013682477,0.007943786,5.8272114,-0.007752447112250602,-0.01253788484380544,0,0
2006-07-05,-0.006231763,0.0035315598,0.006775795,0.0077099376,5.53934,-0.0056031733698026645,-0.009061905415575073,1,0
2006-07-06,0.0023414644,0.0047174348,0.0050305626,0.0075826454,5.7696247,-0.007484682522003419,-0.012104834279363302,0,0
2006-07-07,-0.006060032,0.0052004936,0.009792865,0.00734924,5.822339,-0.008251103996499797,-0.01334435311127772,0,0
2006-07-10,0.0015673984,0.0064274813,0.005540646,0.00726375,5.9786296,-0.01019784252011025,-0.01649277619325626,0,0
2006-07-11,0.0041027702,0.006135895,0.007835993,0.007164591,5.46932,-0.00973521188442434,-0.015744572490417642,0,0
2006-07-12,-0.0109783495,0.006473001,0.008319717,0.0071338564,5.52176,-0.010270064226773196,-0.016609578981879248,1,0
2006-07-13,-0.01649645,0.0071035223,0.0077088447,0.0071820975,6.146473,-0.011289192168850522,-0.018190361013529145,1,0
2006-07-14,-0.0042172973,0.0071822437,0.008934932,0.007836808,6.1415696,-0.011413688501153955,-0.018393181467631612,0,0
2006-07-17,-0.0014097274,0.007618122,0.007155542,0.0076835817,6.0325694,-0.012091523643238677,-0.01953896166154995,0,0
2006-07-18,0.004223234,0.007358634,0.008558684,0.0075001228,5.796985,-0.01167520917249462,-0.01888209310073996,0,0
2006-07-19,0.013356124,0.0076004155,0.011449658,0.0073466185,5.921012,-0.012058819859556064,-0.01950249934790147,0,0
2006-07-20,-0.006556098,0.008752547,0.008308984,0.0076883095,6.2454853,-0.013924491962293638,-0.022383083915793616,0,0
2006-07-21,-0.0076030777,0.008479346,0.007631673,0.007616094,6.3819237,-0.01350818104054224,-0.021645466967793608,0,0
2006-07-24,0.01811175,0.007917195,0.0087455325,0.007617791,6.3990216,-0.012614696355519362,-0.02020597499251687,0,0
2006-07-25,0.0031508494,0.008115437,0.008800623,0.008493419,5.9145265,-0.012875953522591166,-0.020824034035050953,0,0
2006-07-26,0.0013753809,0.008328327,0.00715327,0.008231748,6.051515,-0.013221654861456093,-0.02135482392144363,0,0
2006-07-27,-0.0007857003,0.007812358,0.008301488,0.008018174,5.8047624,-0.012395088070985043,-0.02004633951223701,0,0
2006-07-28,0.009387904,0.007903355,0.006046924,0.0077714142,5.8389807,-0.012539464524387449,-0.020279836796475936,0,0
2006-07-31,-0.0019485587,0.007231289,0.0027296615,0.007902375,5.7475777,-0.011473163937421564,-0.018555329195884356,0,0
2006-08-01,-0.0039085452,0.005249378,0.0065372637,0.0077419644,5.4628572,-0.008328663494901198,-0.013469788608665816,0,0
2006-08-02,0.005857104,0.0057668565,0.0057777814,0.007565152,5.6044607,-0.009149695311319797,-0.014797627704928722,0,0
2006-08-03,0.0023332697,0.0060841953,0.0077020284,0.007510163,5.5609746,-0.009653185073289806,-0.015611912093356153,0,0
2006-08-04,-0.0009715341,0.0066206395,0.01082711,0.0073111705,5.704667,-0.010504307231541015,-0.01698841572551919,0,0
2006-08-07,-0.0029202786,0.007935858,0.0045215925,0.007137428,5.645028,-0.01259103361897403,-0.020363238509517503,0,0
2006-08-08,-0.004298561,0.006477803,0.008319521,0.007029036,5.4611316,-0.01027768318022934,-0.0166219009699793,0,0
2006-08-09,-0.0041204807,0.0068681287,0.010791651,0.006949811,5.407921,-0.010896973795822065,-0.017623467870175394,0,0
2006-08-10,0.0031409527,0.008251282,0.007835413,0.006918449,5.0326843,-0.01309148575306372,-0.021172610200314072,0,0
2006-08-11,-0.002551272,0.007986477,0.006083362,0.0067754444,5.2136574,-0.012671344808285183,-0.020493124264127957,0,0
2006-08-14,0.0007857003,0.007056525,0.0069043967,0.0066317255,5.363846,-0.01119588289426485,-0.01810688785366927,0,0
2006-08-15,0.011323823,0.006952505,0.0064761853,0.006480605,5.3988323,-0.011030845685011602,-0.017839976323077798,0,0
2006-08-16,0.008698228,0.0068353,0.0050237104,0.0067813047,5.76103,-0.010844888023988043,-0.01753923054487668,0,0
2006-08-17,0.0015384619,0.006167199,0.0049144994,0.0068499544,6.124132,-0.009798753016450057,-0.01579751319466706,0,0
2006-08-18,0.004601235,0.0057598567,0.0051768553,0.0067765354,5.6991434,-0.009138589012659383,-0.01477966569994772,0,0
2006-08-21,-0.003640897,0.0056859995,0.003994355,0.0066998773,5.8439054,-0.009021407336830718,-0.014590150010763303,0,0
2006-08-22,-0.00019199385,0.005185191,0.004611904,0.006638498,5.693874,-0.008226824690189202,-0.013305086652287154,0,0
2006-08-23,-0.003269548,0.0051152385,0.006677962,0.0065560276,5.37748,-0.008115837712146851,-0.013125589529674344,0,0
2006-08-24,-0.0013493978,0.005794619,0.0038862901,0.006484006,5.310668,-0.009193743177743973,-0.014868865479123779,0,0
2006-08-25,0.0011567381,0.0051894477,0.0037956655,0.006445649,4.8474164,-0.008233578593823008,-0.013316009611809574,0,0
2006-08-28,0.004805391,0.004734058,0.0064579174,0.006299018,4.9578447,-0.007511057040514454,-0.012147489285081383,0,0
2006-08-29,0.00095831347,0.0054658134,0.005670213,0.006249982,5.1882935,-0.008672060223589973,-0.01402515758799568,0,0
2006-08-30,0.0,0.0056896587,0.002706632,0.006191739,4.743276,-0.009027212943169747,-0.014599539307158781,0,0
2006-08-31,0.00038306837,0.0044890437,0.002833339,0.0060429955,4.8084283,-0.007122317132827575,-0.01151878764723755,0,0
2006-09-01,0.0053476063,0.0040145754,0.0035024572,0.00590175,4.788961,-0.006369525622215979,-0.0103013122959349,0,0
2006-09-04,0.002853069,0.0041419226,0.0018573292,0.006012362,4.618003,-0.006571574929176273,-0.01062808278617607,0,0
2006-09-05,-0.0013304193,0.0034810165,0.0033930377,0.005904434,4.753976,-0.005522981170085273,-0.008932212100564994,0,0
2006-09-06,-0.008978951,0.0037235452,0.005244966,0.0057462943,4.8367195,-0.005907777228765192,-0.009554535426635183,1,0
2006-09-07,-0.0050019342,0.004495151,0.0043076444,0.0060918834,5.0525074,-0.007132006867160722,-0.01153445866975173,0,0
2006-09-08,0.0023116944,0.004574231,0.0030864342,0.006053422,5.3122497,-0.00725747528595273,-0.011737376350268723,0,0
2006-09-11,0.000961631,0.0040978747,0.0065353937,0.0059831245,5.076871,-0.006501688676060869,-0.010515057082028878,0,0
2006-09-12,0.018663654,0.0049422733,0.0075483276,0.005837631,5.0478125,-0.007841411514376612,-0.01268176527444924,0,0
2006-09-13,0.0030143203,0.0058665485,0.004694142,0.0073106885,4.461511,-0.009307866413824209,-0.015053434812040006,0,0
2006-09-14,0.00037615196,0.0053559407,0.0034537443,0.007327459,4.115419,-0.008497736396840242,-0.013743226988060879,0,0
2006-09-15,0.0020663105,0.004593674,0.004427316,0.0070878523,4.136653,-0.0072883239036756284,-0.011787267231302802,0,0
2006-09-18,0.0015000941,0.0046826075,0.0037669425,0.0068395543,4.303015,-0.007429425654874022,-0.012015468402129127,0,0
2006-09-19,-0.0028145248,0.004548082,0.006066876,0.0066248965,4.4425774,-0.007215987731738075,-0.011670279320174509,0,0
2006-09-20,0.004499445,0.005141968,0.004723442,0.0064494526,4.610341,-0.008158246870173273,-0.01319417705203458,0,0
2006-09-21,-0.004687362,0.005130217,0.007120277,0.0063362797,4.81989,-0.008139603055801498,-0.013164024766664811,0,0
2006-09-22,-0.0032000027,0.0057312483,0.005275946,0.006318835,4.7268386,-0.009093199233173989,-0.01470625767535452,0,0
2006-09-25,0.00732604,0.00562827,0.00864993,0.0061859135,4.8591433,-0.008929814305275957,-0.014442018347883081,0,0
2006-09-26,0.00820135,0.0064568077,0.0051608654,0.006229643,5.1288643,-0.010244371523158742,-0.01656802666238841,0,0
2006-09-27,0.0007422528,0.006011432,0.003763015,0.006397492,5.071793,-0.009537738926288801,-0.015425203241841082,0,0
2006-09-28,-0.0003710575,0.005063137,0.003936172,0.0063459836,4.7968063,-0.008033173876875367,-0.012991898885626818,0,0
2006-09-29,-0.0012997866,0.004796092,0.0029068969,0.0061963215,4.8088846,-0.007609480436696733,-0.01230666756639073,0,0
2006-10-02,-0.0037230125,0.0042860135,0.0043680244,0.0060461876,4.8573565,-0.00680018968091592,-0.010997817063547325,0,0
2006-10-03,0.0020493718,0.0045257993,0.0060593225,0.0060206098,4.7089977,-0.007180633797001146,-0.01161310207586844,0,0
2006-10-04,0.011105056,0.0052430634,0.00746361,0.0058706277,4.816625,-0.008318644842565519,-0.013453585633339952,0,0
2006-10-05,0.0018389119,0.006013149,0.003276929,0.00628954,4.75985,-0.009540462566419798,-0.015429608133073997,0,0
2006-10-06,-0.0014708589,0.004910933,0.004621011,0.00613322,4.8819327,-0.007791686532277397,-0.01260134600935873,0,0
2006-10-09,0.0003679176,0.0048180693,0.003844468,0.006060626,4.643789,-0.007644349364420301,-0.012363060418105155,0,0
2006-10-10,0.0011029413,0.0046950947,0.0031761443,0.0059182076,4.636426,-0.007449237648451485,-0.0120475099614463,0,0
2006-10-11,-0.0012868831,0.0042764368,0.005939963,0.005855847,4.3889565,-0.006784995207467518,-0.010973243331459907,0,0
2006-10-12,0.0086089,0.0049801976,0.0045011695,0.0058106775,4.2393937,-0.007901582244539688,-0.012779078248640344,0,0
2006-10-13,0.0020041913,0.0049995254,0.0032498864,0.0060518873,4.343413,-0.007932247174904915,-0.012828672055614528,0,0
2006-10-16,0.0018185129,0.004394682,0.003241266,0.0059471987,4.33872,-0.006972603340118631,-0.011276658385943028,0,0
2006-10-17,-0.0030934426,0.0041481154,0.0058877007,0.0059126928,4.225478,-0.006581400393084055,-0.010643973321542387,0,0
2006-10-18,0.00054659747,0.004898556,0.00643197,0.0058215554,4.2802987,-0.007772049177419298,-0.012569586889911307,0,0
2006-10-19,0.0012742333,0.0055363425,0.003279893,0.005680465,4.288875,-0.00878396201896536,-0.014206134227231904,0,0
2006-10-20,0.00054560334,0.004652943,0.003597316,0.005643693,4.06895,-0.0073823600675738095,-0.011939350125521518,0,0
2006-10-23,0.0041730986,0.0043364256,0.01404773,0.005584886,3.9328911,-0.00688017330952029,-0.011127173060474619,0,0
2006-10-24,0.002892788,0.006782448,0.003390947,0.0056580277,3.790475,-0.01076103248305127,-0.01740361257798738,0,0
2006-10-25,0.0032444152,0.0054402896,0.0036443742,0.005566808,3.8276374,-0.008631563947702063,-0.013959663733431583,0,0
2006-10-26,0.0026956615,0.0045611085,0.004897925,0.0056324387,3.6300607,-0.0072366552740676495,-0.011703704542169664,0,0
2006-10-27,-0.005940077,0.004927456,0.0053445157,0.0056110476,3.5492964,-0.00781790224718611,-0.012643744185039808,0,0
2006-10-30,-0.0010838151,0.00522484,0.0041945125,0.0056534866,3.7229483,-0.008289731728576907,-0.013406825005577373,0,0
2006-10-31,0.0,0.004935067,0.00524401,0.0054664356,3.804828,-0.007829977655009413,-0.012663273511785079,0,0
2006-11-01,-0.007437676,0.0051124534,0.007376619,0.0052585127,3.8702285,-0.008111419262060587,-0.013118443654627722,0,0
2006-11-02,-0.0012753942,0.0059284237,0.004459384,0.0054686028,4.0494404,-0.009406037805429583,-0.015212205531153883,0,0
2006-11-03,-0.002007483,0.0054141236,0.00592869,0.0054261293,3.8448882,-0.008590048795140566,-0.013892522069057434,0,0
2006-11-06,0.011081955,0.0055423756,0.0073056,0.0053101173,3.8296888,-0.008793533668568575,-0.014221614273564723,0,0
2006-11-07,0.0037868586,0.0062133786,0.0048046247,0.00583331,3.9394271,-0.00985814758935367,-0.015943394061113725,0,0
2006-11-08,0.0017982383,0.0056943703,0.0065338756,0.0057870583,3.9515107,-0.009034688928140607,-0.01461163007505458,0,0
2006-11-09,-0.005404445,0.005932609,0.0055452213,0.0056468104,3.9990926,-0.009412678601084528,-0.01522294556329952,0,0
2006-11-10,0.00054176076,0.0058979043,0.003563776,0.005758615,3.8974285,-0.00935761582724686,-0.015133893589443902,0,0
2006-11-13,0.0023442442,0.005002971,0.0047838995,0.0056484295,3.8282752,-0.007937714362171187,-0.012837514033298674,0,0
2006-11-14,0.0069999387,0.0050348677,0.007021296,0.005601281,3.725917,-0.007988321586505526,-0.012919360131928086,0,0
2006-11-15,0.0026792907,0.00585549,0.004453605,0.0057655014,3.7771769,-0.00929032110414314,-0.015025059117353547,0,0
2006-11-16,0.002494211,0.0054228953,0.004083061,0.0057324865,3.6862502,-0.008603966505723573,-0.013915030916915734,0,0
2006-11-17,-0.00017795178,0.0049373764,0.0036508671,0.005575489,3.799571,-0.00783364144866071,-0.01266919889537381,0,0
2006-11-20,0.0003558719,0.0046286206,0.0045330175,0.0053990413,3.8289587,-0.007343769887345682,-0.011876938963110957,0,0
2006-11-21,0.0007113641,0.0047812224,0.002066488,0.0053376993,3.6250825,-0.007585887922033787,-0.012268511842431985,0,0
2006-11-22,0.0015987214,0.0038591083,0.0032731467,0.005119451,3.6782374,-0.006122861551641454,-0.009902387199486242,0,0
2006-11-23,-0.000887863,0.0038738705,0.0014027859,0.0050497265,3.5129187,-0.006146283499472276,-0.0099402670689608,0,0
2006-11-24,-0.0030246442,0.0031597852,0.003673771,0.005050584,3.2637115,-0.0050133157124694,-0.008107939877365253,0,0
2006-11-27,-0.013996281,0.0036216213,0.008260845,0.004891303,3.3942077,-0.00574606494165857,-0.0092930012292116,1,1
2006-11-28,0.0036075076,0.0051506674,0.005746824,0.0060892394,3.353254,-0.008172049663049758,-0.01321650004567807,0,0
2006-11-29,0.0098540615,0.0053984006,0.0044964775,0.0059281555,3.464322,-0.0085651026041866,-0.01385217707025336,0,0
2006-11-30,0.0005347117,0.004934886,0.0066674566,0.006422024,3.364523,-0.007829690813175019,-0.01266280960795756,0,0
2006-12-01,-0.0017834854,0.0054877265,0.00955311,0.0061693885,3.448033,-0.00870682780656448,-0.014081386536780508,0,0
2006-12-04,0.007292162,0.006702247,0.006074289,0.0059774565,3.5055285,-0.010633786006831552,-0.017197819279107372,0,0
2006-12-05,0.0042440384,0.006343491,0.0028013398,0.0060349125,3.6695824,-0.010064583223734231,-0.016277258475026507,0,0
2006-12-06,-0.001412679,0.0047071637,0.00273624,0.0061156675,3.5560355,-0.007468386376840901,-0.012078478834626026,0,0
2006-12-07,-0.0042500505,0.004073378,0.005627509,0.0060057547,3.5055811,-0.006462822059932404,-0.010452198845109461,0,0
2006-12-08,0.00088691805,0.0048417333,0.0056153475,0.005946433,3.5480168,-0.007681894879355659,-0.012423782063263755,0,0
2006-12-11,0.0031864073,0.005311322,0.0031162407,0.005784069,3.5541673,-0.00842694437503011,-0.013628736401480416,0,0
2006-12-12,0.007395702,0.0044994527,0.004913786,0.0057695047,3.4728527,-0.00713883225503717,-0.011545497239376278,0,0
2006-12-13,0.001052078,0.0047341394,0.0038900583,0.0058404445,3.6648326,-0.007511185983610356,-0.012147697822290915,0,0
2006-12-14,0.008203205,0.0046511213,0.005706635,0.0056551546,3.7230783,-0.0073794694800660135,-0.011934675233480472,0,0
2006-12-15,0.0,0.0050823623,0.003801113,0.0058854725,3.7595465,-0.008063676836614865,-0.01304123074059745,0,0
2006-12-18,-0.0024364789,0.004762237,0.005575353,0.0056923293,3.8308425,-0.007555765909967098,-0.012219796086866356,0,0
2006-12-19,0.0010449322,0.0050886795,0.00687527,0.005700227,3.6426702,-0.008073699108405866,-0.01305743956959937,0,0
2006-12-20,-0.0006965001,0.0058032717,0.0031518089,0.0055087255,3.7127273,-0.009207471771786324,-0.014891068472408099,0,0
2006-12-21,-0.0038394462,0.0047673355,0.0057751867,0.005382929,3.644131,-0.00756385494018339,-0.012232878321144313,0,0
2006-12-22,-0.0066666915,0.005108233,0.004164022,0.0053509697,3.653504,-0.008104723269711957,-0.013107614353922215,0,0
2006-12-26,0.005967024,0.0049763643,0.0029183433,0.005582929,3.6706178,-0.007895499749868407,-0.012769241146026502,0,0
2006-12-27,0.005757671,0.0042582047,0.0035711934,0.0056803306,3.6825821,-0.006756068068089527,-0.010926460020702605,0,0
2006-12-28,-0.0022642177,0.00421943,0.002600148,0.0056552,3.8735847,-0.006694548185954586,-0.010826965088761244,0,0
2006-12-29,-0.0036684468,0.0038618566,0.005376102,0.005672613,3.663821,-0.006127222090442541,-0.00990943941571595,0,0
2007-01-03,-0.002628583,0.0045334105,0.011067543,0.0055796797,3.7489164,-0.007192709657256365,-0.011632632134323218,0,0
2007-01-04,0.0019283028,0.0064186454,0.0072578187,0.0054259733,3.8686132,-0.010183823464778183,-0.016470103442468364,0,0
2007-01-05,-0.007735622,0.0066199256,0.0051070526,0.0052972063,3.8881025,-0.010503174342024734,-0.016986583524913338,0,0
2007-01-08,0.0042268466,0.0057675294,0.005250762,0.0055453284,3.899781,-0.009150763050640255,-0.014799354539365546,0,0
2007-01-09,-0.0014069647,0.0055432473,0.006411924,0.005455717,4.0749216,-0.008794917205366015,-0.014223851841237523,0,0
2007-01-10,0.0028119527,0.005904776,0.006011919,0.005301011,4.1412215,-0.009368518531545321,-0.015151526325146695,0,0
2007-01-11,0.0045526256,0.005990063,0.0068661734,0.0052223844,4.133411,-0.009503834583408968,-0.015370370394795855,0,0
2007-01-12,0.0067903106,0.006256775,0.005072434,0.0052299984,4.162113,-0.00992699958311036,-0.016054747077327618,0,0
2007-01-16,-0.0013891303,0.0058351234,0.003931915,0.0053565977,4.2817426,-0.009258007511878021,-0.014972798960935386,0,0
2007-01-17,0.0,0.0051177,0.0038064003,0.0052835234,4.339449,-0.008119743104440996,-0.01313190564613988,0,0
2007-01-18,-0.0038300883,0.0047689998,0.005049478,0.005156096,4.290863,-0.0075664953328419444,-0.012237148577827917,0,0
2007-01-19,0.0024390256,0.005051911,0.0032832755,0.005083539,4.453044,-0.008015362537228015,-0.012963092945750168,0,0
2007-01-22,-0.0040101176,0.004559012,0.0055415435,0.004960872,4.565455,-0.007233328994625276,-0.011698325013873252,0,0
2007-01-23,0.00313972,0.004993043,0.004710634,0.004960201,4.5415163,-0.007921962492602954,-0.012812038835098474,0,0
2007-01-24,0.007460779,0.0050958837,0.0031152368,0.0049620136,4.3758693,-0.008085129348317741,-0.013075925478587476,0,0
2007-01-25,-0.011824168,0.00441533,0.006355553,0.0051476797,4.5906267,-0.007005363030252382,-0.011329640007935219,1,1
2007-01-26,-0.0012251686,0.0051489947,0.005315915,0.00572161,4.5502214,-0.00816939569743374,-0.013212207837709251,0,0
2007-01-29,-0.0008760404,0.005409244,0.0045169187,0.0055881385,4.552079,-0.008582306780203422,-0.013880001055971444,0,0
2007-01-30,0.00541912,0.0050876266,0.0029088224,0.005524985,4.3614397,-0.008072028729774031,-0.013054738098099051,0,0
2007-01-31,0.0062565375,0.004330493,0.007815073,0.005563271,4.3586907,-0.006870760915951312,-0.011111950575888308,0,0
2007-02-01,0.0053563844,0.005454623,0.0040665995,0.0056017176,4.508577,-0.008654305890363968,-0.013996443843516925,0,0
2007-02-02,0.0015497205,0.0051331213,0.0027591477,0.00567197,4.379668,-0.008144210622428419,-0.013171476496285412,0,0
2007-02-05,0.00051604025,0.004190757,0.0029982196,0.0056523397,4.1242332,-0.0066490552519924695,-0.010753390234400417,0,0
2007-02-06,-0.00034399726,0.0039798385,0.0040187007,0.005507766,4.1608305,-0.00631441217600378,-0.010212178370614484,0,0
2007-02-07,0.0017188041,0.004265881,0.0033238702,0.0053649386,4.1939616,-0.006768247535253384,-0.010946157640634516,0,0
2007-02-08,-0.0012028526,0.004152954,0.0043380912,0.005236201,4.247923,-0.006589077257825374,-0.01065638896845935,0,0
2007-02-09,-0.0075940993,0.0043799295,0.0086164065,0.005215481,4.0089116,-0.006949196774972935,-0.011238803394591714,1,0
2007-02-12,-0.0034710206,0.0057034437,0.004327265,0.005404503,4.107092,-0.009049084406826328,-0.014634911608152407,0,0
2007-02-13,0.00796541,0.0052314163,0.003542824,0.005437412,3.9335763,-0.008300165713410966,-0.01342369969023078,0,0
2007-02-14,0.006189841,0.004523771,0.0046788445,0.005601285,4.088454,-0.00717741519635465,-0.011607896694434726,0,0
2007-02-15,0.00068540097,0.004741305,0.0026313276,0.0056034797,4.3122134,-0.007522555145213646,-0.012166084950495556,0,0
2007-02-16,-0.00034264178,0.004099773,0.0025387818,0.0054743155,4.3141055,-0.00650470006289009,-0.010519927340508328,0,0
2007-02-19,0.00034264178,0.003700429,0.002260134,0.005402466,4.1520343,-0.005871101287971325,-0.009495220127149285,0,0
2007-02-20,0.0015404368,0.0034709126,0.0055276183,0.005251897,4.2087207,-0.0055069501500252084,-0.008906285437598895,0,0
2007-02-21,-0.00085550523,0.004345123,0.0042083473,0.005121671,4.2581635,-0.006893972935373366,-0.011149490932151557,0,0
2007-02-22,-0.0008562377,0.0045226063,0.005801246,0.004970342,4.3313866,-0.00717556746441196,-0.011604908392807612,0,0
2007-02-23,-0.0037761803,0.004937857,0.0036785656,0.0049234014,4.0922155,-0.007834404248870155,-0.012670432557602827,0,0
2007-02-26,-0.0008602151,0.0045670974,0.0058014947,0.0049697384,3.9573753,-0.007246157249155886,-0.011719071905238387,0,0
2007-02-27,-0.040212598,0.004981457,0.01941217,0.0048004542,4.041542,-0.007903580183878307,-0.012782309477823826,1,1
2007-02-28,0.009806622,0.008179863,0.012952902,0.010776107,3.2137072,-0.012978171465248305,-0.02098934916399659,0,0
2007-03-01,-0.0028429301,0.009564747,0.016531434,0.011097327,3.1582043,-0.0151754287793529,-0.024542931507424526,0,0
2007-03-02,-0.013795793,0.010739345,0.009401153,0.010404196,3.2345748,-0.017039045606593438,-0.02755692345533433,0,0
2007-03-05,-0.009789781,0.009808625,0.009553517,0.010837888,3.3284194,-0.015562365745856718,-0.02516871728288245,0,0
2007-03-06,0.016801046,0.009180358,0.012030624,0.011032032,3.2729223,-0.014565556891375968,-0.023556597335747845,0,0
2007-03-07,-0.0016136265,0.009956996,0.0057532545,0.012246802,3.1214516,-0.015797771500647238,-0.025549434519955713,0,0
2007-03-08,0.008220203,0.008119354,0.007980956,0.011534693,3.1707084,-0.012882168127381757,-0.020834084796840877,0,0
2007-03-09,0.00017795178,0.007817523,0.008047492,0.011776985,3.1267536,-0.012403282517837635,-0.02005959223483013,0,0
2007-03-12,0.0014224753,0.00804438,0.005959084,0.011390898,3.0503473,-0.012763213823308368,-0.02064170226980753,0,0
2007-03-13,-0.010718216,0.0072397175,0.009785872,0.010782826,3.0901465,-0.011486536919978373,-0.018576957065496072,0,0
2007-03-14,0.006979894,0.0080172075,0.01294959,0.010634533,3.2300816,-0.01272010249094917,-0.020571979134292227,0,0
2007-03-15,0.0012476608,0.009662263,0.005984877,0.010278628,3.3291104,-0.015330146921478613,-0.024793154207577404,0,0
2007-03-16,-0.0032114212,0.008083828,0.0070919804,0.010083705,3.1956005,-0.012825802349627598,-0.020742925499604728,0,0
2007-03-19,0.011901731,0.0074655786,0.0071464814,0.009956671,3.082964,-0.011844887428336531,-0.019156510507455562,0,0
2007-03-20,0.0054592015,0.007465205,0.0045393114,0.010072634,3.1894927,-0.011844295647391126,-0.019155553431420235,0,0
2007-03-21,0.014990694,0.006347845,0.010667596,0.009619127,3.3160853,-0.01007149095421929,-0.01628843021578135,0,0
2007-03-22,0.0,0.0076296534,0.004890108,0.010104186,3.418126,-0.012105208608710767,-0.019577522987086413,0,0
2007-03-23,0.0013831261,0.006754014,0.0035344623,0.009920846,3.271203,-0.01071591959189813,-0.017330652359612543,0,0
2007-03-26,-0.0012101306,0.0053469506,0.007591209,0.009788727,3.128532,-0.00848347212341,-0.013720157650720119,0,0
2007-03-27,-0.0032920414,0.0062071867,0.0045079207,0.009272397,3.195116,-0.009848323482741634,-0.015927505720875926,0,0
2007-03-28,-0.007665543,0.005792556,0.006605944,0.008787082,3.3192456,-0.009190469380403792,-0.014863570829130195,0,0
2007-03-29,0.0013981127,0.0060407384,0.007374296,0.008618888,3.4634767,-0.00958423625910321,-0.015500402491307734,0,0
2007-03-30,-0.00017465724,0.006633864,0.010761432,0.0084759565,3.303894,-0.010525289214051827,-0.0170223494856218,0,0
2007-04-02,0.0013964045,0.007850995,0.0050233616,0.008132283,3.2979276,-0.012456389880936738,-0.020145481760195937,0,0
2007-04-03,0.009720611,0.0066756653,0.0060301307,0.007704875,3.3834164,-0.010591611208537332,-0.017129610782271827,0,0
2007-04-04,0.0008633342,0.0062690903,0.0027348264,0.008185378,3.2204337,-0.009946539212674722,-0.016086348147521502,0,0
2007-04-05,0.0029297736,0.004913308,0.003609278,0.0077489167,3.309445,-0.007795455290133078,-0.012607441149553113,0,0
2007-04-06,0.0,0.0045661437,0.0033990436,0.00782488,3.038583,-0.007244644316830628,-0.011716625068646546,0,0
2007-04-09,0.0012038869,0.004449658,0.002930888,0.0073399963,3.1388817,-0.007059828141529744,-0.011417725393531919,0,0
2007-04-10,0.0010307508,0.0041125934,0.0033416238,0.0069189738,3.2380855,-0.006525040949376712,-0.010552824268239338,0,0
2007-04-11,-0.0051644114,0.0040936503,0.0059369793,0.0065335645,3.3221982,-0.006494985897233509,-0.010504216805680764,0,0
2007-04-12,0.004820946,0.004892398,0.0065412996,0.006580909,3.0766609,-0.007762279362637116,-0.012553786354814364,0,0
2007-04-13,0.0039427495,0.005565758,0.0038363077,0.0064210435,3.25226,-0.00883063218077147,-0.01428161298973028,0,0
2007-04-16,0.009704682,0.0049107457,0.00510529,0.0062439716,3.394652,-0.0077913897369408635,-0.012600866007922054,0,0
2007-04-17,0.0023692683,0.0049951933,0.005206981,0.0066037714,3.600913,-0.007925374734109262,-0.01281755738820124,0,0
2007-04-18,0.0008448087,0.005229294,0.00546286,0.0063815443,3.6720023,-0.008296797810232372,-0.013418252844659712,0,0
2007-04-19,0.0,0.0053693396,0.006471019,0.0061773844,3.6438382,-0.008518995267683306,-0.013777608554381851,0,0
2007-04-20,0.008576526,0.0057751443,0.004307876,0.0059257713,3.7114182,-0.009162844792510375,-0.014818894110043916,0,0
2007-04-23,-0.0031865856,0.0052595627,0.0031607046,0.0061980053,3.7853196,-0.008344822553193335,-0.013495922345422432,0,0
2007-04-24,0.00016796842,0.004491547,0.005349667,0.006017937,3.8982103,-0.007126289032613292,-0.011525211325000636,0,0
2007-04-25,0.008196082,0.004938735,0.0059775957,0.0058539724,3.797973,-0.007835797739169734,-0.012672686222884786,0,0
2007-04-26,0.0013317798,0.005468626,0.0035555782,0.0061015063,3.7762861,-0.00867652301200395,-0.014032375170573999,0,0
2007-04-27,-0.0004992096,0.0047870055,0.0043630507,0.005934443,3.7471955,-0.0075950632412790705,-0.012283350911236559,0,0
2007-04-30,-0.009028652,0.0047141854,0.006124482,0.0057474505,3.7440674,-0.00747952706032689,-0.012096496449529568,1,0
2007-05-01,0.002851155,0.0053520296,0.004710195,0.006105821,3.6591954,-0.008491530840687957,-0.013733190860461097,0,0
2007-05-02,0.005511496,0.0052324017,0.0048729354,0.0059001157,3.7986982,-0.008301729318110754,-0.013426228478287417,0,0
2007-05-03,0.0048184856,0.0051353076,0.0038432197,0.0058253193,3.9812436,-0.008147679870356073,-0.013177087244786077,0,0
2007-05-04,0.0039702286,0.004783968,0.0038369917,0.0057259235,4.145529,-0.007590243936515719,-0.012275556741566622,0,0
2007-05-07,0.0,0.0045768754,0.0020605025,0.0056910296,4.0557175,-0.007261671139536594,-0.011744162224237837,0,0
2007-05-08,-0.0013216588,0.0037531683,0.0037962047,0.0055984203,3.8818467,-0.005954777213437665,-0.009630547605364257,0,0
2007-05-09,0.0021468096,0.0040132087,0.005025858,0.0054236692,3.9421887,-0.006367357116045238,-0.010297805212267232,0,0
2007-05-10,-0.010780434,0.00463541,0.0064119985,0.0052654473,4.0301275,-0.007354541838820581,-0.01189436023476619,1,0
2007-05-11,0.008633625,0.005296693,0.00566296,0.0057000103,4.2266006,-0.008403733712903804,-0.013591198240345688,0,0
2007-05-14,-0.0023171145,0.0054406007,0.006180919,0.0058710095,4.282801,-0.008632058003353732,-0.01396046276021337,0,0
2007-05-15,-0.0001657138,0.0056351423,0.007836001,0.005752422,4.2312636,-0.00894071700957442,-0.014459651083585875,0,0
2007-05-16,0.0062778993,0.0063066795,0.0041578067,0.00563084,4.1336694,-0.010006177882905231,-0.01618280063133222,0,0
2007-05-17,-0.0018132371,0.0054401183,0.0039467397,0.005686236,4.1164794,-0.008631292488552794,-0.013959224707727307,0,0
2007-05-18,0.008379249,0.0048588756,0.0044019,0.005585867,4.033811,-0.007709092371520893,-0.012467768048575302,0,0
2007-05-21,0.0,0.004878609,0.003575684,0.005808131,3.980807,-0.007740401564933718,-0.012518403809887639,0,0
2007-05-22,-0.0018013597,0.0045737643,0.0037033777,0.005679155,3.925314,-0.007256735107339057,-0.01173617927351506,0,0
2007-05-23,0.00016389412,0.0044292365,0.0054308656,0.005515382,4.0056014,-0.007027427229904944,-0.011365324017178881,0,0
2007-05-24,-0.00921969,0.004946529,0.010043474,0.00542626,3.95305,-0.007848163608282758,-0.012692685307133633,1,0
2007-05-25,0.0037969504,0.0064717457,0.004100133,0.0057209684,3.884651,-0.010268072621481395,-0.01660635799662887,0,0
2007-05-29,0.003454235,0.005523817,0.004309964,0.0057282224,3.7699492,-0.008764088494647396,-0.014173993155421758,0,0
2007-05-30,0.0075249826,0.00495736,0.009044334,0.005590657,3.890427,-0.007865347877295299,-0.012720477097633404,0,0
2007-05-31,-0.00065210304,0.0062912805,0.003570689,0.005772283,3.857015,-0.009981746559471046,-0.01614328831794726,0,0
2007-06-01,0.0042310883,0.005291243,0.0041549313,0.0056131673,3.8928468,-0.008395086834135763,-0.01357721380824544,0,0
2007-06-04,0.00048705254,0.0048280093,0.004349016,0.0056219217,3.8123455,-0.007660120236128983,-0.012388566348104655,0,0
2007-06-05,-0.004229024,0.0048905043,0.006103424,0.005441422,3.9123724,-0.0077592743098547105,-0.012548926340268014,0,0
2007-06-06,-0.011310669,0.005420574,0.0068373373,0.005382591,3.98394,-0.008600283709931827,-0.013909074801527704,1,0
2007-06-07,-0.018132411,0.005977235,0.0125101805,0.0058495714,3.8734748,-0.009483481481260629,-0.015337453710908153,1,1
2007-06-08,0.012511632,0.0077154934,0.011436661,0.0069723064,3.7506087,-0.012241402378490382,-0.019797786573179404,0,0
2007-06-11,0.0016564523,0.008769141,0.0057924083,0.007574661,3.652651,-0.013913119303929867,-0.02250142247022146,0,0
2007-06-12,-0.0019880722,0.0072257705,0.006315162,0.0070903385,3.7789938,-0.011464408474993817,-0.018541169153502398,0,0
2007-06-13,0.014978471,0.0066549336,0.009138586,0.006856207,3.703948,-0.010558718503420439,-0.01707641403768454,0,0
2007-06-14,0.0060265674,0.0075159026,0.0047176927,0.007678477,3.5291548,-0.011924731707910944,-0.019285641137854657,0,0
2007-06-15,0.005344575,0.00643993,0.0063915267,0.0074661835,3.61054,-0.010217592982947213,-0.016524718240080467,0,0
2007-06-18,-0.0011313133,0.0063291388,0.004205111,0.0073650344,3.5236697,-0.010041812325429738,-0.016240431535532708,0,0
2007-06-19,0.0019386113,0.0056692283,0.004473555,0.0070827766,3.4827285,-0.008994798006155567,-0.014547115247811023,0,0
2007-06-20,-0.014304535,0.0052982997,0.010005239,0.0067321053,3.6089904,-0.008406282714315436,-0.013595320691708853,1,1
2007-06-21,0.005713835,0.006800135,0.008090878,0.0073422464,3.6260927,-0.010789095025038841,-0.01744899759187656,0,0
2007-06-22,-0.009979633,0.007364897,0.008464874,0.0072504985,3.5484724,-0.011685146387085517,-0.01889816436835454,0,0
2007-06-25,-0.004614379,0.007520785,0.010462377,0.0074714813,3.5137267,-0.011932478247167243,-0.01929816946803572,0,0
2007-06-26,-0.010460868,0.008352835,0.00807354,0.0072360155,3.513625,-0.013252608521384514,-0.021433190980249865,0,0
2007-06-27,0.014088241,0.008136046,0.010076099,0.0073997313,3.647991,-0.012908651681984415,-0.020876916144550176,0,0
2007-06-28,-0.0011527379,0.008560556,0.0057857726,0.008158372,3.532294,-0.013582178930737203,-0.02196619891704187,0,0
2007-06-29,-0.0011540683,0.0074319923,0.01196448,0.007622832,3.647152,-0.01179159999733508,-0.019070329761705918,0,0
2007-07-02,0.010175699,0.008597492,0.0053355754,0.00733699,3.528645,-0.013640782436745168,-0.022060977249500277,0,0
2007-07-03,0.0034232652,0.0073891752,0.001942811,0.0074671293,3.6778288,-0.011723666440366749,-0.018960462115791495,0,0
2007-07-05,-0.0011397868,0.0046932837,0.0056217094,0.0072353682,3.6040995,-0.007446364253356475,-0.012042862874366525,0,0
2007-07-06,0.0051998817,0.0051719407,0.0048238323,0.006842007,3.7003813,-0.008205801988806001,-0.0132710870383289,0,0
2007-07-09,0.0,0.005418741,0.0036671425,0.0066741128,3.7638564,-0.00859737547757933,-0.01390437137281588,0,0
2007-07-10,-0.014694142,0.004860238,0.0071876515,0.0064936476,3.5969176,-0.007711254091212903,-0.012471264156600366,1,1
2007-07-11,0.007210782,0.0056982487,0.0062824637,0.0073469304,3.5226803,-0.009040842002190698,-0.014621581324351532,0,0
2007-07-12,0.016036628,0.0060816486,0.009057311,0.0072972607,3.567037,-0.009649144856284857,-0.015605377927457493,0,0
2007-07-13,0.002728077,0.006926873,0.005220552,0.00810885,3.6472378,-0.010990177484995822,-0.017774204418900992,0,0
2007-07-16,-0.00016026925,0.0062917243,0.004411044,0.007751583,3.639983,-0.009982450543531484,-0.016144426857940354,0,0
2007-07-17,-0.000641334,0.0054892837,0.004754451,0.008138453,3.252493,-0.008709298084822827,-0.014085381670689432,0,0
2007-07-18,-0.002569457,0.005359548,0.0069841463,0.00813765,3.1134803,-0.008503459660570657,-0.01375248311332606,0,0
2007-07-19,0.003210791,0.0060271434,0.0073003164,0.008218811,2.9756074,-0.009562666115102317,-0.015465517508845856,0,0
2007-07-20,-0.009501642,0.006548638,0.009673365,0.008129091,3.0250576,-0.010390069982618086,-0.016803662001807166,0,0
2007-07-23,0.0025856511,0.0074493377,0.0054208157,0.008156335,3.0732493,-0.011819120525887943,-0.019114838187605555,0,0
2007-07-24,-0.01725584,0.0066038403,0.012116704,0.008025391,3.1118166,-0.01047765356253815,-0.01694530925503521,1,1
2007-07-25,0.0014767416,0.007980853,0.010067415,0.008399447,3.1840646,-0.01266242285091255,-0.020478694952647376,0,0
2007-07-26,-0.024397526,0.008765469,0.023360243,0.008456246,3.020215,-0.01390729469545039,-0.02249200244202668,1,1
2007-07-27,-0.020367302,0.012013443,0.01318785,0.009592474,3.0047097,-0.019060529502091205,-0.03082623080156662,1,0
2007-07-30,0.015483082,0.012309615,0.011309556,0.011866385,2.9632413,-0.01953043614784135,-0.03158620185669889,0,0
2007-07-31,-0.012743355,0.011221165,0.017235195,0.013039231,2.8608902,-0.01780350171684911,-0.028793263741149776,0,0
2007-08-01,0.0054570395,0.012782456,0.015555542,0.013044817,2.947037,-0.0202806460819434,-0.032799502073553866,0,0
2007-08-02,0.007961421,0.0136113,0.0072228066,0.01214706,3.0481954,-0.021595690116567205,-0.03492629770748886,0,0
2007-08-03,-0.026499541,0.010540134,0.01661178,0.011739907,3.0915136,-0.016722978480189207,-0.027045754120492094,1,0
2007-08-06,0.017006336,0.011866587,0.016037421,0.014696436,2.9709957,-0.018827528875363205,-0.030449403332233258,0,0
2007-08-07,0.009999236,0.013513679,0.01512181,0.015321437,2.9795356,-0.021440804574632776,-0.03467580427481835,0,0
2007-08-08,0.014398374,0.013723597,0.010832297,0.014878551,3.0054047,-0.021773859614598243,-0.03521444783823426,0,0
2007-08-09,-0.031062592,0.012321642,0.013429644,0.014784433,3.1013842,-0.01954951791630728,-0.03161706243687156,1,0
2007-08-10,-0.0048126597,0.012339504,0.017043345,0.01784017,3.1794786,-0.019577858251490932,-0.03166289672039811,0,0
2007-08-13,0.0027529267,0.013844534,0.009180849,0.01689747,3.064098,-0.021965739609395015,-0.03552477169388369,0,0
2007-08-14,-0.0143638365,0.01188349,0.013069399,0.016094014,2.9064958,-0.01885434541985563,-0.030492773218139806,0,0
2007-08-15,-0.013865952,0.011801998,0.017135318,0.015886752,2.9889047,-0.018725051236786597,-0.03028366820203053,0,0
2007-08-16,0.0070447633,0.013518036,0.029145239,0.015735822,2.9925032,-0.02144771773430082,-0.03468698479608728,0,0
2007-08-17,0.017742682,0.017576266,0.033751503,0.015016071,2.9592555,-0.027886506158452718,-0.045100314500468544,0,0
2007-08-20,-0.0006898931,0.021879049,0.011004301,0.015350642,3.1045341,-0.034713302003020384,-0.0561411612050016,0,0
2007-08-21,0.000862292,0.01683997,0.0096090995,0.014503398,3.0367303,-0.026718297997123688,-0.043210993723653224,0,0
2007-08-22,0.012675744,0.012817448,0.006249166,0.013682546,3.0144982,-0.02033616490715184,-0.03288929161059267,0,0
2007-08-23,-0.0015330894,0.009810117,0.012848791,0.013614611,3.144908,-0.015564732869638342,-0.025172545587023747,0,0
2007-08-24,0.011525551,0.010532863,0.009033663,0.012891143,3.02887,-0.016711441466345286,-0.02702709552806031,0,0
2007-08-27,-0.009311843,0.010165457,0.0047817035,0.012815955,3.1637874,-0.0161285155183886,-0.026084340511209208,0,0
2007-08-28,-0.021665221,0.0077018454,0.011152959,0.012517177,3.2625327,-0.012219748987017045,-0.01976276695616821,1,1
2007-08-29,0.018769385,0.008632253,0.010648831,0.013824172,3.4297502,-0.013695933887238264,-0.022150172638419292,0,0
2007-08-30,-0.0027331756,0.009594736,0.009050543,0.014466215,3.486614,-0.015223009234172892,-0.024619882469451248,0,0
2007-08-31,0.010380422,0.0092661185,0.009254372,0.013759393,3.4511123,-0.014701624885083088,-0.023776657506597854,0,0
2007-09-04,0.008596766,0.0091170985,0.013517004,0.01345808,3.531431,-0.014465189395253009,-0.023394274898686365,0,0
2007-09-05,-0.008766071,0.0104241,0.0087673655,0.01309565,3.4496582,-0.01653887850461048,-0.02674801274152725,0,0
2007-09-06,0.0020297708,0.0097885495,0.0070499703,0.012747458,3.4405758,-0.015530514539009187,-0.025117204933580575,0,0
2007-09-07,-0.013439004,0.008464483,0.011899148,0.012069685,3.4118862,-0.013429749189239825,-0.02171967720357605,1,0
2007-09-10,-0.003087481,0.0094757,0.011963842,0.012259004,3.5516074,-0.015034146055388328,-0.02431443765279535,0,0
2007-09-11,0.011953694,0.010416587,0.006851827,0.011671644,3.5174599,-0.016526957828502255,-0.02672873365943342,0,0
2007-09-12,0.0023736872,0.008816603,0.007219183,0.011770889,3.6009946,-0.013988422976800844,-0.02262320966400701,0,0
2007-09-13,0.0059096836,0.00800404,0.008723815,0.011155657,3.5779355,-0.01269921189968528,-0.020538193179510056,0,0
2007-09-14,0.0,0.008292992,0.006568063,0.010724156,3.589518,-0.013157661159608623,-0.02127963442308379,0,0
2007-09-17,-0.0054017687,0.0076828673,0.0049416795,0.010061774,3.5448282,-0.012189637833316327,-0.019714068761630756,0,0
2007-09-18,0.037213597,0.0065702884,0.014941741,0.009510246,3.5938225,-0.01042442042336655,-0.016859216314426422,0,0
2007-09-19,0.0055293683,0.008827393,0.00862604,0.015707675,3.466969,-0.014005543000481391,-0.02265089755175677,0,0
2007-09-20,-0.0063450956,0.009089457,0.0050389823,0.014957321,3.4127948,-0.014421333359960984,-0.02332334736932233,0,0
2007-09-21,0.0017937225,0.00713378,0.0069918283,0.014308348,3.394652,-0.011318456653661822,-0.01830512405675965,0,0
2007-09-24,-0.0017937225,0.007059318,0.006765772,0.01359806,3.2722464,-0.011200314917308577,-0.018114055680001104,0,0
2007-09-25,-0.0017969457,0.007138581,0.00584035,0.012966912,3.1302693,-0.011326073797390302,-0.01831744311802167,0,0
2007-09-26,0.004730455,0.0066995975,0.005348387,0.012298788,3.1135137,-0.01062958200947321,-0.01719102023436713,0,0
2007-09-27,0.0053558513,0.0062598246,0.0025031462,0.011745105,3.1265168,-0.00993183879487799,-0.016062573442215868,0,0
2007-09-28,-0.0042173625,0.004766794,0.0052075097,0.011252963,3.1432598,-0.007562995771975955,-0.012231488804790275,0,0
2007-10-01,0.01195684,0.005083627,0.009853565,0.010748492,3.1099007,-0.00806568291972796,-0.01304447514055206,0,0
2007-10-02,-0.0012857604,0.0067578442,0.0038961994,0.011005741,3.197497,-0.010721996657386428,-0.017340480681712296,0,0
2007-10-03,-0.0024152657,0.0056940876,0.0043368484,0.01048022,3.045933,-0.009034240115680483,-0.014610904219223507,0,0
2007-10-04,0.0009668064,0.0051214984,0.0030173603,0.009958977,3.0251954,-0.008125769497554763,-0.013141652016774837,0,0
2007-10-05,0.011847721,0.0045257453,0.0074600945,0.00940298,3.0024455,-0.00718054783493721,-0.011612963051062086,0,0
2007-10-08,-0.0051061227,0.0055554383,0.0038383855,0.00995001,3.0991323,-0.008814258669751412,-0.014255132422667285,0,0
2007-10-09,0.008601518,0.005138624,0.00558316,0.009597182,3.1261644,-0.008152941653532732,-0.013185597026353987,0,0
2007-10-10,-0.0019050649,0.0052780057,0.0048314743,0.009599004,3.1963196,-0.008374084039756842,-0.013543246389505503,0,0
2007-10-11,-0.0050979876,0.005311758,0.013376386,0.0092111975,3.0672083,-0.008427635690996915,-0.01362985445360731,0,0
2007-10-12,0.005892206,0.007389122,0.006162842,0.00895586,3.0875347,-0.011723582288030476,-0.01896032601782317,0,0
2007-10-15,-0.009091697,0.0069784257,0.010316585,0.008785297,3.1246061,-0.011071970841261984,-0.017906487253856802,0,0
2007-10-16,-0.008205339,0.0075959805,0.005513393,0.00899418,3.17439,-0.012051783638407018,-0.0194911198016466,0,0
2007-10-17,0.0032258092,0.0068163997,0.012371519,0.009012091,3.25326,-0.010814900836632156,-0.017490732838744177,0,0
2007-10-18,-0.0037105794,0.008177554,0.006297111,0.008650649,3.2637122,-0.01297450857646084,-0.020983425243826875,0,0
2007-10-19,-0.026864842,0.0075391475,0.011932792,0.00829829,3.2999527,-0.011961612147930593,-0.019345287170037778,1,1
2007-10-22,0.0051337364,0.008523027,0.010388986,0.012071754,3.232763,-0.013522636176072769,-0.02186990155564666,0,0
2007-10-23,0.007897376,0.009288924,0.00635614,0.011600013,3.2290895,-0.014737807675089117,-0.023835175242720982,0,0
2007-10-24,-0.0022969658,0.007894733,0.013689323,0.01134359,3.251711,-0.012525783888128136,-0.02025771136439937,0,0
2007-10-25,0.0019691507,0.009407785,0.011243214,0.010844442,3.2294905,-0.014926392155813767,-0.024140169326320484,0,0
2007-10-26,0.011410067,0.010150911,0.007997234,0.010440352,3.146275,-0.016105437871245434,-0.026047017472669576,0,0
2007-10-29,0.0029130948,0.009013055,0.004234838,0.01059316,3.234901,-0.014300114181718863,-0.023127301904496293,0,0
2007-10-30,-0.007135937,0.006829583,0.004046762,0.0101425005,3.2440605,-0.010835817668947144,-0.017524561232677763,0,0
2007-10-31,0.012293911,0.0057477187,0.008594251,0.010019647,3.197929,-0.009119330795746429,-0.014748519753067272,0,0
2007-11-01,-0.025565179,0.00683649,0.01347527,0.010343238,3.2884183,-0.010846775569939291,-0.017542283236940424,1,1
2007-11-02,0.0011538779,0.008973397,0.013202244,0.013007715,3.3283818,-0.014237193570373695,-0.02302554159992086,0,0
2007-11-05,-0.007939175,0.01029259,0.009435322,0.012466593,3.1904774,-0.01633022414411656,-0.02641056002419151,0,0
2007-11-06,0.012869341,0.00966184,0.006807769,0.012153473,3.194122,-0.01532947732224375,-0.024792071277506853,0,0
2007-11-07,-0.028095938,0.008271007,0.013147269,0.0122899,3.2721462,-0.013122780468655252,-0.021223222546922178,1,1
2007-11-08,-0.0049015563,0.009627656,0.017557362,0.01514672,3.2659235,-0.015275239784219859,-0.02470435394179224,0,0
2007-11-09,-0.013991015,0.012169737,0.010289033,0.014331186,3.2771158,-0.01930850743494819,-0.031227280782423983,0,0
2007-11-12,-0.010189191,0.011249838,0.013251578,0.014359062,3.3523285,-0.017848994650811224,-0.028866838595510605,0,0
2007-11-13,0.029418917,0.011422978,0.015470952,0.014092456,3.3083684,-0.01812369864177755,-0.029311112120373083,0,0
2007-11-14,-0.0035458037,0.012657898,0.012577798,0.016724149,3.3895373,-0.020083022011548102,-0.03247988843400192,0,0
2007-11-15,-0.0136241885,0.012487382,0.01476645,0.015746545,3.3767102,-0.0198124803942039,-0.03204234663660503,0,0
2007-11-16,0.0015420204,0.012875335,0.009280781,0.015545067,3.4738736,-0.02042800858598776,-0.033037828640539835,0,0
2007-11-19,-0.01570216,0.011344774,0.012495581,0.014695415,3.4695342,-0.0179996200938298,-0.029110442251461994,0,0
2007-11-20,0.00589563,0.011353571,0.01663975,0.01484626,3.580688,-0.018013576713557532,-0.029133014026337906,0,0
2007-11-21,-0.019730017,0.013012776,0.008705828,0.014192108,3.5919528,-0.020646071720595332,-0.033390497988785836,0,0
2007-11-23,0.016959932,0.011203469,0.008200354,0.014962728,3.711585,-0.017775425601904076,-0.028747856775975387,0,0
2007-11-26,-0.02297339,0.009677484,0.01864178,0.015273813,3.7948813,-0.01535429592739756,-0.024832209934229917,1,0
2007-11-27,0.012166244,0.01218463,0.010896984,0.01646613,3.808032,-0.01933213523930054,-0.03126549357972429,0,0
2007-11-28,0.030378588,0.011942544,0.01876782,0.01608393,3.830377,-0.01894804225981723,-0.030644307330228174,0,0
2007-11-29,0.00067980966,0.013450279,0.0078198705,0.018591898,3.8224902,-0.021340214482007416,-0.034513121836679365,0,0
2007-11-30,0.008290378,0.011217191,0.0098800445,0.017421821,3.7883666,-0.01779719662567543,-0.02878306663745843,0,0
2007-12-03,-0.0055757514,0.010220589,0.0058019115,0.016634673,3.787868,-0.016215988704921292,-0.026225809227317515,0,0
2007-12-04,-0.008336926,0.008489645,0.0039197514,0.01580607,3.6955445,-0.013469671781458947,-0.021784243250485107,0,0
2007-12-05,0.016100679,0.0065005645,0.0075583896,0.01517447,3.6771035,-0.01031379629572039,-0.01668030602283833,0,0
2007-12-06,0.013691982,0.006963029,0.010673873,0.015337917,3.7642632,-0.011047542232419291,-0.017866979330728883,0,0
2007-12-07,-0.00016585123,0.008399549,0.0067983745,0.015209649,3.8001935,-0.013326725012909357,-0.02155305816828871,0,0
2007-12-10,0.00760083,0.007857653,0.007752675,0.01433339,3.7626727,-0.012466953261298616,-0.02016256571376838,0,0
2007-12-11,-0.027197806,0.007669145,0.017499201,0.013759283,3.7570252,-0.012167865904681144,-0.019678857436728696,1,1
2007-12-12,0.008254069,0.010367924,0.022197608,0.016083425,3.7805183,-0.016449749417267245,-0.026603865968622856,0,0
2007-12-13,-0.0015109547,0.013803605,0.010710396,0.015418231,3.789872,-0.02190080115170695,-0.03541974796490646,0,0
2007-12-14,-0.013532006,0.012222338,0.009361857,0.014586311,3.6701984,-0.019391961216344046,-0.031362248991270956,0,0
2007-12-17,-0.014754085,0.010483858,0.0065836958,0.014522471,3.7430952,-0.016633690136811735,-0.02690134978584119,0,0
2007-12-18,0.013731764,0.008792664,0.012134639,0.014609343,3.811043,-0.013950441317498995,-0.022561782650883537,0,0
2007-12-19,-0.0010233669,0.009749467,0.009507495,0.014563285,3.8771935,-0.0154685042206779,-0.025016916828533485,0,0
2007-12-20,0.0066332417,0.009842772,0.007241202,0.013744154,3.8381321,-0.015616543562867772,-0.025256338032942124,0,0
2007-12-21,0.0156424,0.008646746,0.008591415,0.013166921,3.815694,-0.013718928286908988,-0.022187361042409613,0,0
2007-12-24,0.0056581944,0.008525295,0.0057215863,0.013586796,3.8450751,-0.01352623391466441,-0.021875720109647348,0,0
2007-12-26,0.0021549945,0.007494251,0.0053552156,0.012988504,3.7887125,-0.011890379457434817,-0.019230083898397376,0,0
2007-12-27,-0.013335753,0.0066522276,0.009051613,0.012295461,3.7099802,-0.01055442492454284,-0.017069470114461888,1,0
2007-12-28,-0.0028569046,0.007532887,0.010274391,0.012532618,3.7854125,-0.011951679457658852,-0.01932922321951827,0,0
2007-12-31,-0.0055691646,0.008585763,0.007917891,0.011881211,3.7411785,-0.013622173007198965,-0.02203088057405305,0,0
2008-01-02,-0.012773741,0.008273748,0.013842912,0.0113841,3.737266,-0.013127129244226536,-0.0212302557387047,0,0
2008-01-03,0.00017139429,0.009752949,0.0066683013,0.011682151,3.8152668,-0.01547402931922935,-0.025025852465034543,0,0
2008-01-04,-0.024812585,0.008560446,0.016330564,0.0110648805,3.710857,-0.01358200429201784,-0.021965916477172116,1,1
2008-01-07,-0.001054667,0.010366827,0.01106249,0.01362318,3.747687,-0.0164480084592566,-0.02660105035043942,0,0
2008-01-08,-0.017385572,0.0108494945,0.019513277,0.012899853,3.7188232,-0.017213809197164986,-0.027839565276910058,1,0
2008-01-09,0.010325888,0.012840241,0.014598021,0.013580283,3.8030589,-0.02037232869501742,-0.0329477786149165,0,0
2008-01-10,0.00670788,0.013392604,0.016912576,0.013329523,3.8195906,-0.02124870741251659,-0.034365129198605494,0,0
2008-01-11,-0.0093681635,0.013945123,0.010348877,0.012847264,3.768738,-0.022125334062705428,-0.03578288075910441,0,0
2008-01-14,0.0088402275,0.012308042,0.012233167,0.012570298,3.8154008,-0.019527940533395738,-0.031582165747057564,0,0
2008-01-15,-0.02296905,0.011795752,0.011780646,0.012272088,3.860207,-0.018715141168110627,-0.030267640836986378,1,0
2008-01-16,-0.008683123,0.011695695,0.014599527,0.014072239,3.9288676,-0.018556391857618273,-0.030010898605124983,0,0
2008-01-17,-0.02669771,0.01246213,0.023001458,0.013634109,3.948537,-0.019772416643227157,-0.03197755229632975,1,0
2008-01-18,-0.010881908,0.015345562,0.022518152,0.015927652,4.0123343,-0.024347270632933873,-0.03937637639272721,0,0
2008-01-22,-0.012146667,0.017514005,0.040632922,0.015492846,4.0334473,-0.027787722174033826,-0.04494055304668202,0,0
2008-01-23,0.024333937,0.022664241,0.043141883,0.015229445,4.015699,-0.03595908956975509,-0.058155949674423335,0,0
2008-01-24,0.007981481,0.027873505,0.011741737,0.016832313,4.004531,-0.044224104942791075,-0.07152280138962626,0,0
2008-01-25,-0.013587925,0.020366054,0.019815005,0.016040012,4.009293,-0.03231278512658167,-0.052258851048400924,0,0
2008-01-28,0.015250435,0.018411484,0.023962287,0.01582915,4.072772,-0.029211661141522953,-0.04724346237846887,0,0
2008-01-29,0.005521825,0.020003255,0.007857477,0.015850775,4.1095557,-0.03173716866865096,-0.051327917530347,0,0
2008-01-30,-0.008479314,0.014325103,0.020196034,0.015058851,4.043458,-0.022728210448405704,-0.03675790123838186,0,0
2008-01-31,0.02124622,0.014941348,0.025643626,0.014514499,4.0266404,-0.023705944773331173,-0.03833917231269591,0,0
2008-02-01,0.012605965,0.018286683,0.008755881,0.015572785,4.1687465,-0.029013653408863357,-0.04692322824925488,0,0
2008-02-04,-0.013149789,0.014005057,0.0077747665,0.015307056,4.2598715,-0.022220424392966603,-0.03593666853647473,0,0
2008-02-05,-0.02608524,0.010667484,0.015741136,0.015127463,4.3673515,-0.016925030954172908,-0.027372529732699814,1,0
2008-02-06,-0.009913108,0.012004441,0.013732148,0.016842568,4.543511,-0.019046247131384347,-0.030803132195845576,0,0
2008-02-07,0.0076772217,0.01277735,0.018582962,0.016223371,4.61819,-0.020272543931201557,-0.032786398619700195,0,0
2008-02-08,-0.007489269,0.014218092,0.011091503,0.015567583,4.5615573,-0.022558425418631744,-0.03648331114822258,0,0
2008-02-11,0.0059958957,0.012910698,0.0110918805,0.014938929,4.6041408,-0.02048411376295862,-0.033128566473099884,0,0
2008-02-12,0.0085566,0.011727531,0.015144346,0.014313005,4.5222764,-0.018606903166386538,-0.030092589581338883,0,0
2008-02-13,0.010318868,0.012647912,0.012463256,0.013875801,4.54031,-0.020067177845869116,-0.03245426396706227,0,0
2008-02-14,-0.009393199,0.012512105,0.011121961,0.013596188,4.7092404,-0.01985170624127323,-0.032105785850873106,0,0
2008-02-15,0.000185031,0.011675785,0.010619475,0.013260076,4.87381,-0.0185248030612817,-0.029959810647337243,0,0
2008-02-19,0.0031403,0.011065534,0.012509442,0.012460217,5.0009794,-0.017556578855218948,-0.028393920106863042,0,0
2008-02-20,0.0025787451,0.011367439,0.016677042,0.011692625,5.178758,-0.018035581192197257,-0.02916860144992663,0,0
2008-02-21,-0.008869238,0.012898145,0.014787293,0.01092785,5.357057,-0.020464199519768266,-0.0330963595474341,0,0
2008-02-22,0.0062904926,0.013382613,0.015525692,0.010649115,5.674795,-0.021232854198199296,-0.0343394900974757,0,0
2008-02-25,0.011807552,0.013667492,0.013046238,0.010162936,5.8905516,-0.021684844540097704,-0.035070485456125663,0,0
2008-02-26,0.008096328,0.0131345205,0.011559037,0.010340703,6.319114,-0.020911377607354037,-0.03355639477877992,0,0
2008-02-27,-0.0016285175,0.012181395,0.009715885,0.010562745,8.091945,-0.01962531381102601,-0.030530999230706256,0,0
2008-02-28,-0.0107420245,0.010984381,0.0066619543,0.010013484,7.7505083,-0.01766796543509706,-0.027616686152616685,0,0
2008-02-29,-0.025585378,0.009059798,0.014984558,0.0101076355,8.042225,-0.01459287134818256,-0.022717112187116646,1,1
2008-03-03,0.00056322163,0.010630746,0.008305458,0.012834762,7.47335,-0.017073509274550897,-0.026800053886906608,0,0
2008-03-04,-0.0037608168,0.009978488,0.016107526,0.0122457305,7.1305866,-0.01599200882203668,-0.0252462884834235,0,0
2008-03-05,0.006384998,0.011385119,0.012657985,0.011842753,6.6677938,-0.018183613245372987,-0.028959015001765186,0,0
2008-03-06,-0.0208065,0.011933846,0.017448442,0.011446458,6.7194858,-0.019068081818297073,-0.030335820859100478,1,0
2008-03-07,-0.011727521,0.013203971,0.018498022,0.0127719175,6.853373,-0.021119643462803896,-0.03351144252666089,0,0
2008-03-10,-0.013433474,0.014762193,0.012514036,0.012731698,7.05181,-0.023645956233578652,-0.03738179230962477,0,0
2008-03-11,0.0373192,0.013567016,0.01670883,0.012866511,7.298219,-0.021766583785463197,-0.03426403167723794,0,0
2008-03-12,-0.011012073,0.014034927,0.012520925,0.017332334,6.7175026,-0.022424860827345777,-0.035677614251112745,0,0
2008-03-13,0.002859596,0.01347439,0.02193882,0.016823752,6.6450686,-0.021516388327997564,-0.03428273566942544,0,0
2008-03-14,-0.016700648,0.015530981,0.03063449,0.015972111,6.545749,-0.024779243028082373,-0.039563782469696135,0,0
2008-03-17,-0.009334957,0.01971557,0.033262394,0.016160116,6.7227745,-0.031502673953739506,-0.050114971863618074,0,0
2008-03-18,0.04171257,0.023228018,0.016964195,0.015634973,6.4939423,-0.03704249355683107,-0.05920982497514843,0,0
2008-03-19,-0.026202373,0.020306885,0.019584108,0.020610746,6.3352556,-0.03233560073840628,-0.05186952314125579,0,0
2008-03-20,0.019244187,0.019047303,0.02196593,0.021643622,6.2970877,-0.030318411162439312,-0.04867665790334715,0,0
2008-03-24,0.019991325,0.019703306,0.015057215,0.021427024,6.436191,-0.031404845803496,-0.05026201916304108,0,0
2008-03-25,0.0,0.017676847,0.009161238,0.02133044,6.5842695,-0.028212403322572775,-0.04500862155736343,0,0
2008-03-26,-0.011909333,0.0136036035,0.005853124,0.020001289,6.4635634,-0.021688105905534542,-0.03468989315391248,0,0
2008-03-27,-0.004314799,0.009868742,0.0111020375,0.019273566,6.4506216,-0.015731768948706055,-0.025169954151141666,0,0
2008-03-28,-0.008117081,0.0100476295,0.013239679,0.018238405,6.2176895,-0.01598023056488542,-0.025704619717621162,0,0
2008-03-31,0.0037835839,0.011262527,0.011001133,0.017438166,6.1760693,-0.017904565863049376,-0.02882889820547684,0,0
2008-04-01,0.03451818,0.0111023765,0.019750759,0.016522104,6.0714073,-0.017629605641891824,-0.02845991541204118,0,0
2008-04-02,0.0003647638,0.013308884,0.008758233,0.019565621,6.30513,-0.021186028541722416,-0.03400812824130786,0,0
2008-04-03,0.001821826,0.0116048055,0.009294781,0.01849514,5.990712,-0.018412185518616075,-0.02977767644366074,0,0
2008-04-04,-0.0010926973,0.010217217,0.01218507,0.017508944,5.8742323,-0.016210637340225376,-0.02621715456726719,0,0
2008-04-07,0.00018219915,0.010855974,0.009867607,0.016590733,5.7316704,-0.01722408845028396,-0.027856189716912026,0,0
2008-04-08,-0.0009113279,0.010505356,0.005170526,0.01570764,5.608697,-0.01666779807405352,-0.026956511902164623,0,0
2008-04-09,-0.007871894,0.008101521,0.012737777,0.014630537,5.6058717,-0.012853873940253478,-0.02078832514768405,0,0
2008-04-10,0.0018362106,0.009329046,0.009219662,0.0138563,5.718887,-0.014801465750456466,-0.023938128233793033,0,0
2008-04-11,-0.020198964,0.009562919,0.015025152,0.012812032,5.656753,-0.015172527785911048,-0.024538239786064817,1,0
2008-04-14,-0.003187403,0.010928563,0.0058155986,0.014275234,5.801963,-0.017339259518680372,-0.028042453689046766,0,0
2008-04-15,0.0035617247,0.008813955,0.0069181183,0.013378012,5.786046,-0.013984221694033995,-0.02261641500952381,0,0
2008-04-16,0.025860326,0.007773549,0.01234211,0.012691522,5.5263,-0.012333513897020247,-0.019946756775154794,0,0
2008-04-17,0.0009113279,0.009296119,0.00826003,0.015140249,5.6141376,-0.014749223437179697,-0.023853637737004857,0,0
2008-04-18,0.011412133,0.009062779,0.013091859,0.014213747,5.6440053,-0.014379006544543172,-0.02325489301809239,0,0
2008-04-21,0.00018009906,0.010068175,0.0067448625,0.013893889,5.8584175,-0.015974167465569723,-0.025834716349433164,0,0
2008-04-22,-0.0054171314,0.008801926,0.009817784,0.01319218,5.6243625,-0.013965136306112742,-0.022585548575675084,0,0
2008-04-23,-0.0016308783,0.008856527,0.008656188,0.012569812,5.6826997,-0.014051766159555041,-0.022725653385262102,0,0
2008-04-24,0.005425949,0.008884842,0.015722139,0.01186676,5.7226257,-0.014096690839031353,-0.022798309212481976,0,0
2008-04-25,0.00790518,0.010737533,0.009167284,0.011463147,5.5853972,-0.01703616994933885,-0.027552272709707018,0,0
2008-04-28,0.00035784577,0.010173357,0.0056584734,0.011221865,5.7677374,-0.016141049692174166,-0.026104611791394706,0,0
2008-04-29,-0.0044823023,0.007964643,0.0054727877,0.010688929,5.789133,-0.012636703001383169,-0.02043709873058611,0,0
2008-04-30,-0.0037807229,0.006938675,0.011876214,0.010394013,5.5919514,-0.011008902737112379,-0.017804488411982046,0,0
2008-05-01,0.018231068,0.008502512,0.008353847,0.010069181,5.6325226,-0.013490087319211617,-0.02181726091028479,0,0
2008-05-02,0.0030064574,0.008624342,0.010294815,0.011545485,5.8475637,-0.01368338252103991,-0.022129873553272523,0,0
2008-05-05,-0.0053116274,0.00896368,0.00795109,0.011155561,5.8126984,-0.014221775595559061,-0.023000606403336923,0,0
2008-05-06,0.008837102,0.008571083,0.011567057,0.010898352,5.8715906,-0.013598880907327877,-0.02199321070520704,0,0
2008-05-07,-0.01811129,0.009349665,0.012316234,0.010903108,6.127211,-0.01485571596807016,-0.0239485036477394,1,0
2008-05-08,-0.0023320487,0.010332164,0.0069067227,0.011946519,6.5394397,-0.01648375837950014,-0.026322338347887303,0,0
2008-05-09,-0.0021574982,0.0088126855,0.0057737567,0.011534103,6.560563,-0.014062222048145917,-0.022445380475403457,0,0
2008-05-12,0.011275287,0.007409516,0.005592531,0.011216452,6.1982427,-0.011782035425913388,-0.018960570797824632,0,0
2008-05-13,0.0,0.006783712,0.007157456,0.011428165,6.2568455,-0.010793519100245655,-0.017345504250458006,0,0
2008-05-14,0.002133334,0.007028236,0.011287127,0.011094173,6.266702,-0.011183706639403799,-0.017968373506664515,0,0
2008-05-15,0.01182819,0.008440668,0.007016568,0.01081847,6.3155384,-0.013437850268977753,-0.021565439533449877,0,0
2008-05-16,0.0008771161,0.007943824,0.007304799,0.011153564,6.5504723,-0.012674674862210493,-0.020234986643529768,0,0
2008-05-19,0.0028016127,0.0075263316,0.009305723,0.010875879,6.5644474,-0.012010021988674268,-0.019168188933351323,0,0
2008-05-20,-0.008604847,0.008139053,0.008813085,0.010666217,6.341339,-0.012960968784601007,-0.020787785408210892,0,0
2008-05-21,-0.017435063,0.0083762435,0.012780142,0.010756301,6.6376944,-0.013374656467175361,-0.0213135002619273,1,0
2008-05-22,0.00017945268,0.009609269,0.0048141493,0.011667199,7.148725,-0.015402135121869704,-0.024307339354508215,0,0
2008-05-23,-0.014276921,0.0075436495,0.0068199164,0.011353337,7.179994,-0.01209375703960359,-0.019075750323477712,1,0
2008-05-26,0.00090966985,0.007050921,0.002561341,0.0117663415,7.359094,-0.011316528451454073,-0.017796088114131692,0,0
2008-05-27,0.0072477213,0.0052459743,0.00747304,0.0114631,7.3409777,-0.008418716561867918,-0.01324299997452703,0,0
2008-05-28,0.004862684,0.005993803,0.007355985,0.011358015,7.5251665,-0.009629178093453976,-0.015102502493824022,0,0
2008-05-29,0.004481499,0.006810338,0.009650806,0.011180399,7.429929,-0.01093499346651904,-0.017176378554045586,0,0
2008-05-30,0.0019655148,0.007661235,0.0049008233,0.010986705,7.552581,-0.012309827718246315,-0.019298653557845248,0,0
2008-06-02,-0.01076823,0.0065547894,0.009837972,0.010737688,7.521621,-0.010530205248576466,-0.01651659516877117,1,0
2008-06-03,-0.005065134,0.007409466,0.01197778,0.0109336795,7.9512696,-0.01192960463308371,-0.018594118065949017,0,0
2008-06-04,-0.00072568946,0.008989612,0.008962296,0.010759613,8.001411,-0.014477107493772989,-0.022549323825780176,0,0
2008-06-05,0.01994496,0.008810072,0.008627624,0.010495084,7.6077733,-0.014160027753750769,-0.02218052772798328,0,0
2008-06-06,-0.03309824,0.008477898,0.01758487,0.011735053,7.461374,-0.013614990837815056,-0.021375320528651147,1,1
2008-06-09,0.0029379383,0.010920603,0.010692993,0.01323757,6.2046003,-0.017366258786917936,-0.02794285943580758,0,0
2008-06-10,-0.005331385,0.010865907,0.010082655,0.013144599,6.344599,-0.01730387726924625,-0.02775120148729734,0,0
2008-06-11,-0.015230606,0.010083993,0.01155399,0.013064247,6.5242996,-0.01608566635471251,-0.025694967739197952,0,0
2008-06-12,0.0039226725,0.010433459,0.011548642,0.01314302,6.388749,-0.016622305393639743,-0.026631432394127456,0,0
2008-06-13,0.012229169,0.010715386,0.010262725,0.013088238,6.40375,-0.01707390213991485,-0.02734574579364985,0,0
2008-06-16,0.0001841451,0.0103697,0.008199172,0.013052359,6.6909704,-0.016565015701583582,-0.02636881002859465,0,0
2008-06-17,-0.0035045687,0.009374307,0.010251229,0.012976174,6.8098536,-0.014989127325449651,-0.023803926714943444,0,0
2008-06-18,-0.010588006,0.009541998,0.008949099,0.012910069,6.9461956,-0.015272861869509633,-0.02419157561838297,0,0
2008-06-19,0.002052048,0.009362866,0.009139285,0.012943959,6.7360377,-0.01496212447861259,-0.023795674839357923,0,0
2008-06-20,-0.016914517,0.009176314,0.010263499,0.012897354,6.729989,-0.01466329751784987,-0.02332324273651893,1,0
2008-06-23,-0.0005687743,0.009511494,0.006037348,0.012931332,6.885103,-0.015217190042771321,-0.024131129067047074,0,0
2008-06-24,-0.0020882778,0.008092934,0.012172169,0.012878547,6.912668,-0.012950323299465114,-0.020525663587439458,0,0
2008-06-25,0.0053070635,0.009187895,0.011882924,0.012868967,6.6613884,-0.014673560332036654,-0.02337200768500501,0,0
2008-06-26,-0.029154347,0.010280582,0.01139846,0.011818968,6.157471,-0.01634024907066519,-0.026322065371539614,1,1
2008-06-27,-0.0035094596,0.010434802,0.010193858,0.013019102,6.4659505,-0.01663647914216827,-0.02660847800920835,0,0
2008-06-30,0.000780945,0.010166246,0.009219981,0.0131289,6.37603,-0.016194613810952663,-0.025953653974238784,0,0
2008-07-01,0.004089985,0.009654172,0.014231849,0.01266693,6.9196844,-0.015449414560815871,-0.02448337446652483,0,0
2008-07-02,-0.018439125,0.010945302,0.014746908,0.012509732,7.077911,-0.01753523841123117,-0.027708405844974037,1,0
2008-07-03,0.0017802399,0.012176667,0.012297643,0.012932221,6.6797733,-0.019449753630068185,-0.030967887788969504,0,0
2008-07-04,0.0,0.011941406,0.0071347924,0.012463088,7.5279374,-0.019184432482162277,-0.030087764439673217,0,0
2008-07-07,-0.01052955,0.009689374,0.018962272,0.0123321945,7.641198,-0.015576090236843589,-0.02438634356182659,0,0
2008-07-08,0.017422734,0.011962772,0.019330699,0.012353902,7.4839745,-0.019213979625478928,-0.03015486145668974,0,0
2008-07-09,-0.020423036,0.014502543,0.013876636,0.012433096,7.7665486,-0.023328703833438054,-0.03645644365165875,0,0
2008-07-10,0.0051948167,0.013846713,0.012306379,0.013270699,6.6902695,-0.022119222824462957,-0.0352107047162049,0,0
2008-07-11,-0.01182734,0.012777235,0.019209607,0.01251783,7.8126087,-0.020558147659138954,-0.03210548780035769,0,0
2008-07-14,-0.009319355,0.014404146,0.019465066,0.012479226,8.225511,-0.023219864012492455,-0.03606032584586871,0,0
2008-07-15,-0.01373113,0.015946234,0.018256571,0.0124126375,8.570255,-0.02574109398791022,-0.03980795943492813,0,0
2008-07-16,0.024058245,0.016268654,0.020825766,0.012409428,9.067796,-0.02630646063291428,-0.04046114052166939,0,0
2008-07-17,0.010022133,0.017213508,0.012432214,0.012583131,9.540125,-0.02787270831312335,-0.04267349208977668,0,0
2008-07-18,0.005568829,0.015047926,0.01134199,0.012555365,9.618135,-0.02437120201278296,-0.03728609387513661,0,0
2008-07-21,0.00079302146,0.013008198,0.007765506,0.012464445,9.83042,-0.021079149568171838,-0.03218912502367157,0,0
2008-07-22,0.010056281,0.01065089,0.015262875,0.012417007,9.158576,-0.017227374177248324,-0.026472405849667934,0,0
2008-07-23,0.0064535276,0.011765059,0.009530793,0.012364484,9.576739,-0.019052267190734426,-0.02915949000278196,0,0
2008-07-24,-0.022672238,0.011069454,0.013329725,0.012372443,9.032683,-0.017897348711164808,-0.027537342856138958,1,0
2008-07-25,0.0,0.011408519,0.0075963004,0.012606859,8.746498,-0.018427893338551368,-0.028441075498440858,0,0
2008-07-28,-0.0150680905,0.0098998025,0.011507876,0.012563193,8.241565,-0.01595982854958473,-0.024780458850019733,0,0
2008-07-29,0.021428676,0.0101015875,0.011967656,0.012628471,8.263499,-0.016286634268409334,-0.0252808509418612,0,0
2008-07-30,0.0180645,0.010812902,0.0082511725,0.012748511,8.677945,-0.017461549054187765,-0.026970428442993546,0,0
2008-07-31,-0.013912246,0.009705846,0.010899723,0.012818857,9.059308,-0.015693961203277186,-0.024140499697101265,0,0
2008-08-01,-0.0053417874,0.00987739,0.011851286,0.012942926,8.696064,-0.015951845348278794,-0.024633547745650925,0,0
2008-08-04,-0.009167063,0.0105600655,0.0073117074,0.012955432,8.097475,-0.017013626902539113,-0.02646607422697824,0,0
2008-08-05,0.027058035,0.009186545,0.012589752,0.012942368,8.074684,-0.014799199733986475,-0.02302831494522358,0,0
2008-08-06,0.0036954237,0.010025003,0.0087628495,0.013131299,7.7777557,-0.01612707526961408,-0.025198157224153184,0,0
2008-08-07,-0.015455654,0.00968005,0.01013169,0.0131358905,7.448701,-0.01554443465229079,-0.02440943576402932,0,0
2008-08-08,0.018944029,0.009585755,0.016028976,0.0131249055,7.9508095,-0.015433502353312652,-0.024055632391032814,0,0
2008-08-11,0.009818155,0.011492461,0.0122638075,0.013150866,8.644078,-0.018556680119241286,-0.02867298468956381,0,0
2008-08-12,-0.010398707,0.011733191,0.010778149,0.013163514,8.317689,-0.018921491315643187,-0.02935082760108574,0,0
2008-08-13,-0.005434796,0.0110040875,0.01051712,0.013181219,8.055817,-0.017725685789874046,-0.027589021900880674,0,0
2008-08-14,0.0071754404,0.010623667,0.01331056,0.013134533,8.066148,-0.01711369325556091,-0.026632814611452317,0,0
2008-08-15,0.00462696,0.011366914,0.0058188615,0.013175646,7.4701324,-0.01825549536277756,-0.02865686031627808,0,0
2008-08-18,-0.01375058,0.00896104,0.015384886,0.013106108,7.6935573,-0.014409251894652782,-0.022541875594800136,0,0
2008-08-19,-0.010586258,0.010477386,0.009124681,0.013068944,8.29583,-0.016894800509376067,-0.026214204471681317,0,0
2008-08-20,0.0041302056,0.010266081,0.008609973,0.013083101,8.12593,-0.01654206755620941,-0.02572288176320829,0,0
2008-08-21,0.0013729531,0.0093078725,0.010244843,0.013024382,8.328254,-0.015010958882923371,-0.023281788437271907,0,0
2008-08-22,0.013046627,0.00957418,0.0092788935,0.013019251,7.9181213,-0.01541247392901673,-0.02403372429125937,0,0
2008-08-25,-0.020127695,0.009460002,0.009905701,0.013019152,8.100437,-0.015241484119128713,-0.023708434274228557,1,0
2008-08-26,0.004136714,0.009499885,0.006964616,0.01313564,7.7889304,-0.015283186961496957,-0.023875748811535136,0,0
2008-08-27,0.008027454,0.008486886,0.009684023,0.013201207,7.044242,-0.013593509135815328,-0.021492854877623126,0,0
2008-08-28,0.01240326,0.008770646,0.010939974,0.013141302,7.3440375,-0.014075355365923067,-0.02214001919130025,0,0
2008-08-29,-0.01201332,0.009583593,0.005745326,0.013151335,7.3895698,-0.015384200954650044,-0.02418079607079327,0,0
2008-09-02,-0.0046893405,0.007973748,0.01737127,0.013143381,7.5491605,-0.012811720501549273,-0.020086554533587344,0,0
2008-09-03,-0.0009797199,0.010288409,0.008734248,0.013132993,7.394923,-0.016516139521697587,-0.025957718124629842,0,0
2008-09-04,-0.03085743,0.009985304,0.013663596,0.013078577,7.52124,-0.016041259736133538,-0.025160816961607983,1,1
2008-09-05,0.0036326982,0.010647056,0.016361857,0.013312998,6.9366155,-0.017040422364801182,-0.026996144987036952,0,0
2008-09-08,0.020734396,0.012459825,0.01963987,0.013256324,7.075907,-0.01996134856375964,-0.03154316704304403,0,0
2008-09-09,-0.032487318,0.014384702,0.021030338,0.013329983,7.1342545,-0.02305418301794663,-0.036392868004816885,1,0
2008-09-10,0.0054883766,0.01609282,0.013804196,0.013612316,7.442012,-0.025841198125763017,-0.04058277949158404,0,0
2008-09-11,0.01429027,0.014817321,0.021894133,0.013450661,7.1933756,-0.023756758419522746,-0.037463403931345333,0,0
2008-09-12,0.0049835644,0.016269036,0.013413508,0.013467742,8.145925,-0.026217121950741554,-0.04075690636557828,0,0
2008-09-15,-0.05078061,0.015126177,0.017494382,0.01335497,7.9269547,-0.024351083213045556,-0.03796765230271705,1,1
2008-09-16,0.017626168,0.015185313,0.032708842,0.019461827,6.589081,-0.024236899693302776,-0.03866239820289296,0,0
2008-09-17,-0.04476948,0.019817904,0.032085188,0.0188522,6.82141,-0.03169083205194178,-0.05031625029811063,1,0
2008-09-18,0.034023356,0.023406781,0.045771163,0.022969406,6.73829,-0.03740537422632837,-0.05948661235182944,0,0
2008-09-19,0.03491219,0.028542137,0.045436237,0.024158346,7.254874,-0.045779894869469234,-0.07211723291532635,0,0
2008-09-22,-0.02622368,0.032915268,0.020922529,0.025237469,7.8105726,-0.052959036215293874,-0.08270809793120151,0,0
2008-09-23,-0.022285625,0.027946431,0.017239943,0.024685115,8.303034,-0.04506500171496037,-0.06991716895210535,0,0
2008-09-24,0.0050420277,0.022375835,0.017555848,0.023732295,8.665112,-0.03613263825323515,-0.055817202896443666,0,0
2008-09-25,0.017037602,0.01973079,0.019906314,0.021557918,8.64526,-0.03185910420352019,-0.04922665338245144,0,0
2008-09-26,0.00082372327,0.019120825,0.021424865,0.020464456,8.97439,-0.03090919133193715,-0.04758670996114727,0,0
2008-09-29,-0.08212048,0.019378887,0.036961686,0.018684348,8.503318,-0.03127430359554881,-0.04840302219804243,1,1
2008-09-30,0.043936692,0.023440724,0.028157486,0.03280949,6.0896606,-0.037229500328005025,-0.06007289103724043,0,0
2008-10-01,-0.0004278075,0.025475042,0.017848093,0.034133684,6.4270678,-0.04060087754308021,-0.0649929949336213,0,0
2008-10-02,-0.03838238,0.022066504,0.027477942,0.030981457,6.4498253,-0.03517597340742467,-0.056280585712538474,1,0
2008-10-03,-0.014556298,0.022697218,0.035385687,0.03186084,6.537964,-0.03621028291239132,-0.05782475973852554,0,0
2008-10-06,-0.050901573,0.026311105,0.056576967,0.029616347,6.6048284,-0.04200018517582198,-0.06697608124512847,1,0
2008-10-07,-0.04614709,0.033317573,0.04483353,0.032997377,6.8876286,-0.05330492115626534,-0.08452586822632545,0,0
2008-10-08,-0.02491635,0.037009742,0.055959888,0.03473319,7.3983636,-0.0594135239187421,-0.09337252379137953,0,0
2008-10-09,-0.07238437,0.04110491,0.06265827,0.033315334,7.63002,-0.06607397455252906,-0.10346461452840668,1,0
2008-10-10,-0.023843657,0.046287432,0.08288001,0.0404171,7.8780484,-0.07449893111271634,-0.11623637349358337,0,0
2008-10-13,0.13202211,0.054584987,0.03906724,0.038481947,7.9280977,-0.08787486496306053,-0.13701030960804966,0,0
2008-10-14,-0.014363794,0.05001869,0.064020954,0.06017553,6.7334094,-0.07992959943972038,-0.12712624192624422,0,0
2008-10-15,-0.104003385,0.05227296,0.05011234,0.05599354,6.73388,-0.08353222897128912,-0.13285489377295195,1,0
2008-10-16,0.040943768,0.051998306,0.06104906,0.06503145,7.1006713,-0.08331826057536558,-0.13160248413099235,0,0
2008-10-17,-0.008002177,0.05384421,0.059319828,0.06267695,6.7418694,-0.08604859869666918,-0.1368352612111753,0,0
2008-10-20,0.059268903,0.055250753,0.035942934,0.058219884,6.6836405,-0.08825467082968158,-0.1405079878569706,0,0
2008-10-21,-0.03205814,0.04786726,0.021628601,0.05834048,6.933495,-0.07660895158498265,-0.12137416777204214,0,0
2008-10-22,-0.060706068,0.035339206,0.064359695,0.055699747,7.004533,-0.05658734929555941,-0.08953550803961262,1,0
2008-10-23,0.013751592,0.038843706,0.05297169,0.056366127,7.326335,-0.06233065271708799,-0.09807246339612351,0,0
2008-10-24,-0.055312343,0.043384932,0.05193136,0.053044617,7.130332,-0.06953067593694456,-0.10976728296874709,0,0
2008-10-27,-0.03675263,0.044812135,0.052534852,0.05335358,7.410205,-0.07194410740003994,-0.11304359769570708,0,0
2008-10-28,0.117416926,0.0461212,0.05833552,0.051266618,7.4955926,-0.07408235952744169,-0.11624530107938147,0,0
2008-10-29,-0.012595638,0.048370022,0.042043075,0.06368566,7.5294194,-0.07770937264897959,-0.12187211663058362,0,0
2008-10-30,0.036541,0.046539757,0.021854695,0.059696577,7.1222,-0.07458268885813275,-0.11775968666970638,0,0
2008-10-31,0.0059624286,0.035530984,0.031983472,0.05738246,7.1552877,-0.05695300093460143,-0.08987178388163237,0,0
2008-11-03,0.002323481,0.031628672,0.016437251,0.0537889,6.9663167,-0.050632014476600956,-0.08016902468202657,0,0
2008-11-04,0.034219533,0.02474118,0.022114724,0.049760498,6.76791,-0.03954714414458727,-0.06285573017844913,0,0
2008-11-05,-0.04615223,0.021957545,0.03439639,0.048257597,6.5402064,-0.03503093052116818,-0.05593875420870198,1,0
2008-11-06,-0.05746547,0.024793798,0.030194508,0.047883414,6.727465,-0.03961846167717409,-0.06301977409021195,1,0
2008-11-07,0.03450023,0.02653454,0.017284412,0.04962323,6.8507924,-0.042440949669014724,-0.06734621215427088,0,0
2008-11-10,-0.015879758,0.022673013,0.041157812,0.047605768,6.890233,-0.03627534994382777,-0.057519151055971246,0,0
2008-11-11,-0.031416196,0.026371295,0.02964866,0.04475637,6.5429015,-0.04207360253837237,-0.06718090311713545,0,0
2008-11-12,-0.04524104,0.028073587,0.041416638,0.04275051,6.652096,-0.044831546148408605,-0.07142118141952045,1,0
2008-11-13,0.06162347,0.030978084,0.06969881,0.043310095,6.7381835,-0.04950471129594223,-0.07872862874668221,0,0
2008-11-14,-0.052293953,0.039916057,0.03264275,0.046601202,6.986219,-0.06390778004733746,-0.1011522593296817,0,0
2008-11-17,-0.012262927,0.038595997,0.027287703,0.04741199,7.1092157,-0.061846956606648455,-0.09767344169048432,0,0
2008-11-18,0.018049981,0.03319658,0.035152737,0.044083543,7.0101905,-0.05315855732427265,-0.08410159585517159,0,0
2008-11-19,-0.064346194,0.03250308,0.034751512,0.04127833,6.8091125,-0.051970776061944605,-0.08253491920652065,1,0
2008-11-20,-0.08237877,0.032621253,0.04713238,0.045602582,6.9225707,-0.05220436823703196,-0.08272609775942207,1,0
2008-11-21,0.056824245,0.03602428,0.047022015,0.052052762,7.080861,-0.057714897495260216,-0.09119371593890316,0,0
2008-11-24,0.068319246,0.03955956,0.061777703,0.052826744,7.2520523,-0.06345006417162942,-0.09995788400199414,0,0
2008-11-25,0.006171952,0.045080837,0.03326194,0.05532633,7.3079553,-0.07233091636991958,-0.11384179618904813,0,0
2008-11-26,0.03794649,0.041816674,0.041690595,0.05145173,7.151054,-0.06702652876988402,-0.10577561492678629,0,0
2008-11-28,0.010103931,0.039886616,0.016463533,0.049868874,7.184682,-0.06394700688984441,-0.10085685328199923,0,0
2008-12-01,-0.09299507,0.029702328,0.03695054,0.046524208,7.0166774,-0.04756529354797023,-0.07524364932042472,1,1
2008-12-02,0.03995125,0.029028226,0.020563448,0.055300616,7.306491,-0.04657454247370183,-0.07330556531762897,0,0
2008-12-03,0.0227084,0.026279243,0.037007064,0.053497385,7.2447186,-0.04214763911603337,-0.06640674385802849,0,0
2008-12-04,-0.024476746,0.027974242,0.032498524,0.05043767,7.0765495,-0.04481652526868508,-0.07081880799893205,0,0
2008-12-05,0.029071815,0.029589197,0.04889199,0.0477601,7.019958,-0.04738521706943182,-0.07495430803832635,0,0
2008-12-08,0.03629601,0.034023643,0.03408373,0.045674074,6.9881763,-0.05447446214574257,-0.08621824356017768,0,0
2008-12-09,-0.016999155,0.034309156,0.02207776,0.044530276,6.857881,-0.054879089322421214,-0.0870714651357098,0,0
2008-12-10,0.007001849,0.02885803,0.01877328,0.04185464,6.7384295,-0.04611683677255859,-0.07334044369239767,0,0
2008-12-11,-0.02343747,0.023761863,0.024363993,0.03889058,6.5929756,-0.037926993223270034,-0.06049571999092146,0,0
2008-12-12,0.012493065,0.022835368,0.047130186,0.03712359,6.5219274,-0.0364254848113987,-0.05818840979511681,0,0
2008-12-15,-0.014495067,0.028391682,0.028781876,0.034586143,6.334996,-0.04520928483464777,-0.07252062592288863,0,0
2008-12-16,0.044240136,0.028835807,0.023967575,0.03232603,6.19734,-0.04585201970899002,-0.07379025455114525,0,0
2008-12-17,-0.010739467,0.025911676,0.023613678,0.034920156,6.549096,-0.04134257093256415,-0.0660049175934612,0,0
2008-12-18,-0.01169604,0.024265274,0.028396232,0.03261983,6.439514,-0.03867730185446094,-0.06189670102044521,0,0
2008-12-19,-0.012685159,0.024764927,0.020334011,0.030468497,6.267241,-0.0394075014929121,-0.06331351094537202,0,0
2008-12-22,-0.011412392,0.022738636,0.030044548,0.028506685,6.212722,-0.03616272736335875,-0.05817562038137968,0,0
2008-12-23,-0.014742281,0.023825007,0.016144618,0.026262712,6.268523,-0.037912334422400086,-0.060909485504034896,0,0
2008-12-24,0.0075428267,0.020660609,0.007558801,0.024696017,6.2522826,-0.032871416934310296,-0.05283103329345947,0,0
2008-12-26,0.0046136184,0.013919719,0.0071163354,0.022473974,6.2778215,-0.022152308787677225,-0.0355818596002275,0,0
2008-12-29,0.001724634,0.010426223,0.016550899,0.020247044,6.257396,-0.016589188180945534,-0.026658969240793383,0,0
2008-12-30,0.020185476,0.011916952,0.010176194,0.018143848,6.143037,-0.018938171039076718,-0.030517797608879287,0,0
2008-12-31,0.013141529,0.011436258,0.014748464,0.018858556,6.3422112,-0.018211731122298472,-0.029208773349361446,0,0
2009-01-02,0.027939368,0.012065131,0.024951216,0.018231856,6.1841173,-0.019182153934006796,-0.030879963034440846,0,0
2009-01-05,0.0021586625,0.015570141,0.013437581,0.020519346,6.3940096,-0.02480717451731801,-0.03974012083966109,0,0
2009-01-06,0.0032292816,0.014826552,0.014424852,0.018928742,6.201664,-0.023576883501052734,-0.03793863246568447,0,0
2009-01-07,-0.027510928,0.013946353,0.019064745,0.017437905,6.1163945,-0.022156767070032096,-0.03572791796505332,1,0
2009-01-08,0.0016556295,0.015315299,0.012716316,0.019673469,6.3005576,-0.024378867906831945,-0.0391374757795513,0,0
2009-01-09,-0.02371432,0.014280968,0.02041451,0.018146148,6.1947985,-0.022707657465368885,-0.03654597148470001,1,0
2009-01-12,-0.019960742,0.015581341,0.016526666,0.019299438,6.3732514,-0.024820078833927617,-0.0397794134255346,0,0
2009-01-13,0.00057587103,0.015959317,0.013889315,0.019612733,6.3418775,-0.02541441905696291,-0.04076107170119574,0,0
2009-01-14,-0.03366336,0.014772919,0.028182985,0.01809742,6.223006,-0.023496863318314076,-0.03779051448908956,1,0
2009-01-15,-0.00059559266,0.018005544,0.030437928,0.02173316,6.1089034,-0.028603282758439538,-0.04613156289864149,0,0
2009-01-16,0.010961449,0.021879373,0.025986712,0.020048771,5.9577217,-0.03471381596567633,-0.0561419924270017,0,0
2009-01-20,-0.05138634,0.022670386,0.046839423,0.01904836,5.903018,-0.0359688367629415,-0.05817171362404492,1,0
2009-01-21,0.037441596,0.027807357,0.023674807,0.027656818,5.462507,-0.04411915521622846,-0.07135306819867658,0,0
2009-01-22,-0.013536077,0.026790177,0.030054945,0.02990432,5.673219,-0.042505297998727945,-0.0687430077036632,0,0
2009-01-23,-0.0024257137,0.026553907,0.031561647,0.0279489,5.5549307,-0.042130431010864444,-0.06813674247443648,0,0
2009-01-26,0.008765358,0.027764946,0.03256093,0.025670161,5.357304,-0.044051865922307726,-0.0712442425071003,0,0
2009-01-27,0.010179728,0.02858932,0.013005826,0.0238881,5.2716827,-0.045359817634224975,-0.07335956786280155,0,0
2009-01-28,0.03770723,0.021521222,0.02194415,0.022383736,5.1966276,-0.034145572338239755,-0.05522298284707595,0,0
2009-01-29,-0.033545513,0.01997449,0.015573725,0.02590106,5.2936525,-0.031691527337020575,-0.05125410267526784,1,0
2009-01-30,-0.02432187,0.018255163,0.021922864,0.027593473,5.4538555,-0.028963643394657408,-0.04684234800717488,0,0
2009-02-02,-0.0015209129,0.018691115,0.018298293,0.027256412,5.5043902,-0.02965532492644946,-0.047960991355349626,0,0
2009-02-03,0.012403728,0.018432293,0.018915908,0.025044005,5.220447,-0.02924467781298468,-0.04729685961146111,0,0
2009-02-04,-0.002106848,0.017996078,0.01978007,0.023616292,5.1766543,-0.028552580043830416,-0.0461775430905398,0,0
2009-02-05,0.012872502,0.018160485,0.026353694,0.021838482,5.076843,-0.028813426950090402,-0.046599405816617936,0,0
2009-02-06,0.0319067,0.020147631,0.01882629,0.020914437,5.099034,-0.03196623313771456,-0.05169837912696835,0,0
2009-02-09,-0.0031741478,0.019446846,0.01645508,0.023289066,5.357252,-0.03085436903740775,-0.04990018252533283,0,0
2009-02-10,-0.04492481,0.017701637,0.027806085,0.021661667,5.2722116,-0.02808541875494321,-0.04542201204869679,1,0
2009-02-11,0.005426604,0.020015955,0.013807208,0.026689727,5.477596,-0.031757318176437344,-0.051360504944956496,0,0
2009-02-12,0.0047990493,0.017800773,0.026703866,0.024829645,5.3983502,-0.028242707615212498,-0.04567639232226917,0,0
2009-02-13,-0.018726008,0.019388407,0.014722737,0.0231934,5.365471,-0.030761649450383524,-0.049750228905779854,0,0
2009-02-17,-0.042983882,0.017776597,0.019202193,0.02275888,5.516979,-0.028204350437420825,-0.04561435799025478,1,0
2009-02-18,-0.007667769,0.017377336,0.016802156,0.026657823,5.8364177,-0.027570882415325626,-0.0445898622409433,0,0
2009-02-19,0.0,0.017147848,0.019562118,0.02501075,5.767418,-0.0272067778778668,-0.044001002917472144,0,0
2009-02-20,-0.012911735,0.01749746,0.023856018,0.023370188,5.6856112,-0.027761470264571878,-0.04489809633424037,0,0
2009-02-23,-0.032356735,0.019210892,0.03816819,0.02237916,5.6812134,-0.030480001534378905,-0.049294725103401965,1,0
2009-02-24,0.0313816,0.02393336,0.021932391,0.024111103,5.997347,-0.03797267219428147,-0.061412478445823135,0,0
2009-02-25,-0.009475647,0.023319362,0.025381558,0.025353737,6.350979,-0.03713822766424025,-0.059551984712666574,0,0
2009-02-26,-0.012553848,0.022911428,0.025541645,0.02393544,6.278476,-0.036462260928455566,-0.05856613708899546,0,0
2009-02-27,-0.023886753,0.023330452,0.020248836,0.022872495,6.0811005,-0.03705079069368624,-0.05979739711985909,0,0
2009-03-02,-0.039942797,0.021689642,0.026419,0.023110393,6.3896275,-0.03455564209738804,-0.05536223944126833,1,0
2009-03-03,-0.022940073,0.022345245,0.022842033,0.026279423,6.802797,-0.03572716217497294,-0.05674538869730118,0,0
2009-03-04,0.027183361,0.022338271,0.039410368,0.025948511,7.033378,-0.03577667460437924,-0.05657803337972309,0,0
2009-03-05,-0.032272432,0.026187826,0.029506058,0.026295852,7.135728,-0.04197131327363135,-0.06625335503914874,0,0
2009-03-06,0.0025477721,0.027381836,0.03468824,0.027407354,7.48676,-0.043979970231539496,-0.06902014656002253,0,0
2009-03-09,-0.017232323,0.028625488,0.021979231,0.025393253,7.3645706,-0.04594460712504225,-0.07224486190829461,0,0
2009-03-10,0.05748709,0.025774132,0.032546952,0.02460293,7.0029087,-0.04127067537568232,-0.06530259380104951,0,0
2009-03-11,0.0062652486,0.026409235,0.019646004,0.03184269,7.234436,-0.042353363732382146,-0.06674253263644726,0,0
2009-03-12,0.042125795,0.0239616,0.031221518,0.029626975,7.154516,-0.03840811452391511,-0.0606087853296563,0,0
2009-03-13,0.008282307,0.024842339,0.016916199,0.03203648,7.5054827,-0.03990534419955832,-0.06260719962610979,0,0
2009-03-16,-0.000660066,0.02187379,0.022865584,0.029812716,7.3815002,-0.035111529829763635,-0.055195327784509016,0,0
2009-03-17,0.023492107,0.020979557,0.022716383,0.027579006,6.897071,-0.033567637767832205,-0.053218831462640274,0,0
2009-03-18,0.020744322,0.021206433,0.032861557,0.027154451,6.822333,-0.03391147390629668,-0.05384104920903119,0,0
2009-03-19,-0.01463596,0.023953373,0.019989321,0.026433995,6.811495,-0.03830093513540079,-0.06082298713646713,0,0
2009-03-20,-0.020726131,0.022413641,0.01776226,0.025160627,6.685419,-0.03580290357864579,-0.05699882007756541,0,0
2009-03-23,0.067377254,0.019701306,0.02963041,0.02465913,6.9238405,-0.031528642674655084,-0.04996094146550174,0,0
2009-03-24,-0.016967861,0.021842044,0.011998414,0.035009596,6.8494844,-0.03493513662562202,-0.055437220986312596,0,0
2009-03-25,0.0058942316,0.018148096,0.03182404,0.033023342,6.8653297,-0.02903035781156204,-0.04605315265109696,0,0
2009-03-26,0.02323553,0.020676702,0.013325522,0.030596498,6.7455044,-0.03304446164033958,-0.05254379696145879,0,0
2009-03-27,-0.013692592,0.018254545,0.015701996,0.029724406,6.882369,-0.029204373293045902,-0.04631414545892508,0,0
2009-03-30,-0.03968651,0.01634187,0.027669104,0.028011808,6.5289063,-0.026069104620035054,-0.041638225942426346,1,0
2009-03-31,0.013299753,0.01933103,0.018786566,0.030292122,6.9402394,-0.03093978724818147,-0.049012777286918,0,0
2009-04-01,0.018080292,0.019392433,0.023689903,0.02845971,6.916227,-0.03103260736096486,-0.04918195171928227,0,0
2009-04-02,0.031922456,0.020034231,0.022347627,0.027241373,6.978323,-0.03207408979662235,-0.050773764975618405,0,0
2009-04-03,0.0059666047,0.020614972,0.018034384,0.028199948,7.303597,-0.0330752466009329,-0.05206098240881774,0,0
2009-04-06,-0.011969023,0.019314896,0.023792775,0.02611457,7.1732545,-0.03096371264623829,-0.04884544968674489,0,0
2009-04-07,-0.020067563,0.020089965,0.01504106,0.024549762,7.0985007,-0.03219021068308012,-0.05084689512614322,0,0
2009-04-08,0.010388116,0.018028388,0.0191591,0.0240476,7.2258344,-0.028911135148801184,-0.045566277253350516,0,0
2009-04-09,0.035824727,0.017631002,0.016406685,0.02257834,7.0098286,-0.02823291676796973,-0.04466729658908522,0,0
2009-04-13,0.0017579846,0.016992882,0.01595002,0.025514588,7.3904424,-0.02727820770455046,-0.04287511875541754,0,0
2009-04-14,-0.016231727,0.016251093,0.015074139,0.02354565,7.219726,-0.02605996484961293,-0.04107688657240618,0,0
2009-04-15,0.009770618,0.015496546,0.013871693,0.022754416,7.046565,-0.024821335432564404,-0.03924365531386336,0,0
2009-04-16,0.015204972,0.014602973,0.020044316,0.02141386,6.998262,-0.023382156111958104,-0.037000736583314264,0,0
2009-04-17,0.0060755285,0.015948072,0.014471481,0.020788876,7.0211024,-0.025540027150584618,-0.04039857398162548,0,0
2009-04-20,-0.039716944,0.015369105,0.019375786,0.019402862,6.9372945,-0.02459810008169452,-0.03896883732787421,1,1
2009-04-21,0.01755214,0.016071033,0.018162511,0.024322089,7.1550446,-0.02576039205949798,-0.04065004770162751,0,0
2009-04-22,-0.01276171,0.016797855,0.017945167,0.023605091,7.2309623,-0.026938676853679296,-0.042453813874111804,0,0
2009-04-23,0.013940608,0.016833689,0.012659905,0.022470694,7.1958003,-0.026990046207184912,-0.04256038476112289,0,0
2009-04-24,0.02069743,0.014961517,0.018373959,0.021594105,7.186834,-0.023986933060994812,-0.037830647548610034,0,0
2009-04-27,-0.011315948,0.015545378,0.014971504,0.021733956,7.381664,-0.024953267178502915,-0.039226433743412885,0,0
2009-04-28,-0.0058531044,0.015343528,0.018987676,0.020689037,7.3407187,-0.02462318830452305,-0.03873348979419298,0,0
2009-04-29,0.02005007,0.016076291,0.020464413,0.019365322,7.214944,-0.02577886554447275,-0.04063712841132849,0,0
2009-04-30,0.0011500864,0.017310768,0.018136488,0.01983552,7.299878,-0.0277732494226792,-0.04371826025881119,0,0
2009-05-01,0.0068728793,0.017293517,0.010621431,0.018467613,7.155091,-0.027719930381880187,-0.043742175232253586,0,0
2009-05-04,0.03007957,0.014196413,0.013110816,0.017447595,7.0804186,-0.02274416280574393,-0.03593770753187827,0,0
2009-05-05,0.00083044986,0.013214787,0.00902817,0.020520644,7.3448067,-0.021207524659259794,-0.03335823871317728,0,0
2009-05-06,0.015103953,0.011577071,0.018732237,0.019146534,7.0552344,-0.01854449272621881,-0.029315102454770037,0,0
2009-05-07,-0.011237613,0.013339265,0.02345547,0.018908624,7.1983,-0.021387661348028452,-0.03372457882258907,0,0
2009-05-08,0.019380981,0.01653142,0.014985674,0.01823705,7.3079796,-0.026524198944449063,-0.04174648104519547,0,0
2009-05-11,-0.017178336,0.015754016,0.010560203,0.018779347,7.57509,-0.025316197157979503,-0.03967555409084817,0,0
2009-05-12,-0.002478316,0.01314813,0.016554441,0.018848453,7.898552,-0.02116381643716876,-0.03301118935617557,0,0
2009-05-13,-0.023996687,0.013839941,0.019256353,0.01766849,7.8675346,-0.022274037851753508,-0.03475803787106143,1,0
2009-05-14,0.004789416,0.015568627,0.013986951,0.019134304,8.255378,-0.02510020391397055,-0.03896567734836251,0,0
2009-05-15,-0.0073343064,0.014821914,0.014134851,0.018013733,8.255059,-0.0238962998507378,-0.03709688059474758,0,0
2009-05-18,0.02681725,0.014076743,0.020241065,0.017153773,8.320473,-0.022701072782907658,-0.03521245560428873,0,0
2009-05-19,-0.0005514199,0.015706925,0.009484222,0.019259624,8.829291,-0.025378277883059405,-0.03913234181772543,0,0
2009-05-20,-0.0071962667,0.013169288,0.018394861,0.018091526,8.520201,-0.02125441291713623,-0.03288873322106937,0,0
2009-05-21,-0.012578783,0.014086338,0.016751658,0.017226564,8.613323,-0.022742404650334346,-0.03515300184007284,0,0
2009-05-22,-0.0042283363,0.015134423,0.010821224,0.016952673,8.708898,-0.02444299995837587,-0.03774050597484402,0,0
2009-05-26,0.026482385,0.0131211355,0.021525221,0.016046232,8.743457,-0.02119401360882255,-0.03271133449762847,0,0
2009-05-27,-0.018043514,0.015041785,0.014990546,0.018336859,9.295499,-0.024339426836300082,-0.03735042925836111,0,0
2009-05-28,0.01390843,0.015226497,0.015378853,0.018587861,9.735231,-0.024667902467820114,-0.03770061427911365,0,0
2009-05-29,0.014262447,0.014739313,0.017601356,0.018271888,9.997784,-0.023893988868477756,-0.036435921966482286,0,0
2009-06-01,0.022618089,0.015425917,0.019681845,0.018042674,10.2842865,-0.02500717776561036,-0.0381327209021774,0,0
2009-06-02,0.0037204402,0.016569715,0.010639055,0.019109624,10.793884,-0.02686140502209725,-0.040960178327543485,0,0
2009-06-03,-0.011471381,0.014000971,0.016017709,0.017998565,10.670152,-0.022697177420256506,-0.03461026829761169,0,0
2009-06-04,0.00934711,0.014010066,0.008502227,0.017509142,10.81716,-0.022711921977610874,-0.03463275184596289,0,0
2009-06-05,0.0,0.011801793,0.018136121,0.016896958,10.576923,-0.019132058235015542,-0.02917392133563081,0,0
2009-06-08,-0.0018624456,0.013188959,0.015857475,0.015951563,9.730548,-0.02136670423117771,-0.032656652154413955,0,0
2009-06-09,0.0007986158,0.014285838,0.009571989,0.015057685,9.686431,-0.023141074188923465,-0.03538240528652823,0,0
2009-06-10,0.0010638299,0.012064718,0.021025682,0.014200036,9.620412,-0.019539798284170698,-0.029893796837111644,0,0
2009-06-11,0.0015936259,0.014121329,0.014678265,0.013378754,9.378442,-0.022855487051164223,-0.03504516325914341,0,0
2009-06-12,0.0029150676,0.014478925,0.0082805995,0.012567203,9.350402,-0.023432378596093137,-0.03593939391752349,0,0
2009-06-15,-0.022749543,0.011429668,0.012417483,0.011797032,9.227534,-0.018490868521485567,-0.0283943907880587,1,0
2009-06-16,-0.017201789,0.011307507,0.011490217,0.014907751,9.663658,-0.01831550849523614,-0.02800986979979079,0,0
2009-06-17,-0.0027578617,0.011472919,0.011544735,0.015698202,10.169823,-0.018598914621718723,-0.028360946085197552,0,0
2009-06-18,0.008798517,0.011319328,0.010158888,0.014813928,9.969626,-0.01834860890803182,-0.02798634171150217,0,0
2009-06-19,0.002733736,0.010758719,0.009142809,0.0144068515,10.064806,-0.01744111661231428,-0.026595453442743878,0,0
2009-06-22,-0.030208753,0.010001287,0.016927062,0.013606023,9.727798,-0.016202418690297874,-0.024764211264946528,1,1
2009-06-23,0.0019676746,0.011898696,0.008081779,0.017827943,9.903603,-0.019284711722119485,-0.029430492165770726,0,0
2009-06-24,0.008667747,0.010551553,0.013403005,0.016748976,9.714841,-0.01709330159876744,-0.02612885073502456,0,0
2009-06-25,0.020391999,0.011003278,0.01663946,0.016139517,9.681105,-0.017823537795431433,-0.027253253400334375,0,0
2009-06-26,-0.0027314958,0.01288722,0.007866141,0.017266763,9.676991,-0.02087499739040878,-0.03192028804764346,0,0
2009-06-29,0.007900872,0.010734953,0.0116651915,0.016264116,9.497363,-0.01738038201216933,-0.026620126790574336,0,0
2009-06-30,-0.0062610796,0.010600359,0.013269382,0.015641872,9.465308,-0.017160953834037075,-0.026291908880562397,0,0
2009-07-01,0.004087756,0.011583696,0.011037606,0.014963542,9.369455,-0.018747826622926247,-0.028749207277929234,0,0
2009-07-02,-0.028691623,0.011264389,0.011219585,0.014217391,8.995622,-0.018210358634690664,-0.028029779829201944,1,1
2009-07-06,0.0025157246,0.010988215,0.011068588,0.017675955,9.367755,-0.01778397377825538,-0.02727161321742742,0,0
2009-07-07,-0.01831295,0.010964003,0.014243726,0.016660761,9.168885,-0.017734379703289234,-0.027248669473844033,1,0
2009-07-08,-0.0062749777,0.011890749,0.014185103,0.017273556,9.468783,-0.019250154645875144,-0.029491766674415772,0,0
2009-07-09,0.005990604,0.0126189785,0.007886321,0.0164692,9.156805,-0.02041056456104009,-0.03136440763321471,0,0
2009-07-10,-0.005418522,0.010504755,0.00873421,0.01572969,8.792394,-0.01697078178364286,-0.026178893371845917,0,0
2009-07-13,0.024015846,0.009539059,0.021374911,0.015005831,8.669844,-0.015403994856706323,-0.023794598958951932,0,0
2009-07-14,0.0066778213,0.012733327,0.008045514,0.017068611,9.099265,-0.020591859309627418,-0.031661473647170785,0,0
2009-07-15,0.028163174,0.011056493,0.012465862,0.016306084,8.948422,-0.017871523561435957,-0.027521921819902238,0,0
2009-07-16,0.00912513,0.010900235,0.013434899,0.01890848,9.350534,-0.017640710793137702,-0.027056393062168217,0,0
2009-07-17,0.0013349354,0.011926367,0.008060774,0.0181453,8.951226,-0.019277749181925524,-0.029686609749034545,0,0
2009-07-20,0.012725516,0.010273868,0.008542059,0.017103398,8.706797,-0.016592787812127058,-0.025620219199525365,0,0
2009-07-21,0.0047306265,0.009371603,0.011916753,0.016879324,8.837191,-0.015142465262074715,-0.023347095621346278,0,0
2009-07-22,-0.0042038946,0.010239867,0.009750798,0.016051294,8.709452,-0.016538029991129376,-0.02553490689966182,0,0
2009-07-23,0.020329082,0.010106719,0.016373258,0.0152704995,8.502048,-0.016310484881006147,-0.025244004541115816,0,0
2009-07-24,0.008989402,0.011779183,0.0088263415,0.016526205,8.93665,-0.01903892824633056,-0.02932337399886047,0,0
2009-07-27,0.0022985581,0.010708424,0.010693616,0.016019518,8.630161,-0.01728983127491822,-0.026719765823676862,0,0
2009-07-28,-0.004089985,0.010288776,0.011142987,0.015175231,8.456373,-0.01660136225796305,-0.025708215384842838,0,0
2009-07-29,-0.0010251154,0.010588926,0.008746373,0.014447714,8.172156,-0.017065726270061515,-0.02652117917530058,0,0
2009-07-30,0.0074083875,0.009797706,0.013771648,0.013652675,7.7233963,-0.015757048326938958,-0.02463951953267228,0,0
2009-07-31,0.0022880395,0.010857041,0.008683996,0.013246534,7.5297937,-0.017442530361768988,-0.027355075027326477,0,0
2009-08-03,0.0163711,0.010074342,0.007821678,0.012476206,7.2322745,-0.01615633025243147,-0.025460883521065035,0,0
2009-08-04,0.0039890353,0.008933939,0.008773423,0.013723179,7.6705427,-0.014363936582440907,-0.022478676452025028,0,0
2009-08-05,-0.0039890353,0.008863366,0.010542485,0.013008186,7.490987,-0.01423644422370786,-0.022340535524761503,0,0
2009-08-06,-0.005762261,0.009442062,0.012317326,0.012347039,7.0582366,-0.015124885254513,-0.023908101684829517,0,0
2009-08-07,0.011491508,0.010342338,0.016815212,0.011831765,7.1230054,-0.01657429220415103,-0.026169018520710758,0,0
2009-08-10,0.0009930488,0.012161476,0.0066097374,0.012151953,7.2234335,-0.019502389780702567,-0.030738596012322584,0,0
2009-08-11,-0.01449663,0.009696534,0.011807588,0.011405192,7.1010294,-0.01553705133316785,-0.024540857547038948,0,0
2009-08-12,0.009272087,0.009882742,0.017006522,0.012291991,7.323045,-0.01585804589478707,-0.0249527674682584,0,0
2009-08-13,0.011162214,0.0122063905,0.009935097,0.012080048,7.5032363,-0.01960741278514745,-0.03076300789414479,0,0
2009-08-14,-0.007676155,0.011238536,0.015938157,0.0121201,7.8073235,-0.018081955451363808,-0.028240578377241088,0,0
2009-08-17,-0.027723549,0.012203796,0.01249169,0.01166839,8.038251,-0.019656639580206248,-0.030601649077673865,1,0
2009-08-18,0.011434504,0.012296367,0.0068775224,0.015457188,8.137805,-0.01981456694404441,-0.03080681870601975,0,0
2009-08-19,0.007551005,0.009784176,0.015034449,0.015084939,8.300955,-0.01577733200205807,-0.02447875378566201,0,0
2009-08-20,0.007743263,0.01108036,0.008140007,0.014370474,8.406614,-0.017875117643927258,-0.027697359310230082,0,0
2009-08-21,0.02019773,0.010149105,0.01711601,0.013738415,8.638461,-0.0163872504223836,-0.025322503577210824,0,0
2009-08-24,-0.0007317966,0.011776913,0.0094520245,0.01486052,9.402963,-0.01906235498820728,-0.029222184299196104,0,0
2009-08-25,0.001463058,0.011077036,0.013542245,0.013960454,9.324579,-0.01792549966244765,-0.027500073830217426,0,0
2009-08-26,0.0007307271,0.011401166,0.008074379,0.013177404,9.0656,-0.01843559197244169,-0.028355845661269502,0,0
2009-08-27,0.002431908,0.010103249,0.012299887,0.0123865055,9.163083,-0.016341811729554307,-0.025110469288704893,0,0
2009-08-28,-0.0017017142,0.010490704,0.0114463745,0.011677701,9.222995,-0.016971587278251946,-0.026062570280160676,0,0
2009-08-31,-0.0075711682,0.010878215,0.011574919,0.010983945,9.177596,-0.017596081783942605,-0.027033813324761794,0,0
2009-09-01,-0.02306364,0.010887373,0.01698184,0.010669662,9.436998,-0.017624214283735836,-0.02700884325330805,1,0
2009-09-02,-0.0022604556,0.012544548,0.006988798,0.012851405,10.178436,-0.02033614925935342,-0.031010004855420693,0,0
2009-09-03,0.0075150654,0.010180165,0.007847482,0.012167925,10.296536,-0.016503212533826094,-0.025165270685088302,0,0
2009-09-04,0.012154435,0.0088632945,0.008395356,0.011836523,9.909779,-0.014365323691107514,-0.021921842893905683,0,0
2009-09-08,0.010789707,0.008763355,0.0074471966,0.011937334,10.661718,-0.014206402110758106,-0.021662931010896527,0,0
2009-09-09,0.007290433,0.008290892,0.011030563,0.011894376,10.919947,-0.01344048438968269,-0.02049500526711407,0,0
2009-09-10,0.008918946,0.009127277,0.009806465,0.011576005,10.447076,-0.014796361643458553,-0.02256254321083788,0,0
2009-09-11,-0.0002400096,0.0094208345,0.006946657,0.011371212,11.071311,-0.015272250461002333,-0.023288212281932327,0,0
2009-09-14,0.006221604,0.008318992,0.010646925,0.01077737,11.066368,-0.013486038910758936,-0.020564470036562053,0,0
2009-09-15,-0.0019102202,0.0089359665,0.009158045,0.01042121,11.539396,-0.014486224607186916,-0.022089624229079036,0,0
2009-09-16,0.01659199,0.00909152,0.007851139,0.009901181,10.322391,-0.014738394517630694,-0.022474150820004597,0,0
2009-09-17,-0.0007054674,0.008469243,0.010131902,0.01094148,11.132517,-0.013729611908712067,-0.020935887444688224,0,0
2009-09-18,-0.0016480286,0.008943299,0.007736408,0.010411254,9.9791975,-0.014497398562280005,-0.022110489898423596,0,0
2009-09-21,-0.00047136462,0.008500112,0.0074893655,0.009873484,9.289512,-0.013753968143104386,-0.021107588717856417,0,0
2009-09-22,0.0063447515,0.007993589,0.004899795,0.009305648,8.583383,-0.01290422636981658,-0.019953014901611364,0,0
2009-09-23,-0.00776018,0.0067645735,0.012721377,0.009039104,8.492953,-0.010916463066385773,-0.016897414471005002,0,0
2009-09-24,-0.014026143,0.008428066,0.012954715,0.008946796,8.6919365,-0.013611006520770996,-0.021019700494381958,1,0
2009-09-25,-0.0031171348,0.010071685,0.008804263,0.009763614,9.800735,-0.01631946897233483,-0.024927205140595675,0,0
2009-09-28,0.017143277,0.009335218,0.013852012,0.009288908,9.9600115,-0.015132024525551405,-0.023082080941096504,0,0
2009-09-29,-0.0040212944,0.0103868125,0.007911806,0.010534294,11.441966,-0.016838211915292063,-0.025676101536757263,0,0
2009-09-30,-0.0016605388,0.009427004,0.014578189,0.010181051,11.385002,-0.015282251777811106,-0.02330346300019001,0,0
2009-10-01,-0.024514565,0.010616602,0.0147417085,0.009662032,10.078184,-0.017210728472689132,-0.02624414124310898,1,0
2009-10-02,-0.005611824,0.012013539,0.0104452055,0.012239824,10.822964,-0.019475321995738176,-0.02969735429980435,0,0
2009-10-05,0.0143328095,0.011157316,0.00954583,0.011734737,9.857403,-0.018081089581159834,-0.027604506455202335,0,0
2009-10-06,0.011510919,0.0102061005,0.012540422,0.012156439,10.786386,-0.0165452568881,-0.02522938290287099,0,0
2009-10-07,0.004757383,0.010837359,0.005593652,0.012106661,9.706398,-0.017555920637529518,-0.026838017077950634,0,0
2009-10-08,0.009682447,0.008597284,0.007139051,0.011589706,8.591684,-0.013879211963508237,-0.021458507429826617,0,0
2009-10-09,0.00398734,0.007818254,0.006044229,0.011500394,8.683762,-0.01262581343753096,-0.01950005407108303,0,0
2009-10-12,0.0032717953,0.007305781,0.006051694,0.010969575,7.551943,-0.011738652969598166,-0.018403379393663866,0,0
2009-10-13,-0.0025697947,0.006883404,0.0073285154,0.010561363,7.4621325,-0.011054378458726625,-0.01735499058124394,0,0
2009-10-14,0.017621601,0.007130658,0.0070085456,0.010084045,8.700929,-0.011516111935555167,-0.01778271521468111,0,0
2009-10-15,0.0018369695,0.007177253,0.00819501,0.011054739,9.440495,-0.011618474424897794,-0.017804550677564927,0,0
2009-10-16,-0.007137132,0.0075401324,0.01072149,0.010686283,13.175056,-0.012223417817275777,-0.01863913570998295,0,0
2009-10-19,0.008283527,0.008566147,0.011837746,0.010434954,11.51508,-0.013886704322013069,-0.021175433114671603,0,0
2009-10-20,-0.0013758314,0.009561774,0.011022516,0.01032259,12.54793,-0.015500731176493483,-0.02363661590576449,0,0
2009-10-21,-0.010611403,0.009854704,0.015718246,0.009832299,10.728988,-0.015975603826489774,-0.02436073545240474,0,0
2009-10-22,0.01175806,0.011357232,0.011840897,0.009950352,10.351777,-0.018411372629698147,-0.028074968734766847,0,0
2009-10-23,-0.012686135,0.011372986,0.013430129,0.010133465,9.503641,-0.018413704463995914,-0.028201138609116484,0,0
2009-10-26,-0.009797139,0.011610074,0.016963031,0.0104566105,10.180722,-0.018821259508247864,-0.02869999336120412,0,0
2009-10-27,-0.005641764,0.013075753,0.0077838525,0.010375563,9.164389,-0.02114986415249356,-0.03249799042371989,0,0
2009-10-28,-0.02096313,0.010676843,0.010282292,0.010094692,8.50652,-0.01723086244050972,-0.02666707318751713,1,0
2009-10-29,0.021905638,0.0100303,0.011952088,0.011928589,40.444294,-0.01626026577866386,-0.024794808216451348,0,0
2009-10-30,-0.027215812,0.010739463,0.014966567,0.013402123,62.173767,-0.01740989899998323,-0.0265478506100928,1,1
2009-11-02,0.005791522,0.012009301,0.015322178,0.015786612,43.956028,-0.019468451892883883,-0.029686878278992742,0,0
2009-11-03,0.0026432793,0.013019183,0.011859661,0.014963692,51.052742,-0.02110558558716097,-0.03218329602067288,0,0
2009-11-04,0.0050269407,0.012331957,0.011542647,0.014186076,51.53448,-0.019991514854031844,-0.030484481835006606,0,0
2009-11-05,0.015401323,0.011697239,0.013717593,0.013537612,34.849453,-0.01896256418887166,-0.0289154647750079,0,0
2009-11-06,0.0028175646,0.012186287,0.010513584,0.013752879,25.704044,-0.019755365618327653,-0.030124384706863103,0,0
2009-11-09,0.023634093,0.01146797,0.009432951,0.013246243,25.850824,-0.018590891624454233,-0.028348712049099868,0,0
2009-11-10,0.00022896394,0.010435523,0.0061577344,0.014696382,23.575296,-0.016917177586453447,-0.025796514001029468,0,0
2009-11-11,0.0038843874,0.008628265,0.007298493,0.013947455,22.357311,-0.013987405344379207,-0.021328989186310068,0,0
2009-11-12,-0.008243692,0.008050777,0.010897639,0.013324071,16.889671,-0.013051231451499291,-0.019901444738564047,0,0
2009-11-13,0.0039013245,0.009069532,0.008292369,0.01295018,12.361915,-0.01470274931812844,-0.02241979648794594,0,0
2009-11-16,0.01342302,0.00886737,0.011005655,0.012457733,10.432589,-0.014375021780175077,-0.02192005425977978,0,0
2009-11-17,0.0011293056,0.009390978,0.005718969,0.012552982,8.993228,-0.015181627207092327,-0.02336847675168811,0,0
2009-11-18,0.0009025271,0.007926362,0.0063702096,0.012121626,9.157785,-0.012820530744411916,-0.019700796632867768,0,0
2009-11-19,-0.012938553,0.0071945703,0.012439458,0.011718822,8.937235,-0.011628750832005225,-0.017910256641101036,1,0
2009-11-20,-0.0038915009,0.008866862,0.0071098977,0.011749888,8.125285,-0.014287420141706727,-0.022217097530368254,0,0
2009-11-23,0.012535777,0.0083272075,0.012089968,0.0113156345,8.602981,-0.013443771691488396,-0.0207825592227532,0,0
2009-11-24,-0.00067973265,0.009217225,0.007701813,0.011393268,8.140544,-0.014852965165210284,-0.02309191116414582,0,0
2009-11-25,0.005424968,0.008729823,0.0047566458,0.011083959,8.195786,-0.014070920826778919,-0.021860395999248265,0,0
2009-11-27,-0.017739832,0.006898242,0.026591081,0.010841783,8.472096,-0.011131277150687116,-0.0172342089329531,1,1
2009-11-30,0.0048071514,0.011103912,0.008550426,0.011386595,8.02939,-0.017884335741907544,-0.027845829602588416,0,0
2009-12-01,0.012481723,0.01051172,0.008801098,0.011129327,8.174605,-0.016941473545090884,-0.02632724768285732,0,0
2009-12-02,-0.00045116176,0.009122326,0.0071661198,0.011177265,36.094475,-0.014788335270222145,-0.02255030402681842,0,0
2009-12-03,-0.0090662455,0.008354181,0.011175596,0.010892187,30.868822,-0.013543084396253024,-0.02065145704475083,0,0
2009-12-04,0.0090662455,0.009164975,0.014026537,0.010813472,27.289509,-0.014857473487128563,-0.022655730890804335,0,0
2009-12-07,-0.0038431154,0.010750562,0.007299953,0.010745225,23.904274,-0.017427891242323267,-0.02657528645919131,0,0
2009-12-08,-0.012535777,0.009244392,0.009596766,0.010502464,19.058807,-0.014986217864229308,-0.022852049461645173,0,0
2009-12-09,0.005033184,0.009022282,0.0074713556,0.01071839,17.94818,-0.014626153579253892,-0.022302997864759606,0,0
2009-12-10,0.005915831,0.008498703,0.007907573,0.010479359,16.766413,-0.01377737093945114,-0.021008713807055115,0,0
2009-12-11,0.0054298774,0.008172116,0.005041456,0.010250044,17.58675,-0.013247935831306873,-0.020201393548691417,0,0
2009-12-14,0.0049516195,0.0069558644,0.007906821,0.010056586,15.409647,-0.011276252603821967,-0.0171948309159188,0,0
2009-12-15,-0.00856826,0.0072517027,0.006447199,0.009813056,15.309196,-0.011755840642595522,-0.017926140822297928,0,0
2009-12-16,0.0015838899,0.0071346816,0.0056350324,0.009751398,15.552604,-0.011566135496568123,-0.017636864940990052,0,0
2009-12-17,-0.010454641,0.006563966,0.008007358,0.009477811,15.787416,-0.010640940264367408,-0.01622606153485551,0,0
2009-12-18,0.0031934334,0.007088387,0.00898023,0.009573296,16.961367,-0.011491086796825265,-0.017522425352956998,0,0
2009-12-21,0.009519564,0.007814255,0.009289144,0.009266187,16.517115,-0.012667801220882452,-0.01931676308809502,0,0
2009-12-22,0.004726013,0.008247856,0.004345889,0.009304807,17.324745,-0.013370719085992397,-0.020388622176658495,0,0
2009-12-23,0.0017945272,0.00655178,0.005459441,0.009052028,17.28542,-0.010621184920692897,-0.016195937183610138,0,0
2009-12-24,0.005810072,0.006080083,0.0031518522,0.008721833,16.232277,-0.009856510401276495,-0.01502990716202123,0,0
2009-12-28,0.00089086866,0.005082212,0.005338283,0.008520141,17.185242,-0.00823884762503978,-0.012563180059176941,0,0
2009-12-29,-0.0011137099,0.005307714,0.0049999934,0.008139835,17.709078,-0.008604412212263528,-0.013120618907614012,0,0
2009-12-30,0.00022284122,0.005463194,0.005995503,0.0077391537,18.399693,-0.008856463119697178,-0.013504964034297013,0,0
2009-12-31,-0.010077344,0.005728754,0.0076603806,0.007347823,16.007517,-0.00928696621476064,-0.014161425732032214,1,0
2010-01-04,0.016075363,0.0064279805,0.0062526064,0.0076852236,17.425112,-0.010420492674056503,-0.015889907390886353,0,0
2010-01-05,0.0030959777,0.0063828686,0.0045666043,0.00877306,15.500161,-0.010347360682370412,-0.01577839053544091,0,0
2010-01-06,0.0006621786,0.005661731,0.0051269643,0.008471089,16.525757,-0.009178314778526262,-0.013995746304614224,0,0
2010-01-07,0.00396389,0.0055289296,0.0069078864,0.008126847,17.285032,-0.008963028205285876,-0.013667462046058211,0,0
2010-01-08,0.0035103152,0.006117598,0.0062746117,0.007900604,14.324685,-0.00991732684740363,-0.015122644398832397,0,0
2010-01-11,0.0008756568,0.006252459,0.0063286605,0.007606506,15.347606,-0.010135951412878506,-0.015456018665043193,0,0
2010-01-12,-0.0074676387,0.0062538697,0.00863242,0.007253253,12.958255,-0.01013823863385334,-0.015459506382045582,0,0
2010-01-13,0.0065919817,0.0070069707,0.009126323,0.007307471,12.46925,-0.011359101486682689,-0.017321164777212406,0,0
2010-01-14,0.0032797668,0.007683845,0.0050165686,0.007238222,14.157499,-0.012456391951390547,-0.018994391217697304,0,0
2010-01-15,-0.01141615,0.006505005,0.009392542,0.006979082,11.459966,-0.010545358059422806,-0.016080310999608004,1,0
2010-01-19,0.011852641,0.00724976,0.010404697,0.0075274925,13.48261,-0.011752690860795494,-0.01792133781128209,0,0
2010-01-20,-0.010308239,0.0083760675,0.01179014,0.007991699,15.062371,-0.013578564173131268,-0.020705559128642526,0,0
2010-01-21,-0.020490695,0.009270391,0.012774387,0.008225706,20.507414,-0.015028365185646734,-0.022916318691041992,1,0
2010-01-22,-0.018165804,0.010173477,0.015710877,0.009834516,16.245106,-0.016492370600009597,-0.025148738134308703,1,0
2010-01-25,0.0013739411,0.011619794,0.008503033,0.010754174,17.84552,-0.018837016857177806,-0.028724021286087746,0,0
2010-01-26,-0.0048170756,0.010163484,0.011704464,0.0103311725,19.067102,-0.01647617099875832,-0.025124035831672584,0,0
2010-01-27,0.0066460655,0.010218473,0.010832136,0.010035978,19.783718,-0.016565315225254205,-0.025259969280095648,0,0
2010-01-28,-0.014031283,0.010419617,0.01687573,0.0098465355,20.748411,-0.016891393600925345,-0.02575719674847484,0,0
2010-01-29,-0.008140527,0.012113399,0.016432874,0.010284719,19.67986,-0.019637206601177595,-0.029944207444746983,0,0
2010-02-01,0.014605569,0.013426787,0.007727096,0.01023829,16.224817,-0.021766359506825407,-0.03319089102776131,0,0
2010-02-02,0.010075652,0.010713052,0.0108854,0.010694818,14.866955,-0.01736708323612593,-0.02648256209218458,0,0
2010-02-03,-0.00068376074,0.0103036035,0.006287661,0.010648825,17.29964,-0.016703321581313556,-0.0254704111743255,0,0
2010-02-04,-0.0322048,0.00873626,0.01608319,0.010269104,16.700714,-0.01416247734012555,-0.021595951400685303,1,1
2010-02-05,-0.001885459,0.010584783,0.016244713,0.013200119,13.646256,-0.017159145309759295,-0.026165483572351746,0,0
2010-02-08,-0.0035448459,0.012683448,0.0097140735,0.012619073,13.109021,-0.020561321522364367,-0.031353363515913606,0,0
2010-02-09,0.009659635,0.011226667,0.013904408,0.01216248,10.717177,-0.018199712694291287,-0.027752214631177354,0,0
2010-02-10,-0.0028175646,0.011640724,0.010627776,0.012003273,11.772619,-0.018870945374959463,-0.028775757899923947,0,0
2010-02-11,0.012384783,0.011258827,0.011282472,0.0117466925,11.366199,-0.018251846140643853,-0.027831711413183875,0,0
2010-02-12,0.0023196484,0.010954623,0.012956916,0.011786602,12.541051,-0.01775869766666637,-0.027079723592016037,0,0
2010-02-16,0.013120225,0.01149512,0.0098776845,0.011384257,12.982821,-0.01863490585834263,-0.028415828079238124,0,0
2010-02-17,0.00570062,0.010762234,0.0032939105,0.011513795,12.694059,-0.01744681356492687,-0.026604140560738763,0,0
2010-02-18,0.0054421904,0.007081826,0.0082243355,0.011341272,12.842674,-0.0114804507972958,-0.01750620682540566,0,0
2010-02-19,0.000678196,0.0073148888,0.011866156,0.011037838,13.158792,-0.011858271850569929,-0.01808233520384595,0,0
2010-02-22,0.0011293056,0.009058234,0.005842144,0.010663744,13.6657,-0.014684434670470179,-0.02239186901231794,0,0
2010-02-23,-0.009298174,0.007790685,0.013356909,0.010327774,13.112789,-0.012629592814701022,-0.019258500196428885,0,0
2010-02-24,0.005679897,0.009147768,0.007444515,0.010324409,12.025714,-0.014829579519151353,-0.022613196187140493,0,0
2010-02-25,-0.0011334014,0.008677713,0.012273678,0.010164498,10.783147,-0.014067566109599767,-0.02145122401489053,0,0
2010-02-26,0.0011334014,0.0094591,0.007330541,0.009856689,10.765866,-0.015334283945006114,-0.02338280534454329,0,0
2010-03-01,0.009918927,0.008700094,0.005096775,0.009566549,10.493923,-0.014103848523801652,-0.021506550017184174,0,0
2010-03-02,0.0026881737,0.007038019,0.0060616853,0.009678475,9.780617,-0.01140335093972687,-0.017421118406672258,0,0
2010-03-03,0.0008944544,0.0067134644,0.006288972,0.009497833,9.146484,-0.010858348193223363,-0.01668749101212055,0,0
2010-03-04,0.0033470967,0.006716372,0.005579355,0.009303178,8.326534,-0.01083152678413825,-0.016799906361827013,0,0
2010-03-05,0.012617766,0.0063816234,0.007266644,0.009174662,7.574013,-0.010255001984404313,-0.016071908696918213,0,0
2010-03-08,0.00043985047,0.006737185,0.0033935418,0.009496668,7.2275705,-0.010804173401738879,-0.017027743264076384,0,0
2010-03-09,0.003073548,0.0054692808,0.008354789,0.00923941,7.4338503,-0.008781931717723025,-0.013793543780134193,0,0
2010-03-10,0.004592682,0.006345233,0.0055172755,0.009067336,7.102047,-0.01016723043426175,-0.016058906284131723,0,0
2010-03-11,0.004137186,0.006297259,0.007231193,0.0088800555,7.7891593,-0.010130890804500898,-0.015826660133262165,0,0
2010-03-12,0.00065167807,0.0065232716,0.007813833,0.00868723,7.9583273,-0.01050313675214256,-0.016369159599399496,0,0
2010-03-15,-0.0008689985,0.007036264,0.0060016834,0.008494797,7.9617066,-0.011329288071632165,-0.017655898366844443,0,0
2010-03-16,0.0039045603,0.0066319695,0.0049183844,0.008240173,7.9165998,-0.010676039135701572,-0.01664822990428438,0,0
2010-03-17,0.0053978325,0.0059570726,0.006156975,0.008001533,8.141942,-0.009599498697080518,-0.014924071997716117,0,0
2010-03-18,0.00021530844,0.006092193,0.0047161235,0.0079614315,7.747076,-0.009798892407832945,-0.015317354242780589,0,0
2010-03-19,-0.0043150014,0.0057101245,0.008601392,0.007728915,7.2725034,-0.009159715777862797,-0.014425045752522202,0,0
2010-03-22,0.0049606487,0.006626252,0.008092097,0.0075696907,7.0775104,-0.010615749132244036,-0.016774655900527766,0,0
2010-03-23,0.0064336485,0.007223118,0.005627221,0.007407967,6.78807,-0.01154750805790203,-0.018346176690274347,0,0
2010-03-24,-0.004284497,0.0065028984,0.0048387856,0.0069284267,11.172837,-0.01054194326382717,-0.01607510387673285,0,0
2010-03-25,-0.0015039212,0.005822874,0.009802049,0.0067786914,10.328445,-0.00943954579759949,-0.014394089917583204,0,0
2010-03-26,0.00064481463,0.007073228,0.0080275,0.006330821,10.493445,-0.01146651225323699,-0.017484952343378178,0,0
2010-03-29,0.004502098,0.0075045503,0.00366526,0.005963425,9.134941,-0.012137419062442527,-0.01865538968588399,0,0
2010-03-30,0.0006415054,0.0057457183,0.0057217595,0.005841618,8.8471,-0.009284139873830399,-0.01431301477225048,0,0
2010-03-31,-0.0036406508,0.005718994,0.005242731,0.005146211,10.040733,-0.009271143878371267,-0.014137298709654423,0,0
2010-04-01,0.0072680954,0.0057660453,0.006118828,0.0049924497,9.693643,-0.009340367389075403,-0.014280385719678082,0,0
2010-04-02,-4.2599415e-05,0.0059433854,0.0051163444,0.0056125554,9.187324,-0.009614020763413991,-0.014769102293160273,0,0
2010-04-05,0.007892433,0.0057429136,0.0050761285,0.0052002543,8.956867,-0.009283001647070311,-0.014294427856339265,0,0
2010-04-06,0.0023219008,0.0055448706,0.0062635094,0.005713814,9.571374,-0.00897920179727655,-0.013743339473954971,0,0
2010-04-07,-0.0057088644,0.0058870525,0.0069371294,0.0054097082,9.193909,-0.00952308642684442,-0.014628445963575355,0,0
2010-04-08,0.004020744,0.0063073924,0.007936673,0.0056170714,8.602587,-0.010182887313830399,-0.01574167036472553,0,0
2010-04-09,0.007364578,0.0068273554,0.0036410417,0.005464847,8.569175,-0.011020964844146134,-0.017043861840767175,0,0
2010-04-12,0.0,0.00550055,0.0044351616,0.0056968355,9.463673,-0.00890481606560276,-0.013643076122774924,0,0
2010-04-13,0.00041919932,0.005114221,0.0063737878,0.005328997,9.741641,-0.008285501376295648,-0.012662238988348368,0,0
2010-04-14,0.011252463,0.0057371324,0.004894718,0.005101344,8.929902,-0.009272835749985242,-0.01428286023935554,0,0
2010-04-15,0.001656315,0.005552456,0.0054753274,0.006006484,9.02313,-0.008977064061902533,-0.013813724079281841,0,0
2010-04-16,-0.015216552,0.0055529065,0.012136343,0.00581275,8.362876,-0.008956521466084286,-0.013885493467957373,1,1
2010-04-19,0.004401139,0.007413145,0.008648096,0.006752535,8.615686,-0.01196863411858228,-0.018499449028020556,0,0
2010-04-20,0.008329911,0.0078549115,0.004740667,0.006652867,11.100132,-0.012733711164641734,-0.019417267251883835,0,0
2010-04-21,-0.004156282,0.0063121403,0.008205168,0.0067721545,10.821513,-0.010232701704106935,-0.015603550381224759,0,0
2010-04-22,0.0010406912,0.006816062,0.012145781,0.0066807386,10.312407,-0.011049616856984317,-0.016849240631336533,0,0
2010-04-23,0.008699309,0.008524181,0.0076641864,0.0065355855,9.512921,-0.013801628355873468,-0.021135787397257556,0,0
2010-04-26,-0.0033051053,0.008089945,0.0051713157,0.0066953194,9.234461,-0.013088149459104137,-0.020096652398889046,0,0
2010-04-27,-0.022811495,0.0066765184,0.013299036,0.0065802997,8.864632,-0.010788800849184052,-0.016629533017719814,1,1
2010-04-28,0.00759177,0.008473146,0.007940229,0.0076035066,7.7453175,-0.01362837567427941,-0.021304042161321583,0,0
2010-04-29,0.012733707,0.008438844,0.0073192045,0.0076291943,7.4679313,-0.013552784072919478,-0.021275444486856147,0,0
2010-04-30,-0.018210864,0.007706739,0.00959506,0.007748718,8.060724,-0.012414502438523942,-0.019321199433643032,1,0
2010-05-03,0.012594625,0.008277528,0.00798147,0.011238665,8.401896,-0.013353267191739971,-0.020691974942309895,0,0
2010-05-04,-0.021932553,0.0082135815,0.016394509,0.011509666,9.369286,-0.013293401017366797,-0.02038504890773447,1,1
2010-05-05,-0.007275872,0.010363185,0.011579959,0.013187874,10.325665,-0.01679990982588989,-0.02561769579026188,0,0
2010-05-06,-0.03630401,0.0108728,0.06813653,0.012547002,9.58476,-0.017607724068003174,-0.026946646190035537,1,1
2010-05-07,-0.013904687,0.019658778,0.026855215,0.017450584,8.423881,-0.03171620320874086,-0.049133715407198214,0,0
2010-05-10,0.04374455,0.022625783,0.01842262,0.016847942,7.8722057,-0.036414824321050705,-0.056820615238402455,0,0
2010-05-11,-0.0036816502,0.01932409,0.017335521,0.022823824,7.093715,-0.030962045723551334,-0.048911072595099025,0,0
2010-05-12,0.015073498,0.017968124,0.01579383,0.020929702,7.290422,-0.02882621644301894,-0.045382914226988216,0,0
2010-05-13,-0.011175702,0.016730309,0.010945964,0.020107625,6.769547,-0.026742639086244014,-0.042503037300284895,0,0
2010-05-14,-0.018761458,0.014095147,0.019226097,0.0189848,6.9899507,-0.02256769773445874,-0.035717356796297894,0,0
2010-05-17,-0.00066086574,0.015204919,0.01725778,0.01887893,7.3146367,-0.02439686118814958,-0.03839401445913427,0,0
2010-05-18,-0.013980035,0.016002633,0.017916823,0.017465316,6.829196,-0.02559135962101768,-0.04062584650624602,0,0
2010-05-19,-0.007851975,0.016183764,0.014612595,0.016932402,7.2564936,-0.025958062051173562,-0.040890709450183395,0,0
2010-05-20,-0.036701366,0.015291829,0.022299804,0.015863754,7.239523,-0.024524802324465477,-0.03864405931943473,1,0
2010-05-21,0.013460402,0.01688647,0.023168748,0.020053871,7.08633,-0.027055009707125884,-0.042744704505592604,0,0
2010-05-24,-0.01252626,0.018879257,0.009001459,0.019168867,7.408762,-0.03030964196240266,-0.04762573066418036,0,0
2010-05-25,0.0018656722,0.014317018,0.025372773,0.01833924,7.3875012,-0.022982315189079176,-0.03612467949714896,0,0
2010-05-26,-0.011011005,0.016416254,0.017915424,0.016956592,6.7697597,-0.026240681039100832,-0.041705082157377546,0,0
2010-05-27,0.036771398,0.01729609,0.02031015,0.01622907,6.4550967,-0.027572854163449827,-0.04411068591529553,0,0
2010-05-28,-0.011418256,0.017545367,0.01363001,0.020320013,6.1929355,-0.027897708207674912,-0.04490092070131501,0,0
2010-06-01,-0.017609352,0.015888078,0.014250744,0.019610394,5.6493444,-0.025208025971528797,-0.040768459583716034,0,0
2010-06-02,0.02516001,0.0147119295,0.012681385,0.019290151,5.9692087,-0.023341948819532055,-0.037750488599506464,0,0
2010-06-03,0.006135686,0.013740051,0.00858587,0.020370357,5.9601703,-0.02179996674584725,-0.03525667040363363,0,0
2010-06-04,-0.034573622,0.011462,0.022983423,0.019043628,5.7363796,-0.0181856112348151,-0.029411242176166634,1,1
2010-06-07,-0.01702974,0.014242262,0.012762334,0.021897376,6.431796,-0.022699625125689533,-0.036333249626380563,0,0
2010-06-08,0.010677525,0.014129757,0.01328472,0.021199532,6.979309,-0.02262139493238447,-0.03580935606066053,0,0
2010-06-09,-0.0035465222,0.013240988,0.017483192,0.01998987,7.400178,-0.021256622921599452,-0.03340529495084211,0,0
2010-06-10,0.02641266,0.01442172,0.016469091,0.018529471,7.672267,-0.023187370752547707,-0.036285874381634185,0,0
2010-06-11,0.005062137,0.015000321,0.011189555,0.019777495,8.670979,-0.024223123749070673,-0.037417052346529436,0,0
2010-06-14,0.0011469206,0.013267906,0.011115474,0.01837661,8.920391,-0.021444032766518704,-0.033033387440050424,0,0
2010-06-15,0.017047804,0.012066622,0.011442915,0.017087717,7.821545,-0.01941565984065142,-0.030317398402762638,0,0
2010-06-16,0.00022535211,0.011693804,0.00941761,0.017132346,7.3483787,-0.018767008682901872,-0.029517712136477896,0,0
2010-06-17,0.002025887,0.010742536,0.010633945,0.015821572,7.593857,-0.017264681999786972,-0.02704944726843343,0,0
2010-06-18,-0.0013501352,0.010517075,0.0053571826,0.014631592,7.4566984,-0.016889329138834015,-0.026517949181374463,0,0
2010-06-21,0.00022514917,0.008332542,0.016341401,0.013402776,7.7596817,-0.013403208815151732,-0.020947673609449668,0,0
2010-06-22,-0.018174058,0.010306758,0.013531523,0.012364379,7.2981653,-0.016535899433832348,-0.02603013393330385,1,0
2010-06-23,-0.0027548226,0.01169816,0.011210925,0.013435832,8.082059,-0.018845946997719593,-0.029322386584195007,0,0
2010-06-24,-0.015755655,0.011175691,0.01314934,0.012455698,7.8978143,-0.0179888275541178,-0.02805915076622411,0,0
2010-06-25,0.003962247,0.011526691,0.01074589,0.013079922,7.415907,-0.018506266043861814,-0.0290756652837116,0,0
2010-06-28,-0.0034952848,0.011134435,0.008525325,0.0121843135,7.692868,-0.017903984696274022,-0.028009331837291533,0,0
2010-06-29,-0.03394985,0.009887078,0.021470949,0.011361266,7.654486,-0.015895034670390086,-0.024880725001585533,1,1
2010-06-30,-0.008487986,0.0127902245,0.013728235,0.016334172,7.18948,-0.020506177354308708,-0.03233954687121891,0,0
2010-07-01,-0.004638114,0.013432756,0.016414829,0.015464065,7.4799957,-0.02157449907541516,-0.033861640220606226,0,0
2010-07-02,-0.0073674205,0.013781428,0.0142406495,0.014552889,7.1313286,-0.022086893405986865,-0.03486771548857879,0,0
2010-07-06,0.009811214,0.013746885,0.024120482,0.013782927,7.367752,-0.022064508432846675,-0.03469317991041317,0,0
2010-07-07,0.033600472,0.01627871,0.020878071,0.013381228,6.884157,-0.02604369733291973,-0.04130034032111667,0,0
2010-07-08,0.007289862,0.017678346,0.008370768,0.01742095,6.926994,-0.028291888820886103,-0.04482926154945526,0,0
2010-07-09,0.0051413993,0.013251291,0.0070164953,0.016379736,6.996557,-0.02121759669237489,-0.033576511804495564,0,0
2010-07-12,0.003722666,0.010070504,0.0071950457,0.015325424,7.05607,-0.01613132103930075,-0.0254999814424828,0,0
2010-07-13,0.012233274,0.008901341,0.0127522815,0.014409098,6.4736977,-0.014192648824908217,-0.022695954610558386,0,0
2010-07-14,0.0011463948,0.010113699,0.0097828945,0.014123268,6.69919,-0.016157156056147884,-0.02571528296138295,0,0
2010-07-15,-0.0004584002,0.010140742,0.014945915,0.013299572,6.552275,-0.016180198244322656,-0.025830527768661925,0,0
2010-07-16,-0.025541207,0.011360688,0.017295996,0.012441227,6.285846,-0.018081250762596583,-0.029037323994531333,1,0
2010-07-19,0.0007053015,0.013176569,0.009230358,0.014808927,6.663384,-0.02104403594720172,-0.03351751462066173,0,0
2010-07-20,0.01516064,0.011423053,0.017374141,0.01388903,6.2079883,-0.01816591931166601,-0.029227157612522946,0,0
2010-07-21,-0.01492565,0.012686104,0.015139101,0.014056348,6.5631804,-0.02024341985094309,-0.032309691699926396,0,0
2010-07-22,0.022075951,0.013629075,0.016594835,0.014167522,6.943665,-0.021814212363663953,-0.034554432105023056,0,0
2010-07-23,0.011653279,0.014190652,0.008459341,0.015600882,6.8663445,-0.022700059026621797,-0.0360101998981607,0,0
2010-07-26,0.0081448415,0.011658583,0.008226492,0.01517415,6.8287516,-0.01864430591387336,-0.029597772081588744,0,0
2010-07-27,0.0013510473,0.009909734,0.0080454815,0.014433364,6.9979644,-0.01586734774276535,-0.025109179541541963,0,0
2010-07-28,-0.0081338,0.009187221,0.009390384,0.013479881,6.9595027,-0.014706424278245409,-0.023288597868735255,0,0
2010-07-29,-0.0045475294,0.0092362175,0.015263445,0.012921395,7.1714454,-0.014806404602647455,-0.023357928388417173,0,0
2010-07-30,0.0011388225,0.011043552,0.012883557,0.01220471,7.0531845,-0.017689636032469983,-0.027964778413738886,0,0
2010-08-02,0.021171963,0.011665885,0.010562949,0.011408638,7.070617,-0.01868873435118692,-0.029534962031469086,0,0
2010-08-03,-0.0031250026,0.010903229,0.005685967,0.013172706,6.947307,-0.01745178071787877,-0.027642319565728823,0,0
2010-08-04,0.0055735293,0.008533015,0.007905535,0.012380703,6.949605,-0.013658227639322848,-0.021632688491495262,0,0
2010-08-05,-0.00088967977,0.008146131,0.007691866,0.01176373,7.0304427,-0.013046468055934284,-0.020633074457208987,0,0
2010-08-06,-0.0035666556,0.008135883,0.0145725375,0.011034525,6.9454203,-0.013022171021866568,-0.020626873381260777,0,0
2010-08-09,0.0053452244,0.009974217,0.00569973,0.0104651805,6.644136,-0.015927062540485596,-0.025377575358435333,0,0
2010-08-10,-0.005121935,0.008271823,0.010651657,0.009973976,6.8352256,-0.01322888447543321,-0.0209981787499434,0,0
2010-08-11,-0.03152546,0.008657258,0.011766283,0.009605123,6.502487,-0.013807083709290662,-0.022065568679420864,1,1
2010-08-12,-0.0053136316,0.009837427,0.01064018,0.014313683,5.74555,-0.015608063179044616,-0.0252426228699405,0,0
2010-08-13,-0.0030158937,0.0100373,0.01060537,0.013560589,5.55375,-0.01592518175722035,-0.025755492697677303,0,0
2010-08-16,0.0009289364,0.010028043,0.010037582,0.012783058,5.4881616,-0.015910494007517248,-0.025731738480237867,0,0
2010-08-17,0.011080446,0.009878515,0.0140899345,0.012146667,5.3084846,-0.015673253188877672,-0.025348053429403692,0,0
2010-08-18,-0.002068253,0.011040167,0.009472098,0.012116137,5.2473555,-0.017516330512020704,-0.028328827229108854,0,0
2010-08-19,-0.0143654,0.01040186,0.014758018,0.011478204,5.143157,-0.016503592434660864,-0.026690945253647253,0,0
2010-08-20,-0.00093392486,0.011404957,0.009422657,0.011899107,5.3117285,-0.018095104944721243,-0.029264868079522537,0,0
2010-08-23,-0.0044480935,0.010668797,0.010221267,0.011466165,4.746341,-0.01692711576043929,-0.027375901450108663,0,0
2010-08-24,-0.014892132,0.010140331,0.011265294,0.010887817,4.91217,-0.016088650837454654,-0.026019868123117063,0,0
2010-08-25,0.0045146802,0.0104388185,0.013754794,0.011447076,5.2916985,-0.016562231230358236,-0.026785780659447218,0,0
2010-08-26,-0.009289099,0.011397765,0.010958935,0.010888715,5.4403963,-0.018083694611813646,-0.029246414365752746,0,0
2010-08-27,0.01802278,0.011103462,0.014038354,0.010734146,5.7071996,-0.01761675410970118,-0.028491240398149216,0,0
2010-08-30,-0.017783515,0.011738928,0.014968615,0.011834654,6.0790677,-0.018642012419620112,-0.03008845123882086,0,0
2010-08-31,0.0031052215,0.012715616,0.011159102,0.012728151,6.323547,-0.020245332153459767,-0.03248427366947451,0,0
2010-09-01,0.031457994,0.011910169,0.011727695,0.012127843,6.020825,-0.018901300565516175,-0.03055225321358918,0,0
2010-09-02,0.007138775,0.011477587,0.007905555,0.016017877,5.933152,-0.018210341163313482,-0.0294512374178263,0,0
2010-09-03,0.012768071,0.010025467,0.008835613,0.015154152,5.8410435,-0.015906407642456922,-0.02572512967996948,0,0
2010-09-07,-0.011163118,0.009397087,0.008762942,0.014963986,5.7298174,-0.014909418720073824,-0.024112718512451038,0,0
2010-09-08,0.007304301,0.009207706,0.009886525,0.014618649,5.6233916,-0.014608946921795082,-0.023626771204319535,0,0
2010-09-09,0.0029521992,0.0094136,0.009590443,0.013944205,5.5821705,-0.01493561905229741,-0.024155091810008873,0,0
2010-09-10,0.0065544364,0.009462723,0.005151105,0.013166806,5.393749,-0.015013556783780125,-0.02428113901654493,0,0
2010-09-13,0.010309369,0.0076156417,0.005821916,0.012550081,5.560122,-0.01208297791411332,-0.019541569708744128,0,0
2010-09-14,-0.00491731,0.006866279,0.0077591715,0.012337664,5.701566,-0.01089403932241847,-0.017618722002312154,0,0
2010-09-15,0.0044712797,0.007333917,0.007368671,0.011714263,5.8161397,-0.011635993278927427,-0.01881866998408104,0,0
2010-09-16,0.0015602366,0.007462187,0.0070642945,0.0112472875,5.402025,-0.011839507107998026,-0.019147809017996783,0,0
2010-09-17,-0.0024528946,0.0073132575,0.009760102,0.0105894245,5.4879007,-0.01160321549151706,-0.018765659093708562,0,0
2010-09-20,0.014847918,0.0080943825,0.010665058,0.0099924,5.5699096,-0.012842547759682155,-0.020770007531882583,0,0
2010-09-21,-0.001541002,0.008947177,0.0084965555,0.010771628,5.948878,-0.01419559155088443,-0.02295825944732134,0,0
2010-09-22,-0.004415993,0.008661041,0.00808022,0.010181617,5.8860598,-0.01374160869883039,-0.022224041640001985,0,0
2010-09-23,-0.008221355,0.008264166,0.00947857,0.009741963,5.8412585,-0.013111927531867488,-0.02120567029926517,0,0
2010-09-24,0.02010007,0.008602512,0.010390265,0.009707118,5.6953335,-0.013648747048184712,-0.022073858263663773,0,0
2010-09-27,-0.004822456,0.009156618,0.0071121487,0.011499362,5.9320765,-0.014527891934414932,-0.023495682519279363,0,0
2010-09-28,0.0035095452,0.008302273,0.011459085,0.011063709,5.560362,-0.01317238781845645,-0.021303451567540835,0,0
2010-09-29,-0.0006571022,0.00912176,0.006959231,0.010505673,5.639332,-0.01447258484734292,-0.023406235422289895,0,0
2010-09-30,-0.0037317572,0.008353213,0.013576029,0.009914734,5.7169695,-0.013253208446104399,-0.02143416122705632,0,0
2010-10-01,0.0048266877,0.0096595595,0.0065401495,0.009534025,5.570668,-0.015325857866920168,-0.024786217601449823,0,0
2010-10-04,-0.006587639,0.008505821,0.00951639,0.009184673,5.592482,-0.013495337339158473,-0.021825751667405514,0,0
2010-10-05,0.017471507,0.0085079875,0.011814418,0.009071457,5.4151807,-0.013498774011988216,-0.021831309732821668,0,0
2010-10-06,0.0008656136,0.0096565345,0.005492769,0.010622208,5.3296895,-0.015321058469161096,-0.024778455626998198,0,0
2010-10-07,0.0006487188,0.007885098,0.010089273,0.010048909,5.316466,-0.012510498023432813,-0.020232989826991513,0,0
2010-10-08,0.003452744,0.008353237,0.011123536,0.009582102,5.125731,-0.013253246450385297,-0.021434222690654918,0,0
2010-10-11,0.0015068349,0.009434658,0.004395929,0.0091558155,5.19725,-0.014969029339525574,-0.024209125630272315,0,0
2010-10-12,0.0019340287,0.007159485,0.010457529,0.008692041,5.246997,-0.011359239771384125,-0.018371081815151267,0,0
2010-10-13,0.008337836,0.007958804,0.008896903,0.008257812,5.3080807,-0.01262743991034629,-0.020422117710137154,0,0
2010-10-14,-0.00063890964,0.008531301,0.010994689,0.008466722,5.190362,-0.013535763940531404,-0.021891132838705512,0,0
2010-10-15,0.0012774112,0.009136434,0.010247571,0.008024232,5.2414536,-0.014495866993711868,-0.02344388919352675,0,0
2010-10-18,0.0027621393,0.009428065,0.010331046,0.007643092,5.1751475,-0.01495856911364042,-0.024192208506467493,0,0
2010-10-19,-0.012382737,0.009517514,0.012163265,0.007342113,5.1116447,-0.015100488861741944,-0.024421732608082707,0,0
2010-10-20,0.009407809,0.010201609,0.010304838,0.008291691,5.363324,-0.01618587302690142,-0.026177103715684984,0,0
2010-10-21,0.00085088285,0.010096449,0.011405056,0.008562553,5.4063783,-0.01601902699485021,-0.02590726681048401,0,0
2010-10-22,0.004243588,0.010274696,0.0040161167,0.008187752,5.207766,-0.016301834946286037,-0.026364646716038182,0,0
2010-10-25,0.0016924058,0.0073598903,0.00737335,0.007984495,5.057754,-0.011677202587514082,-0.01888531701282837,0,0
2010-10-26,0.0,0.0071584983,0.0061341817,0.007654937,4.9424167,-0.011357674356956676,-0.0183685501002566,0,0
2010-10-27,-0.0033876805,0.0070326547,0.010859246,0.0072660465,4.963728,-0.01115801072348654,-0.018045637914246522,0,0
2010-10-28,0.0004240882,0.008163041,0.00837662,0.0071366215,4.7394233,-0.012951482506556035,-0.020946185620171056,0,0
2010-10-29,0.00042390844,0.008328665,0.0063012857,0.006927568,4.4514685,-0.013214261297094984,-0.021371172745844633,0,0
2010-11-01,0.0027510333,0.0073694773,0.011278204,0.0066858935,4.2692327,-0.01169241334851144,-0.018909917086458044,0,0
2010-11-02,0.008207981,0.008474446,0.00550408,0.0064282897,4.298752,-0.013445557160365574,-0.021745243133755133,0,0
2010-11-03,0.0037656948,0.0073636323,0.01075285,0.0068925614,4.529536,-0.01168314030397242,-0.01889491996839993,0,0
2010-11-04,0.017593333,0.008167053,0.008532347,0.0066975234,4.6111364,-0.012957846413878725,-0.02095647784609833,0,0
2010-11-05,0.0028682668,0.008437464,0.006696645,0.009200327,4.224181,-0.013386881265251139,-0.021650347727775587,0,0
2010-11-08,-0.001638002,0.0076299845,0.0043448755,0.008743656,4.317469,-0.012105734334596517,-0.019578373233533695,0,0
2010-11-09,-0.007404394,0.0062565897,0.009900653,0.008506605,4.09716,-0.009926705502365319,-0.016054271466147983,0,0
2010-11-10,0.0024742282,0.0073820087,0.008734172,0.0084489435,4.2906365,-0.011712295921467714,-0.018942072792458332,0,0
2010-11-11,-0.0024742282,0.008051598,0.0067581916,0.008068782,4.3212495,-0.012774666684816017,-0.020660224764270988,0,0
2010-11-12,-0.012881957,0.0074159596,0.009052365,0.0077807377,4.229524,-0.011766162465320938,-0.0190291901263771,1,0
2010-11-15,0.00020909566,0.007845857,0.0078123333,0.008718908,4.3683863,-0.012448237962684199,-0.020132297818296487,0,0
2010-11-16,-0.017718244,0.007868219,0.009718805,0.008421029,4.116158,-0.012483717673493622,-0.020189678477845537,1,0
2010-11-17,0.002338188,0.0083493935,0.0051720156,0.010191655,4.2169833,-0.01324714857302889,-0.021424360709917833,0,0
2010-11-18,0.01705125,0.007081526,0.0078704255,0.009624081,4.2793226,-0.011235549410019828,-0.01817103975299729,0,0
2010-11-19,0.0004173623,0.007222581,0.007394094,0.011078952,4.17391,-0.011459348476451447,-0.01853298571437467,0,0
2010-11-22,-0.00020865936,0.0074595115,0.013695548,0.010413552,4.1766467,-0.011835261486903463,-0.019140942655981888,0,0
2010-11-23,-0.016623212,0.009200906,0.009575247,0.009981511,3.9549885,-0.014598159135203142,-0.023609324322831554,1,0
2010-11-24,0.015370342,0.00934934,0.008838163,0.011110767,4.130801,-0.01483366352015123,-0.02399020107257737,0,0
2010-11-26,-0.011135738,0.0088439295,0.008453136,0.011857342,4.2514114,-0.014031779527258216,-0.022693329386075173,0,0
2010-11-29,0.002742907,0.008606142,0.012808705,0.011973152,4.1697683,-0.013654506506468364,-0.022083172925689527,0,0
2010-11-30,-0.005917177,0.009837531,0.0083606215,0.011287282,4.136919,-0.01560822786426184,-0.025242889212201094,0,0
2010-12-01,0.020973923,0.009271788,0.012424478,0.01097931,3.9697623,-0.014710620136426024,-0.02379120535501859,0,0
2010-12-02,0.0150378775,0.009968097,0.007829843,0.012910983,4.0781536,-0.01581538377025179,-0.025577918507649226,0,0
2010-12-03,0.0006131835,0.009202662,0.008249689,0.013429783,4.0708523,-0.014600944306074639,-0.02361382872655744,0,0
2010-12-06,-0.0012267431,0.008633076,0.0060450127,0.012671708,3.8932374,-0.013697239605746247,-0.022152284352056868,0,0
2010-12-07,0.0010223904,0.0076509947,0.009217255,0.011882966,3.8705451,-0.012139068613262886,-0.019632284126599942,0,0
2010-12-08,0.0044861413,0.008120399,0.00623396,0.011440144,3.6155171,-0.012883825837919959,-0.020836765780474997,0,0
2010-12-09,0.0034528316,0.0075320182,0.006195514,0.010928777,3.5999665,-0.011950301350044396,-0.019326994432359558,0,0
2010-12-10,0.006467282,0.00696463,0.0039391364,0.010454965,3.5450165,-0.011050083090056445,-0.017871088611320918,0,0
2010-12-13,0.00020143016,0.005844524,0.005824156,0.010184856,3.565572,-0.009272922382402677,-0.014996920496547397,0,0
2010-12-14,-0.0036319653,0.005931958,0.0054152124,0.009665037,3.5199695,-0.009411645246589644,-0.015221274338785238,0,0
2010-12-15,-0.003848106,0.0059745787,0.005676069,0.009396031,3.4077485,-0.009479267530400147,-0.015330638568558754,0,0
2010-12-16,0.005262105,0.005960408,0.0062135095,0.008961164,3.4769936,-0.009456784378793881,-0.015294276996311489,0,0
2010-12-17,0.0,0.006148568,0.0037133547,0.008913272,3.376512,-0.009755318863610675,-0.015777091124333464,0,0
2010-12-20,0.0022179664,0.0052812886,0.006671808,0.008431555,3.3904274,-0.008379293340831309,-0.013551671292770585,0,0
2010-12-21,0.0076244352,0.0057874476,0.0034422413,0.0081981765,3.3021278,-0.009182364515070459,-0.014850462985019486,0,0
2010-12-22,0.0029937155,0.00506648,0.002548501,0.00846264,3.3431833,-0.008038478188652078,-0.013000477447888398,0,0
2010-12-23,-0.0011964109,0.0041526034,0.0035934942,0.00806453,3.4135175,-0.006588521219001289,-0.010655489697475089,0,0
2010-12-27,0.00019950124,0.0042364453,0.004586511,0.007695458,3.411142,-0.006721544798349361,-0.010870626195051627,0,0
2010-12-28,0.00059826503,0.0046379124,0.0028084922,0.007205551,3.4894824,-0.007358512381310552,-0.011900781717400754,0,0
2010-12-29,0.0013945615,0.004130572,0.0028260276,0.0067383726,3.567039,-0.006553566329213786,-0.010598957820954309,0,0
2010-12-30,-0.0009959168,0.0038370653,0.0033248158,0.0063139945,3.647319,-0.006087888112145418,-0.00984582532287567,0,0
2010-12-31,-0.0011964109,0.0039419928,0.0046119755,0.006052836,3.5978904,-0.006254366317049368,-0.010115067348247348,0,0
2011-01-03,0.009729055,0.0043938695,0.008505592,0.005915506,3.501271,-0.006971313909159605,-0.01127457301384771,0,0
2011-01-04,0.0,0.005666182,0.006567989,0.0071669323,3.4793143,-0.008989965128434753,-0.014539299126855872,0,0
2011-01-05,0.0051241736,0.0059657423,0.00958662,0.0066841454,3.548935,-0.009465247570204248,-0.015307964354351843,0,0
2011-01-06,-0.0011801732,0.006807805,0.005932566,0.0066756485,3.6049726,-0.010801264538700558,-0.017468679114199314,0,0
2011-01-07,-0.002167275,0.006390274,0.009010053,0.0062785,3.651059,-0.010138809203782611,-0.016397302736766078,0,0
2011-01-10,-0.0015791554,0.006966091,0.0055865347,0.005942806,3.719853,-0.011052401351191201,-0.017874837890835448,0,0
2011-01-11,0.0039432226,0.0064349608,0.0048492793,0.005661441,3.7119963,-0.010209709809252449,-0.01651196893362825,0,0
2011-01-12,0.010180198,0.0057082134,0.0050819535,0.0056423363,3.7267091,-0.00905665178304411,-0.014647150181368645,0,0
2011-01-13,-0.0017545575,0.0055633513,0.004451877,0.006881435,3.7490287,-0.00882681365540509,-0.014275437361490112,0,0
2011-01-14,0.0064183823,0.0052870438,0.007716229,0.006591348,3.6515906,-0.008388424321748878,-0.01356643865404346,0,0
2011-01-18,0.00406308,0.006125788,0.006228196,0.006852864,3.617569,-0.009719175887613205,-0.015718637778646963,0,0
2011-01-19,-0.012630111,0.006281302,0.008766827,0.0067506367,3.5731497,-0.009965914157021864,-0.01611768287545479,1,0
2011-01-20,-0.0017614253,0.0069695064,0.0076291263,0.008319509,3.4883425,-0.011057819675810605,-0.017883600843892823,0,0
2011-01-21,0.0027386558,0.007218095,0.00793756,0.007982004,3.3928976,-0.011452229912693792,-0.018521472996989502,0,0
2011-01-24,0.006814005,0.0073185246,0.0049709585,0.007571207,3.4431663,-0.011611571908995382,-0.018779173768305235,0,0
2011-01-25,-0.00077639753,0.0063650273,0.008106285,0.007661152,3.5012088,-0.010098752691716516,-0.016332520103842913,0,0
2011-01-26,0.004649369,0.0068827244,0.005058282,0.0072732563,3.4660697,-0.01092013107098235,-0.01766091968958828,0,0
2011-01-27,0.0017379555,0.0063206884,0.0048244228,0.00723434,3.4056082,-0.010028404958047356,-0.01621874805599845,0,0
2011-01-28,-0.018892372,0.0057314783,0.011062549,0.0069361143,3.3731642,-0.009093563893297841,-0.014706847433217264,1,1
2011-01-31,0.0086139925,0.007350575,0.010125859,0.0101435585,3.216253,-0.011662423446564062,-0.018861414990068496,0,0
2011-02-01,0.015666116,0.008409131,0.009392878,0.010212138,3.1913269,-0.013341928534996068,-0.02157764653456627,0,0
2011-02-02,-0.0021131504,0.008480489,0.003929659,0.011460959,3.2982564,-0.013455145097517746,-0.02176074952163021,0,0
2011-02-03,0.0024968802,0.0063961153,0.0076259095,0.010604392,3.3724852,-0.010148076819138645,-0.016412291074310106,0,0
2011-02-04,0.0030645495,0.006703008,0.005369203,0.009991433,3.3818517,-0.010634993095181967,-0.01719977148007239,0,0
2011-02-07,0.006481151,0.00644075,0.0063734,0.009480681,3.380344,-0.010218894177136041,-0.01652682263662297,0,0
2011-02-08,0.004549771,0.0063999137,0.0038099312,0.009351837,3.3390899,-0.010154104117116241,-0.01642203890836408,0,0
2011-02-09,-0.0018932228,0.0055013793,0.0054009836,0.008983677,3.3650482,-0.008728489341812294,-0.014116419324562826,0,0
2011-02-10,-0.00037907506,0.005543882,0.006454109,0.00863572,3.2665303,-0.008795923413945972,-0.014225479163181377,0,0
2011-02-11,0.0064248145,0.0060609845,0.009115926,0.008157954,3.2692926,-0.00961635892510001,-0.015552353866313888,0,0
2011-02-14,0.00037664783,0.007060099,0.0034997326,0.008284175,3.2127802,-0.011201553675893074,-0.018116059100631625,0,0
2011-02-15,-0.0011303694,0.005587371,0.0036424897,0.007914105,3.1762767,-0.008864923805370928,-0.014337072180113609,0,0
2011-02-16,0.00507663,0.004817151,0.0044387765,0.0075758663,3.1510036,-0.007642892533652559,-0.0123607043134922,0,0
2011-02-17,0.0035570571,0.004944435,0.0056795273,0.007481867,3.1960964,-0.007844840948295708,-0.012687311632513278,0,0
2011-02-18,0.003544449,0.0053891004,0.0036048598,0.0072354907,3.2303958,-0.008550346989696183,-0.013828313096387858,0,0
2011-02-22,-0.021077182,0.004852687,0.011270885,0.007168651,3.1770046,-0.007699273694091843,-0.01245188848885159,1,1
2011-02-23,-0.006870256,0.0065737357,0.011751692,0.011102288,3.0693126,-0.010429889420360485,-0.016868061218948596,0,0
2011-02-24,-0.0021086943,0.008334139,0.009810847,0.01075981,3.1086354,-0.01322294618014392,-0.02138521864154348,0,0
2011-02-25,0.012206904,0.008468515,0.006342023,0.010133002,3.1127968,-0.01343614748138809,-0.02173002503942587,0,0
2011-02-28,0.0054825735,0.00734221,0.007751077,0.010851021,3.0816548,-0.011649150903892482,-0.018839949559967362,0,0
2011-03-01,-0.019033693,0.0073239184,0.014900258,0.010429471,3.0974576,-0.011620130111107994,-0.018793014785342087,1,1
2011-03-02,0.0036443889,0.009489738,0.00923647,0.01249347,3.1473236,-0.015056420183449657,-0.02435046117525032,0,0
2011-03-03,0.018213367,0.00939961,0.009320492,0.011760682,3.1319177,-0.014913421837661707,-0.024119192678170115,0,0
2011-03-04,-0.0071698423,0.008947198,0.011601571,0.013429824,3.0935996,-0.014195625935710004,-0.022958315057243883,0,0
2011-03-07,-0.008557626,0.009747652,0.012053256,0.012810709,3.1135342,-0.01546562675369565,-0.025012263156068144,0,0
2011-03-08,0.00836825,0.010428937,0.009183648,0.012442011,3.1315274,-0.016546553559624134,-0.026760425461606188,0,0
2011-03-09,-0.0034149152,0.009774453,0.006958409,0.012127961,3.1333904,-0.015508148114837106,-0.025081032142386148,0,0
2011-03-10,-0.016285446,0.008461723,0.008448949,0.011474994,3.1034436,-0.013425370553162121,-0.021712595718966058,1,0
2011-03-11,0.009037654,0.008364731,0.012772171,0.0125950705,3.1700275,-0.013271483980897001,-0.02146371790088728,0,0
2011-03-14,-0.00807231,0.009816505,0.010281579,0.012289332,3.2130568,-0.015574867344544375,-0.025188935879983436,0,0
2011-03-15,-0.015754484,0.010002417,0.022294313,0.011948163,3.2256308,-0.015869834856139776,-0.025665981210251206,0,0
2011-03-16,-0.016803795,0.012994522,0.020088354,0.012876418,3.2569253,-0.02061711064882368,-0.033343659799815496,0,0
2011-03-17,0.011693722,0.015270698,0.017373698,0.013756741,3.3432136,-0.024228490967579844,-0.03918427630556361,0,0
2011-03-18,0.0043256064,0.015381656,0.014149069,0.013633755,3.3778205,-0.02440453584533594,-0.03946899032846353,0,0
2011-03-21,0.01460733,0.014412221,0.008613557,0.012841595,3.3395088,-0.022866430208302695,-0.03698144141964777,0,0
2011-03-22,-0.0036803915,0.011627132,0.004480167,0.013354086,3.3678017,-0.018447609127867984,-0.029834966371230905,0,0
2011-03-23,0.002906697,0.008167465,0.009109339,0.012568586,3.3408437,-0.012958501535292294,-0.020957537361464655,0,0
2011-03-24,0.010203188,0.008368929,0.0071185324,0.011816228,3.3466945,-0.013278143778692393,-0.02147448866483222,0,0
2011-03-25,0.0036325438,0.0081626605,0.0050320406,0.01174243,3.4355986,-0.012950878057516997,-0.02094520805626953,0,0
2011-03-28,-0.0059335995,0.0068863193,0.006337045,0.011135678,3.4191327,-0.010925835332572317,-0.01767014508305416,0,0
2011-03-29,0.010883163,0.0067266533,0.0068399105,0.010697266,3.4721253,-0.010672508749610905,-0.01726044483240352,0,0
2011-03-30,0.0056807576,0.0069266846,0.0059238356,0.010900412,3.5552843,-0.010989878879931627,-0.01777372149062629,0,0
2011-03-31,-0.002268432,0.006640444,0.0022732082,0.010534791,3.526276,-0.010535729532932702,-0.017039234414208307,0,0
2011-04-01,0.005096755,0.004771049,0.0063668997,0.0099453,3.5535426,-0.007569746961018268,-0.012242407374055653,0,0
2011-04-04,0.0011290931,0.0053968877,0.004262621,0.009638658,3.5179749,-0.008562702905307064,-0.013848296083027548,0,0
2011-04-05,-0.0018825306,0.005326727,0.0058205025,0.009086162,3.5376222,-0.008451385651966436,-0.013668264812474535,0,0
2011-04-06,0.001694437,0.0055437866,0.0054981,0.008618584,3.5180652,-0.008795772301686211,-0.014225234772205997,0,0
2011-04-07,-0.00037629352,0.0056925127,0.006914173,0.008139293,3.530194,-0.00903174178664338,-0.01460686371932514,0,0
2011-04-08,-0.0035818683,0.0061291163,0.008779192,0.0076909065,3.487793,-0.009724456672930312,-0.01572717829201417,0,0
2011-04-11,-0.003215741,0.006993616,0.006440406,0.007359683,3.5593858,-0.011096071889397893,-0.01794546541930156,0,0
2011-04-12,-0.008562511,0.0067264284,0.005937889,0.007015524,3.6227334,-0.010672152233261534,-0.017259868245311904,0,0
2011-04-13,0.00038211694,0.0063073686,0.0074075763,0.0076399576,3.5910194,-0.010007271863276785,-0.01618456990492046,0,0
2011-04-14,0.0011454755,0.006685177,0.008109212,0.0071610906,3.6344807,-0.010606702527509011,-0.01715401768459162,0,0
2011-04-15,0.0064663594,0.0071787247,0.0061388537,0.006872415,3.528634,-0.011389765352719393,-0.018420450255597253,0,0
2011-04-18,-0.013551119,0.006739197,0.013101636,0.007051309,3.5871902,-0.010692410324707628,-0.01729263127020311,1,0
2011-04-19,0.0057482435,0.008421731,0.007624075,0.008696055,3.5491893,-0.013361919691612047,-0.02160997785084827,0,0
2011-04-20,0.014980843,0.008184854,0.0073826313,0.008450096,3.6181064,-0.012986089928632476,-0.02100215554379036,0,0
2011-04-21,0.002068253,0.007564787,0.005038806,0.009750772,3.8068683,-0.012002291206312344,-0.019411076635242754,0,0
2011-04-25,-0.00018784634,0.0065772915,0.004247688,0.009193583,3.7619498,-0.01043553124634612,-0.016877185636502492,0,0
2011-04-26,0.007672911,0.005688432,0.00839069,0.008567781,3.8601775,-0.00902526748593332,-0.014596392956278126,0,0
2011-04-27,0.0074294545,0.0066619753,0.0057158372,0.008627698,3.8684616,-0.01056989085714051,-0.017094482872253583,0,0
2011-04-28,0.0029563953,0.006506999,0.005928473,0.008575541,3.9476473,-0.010324004969460555,-0.016696816316157187,0,0
2011-04-29,0.003499405,0.0062460667,0.0052975444,0.008243748,3.832225,-0.009910009859821461,-0.016027269921915912,0,0
2011-05-02,-0.0014719414,0.0059932913,0.009389001,0.008010331,3.7004611,-0.009508957017555669,-0.015378654809835569,0,0
2011-05-03,-0.00424394,0.0070753596,0.0061238706,0.007716727,3.553308,-0.011225766022280183,-0.018155217266615134,0,0
2011-05-04,-0.00667906,0.00681691,0.008258258,0.007648039,3.4267194,-0.010815710689760808,-0.01749204259876194,0,0
2011-05-05,-0.0059746257,0.0071358797,0.01182437,0.007679532,3.508441,-0.011321787457423349,-0.018310510902151134,0,0
2011-05-06,-0.00037460198,0.008585264,0.010539619,0.007629311,3.6213052,-0.0136213803464831,-0.02202959861899656,0,0
2011-05-09,0.0061630597,0.009123648,0.00564941,0.007412119,3.4311612,-0.014475579946623185,-0.02341107933922709,0,0
2011-05-10,0.008158769,0.0074668783,0.0075763683,0.0073521878,3.7174,-0.011846949613007144,-0.019159845639389054,0,0
2011-05-11,-0.011142177,0.007319181,0.011318398,0.007571673,3.9165006,-0.011612613407264742,-0.018780858163590645,0,0
2011-05-12,0.006514681,0.008658005,0.009850201,0.00835946,3.8728464,-0.013736791203794702,-0.022216250397170078,0,0
2011-05-13,-0.010069076,0.009043449,0.009835845,0.008335585,3.8245995,-0.01434833618499496,-0.023205290430604122,0,0
2011-05-16,-0.006392201,0.009061708,0.008207713,0.008882836,3.711906,-0.01437730721026875,-0.023252144717183617,0,0
2011-05-17,0.0,0.00860446,0.008544397,0.008588256,3.930856,-0.013651838063031052,-0.02207885730301648,0,0
2011-05-18,0.009759837,0.008435123,0.0062799095,0.008264945,3.74206,-0.013383166799225311,-0.021644340392722058,0,0
2011-05-19,0.0024251482,0.0075763096,0.0055730115,0.008598557,3.8197565,-0.012020573980015593,-0.019440645016425836,0,0
2011-05-20,-0.010488952,0.0067743603,0.0063259127,0.008186843,3.9739792,-0.010748200609065338,-0.01738285983294619,0,0
2011-05-23,-0.009459019,0.006687473,0.0070929704,0.0087186,3.917975,-0.010610345509292197,-0.017159909409543022,0,0
2011-05-24,-0.0013314314,0.006941862,0.0057408763,0.009031446,3.8387191,-0.011013959116199425,-0.017812665997433717,0,0
2011-05-25,0.0022813699,0.0065718424,0.011864631,0.008464677,3.9822972,-0.010426886177305743,-0.016863204131240275,0,0
2011-05-26,0.0075671948,0.008086315,0.006515163,0.008165304,3.8465,-0.012829748460794134,-0.020749307469925905,0,0
2011-05-27,0.0026350475,0.007592555,0.0046405876,0.008136186,4.1556315,-0.012046349026238658,-0.01948233050704697,0,0
2011-05-31,0.0104713,0.006220761,0.0064631687,0.007893852,4.009719,-0.009869860146780785,-0.015962336556834277,0,0
2011-06-01,-0.02409755,0.0063626543,0.01191981,0.008435916,3.9206662,-0.01009498755331616,-0.016326430817324586,1,1
2011-06-02,0.00038102496,0.008121922,0.007272823,0.011478326,3.6425312,-0.01288624182434845,-0.020840673109243067,0,0
2011-06-03,-0.012458235,0.007885004,0.0069294972,0.010737897,3.649611,-0.012510348720900715,-0.02023274836285416,0,0
2011-06-06,-0.008716762,0.0072955396,0.0055357176,0.010767547,3.8486407,-0.01157510408688262,-0.018720195055192616,0,0
2011-06-07,-0.00019457146,0.0066545047,0.0071273693,0.010709629,3.7065976,-0.010558038045819606,-0.01707531354658582,0,0
2011-06-08,-0.00605057,0.00683964,0.0050167753,0.010392654,3.496679,-0.01085177313287733,-0.01755036570015617,0,0
2011-06-09,0.008188777,0.006257562,0.009176003,0.009959656,3.6412735,-0.009928248295196996,-0.016056766595567293,0,0
2011-06-10,-0.014276179,0.0071516507,0.007998021,0.010141682,3.4658465,-0.01134680965693911,-0.018350978828152405,1,0
2011-06-13,0.0017711311,0.007585187,0.006774927,0.010663907,3.572836,-0.012034658185543485,-0.019463423133382757,0,0
2011-06-14,0.010172232,0.0071775056,0.008756903,0.009981657,3.7260778,-0.01138783165871277,-0.018417322929163784,0,0
2011-06-15,-0.019257817,0.007639504,0.010414002,0.010583673,3.3691816,-0.01212083832166183,-0.019602800623719687,1,0
2011-06-16,0.0027739268,0.0085662,0.009314518,0.011734985,3.6217692,-0.013591133463207748,-0.021980680911606962,0,0
2011-06-17,0.0019766758,0.008747749,0.010398648,0.0108666085,3.7900822,-0.013879179671360629,-0.022446532549834676,0,0
2011-06-20,0.006102982,0.009103302,0.009711441,0.010160739,3.9548724,-0.01444329983431981,-0.023358873329312455,0,0
2011-06-21,0.011125322,0.009194741,0.009103278,0.00971632,4.183441,-0.014588377557191159,-0.023593504763287428,0,0
2011-06-22,-0.0064258813,0.008980807,0.006806819,0.00999339,4.036752,-0.014248949561264693,-0.023044554339754098,0,0
2011-06-23,-0.0021511693,0.008039387,0.013154969,0.009621403,4.223535,-0.012755292645332707,-0.020628891499756715,0,0
2011-06-24,-0.010232281,0.009461734,0.0120510785,0.009371677,3.9196882,-0.015011988654761183,-0.02427860291139322,0,0
2011-06-27,0.009644795,0.010421292,0.011580359,0.00940879,4.1353,-0.016534422955107146,-0.026740806866301047,0,0
2011-06-28,0.01419843,0.010499181,0.009804391,0.009360588,4.380866,-0.016658002018220243,-0.02694066892791627,0,0
2011-06-29,0.0075036427,0.010005198,0.005626934,0.009865895,4.703228,-0.015874248781906887,-0.025673119768202756,0,0
2011-06-30,0.008588659,0.008028412,0.0061637843,0.009674808,4.6713386,-0.012737879445770948,-0.020600729464246337,0,0
2011-07-01,0.014527187,0.0072201947,0.008725107,0.009529102,4.8460927,-0.011455561621319148,-0.0185268613058,0,0
2011-07-05,0.0014972865,0.007844248,0.0049294485,0.01009384,4.9527817,-0.012445684436953411,-0.020128168049838253,0,0
2011-07-06,-0.000748363,0.0067975777,0.0075547276,0.00961195,4.766166,-0.010785037615621103,-0.017442435621016626,0,0
2011-07-07,0.011907117,0.006986333,0.005187295,0.009129487,4.8994613,-0.011084516778277353,-0.017926777558489485,0,0
2011-07-08,-0.007425317,0.0064723254,0.012521929,0.009474774,4.9918213,-0.010268991963133585,-0.016607844830347353,0,0
2011-07-11,-0.017480005,0.008140721,0.011177314,0.009263674,5.1384435,-0.012916069755670098,-0.02088891325362906,1,0
2011-07-12,-0.005895234,0.009295738,0.014729252,0.010343873,5.4090075,-0.01474861898814066,-0.023852660173103335,0,0
2011-07-13,0.0011437287,0.010632242,0.010979655,0.010000266,5.0939193,-0.016869115798606536,-0.027282099218132762,0,0
2011-07-14,-0.0042000827,0.010545733,0.011145942,0.009389614,5.3063083,-0.016731862433280942,-0.02706012196837408,0,0
2011-07-15,0.006293527,0.010335228,0.0073451074,0.008940133,5.571234,-0.01639787538356965,-0.02651997108337348,0,0
2011-07-18,-0.01108786,0.008987888,0.010879134,0.008730571,5.6945376,-0.014260183445725263,-0.023062722686816108,0,0
2011-07-19,0.015829451,0.009380307,0.008923805,0.008939075,6.1504564,-0.014908193031038066,-0.024019334471690777,0,0
2011-07-20,0.0,0.009268107,0.0056056324,0.009748542,6.0483966,-0.014713078467599141,-0.023765570179749177,0,0
2011-07-21,0.01595529,0.007647143,0.011667812,0.0092727,5.63822,-0.012132958067812847,-0.01962240165799666,0,0
2011-07-22,-0.0011179431,0.008755052,0.007913132,0.010008732,5.694124,-0.01389076735757908,-0.022465273093731263,0,0
2011-07-25,-0.0056085396,0.0086274715,0.009556134,0.00958578,5.3076663,-0.013688347508880035,-0.022137903333403756,0,0
2011-07-26,-0.0054516536,0.008704061,0.0067596063,0.009333335,5.171569,-0.01380986348245869,-0.02233442879966647,0,0
2011-07-27,-0.020760674,0.007967925,0.01030706,0.009018018,5.4066343,-0.012641910492729974,-0.020445520707013165,1,1
2011-07-28,-0.0017336034,0.008587212,0.0095496,0.010579093,5.2162476,-0.013624472266193271,-0.02203459912176828,0,0
2011-07-29,-0.006382383,0.0090158535,0.011361138,0.00999775,5.26023,-0.014304554348537068,-0.02313448290159926,0,0
2011-08-01,-0.006814005,0.009617699,0.01759588,0.009639175,5.564546,-0.01525944267146008,-0.024678805572641325,0,0
2011-08-02,-0.02572362,0.011833097,0.014176309,0.009529657,5.213905,-0.018774393461485343,-0.03036346844087801,1,0
2011-08-03,0.005795959,0.012473676,0.015464062,0.01207613,5.092555,-0.01979073651634747,-0.03200718067769241,0,0
2011-08-04,-0.04545774,0.012991015,0.02964911,0.011384783,5.128052,-0.020611545736263674,-0.03333465977287781,1,1
2011-08-05,-0.0008345504,0.01699251,0.033089377,0.019241538,4.5404334,-0.026960316496790395,-0.04360240562688268,0,0
2011-08-08,-0.074959286,0.02150948,0.03822024,0.017130554,4.626036,-0.034126943001689274,-0.05519285397641041,1,1
2011-08-09,0.05301285,0.025226906,0.052983318,0.034063693,4.136383,-0.04002501194641279,-0.06473168838044162,0,0
2011-08-10,-0.042049546,0.031963345,0.030761905,0.039208878,4.3970804,-0.0507130463496342,-0.08201724255629178,0,0
2011-08-11,0.039272062,0.031818878,0.043606736,0.04141842,4.515589,-0.050483833482902335,-0.0816465409589521,0,0
2011-08-12,0.0070355264,0.034052104,0.023821933,0.040740643,4.654733,-0.0540270703162814,-0.08737695030557448,0,0
2011-08-15,0.018314373,0.030618206,0.011573626,0.035585582,4.709586,-0.048578848995904735,-0.07856564588396747,0,0
2011-08-16,-0.0052284966,0.021255244,0.014095002,0.032150175,4.8467994,-0.03372357280315256,-0.05454049104823455,0,0
2011-08-17,-0.0018889711,0.017281663,0.014924544,0.02821694,4.6679745,-0.027419087888237537,-0.044344367847625486,0,0
2011-08-18,-0.039859574,0.015990052,0.028614847,0.024004105,4.7527103,-0.025369819243948283,-0.04103012475714139,1,0
2011-08-19,-0.017199984,0.018965216,0.019457787,0.02866014,4.62945,-0.0300902151516716,-0.048664331021468145,0,0
2011-08-22,-0.0006674825,0.01941251,0.022070907,0.02620561,4.809081,-0.03079988899587718,-0.049812072993322395,0,0
2011-08-23,0.030899797,0.01947033,0.017995669,0.022628738,4.850186,-0.030891627710508716,-0.04996044026666391,0,0
2011-08-24,0.011585626,0.01852296,0.019702107,0.024701303,4.782038,-0.029388529445365165,-0.04752950811267176,0,0
2011-08-25,-0.012449184,0.018333815,0.020098776,0.022122445,4.8909326,-0.029088433165576244,-0.04704416812343117,0,0
2011-08-26,0.015856342,0.01849064,0.026905304,0.02006867,4.895207,-0.029337252621795963,-0.0474465790839718,0,0
2011-08-29,0.02684725,0.020474236,0.013518536,0.019284831,4.7380505,-0.03248442693693663,-0.05253644407437747,0,0
2011-08-30,-0.002694023,0.017538164,0.014708689,0.021318745,4.5570736,-0.02782605220591057,-0.04500254347612598,0,0
2011-08-31,0.010732817,0.015623845,0.015063273,0.018576795,4.706592,-0.024788795319764138,-0.040090445847058266,0,0
2011-09-01,-0.013642212,0.015070085,0.013672316,0.017433623,4.876497,-0.023910199685879274,-0.03866950988678433,0,0
2011-09-02,-0.027000163,0.014239008,0.012333488,0.016626906,4.90052,-0.022591610394766017,-0.03653698057715147,1,0
2011-09-06,-0.004070707,0.013192952,0.01888408,0.019398509,4.761474,-0.020931938111779586,-0.0338528242506082,0,0
2011-09-07,0.029196065,0.014682557,0.011610199,0.01761498,4.551921,-0.02329534652251326,-0.03767511959343416,0,0
2011-09-08,-0.01111239,0.013493634,0.010804015,0.020518271,4.551876,-0.02140900042070445,-0.034624368023305215,0,0
2011-09-09,-0.023681106,0.012068584,0.024464784,0.018992862,4.6493144,-0.01914801535671753,-0.030967720005541127,1,0
2011-09-12,0.004523433,0.015234588,0.018421398,0.019977976,4.7509794,-0.02417119860926285,-0.03909161846725686,0,0
2011-09-13,0.0017178445,0.016584858,0.01874572,0.018263202,4.556809,-0.026313537927742717,-0.04255638298387146,0,0
2011-09-14,0.014483746,0.016665045,0.02772807,0.016389143,4.572896,-0.02644076178236666,-0.042762139697276116,0,0
2011-09-15,0.018437564,0.019395832,0.013449391,0.015980482,4.7475877,-0.030773430777461787,-0.049769282621345494,0,0
2011-09-16,0.0062086293,0.01692941,0.010682588,0.01636488,5.009834,-0.02686020417226775,-0.04344049587398322,0,0
2011-09-19,-0.011620799,0.0136325015,0.013169443,0.01484902,5.123374,-0.021629327524616927,-0.03498069884592488,0,0
2011-09-20,-0.0014621413,0.013056209,0.017233973,0.014496326,4.9133873,-0.02071498253050103,-0.03350194612723566,0,0
2011-09-21,-0.03423317,0.014248068,0.019766863,0.012916379,5.0158277,-0.02260598687131129,-0.03656023137845,1,0
2011-09-22,-0.02830067,0.015783384,0.027640058,0.01898326,4.8241105,-0.02504192011809126,-0.04049981975526872,1,0
2011-09-23,0.0055475566,0.01900312,0.02284048,0.021276157,4.926537,-0.03015035059214527,-0.04876158692231769,0,0
2011-09-26,0.025129696,0.020150723,0.018790264,0.019739501,4.4712,-0.03197113749967802,-0.05170631085802562,0,0
2011-09-27,0.009450242,0.019016355,0.02011238,0.02099447,4.673159,-0.030171350671932697,-0.048795549950800585,0,0
2011-09-28,-0.017901912,0.018808438,0.020575158,0.019360747,4.702687,-0.029841469894286012,-0.04826204006128669,0,0
2011-09-29,0.006507615,0.018982543,0.022452945,0.01906609,4.9348917,-0.030117704914854212,-0.048708789691121294,0,0
2011-09-30,-0.02651048,0.019651901,0.016519489,0.017281177,4.9811106,-0.03117970739862334,-0.05042634605139515,0,0
2011-10-03,-0.035940133,0.01809178,0.022769978,0.019640544,5.142625,-0.02870441981411005,-0.04642311065480832,1,0
2011-10-04,0.02477681,0.018889405,0.03006401,0.024204817,5.300139,-0.029969931602630624,-0.048469798731902845,0,0
2011-10-05,0.019124443,0.02210768,0.018701885,0.024509186,5.239133,-0.0350760474350052,-0.056727822473113344,0,0
2011-10-06,0.019629857,0.02075945,0.01515873,0.023532381,5.356341,-0.03293694571931228,-0.053268294069731756,0,0
2011-10-07,-0.002162163,0.017824937,0.017648626,0.02284641,5.494349,-0.028281046695727553,-0.045738397385903275,0,0
2011-10-10,0.030692946,0.017179487,0.012398281,0.020417133,5.3991027,-0.027256976103749574,-0.044082187550707114,0,0
2011-10-11,-0.0012602396,0.015072716,0.008318378,0.023060448,5.693354,-0.023914372917867365,-0.03867625917527809,0,0
2011-10-12,0.007329108,0.011933124,0.020032622,0.020600915,5.599611,-0.01893309571905849,-0.030620134574950664,0,0
2011-10-13,-0.00020865936,0.013833876,0.0112423,0.018730652,5.461426,-0.021948829514123237,-0.035497423319345245,0,0
2011-10-14,0.017582417,0.013104673,0.012390415,0.016698154,5.3947062,-0.020791874239395228,-0.03362630162139123,0,0
2011-10-17,-0.0209269,0.012268661,0.01777949,0.017034702,5.6012554,-0.01946545787614472,-0.03148111373728504,1,0
2011-10-18,0.023997841,0.01382924,0.021189833,0.018092291,5.816385,-0.021941472971178055,-0.03548552572275933,0,0
2011-10-19,-0.01358325,0.016035652,0.012477365,0.019588208,5.899373,-0.025442166726683722,-0.04114713096100737,0,0
2011-10-20,0.0028967536,0.014504665,0.013843877,0.018634185,5.8501544,-0.023013103206107912,-0.03721865286134488,0,0
2011-10-21,0.020653019,0.013658574,0.008731502,0.016881427,5.8117623,-0.021670694279510155,-0.035047600509580695,0,0
2011-10-24,0.009467288,0.011538596,0.011866174,0.017827163,6.0974193,-0.018327657146751837,-0.0295674461304187,0,0
2011-10-25,-0.01820807,0.011322886,0.014528131,0.016709173,6.1777477,-0.018000844308093317,-0.028982737853737305,1,0
2011-10-26,0.010560618,0.01239093,0.013557094,0.017077934,6.51027,-0.01976313840196218,-0.03157883174943173,0,0
2011-10-27,0.035718083,0.01271681,0.018905627,0.01610947,6.700068,-0.020315905855703805,-0.032333660249431295,0,0
2011-10-28,-0.0011702752,0.01432556,0.006331456,0.021121202,6.8932443,-0.022920480612792712,-0.036341242112089486,0,0
2011-10-31,-0.025097651,0.010821769,0.012909537,0.019239709,6.8268175,-0.017305822851503453,-0.02747396421899048,1,0
2011-11-01,-0.020010773,0.01090443,0.019581554,0.020472908,7.20221,-0.017484181925461383,-0.027567625356574532,1,0
2011-11-02,0.007930901,0.013795499,0.011605817,0.020476302,7.3501306,-0.022140183726963983,-0.03482221281997335,0,0
2011-11-03,0.017269505,0.012983751,0.024173189,0.018897096,7.3741813,-0.020840436786518483,-0.03276507170432262,0,0
2011-11-04,-0.0037897723,0.015531915,0.013552274,0.018743632,7.201904,-0.024903850225749403,-0.039266556888283614,0,0
2011-11-07,0.0051823915,0.014984579,0.01527413,0.017121613,7.179861,-0.024022815849939868,-0.037891805707095765,0,0
2011-11-08,0.012447064,0.0143517405,0.012839746,0.015632302,7.2786922,-0.02302278063826125,-0.036253324190895664,0,0
2011-11-09,-0.038019784,0.01359135,0.016868204,0.015139792,7.399891,-0.021819044219229044,-0.0342893127172005,1,1
2011-11-10,0.009540314,0.014283374,0.014271094,0.021242589,7.326317,-0.02291985008273501,-0.03606262302404557,0,0
2011-11-11,0.019208273,0.014320138,0.012860585,0.019792987,7.3163753,-0.02297744194373473,-0.0361591922083755,0,0
2011-11-14,-0.0071599353,0.013446002,0.014187032,0.019770969,7.332031,-0.02157691096837698,-0.03394640676753481,0,0
2011-11-15,0.0011968883,0.0134588955,0.015957171,0.018233605,7.3411584,-0.021598800051791104,-0.03397573199088513,0,0
2011-11-16,-0.018511595,0.014123968,0.010930456,0.016663669,6.9663467,-0.022610025718313928,-0.03579993251932585,0,0
2011-11-17,-0.013288553,0.012726766,0.01855666,0.017048955,7.247093,-0.02041197376803529,-0.03215929015185137,0,0
2011-11-18,-0.0006176017,0.0140933385,0.0121685425,0.016571334,7.0762796,-0.022578386441262553,-0.03567840475786251,0,0
2011-11-21,-0.019337332,0.013439899,0.014304972,0.014967136,7.078275,-0.02153183159025302,-0.03402342364599384,0,0
2011-11-22,-0.006741125,0.013198155,0.010971737,0.015950063,7.3715916,-0.02118425421339915,-0.03330702327850103,0,0
2011-11-23,-0.019422231,0.012267292,0.01048993,0.014829322,7.0678415,-0.019651812933282303,-0.031058519126984322,0,0
2011-11-25,-0.0056192065,0.011300058,0.015576844,0.01592091,7.1167827,-0.01810834708378355,-0.028594262587909453,0,0
2011-11-28,0.03199249,0.012520539,0.012676054,0.014685329,6.932517,-0.020038300202651058,-0.031747941764065125,0,0
2011-11-29,0.004607338,0.012555147,0.011285352,0.019260872,7.1940675,-0.020129883256156923,-0.03174359672531828,0,0
2011-11-30,0.040537793,0.011866565,0.02650891,0.017587088,7.070588,-0.01901021929242012,-0.030043040204324516,0,0
2011-12-01,-0.002008436,0.015484692,0.008671877,0.023846777,7.0631013,-0.024805178188537093,-0.03920643931096823,0,0
2011-12-02,0.0,0.012974375,0.011715981,0.02147846,6.6952953,-0.02072657409519443,-0.03299044248772115,0,0
2011-12-05,0.009205588,0.011732946,0.00965887,0.01947132,6.5336037,-0.018717573545409646,-0.029893169134427664,0,0
2011-12-06,0.0,0.011019876,0.011513388,0.018144252,6.4748983,-0.017570717641546482,-0.02809720405953959,0,0
2011-12-07,0.0071457233,0.011007251,0.0128447395,0.01652038,6.3359866,-0.017527487295289402,-0.028115363223886337,0,0
2011-12-08,-0.022400936,0.01158956,0.018787429,0.015351325,6.255333,-0.01843978640649992,-0.029634340141380458,1,0
2011-12-09,0.018238805,0.013613214,0.01401257,0.017040344,6.481987,-0.02170708752443572,-0.03470627523722222,0,0
2011-12-12,-0.018845785,0.013721555,0.016669588,0.017391521,6.616457,-0.021905771046761398,-0.03492382676354987,0,0
2011-12-13,-0.012217623,0.014221855,0.0175511,0.017784856,6.8277144,-0.022743288200026295,-0.03610561784789541,0,0
2011-12-14,-0.011539382,0.015157136,0.012141521,0.017057898,6.8481665,-0.024242756422904986,-0.03847087074099563,0,0
2011-12-15,0.004549222,0.0137442835,0.012849816,0.016366018,6.864513,-0.021985721751525744,-0.03487823453834014,0,0
2011-12-16,-0.0006191312,0.012958497,0.009714174,0.015160044,6.720901,-0.02070552048229994,-0.03293992105712446,0,0
2011-12-19,-0.0099585885,0.011556789,0.012518286,0.01395914,6.6067557,-0.01844830536098925,-0.02941762000781561,0,0
2011-12-20,0.030392483,0.011585686,0.0119512575,0.013552527,6.672248,-0.01850463023952451,-0.029467582279999353,0,0
2011-12-21,0.00020224492,0.011680417,0.014874432,0.017618742,6.661695,-0.018654299074502775,-0.02971233112516233,0,0
2011-12-22,0.010260628,0.012594169,0.008469878,0.016336966,6.5024195,-0.0200858783439165,-0.03209997031964541,0,0
2011-12-23,0.008966883,0.010877996,0.004169334,0.015727308,6.5394297,-0.017354567753926194,-0.02771290936661344,0,0
2011-12-27,0.0,0.0076329214,0.004487889,0.015089886,6.5629687,-0.012179953016273823,-0.019440010367432706,0,0
2011-12-28,-0.012576271,0.006369958,0.009373302,0.0141251795,6.482973,-0.01015737256887869,-0.016239718722249573,1,0
2011-12-29,0.01039178,0.007502575,0.004948963,0.014028674,6.6950593,-0.011985345981792973,-0.01907714007299039,0,0
2011-12-30,-0.003984069,0.006746894,0.0050710603,0.01367313,6.868643,-0.01079284753803433,-0.017120462810942736,0,0
2012-01-03,0.015448911,0.0060856775,0.0052375235,0.01285405,6.913274,-0.009738351598921207,-0.015434660868371409,0,0
2012-01-04,0.00078585465,0.0059608347,0.0066700974,0.013431184,6.9738092,-0.009542774695343051,-0.015107614088476929,0,0
2012-01-05,0.0,0.006356898,0.010169632,0.012581786,7.000694,-0.01017878683450298,-0.01610654849617251,0,0
2012-01-06,0.0009814507,0.007625961,0.008585824,0.011788479,6.970615,-0.012208216539662715,-0.019328541121584917,0,0
2012-01-09,0.0009804884,0.007968781,0.0058232425,0.01101595,7.0183926,-0.012761354680392424,-0.020186586214647816,0,0
2012-01-10,0.008198367,0.006983259,0.008030147,0.010266364,7.061253,-0.011186454477273046,-0.01768161473695247,0,0
2012-01-11,0.0017480825,0.0072453814,0.005537542,0.010124937,7.27619,-0.01162271737340315,-0.018302734469163688,0,0
2012-01-12,0.00271318,0.006690567,0.009031709,0.009459564,7.2976303,-0.01073413980124847,-0.01689739293227587,0,0
2012-01-13,-0.0021311643,0.007367594,0.01216924,0.0089019975,7.1530027,-0.01180941864500466,-0.018635994644955522,0,0
2012-01-17,0.00019393,0.0089194495,0.0114699695,0.00831462,7.2274823,-0.014303781402002821,-0.022543277919369886,0,0
2012-01-18,0.010032884,0.009600685,0.007313129,0.007708612,7.1852474,-0.015392062441337786,-0.02427603563182096,0,0
2012-01-19,0.006315206,0.008421523,0.0055175065,0.008456546,7.501538,-0.013527560422780143,-0.021224601905189468,0,0
2012-01-20,0.00019074869,0.007067819,0.0037667358,0.008384112,7.3904123,-0.011345774777613445,-0.01783297800214706,0,0
2012-01-23,0.00019071231,0.005746524,0.006947313,0.00785382,7.4507694,-0.009228003503610926,-0.014490262420259975,0,0
2012-01-24,0.00038131553,0.006257622,0.0055457596,0.0073409374,7.490246,-0.010051025119177277,-0.015772751838138446,0,0
2012-01-25,0.0066495924,0.0062282546,0.010906462,0.0068497527,7.4292245,-0.010000332310945105,-0.015708416529107396,0,0
2012-01-26,-0.003794351,0.007563387,0.010675417,0.0070907413,7.750269,-0.012165410321139297,-0.019015743072733373,0,0
2012-01-27,-0.0020930462,0.008644318,0.006510103,0.0068486314,7.8353076,-0.013909988244177088,-0.021716074298842467,0,0
2012-01-30,-0.0026702285,0.0076014698,0.009738233,0.0064583477,7.8652897,-0.012233691519078955,-0.019090951573439294,0,0
2012-01-31,-0.00057312066,0.008067367,0.0082247555,0.006156396,7.4295287,-0.012953307068707039,-0.02034681893404335,0,0
2012-02-01,0.008751959,0.008155108,0.01113512,0.005772041,7.402922,-0.013092140545005208,-0.020573701758460596,0,0
2012-02-02,0.0022705782,0.008902937,0.0046699834,0.0068894904,7.2099953,-0.014275701151834845,-0.022505748749421055,0,0
2012-02-03,0.012210164,0.007086403,0.008889152,0.006496566,7.3311596,-0.011371549414629815,-0.017890827586259588,0,0
2012-02-06,0.0,0.00745017,0.0053018597,0.008181093,7.616198,-0.011974864340216832,-0.018755249029510094,0,0
2012-02-07,0.0042850557,0.0068288078,0.006898391,0.007576583,7.6781554,-0.010979759129994198,-0.017180697545139283,0,0
2012-02-08,0.0016717752,0.0067598075,0.005108634,0.0072985585,7.80671,-0.010875986060189803,-0.0169863730497299,0,0
2012-02-09,0.0009275578,0.006265208,0.006274173,0.006841532,7.901453,-0.010084899088471997,-0.0157297253371406,0,0
2012-02-10,-0.0057647764,0.006275395,0.0068143085,0.0063836584,8.039652,-0.010107835487988028,-0.01573568103631001,0,0
2012-02-13,0.0063208984,0.0065683806,0.0049194694,0.006459898,8.466098,-0.010598753170142342,-0.016410897056113344,0,0
2012-02-14,-0.00092704187,0.0059911227,0.007460453,0.006621322,8.801695,-0.009679169140000703,-0.014929424219188633,0,0
2012-02-15,-0.004089225,0.0064816033,0.010206985,0.0061798193,8.912467,-0.010475507322575362,-0.01613832570447447,0,0
2012-02-16,0.009269625,0.007733833,0.010494806,0.0060233376,9.189612,-0.012510335627773437,-0.019217994564632912,0,0
2012-02-17,0.0036839237,0.008543804,0.0036379783,0.0069172317,9.657734,-0.013838745094113532,-0.02116468736156801,0,0
2012-02-21,0.00018384043,0.0062359814,0.006437726,0.006646292,9.78033,-0.01010384185040839,-0.015435872012056984,0,0
2012-02-22,-0.0029455102,0.0061639766,0.005462253,0.0062062843,9.72828,-0.009985860108268635,-0.015262591580167288,0,0
2012-02-23,0.005148963,0.006145593,0.0062645776,0.005941273,9.318122,-0.009944967164958827,-0.015257841791052301,0,0
2012-02-24,0.00018340211,0.0062070717,0.0036244045,0.0059855278,9.489392,-0.01004931403190304,-0.015392863885364257,0,0
2012-02-27,0.0029298684,0.005279461,0.009034516,0.005567984,9.432059,-0.008546143656216051,-0.013097446761068818,0,0
2012-02-28,0.0031036083,0.0063994285,0.004370578,0.005340301,9.254464,-0.01035379779378365,-0.01589496065993973,0,0
2012-02-29,-0.0051169703,0.0058062635,0.010150995,0.0051575573,9.344963,-0.009396584265701856,-0.014412758976219572,0,0
2012-03-01,0.0073019676,0.0069113495,0.0064720954,0.005344891,9.240791,-0.011181593842392853,-0.017168091657475192,0,0
2012-03-02,-0.004192114,0.006898638,0.0056140013,0.005960782,9.58086,-0.011171735720065938,-0.017097695820646845,0,0
2012-03-05,-0.0031098535,0.006244685,0.005830022,0.0058526034,9.337497,-0.010105888098170899,-0.015501826011314878,0,0
2012-03-06,-0.016627023,0.0061282604,0.010047725,0.0056217867,9.293415,-0.009916205593265233,-0.015217369804454326,1,1
2012-03-07,0.007978519,0.0073519065,0.004424885,0.008896903,8.380012,-0.011859023845608201,-0.018381438041385277,0,0
2012-03-08,0.0101131685,0.0062530763,0.0069386447,0.008917012,8.480724,-0.010090548786626295,-0.015621271308150381,0,0
2012-03-09,0.004381168,0.0063436357,0.005071946,0.009341264,8.821919,-0.010249396487367548,-0.015805453685426567,0,0
2012-03-12,0.0,0.0060582273,0.0034836787,0.008809569,8.453344,-0.009775083286686772,-0.0151378596740853,0,0
2012-03-13,0.013209276,0.0050701774,0.007118984,0.00816607,8.179838,-0.008171662300193195,-0.012697998804350285,0,0
2012-03-14,-0.001439108,0.0058365394,0.005029326,0.009448111,8.468329,-0.009417934120226672,-0.014582150757831118,0,0
2012-03-15,0.0052069426,0.005771007,0.00547991,0.008750098,8.002673,-0.009293835742687563,-0.014475690092197555,0,0
2012-03-16,0.0017892293,0.005663624,0.003053513,0.0084293,7.6792874,-0.009106362733704583,-0.014249040041396144,0,0
2012-03-19,0.003925072,0.004748061,0.006678836,0.007885585,7.3964415,-0.007622204076750432,-0.011979201391065912,0,0
2012-03-20,-0.002853069,0.005450585,0.0064611714,0.007533375,7.3782983,-0.008749041655126657,-0.013754210629677108,0,0
2012-03-21,-0.0017873106,0.006022949,0.005701194,0.0071573826,7.1181793,-0.009651868240526022,-0.0152405546745321,0,0
2012-03-22,-0.0061008623,0.0058838874,0.008411871,0.0067347325,7.0601664,-0.009425304214398958,-0.01489818349503331,0,0
2012-03-23,0.0035932485,0.0066538644,0.0071755187,0.0068317703,7.189315,-0.010667926943088766,-0.016824047667367573,0,0
2012-03-26,0.014952219,0.006849386,0.0067630922,0.006593499,7.076441,-0.010973145898971021,-0.0173397339058164,0,0
2012-03-27,-0.006025182,0.006684785,0.005773422,0.008878918,6.9113193,-0.010696894287076137,-0.016954513834454496,0,0
2012-03-28,-0.0044535566,0.0063409717,0.009860638,0.008619805,6.9125485,-0.010146821839568628,-0.016082279679976944,0,0
2012-03-29,-0.0014293374,0.0073991003,0.008979393,0.008251196,6.74467,-0.011824790020887203,-0.01880283895943482,0,0
2012-03-30,0.00356952,0.007970232,0.00476001,0.0077299057,6.623404,-0.01272482596252479,-0.02028394647464482,0,0
2012-04-02,0.0065702093,0.0065000495,0.009125077,0.0073827403,6.639118,-0.010378992478907159,-0.01653920289011155,0,0
2012-04-03,-0.0026583977,0.0071991202,0.007273878,0.0074237646,6.7589006,-0.011506497573616072,-0.018291542936716906,0,0
2012-04-04,-0.011063639,0.00737958,0.0076543614,0.0070435745,6.7653623,-0.011795534071326386,-0.01874861687285519,0,0
2012-04-05,-0.0021555603,0.0073294,0.0068608345,0.007986845,6.980036,-0.011734250998694181,-0.01857490855208494,0,0
2012-04-06,0.0,0.007158283,0.0116283,0.0075283833,6.928669,-0.01145603960250744,-0.01815183388093521,0,0
2012-04-09,-0.011029856,0.008439906,0.0056476425,0.007063869,6.866319,-0.013500882073683636,-0.021417111591859096,0,0
2012-04-10,-0.01317735,0.007344752,0.012330056,0.00798049,7.1031327,-0.011768887295094994,-0.01858832861384595,1,0
2012-04-11,0.0051451786,0.008558164,0.006104984,0.009161946,7.4246087,-0.013740957144852925,-0.021585748473974188,0,0
2012-04-12,0.016000342,0.0077526704,0.0065814275,0.008796973,7.3026614,-0.012438533010929282,-0.019578760679960377,0,0
2012-04-13,-0.015267472,0.007080456,0.008591603,0.010473291,7.6512103,-0.011382750101903674,-0.017818456916441704,1,0
2012-04-16,-0.0007328692,0.0076892697,0.007570335,0.01161308,8.077893,-0.01238731943957004,-0.01927448252948971,0,0
2012-04-17,0.014194961,0.0077164173,0.012436292,0.010700929,7.79772,-0.012414535585378948,-0.01939182029812276,0,0
2012-04-18,-0.0038019419,0.009047214,0.0038820582,0.011532883,7.923151,-0.01456451633186856,-0.02270985932999124,0,0
2012-04-19,-0.004180684,0.0068004206,0.012253366,0.010766108,7.6993403,-0.010935330526072975,-0.017105797823067443,0,0
2012-04-20,0.0020016383,0.008089871,0.0061236215,0.010152723,7.3567,-0.012983824833055914,-0.02041883709087726,0,0
2012-04-23,-0.009130816,0.0076324847,0.009849349,0.009484166,7.1789217,-0.01223608964436305,-0.019300612847608402,0,0
2012-04-24,0.0053060227,0.008064002,0.0042439206,0.00956687,7.327575,-0.012940019288547407,-0.020359702514835567,0,0
2012-04-25,0.012512631,0.0065698437,0.005684816,0.009184179,7.2152114,-0.010534979839460282,-0.016606990249210477,0,0
2012-04-26,0.0068247393,0.0061554,0.0076847924,0.009913702,7.4020348,-0.009881774928089929,-0.015528981256871575,0,0
2012-04-27,0.0012521243,0.0068827076,0.008328947,0.009629374,7.425712,-0.011050921335191395,-0.017359648404673796,0,0
2012-04-30,-0.0035816657,0.007442976,0.0057167304,0.009012265,7.29299,-0.011940937741934212,-0.018798557742251316,0,0
2012-05-01,0.005010748,0.0067612,0.009962596,0.008555462,7.262843,-0.01084510780690043,-0.01708203904529895,0,0
2012-05-02,-0.0021443898,0.007662481,0.007731539,0.008259167,7.277775,-0.012291930999519638,-0.019356055524456094,0,0
2012-05-03,-0.008263025,0.0077756657,0.007705273,0.007806842,7.1473184,-0.012463043281300107,-0.019669407336374248,0,0
2012-05-04,-0.017100653,0.0075678714,0.009064221,0.0080163255,7.308899,-0.012142505020845747,-0.019110816824414668,1,0
2012-05-07,0.0023824808,0.008023441,0.01343348,0.010003745,7.4041653,-0.012880857731632849,-0.02024127403523412,0,0
2012-05-08,-0.0053225784,0.00962654,0.012266122,0.009400036,7.260021,-0.015440900555381061,-0.02432199171735713,0,0
2012-05-09,-0.005536091,0.010392906,0.010646945,0.009051571,7.196795,-0.016663421245623828,-0.026275963792583866,0,0
2012-05-10,0.004799714,0.010128534,0.008946676,0.008774549,7.0722127,-0.016226078137205426,-0.02564234170739005,0,0
2012-05-11,-0.0055401805,0.00941826,0.009448074,0.008448116,7.07011,-0.015087989869412798,-0.023844699633820507,0,0
2012-05-14,-0.011922645,0.009233646,0.0075151236,0.008233677,7.014393,-0.014786518112050201,-0.023391801612813016,0,0
2012-05-15,-0.0043196613,0.008511972,0.010996979,0.008950136,7.2968235,-0.013656276210416379,-0.02149763050786505,0,0
2012-05-16,-0.0043384014,0.009198355,0.00966535,0.008557046,7.3853436,-0.014765419414083537,-0.023209790904935135,0,0
2012-05-17,-0.016198544,0.009378339,0.012578265,0.008226749,7.293234,-0.015045907464156056,-0.023686599418508817,1,0
2012-05-18,-0.008101896,0.010192161,0.009913358,0.009815818,7.5800524,-0.01637892135245909,-0.025667098822921532,0,0
2012-05-21,0.019183401,0.010031597,0.010632195,0.009699969,7.6024895,-0.016122865466488927,-0.02525718250820926,0,0
2012-05-22,-0.0007603118,0.009970926,0.010198676,0.0116551705,7.8144975,-0.016043039247331935,-0.02505360306639825,0,0
2012-05-23,0.0007603118,0.009975249,0.013530452,0.010843517,7.7839227,-0.016047536424997955,-0.025071644936515387,0,0
2012-05-24,0.0051170397,0.010943779,0.008858485,0.010138774,7.7462163,-0.017602271233090504,-0.02751572281440988,0,0
2012-05-25,-0.005687219,0.010071263,0.008820374,0.009697906,7.719874,-0.01619669601516608,-0.025328314453674696,0,0
2012-05-29,0.013970399,0.009305379,0.0071289088,0.009338276,7.8493752,-0.014974770814540734,-0.02337372738605803,0,0
2012-05-30,-0.018925622,0.008425499,0.0076842383,0.010199742,8.08423,-0.013573762587621307,-0.021118792233178352,1,0
2012-05-31,0.0005730112,0.008105714,0.011756632,0.012039978,8.142267,-0.013061936443944013,-0.020306940799087923,0,0
2012-06-01,-0.027292898,0.009313303,0.01028074,0.011183469,7.9919734,-0.014997732421220862,-0.023363239620748405,1,1
2012-06-04,-0.0007852376,0.009679196,0.010798433,0.014912329,7.7997346,-0.015572503110491655,-0.02432394122118549,0,0
2012-06-05,0.009382399,0.009909238,0.009000221,0.01378091,7.459152,-0.015913432471381706,-0.02498471889261302,0,0
2012-06-06,0.023458103,0.009467263,0.010421377,0.01328664,7.5671124,-0.015212917387148549,-0.02384461222142503,0,0
2012-06-07,0.0009497579,0.009634563,0.009342515,0.015389987,7.9806128,-0.015514254523755362,-0.02417161461049645,0,0
2012-06-08,0.009072071,0.009541912,0.011463665,0.014248561,7.67304,-0.01534163513336289,-0.024007820233557218,0,0
2012-06-11,-0.016504217,0.010046997,0.0157717,0.0137093915,7.441658,-0.016133027550868595,-0.0253365496070107,1,0
2012-06-12,0.009897302,0.011762669,0.008945211,0.014251436,7.8057,-0.018925090831172543,-0.029558084173005712,0,0
2012-06-13,-0.008559253,0.0105855195,0.008025295,0.013776954,7.739271,-0.017025430484364522,-0.02661671127112068,0,0
2012-06-14,0.013282928,0.009239319,0.008935551,0.013265021,7.4797897,-0.014839354625279213,-0.0232907619110278,0,0
2012-06-15,0.008446788,0.009078696,0.004751242,0.013350935,7.693847,-0.014598464199309066,-0.022837781742324093,0,0
2012-06-18,0.0026134045,0.0073071783,0.010524763,0.012834548,7.7220025,-0.011751599628399438,-0.01837651913882053,0,0
2012-06-19,0.00705929,0.008213844,0.009776289,0.011983916,7.5654006,-0.013198677642134705,-0.020688052846856493,0,0
2012-06-20,0.00018509949,0.008990203,0.00878542,0.011508848,7.4305177,-0.014435135973530218,-0.022674089499465266,0,0
2012-06-21,-0.024354894,0.008768187,0.011369471,0.010735287,7.2928267,-0.014066989491388019,-0.022145650741304482,1,1
2012-06-22,0.0064272434,0.009481802,0.0060725287,0.013662743,7.27363,-0.015210038769524814,-0.023952855651358757,0,0
2012-06-25,-0.015380537,0.008133979,0.009282237,0.012965517,7.1147428,-0.013034526157167187,-0.020583109241834124,1,0
2012-06-26,0.0068650157,0.008314816,0.00679152,0.0134269,7.2844763,-0.013338946672081641,-0.021002426996721894,0,0
2012-06-27,0.007572925,0.007894884,0.0075525898,0.012816351,7.042143,-0.01264511132322258,-0.019994090264439206,0,0
2012-06-28,-0.002265862,0.007686165,0.011169456,0.012295243,7.039155,-0.012310554304391824,-0.019466149775630038,0,0
2012-06-29,0.025383968,0.008838672,0.0165046,0.011533012,6.89757,-0.014142074441301097,-0.022420927146638424,0,0
2012-07-02,0.0007369197,0.011081305,0.0066246907,0.014361518,6.777615,-0.01771408859713983,-0.02814915740381501,0,0
2012-07-03,0.0077050463,0.009163384,0.005911013,0.013422012,6.6917734,-0.014638090963194857,-0.023301079950488614,0,0
2012-07-05,-0.004762786,0.0075038774,0.009034961,0.012847165,6.8191547,-0.011999250694460409,-0.019052316096704845,0,0
2012-07-06,-0.0071869837,0.008085517,0.010451678,0.012178962,6.6404867,-0.012910745829605759,-0.020573038813426564,0,0
2012-07-09,-0.0018511667,0.008982302,0.0048607625,0.0117086815,6.6957464,-0.014349286354094836,-0.02283951898099025,0,0
2012-07-10,-0.010243129,0.0072216475,0.01217344,0.011075734,6.3010225,-0.011495460414681911,-0.01845444364890876,0,0
2012-07-11,0.00056142977,0.008496372,0.0077902647,0.011033209,6.5408196,-0.013555132943664063,-0.02164508085458208,0,0
2012-07-12,-0.00525231,0.00848307,0.00994448,0.01034813,6.627937,-0.013544113929943601,-0.021587899510542217,0,0
2012-07-13,0.016785176,0.008703214,0.007620327,0.009894217,6.777644,-0.013912580802288589,-0.022108233249235415,0,0
2012-07-16,-0.0031490254,0.008306582,0.00467541,0.011079804,7.1253304,-0.013312063168616117,-0.021017450540915122,0,0
2012-07-17,0.008130126,0.0067299358,0.009859063,0.010493876,7.0046353,-0.01077640181835273,-0.017050963058389403,0,0
2012-07-18,0.0064202733,0.007678542,0.008454179,0.010323847,6.844102,-0.012280899369211671,-0.019490105226394553,0,0
2012-07-19,0.003468106,0.008159797,0.0046855956,0.0099527035,7.1869946,-0.013082141775203525,-0.02063225508868918,0,0
2012-07-20,-0.010072423,0.0066409064,0.0049008983,0.009496104,6.857753,-0.010622427918675095,-0.016853644064696357,0,0
2012-07-23,-0.010732894,0.005967632,0.011840365,0.009596736,7.434561,-0.009582165357008617,-0.015050278097543767,1,0
2012-07-24,-0.010661282,0.007788167,0.010063484,0.009768592,8.001035,-0.012542247089855576,-0.019535714449358185,0,0
2012-07-25,0.00412836,0.008711908,0.009787991,0.009899724,8.653067,-0.01406742933370888,-0.021734154770096784,0,0
2012-07-26,0.014685644,0.008799386,0.013449128,0.009491419,7.9035473,-0.014164225406983366,-0.02209172930208522,0,0
2012-07-27,0.020276519,0.010035984,0.010896354,0.010259732,8.867101,-0.016217604489166385,-0.024996659964042666,0,0
2012-07-30,-0.0014477021,0.010213393,0.0059871958,0.011967721,9.764276,-0.01654756909518166,-0.02528364654674373,0,0
2012-07-31,-0.004355724,0.00822851,0.0075520077,0.011202823,10.195982,-0.013339356306868852,-0.0203407979833711,0,0
2012-08-01,-0.002914392,0.00780349,0.0070403037,0.010651306,8.507371,-0.012593731500736723,-0.019490293915722223,0,0
2012-08-02,-0.006221429,0.0076387394,0.017086484,0.010061701,9.101698,-0.012353176650623868,-0.018993431072430046,0,0
2012-08-03,0.019629857,0.010153941,0.009993319,0.009852325,7.2765603,-0.016288535348825427,-0.025650015664417603,0,0
2012-08-06,0.00071968336,0.010207394,0.00431794,0.011313443,7.9955034,-0.016437805913158132,-0.025605334062273746,0,0
2012-08-07,0.0050233332,0.007254166,0.007345413,0.010627999,11.536957,-0.011759833573382216,-0.01793222952677701,0,0
2012-08-08,0.00089437445,0.007162203,0.00487914,0.010179942,15.63332,-0.011610751497451006,-0.017704898588184657,0,0
2012-08-09,0.001607861,0.0065017985,0.004976657,0.009698569,14.614086,-0.010540159906661184,-0.01607238448705534,0,0
2012-08-10,0.0014270426,0.005965862,0.0053474833,0.009282764,13.282623,-0.009671345093486598,-0.014747553948519947,0,0
2012-08-13,0.0,0.0059137302,0.004847113,0.008812252,13.680464,-0.009586833544455978,-0.014618684735752278,0,0
2012-08-14,-0.0007132668,0.005671242,0.0061683613,0.008404754,11.279949,-0.009193731998285406,-0.014019255576379046,0,0
2012-08-15,0.0014260252,0.0059554144,0.0043010092,0.007947315,11.977674,-0.009654408686364097,-0.014721728111956487,0,0
2012-08-16,0.006745987,0.0054730796,0.005482933,0.0074990047,13.116124,-0.008872488858394643,-0.013529401218961734,0,0
2012-08-17,0.0015910902,0.0055385875,0.0029277166,0.0074637965,19.238634,-0.008978684275058258,-0.013691335533288596,0,0
2012-08-20,-0.00035335688,0.0046604364,0.0042499877,0.007105768,15.35523,-0.007555101060462433,-0.011520554731391809,0,0
2012-08-21,-0.001591653,0.0046545514,0.008303597,0.006682952,16.249195,-0.007545560563820545,-0.011506006704456376,0,0
2012-08-22,-0.00017700682,0.0059512234,0.005012806,0.0062913713,16.45166,-0.009647614542877969,-0.01471136791938481,0,0
2012-08-23,-0.008711941,0.005706251,0.008459847,0.005905432,14.708359,-0.00925048630620152,-0.01410579857631475,0,0
2012-08-24,0.006940147,0.0064195083,0.007185301,0.0065243156,15.950294,-0.010406757532305787,-0.015868963071145797,0,0
2012-08-27,-0.0010645849,0.006749195,0.004442103,0.006689096,15.237689,-0.010941217774650852,-0.016683946011071205,0,0
2012-08-28,-0.00035511365,0.0057332986,0.004389947,0.0063615018,12.906008,-0.009294333429479947,-0.014172659784325156,0,0
2012-08-29,-0.00035523978,0.005237127,0.0038903835,0.0060038506,13.157291,-0.008489982800090515,-0.012946128812078543,0,0
2012-08-30,-0.007310365,0.0048971763,0.004485763,0.0056691966,12.244266,-0.007938883236151783,-0.012105773052705854,0,0
2012-08-31,0.0057102223,0.0049166805,0.0076539814,0.0060652276,12.482421,-0.007970501745148158,-0.012153987201067683,0,0
2012-09-04,0.0007114906,0.0059083696,0.0075646015,0.0061576264,11.147724,-0.00957814379273757,-0.014605433985104083,0,0
2012-09-05,-0.0017796765,0.006525627,0.005409861,0.005818695,11.57579,-0.010578788621346476,-0.01613128829498243,0,0
2012-09-06,0.019404383,0.0060169147,0.007985333,0.005551049,10.810321,-0.009754107889063397,-0.014873756537808295,0,0
2012-09-07,0.005053596,0.006562117,0.002582531,0.008846991,8.300139,-0.0105816120337725,-0.016417688311792973,0,0
2012-09-10,-0.008203205,0.0049149133,0.0040980736,0.008607744,7.6113653,-0.00789966928997333,-0.012373512027144979,1,0
2012-09-11,0.002800142,0.004666834,0.007609464,0.008599097,8.129568,-0.007519940997140042,-0.01169293515373866,0,0
2012-09-12,0.0062717977,0.005861686,0.004284561,0.008140684,8.405293,-0.00945617062550879,-0.01465250026277909,0,0
2012-09-13,0.012255267,0.0054012355,0.011706713,0.0080148345,8.091149,-0.008701841032875064,-0.013537551729597848,0,0
2012-09-14,0.005815959,0.007017172,0.007876952,0.008758972,7.753472,-0.01128702939746565,-0.01764192301987075,0,0
2012-09-17,-0.0034170544,0.0074520484,0.0033792383,0.00848515,8.124698,-0.012007659751064322,-0.018672188691451912,0,0
2012-09-18,-0.0053196177,0.0054831207,0.0035031512,0.008103774,7.862266,-0.008824322153322251,-0.013771141516143849,0,0
2012-09-19,0.00017204302,0.004751531,0.0038872142,0.007862221,8.542134,-0.007669314371366489,-0.011864306968873082,0,0
2012-09-20,0.00034399726,0.0047060414,0.0056100017,0.0074603744,8.58721,-0.007597173615962402,-0.011746522114036043,0,0
2012-09-21,-0.0012045085,0.0052126586,0.0056231963,0.007107858,7.9857907,-0.008393994489828183,-0.01307713883200006,0,0
2012-09-24,-0.0003444119,0.005512227,0.0047256905,0.006743763,8.054401,-0.008879189755050575,-0.013820215602987755,0,0
2012-09-25,-0.009865939,0.0052854354,0.008764611,0.0064266445,7.421552,-0.008486123018084803,-0.0133315536401291,1,0
2012-09-26,-0.007157227,0.0063501787,0.0065257475,0.0070812223,7.832062,-0.010218214089864756,-0.015953266583239988,0,0
2012-09-27,0.009762978,0.006491387,0.0059875734,0.0072117546,7.4281964,-0.010422765901691399,-0.01637224055902809,0,0
2012-09-28,-0.0046952525,0.006167837,0.00651512,0.007637659,8.078562,-0.009936340064547876,-0.01546065811354469,0,0
2012-10-01,0.0019155426,0.006285961,0.011519483,0.007448807,7.3311605,-0.010087080268970362,-0.01586997554326679,0,0
2012-10-02,0.0027797099,0.007801693,0.0064703296,0.0071004173,8.0039625,-0.012564200399593637,-0.019569130907512843,0,0
2012-10-03,0.0025989793,0.0072745644,0.006200755,0.006855883,7.529219,-0.011687014756067218,-0.01832887866288287,0,0
2012-10-04,0.0075849355,0.006636164,0.0044200458,0.006639614,6.843424,-0.010613687681361153,-0.016844417233771256,0,0
2012-10-05,-0.00017174752,0.005822574,0.007149714,0.0069310945,6.424141,-0.00927947824787025,-0.014855351585593441,0,0
2012-10-08,-0.0039583566,0.0063049872,0.0034997298,0.0065736417,6.6773915,-0.010070738709974355,-0.016035402779074587,0,0
2012-10-09,-0.009529657,0.0053217434,0.0073261224,0.006452246,6.755402,-0.00850561206371881,-0.0135220611871512,1,0
2012-10-10,-0.0068128486,0.005945126,0.0042298133,0.0070128595,7.4548173,-0.009547151399132649,-0.014990438386938604,0,0
2012-10-11,0.0015763205,0.0055114464,0.008818248,0.0070777712,7.7360544,-0.008864298152563973,-0.013858655232631774,0,0
2012-10-12,-0.0049122907,0.0064624567,0.006552745,0.0067323437,7.9588695,-0.01040524506853062,-0.016216474380620016,0,0
2012-10-15,0.009800568,0.0066507813,0.008430077,0.0066691027,7.5202465,-0.010684332958528884,-0.0167587032517458,0,0
2012-10-16,0.009532961,0.0070782076,0.0060671535,0.007246327,7.341044,-0.011359081309641101,-0.01786829955125169,0,0
2012-10-17,0.005333346,0.00671477,0.0045140246,0.0076754037,7.32833,-0.010775004050433286,-0.016953076759100953,0,0
2012-10-18,-0.0037820227,0.005800361,0.0053426074,0.007538118,6.995874,-0.009287331290183692,-0.01469723932484006,0,0
2012-10-19,-0.019127691,0.005717235,0.0088703735,0.0072583114,7.298407,-0.009172599900216283,-0.014439071920546076,1,1
2012-10-22,0.0042046313,0.0068203663,0.006790209,0.0095340535,6.5559134,-0.010882675701462544,-0.017372069346411365,0,0
2012-10-23,-0.016392365,0.0069054305,0.011508213,0.009063333,6.4510055,-0.011007991101735547,-0.01761202377420681,1,0
2012-10-24,-0.0010668564,0.0081185335,0.0066295215,0.01023107,6.130569,-0.012900043593865011,-0.020794088881598578,0,0
2012-10-25,0.002132576,0.007571507,0.008617247,0.009596364,5.9015303,-0.012012953216831788,-0.019428320101487755,0,0
2012-10-26,-0.00053271774,0.00765233,0.009014322,0.009119609,6.0113792,-0.012142815214117498,-0.01963255437200563,0,0
2012-10-29,0.0,0.00813195,0.0052659404,0.008593504,6.2436366,-0.012936933507806784,-0.020796533341417765,0,0
2012-10-30,0.0,0.0069095637,0.0089905895,0.008201613,5.940686,-0.010962714867728136,-0.01772978965181827,0,0
2012-10-31,-0.0005330017,0.0074659344,0.0085370885,0.007888649,5.5233483,-0.01184545206336701,-0.01915742368092046,0,0
2012-11-01,0.011660909,0.00796522,0.009421704,0.0075475397,5.41465,-0.012637618723580036,-0.02043857971062854,0,0
2012-11-02,-0.012549877,0.008319294,0.010664596,0.008232476,5.215747,-0.013199392574625704,-0.021347125844602348,0,0
2012-11-05,0.0046140277,0.009007805,0.0050869025,0.008774069,5.578729,-0.014291784910155467,-0.02311383113247005,0,0
2012-11-06,0.009340098,0.0072905384,0.007439972,0.008443911,5.7357755,-0.011567169335949494,-0.01870736233385659,0,0
2012-11-07,-0.025763173,0.007167827,0.017954122,0.008589814,5.623479,-0.011372475214638638,-0.018392487245072815,1,1
2012-11-08,-0.009948531,0.010146958,0.0108379265,0.011846159,6.084788,-0.016114923307574584,-0.02600595107430839,0,0
2012-11-09,0.0003635042,0.0104954075,0.012592821,0.011530768,6.0516067,-0.01666202593913832,-0.026911442199673268,0,0
2012-11-12,0.0018155415,0.010645015,0.004552392,0.010774671,5.5371547,-0.01688938293869094,-0.027314876877214112,0,0
2012-11-13,-0.005274178,0.007825498,0.010011872,0.01010839,5.444443,-0.012415935228785051,-0.020080055222906498,0,0
2012-11-14,-0.013216051,0.0082445685,0.013914727,0.00963104,5.7287717,-0.013080833696046417,-0.021155382831678227,1,0
2012-11-15,-0.0012942592,0.010236137,0.00707886,0.010048091,5.5758715,-0.01624065529295151,-0.026265702029646183,0,0
2012-11-16,0.0062707695,0.008898599,0.009906296,0.009541635,5.1588497,-0.014118517964360222,-0.022833609805943903,0,0
2012-11-19,0.016592596,0.008886786,0.008679937,0.00919009,5.5027504,-0.014099775519830878,-0.02280329800790158,0,0
2012-11-20,0.0027088053,0.008865852,0.0063174907,0.010152011,5.262406,-0.014066561588054017,-0.02274958174956423,0,0
2012-11-21,0.0014417014,0.0077799526,0.0064387107,0.009622878,5.2506504,-0.012343673708113545,-0.01996318804384688,0,0
2012-11-23,0.012171262,0.0072290855,0.007262606,0.009244015,4.7702985,-0.011469667543578983,-0.018549674544813263,0,0
2012-11-26,-0.0014242481,0.007316634,0.005050784,0.009474606,5.0310907,-0.011608572285395961,-0.01877432253427297,0,0
2012-11-27,-0.004106049,0.006521543,0.0054657934,0.009112225,4.7972918,-0.010347080806876059,-0.01673413642785879,0,0
2012-11-28,0.006774852,0.006161887,0.0123462165,0.008784479,4.91714,-0.009776451053517415,-0.015811267811992442,0,0
2012-11-29,0.0061996477,0.008020912,0.0057860683,0.008544455,5.655447,-0.012725980486394669,-0.020581485504208845,0,0
2012-11-30,-0.00088331423,0.0072698,0.004691554,0.008351196,5.981565,-0.011534265772466632,-0.01865414802824113,0,0
2012-12-03,-0.005316334,0.0060623833,0.009352645,0.007966459,6.1549854,-0.009635465147662597,-0.015522455180397273,0,0
2012-12-04,-0.0010666668,0.0071562016,0.005147927,0.007834279,6.015959,-0.011356161771367857,-0.018358517968188274,0,0
2012-12-05,0.0019546875,0.0065293033,0.008721533,0.007468751,6.2184505,-0.010384598721701032,-0.016703594899865174,0,0
2012-12-06,0.0033673048,0.0070787873,0.0038112681,0.007188661,6.1241503,-0.011247131252148842,-0.018132575060514272,0,0
2012-12-07,0.0021208916,0.0058577964,0.0066687595,0.0071386313,6.0149703,-0.00929561714242362,-0.015027798321905534,0,0
2012-12-10,0.002996917,0.006062172,0.004768096,0.007069142,5.6781144,-0.009618242851595935,-0.015555400704701572,0,0
2012-12-11,0.007889933,0.0058017024,0.007347217,0.0070429887,5.4528084,-0.009204981586523699,-0.014887041143280861,0,0
2012-12-12,-0.0029733297,0.0063011223,0.006177983,0.0073176986,5.3168154,-0.009997360889736984,-0.016168541076457293,0,0
2012-12-13,-0.0065020877,0.006383483,0.0070514786,0.007245649,5.0071936,-0.010128034990148135,-0.01637987780656331,0,0
2012-12-14,-0.002117897,0.0065618977,0.0069364957,0.0072543994,5.1911483,-0.010411108066686412,-0.01683768649388866,0,0
2012-12-17,0.012291638,0.006714319,0.008202484,0.0069925683,5.387957,-0.010652939259540124,-0.017228795469382167,0,0
2012-12-18,0.0059161475,0.007163207,0.0071015297,0.0076916,5.2875123,-0.01136514491274455,-0.01838063208763831,0,0
2012-12-19,-0.0055671684,0.0071258754,0.0081086205,0.007496561,6.2780294,-0.011340382343699159,-0.01821525381725391,0,0
2012-12-20,0.005220127,0.00735896,0.004777373,0.0073990393,6.5828133,-0.011744817702181772,-0.018737653854712353,0,0
2012-12-21,-0.010116953,0.0063365675,0.024104688,0.0073609804,6.2991023,-0.010086391192492775,-0.016193091675016348,1,0
2012-12-24,-0.0043925224,0.010085906,0.0028748566,0.0076530157,6.258482,-0.016047887108161782,-0.02578843304116623,0,0
2012-12-26,-0.004411902,0.006733059,0.0057387515,0.0075014797,6.505794,-0.010738582878391103,-0.017160466545308933,0,0
2012-12-27,-0.0019474203,0.005891712,0.011252228,0.0074386755,6.0691986,-0.009355290461722354,-0.015103323964396124,0,0
2012-12-28,-0.01914362,0.007814781,0.011615379,0.007335338,5.5721145,-0.012398931932538689,-0.02005255611620958,1,0
2012-12-31,0.025679015,0.009057392,0.01596616,0.008686836,5.3201947,-0.014370460105660362,-0.023241071025502727,0,0
2013-01-02,0.025722656,0.010807562,0.0075493716,0.011456705,4.522519,-0.017147278179134542,-0.02773196593046774,0,0
2013-01-03,-0.0024050863,0.009334257,0.0049889223,0.014419984,4.8885264,-0.01480973258641553,-0.023951498029907294,0,0
2013-01-04,0.00291971,0.00721261,0.005472666,0.012979825,4.8525066,-0.011443527837232067,-0.018507399296329382,0,0
2013-01-07,-0.0013729194,0.006589421,0.004462518,0.011951121,4.832768,-0.010454775890301611,-0.01690830963209773,0,0
2013-01-08,-0.0024071538,0.005943771,0.0050018523,0.011132122,4.800238,-0.009430387691118989,-0.01525158613682756,0,0
2013-01-09,0.0024071538,0.005743122,0.0035727753,0.010703865,4.356848,-0.009112038498133239,-0.014736726059231368,0,0
2013-01-10,0.007698267,0.0050993594,0.0060191997,0.010193341,4.361287,-0.008090644493367051,-0.013084845017479377,0,0
2013-01-11,0.0001704013,0.0055535394,0.0043316153,0.009932423,4.535805,-0.00881124637805836,-0.01425026070076882,0,0
2013-01-14,-0.0020467346,0.005332842,0.005199644,0.009483443,4.556322,-0.008461087601961301,-0.013683955591145408,0,0
2013-01-15,0.0006827104,0.0053623314,0.005680555,0.00894598,4.7111115,-0.008507875396065429,-0.013759624598115637,0,0
2013-01-16,0.00017060479,0.005631561,0.0042987284,0.008665968,4.3542705,-0.008935035369580225,-0.01445046227559535,0,0
2013-01-17,0.006969854,0.0052389205,0.008476186,0.008119287,4.201764,-0.008312071911697893,-0.013442955357620384,0,0
2013-01-18,0.0021998486,0.006254498,0.004810777,0.008190901,4.403541,-0.009923387366697423,-0.0160489051086227,0,0
2013-01-22,0.0070743095,0.005843596,0.0062184883,0.007849419,4.519754,-0.00927145016894981,-0.0149945395138112,0,0
2013-01-23,0.00050339795,0.005878514,0.003206222,0.007924722,4.7514067,-0.009326851361860233,-0.01508413880637815,0,0
2013-01-24,0.0010060363,0.004937454,0.0061679403,0.00777615,4.5307403,-0.007833765415005543,-0.012669399383778762,0,0
2013-01-25,0.002677826,0.0053920774,0.0048927637,0.0076003233,4.4944744,-0.008555070378893458,-0.013835952143642284,0,0
2013-01-28,0.00083535217,0.00543591,0.0041041574,0.0074471803,4.576564,-0.008624615498344614,-0.013948426138821099,0,0
2013-01-29,0.005329793,0.004981133,0.0057413667,0.0072347447,4.6406684,-0.007903066221222357,-0.012781478255823727,0,0
2013-01-30,-0.0064994814,0.0053488556,0.0042913714,0.007271297,4.8731422,-0.008486495273469024,-0.013725046933646753,0,0
2013-01-31,-0.0013384643,0.005115619,0.0041158893,0.0075311046,4.742181,-0.008116441256322058,-0.013126565630156854,0,0
2013-02-01,0.009000061,0.004836041,0.005323798,0.0072974125,4.8137684,-0.007672863433459488,-0.012409175678082448,0,0
2013-02-04,-0.008832655,0.005158033,0.006165702,0.007912217,4.564139,-0.008183735979425776,-0.013235400102247209,1,0
2013-02-05,0.008334771,0.0056341207,0.0068290886,0.008208209,4.8177853,-0.008939096398453285,-0.014457030100131338,0,0
2013-02-06,0.000497884,0.006070598,0.005283001,0.008376814,4.9285007,-0.00963161130983359,-0.015577021257218219,0,0
2013-02-07,-0.000996016,0.005789882,0.007720034,0.008192879,4.950114,-0.009186227378764553,-0.014856710320791354,0,0
2013-02-08,0.0048049134,0.0063706604,0.0042698076,0.008064754,5.0401897,-0.010107690031774273,-0.016346974293446736,0,0
2013-02-11,0.00033052388,0.005624064,0.0033812537,0.0080212215,5.0525293,-0.00892314002965927,-0.014431224169233916,0,0
2013-02-12,0.0021457465,0.0047514946,0.004657081,0.007943447,5.008003,-0.007538721894848345,-0.012192231126313794,0,0
2013-02-13,0.00065930444,0.0049203793,0.0041924757,0.007822129,5.1011715,-0.007806674696772355,-0.012625586081910896,0,0
2013-02-14,0.0008235198,0.0048824097,0.0049308143,0.007714761,5.1235003,-0.0077464315775028075,-0.012528156034198653,0,0
2013-02-15,-0.0009883051,0.0050312486,0.004843189,0.007083519,4.410743,-0.007982579320634661,-0.012910073274863607,0,0
2013-02-19,0.0072249905,0.0051147384,0.0040973644,0.006970751,4.3529387,-0.008115044146567154,-0.013124306111198839,0,0
2013-02-20,-0.013838771,0.004853828,0.0063619916,0.0075210873,5.1822963,-0.007701083421753635,-0.012454815326880107,1,1
2013-02-21,-0.003989367,0.0054449975,0.0063575315,0.0076616798,5.2545943,-0.008639033598626108,-0.013971744257394282,0,0
2013-02-22,0.008953799,0.005872586,0.0034139876,0.0075979116,5.2767925,-0.009317445302338072,-0.015068926565724939,0,0
2013-02-25,-0.018156575,0.004907094,0.01636212,0.0076090205,5.447181,-0.007785595893831638,-0.01259149573597376,1,1
2013-02-26,0.003523789,0.0075161345,0.006489979,0.007824699,5.4080663,-0.011925099987490119,-0.019286236749393462,0,0
2013-02-27,0.0154578,0.0073136063,0.010127664,0.0077409586,5.4779453,-0.011603768363317736,-0.018766553242726275,0,0
2013-02-28,-0.0016507101,0.0076781865,0.0072393934,0.007911698,5.4875793,-0.012182211615856166,-0.019702058481780742,0,0
2013-03-01,0.0021453924,0.0075212047,0.008987496,0.007847114,5.404669,-0.011933144226946782,-0.019299246544430215,0,0
2013-03-04,0.006081044,0.007773274,0.008429456,0.0077569606,5.426357,-0.012333077752653757,-0.01994605140718992,0,0
2013-03-05,0.007346372,0.007955173,0.0073150885,0.007715317,5.54078,-0.012621678642334976,-0.02041280012127337,0,0
2013-03-06,0.0013003903,0.0075813904,0.0035564788,0.007789033,5.432872,-0.012028634507021213,-0.019453681153004842,0,0
2013-03-07,0.0024336833,0.005820981,0.003464569,0.007728939,5.3307037,-0.0092355696034633,-0.014936510559638834,0,0
2013-03-08,0.00436576,0.0049571926,0.0054150685,0.0076968158,5.190364,-0.007865082752192845,-0.012720048315862226,0,0
2013-03-11,0.0041861273,0.0053732223,0.0040494185,0.00763333,5.240136,-0.008525154675780213,-0.013787570047611905,0,0
2013-03-12,-0.0059624705,0.0051156553,0.0040297336,0.007547134,5.3571453,-0.008116499167607235,-0.013126659288973766,0,0
2013-03-13,0.0020989755,0.0048478576,0.0040141344,0.007588578,5.2310095,-0.007691611307171818,-0.012439496256638856,0,0
2013-03-14,0.0038634948,0.0047546653,0.0031137678,0.0074911304,5.3029814,-0.00754375248531621,-0.01220036700432356,0,0
2013-03-15,-0.0016079759,0.004337083,0.004418789,0.007471134,5.2943087,-0.006881216617517313,-0.011128860382598058,0,0
2013-03-18,-0.0043544946,0.004573084,0.010495917,0.0073750317,5.356105,-0.007255655604788799,-0.01173443341463105,0,0
2013-03-19,-0.0029135663,0.0063394327,0.008715876,0.007319392,5.413857,-0.010058144212713576,-0.01626684478532105,0,0
2013-03-20,0.0043671723,0.007142722,0.00788084,0.0072409553,5.4725285,-0.011332644013666437,-0.018328069003484198,0,0
2013-03-21,-0.0064767064,0.0070932154,0.0049751108,0.0071783504,5.572775,-0.011254096403961699,-0.018201035452532533,0,0
2013-03-22,0.008411567,0.0061335694,0.0067958445,0.0071728937,5.61013,-0.009731521849721947,-0.015738604667677496,0,0
2013-03-25,-0.0032268502,0.00627881,0.009735815,0.0071884985,5.7420077,-0.00996196080694468,-0.016111289197781497,0,0
2013-03-26,0.0066038733,0.007431184,0.0041091572,0.00718117,5.569497,-0.01179031690042287,-0.0190682546335437,0,0
2013-03-27,-0.00032113038,0.006030236,0.0066887005,0.0071774214,5.610232,-0.009567573191657266,-0.015473453630160177,0,0
2013-03-28,0.003846775,0.0061152293,0.006256944,0.0070948694,5.608929,-0.009702423238648,-0.015691544039016993,0,0
2013-04-01,-0.004328664,0.00634095,0.0049367533,0.007026523,5.707907,-0.01006055205536759,-0.01627073894331799,0,0
2013-04-02,0.0054478585,0.0058202203,0.005290564,0.0069732103,5.7790117,-0.009234362515112884,-0.014934558358673813,0,0
2013-04-03,-0.010279563,0.005685902,0.00822954,0.006953636,5.789457,-0.009021253509979467,-0.01458990122953088,1,0
2013-04-04,0.0038672301,0.0065899743,0.004656652,0.007003759,5.9482555,-0.010455653608217581,-0.01690972914854156,0,0
2013-04-05,-0.0054830005,0.0059263404,0.009443457,0.0069869314,5.8106427,-0.009402732337855322,-0.015206859661494798,0,0
2013-04-08,0.008533986,0.006886286,0.007111526,0.006945949,5.9379263,-0.010925782850470125,-0.017670060204751335,0,0
2013-04-09,0.002562051,0.0071004643,0.0060289023,0.0069566476,6.1310267,-0.011282426903399843,-0.018186382948666566,0,0
2013-04-10,0.012396853,0.006560549,0.00743589,0.0069251945,5.9656887,-0.010408968063726345,-0.01683422550791994,0,0
2013-04-11,0.0031540792,0.006845318,0.005198173,0.0070701954,5.8417497,-0.010860781957177728,-0.01756493549986212,0,0
2013-04-12,-0.0036280504,0.0062795677,0.0061187926,0.0070113447,5.853359,-0.009963162466112108,-0.016113232618232432,0,0
2013-04-15,-0.024637304,0.0061980444,0.0128219975,0.0070138285,5.688344,-0.009833817610668543,-0.01590404565065836,1,1
2013-04-16,0.016226558,0.0081240395,0.007592389,0.0073713083,5.113609,-0.012889601583752566,-0.020846106784043004,0,0
2013-04-17,-0.014608174,0.007960083,0.01092939,0.0075226524,5.149664,-0.012629468615055157,-0.02042539869556712,1,0
2013-04-18,-0.007792247,0.008544843,0.009531245,0.007734699,4.9961433,-0.013557248122468363,-0.021925878796361035,0,0
2013-04-19,0.0087620225,0.008848658,0.0057052486,0.007731444,5.091889,-0.014039281753280172,-0.022705462593122387,0,0
2013-04-22,0.0054777004,0.0073860227,0.0077544716,0.007756176,5.191216,-0.011718664353109557,-0.01895237233548068,0,0
2013-04-23,0.011184012,0.007381195,0.011033796,0.0077059814,5.3105364,-0.011711005585644856,-0.018939985956944,0,0
2013-04-24,0.00031771246,0.008626069,0.003698928,0.007827958,5.2798567,-0.01368612154385603,-0.02213430332262868,0,0
2013-04-25,0.004911679,0.00645369,0.007035025,0.0077475123,5.256683,-0.010239425537459065,-0.016560027614056477,0,0
2013-04-26,-0.003324629,0.006490405,0.0040272926,0.0077605257,5.116751,-0.010297677956300643,-0.016654238139937355,0,0
2013-04-29,0.007425581,0.0057710456,0.0067875744,0.0077102003,5.0769124,-0.009156341536157728,-0.014808376517588446,0,0
2013-04-30,0.002515329,0.006123324,0.005601048,0.0076970845,5.2336183,-0.009715266875863734,-0.015712315808505368,0,0
2013-05-01,-0.009465286,0.006141972,0.0058114678,0.0076118247,5.2771235,-0.009744853208542533,-0.015760165220014558,0,0
2013-05-02,0.009465286,0.0060416944,0.0046652355,0.0076690554,5.3741508,-0.009585752810883792,-0.01550285518157563,0,0
2013-05-03,0.010153958,0.005625115,0.008918402,0.0076996414,5.5525484,-0.00892480769369961,-0.014433921250477193,0,0
2013-05-06,0.0031036648,0.006674752,0.0028675753,0.007774061,5.559502,-0.010590162521544067,-0.01712726784843,0,0
2013-05-07,0.0043290113,0.005167018,0.0045248014,0.0077752313,5.3703847,-0.008197991204217709,-0.013258454805397828,0,0
2013-05-08,0.0050781057,0.004932844,0.004503832,0.0077144834,5.4750032,-0.007826451400660413,-0.012657570567886516,0,0
2013-05-09,-0.0026127733,0.0050802035,0.0051304437,0.007682971,5.514216,-0.008060251927014924,-0.013035691699628484,0,0
2013-05-10,0.003073143,0.005236343,0.00448096,0.0076252166,5.5035434,-0.008307982832046075,-0.013436342167094953,0,0
2013-05-13,0.0007668124,0.005104892,0.0046956744,0.00756499,5.5237856,-0.00809942257739057,-0.013099041645336693,0,0
2013-05-14,0.0105224,0.0050671995,0.0070378873,0.0074903574,5.4947515,-0.008039619221942839,-0.013002322819265378,0,0
2013-05-15,0.0037853024,0.0058035036,0.0068219365,0.007613318,5.413336,-0.009207839146501667,-0.014891662620527888,0,0
2013-05-16,-0.0037853024,0.0062195947,0.00472509,0.007559931,5.461644,-0.009868009700246603,-0.01595934386495012,0,0
2013-05-17,0.009060768,0.005614369,0.0054869144,0.0075070346,5.509728,-0.008907759154261704,-0.014406348972829561,0,0
2013-05-20,0.0009015778,0.0055694752,0.0046107317,0.0076008234,5.4100795,-0.00883653008322125,-0.014291151554865213,0,0
2013-05-21,0.0006006006,0.005346795,0.0055718445,0.007555549,5.2997,-0.008483226000447996,-0.013719759600748239,0,0
2013-05-22,-0.0060223006,0.0055039376,0.0162108,0.0075257113,5.1330786,-0.008732547656093862,-0.014122982758841773,0,0
2013-05-23,-0.0033277902,0.008196778,0.010919933,0.007491442,5.2856503,-0.013005007916745012,-0.02103275124512145,0,0
2013-05-24,0.0003029844,0.009082576,0.008915758,0.0074124597,5.393123,-0.014410416177841227,-0.02330569121891531,0,0
2013-05-28,0.002420576,0.008457108,0.012032881,0.0073208744,5.375317,-0.013418049299906342,-0.021700755195721698,0,0
2013-05-29,-0.004543397,0.009298441,0.007571063,0.007235856,5.356164,-0.014752907137835275,-0.023859595315811902,0,0
2013-05-30,0.003938802,0.008507793,0.008038035,0.0072259945,5.2028875,-0.013498465453421881,-0.021830810706937806,0,0
2013-05-31,-0.014927924,0.008049614,0.009954478,0.007238922,5.0991116,-0.012771517758684498,-0.02065513206610137,1,0
2013-06-03,0.0044407086,0.008649802,0.0074892277,0.00747339,5.1983666,-0.013723776547314928,-0.022195202041488005,0,0
2013-06-04,-0.0030604461,0.008184541,0.010356104,0.007420328,5.332749,-0.012985594063253144,-0.021001353590170548,0,0
2013-06-05,-0.014355421,0.008718266,0.008363171,0.0073298095,5.4343905,-0.013832401830758642,-0.0223708796404736,1,0
2013-06-06,0.00913107,0.0085938815,0.010882394,0.00755331,5.3432956,-0.013635053743831766,-0.02205171234372101,0,0
2013-06-07,0.0096589485,0.009152695,0.009353802,0.0076003596,5.442617,-0.014521666471258368,-0.02348561419646127,0,0
2013-06-10,0.0021338218,0.009179855,0.0056587877,0.0076089166,5.6636353,-0.014564758801477118,-0.02355530660017727,0,0
2013-06-11,-0.009177183,0.007593757,0.0070891804,0.0075977184,5.502904,-0.012048255574330357,-0.01948541393091001,0,0
2013-06-12,-0.010503649,0.0073069837,0.010563403,0.007659149,5.4186,-0.011593261084513374,-0.018749560021132712,0,0
2013-06-13,0.01647839,0.008445804,0.015417196,0.0077184783,5.362208,-0.013400113993914158,-0.021671748767440092,0,0
2013-06-14,-0.0076663974,0.010512587,0.0055702077,0.007828156,5.2459154,-0.01667927174742928,-0.02697506805526541,0,0
2013-06-17,0.00949762,0.008302317,0.007939659,0.007871597,5.112138,-0.01317245749297143,-0.021303564250804933,0,0
2013-06-18,0.0033485573,0.007791202,0.0058946447,0.008159871,4.7846065,-0.012361522147177964,-0.019992053983903118,0,0
2013-06-19,-0.01315406,0.0072097913,0.008938558,0.0078514265,5.185115,-0.01143905600017978,-0.018500167079560922,1,0
2013-06-20,-0.024784995,0.007713069,0.014495836,0.008211974,4.8098893,-0.012237556707209074,-0.019791567042368806,1,1
2013-06-21,0.0,0.009783378,0.011942179,0.008523006,4.533746,-0.015522309233790624,-0.025103934649959282,0,0
2013-06-24,-0.0112690665,0.010432259,0.013164211,0.00848479,4.573482,-0.01655182348657527,-0.026768948413945226,0,0
2013-06-25,0.009689537,0.010918051,0.0118652,0.008574732,4.5578074,-0.017322581068549302,-0.028015479949775966,0,0
2013-06-26,0.008813403,0.011007462,0.0110809645,0.00872333,4.4258018,-0.017464440190774155,-0.028244906002317223,0,0
2013-06-27,0.0068707326,0.010723135,0.007716076,0.008783537,4.3986325,-0.017013327566791716,-0.027515330160111092,0,0
2013-06-28,-0.00452313,0.009341875,0.008502215,0.008835652,4.3373766,-0.014821819757468635,-0.02397104638109975,0,0
2013-07-01,0.004678736,0.008835938,0.011724021,0.008731231,4.4568844,-0.014019099670395873,-0.02267282249542838,0,0
2013-07-02,0.00031113878,0.009757093,0.008016207,0.00867722,4.6038456,-0.0154806058695523,-0.025036488594430167,0,0
2013-07-03,0.001088224,0.009086414,0.008342925,0.008554222,4.725917,-0.014416505911423155,-0.023315540028881265,0,0
2013-07-05,0.011278605,0.008591874,0.0068828748,0.008565132,4.5944967,-0.013631867718283182,-0.02204655964537181,0,0
2013-07-08,0.0050570946,0.0079444945,0.005203424,0.008618507,4.6423373,-0.012604735971965283,-0.02038539906365041,0,0
2013-07-09,0.0060957214,0.0068470538,0.0046434933,0.00864101,4.5696535,-0.010863536362678974,-0.01756939014734152,0,0
2013-07-10,0.0018214941,0.0060561765,0.007478315,0.008551884,4.733666,-0.009608730018141729,-0.01554001578060468,0,0
2013-07-11,0.012957843,0.0066482606,0.0041692643,0.008614203,4.5253134,-0.010548130691735129,-0.01705929057179871,0,0
2013-07-12,0.0001496894,0.0058495845,0.0033547198,0.008629449,4.6788244,-0.009280951239174214,-0.015009905413460907,0,0
2013-07-15,0.004331274,0.0049212286,0.003031943,0.008584293,4.649965,-0.007808022039016559,-0.012627765112823127,0,0
2013-07-16,-0.0037327404,0.0044338326,0.004936569,0.008668249,4.489355,-0.007034719075086218,-0.011377116979305279,0,0
2013-07-17,0.0025397788,0.0048638666,0.006076234,0.008579547,4.5802593,-0.007717011739768893,-0.012480575891788087,0,0
2013-07-18,0.00297974,0.005495226,0.0069114687,0.008615257,4.4416647,-0.00871872586107693,-0.014100629033398985,0,0
2013-07-19,0.005341259,0.006030538,0.0053643775,0.0086128535,4.3776116,-0.00956805276948764,-0.015474229242237732,0,0
2013-07-22,0.00044381982,0.0058038747,0.0036601804,0.0085388785,4.473426,-0.00920842821285558,-0.01489261530630617,0,0
2013-07-23,-0.0011839576,0.0049823285,0.0038859188,0.008617917,4.2710576,-0.007904962815811914,-0.012784545582077611,0,0
2013-07-24,-0.0026690408,0.0047154217,0.0072446284,0.008728581,4.0680213,-0.0074814888051122725,-0.01209966914195248,0,0
2013-07-25,0.00014846708,0.0056839637,0.0062115043,0.008870365,3.8815162,-0.009018176972954421,-0.014584925604882401,0,0
2013-07-26,0.0014834597,0.006005077,0.0077829217,0.008777498,3.9076016,-0.00952765602862113,-0.015408896363765206,0,0
2013-07-29,-0.002374593,0.006490603,0.0046030423,0.008954477,3.719099,-0.010297991944049963,-0.016654745946335304,0,0
2013-07-30,0.0013364023,0.005768432,0.004636036,0.00899443,3.5490317,-0.009152194545220732,-0.014801669668246102,0,0
2013-07-31,-0.0025258167,0.0053256275,0.005615972,0.0087549,3.657693,-0.008449641074500469,-0.013665443340615046,0,0
2013-08-01,0.011683931,0.0055720806,0.005935623,0.008689878,3.6355846,-0.008840663501200781,-0.014297836452922342,0,0
2013-08-02,0.0022031292,0.005816025,0.0037932696,0.008715841,3.7731953,-0.009227706336772815,-0.014923793448404932,0,0
2013-08-05,-0.00088066934,0.0051073954,0.002595192,0.008743133,3.6320496,-0.008103394024744371,-0.013105464591390269,0,0
2013-08-06,-0.0050051627,0.00421098,0.0055468665,0.009028946,3.3106856,-0.006681141723436034,-0.010805283072646,0,0
2013-08-07,-0.0034001067,0.004871791,0.00519174,0.008697499,3.548375,-0.0077295848226991894,-0.0125009100989912,0,0
2013-08-08,0.0032525163,0.0052484144,0.004894221,0.008770394,3.439433,-0.008327135179890815,-0.013467316893950735,0,0
2013-08-09,-0.0044378773,0.005189339,0.0050000455,0.008522545,3.6201255,-0.008233405764831307,-0.01331573009877785,0,0
2013-08-12,0.000444675,0.0052139987,0.0055216905,0.0083514135,3.7856214,-0.008272531172015408,-0.013379006873535345,0,0
2013-08-13,0.0022204139,0.005414304,0.0063119913,0.008235751,3.8779063,-0.008590334732111128,-0.01389298450946594,0,0
2013-08-14,-0.005188656,0.0057850196,0.0037558875,0.008119461,4.0060906,-0.009178512509742335,-0.014844233210275792,0,0
2013-08-15,-0.015729483,0.005057397,0.0073030503,0.008013477,4.185669,-0.008024066422417401,-0.012977169573248314,1,1
2013-08-16,-0.0028729134,0.0057798857,0.0051486865,0.008028091,4.3150992,-0.009170366925536612,-0.014831059512309442,0,0
2013-08-19,-0.0036407807,0.0057238964,0.005903782,0.008083906,4.157919,-0.009081534633529911,-0.014687392740841722,0,0
2013-08-20,0.003337888,0.0057394854,0.006329335,0.008007726,4.279176,-0.009106268181483617,-0.014727393836177445,0,0
2013-08-21,-0.008518457,0.0060144505,0.0070398087,0.007931959,4.413237,-0.009542527465681901,-0.015432947655264534,0,0
2013-08-22,0.011090125,0.0063669644,0.008467052,0.007873496,4.6324544,-0.01010182651415007,-0.016337491338234346,0,0
2013-08-23,0.0040708687,0.0070188157,0.004720608,0.0078367675,4.8863564,-0.011136054202629853,-0.018010128051865557,0,0
2013-08-26,-0.004373075,0.006081469,0.005557744,0.007883047,4.695933,-0.009648858919314295,-0.015604915487048987,0,0
2013-08-27,-0.015841916,0.0058265543,0.0077513712,0.007159713,5.7524343,-0.009244411932818813,-0.01495081109024616,1,1
2013-08-28,0.0024536126,0.0065699406,0.0060946546,0.007931835,4.735153,-0.010423868456429704,-0.016858323628827724,0,0
2013-08-29,0.0027531371,0.0064663133,0.0069511672,0.008239102,5.963225,-0.010259453793492112,-0.016592418930518063,0,0
2013-08-30,-0.0033659763,0.006578534,0.007900877,0.0073539987,6.0734286,-0.010446378944530306,-0.01686299083226119,0,0
2013-09-03,0.004739708,0.0070440453,0.00828454,0.0069499672,5.8756356,-0.011176082663917189,-0.01807486531879928,0,0
2013-09-04,0.008807953,0.0074175764,0.0064415103,0.0068984167,5.876424,-0.011768727754281528,-0.019033338919282522,0,0
2013-09-05,-0.0003024346,0.0069842613,0.0032465418,0.007785644,5.0836415,-0.011081229407979709,-0.01792146095721069,0,0
2013-09-06,0.0003024346,0.005374407,0.0107973525,0.0076014814,5.3484674,-0.008527034982820815,-0.013790611032323532,0,0
2013-09-09,0.009330391,0.006916991,0.0054889466,0.00634939,6.7532854,-0.01105507105404323,-0.017575881408116265,0,0
2013-09-10,0.008056138,0.0066268556,0.0042390153,0.0074914526,6.987485,-0.010610052340341663,-0.016793037907540522,0,0
2013-09-11,0.0037078278,0.0055615315,0.0047867545,0.007715227,6.9238124,-0.00890029841332446,-0.014103605014087197,0,0
2013-09-12,-0.0022230465,0.0054150946,0.0032267505,0.0070513515,7.038443,-0.00867304907265528,-0.01371449591151284,0,0
2013-09-13,0.002074997,0.0047427434,0.003961122,0.0065650553,6.914823,-0.007589464213630946,-0.012028461619133974,0,0
2013-09-16,0.005610527,0.0046377755,0.006538523,0.0063143778,6.4604406,-0.007393752507974413,-0.011827038259242712,0,0
2013-09-17,0.0001472212,0.0054593147,0.0036844,0.0066644438,6.4371867,-0.008701611000216745,-0.013926223441838309,0,0
2013-09-18,0.011416986,0.004937275,0.010436615,0.0062959287,6.3356843,-0.007861886220118217,-0.012611124234977246,0,0
2013-09-19,-0.00014554981,0.006401983,0.005538191,0.008141628,6.3889837,-0.01019948931767189,-0.0163410290660501,0,0
2013-09-20,-0.008771986,0.006257735,0.005308605,0.007526658,5.2354364,-0.009928523373801589,-0.016057211474947628,0,0
2013-09-23,-0.0057433336,0.0057253568,0.005556333,0.0075109205,5.4388094,-0.009083851989800835,-0.014691140556937236,0,0
2013-09-24,-0.00014769958,0.0057467623,0.0056276144,0.0074516837,5.6201787,-0.009117813339102016,-0.01474606559938036,0,0
2013-09-25,-0.003996157,0.0057810433,0.0036858425,0.0073531275,5.7375298,-0.00917220379911333,-0.014834030252908385,0,0
2013-09-26,0.003996157,0.0050468333,0.00438766,0.0073685125,5.566779,-0.00800730653454155,-0.01295006412626623,0,0
2013-09-27,-0.0035513502,0.004917996,0.005789719,0.0073561003,5.491919,-0.007802893270823041,-0.012619470453850314,0,0
2013-09-30,-0.007290072,0.0054038814,0.006013325,0.0073732436,5.322042,-0.00857379925046534,-0.013866241990399392,0,0
2013-10-01,0.009067323,0.005727836,0.005872661,0.007373757,5.3956685,-0.00908778543287374,-0.014697502039392215,0,0
2013-10-02,-0.003854712,0.0058064326,0.007116761,0.007374388,5.5782013,-0.009212486527137147,-0.014899178740585117,0,0
2013-10-03,-0.007904001,0.0062427497,0.0076385085,0.0073047928,5.693705,-0.009904747171780972,-0.01601875867692899,0,0
2013-10-04,0.00894327,0.00670154,0.004722371,0.007292223,5.8714457,-0.010632664880545073,-0.01719600610294871,0,0
2013-10-07,-0.010141772,0.0058989786,0.0043590274,0.0073556774,5.8273687,-0.009359319685840434,-0.01513664920744775,1,0
2013-10-08,-0.01039714,0.005312639,0.008941251,0.0073702834,6.0568547,-0.008434608562237872,-0.013621223488342084,1,0
2013-10-09,-0.0010608473,0.0065226285,0.007820148,0.0074114604,6.194227,-0.010371334874168752,-0.01669197880378749,0,0
2013-10-10,0.021748139,0.0070856437,0.00993777,0.007406923,5.9575515,-0.011242083431742727,-0.018181607101699245,0,0
2013-10-11,0.008274279,0.0078033633,0.009794802,0.0077398443,5.371847,-0.012380817463507986,-0.020023259930963152,0,0
2013-10-14,0.0030852887,0.008357787,0.007913968,0.0076807225,5.6640906,-0.013260465454028182,-0.021445897847550667,0,0
2013-10-15,-0.00721387,0.007983359,0.0066187046,0.0076559177,5.659719,-0.012666397917721676,-0.02048512375237701,0,0
2013-10-16,0.01248089,0.0073029357,0.008131675,0.007683984,5.5417256,-0.011586838361041676,-0.018739172672969512,0,0
2013-10-17,0.008427832,0.007527814,0.0073087034,0.007887201,5.271623,-0.011943629789019201,-0.019316204643967435,0,0
2013-10-18,0.005051609,0.007478965,0.0043332414,0.0079034595,5.32976,-0.011866126392175318,-0.01919085987855822,0,0
2013-10-21,0.0010072668,0.0061724856,0.0031506978,0.00784888,5.435307,-0.00979326613808695,-0.015838462527534396,0,0
2013-10-22,0.0064511728,0.0049946858,0.0062161637,0.0078732,5.293283,-0.007924569405299765,-0.01281625494527855,0,0
2013-10-23,-0.004439678,0.005596811,0.005427631,0.007842086,5.3950043,-0.008879901111499914,-0.014361294691637605,0,0
2013-10-24,0.0038679226,0.0057952246,0.0042960783,0.007907299,5.207042,-0.009194704143132384,-0.014870419630116921,0,0
2013-10-25,0.0031406165,0.0052979356,0.004804165,0.0078104297,5.381515,-0.008405705411191325,-0.013594387030377757,0,0
2013-10-28,0.0028465718,0.005239575,0.003907509,0.0077227657,5.5179067,-0.00831311069537576,-0.013444635362648751,0,0
2013-10-29,0.0048206532,0.0049218033,0.004872405,0.007631267,5.675218,-0.00780893323689427,-0.012629238775770484,0,0
2013-10-30,-0.0039682593,0.0050493414,0.008182381,0.007553858,5.876001,-0.008011285220805998,-0.012956498779671921,0,0
2013-10-31,-0.0054108063,0.0061510457,0.0049899234,0.00747583,6.0568976,-0.009765709410490295,-0.015770828526909874,0,0
2013-11-01,0.0021393434,0.0057995506,0.005738218,0.0074163834,6.265005,-0.009228396393978896,-0.014827453870410668,0,0
2013-11-04,0.004690507,0.0057013663,0.0029264737,0.007429952,5.9994264,-0.009045788892754205,-0.01462958183610248,0,0
2013-11-05,-0.0036937108,0.0046878243,0.004963557,0.007473511,5.7795677,-0.007437702444335226,-0.012028854295852542,0,0
2013-11-06,0.0051107435,0.0048904764,0.004918966,0.007425126,5.8203263,-0.007759229971526997,-0.012548854632736315,0,0
2013-11-07,-0.011536124,0.005152018,0.011191598,0.0074540125,5.6707873,-0.008174192380601318,-0.013219965421903832,1,0
2013-11-08,0.01181929,0.006827238,0.01024603,0.0075370315,5.9842997,-0.0108320968688745,-0.017518543653691133,0,0
2013-11-11,0.0008490166,0.007915945,0.0029970019,0.007648969,5.8081417,-0.012559438488590641,-0.020312140307796663,0,0
2013-11-12,-0.0014154284,0.005470272,0.0044042626,0.0075733433,5.939961,-0.008679134449019917,-0.014036598597849148,0,0
2013-11-13,0.00776018,0.0050107734,0.010062648,0.0075176284,6.0415597,-0.007953953400747903,-0.012850011785103338,0,0
2013-11-14,0.0050469753,0.0067123217,0.0037337756,0.0075199534,6.129901,-0.01066554780365508,-0.017192501014481342,0,0
2013-11-15,0.003211172,0.0056046066,0.0031749979,0.007564655,5.849959,-0.00889226969520443,-0.014381298166143495,0,0
2013-11-18,-0.0026519662,0.0045854887,0.0056839064,0.007511801,5.9997663,-0.007275336845542697,-0.011766263509900666,0,0
2013-11-19,-0.0019585905,0.005179258,0.004405905,0.007505683,5.884833,-0.008217411391756394,-0.013289862704281829,0,0
2013-11-20,-0.0030855564,0.0051253242,0.007565431,0.007537825,5.609202,-0.008131840228996242,-0.013151470094941494,0,0
2013-11-21,0.007835495,0.005919963,0.0060493466,0.0074981353,5.6981425,-0.009392614150498245,-0.015190495710077367,0,0
2013-11-22,0.0041724676,0.0060763527,0.0034538559,0.0074683917,5.9596925,-0.009640741385887329,-0.01559178715507208,0,0
2013-11-25,0.0006937219,0.0049942215,0.00421041,0.0075121466,5.658726,-0.007923831941277585,-0.01281506225878193,0,0
2013-11-26,-0.00027743098,0.0048096403,0.0032253824,0.0074664443,5.747784,-0.007630975476999661,-0.012341431085074423,0,0
2013-11-27,0.0012478338,0.004445235,0.0023232484,0.0074440036,5.718234,-0.007052810017657317,-0.011406375115657336,0,0
2013-11-29,-0.00013857133,0.0038185483,0.0038101233,0.0074530495,5.538064,-0.006058508993283894,-0.009798311034320746,0,0
2013-12-02,-0.0023586552,0.004100656,0.004138588,0.0072092786,5.880906,-0.006506101696964148,-0.010522194176561413,0,0
2013-12-03,-0.0045945086,0.0044048596,0.0053060516,0.0071186465,6.0368657,-0.006991764664451729,-0.011296904001003933,0,0
2013-12-04,0.00013953813,0.0048457407,0.008598214,0.007091775,6.0541983,-0.007693103335523823,-0.012424590567691433,0,0
2013-12-05,-0.0043347618,0.006001802,0.003839121,0.0055736257,8.224218,-0.009675011198727235,-0.015025489171226059,0,0
2013-12-06,0.011702558,0.005137402,0.004796108,0.0058227917,8.423743,-0.008288348581058291,-0.012840062701272702,0,0
2013-12-09,0.0022136145,0.0049456237,0.0024958816,0.007012618,6.4548063,-0.007884128277977773,-0.01261300427498099,0,0
2013-12-10,-0.003322262,0.0041518235,0.0035029529,0.006934853,6.579365,-0.006626065334599814,-0.01057197614086274,0,0
2013-12-11,-0.01241732,0.004101923,0.007878631,0.0068716975,6.6923685,-0.0065526682549602675,-0.01043048614670908,1,1
2013-12-12,-0.0032342009,0.005425055,0.004438163,0.007011595,6.5360503,-0.008654780011945617,-0.013821517104006097,0,0
2013-12-13,-0.00014085499,0.0051918607,0.0044542146,0.0069474364,6.6499963,-0.008290891410306903,-0.013208797495862581,0,0
2013-12-16,0.0065988307,0.004875412,0.012165079,0.006903298,6.5390325,-0.007778121760219632,-0.012420719150857523,0,0
2013-12-17,-0.0075853714,0.006836624,0.004516749,0.006875529,6.755194,-0.010926790174445058,-0.017371276027843722,0,0
2013-12-18,0.01774905,0.0059549427,0.014247934,0.006952369,6.556531,-0.009501844651952952,-0.015167643002384632,0,0
2013-12-19,-0.0015249188,0.0077272425,0.0045618056,0.007190832,6.1558948,-0.01228168976975545,-0.01978500563769625,0,0
2013-12-20,0.0069127884,0.0065278863,0.0044327914,0.0071427147,6.109179,-0.010370113435021007,-0.016724872394144306,0,0
2013-12-23,0.004536402,0.005447823,0.0022811855,0.0071442146,6.172952,-0.008660370033085986,-0.01394548519030452,0,0
2013-12-24,0.0034230198,0.0042959554,0.002762914,0.007172858,5.9701695,-0.006815963267216095,-0.011023327383803868,0,0
2013-12-26,0.004092217,0.003957353,0.0021587259,0.007120687,6.018738,-0.006280119773427914,-0.010151795082731499,0,0
2013-12-27,0.0,0.0036098957,0.0025987756,0.0070749037,6.0798345,-0.005732747082279294,-0.00925254980147271,0,0
2013-12-30,-0.0009533538,0.003565008,0.0018785733,0.0069838823,6.195108,-0.005668610308901935,-0.009123060058196145,0,0
2013-12-31,0.00340067,0.0032539063,0.0043237633,0.0069936,6.1023755,-0.005168720944956255,-0.008337505243217705,0,0
2014-01-02,-0.007907335,0.00388162,0.006265822,0.006966531,6.626003,-0.006197313564313728,-0.009878264879825913,1,0
2014-01-03,-0.00054764515,0.004842932,0.004801787,0.006407531,8.91968,-0.007827289773927179,-0.012057613501672806,0,0
2014-01-06,-0.002605418,0.004874126,0.0058042514,0.005990681,8.835498,-0.007875478235756253,-0.012142866574392263,0,0
2014-01-07,0.0054772147,0.005135484,0.004560905,0.005802315,8.827402,-0.008297544256106864,-0.012794762431167006,0,0
2014-01-08,0.0009554358,0.0049846503,0.003524258,0.0060188253,9.200854,-0.008063500500018918,-0.01238551275494679,0,0
2014-01-09,0.00027281407,0.004481407,0.0056785257,0.0057295617,9.137356,-0.007248018263430965,-0.011140037184228752,0,0
2014-01-10,0.0025880283,0.00498025,0.0060758605,0.0055016186,9.027751,-0.00805205584396483,-0.01238974482015574,0,0
2014-01-13,-0.01245653,0.005473014,0.008039716,0.005442475,8.54231,-0.008833845530676199,-0.01366578992803164,1,0
2014-01-14,0.009868501,0.0062138885,0.0059138383,0.0067546964,8.416593,-0.010024798622945684,-0.01553146596347089,0,0
2014-01-15,0.004626488,0.0060484824,0.004665396,0.0067902836,8.817873,-0.009772383076226597,-0.015070525123290634,0,0
2014-01-16,-0.0028550085,0.0054265815,0.003082143,0.006746957,9.1239805,-0.008776337319463609,-0.013490857493746858,0,0
2014-01-17,-0.0010897699,0.0045628482,0.005042005,0.0066892426,9.344949,-0.007384299194089149,-0.011326258153877255,0,0
2014-01-21,0.0023143431,0.004884217,0.006667691,0.0066516777,9.053888,-0.007897446354750325,-0.01214855596606058,0,0
2014-01-22,0.0,0.0056671435,0.0032507675,0.006592797,9.187888,-0.009167187423411691,-0.014082595386944539,0,0
2014-01-23,-0.007781078,0.0047869254,0.010570914,0.0065522986,8.890701,-0.007736024501179897,-0.011920723060028114,1,0
2014-01-24,-0.023432614,0.0063197636,0.012016108,0.00655525,9.337183,-0.010227380103110308,-0.015688234957419795,1,1
2014-01-27,-0.00351346,0.008176022,0.009710488,0.0068470566,7.811539,-0.013154878520859767,-0.020544178864703604,0,0
2014-01-28,0.007014619,0.0083555,0.008423703,0.006797078,7.931215,-0.01345148844097161,-0.020972015162622558,0,0
2014-01-29,-0.009551976,0.008024722,0.011998213,0.00678738,8.246803,-0.012937230578103127,-0.020086003357192076,0,0
2014-01-30,0.005629853,0.009029066,0.009543874,0.006836531,8.400323,-0.014565553943399806,-0.02257094480719413,0,0
2014-01-31,-0.0026702285,0.009084724,0.010476367,0.006830267,8.370179,-0.014653572178192348,-0.022715716894724257,0,0
2014-02-03,-0.024935395,0.00923178,0.013341606,0.0067716767,8.517263,-0.014899351810933036,-0.02305581515329657,1,1
2014-02-04,0.0063282247,0.010364207,0.007659867,0.0071129925,6.847892,-0.016576775552333396,-0.026305851915216442,0,0
2014-02-05,0.0001433589,0.009151891,0.0076132207,0.007135569,6.7322383,-0.014624534271853298,-0.023260539672476915,0,0
2014-02-06,0.012818863,0.00826233,0.0069370703,0.0071075456,6.516167,-0.01317884941884607,-0.021055349196146877,0,0
2014-02-07,0.01516883,0.0077554807,0.011107142,0.0071926895,6.6981897,-0.01238967853256988,-0.01971946888692471,0,0
2014-02-10,0.00069671846,0.008766799,0.003801095,0.0073479763,6.7493677,-0.01401108804407258,-0.022277233078958892,0,0
2014-02-11,0.010392943,0.006651777,0.007624099,0.007265377,6.726892,-0.010628946812219977,-0.01690730760149776,0,0
2014-02-12,0.0019281097,0.0068009943,0.0044892873,0.0073009236,7.0288305,-0.010892034993360958,-0.01722632838031138,0,0
2014-02-13,0.003982154,0.006157937,0.009298397,0.0072411755,7.110031,-0.009867649133626422,-0.015583521072112408,0,0
2014-02-14,0.0058755376,0.0070802053,0.007930238,0.007191222,7.279029,-0.011357950059723778,-0.01788494301922268,0,0
2014-02-18,0.0013614706,0.007560943,0.0030860072,0.0071652066,7.519058,-0.012146405701755897,-0.019052362245647138,0,0
2014-02-19,-0.00655203,0.0055343467,0.0071578454,0.0070979465,7.60478,-0.008894958640835752,-0.01393386079649083,0,0
2014-02-20,0.0058715264,0.006043144,0.008184568,0.007106954,7.5769362,-0.009711235211930487,-0.015219020561525253,0,0
2014-02-21,-0.0010897699,0.0070116906,0.004286395,0.0071288953,7.3701406,-0.011254310929781727,-0.017695051476993837,0,0
2014-02-24,0.0063854572,0.0059141424,0.009907087,0.0070665656,7.3531437,-0.009491690007173608,-0.014927848510561306,0,0
2014-02-25,0.00013541878,0.007011473,0.0052480334,0.007084667,7.2347913,-0.0112445563014069,-0.017719622834213928,0,0
2014-02-26,-0.002304617,0.00650811,0.0055410676,0.0071294666,7.107116,-0.010428571987924785,-0.016470210003470476,0,0
2014-02-27,0.0064935293,0.0060190842,0.008117546,0.0070201,7.1702633,-0.009649004834882747,-0.015222155048284506,0,0
2014-02-28,0.0018860304,0.006791444,0.008033981,0.007064279,7.0743237,-0.0108801619719031,-0.017193451854680613,0,0
2014-03-03,-0.007836819,0.007259879,0.006548458,0.007053749,7.1309166,-0.01163505832565428,-0.018367944841471813,0,0
2014-03-04,0.01534557,0.0069072354,0.007420932,0.007004549,7.4011707,-0.011088701399297872,-0.01742588168359569,0,0
2014-03-05,0.00053418806,0.007005304,0.002869732,0.007161954,7.2385135,-0.011234928680800726,-0.017703331073619703,0,0
2014-03-06,0.0020006676,0.0052443543,0.0036770077,0.0071253087,7.042562,-0.008399824644794397,-0.013281463155132548,0,0
2014-03-07,0.00093227683,0.004724891,0.0068457155,0.0070605786,7.14436,-0.007573032282286135,-0.011952519108237183,0,0
2014-03-10,-0.0003994408,0.005675493,0.0048754895,0.0069949245,7.1959324,-0.009099725526296388,-0.0143492506825214,0,0
2014-03-11,-0.0064128474,0.0055732606,0.0062833885,0.00693615,7.1587687,-0.008933644820708717,-0.014096428333454633,0,0
2014-03-12,0.0013394055,0.005804863,0.005706462,0.006928993,7.2785144,-0.009312037092710154,-0.014663446281006411,0,0
2014-03-13,-0.01130716,0.005875776,0.010408314,0.0068807495,7.1675925,-0.009419107514449637,-0.014860160793849808,1,0
2014-03-14,-0.0036617657,0.0071745147,0.004773337,0.006949947,7.399876,-0.011517696433314979,-0.018100425720409312,0,0
2014-03-17,0.009600506,0.0062628607,0.010717253,0.0069069406,7.45034,-0.010057133499939926,-0.01579231093598926,0,0
2014-03-18,0.003224509,0.007341996,0.007138671,0.0069427835,7.740264,-0.011808705988899198,-0.018460875602962074,0,0
2014-03-19,-0.0061894706,0.007392188,0.0088919215,0.006898516,7.7520566,-0.01189015196402269,-0.018585002644974292,0,0
2014-03-20,0.007395986,0.0076300357,0.0066607003,0.0068829614,7.9430323,-0.012284254146541152,-0.01914906844427437,0,0
2014-03-21,-0.00483482,0.007248681,0.007624679,0.006898521,8.117387,-0.011679592390739962,-0.01816378109314773,0,0
2014-03-24,-0.00404695,0.007246646,0.009224486,0.006876194,8.062887,-0.011673469685027724,-0.018167374966059135,0,0
2014-03-25,0.005257848,0.007902669,0.00551462,0.0068558683,7.874932,-0.012719033930419347,-0.01984564293226589,0,0
2014-03-26,-0.009049836,0.006926533,0.008785424,0.0068286285,8.023017,-0.011155781088896647,-0.01737099368076148,0,0
2014-03-27,-0.0010860713,0.0073866737,0.0053577214,0.006892319,8.111032,-0.011901601704380692,-0.01851059242737398,0,0
2014-03-28,0.005418599,0.0067082103,0.00646223,0.0068152547,8.195849,-0.010812443611652815,-0.01679805539684402,0,0
2014-03-31,0.007537048,0.00653515,0.0037822865,0.006797284,8.330688,-0.010539448612013797,-0.016346043892909393,0,0
2014-04-01,0.0070813308,0.0055596493,0.004419978,0.006826803,8.541228,-0.008973644692235884,-0.01388223290079181,0,0
2014-04-02,0.002791998,0.0052281325,0.003334169,0.0068443497,8.668378,-0.008442520531755442,-0.013041405132148432,0,0
2014-04-03,0.0,0.0047338777,0.0045091095,0.006808724,8.319901,-0.0076341416823021615,-0.011841677688007615,0,0
2014-04-04,-0.012289762,0.004844345,0.011289615,0.006726909,8.280878,-0.0078110293897250575,-0.012121976202487127,1,1
2014-04-07,-0.011898464,0.006752263,0.006997505,0.006874768,8.450278,-0.010894794754410655,-0.016872485898777035,1,0
2014-04-08,0.0038012536,0.0069216425,0.0068081454,0.0069682836,8.442747,-0.011167760044617727,-0.017296788701040504,0,0
2014-04-09,0.010647719,0.006616773,0.005603637,0.006935224,8.581025,-0.01068150822501404,-0.016516614570538348,0,0
2014-04-10,-0.020451719,0.0062253866,0.010527313,0.007002956,8.455849,-0.010044896435183982,-0.015555228782932072,1,1
2014-04-11,-0.008382048,0.0074685803,0.007469127,0.010106292,7.4060435,-0.01199021556397378,-0.018841127264406777,0,0
2014-04-14,0.0070127477,0.007555709,0.007265728,0.009517545,7.8600936,-0.01215973680652894,-0.01897693583685392,0,0
2014-04-15,0.008187818,0.007231368,0.01252107,0.0071383985,9.362104,-0.011703482701100332,-0.017948190257035163,0,0
2014-04-16,0.0071772262,0.008708943,0.005339796,0.0071594883,9.319938,-0.01409312470971323,-0.021621678533999922,0,0
2014-04-17,0.0028296185,0.0073119425,0.0060119582,0.0073009394,8.797833,-0.011812908826736234,-0.01822133844828056,0,0
2014-04-21,0.0034922801,0.006578844,0.0029364303,0.007280247,8.517087,-0.010617719551936642,-0.01643029126459255,0,0
2014-04-22,0.005082263,0.0051626614,0.005985703,0.0072696623,8.213723,-0.008321929530439016,-0.012925861328839185,0,0
2014-04-23,-0.00053376035,0.005531242,0.004999242,0.007252955,8.219654,-0.008916287474968806,-0.013847983784371364,0,0
2014-04-24,0.0,0.005622023,0.0067933453,0.0072445287,7.7765045,-0.009044008830002972,-0.01413129648897877,0,0
2014-04-25,-0.006964936,0.00605402,0.006683797,0.0071824966,7.8957357,-0.009744688919601218,-0.01520030377982042,0,0
2014-04-28,0.0032206147,0.006371739,0.010466327,0.0071151783,8.201705,-0.01027036907875535,-0.0159546944160728,0,0
2014-04-29,0.0030767198,0.0075624315,0.003370988,0.00708923,8.268426,-0.01219304327722266,-0.01892541577193102,0,0
2014-04-30,0.0033335586,0.005754459,0.0046628583,0.007078887,8.033117,-0.009268483320392132,-0.014430262113480816,0,0
2014-05-01,-0.0001331292,0.005265382,0.004198115,0.0070495377,8.148704,-0.008485127763996632,-0.013190426519404084,0,0
2014-05-02,-0.0017322944,0.0051358687,0.0050770068,0.007041077,7.741123,-0.008260455156285831,-0.012913635022075834,0,0
2014-05-05,0.00066662225,0.0052576372,0.0073721893,0.007035853,7.3771935,-0.008439274301317062,-0.013267469572187817,0,0
2014-05-06,-0.006149752,0.006073558,0.0060250177,0.007031788,6.998372,-0.009724936563374025,-0.015389046585616604,0,0
2014-05-07,0.005349752,0.0061261975,0.0072999005,0.007015622,7.185887,-0.009821716512552725,-0.015490432665391041,0,0
2014-05-08,-0.0010676633,0.0064448356,0.007402441,0.006998612,7.278733,-0.010338681654383418,-0.016280019720914175,0,0
2014-05-09,0.0006674231,0.006772271,0.004605084,0.0069432408,7.1801367,-0.01085711554868537,-0.01712512612068432,0,0
2014-05-12,0.010222459,0.0058847796,0.004249758,0.0068802433,7.2385497,-0.009437861867886206,-0.0148716111293974,0,0
2014-05-13,0.00079218386,0.0052682427,0.002412592,0.0069508655,7.507863,-0.008462724072565176,-0.013276610366824548,0,0
2014-05-14,-0.004762544,0.0042627025,0.004662926,0.006895579,7.603823,-0.006851100931106121,-0.010732335068347906,0,0
2014-05-15,-0.009593678,0.004615709,0.009294757,0.006871085,7.3342595,-0.007406966804016583,-0.011652764448046263,1,0
2014-05-16,0.0040085567,0.00620164,0.0048458385,0.0069392193,7.587936,-0.009966536727594762,-0.015616487481213671,0,0
2014-05-19,0.0039925524,0.005765124,0.006197664,0.0069109914,7.662843,-0.009268756582265406,-0.01450670183302941,0,0
2014-05-20,-0.00759953,0.0057725976,0.005955482,0.0068956795,7.4023886,-0.009267248983340241,-0.014563184658076336,0,0
2014-05-21,0.009059481,0.005937199,0.0051903557,0.006906694,7.7486563,-0.00954967247758035,-0.014927436437698631,0,0
2014-05-22,0.0027812745,0.0056765745,0.0036280125,0.0069177845,8.154603,-0.009147997411612603,-0.014219787357166207,0,0
2014-05-23,0.0035645955,0.004945883,0.0028873049,0.006897817,8.028157,-0.007965960935840151,-0.01240317116314143,0,0
2014-05-27,0.006436804,0.0042926073,0.0031352502,0.006871116,8.116956,-0.006916542606260807,-0.010756477960150642,0,0
2014-05-28,-0.00013095004,0.0041258396,0.003509932,0.006859077,8.452353,-0.006657107534577685,-0.010309432494468288,0,0
2014-05-29,0.004703432,0.0041906484,0.0029355427,0.006824754,8.497299,-0.006762853951790728,-0.010467570040615659,0,0
2014-05-30,0.0018231545,0.00397819,0.0025637448,0.006810711,8.5740385,-0.006421855823492953,-0.009930801898996013,0,0
2014-06-02,0.00013009823,0.0036930763,0.0038656332,0.006144674,7.9732714,-0.005946649044023469,-0.009265964940102216,0,0
2014-06-03,0.0001300813,0.004015445,0.002757762,0.006636534,8.137311,-0.006470539622931033,-0.010060175915300526,0,0
2014-06-04,0.0019491917,0.00381321,0.003930294,0.006581902,8.090502,-0.006143381605467391,-0.009557409686754878,0,0
2014-06-05,0.006598976,0.0040434855,0.0059010237,0.0065253973,8.143828,-0.006515910824281454,-0.010129854637100004,0,0
2014-06-06,0.005530205,0.0048154923,0.002691262,0.006569298,7.9960227,-0.007754802546826874,-0.01207964787844442,0,0
2014-06-09,0.00051288627,0.004095997,0.0032475498,0.006581209,7.8265095,-0.0065907793895603785,-0.010290720251494408,0,0
2014-06-10,0.00012818047,0.003907129,0.003152115,0.0065593775,7.5091662,-0.006276324478927972,-0.009846311233581956,0,0
2014-06-11,-0.0033380438,0.0039144224,0.0040019676,0.0064924574,7.5833254,-0.006290634745322603,-0.009857440972857498,0,0
2014-06-12,-0.006968669,0.004151097,0.0072442577,0.006482697,7.3548503,-0.006662222054982222,-0.010477571288485907,1,0
2014-06-13,0.0027158116,0.0051928638,0.0034911865,0.006529895,7.193045,-0.008325752270543017,-0.013129434190588972,0,0
2014-06-16,0.0003873717,0.004614499,0.005160764,0.006537673,7.063352,-0.007392053761401359,-0.011683641220011698,0,0
2014-06-17,-0.0014210971,0.004760988,0.00412286,0.0065087005,6.8584113,-0.007615452036602054,-0.012082595222541582,0,0
2014-06-18,0.007855298,0.0047005853,0.0058289017,0.006497138,6.602925,-0.007503380467377891,-0.011965828249046705,0,0
2014-06-19,0.00064114894,0.0051127705,0.002907268,0.006512908,6.7637095,-0.008172154237121435,-0.012989797491113357,0,0
2014-06-20,0.0015370824,0.0043678116,0.0027646334,0.00651647,6.4915867,-0.006965345891948707,-0.011134185593498665,0,0
2014-06-23,-0.000128,0.003884603,0.0035258268,0.00586892,7.0588303,-0.006222626018237637,-0.009836080429314078,0,0
2014-06-24,-0.0050048227,0.004041762,0.0068853376,0.0056882123,7.150923,-0.006478398167605478,-0.010223685029601715,0,0
2014-06-25,0.0032111004,0.0050830604,0.005335219,0.005819801,7.0219736,-0.00814031309916602,-0.012875938911996749,0,0
2014-06-26,-0.00038478806,0.0052828705,0.005909638,0.005788826,6.7542605,-0.0084434058947008,-0.013423471149677183,0,0
2014-06-27,0.0016663466,0.0054205456,0.0039040307,0.0056728516,6.386518,-0.008635682188729548,-0.013836356514144983,0,0
2014-06-30,0.00025611473,0.004897295,0.0031600515,0.0055905473,6.119625,-0.007780678789002121,-0.01254538382143256,0,0
2014-07-01,0.006763249,0.0043121893,0.005523511,0.005469313,5.982208,-0.0068417202161625435,-0.011064983606044717,0,0
2014-07-02,0.0010169061,0.004882843,0.0019192598,0.0058283787,6.1280746,-0.00775844045990392,-0.012506907700017856,0,0
2014-07-03,0.0049426625,0.003827649,0.0032146072,0.0056500183,6.2267976,-0.006088255371814942,-0.009790986430069735,0,0
2014-07-07,-0.0032923925,0.0037950994,0.0033563653,0.0057189805,6.5096498,-0.006053028748192574,-0.009672053650935444,0,0
2014-07-08,-0.0053414856,0.0039891503,0.0056653256,0.005676293,6.2133303,-0.0063442457730463085,-0.01020595166798019,0,0
2014-07-09,0.0034370858,0.004688206,0.0028998102,0.0057986006,6.2687783,-0.007460283891033715,-0.011985527555035912,0,0
2014-07-10,-0.004840774,0.0041658385,0.007716765,0.0057444405,6.141585,-0.006620158755902791,-0.010668394847084041,0,0
2014-07-11,0.002423316,0.0051934957,0.0034063612,0.0057879887,6.3921986,-0.008274409004831926,-0.013255818411246423,0,0
2014-07-14,0.0043218574,0.004680085,0.003205099,0.0056379074,5.994763,-0.00742542344214997,-0.012008995699829064,0,0
2014-07-15,-0.0015232295,0.0041315416,0.0062052514,0.005678521,6.167894,-0.006567528530252689,-0.010576760426986482,0,0
2014-07-16,0.0034240095,0.004969381,0.0033197745,0.0055479803,6.0200286,-0.007886276238734164,-0.012747718139298774,0,0
2014-07-17,-0.0108191725,0.004508077,0.008160979,0.0055471403,6.0024114,-0.0071527190000991595,-0.011567232074507239,1,0
2014-07-18,0.009172039,0.0055425633,0.009036799,0.006511357,6.1700006,-0.008810698362388023,-0.014188573388754013,0,0
2014-07-21,-0.002666499,0.0067350497,0.00431657,0.0068908627,6.3926105,-0.01073049563228835,-0.01719037381853401,0,0
2014-07-22,0.004440223,0.005612354,0.0046219076,0.0065669785,6.173193,-0.008921945965884567,-0.014366607391548838,0,0
2014-07-23,0.0029071625,0.0051482483,0.0029714764,0.0064056716,6.3389325,-0.008198092703517401,-0.013149448159869171,0,0
2014-07-24,0.0,0.0044561815,0.0032111416,0.006210831,6.427828,-0.0071020942452029185,-0.011368684909580807,0,0
2014-07-25,-0.0046808864,0.0041782456,0.003955568,0.006009726,6.3883033,-0.006656639651470816,-0.010665044603897661,0,0
2014-07-28,0.0007605527,0.0043707076,0.005432245,0.0060102185,6.6117177,-0.006977332424841046,-0.011124885228187572,0,0
2014-07-29,-0.005081312,0.0049178717,0.005515679,0.0058412743,6.657601,-0.007853857114499626,-0.012510573779207813,0,0
2014-07-30,0.00101833,0.005241824,0.006381767,0.005901133,6.86698,-0.008385116237396304,-0.013301553112612996,0,0
2014-07-31,-0.020696156,0.005637168,0.008235472,0.0057331505,6.9471416,-0.009022877858513917,-0.014291609899597107,1,1
2014-08-01,-0.0032524585,0.006432568,0.0077254213,0.008247686,6.166656,-0.010225121027865077,-0.016467674296724955,0,0
2014-08-04,0.007012105,0.0068169134,0.0073129344,0.0077729514,5.8006134,-0.010815715214079964,-0.01749204991585701,0,0
2014-08-05,-0.009883045,0.0068259425,0.007484628,0.007538301,5.960896,-0.010830041018250705,-0.01751521876569074,0,0
2014-08-06,0.00091437536,0.0069472827,0.0075765466,0.0076572774,6.2196674,-0.01104951923673034,-0.01777259990443456,0,0
2014-08-07,-0.004973832,0.007095814,0.009101157,0.0071760262,6.088228,-0.01126967677023727,-0.018185213592842503,0,0
2014-08-08,0.009663173,0.0076721627,0.01272827,0.0069500413,6.169401,-0.012195923300475236,-0.019640359164639,0,0
2014-08-11,0.004538095,0.009103089,0.0058121746,0.0071703875,6.387266,-0.014502589107245972,-0.023236104190693684,0,0
2014-08-12,-0.0010354648,0.0076334565,0.005469351,0.0069303988,6.417397,-0.012164724082740115,-0.01947721404185334,0,0
2014-08-13,0.0073543973,0.0065392423,0.0041158516,0.0066090967,6.543658,-0.010432984611641308,-0.016658569291157718,0,0
2014-08-14,0.0044892016,0.0056804605,0.0040670284,0.0066558262,6.850554,-0.00908565540703302,-0.014417379594575036,0,0
2014-08-15,-0.00051203277,0.005202329,0.00859816,0.006494235,6.895177,-0.008323695257343703,-0.013197033178335468,0,0
2014-08-18,0.0076530986,0.006396286,0.002989152,0.0062502227,6.662766,-0.010215328892752243,-0.01627048955703478,0,0
2014-08-19,0.0049432893,0.005132767,0.0030612142,0.0060518584,7.7776003,-0.008257000305395524,-0.012901388274308754,0,0
2014-08-20,0.0030299227,0.0043659043,0.0043111253,0.006344124,7.0478597,-0.006993077452470999,-0.011056113873536468,0,0
2014-08-21,0.0031464377,0.0046525407,0.0034024017,0.006157767,7.1232834,-0.007456023091770219,-0.011772198089917064,0,0
2014-08-22,-0.0008800051,0.004439397,0.0035042618,0.006044381,6.91133,-0.007103858323262284,-0.011259570870531326,0,0
2014-08-25,0.0036407046,0.0042899637,0.0035748945,0.0059083425,6.5358677,-0.006843918599677581,-0.010929648961893218,0,0
2014-08-26,0.0017528489,0.004269371,0.0035021752,0.0058465153,6.597466,-0.00681472834556978,-0.01086885832978866,0,0
2014-08-27,-0.0007508447,0.004211763,0.0023777315,0.0056985277,6.599971,-0.006722920456526313,-0.010721871288941339,0,0
2014-08-28,-0.00012519561,0.0037222386,0.004256487,0.0055429703,6.376606,-0.005929479120292373,-0.009502520194203187,0,0
2014-08-29,0.0023760407,0.004129087,0.0040094554,0.005413359,6.3573422,-0.006576358238593103,-0.010543809211923803,0,0
2014-09-02,-0.0008747267,0.004344282,0.004768486,0.0053566652,6.38661,-0.006921051458296104,-0.011089099247569439,0,0
2014-09-03,-0.00050018757,0.004595032,0.0051770043,0.005231421,6.342523,-0.007317405785651009,-0.011735892653847323,0,0
2014-09-04,-0.0005004379,0.0048917076,0.006797567,0.005109007,6.2136517,-0.007779676594225946,-0.012515024515845224,0,0
2014-09-05,0.0041211424,0.0055058673,0.0065503363,0.005010697,5.866921,-0.008735609715297613,-0.014127934968786022,0,0
2014-09-08,-0.00274554,0.005824746,0.0041046697,0.0051543987,6.0805497,-0.009250147061864654,-0.0149293005530464,0,0
2014-09-09,-0.0053881467,0.0051077283,0.006196357,0.0051004416,6.204061,-0.008122411694782297,-0.013069386802332238,0,0
2014-09-10,0.0026350475,0.0054491796,0.0049554543,0.005410064,6.110534,-0.008656624757661675,-0.013960894165485349,0,0
2014-09-11,0.0010020041,0.005394973,0.0050872583,0.005335441,5.859059,-0.008559664372562916,-0.01384338192197767,0,0
2014-09-12,-0.0061530927,0.005287636,0.0053677405,0.005158938,5.7938833,-0.008389363570405347,-0.01356795768298026,0,0
2014-09-15,-0.00025195265,0.0053969645,0.0053905575,0.0055256556,6.027795,-0.008565615731022947,-0.01384306529933533,0,0
2014-09-16,0.0036471146,0.0054703895,0.0073125944,0.005273522,6.054707,-0.00868484794822385,-0.01402610607377077,0,0
2014-09-17,0.0011291639,0.0060918587,0.007060278,0.005274588,6.0182767,-0.009667420405710747,-0.015627542352954375,0,0
2014-09-18,0.0053773657,0.0064355433,0.0039766147,0.0050635966,6.1088424,-0.010223381416922863,-0.016488361993362097,0,0
2014-09-19,-0.00037422817,0.0054109776,0.0056843837,0.005364232,6.0158587,-0.008586658942021767,-0.013881339756359221,0,0
2014-09-22,-0.008771986,0.005512195,0.0053681666,0.0051176148,6.056563,-0.008751404141048172,-0.014132928027900933,1,0
2014-09-23,-0.007073416,0.005635478,0.006017739,0.0060160975,5.9919987,-0.008941249974370817,-0.014460513037385271,0,0
2014-09-24,0.009462002,0.0058228467,0.0047877515,0.0062800585,6.006194,-0.009239203657983005,-0.014939987660207123,0,0
2014-09-25,-0.014927538,0.0055265673,0.00783814,0.006865659,6.262754,-0.008793815962295701,-0.01412995347813581,1,1
2014-09-26,0.0073651127,0.0062809093,0.006663036,0.008714988,6.2630196,-0.009994144233141598,-0.016058547309561324,0,0
2014-09-29,-0.0032948959,0.006530975,0.007552845,0.00823324,6.3544197,-0.010401526578823378,-0.016677773481560455,0,0
2014-09-30,-0.0020330376,0.0067733466,0.0062899366,0.0074066934,6.386431,-0.01079087383461541,-0.01728950489051668,0,0
2014-10-01,-0.012672169,0.0065793176,0.010183456,0.0067303884,6.238195,-0.010466296602426593,-0.016827079533506394,1,0
2014-10-02,-0.0011600181,0.007589051,0.01003924,0.007915946,6.1579432,-0.012062314818787057,-0.01943063224701612,0,0
2014-10-03,0.011157538,0.008407575,0.007783745,0.0070969905,6.1604075,-0.013363663393737376,-0.021525617531715346,0,0
2014-10-06,-0.0021704445,0.007950145,0.0072207116,0.00776083,6.170765,-0.012637998187302334,-0.020351601903537436,0,0
2014-10-07,-0.014418376,0.0075107752,0.0084031075,0.007026802,5.970784,-0.011916596982071192,-0.01927248500091648,1,0
2014-10-08,0.017353736,0.0077546597,0.012329785,0.0083924355,5.7790375,-0.01230354390207715,-0.01989828687398356,0,0
2014-10-09,-0.018910965,0.009148732,0.015483418,0.010176094,5.49605,-0.014515378572497474,-0.02347544489773119,1,0
2014-10-10,-0.016102986,0.011004879,0.0119332,0.012118946,5.8860807,-0.017460342967347862,-0.028238279641020665,0,0
2014-10-13,-0.015293868,0.011088881,0.0132055245,0.012682427,6.6206484,-0.017703470225881337,-0.028221744338421464,0,0
2014-10-14,0.0049462034,0.011374841,0.010153059,0.012843088,6.571067,-0.01815226726201329,-0.028967255999067867,0,0
2014-10-15,-0.01504798,0.010745185,0.02474085,0.0110444985,6.626448,-0.01715560277418649,-0.027345078165062646,0,0
2014-10-16,0.0020285354,0.0140577145,0.02087927,0.011662729,6.6500044,-0.02244879081322503,-0.035764728758246184,0,0
2014-10-17,0.016347678,0.016323937,0.012256224,0.010076471,6.439558,-0.02601932942007878,-0.04163964429464298,0,0
2014-10-20,0.010050336,0.014075884,0.010872576,0.011557977,6.3337026,-0.022413345218436152,-0.03595451905411511,0,0
2014-10-21,0.019802628,0.012261805,0.016550837,0.010980608,6.324589,-0.01952299290504711,-0.03132450563536137,0,0
2014-10-22,-0.006730546,0.013334108,0.0074700424,0.013167418,6.471388,-0.021259976747873804,-0.0339992792263892,0,0
2014-10-23,0.010850016,0.010908424,0.0102967825,0.011773112,6.301164,-0.01736411829007338,-0.027875707166653396,0,0
2014-10-24,0.0070409304,0.010200904,0.009782492,0.011351773,6.333436,-0.01624308432851151,-0.026056612864006644,0,0
2014-10-27,-0.0014042257,0.010109668,0.0076160175,0.0103533855,6.3320117,-0.01609758219171649,-0.025824047986420143,0,0
2014-10-28,0.011684156,0.009036039,0.0049971114,0.009002283,6.2818766,-0.014380847275222465,-0.023096857458491014,0,0
2014-10-29,-0.0039218217,0.007287087,0.008425818,0.009579755,6.4558196,-0.011616909321962455,-0.018584281828636143,0,0
2014-10-30,0.008205563,0.0076444233,0.011362856,0.008597839,6.3739514,-0.012177158858634674,-0.01951615724867551,0,0
2014-10-31,0.011500127,0.008971044,0.0076034423,0.008466671,6.4770045,-0.01430421901139977,-0.022872718540336498,0,0
2014-11-03,-0.00024860163,0.008437097,0.0043021115,0.009120242,6.557283,-0.01346251740214927,-0.021489658674698594,0,0
2014-11-04,-0.0027387047,0.0065681715,0.0063399402,0.008064449,6.584299,-0.010482862493737534,-0.0167238108747337,0,0
2014-11-05,0.0065851016,0.006480009,0.0044437,0.0072826534,6.5346303,-0.010337655266051519,-0.016509537878562686,0,0
2014-11-06,0.0045715775,0.0058955536,0.005781197,0.007147217,6.69068,-0.009417795269279163,-0.014991686173294435,0,0
2014-11-07,-0.0009866799,0.0059209936,0.0045187557,0.006729468,6.7123275,-0.009460104576947842,-0.015052450171915935,0,0
2014-11-10,0.003940892,0.0055750734,0.004177,0.006185154,6.3874416,-0.008881944839262627,-0.014230630022448284,0,0
2014-11-11,0.0012283504,0.005151249,0.0026498786,0.0059942473,6.086488,-0.008181129091459988,-0.01320198341791506,0,0
2014-11-12,-0.00024554943,0.0043276837,0.0036506685,0.0055291117,6.1175013,-0.006875535614605535,-0.011086536947915017,0,0
2014-11-13,-0.0009828011,0.004309209,0.005901897,0.0051230146,6.1050935,-0.006845241413916566,-0.011041099584790041,0,0
2014-11-14,0.001964637,0.005073745,0.0022169128,0.004857932,5.78926,-0.00805000434413003,-0.013019118479292015,0,0
2014-11-17,0.00085831655,0.004055997,0.0052908207,0.004718801,5.64361,-0.006435244977390109,-0.010407598955521433,0,0
2014-11-18,0.0042805667,0.0045473226,0.005649245,0.004519831,5.56406,-0.007214782453115322,-0.011668330046047518,0,0
2014-11-19,-0.0006103888,0.005178658,0.004386958,0.0048351875,5.7162704,-0.008216459475006292,-0.013288323187478829,0,0
2014-11-20,0.0023174982,0.0049306406,0.005861074,0.004595393,5.68239,-0.007822955006817832,-0.012651915916815424,0,0
2014-11-21,0.0047402093,0.0052647796,0.007166066,0.004543465,5.673799,-0.008353100247518369,-0.013509309702564863,0,0
2014-11-24,0.0027850112,0.0059421896,0.00234189,0.004970475,5.5109735,-0.009427878503715915,-0.015247528075901023,0,0
2014-11-25,0.0,0.004399765,0.0035041736,0.0048926403,5.4527545,-0.006980667486579574,-0.011289700376198093,0,0
2014-11-26,0.0022948256,0.0041563557,0.0031975019,0.0046168165,5.484754,-0.006594474318144752,-0.010665117531169891,0,0
2014-11-28,-0.0028996035,0.004120964,0.0030605318,0.004531446,5.6044574,-0.006538322088254685,-0.010574303600821107,0,0
2014-12-01,-0.00752979,0.0039533153,0.003882444,0.0045340396,5.757793,-0.006272330578684141,-0.01014412060593741,1,0
2014-12-02,0.0074087908,0.0041642594,0.0038170775,0.0055929474,6.0964913,-0.006614351324606611,-0.01067097764580991,0,0
2014-12-03,0.0031412374,0.0042649307,0.003966001,0.0061813416,6.3886704,-0.006794767185856287,-0.010886257904593076,0,0
2014-12-04,-0.00024128363,0.0043262993,0.0054593375,0.0057972292,6.3945007,-0.006892921654956037,-0.011042068345390264,0,0
2014-12-05,0.0019286409,0.0048261355,0.0033460741,0.0053075794,6.496099,-0.007696549675403853,-0.012301818790113972,0,0
2014-12-08,-0.00797973,0.004393739,0.0064991927,0.0050033266,6.4962287,-0.007006987623816554,-0.011199622333352038,1,0
2014-12-09,-0.0009715813,0.0050800387,0.009979663,0.005980382,6.353739,-0.008090646268805155,-0.012972716940656425,0,0
2014-12-10,-0.0151814865,0.0065914956,0.008458866,0.005470909,6.4387083,-0.010506345590442511,-0.016813988858884563,1,0
2014-12-11,0.0022181156,0.0070335097,0.011257711,0.008603731,6.2827454,-0.011193921777545619,-0.017978020158866907,0,0
2014-12-12,-0.016757049,0.008012907,0.0076405066,0.0076635373,5.929792,-0.012713278912800385,-0.02056094349150571,1,0
2014-12-15,-0.0036365956,0.0076691816,0.013062959,0.010437571,6.007345,-0.012168978056879927,-0.01967690820195761,0,0
2014-12-16,-0.012642394,0.008954582,0.016613446,0.009107857,6.15109,-0.014231683003412262,-0.02292901879795438,0,0
2014-12-17,0.021771451,0.011075695,0.009362066,0.009929977,6.2317624,-0.017617902713965437,-0.028329335388633758,0,0
2014-12-18,0.025442287,0.010055379,0.012560809,0.013680611,6.085968,-0.015969694406181786,-0.025770818764108347,0,0
2014-12-19,0.003392298,0.010398319,0.006445423,0.017736658,6.160333,-0.016527895545957863,-0.026622475797457315,0,0
2014-12-22,0.0026573273,0.008805906,0.0034243348,0.014873968,6.1429963,-0.013994156502616345,-0.02255081871243103,0,0
2014-12-23,0.0031314008,0.0062386673,0.004042553,0.012652279,5.8879676,-0.009898270156479419,-0.016008283523624933,0,0
2014-12-24,-0.00012025735,0.00550583,0.002209445,0.010828652,5.7728853,-0.008735550899148606,-0.014127839846550095,0,0
2014-12-26,0.0026423268,0.0043819305,0.0030663977,0.009171431,5.712551,-0.006952371489723633,-0.011243937800203238,0,0
2014-12-29,0.0007194245,0.0041632745,0.0043288576,0.007925366,5.65101,-0.006605451673709265,-0.01068287099894136,0,0
2014-12-30,-0.004324331,0.004564346,0.0041771424,0.0067426586,5.70797,-0.007241791733603729,-0.0117120116402041,0,0
2014-12-31,-0.011745609,0.004670726,0.008290959,0.0062934416,5.8422275,-0.007410574626684971,-0.011984980993805093,1,0
2015-01-02,-0.0030497126,0.0058260513,0.0094512645,0.0082656555,5.9674306,-0.009243613842919962,-0.014949520354675585,0,0
2015-01-05,-0.014893499,0.007030261,0.009975187,0.0074073155,5.665881,-0.011154213009988269,-0.018039495944643682,1,0
2015-01-06,-0.010721958,0.0077487607,0.011586981,0.009894887,5.8793726,-0.012294184895474194,-0.01988315073111909,0,0
2015-01-07,0.012456563,0.008715383,0.0068097212,0.010050455,6.145135,-0.013850620599657937,-0.022318344221674294,0,0
2015-01-08,0.017425891,0.007763976,0.00807259,0.010688242,6.278221,-0.012355903527436549,-0.019846324534577665,0,0
2015-01-09,-0.009657186,0.0076102945,0.0090136565,0.012750879,6.7114453,-0.012159052261882441,-0.01934722581625115,0,0
2015-01-12,-0.0062842914,0.008125318,0.010880761,0.011853374,7.0297728,-0.01301307404414847,-0.020580511738812934,0,0
2015-01-13,-0.0032190199,0.0089284545,0.017548932,0.010531212,7.193095,-0.014315055138972731,-0.02257434597258775,0,0
2015-01-14,-0.0042251833,0.011201401,0.013181707,0.009137719,6.7814646,-0.017906611139173186,-0.02845293540022878,0,0
2015-01-15,-0.009258167,0.011623813,0.01605377,0.00813543,6.379798,-0.018517156616771984,-0.029673257811948538,0,0
2015-01-16,0.011994147,0.01239437,0.01196431,0.00855506,6.581085,-0.019780977673481,-0.03155967186261975,0,0
2015-01-20,0.0018611582,0.011942869,0.01014266,0.009601169,7.0361156,-0.019127904456969578,-0.030247795941518274,0,0
2015-01-21,0.0048228623,0.01085618,0.009046272,0.008279546,7.3652916,-0.01742450966003995,-0.02739856843228514,0,0
2015-01-22,0.014695342,0.009942373,0.010505271,0.00755676,7.8126855,-0.015996955537904804,-0.024982284623436785,0,0
2015-01-23,-0.006096836,0.009981611,0.0058580507,0.009847173,8.605161,-0.01611483371458545,-0.024911092994327734,0,0
2015-01-26,0.004636982,0.008302423,0.008538023,0.008946803,8.488613,-0.01339797489138943,-0.02073957740120571,0,0
2015-01-27,-0.011509862,0.008205592,0.012441694,0.008103228,8.534779,-0.013244048866561968,-0.02049010410168196,0,0
2015-01-28,-0.01914767,0.009638624,0.0134776635,0.009088433,9.048201,-0.015584718490448944,-0.023975212500747866,1,0
2015-01-29,0.013466538,0.010854695,0.010969547,0.012507869,9.027158,-0.017549811245827756,-0.027004162404250104,0,0
2015-01-30,-0.014974075,0.010722869,0.0074282694,0.012611167,8.650216,-0.017314419513009216,-0.026751619878190264,0,0
2015-02-02,0.014230673,0.009176795,0.013555331,0.013104289,9.271948,-0.014848138742754083,-0.022790676996673385,0,0
2015-02-03,0.012318461,0.010341796,0.009920325,0.0132240765,10.792312,-0.016765235218314228,-0.02556482148571346,0,0
2015-02-04,-0.0058939266,0.010321154,0.008627003,0.012811901,13.636118,-0.01673177258465733,-0.025513795285082175,0,0
2015-02-05,0.012240055,0.009425147,0.009486799,0.011125665,13.523838,-0.015279243786831657,-0.023298876201888714,0,0
2015-02-06,-0.0009737099,0.009317892,0.008021285,0.0112779,14.444892,-0.015105369417123427,-0.023033740212763068,0,0
2015-02-09,-0.00512759,0.008816947,0.004758108,0.009511552,13.49957,-0.014293281060096625,-0.021795410203808735,0,0
2015-02-10,0.009623072,0.0070569823,0.006984863,0.008567754,13.113328,-0.011440176296300201,-0.017444793405613383,0,0
2015-02-11,0.0016957369,0.006991902,0.0089372555,0.008841252,13.679861,-0.011334673797872874,-0.017283915702230784,0,0
2015-02-12,0.008795767,0.0078080455,0.008421574,0.0076092663,12.802798,-0.012657735760607226,-0.019301414559323615,0,0
2015-02-13,0.0045481827,0.0080236355,0.0033361975,0.008015698,13.279503,-0.013007231565491549,-0.019834350587093336,0,0
2015-02-17,0.00119346,0.0059334547,0.0059251986,0.0072805025,13.194394,-0.009618809062482744,-0.014667443276841788,0,0
2015-02-18,-0.00023857808,0.005903509,0.0033645944,0.006338001,12.718889,-0.009570264274279622,-0.014593418735681825,0,0
2015-02-19,-0.00011931039,0.0051507163,0.0041378555,0.0055483743,12.52659,-0.008349901065294221,-0.012732522232937664,0,0
2015-02-20,0.005592257,0.00489441,0.008329509,0.004944974,11.925949,-0.007934398257457958,-0.012098934038628103,0,0
2015-02-23,-0.000118659154,0.0061243055,0.0028528515,0.005424736,12.151173,-0.009928200852953355,-0.015139225854868855,0,0
2015-02-24,0.0033171456,0.0048987903,0.003756699,0.0048778243,12.025764,-0.007941499614388677,-0.01210976269208128,0,0
2015-02-25,-0.0016571974,0.0045008687,0.0033603092,0.004804404,11.808171,-0.0072964231201526255,-0.01112610423426498,0,0
2015-02-26,-0.0001184764,0.0043715625,0.004441886,0.004485263,11.8790045,-0.007086803115777564,-0.010806460762407877,0,0
2015-02-27,-0.0034419356,0.004590481,0.0028067143,0.004144769,11.754377,-0.007441695411773724,-0.011347625743134531,0,0
2015-03-02,0.005335876,0.0041180956,0.0040782616,0.0043197977,11.762529,-0.006675904289645255,-0.010179893046418627,0,0
2015-03-03,-0.0043851924,0.004274716,0.0057712775,0.0049389806,12.68299,-0.006929804385697301,-0.010567057947253745,0,0
2015-03-04,-0.003927408,0.0049721613,0.006112323,0.005048829,12.601213,-0.008060442701016824,-0.012291135559029586,0,0
2015-03-05,0.0015490024,0.0054247268,0.0033171484,0.005068871,11.729563,-0.008794103010410274,-0.013409872910254344,0,0
2015-03-06,-0.01390743,0.004620349,0.009629642,0.0046318374,11.881902,-0.00749011444502288,-0.011421458524208386,1,1
2015-03-09,0.003374717,0.00597228,0.005478983,0.008592475,10.952533,-0.00968174983893964,-0.014763419843429715,0,0
2015-03-10,-0.017355857,0.0059749833,0.006666469,0.007451639,11.144975,-0.009686131850489948,-0.014770101845893335,1,1
2015-03-11,-0.00122504,0.005986545,0.004619263,0.011399167,11.165768,-0.009704874402588886,-0.014798681820606284,0,0
2015-03-12,0.0119411675,0.005563792,0.007097466,0.009421389,10.879758,-0.00901954366318875,-0.01375364083052835,0,0
2015-03-13,-0.006928013,0.0060329055,0.008873077,0.010212666,11.414423,-0.009780030289440161,-0.014913284855155685,0,0
2015-03-16,0.012965949,0.007038768,0.010141727,0.009312092,11.070919,-0.011410648357914402,-0.017399767107810563,0,0
2015-03-17,-0.004948414,0.007909991,0.004882834,0.010536816,11.428489,-0.012823000557930116,-0.019553422060943213,0,0
2015-03-18,0.012624153,0.0065627773,0.014149874,0.0091708135,10.981753,-0.010639013428394883,-0.016223123358502574,0,0
2015-03-19,-0.005270736,0.008383499,0.0067312224,0.010346132,11.320278,-0.013590612172915677,-0.02072393077447615,0,0
2015-03-20,0.00849135,0.007925629,0.007845112,0.009063538,11.104386,-0.01284835157505966,-0.01959207909253023,0,0
2015-03-23,-0.0021459237,0.0075258506,0.0045433557,0.008920158,11.028926,-0.012200265401858201,-0.01860383126245174,0,0
2015-03-24,-0.0046653594,0.006374239,0.005463509,0.00757379,10.812207,-0.010333371498732825,-0.015757058834586807,0,0
2015-03-25,-0.015101464,0.0060255397,0.008374923,0.0069226036,10.809799,-0.009768089476764169,-0.014895076655838406,1,1
2015-03-26,-0.0025595725,0.006936835,0.008515297,0.010171816,10.759803,-0.011245403816423024,-0.017147790493721612,0,0
2015-03-27,0.0019507443,0.007591172,0.005729517,0.008640791,10.235113,-0.012306159513028084,-0.018765306124760205,0,0
2015-03-30,0.011143526,0.0067981575,0.009628599,0.0073798606,10.249143,-0.011020591938414384,-0.01680498137387815,0,0
2015-03-31,-0.0071320944,0.0075773103,0.005612223,0.008726007,10.610143,-0.012283687355952103,-0.01873103898346661,0,0
2015-04-01,-0.0037678562,0.0069306265,0.009290475,0.008327432,10.520329,-0.01123533920014078,-0.01713244325193065,0,0
2015-04-02,0.003161097,0.0075240065,0.0070257694,0.0073658675,10.2965975,-0.012197275978724305,-0.0185992727777202,0,0
2015-04-03,0.0,0.0074343137,0.008876996,0.0065337503,10.570216,-0.01205187371218434,-0.018377553073862324,0,0
2015-04-06,0.0066541894,0.0077576335,0.009826575,0.0056422097,10.6951275,-0.012576011920388368,-0.019176796242961446,0,0
2015-04-07,-0.0026563648,0.008418724,0.0055975607,0.006160565,10.613991,-0.01364771504993238,-0.020811005297335095,0,0
2015-04-08,0.0039819055,0.007206154,0.004880575,0.0055992655,9.915732,-0.01167965593108112,-0.01782254877686606,0,0
2015-04-09,0.0046855374,0.0061813574,0.0064675636,0.0053965445,10.269294,-0.010020688135641604,-0.015280257032829361,0,0
2015-04-10,0.004663686,0.0063772765,0.00348249,0.0054395404,9.747984,-0.01033193170756906,-0.01578879688080314,0,0
2015-04-13,-0.0043041673,0.0053448044,0.0047378833,0.0054593924,10.915412,-0.008664539960119276,-0.01321230596838313,0,0
2015-04-14,0.0021543994,0.0052046315,0.005643365,0.0053896247,10.710307,-0.00843730329028012,-0.012865799353724958,0,0
2015-04-15,0.0041758697,0.005580108,0.005680186,0.004969382,10.32783,-0.00904599440317077,-0.013793974797633488,0,0
2015-04-16,0.0004761338,0.0057285926,0.005306594,0.0050317068,10.104085,-0.009286704576936951,-0.014161026768094673,0,0
2015-04-17,-0.012092335,0.0056437524,0.010057672,0.00457196,9.552861,-0.009138873190899397,-0.013990100218652959,1,0
2015-04-20,0.007440332,0.0069474946,0.0057030316,0.0076654246,9.313059,-0.011242461628840083,-0.017249340518679608,0,0
2015-04-21,0.0,0.006563803,0.0060553914,0.00768788,9.512826,-0.010627548717184654,-0.016275022256126915,0,0
2015-04-22,0.0044139647,0.006211051,0.0075571476,0.006633567,9.219063,-0.010047956900852235,-0.015430837034587223,0,0
2015-04-23,0.0032087495,0.006709598,0.00879381,0.0062528607,9.381483,-0.010859632727700992,-0.01665099253305544,0,0
2015-04-24,0.0022518528,0.007391011,0.0037355279,0.005768496,9.429259,-0.011964128363462377,-0.018336185652566776,0,0
2015-04-27,-0.0033202923,0.0058068032,0.0060357526,0.0052958727,8.987389,-0.009387206678662921,-0.014450240094210845,0,0
2015-04-28,0.0034386707,0.005812377,0.007793198,0.0051051416,9.034962,-0.009397653750064574,-0.014459141318465311,0,0
2015-04-29,-0.006174325,0.0066493037,0.006539134,0.0049904715,9.134684,-0.010754184175900162,-0.016529380644084893,0,0
2015-04-30,-0.009574032,0.006614467,0.009110885,0.005591416,9.575794,-0.010711400985471716,-0.016393937870293532,0,0
2015-05-01,0.010764367,0.007307527,0.0049290373,0.0070634363,10.225814,-0.011846337789837773,-0.01806413730037222,0,0
2015-05-04,0.0036810585,0.0063926578,0.0052595977,0.008344211,10.811851,-0.010363230282366645,-0.015802589628723548,0,0
2015-05-05,-0.01204331,0.0059037455,0.0068519814,0.0073825517,10.92418,-0.009570647447092379,-0.014594003024803258,1,0
2015-05-06,-0.004689481,0.006353026,0.010538851,0.00899636,11.173897,-0.01029898216078428,-0.01570461952942835,0,0
2015-05-07,0.004809436,0.007715196,0.010276559,0.008035909,11.1031685,-0.012507215520638706,-0.01907189060605522,0,0
2015-05-08,0.011567716,0.0085139,0.0071621076,0.0073368303,11.346778,-0.013802007094526928,-0.021046280766206325,0,0
2015-05-11,-0.0051114527,0.007780001,0.004740098,0.008794695,11.925004,-0.012612272390772783,-0.019232088783763552,0,0
2015-05-12,-0.0013117885,0.006428501,0.007312965,0.007973618,11.435975,-0.010421336667036147,-0.015891194371330037,0,0
2015-05-13,-0.00023869197,0.006727119,0.0050264588,0.0068603484,11.366309,-0.010905429940335038,-0.016629374179317563,0,0
2015-05-14,0.010921286,0.0062268795,0.0061249165,0.0059522265,11.076383,-0.010094484349802674,-0.015392786741883983,0,0
2015-05-15,0.00070813176,0.0061727036,0.0031297905,0.007833169,11.069862,-0.010006659284333974,-0.015258864843894403,0,0
2015-05-18,0.0032980007,0.005077615,0.0051349085,0.0067521767,10.833202,-0.00823139516702953,-0.012551816021859188,0,0
2015-05-19,-0.0007057993,0.0051857033,0.004186036,0.006143536,10.708815,-0.008406619081512209,-0.012819009892714289,0,0
2015-05-20,-0.0009418414,0.005077777,0.004293871,0.0054463637,10.191519,-0.008231657648846199,-0.012552216272777176,0,0
2015-05-21,0.0025879322,0.004915975,0.0052484656,0.004921249,9.49474,-0.007959132878259665,-0.012190658129858084,0,0
2015-05-22,-0.0016460909,0.0051931688,0.0023656571,0.0046970625,9.43792,-0.008406595611040462,-0.012882869432656197,0,0
2015-05-26,-0.009221014,0.0041778293,0.00865631,0.0044064606,9.23499,-0.006759025233927361,-0.010378325082883182,1,0
2015-05-27,0.0075722085,0.0054847365,0.006256381,0.006479692,9.37133,-0.008876911039715798,-0.01361222178110126,0,0
2015-05-28,0.00035354428,0.0060198135,0.004060142,0.0069719097,9.888465,-0.00975620383464028,-0.014890904572734188,0,0
2015-05-29,-0.007450806,0.005163136,0.0050636926,0.006074044,9.607247,-0.008361830475701345,-0.012794228567575516,0,0
2015-06-01,0.0015420204,0.0051742643,0.005829825,0.006669573,10.159024,-0.008388074867763487,-0.012790732358405608,0,0
2015-06-02,-0.0011859584,0.005550998,0.007283337,0.005904584,10.141793,-0.008998803379706995,-0.013722014573105196,0,0
2015-06-03,0.0043810382,0.006143495,0.0038621319,0.005305776,10.045717,-0.009959308746197047,-0.015186661380062255,0,0
2015-06-04,-0.0080664735,0.0052558947,0.006792985,0.0053398493,10.234364,-0.008520407059020695,-0.012992521883112555,0,0
2015-06-05,-0.003220999,0.005712169,0.006210807,0.0064515527,10.483332,-0.009260079974401123,-0.014120427683018136,0,0
2015-06-08,-0.0067138486,0.0060497434,0.0040558274,0.005940813,10.227801,-0.009807326710387783,-0.014954908376665396,0,0
2015-06-09,0.0008417003,0.0052600843,0.005447822,0.0063638347,10.781936,-0.008527198670527885,-0.013002878214742901,0,0
2015-06-10,0.012897241,0.005374586,0.0053561134,0.0056404998,10.6954155,-0.00871281973452679,-0.013285926397683777,0,0
2015-06-11,0.0010672993,0.005523688,0.003734724,0.008478587,10.834429,-0.008954530883966827,-0.013654504726951174,0,0
2015-06-12,-0.0077339904,0.0049460856,0.0043054377,0.007293983,10.272588,-0.00801817131263139,-0.012226677143507544,0,0
2015-06-15,-0.0043093194,0.004834144,0.0062238113,0.0075314967,10.72064,-0.00783670100610637,-0.01194995833038872,0,0
2015-06-16,0.0023963586,0.005474058,0.0086088395,0.006905888,10.905017,-0.008874074721203393,-0.01353181945521542,0,0
2015-06-17,0.000119667326,0.006522187,0.0067690397,0.0061756754,10.878515,-0.010573211515736994,-0.016122783928210548,0,0
2015-06-18,0.012131453,0.0065635056,0.009962718,0.005505294,10.05715,-0.010640194174573403,-0.016224923844143292,0,0
2015-06-19,-0.0080712605,0.007419478,0.004828154,0.008092539,10.582911,-0.012027823288236426,-0.01834087927913903,0,0
2015-06-22,0.0071250745,0.0063809385,0.005838048,0.008142195,11.103029,-0.010344232000394875,-0.015773619698936165,0,0
2015-06-23,0.0017733645,0.006037749,0.0030482223,0.007929049,11.571603,-0.009787881956129783,-0.014925257634223301,0,0
2015-06-24,-0.00806456,0.0049570836,0.003821391,0.00694607,11.248151,-0.008035999820333374,-0.01225386331839998,1,0
2015-06-25,-0.0026231087,0.004664834,0.006640219,0.0073920786,11.828031,-0.007562230269161479,-0.01153142585519963,0,0
2015-06-26,0.0008353721,0.0055449526,0.0048885914,0.006612091,11.904533,-0.008989002933227378,-0.013707070156193109,0,0
2015-06-29,-0.021827819,0.0054644584,0.011631775,0.0058991183,11.746745,-0.008858512334651751,-0.013508088822814283,1,1
2015-06-30,0.0019488435,0.0070819412,0.0076454007,0.012407627,8.657084,-0.01143562959210586,-0.017667218740718832,0,0
2015-07-01,0.007999073,0.0074224654,0.006103427,0.010543459,8.341865,-0.011970994688653475,-0.01856371247170331,0,0
2015-07-02,-0.0010870222,0.0066476865,0.00566016,0.009875912,8.539331,-0.010729732045014798,-0.016599270912098615,0,0
2015-07-06,-0.002056494,0.0062551517,0.012860188,0.008528346,8.350217,-0.010088687198211441,-0.015643156770930863,0,0
2015-07-07,0.004470496,0.008109355,0.014675573,0.00750668,8.278077,-0.013075385311399053,-0.02029247233216036,0,0
2015-07-08,-0.016776469,0.010104001,0.0076191355,0.007011086,8.182846,-0.016284943700954332,-0.025304295371246503,1,0
2015-07-09,0.0009802721,0.0087837335,0.01023604,0.010453393,8.122772,-0.01415331540777958,-0.022009289280580113,0,0
2015-07-10,0.013503034,0.008897352,0.007237144,0.009040692,8.006998,-0.01432890051946526,-0.022316786983402427,0,0
2015-07-13,0.012249462,0.0082514,0.008411699,0.010325944,8.442925,-0.013313273190489179,-0.02061974625016565,0,0
2015-07-14,0.0035744112,0.008143627,0.004465679,0.0108061675,8.743262,-0.013154046365478872,-0.020302305756118712,0,0
2015-07-15,0.0010698367,0.006662605,0.0042590755,0.00947613,8.870169,-0.010766518020110995,-0.016594193350153084,0,0
2015-07-16,0.0060408833,0.005707185,0.0036312635,0.008255119,8.825451,-0.009221195641059547,-0.014219330307994426,0,0
2015-07-17,0.0008263,0.0051059686,0.0023672483,0.007880635,8.399964,-0.008236859836752814,-0.012763985640709422,0,0
2015-07-20,0.001532748,0.0042083664,0.0030309716,0.00699358,7.760331,-0.006769338859603699,-0.010579598057435635,0,0
2015-07-21,-0.0035406624,0.0040580006,0.0057683755,0.0062951194,7.814293,-0.0065292433613536975,-0.010196419020416318,0,0
2015-07-22,-0.0030787473,0.0048908778,0.00327107,0.005980728,7.8932543,-0.007872373728935239,-0.012280189588699638,0,0
2015-07-23,-0.004516827,0.004500826,0.0067753242,0.005670321,8.170276,-0.007253731952979609,-0.011273016509150366,0,0
2015-07-24,-0.010057556,0.0052403267,0.009263371,0.0056704744,8.88421,-0.008468569589586014,-0.013050440078661492,1,0
2015-07-27,-0.006277181,0.006577586,0.0071896594,0.007173447,9.909245,-0.01066071263006132,-0.016268587428133585,0,0
2015-07-28,0.010959344,0.0066850083,0.0067391037,0.0070659057,11.30496,-0.010837163568176591,-0.016525276766129974,0,0
2015-07-29,0.006803965,0.0065065343,0.005330935,0.008254048,12.806196,-0.010547836866804019,-0.016084090861171112,0,0
2015-07-30,0.001070091,0.006040219,0.0054227165,0.007968569,15.01191,-0.00979188670281819,-0.014931364356428594,0,0
2015-07-31,-0.0024986628,0.0058156205,0.004609743,0.0070430804,16.933683,-0.00942778644341412,-0.01437615841906132,0,0
2015-08-03,-0.0035803833,0.0054483735,0.007252133,0.0063824845,16.431808,-0.008832437171545672,-0.013468327562006588,0,0
2015-08-04,-0.003833258,0.0060804565,0.0044654896,0.006011868,15.704131,-0.00985711638823588,-0.015030831213979797,0,0
2015-08-05,0.0051475544,0.005574991,0.0076548867,0.005784495,14.642312,-0.009037698796173856,-0.013781325066852493,0,0
2015-08-06,-0.006829236,0.0061729304,0.008932541,0.0058643958,15.159203,-0.010007027265273099,-0.01525942596736785,0,0
2015-08-07,-0.0028894795,0.0071465103,0.0068075955,0.0063387784,15.832945,-0.011585311017065619,-0.01766610513667061,0,0
2015-08-10,0.0125802895,0.006915494,0.005619581,0.005887962,14.521731,-0.011210807700194466,-0.017095035878354457,0,0
2015-08-11,-0.009570596,0.006304497,0.008450481,0.008296951,15.23508,-0.010220311043172791,-0.015584656221330996,0,0
2015-08-12,0.002161384,0.0070139877,0.013222525,0.0087082945,16.195976,-0.011370476824062321,-0.017338510699632412,0,0
2015-08-13,-0.0018008288,0.008889579,0.0066703483,0.0076403064,15.101116,-0.014411026520686659,-0.02197495684550745,0,0
2015-08-14,0.0043165535,0.0079187155,0.0047976226,0.0067824544,14.535263,-0.012837144192282978,-0.019574989279218514,0,0
2015-08-17,0.004655335,0.006392548,0.008228072,0.0064274915,14.742173,-0.01036305219984794,-0.01580231807584993,0,0
2015-08-18,-0.0025040256,0.0070165773,0.0043743034,0.00625525,13.968417,-0.011374674845143066,-0.01734491214035931,0,0
2015-08-19,-0.010199885,0.0061085066,0.008775806,0.0057997387,13.465207,-0.00990258819800012,-0.015100169859344299,1,0
2015-08-20,-0.023059644,0.0068468717,0.011186033,0.007432998,15.469357,-0.011099562673533646,-0.016925401560033016,1,1
2015-08-21,-0.02702191,0.00836261,0.013702417,0.013894798,11.476241,-0.01355674779860047,-0.02067229197115367,1,1
2015-08-24,-0.052188016,0.00994124,0.039645158,0.018910289,12.132147,-0.016115887275608202,-0.02457464961987166,1,1
2015-08-25,0.0008012821,0.016065279,0.0328687,0.03498162,10.533998,-0.02604365684814896,-0.03971321782773379,0,0
2015-08-26,0.034248576,0.02111298,0.027950326,0.026593465,10.664631,-0.034226558710547125,-0.05219108781424008,0,0
2015-08-27,0.02610117,0.021917976,0.013158115,0.028746612,11.618909,-0.035531550783587315,-0.05418103242003358,0,0
2015-08-28,0.00025131943,0.017814223,0.009094734,0.026772719,12.39932,-0.028878894280566333,-0.0440365892499363,0,0
2015-08-31,-0.010356243,0.0133870235,0.008702773,0.020352842,12.480563,-0.021701897011026212,-0.033092594035433416,0,0
2015-09-01,-0.02741308,0.01116801,0.0189423,0.01641324,12.909032,-0.01810462169326084,-0.027607213118548076,1,0
2015-09-02,0.016050046,0.013264118,0.010866843,0.020719772,13.7612095,-0.021502653900335865,-0.03278877398813144,0,0
2015-09-03,-0.0005137426,0.012674059,0.011367439,0.018522605,14.351203,-0.020546100952969482,-0.031330154110592166,0,0
2015-09-04,-0.012539755,0.011713722,0.012823219,0.014357185,14.13736,-0.01898928331862121,-0.028956208001894128,0,0
2015-09-08,0.022637622,0.0119063705,0.0112345675,0.01334026,14.782248,-0.019301589416850527,-0.029432434523393246,0,0
2015-09-09,-0.011769357,0.011510482,0.018892402,0.016860012,15.358253,-0.018659808715199983,-0.02845380172420954,0,0
2015-09-10,0.0034684343,0.013509382,0.013946962,0.014899664,15.851614,-0.021900253929087933,-0.03339506275326952,0,0
2015-09-11,0.005499087,0.013663413,0.00849507,0.012013339,15.889731,-0.022149956004059234,-0.03377582621337774,0,0
2015-09-14,-0.0031934625,0.011113865,0.0095195435,0.010198269,15.605989,-0.0180168481113639,-0.02747336972636556,0,0
2015-09-15,0.008154989,0.010145342,0.010758911,0.008574116,15.783826,-0.016446761219389674,-0.02507918971113188,0,0
2015-09-16,0.009095565,0.010277136,0.007561693,0.008638215,16.47344,-0.01666041466621445,-0.025404983662529364,0,0
2015-09-17,-0.0054221177,0.0091599645,0.013810165,0.008929101,17.446325,-0.014849350898692475,-0.022643344991014294,0,0
2015-09-18,-0.013621241,0.010357311,0.012595922,0.008159268,17.264791,-0.016790386209107597,-0.02560317350293532,0,0
2015-09-21,0.0063881655,0.011170076,0.010137546,0.0102231,18.809185,-0.018107972345390022,-0.02761232243090951,0,0
2015-09-22,-0.01591818,0.010520133,0.013796404,0.0092236,18.116913,-0.01705433994953315,-0.026005668914815632,0,0
2015-09-23,-0.0018132371,0.011269537,0.011454451,0.011640512,19.378216,-0.018269208764221074,-0.027858187174871395,0,0
2015-09-24,-0.005068566,0.011306095,0.013762277,0.009642427,17.945139,-0.018328473951251627,-0.027948558941627066,0,0
2015-09-25,0.00026055236,0.011768924,0.014798153,0.008614995,16.310188,-0.019078773582238744,-0.029092669112299102,0,0
2015-09-28,-0.024927106,0.012582663,0.01766436,0.0074164164,15.522331,-0.020397937985393105,-0.031104224693702987,1,0
2015-09-29,0.0013345792,0.013845089,0.010824823,0.014748548,10.913848,-0.02244447410624959,-0.03422492833504572,0,0
2015-09-30,0.01810662,0.012572263,0.009618268,0.012194024,10.885225,-0.02038107838163175,-0.031078515972359905,0,0
2015-10-01,0.004182466,0.010958864,0.01377235,0.014026008,10.87996,-0.017765574521464503,-0.027090209908671194,0,0
2015-10-02,0.013602127,0.011738778,0.02083301,0.01182629,10.981925,-0.01902990301274548,-0.029018147796687876,0,0
2015-10-05,0.016208638,0.014340151,0.011109645,0.012230261,11.006385,-0.023247027030592386,-0.03544871803894728,0,0
2015-10-06,-0.0031699766,0.012993097,0.006936852,0.013316247,11.849055,-0.021063298162908924,-0.03211881315252241,0,0
2015-10-07,0.009479942,0.009958481,0.007266429,0.011190423,11.1546755,-0.016143838635108026,-0.02461727183820567,0,0
2015-10-08,0.009640138,0.008711273,0.012079364,0.010667361,10.853895,-0.01412197074106055,-0.02153418406127101,0,0
2015-10-09,0.0004982561,0.009794805,0.005264019,0.010360869,10.850713,-0.015878500746195855,-0.024212665778397712,0,0
2015-10-12,0.001741944,0.0080012465,0.003929872,0.008876267,10.173964,-0.012970936491394969,-0.01977900528009304,0,0
2015-10-13,-0.008489439,0.00614729,0.006134297,0.007783714,9.445179,-0.009951310034281702,-0.015249057985141161,0,0
2015-10-14,-0.0050276625,0.0062712613,0.0064178295,0.008150708,9.966183,-0.010165619522301692,-0.015505627386124338,0,0
2015-10-15,0.01748733,0.00654297,0.0064756847,0.007664886,9.364269,-0.010589421161286278,-0.01623935406403361,0,0
2015-10-16,0.0032142443,0.0065830178,0.004464456,0.011195027,9.752777,-0.010665385756772202,-0.01629768100887976,0,0
2015-10-19,0.0009869233,0.005869422,0.0047217105,0.009655883,9.104478,-0.00949196315175716,-0.014593803548204071,0,0
2015-10-20,-0.0034585015,0.0055171307,0.00414854,0.008404364,8.687328,-0.008909809405103327,-0.01376028175853296,0,0
2015-10-21,-0.005956831,0.0051906705,0.008692394,0.0076952144,8.48467,-0.008376279141394953,-0.012966784475599328,0,0
2015-10-22,0.021913962,0.0063431277,0.010204744,0.007516069,8.497804,-0.010236536994921048,-0.015844054362914674,0,0
2015-10-23,0.0063122325,0.007663826,0.006359253,0.0127728265,7.3794866,-0.012301726790739567,-0.01933894891681638,0,0
2015-10-26,-0.001816751,0.00710192,0.0034176887,0.011353018,7.238607,-0.01138988530264711,-0.017947473987374677,0,0
2015-10-27,-0.00084894797,0.005433041,0.0045338618,0.009833687,7.2323313,-0.008713030719171731,-0.013730918006745325,0,0
2015-10-28,0.011580346,0.005199782,0.0075990427,0.008692033,6.7655554,-0.0083113537326604,-0.013210575348690315,0,0
2015-10-29,-0.00071985606,0.006170555,0.004464951,0.009573593,7.0486927,-0.009883729138077998,-0.01562602355855184,0,0
2015-10-30,-0.0044505997,0.005657613,0.007827197,0.008453761,6.7235813,-0.00904011964992826,-0.014380938268836827,0,0
2015-11-02,0.010433625,0.0062842285,0.010118911,0.007958126,6.256841,-0.00999879379174269,-0.016068358815361065,0,0
2015-11-03,0.0035727082,0.007576328,0.006547885,0.008831605,6.6153007,-0.012095107263340671,-0.01928339298864539,0,0
2015-11-04,-0.0039306823,0.007094697,0.0060614673,0.008053653,6.616292,-0.011326311544251644,-0.018057319177938163,0,0
2015-11-05,-0.00035810206,0.0065315794,0.0069915596,0.007559969,6.4246616,-0.010409476593486901,-0.01666415291670791,0,0
2015-11-06,-0.00011939586,0.0067114895,0.0072741737,0.006942417,6.273565,-0.010680429586905855,-0.01715701405800749,0,0
2015-11-09,-0.009959883,0.006935466,0.010750541,0.0064916555,6.2767634,-0.01103721620157702,-0.017728825361214277,0,0
2015-11-10,0.0024090593,0.008054344,0.00463968,0.007941374,6.5948577,-0.012855978081805742,-0.020505210275010722,0,0
2015-11-11,-0.004340494,0.0066429805,0.0062445295,0.007364099,6.6235247,-0.010605821399894745,-0.016906115316018357,0,0
2015-11-12,-0.013870523,0.0063341656,0.009931969,0.0071819583,6.7866015,-0.010126234500360265,-0.016088583255572685,1,0
2015-11-13,-0.010840215,0.0076057995,0.009960307,0.00945051,7.1897116,-0.012194165143129277,-0.0192308976942745,0,0
2015-11-16,0.0145090455,0.00843361,0.013202411,0.009843557,7.6513996,-0.013558134612934222,-0.02122372441354815,0,0
2015-11-17,0.00048816207,0.009693164,0.007569797,0.011109548,8.272144,-0.015628704294447654,-0.024256934254946846,0,0
2015-11-18,0.014895825,0.008737107,0.010089786,0.009540927,8.061913,-0.014074358922476077,-0.021904154514204927,0,0
2015-11-19,-0.00024044242,0.008838756,0.0047448366,0.010984901,8.696044,-0.014274465094756564,-0.022043267677385018,0,0
2015-11-20,0.0045585493,0.007174563,0.005435467,0.009486746,8.579501,-0.011581886865167758,-0.017909170478079488,0,0
2015-11-23,-0.0021567226,0.0064084087,0.004724986,0.008715325,8.512315,-0.010342462684095798,-0.01600525106407659,0,0
2015-11-24,0.00023986568,0.0059575383,0.008829916,0.007979148,8.475773,-0.009613456802927274,-0.014883560872437395,0,0
2015-11-25,0.0015577261,0.006937285,0.0032612921,0.0073963427,8.471064,-0.011194233525609318,-0.017331896467586982,0,0
2015-11-27,0.00095739594,0.0055351863,0.005665422,0.0070229284,8.441279,-0.008930723142665221,-0.013832278261743974,0,0
2015-11-30,-0.004916372,0.005538215,0.004776043,0.006736087,8.351539,-0.00893241586560796,-0.013850057799693153,0,0
2015-12-01,0.0096896505,0.0055258297,0.004295825,0.0069473777,8.24233,-0.00890841822231195,-0.013831761642783305,0,0
2015-12-02,-0.008848557,0.00517,0.008624584,0.00810333,8.514712,-0.008343883676490738,-0.01291202768785669,1,0
2015-12-03,-0.014639424,0.0063255182,0.016263321,0.008488286,9.078552,-0.010228727477846639,-0.015730744862569215,1,0
2015-12-04,0.017996741,0.0090251705,0.01173562,0.010285183,10.030978,-0.014630834364318994,-0.022310135458300292,0,0
2015-12-07,-0.0035975575,0.009757255,0.009991874,0.01245908,11.109863,-0.015817628596532064,-0.024119843600877263,0,0
2015-12-08,-0.010749545,0.009343591,0.00858365,0.010542919,10.762615,-0.015147030598584578,-0.023097268141424324,0,0
2015-12-09,-0.008169283,0.008787446,0.014714885,0.010414245,11.743638,-0.014245455353912159,-0.021722482169986793,0,0
2015-12-10,0.0035441527,0.010366373,0.007927866,0.009783573,10.982921,-0.016805076750911266,-0.02562557468453813,0,0
2015-12-11,-0.019463535,0.009368654,0.012687644,0.008638285,11.410224,-0.015187662108610564,-0.023159225953944283,1,0
2015-12-14,0.004344325,0.009964167,0.012241452,0.012123508,10.597946,-0.016153055038445732,-0.02463132566465073,0,0
2015-12-15,0.009123476,0.010799372,0.010056906,0.010368341,10.868585,-0.017507017272150784,-0.02669594344974781,0,0
2015-12-16,0.013046579,0.010240228,0.010309112,0.00991111,10.45087,-0.01660058231590158,-0.025313747044915534,0,0
2015-12-17,-0.01907848,0.010003515,0.013347052,0.010536223,9.660307,-0.016203206803017622,-0.024780274503245884,1,0
2015-12-18,-0.016307076,0.0109672975,0.009362982,0.01303283,10.118701,-0.017779245519748764,-0.02711105641789803,0,0
2015-12-21,0.011480036,0.01032678,0.006536731,0.013492274,10.819441,-0.016740892772795356,-0.025527702395756652,0,0
2015-12-22,0.010367903,0.0085807,0.008407712,0.012591047,11.308564,-0.013910296457773037,-0.021211408079013973,0,0
2015-12-23,0.00831504,0.008429534,0.0073369034,0.011793499,11.77307,-0.013665239720161693,-0.020837728159267804,0,0
2015-12-24,-0.0008527746,0.008134405,0.0036721115,0.010897153,12.231488,-0.013186802043819392,-0.020108172407233425,0,0
2015-12-28,-0.0012195123,0.00623015,0.006613302,0.0095467875,12.207049,-0.010099786313700792,-0.015400871553031223,0,0
2015-12-29,0.011646377,0.0063816807,0.006141316,0.008492509,12.263949,-0.010345434690390867,-0.01577545364606842,0,0
2015-12-30,-0.008843719,0.0065480606,0.005143038,0.009368996,13.040436,-0.010615156278839306,-0.016186744282300883,0,0
2015-12-31,-0.00929102,0.006086215,0.007381765,0.009285708,12.800601,-0.009866450950590735,-0.01504506521768697,0,0
2016-01-04,-0.013104403,0.0065750526,0.020402765,0.00929323,13.532613,-0.010658913094868912,-0.016253467783403815,1,0
2016-01-05,0.0013679042,0.01000133,0.008688874,0.0102077285,13.66711,-0.01621330094531863,-0.024723192902681965,0,0
2016-01-06,-0.0128824245,0.009532316,0.013079578,0.009041231,12.807653,-0.015452974677733348,-0.02356379340433893,0,0
2016-01-07,-0.027049365,0.009954769,0.014397391,0.00995551,12.869853,-0.01613782096516317,-0.024608095667642188,1,1
2016-01-08,-0.011184926,0.01132855,0.018279519,0.015363971,11.287187,-0.0183648770564496,-0.028004068982124153,0,0
2016-01-11,0.0014376269,0.013222766,0.013409714,0.013997618,10.963762,-0.021435617225948757,-0.032686551705450304,0,0
2016-01-12,0.005600067,0.012977895,0.014731865,0.011964309,10.575318,-0.02103865356790334,-0.03208123332356676,0,0
2016-01-13,-0.022856636,0.012990402,0.021499287,0.010704782,10.619615,-0.02105892965524629,-0.032112151741745885,1,0
2016-01-14,0.017387161,0.015198534,0.018473634,0.0140409125,10.825638,-0.024638563831751156,-0.03757063219339729,0,0
2016-01-15,-0.020847833,0.016126787,0.023767916,0.01450423,11.113338,-0.026143367866749975,-0.03986526427131181,0,0
2016-01-19,-0.001067236,0.017826442,0.019227894,0.015836423,11.142982,-0.02889870448378452,-0.044066797254910514,0,0
2016-01-20,-0.009656727,0.01803476,0.027963966,0.013495463,11.15356,-0.029236409706743224,-0.044581754165881934,0,0
2016-01-21,0.0032292816,0.020151278,0.017748373,0.012434171,11.4071,-0.03266752812660623,-0.0498137672428187,0,0
2016-01-22,0.020345094,0.019025033,0.011158832,0.010845659,10.613346,-0.030841758625406945,-0.04702970422405284,0,0
2016-01-25,-0.01538696,0.015022418,0.009841405,0.013407374,11.041916,-0.024353059574583388,-0.037135275022867884,0,0
2016-01-26,0.013674292,0.012452561,0.016443565,0.013574869,11.701059,-0.020187027515752166,-0.03078261342874749,0,0
2016-01-27,-0.011137744,0.013399611,0.016708452,0.013282072,11.647638,-0.021722304761273986,-0.03312371322256176,0,0
2016-01-28,0.003061974,0.014499119,0.01379038,0.012645138,11.582938,-0.02350473184699666,-0.03584168464762254,0,0
2016-01-29,0.02584937,0.01391086,0.012656942,0.0111729195,10.85626,-0.022551095739367928,-0.03438751257449665,0,0
2016-02-01,0.0006474588,0.012995959,0.010083584,0.015206152,10.16716,-0.021067938436311,-0.0321258889710018,0,0
2016-02-02,-0.01763023,0.011680468,0.010991677,0.013446109,9.366127,-0.01890426783043018,-0.028990029429510202,0,0
2016-02-03,0.005780363,0.011141038,0.017132472,0.014256568,9.30826,-0.0180282163677554,-0.027662032167704024,0,0
2016-02-04,-0.00039305602,0.012860743,0.011870399,0.012888644,9.154625,-0.020801468840276623,-0.0319658027324711,0,0
2016-02-05,-0.017182553,0.012464442,0.015340889,0.011602625,8.426428,-0.020109529338573528,-0.031152071004250007,0,0
2016-02-08,-0.012475847,0.0129026845,0.022539826,0.012786459,8.953607,-0.02085603042994462,-0.03211626140874264,0,0
2016-02-09,-0.0020268909,0.015595433,0.014557476,0.012615092,9.213252,-0.02522914603487457,-0.03874711166450156,0,0
2016-02-10,-0.00081190804,0.015054443,0.014897056,0.011363538,8.617477,-0.024305783807960956,-0.03756772292035278,0,0
2016-02-11,-0.012121361,0.014285062,0.01626317,0.01013368,8.599846,-0.023062098944832986,-0.03565270420603753,0,0
2016-02-12,0.018329207,0.014584047,0.010313983,0.01067416,8.571395,-0.023542293183316215,-0.03640708515402693,0,0
2016-02-16,0.01628005,0.012651435,0.006965595,0.0124844005,8.941476,-0.020449092347262342,-0.0314936659045317,0,0
2016-02-17,0.017841218,0.0099375155,0.013091252,0.0131568415,9.649861,-0.016095865809251347,-0.024618418689903533,0,0
2016-02-18,-0.0032558471,0.010722623,0.0074827797,0.013998932,10.484825,-0.01738259920306369,-0.026506221940661313,0,0
2016-02-19,-0.0010441139,0.009634217,0.0089219315,0.012584079,10.3576765,-0.015618169423638927,-0.023815694086581702,0,0
2016-02-22,0.011296621,0.009097201,0.010164581,0.011450378,10.002966,-0.014747604169024561,-0.022488194350606106,0,0
2016-02-23,-0.010513433,0.009481471,0.006745464,0.0114392545,10.5174675,-0.015370550323341385,-0.0234381068942085,0,0
2016-02-24,0.0074098487,0.008393691,0.016586186,0.0113065,10.922331,-0.013607134179485173,-0.02074912470364176,0,0
2016-02-25,0.010436222,0.010491044,0.009945843,0.010811977,11.222712,-0.017007184373774523,-0.025933762743465975,0,0
2016-02-26,-0.003981255,0.010478405,0.009744292,0.010764618,11.850768,-0.016986693912214745,-0.025902517432254156,0,0
2016-02-29,-0.006843593,0.009786584,0.009931831,0.01006337,11.944311,-0.015865174097047286,-0.024192344357191902,0,0
2016-03-01,0.02482533,0.009714412,0.0136215435,0.009680387,12.188667,-0.015748173038265298,-0.02401393283224452,0,0
2016-03-02,0.0027767278,0.010823271,0.006218499,0.012927964,11.283375,-0.017545761613874288,-0.026755023573995687,0,0
2016-03-03,0.0035229025,0.008916201,0.005704265,0.01198003,11.191021,-0.014454183257707738,-0.02204076530351492,0,0
2016-03-04,0.002258187,0.007388182,0.008232322,0.01115878,11.296999,-0.01197708918224411,-0.018263516310708144,0,0
2016-03-07,0.0020030052,0.007755851,0.0069508986,0.010444372,10.470155,-0.01257312208842607,-0.01917238962192226,0,0
2016-03-08,-0.009045288,0.007589269,0.006541014,0.009701381,10.56592,-0.012303073874694509,-0.01876060092425809,0,0
2016-03-09,0.0040302323,0.007171889,0.0052251196,0.00973639,10.254626,-0.01162645314284429,-0.017728841572359003,0,0
2016-03-10,-0.0001256992,0.006479443,0.015284402,0.009164013,10.415039,-0.010503918848115301,-0.016017121546803438,0,0
2016-03-11,0.015591211,0.008811804,0.007402469,0.008602494,9.832206,-0.014279161558241974,-0.02180480007080797,0,0
2016-03-14,-0.00061900343,0.008459412,0.004376763,0.009963753,9.99579,-0.013713538482086651,-0.020912108839424022,0,0
2016-03-15,-0.006086597,0.006467223,0.0052278545,0.009380457,9.258147,-0.010463598506853463,-0.016062942735174068,0,0
2016-03-16,0.0053432873,0.006042311,0.008458839,0.009068123,9.380507,-0.009779586700027624,-0.014995105876683098,0,0
2016-03-17,0.0064237406,0.0069946693,0.010052652,0.00879694,8.9228735,-0.011305110217170672,-0.017414457422778747,0,0
2016-03-18,0.0035646278,0.00807429,0.005129167,0.008608463,9.078052,-0.013056572217450947,-0.020079786322659395,0,0
2016-03-21,0.0025733733,0.006829316,0.0042799427,0.008241214,8.819054,-0.01103400022834564,-0.017015913856465153,0,0
2016-03-22,-0.00012239153,0.0057246904,0.0065011648,0.007820633,8.937324,-0.009252952153906585,-0.014251108648961494,0,0
2016-03-23,-0.006754708,0.0061196024,0.005418322,0.0073840986,8.883589,-0.009889492726093844,-0.015240247335664944,0,0
2016-03-24,-0.00012323618,0.006038362,0.006295232,0.0075422134,8.489929,-0.009744411627883198,-0.015083758086266566,0,0
2016-03-28,-0.00024651794,0.0061523807,0.006141659,0.0071634236,8.433142,-0.009926216327282241,-0.015375650122604253,0,0
2016-03-29,0.009569451,0.006230385,0.008512084,0.006821342,8.386025,-0.010050190792412482,-0.015576607181160352,0,0
2016-03-30,0.0037779582,0.0069609443,0.005753282,0.0076249186,8.3170185,-0.011225512221067529,-0.017413047463483697,0,0
2016-03-31,-0.0018262621,0.0065526487,0.004130522,0.007412157,8.078344,-0.010556259209339633,-0.01642528187443438,0,0
2016-04-01,0.0065589934,0.005543147,0.010302141,0.0071084974,7.947945,-0.008924599937558992,-0.01391099466376289,0,0
2016-04-04,-0.0036385728,0.006968643,0.0055785016,0.00729767,8.221511,-0.011233445742178074,-0.017446373401815776,0,0
2016-04-05,-0.009154779,0.006618436,0.0053041447,0.007115433,8.29429,-0.010672170333564874,-0.016559405733327936,0,0
2016-04-06,0.010490459,0.005975804,0.0068523567,0.0077347304,8.563512,-0.009646154426554043,-0.014918711081057367,0,0
2016-04-07,-0.012331516,0.006361401,0.0099325655,0.008440871,9.15972,-0.01028933940253249,-0.01581090811655139,1,0
2016-04-08,0.0028215684,0.0075337994,0.0080881985,0.009349457,9.833875,-0.012208258616359734,-0.018642187813116547,0,0
2016-04-11,-0.0030672988,0.0077175726,0.008060457,0.0087637575,9.584723,-0.012498058223777968,-0.019126882208857676,0,0
2016-04-12,0.010390656,0.0076421928,0.007240919,0.008321451,9.410547,-0.012370075947138306,-0.018961697593863194,0,0
2016-04-13,0.00980222,0.0074179154,0.004797646,0.008833775,9.963164,-0.01202424285297995,-0.01834105016134182,0,0
2016-04-14,0.00024081879,0.006341419,0.004514383,0.009130847,10.582195,-0.010280166181296114,-0.015675927587416805,0,0
2016-04-15,-0.0007226304,0.0056828037,0.0034826084,0.008551318,10.301716,-0.009212475394377324,-0.014047836838072439,0,0
2016-04-18,0.005646678,0.005000708,0.0078108474,0.008074189,10.195048,-0.008106720524076624,-0.01236170327071781,0,0
2016-04-19,0.0033488849,0.006009864,0.003900678,0.0079802545,9.739749,-0.009736476471121512,-0.014879925510952812,0,0
2016-04-20,0.0020277933,0.005405747,0.006485512,0.0077020414,9.407366,-0.008749962141333167,-0.013412944727242063,0,0
2016-04-21,-0.0072953743,0.0057298006,0.007279551,0.0073834783,9.355997,-0.009273133801822472,-0.014221897294599228,0,0
2016-04-22,0.0015592207,0.0064157136,0.0043737986,0.0076139593,9.65282,-0.010391657696619419,-0.015893484204211276,0,0
2016-04-25,-0.0013191823,0.0056350855,0.0065173814,0.0072801965,9.521348,-0.009124060084183837,-0.013971478750344105,0,0
2016-04-26,0.0025169307,0.005911357,0.003777676,0.0069705653,9.444685,-0.009569364638776078,-0.014663845672396415,0,0
2016-04-27,0.0010767484,0.0052340063,0.005460986,0.0067414637,9.413235,-0.008472116280086112,-0.012986307742422118,0,0
2016-04-28,-0.008767245,0.005352979,0.007847965,0.006459682,9.301882,-0.008661928750263228,-0.01329146530800692,1,0
2016-04-29,-0.00653518,0.006306674,0.009383297,0.0072034397,9.713466,-0.01021664730178718,-0.015617374939822279,0,0
2016-05-02,0.0073792147,0.0072925896,0.006340329,0.007359144,9.654134,-0.011811991702542395,-0.018065596102450936,0,0
2016-05-03,-0.008351032,0.006830645,0.007929272,0.0076063136,9.568371,-0.01106125769930403,-0.01693054646086965,0,0
2016-05-04,-0.004873304,0.007021034,0.006605608,0.0079806205,10.08382,-0.011381900269041793,-0.01735592997993771,0,0
2016-05-05,-0.0014666343,0.0068849926,0.007031064,0.0077755777,9.547772,-0.011148648202881301,-0.017067530237588384,0,0
2016-05-06,0.004271685,0.0068514696,0.0078203,0.0073923725,9.349924,-0.011088255472738007,-0.017006682078078712,0,0
2016-05-09,0.0007304602,0.007175774,0.0039408654,0.007250281,9.37128,-0.011613811715835132,-0.017809106860214544,0,0
2016-05-10,0.01125443,0.0058517996,0.008266842,0.006907975,8.646529,-0.009448884960008097,-0.014599601742509452,0,0
2016-05-11,-0.009430611,0.0065664863,0.004393679,0.008072547,9.115422,-0.010619608478640016,-0.016325727079809248,0,0
2016-05-12,0.00036436509,0.005935034,0.00832118,0.008530973,9.747631,-0.009615437565461389,-0.014693928034554061,0,0
2016-05-13,-0.0074349786,0.006613571,0.0071776207,0.008007179,9.614375,-0.010711049618179223,-0.016387652352935392,0,0
2016-05-16,0.00937602,0.0069719693,0.009533724,0.008149609,9.3651,-0.011283760115796387,-0.017304016293823672,0,0
2016-05-17,-0.00937602,0.0076731103,0.009790374,0.008555275,9.960481,-0.012437827438427697,-0.01897233321879303,0,0
2016-05-18,-0.0009791922,0.008335105,0.009314318,0.008860862,10.473931,-0.013512159649485916,-0.020604300794313708,0,0
2016-05-19,-0.0013479568,0.008498771,0.0077780625,0.008304144,10.315095,-0.013777480658538495,-0.021008881114512795,0,0
2016-05-20,0.0055029183,0.008071634,0.005298108,0.007864422,10.199996,-0.01308504265425678,-0.019953002462118577,0,0
2016-05-23,-0.0023197618,0.006870677,0.003564767,0.0077782804,10.390597,-0.011138154252527835,-0.016984248740820586,0,0
2016-05-24,0.014441122,0.0055252137,0.008419608,0.007453764,10.330097,-0.008957003783397182,-0.013658275579651175,0,0
2016-05-25,0.005886256,0.006524267,0.0053119445,0.009111459,10.37277,-0.010576584111683648,-0.016127926702063523,0,0
2016-05-26,0.0011970315,0.0063287467,0.0031197038,0.008833099,10.155052,-0.010259622548178617,-0.01564460119643703,0,0
2016-05-27,0.003582521,0.004991972,0.0030283662,0.008318663,10.0357895,-0.00809255832187821,-0.012340107738872747,0,0
2016-05-31,-0.0010734093,0.004410469,0.005805316,0.008008513,9.729545,-0.007145138100695295,-0.010920652552981256,0,0
2016-06-01,0.0014309566,0.0051234015,0.005278423,0.007627921,9.6617365,-0.008298667478922573,-0.01269135353668085,0,0
2016-06-02,0.0027369566,0.0054096566,0.0057090404,0.0072984914,9.638435,-0.008761797239304604,-0.013402431945245293,0,0
2016-06-03,-0.0028561247,0.0055546253,0.0076632104,0.0070590093,9.590209,-0.008995450847944689,-0.013765845249263726,0,0
2016-06-06,0.0049928776,0.0062756795,0.0052493266,0.0068548433,9.315607,-0.010155403202173204,-0.015581078486035481,0,0
2016-06-07,0.0009482044,0.0059253406,0.0038044283,0.006854479,9.569902,-0.009595285667680302,-0.014686499420146817,0,0
2016-06-08,0.0036658233,0.005077707,0.0038036234,0.006557287,9.320462,-0.008216940842430642,-0.012606370424476715,0,0
2016-06-09,-0.0017721076,0.00474194,0.003969678,0.0064315596,9.548226,-0.0076784809247107426,-0.011754981982619197,0,0
2016-06-10,-0.008550106,0.0046743066,0.0068512475,0.0061907326,8.883569,-0.007553843698190471,-0.01164088738569751,1,0
2016-06-13,-0.008383282,0.005509252,0.0069505484,0.0069133155,9.549802,-0.008921004664470454,-0.013656963207230585,0,0
2016-06-14,-0.0061523807,0.0060982327,0.006155947,0.007403174,9.863334,-0.009882690168758321,-0.015087195453524126,0,0
2016-06-15,-0.0012108005,0.0060537946,0.0067411014,0.007406191,10.240366,-0.009813893819762389,-0.014964922371497722,0,0
2016-06-16,0.0033865538,0.0062313387,0.010297843,0.006997356,10.325634,-0.010101713149673319,-0.01540380972938416,0,0
2016-06-17,-0.005569696,0.0074231275,0.006755247,0.006757062,10.661079,-0.012033739679023726,-0.018349901012049273,0,0
2016-06-20,0.0073792147,0.007116056,0.0074959877,0.006816216,10.284422,-0.011535941647721386,-0.017590823215617165,0,0
2016-06-21,0.0030086068,0.0070164064,0.00405477,0.0071155573,10.603018,-0.011374398015445744,-0.017344490010773782,0,0
2016-06-22,-0.0018040776,0.0058282805,0.005379101,0.006829183,10.604748,-0.009448309820700107,-0.014407453922510445,0,0
2016-06-23,0.013867526,0.005673379,0.007639176,0.006488184,11.090189,-0.009197197433459823,-0.014024539918080824,0,0
2016-06-24,-0.042317037,0.006491854,0.029287431,0.008323364,11.305317,-0.010524037952764038,-0.016047800586620038,1,1
2016-06-27,-0.016735747,0.011227406,0.011394879,0.019976199,6.9510584,-0.01797114852002913,-0.028462971278717206,0,0
2016-06-28,0.02167769,0.011495816,0.008782062,0.019366242,7.412799,-0.01845635927964945,-0.028998706449316524,0,0
2016-06-29,0.018680722,0.009593638,0.013621709,0.019981338,7.2897224,-0.015390983187232605,-0.024231270207630096,0,0
2016-06-30,0.011306351,0.010706643,0.010559105,0.01933659,7.5891185,-0.017206552122861846,-0.02696032298317172,0,0
2016-07-01,0.002866358,0.010687795,0.005828894,0.017494263,7.523378,-0.017170007926123047,-0.026930368306977134,0,0
2016-07-05,-0.006460898,0.008424326,0.0096791545,0.015107535,7.6383276,-0.013542263064268435,-0.02120304568783702,0,0
2016-07-06,0.0053869765,0.008684902,0.009309402,0.013179408,7.8512535,-0.013976391903913327,-0.021814803311832682,0,0
2016-07-07,-0.00095556624,0.009070164,0.006845067,0.011242706,8.035084,-0.014609090948193083,-0.02274454464319389,0,0
2016-07-08,0.013531364,0.008119145,0.009591099,0.009707236,7.636089,-0.013051523419834796,-0.020435386675497515,0,0
2016-07-11,0.0045874338,0.008484309,0.0047344468,0.011058673,7.909429,-0.013657435182911714,-0.021299548964731036,0,0
2016-07-12,0.0072497977,0.007033319,0.0052961037,0.01000933,7.560502,-0.011301407988423643,-0.017715544708068683,0,0
2016-07-13,0.00011650259,0.006300458,0.0042007565,0.009650029,7.286279,-0.010107549676926527,-0.01591405009688779,0,0
2016-07-14,0.005228618,0.005680696,0.007523369,0.008613641,7.234548,-0.009110326546011223,-0.014356477366776164,0,0
2016-07-15,-0.0020881677,0.0063759694,0.006974608,0.008294163,7.345138,-0.010232386778694378,-0.01609487888792895,0,0
2016-07-18,0.003362127,0.006774306,0.0030538791,0.007728299,7.22213,-0.010863324480741524,-0.01712255668817992,0,0
2016-07-19,-0.00057887123,0.0052078194,0.003094893,0.007436883,7.2860966,-0.008354667429766574,-0.01315422696504024,0,0
2016-07-20,0.004045079,0.0044888495,0.004063982,0.007009449,7.2719693,-0.00720062183333769,-0.011339896843273781,0,0
2016-07-21,-0.004392563,0.0046353657,0.0046196976,0.006994586,7.330221,-0.007438327435745765,-0.01170288156042712,0,0
2016-07-22,0.004392563,0.004875033,0.003578401,0.0070298244,7.407574,-0.007826551548286632,-0.012298145182758147,0,0
2016-07-25,-0.0024250834,0.004570986,0.0052402187,0.0070511173,7.440339,-0.00733983249240757,-0.011527281326440922,0,0
2016-07-26,0.0004623743,0.0049344157,0.0046608546,0.0067872787,7.1796427,-0.007910691983446195,-0.01247778521041051,0,0
2016-07-27,-0.0012720441,0.005018071,0.005419761,0.0064537064,7.012624,-0.008035707124304958,-0.01271264338173234,0,0
2016-07-28,0.001965205,0.005215565,0.0048744744,0.0062021855,6.6551285,-0.00832910217271964,-0.013268274668374292,0,0
2016-07-29,0.0016155093,0.005193763,0.004587674,0.0060490416,6.4854593,-0.008282029551360703,-0.013240683043687928,0,0
2016-08-01,-0.0017310027,0.005040037,0.0051994426,0.0058450475,6.47124,-0.008035852806693247,-0.012851099972101397,0,0
2016-08-02,-0.005443293,0.0051863384,0.008890756,0.005638852,6.4432745,-0.00826698245289402,-0.013228855059641713,0,0
2016-08-03,0.0019722728,0.0063407444,0.0040463707,0.006239889,6.623398,-0.010123277163388083,-0.01613696243440616,0,0
2016-08-04,0.0010425717,0.0054666735,0.0032787197,0.0059256423,6.585429,-0.008724946411763159,-0.013918992722311016,0,0
2016-08-05,0.008072,0.0045603253,0.0038646294,0.0055711386,6.4936285,-0.007272482433239725,-0.011624631663569555,0,0
2016-08-08,-0.00057441555,0.0045256717,0.0031620222,0.006980091,6.691111,-0.0072295158978878645,-0.011508180309381355,0,0
2016-08-09,0.0009189066,0.0042617517,0.003135403,0.006393218,6.6504426,-0.006805623883321011,-0.010842414685166536,0,0
2016-08-10,-0.0021837833,0.004060984,0.0042118784,0.0059814495,6.2956843,-0.0064639520391511955,-0.010378309581088674,0,0
2016-08-11,0.004133661,0.004351576,0.004189061,0.005731136,6.0748467,-0.006910192894837802,-0.011154328952119394,0,0
2016-08-12,-0.0006877579,0.0045063407,0.0027240529,0.005799987,6.303734,-0.007173413858909682,-0.01151524368770317,0,0
2016-08-15,0.0026338405,0.003983509,0.002960299,0.0053551015,6.42033,-0.0063483196460952475,-0.010163773674056601,0,0
2016-08-16,-0.004240451,0.0038172724,0.0024032448,0.0051783216,6.581912,-0.006092276039193759,-0.009719786836978677,0,0
2016-08-17,0.0013772526,0.003571514,0.0053288485,0.0053578233,6.87046,-0.005713344673378288,-0.009062641528449811,0,0
2016-08-18,0.0017189026,0.004337774,0.0025582993,0.005011224,7.0672317,-0.006948947912200638,-0.010982518095954713,0,0
2016-08-19,-0.0008017869,0.0038817883,0.003781398,0.0047720703,6.9555073,-0.006213585377123275,-0.009840354470780235,0,0
2016-08-22,-0.00011459348,0.003969379,0.0035689045,0.004504366,6.27116,-0.006316575663177974,-0.010147503318810697,0,0
2016-08-23,0.001717525,0.004081831,0.003750881,0.0042351233,5.406555,-0.006476233499202025,-0.010473888910029283,0,0
2016-08-24,-0.004701574,0.004122994,0.00535277,0.003870722,5.8561444,-0.006541542498628842,-0.010579511909092851,0,0
2016-08-25,-0.0006898931,0.004652896,0.0031445245,0.0044918507,6.398097,-0.007413529075806019,-0.011875092852886291,0,0
2016-08-26,-0.0023030872,0.0042105746,0.009391041,0.004072237,6.6111836,-0.006721668366810734,-0.010717365405997431,0,0
2016-08-29,0.0049450966,0.0055762855,0.004747234,0.0039830604,6.438259,-0.008888141055820876,-0.014224412133497465,0,0
2016-08-30,-0.0018371805,0.005375499,0.004003057,0.0045559756,6.8477573,-0.008597700660177288,-0.013643812995970967,0,0
2016-08-31,-0.0026468742,0.004727949,0.005162619,0.0042975387,6.6667128,-0.007551121973975882,-0.012026096456443345,0,0
2016-09-01,-0.0010376435,0.0049813804,0.007328207,0.004171317,7.02143,-0.007977445958181286,-0.012618448608955973,0,0
2016-09-02,0.0049479418,0.005802419,0.005378096,0.003909175,6.7228465,-0.009271445739280114,-0.014749147067131024,0,0
2016-09-06,0.002979945,0.0056546354,0.0040299944,0.0044442257,7.0201783,-0.009055552206888126,-0.01432408608014488,0,0
2016-09-07,0.0,0.004995184,0.0029898186,0.004370306,6.7988625,-0.007986410037821677,-0.012685776575314613,0,0
2016-09-08,-0.0032095397,0.004325932,0.0038924885,0.0040733097,6.923004,-0.006922887892175445,-0.010970324093791946,0,0
2016-09-09,-0.025465012,0.004378643,0.0110597545,0.004153538,6.8071456,-0.007001121356515557,-0.011118924774935578,1,1
2016-09-12,0.016701119,0.0062873457,0.015069637,0.013095869,5.048937,-0.009975502999037865,-0.016133190726748882,0,0
2016-09-13,-0.01693669,0.008810777,0.009776804,0.014299648,5.164383,-0.013979179792768245,-0.022608260838776366,1,0
2016-09-14,-0.0042498,0.008779383,0.006653758,0.015176677,5.3109155,-0.013929370658332755,-0.02252770547571753,0,0
2016-09-15,0.0116437655,0.0075465925,0.010207914,0.013443689,5.199645,-0.011973424240379107,-0.019364390641849902,0,0
2016-09-16,-0.0025758122,0.008228643,0.004499358,0.013163347,5.1850104,-0.013055565373568652,-0.021114516855705076,0,0
2016-09-19,0.00023443911,0.0067229783,0.006282369,0.011684115,5.1381392,-0.010666677807084614,-0.017251014560275644,0,0
2016-09-20,-0.00093808636,0.006434642,0.004732169,0.010382192,4.907504,-0.010209203085507147,-0.016511149418980266,0,0
2016-09-21,0.011779249,0.0059806216,0.006962964,0.009179587,4.887841,-0.009488854562688488,-0.015346143493014816,0,0
2016-09-22,0.005549789,0.006352293,0.005555239,0.010131474,4.7089696,-0.010078548892100275,-0.016299844884092564,0,0
2016-09-23,-0.0047385236,0.006227878,0.003287558,0.0093803955,4.858831,-0.009881151942526532,-0.0159805985627132,0,0
2016-09-26,-0.008492867,0.005069278,0.0057695503,0.008617116,4.97541,-0.008042917450606453,-0.013007656981572347,1,0
2016-09-27,0.006057095,0.0054275696,0.0058189295,0.008676759,5.2785063,-0.008611382769681595,-0.013927025099156592,0,0
2016-09-28,0.004865626,0.0058063767,0.006175213,0.008337729,5.286473,-0.00921239785048172,-0.014899035325521719,0,0
2016-09-29,-0.0068417965,0.005980744,0.008934609,0.0077670426,5.454483,-0.009489049108412131,-0.015346458128102881,0,0
2016-09-30,0.0055697523,0.0069197416,0.009793584,0.0077836993,5.40939,-0.0109788630676543,-0.017755905827546714,0,0
2016-10-03,-0.0033613476,0.007830835,0.005432535,0.007478315,5.5109725,-0.012424403849378403,-0.020093751361460938,0,0
2016-10-04,-0.003955333,0.0067589604,0.007372989,0.006957976,5.359949,-0.010723767475903489,-0.0173433445927232,0,0
2016-10-05,0.003955333,0.0068078176,0.004949554,0.0066333413,5.211867,-0.010801284445704837,-0.017468711309417625,0,0
2016-10-06,0.0015082085,0.006187119,0.004507457,0.0063231788,5.280532,-0.009816484039123904,-0.01587601239602124,0,0
2016-10-07,-0.0046479283,0.005541292,0.007304592,0.005827364,5.1267047,-0.008791814427289874,-0.014218833777437634,0,0
2016-10-10,0.005806543,0.00621982,0.004486471,0.005888679,5.0370708,-0.009868367121459807,-0.015959921915460754,0,0
2016-10-11,-0.011412724,0.0056954455,0.01065366,0.006137681,5.254993,-0.009036394596461845,-0.014614388619896454,1,0
2016-10-12,-0.00140647,0.0070479764,0.0047858283,0.008047369,5.45559,-0.011182319890303553,-0.01808495266606456,0,0
2016-10-13,-0.0024660926,0.0063134045,0.008160081,0.007199315,5.3421545,-0.010016848037199155,-0.01620005726834835,0,0
2016-10-14,0.0003526715,0.006696644,0.0069590914,0.0065860646,5.390541,-0.010624895719693002,-0.01718344118729229,0,0
2016-10-17,-0.0018823534,0.0069149556,0.004308763,0.0060643777,4.9998794,-0.010971269450385424,-0.017743624815179063,0,0
2016-10-18,0.0042303237,0.0058117453,0.0058483086,0.005602999,5.0862384,-0.009220915333721942,-0.014912810488702927,0,0
2016-10-19,0.0028103064,0.0058411695,0.0049510743,0.0055685434,5.3050942,-0.009267599973349347,-0.014988312665905532,0,0
2016-10-20,-0.00046783627,0.005688866,0.005875271,0.0052965577,5.432918,-0.009025956087308632,-0.014597506618147977,0,0
2016-10-21,-0.0010534326,0.005812089,0.005047466,0.004873479,5.430643,-0.009221460966611972,-0.014913692930368525,0,0
2016-10-24,0.004440297,0.0056442074,0.0042072046,0.0045793373,5.2687864,-0.008955099820166507,-0.014482912128817502,0,0
2016-10-25,-0.0029190283,0.0051730974,0.0043661627,0.004937231,5.3232465,-0.008207637052655058,-0.013274054852089816,0,0
2016-10-26,-0.0018726598,0.005010785,0.005043888,0.0048196604,5.4268694,-0.00795011190151829,-0.01285756433721302,0,0
2016-10-27,-0.0049324823,0.0051814714,0.0063767945,0.004561056,5.475114,-0.0082209231682841,-0.013295542233476164,0,0
2016-10-28,0.00011772323,0.0056897015,0.007504821,0.0050807614,5.3856,-0.009027280807957063,-0.01459964906358485,0,0
2016-10-31,-0.0017673053,0.0063281762,0.005246797,0.00464167,5.398001,-0.010040284915283186,-0.016237961284236643,0,0
2016-11-01,-0.007694622,0.0059037735,0.011519861,0.0043963557,5.3806133,-0.009366927780930607,-0.01514895363451963,0,0
2016-11-02,-0.0054814247,0.0073749013,0.0057755755,0.0059564374,5.3029976,-0.01170101950840709,-0.01892383566470265,0,0
2016-11-03,-0.00419087,0.0068302792,0.0062729046,0.0061070807,5.444643,-0.010836921602820836,-0.017526346603875156,0,0
2016-11-04,-0.0016812781,0.0063797766,0.005115393,0.0059049837,5.540342,-0.010122154280111142,-0.01637036704638965,0,0
2016-11-07,0.023284493,0.0059780898,0.0064741243,0.0053750896,5.617098,-0.009484837872143142,-0.015339647376010526,0,0
2016-11-08,0.0030484253,0.006162052,0.007819978,0.013544282,5.0091476,-0.009776712559164543,-0.01581169074008756,0,0
2016-11-09,0.011523144,0.00689261,0.04617458,0.011628024,4.8655887,-0.010935815980627097,-0.017686286594781424,0,0
2016-11-10,0.003235127,0.013464172,0.010466749,0.0117512625,5.021578,-0.02136225696492804,-0.03454877072386668,0,0
2016-11-11,-0.0026566577,0.012392585,0.0071332115,0.01019984,5.0526524,-0.019662077547687725,-0.03179910298173115,0,0
2016-11-14,-0.00046274872,0.0090253465,0.0071811127,0.008974754,4.9287815,-0.014319615807002329,-0.023158841511091578,0,0
2016-11-15,0.008641104,0.008148641,0.004546129,0.007884745,4.7880416,-0.012928635599689748,-0.02090923575348006,0,0
2016-11-16,-0.0029871345,0.006683638,0.0049673817,0.008406671,4.6532164,-0.010604260300029424,-0.01715006791667214,0,0
2016-11-17,0.0052788737,0.006078802,0.0029457477,0.007523591,4.7435346,-0.009644627776041026,-0.015598072539738318,0,0
2016-11-18,-0.0016036659,0.004978778,0.0034424472,0.0072745574,4.571757,-0.007899329133600757,-0.012775434335294843,0,0
2016-11-21,0.005601615,0.0045977714,0.0043732757,0.0065336353,4.574385,-0.0072948248978687,-0.011797781165210738,0,0
2016-11-22,0.0033005208,0.004809026,0.0030304347,0.006630385,4.615053,-0.007630001843517618,-0.012339856446215082,0,0
2016-11-23,0.00022722108,0.004367612,0.0036973376,0.0062075453,4.6851873,-0.006929653525953248,-0.011207196470721773,0,0
2016-11-25,0.004759755,0.0043272544,0.003542722,0.0056015365,4.748213,-0.006865622194255655,-0.011103639819306338,0,0
2016-11-28,-0.004759755,0.004302585,0.002974932,0.0056862007,4.8875055,-0.006826481856818343,-0.011040338898135108,0,0
2016-11-29,0.0013622433,0.004025217,0.004136845,0.005726933,5.019806,-0.006386409928868579,-0.010328618963031444,0,0
2016-11-30,-0.0022714376,0.004283659,0.0051352135,0.005261899,5.017959,-0.006796453950590067,-0.010991775338146962,0,0
2016-12-01,-0.003074648,0.0047697364,0.005049617,0.004995703,4.9500732,-0.007567664416911462,-0.012239039315194338,0,0
2016-12-02,0.0,0.0049684616,0.004174387,0.004904171,4.9273224,-0.007882961956627516,-0.012748964012164946,0,0
2016-12-05,0.005572946,0.004745698,0.0076838727,0.004579044,4.7699294,-0.007529525311303036,-0.012177357667162384,0,0
2016-12-06,0.0026052005,0.005655614,0.0034931141,0.005233085,4.760987,-0.008973198001648254,-0.014512181972521673,0,0
2016-12-07,0.012031404,0.004886693,0.008339045,0.0049944017,4.8251734,-0.007753227104872834,-0.012539146310995728,0,0
2016-12-08,0.0049057966,0.0057815947,0.005117059,0.0077529713,4.6988354,-0.009173078802437807,-0.014835445379095173,0,0
2016-12-09,0.0054350975,0.0057121944,0.00355695,0.0073042936,4.682227,-0.009062968637447592,-0.01465736630950718,0,0
2016-12-12,-0.0017714796,0.0047933026,0.005474836,0.007045637,4.8290534,-0.007605054747699821,-0.012299509983991994,0,0
2016-12-13,0.0051948167,0.0051347837,0.0062618596,0.0064085387,4.773748,-0.008146848300495479,-0.013175742362711974,0,0
2016-12-14,-0.0069694403,0.0056706555,0.008124175,0.006336315,4.8698344,-0.0089970628803243,-0.01455077818560371,0,0
2016-12-15,0.0028821658,0.006440916,0.006145774,0.006717674,4.898936,-0.010219158397374662,-0.01652724995497513,0,0
2016-12-16,-0.0014400446,0.006303577,0.0043900195,0.00621805,4.7932725,-0.01000125632852899,-0.016174841095313672,0,0
2016-12-19,0.0021039818,0.005485963,0.002846584,0.00571316,4.751145,-0.008704029967599352,-0.014076861645188423,0,0
2016-12-20,0.002871978,0.0044986014,0.0024191593,0.00537316,4.6919274,-0.007137481745769557,-0.011543313086497498,0,0
2016-12-21,-0.0026507636,0.0038977193,0.0025158017,0.0052099437,4.604264,-0.006184121737856929,-0.010001462130170512,0,0
2016-12-22,-0.0007744648,0.0036968663,0.0029741148,0.00506179,4.4992027,-0.005865448603619719,-0.009486078148567214,0,0
2016-12-23,0.0005532504,0.0037657486,0.0019991102,0.0047631515,4.380285,-0.005974737152251479,-0.009662828433690263,0,0
2016-12-27,0.00044238,0.0033796283,0.0036179111,0.0044435724,4.4586606,-0.0053621185501158625,-0.0086720520535958,0,0
2016-12-28,-0.0069903196,0.0037384215,0.006093841,0.004166862,4.513495,-0.005931380149362193,-0.009592707979912591,1,0
2016-12-29,-0.000111352376,0.004688028,0.003304658,0.005448556,4.5157943,-0.007438025480722856,-0.012029376736440632,0,0
2016-12-30,-0.0039051652,0.004296094,0.007302874,0.0050236243,4.430354,-0.006816183601558918,-0.01102368372633384,0,0
2017-01-03,0.0072403545,0.005149189,0.0053812326,0.005098903,4.409392,-0.008169703351136245,-0.013212705400174099,0,0
2017-01-04,0.0052028676,0.005345602,0.003981788,0.0060280296,4.327558,-0.008481333025313762,-0.013716698128170413,0,0
2017-01-05,0.0,0.0047722617,0.003753931,0.006035414,4.533098,-0.007571671153954668,-0.012245519334589472,0,0
2017-01-06,0.0031968278,0.004488755,0.0054988307,0.0055189086,4.357583,-0.007121859271729142,-0.011518047157216337,0,0
2017-01-09,-0.0028656472,0.0049647815,0.0032358617,0.005372884,4.405836,-0.007877122870326745,-0.01273952056926594,0,0
2017-01-10,-0.0005520287,0.004450448,0.004518565,0.005235795,4.2682977,-0.00706108092550362,-0.01141975149715716,0,0
2017-01-11,0.0029773414,0.004555783,0.004894821,0.004835443,4.3895326,-0.0072282056556147445,-0.011690039135414524,0,0
2017-01-12,-0.0030877837,0.0048554596,0.006612035,0.00477467,4.471334,-0.007703672237173827,-0.012459002168679898,0,0
2017-01-13,0.0039682593,0.005463825,0.0025352966,0.004776964,4.4856005,-0.00866890586827547,-0.014020056109311976,0,0
2017-01-17,-0.0042996593,0.004314345,0.0035913521,0.0049622166,4.3957415,-0.006845140149011414,-0.011070514598209106,0,0
2017-01-18,0.0016559036,0.0041519506,0.0029544057,0.0052053295,4.3338637,-0.0065874851499149135,-0.010653814082703763,0,0
2017-01-19,-0.0022084815,0.0040095015,0.0050414163,0.0048789913,4.452141,-0.006361475501144415,-0.010288292988674555,0,0
2017-01-20,0.0019878526,0.004530951,0.0038168046,0.0047518173,4.3530197,-0.007188807431985627,-0.011626321139824232,0,0
2017-01-23,-0.0017667849,0.004486134,0.004804799,0.004563819,4.477197,-0.007117700517562345,-0.011511321283426808,0,0
2017-01-24,0.0055108704,0.0046776733,0.0053468607,0.004444343,4.4556756,-0.007421597225441027,-0.012002807632527274,0,0
2017-01-25,0.008536771,0.005035751,0.00394971,0.0050942088,4.4330044,-0.007989723220579583,-0.012921626967981171,0,0
2017-01-26,0.0,0.004715815,0.0030810072,0.0063307947,4.3549027,-0.007482112708723674,-0.01210067816936281,0,0
2017-01-27,-0.0021819777,0.004204315,0.0026851075,0.005775038,4.1755505,-0.006670567032276271,-0.010788180826335876,0,0
2017-01-30,-0.0056955246,0.003840994,0.0068008765,0.0053837476,4.3148847,-0.006094121719076458,-0.009855906816464892,0,0
2017-01-31,-0.00065926823,0.0049058353,0.004971771,0.0057444694,4.315841,-0.0077835988593568505,-0.012588265970209293,0,0
2017-02-01,0.0,0.0051178513,0.0051574805,0.005254804,4.4650106,-0.008119983798220015,-0.013132294915597673,0,0
2017-02-02,0.00043956045,0.005079547,0.004743996,0.004983694,4.2954326,-0.008059209523881731,-0.013034005840924059,0,0
2017-02-03,0.006788595,0.0050288187,0.0056200284,0.0047157644,4.2692747,-0.007978724600715045,-0.012903839109862867,0,0
2017-02-06,-0.0019661393,0.0052748206,0.0028135881,0.0055264826,4.517086,-0.00836903128012512,-0.013535074657729886,0,0
2017-02-07,0.000874317,0.0043907105,0.0033418685,0.0052371444,4.4315434,-0.006966301868400273,-0.011266467135927737,0,0
2017-02-08,0.0007644008,0.004135038,0.0031745688,0.0050076935,4.2039995,-0.006560651413009699,-0.010610416391835948,0,0
2017-02-09,0.006094262,0.0040626167,0.0049034767,0.0047006523,4.320216,-0.006445748184307231,-0.010424585591729431,0,0
2017-02-10,0.0036820488,0.0045384024,0.0031628273,0.005332372,4.557697,-0.007200629930368196,-0.011645441440955017,0,0
2017-02-13,0.005820236,0.004231071,0.0035621643,0.0052619944,4.4791503,-0.006713017814038914,-0.010856835665970769,0,0
2017-02-14,0.0046105264,0.004132099,0.004694627,0.0056072185,4.501777,-0.006555988649689094,-0.010602875393655477,0,0
2017-02-15,0.005760016,0.0045370823,0.0046441546,0.0056033772,4.4495516,-0.007198535170599672,-0.01164205362593701,0,0
2017-02-16,-0.0021294728,0.0047242804,0.0040322915,0.0058959057,4.405579,-0.007495544054997576,-0.012122400429500945,0,0
2017-02-17,0.0010653032,0.004572927,0.0036112026,0.0054708915,4.4773183,-0.007255406314803387,-0.011734030242692622,0,0
2017-02-21,0.005097717,0.004344939,0.0044518816,0.005084851,4.5850754,-0.006893680211924071,-0.011149017516100444,0,0
2017-02-22,0.00042363905,0.0045400085,0.0025336808,0.005352334,4.5669365,-0.007203178026915998,-0.011649562428899167,0,0
2017-02-23,0.0007409368,0.0039423276,0.004339582,0.0050603305,4.453079,-0.006254897472118104,-0.010115926375208717,0,0
2017-02-24,0.00095182704,0.00424355,0.00478606,0.00484823,4.3788414,-0.0067328166870908295,-0.010888856005712237,0,0
2017-02-27,0.0013732638,0.004661835,0.0025304975,0.004741254,4.2305193,-0.0073964677995613055,-0.011962166291372813,0,0
2017-02-28,-0.0023250908,0.003940559,0.0032726042,0.0046021612,4.2837033,-0.006252091489378496,-0.010111388312845504,0,0
2017-03-01,0.012930535,0.0038754686,0.008256442,0.0046081147,4.2672663,-0.006148818927926446,-0.00994436756903875,0,0
2017-03-02,-0.004816259,0.005284609,0.0040084133,0.0075314143,4.196216,-0.008384560553190952,-0.01356018985485258,0,0
2017-03-03,-0.00031491104,0.0049407016,0.0027969833,0.006850724,4.2496324,-0.007838917709658664,-0.012677732091645947,0,0
2017-03-06,-0.0024176182,0.0040715393,0.003903017,0.006057708,4.2422686,-0.006459904778941595,-0.010447480782207494,0,0
2017-03-07,-0.0037958713,0.004224233,0.0030361037,0.00559415,4.321022,-0.006702168496706474,-0.010839289271989816,0,0
2017-03-08,-0.0010569708,0.0040322393,0.0040079146,0.0054103434,4.4454274,-0.006397551517218399,-0.010346638041354002,0,0
2017-03-09,0.000951324,0.0042073154,0.0045185853,0.005118412,4.271918,-0.006675327068458698,-0.010795879142060379,0,0
2017-03-10,0.0023216559,0.004516389,0.005098639,0.004854329,4.292025,-0.007165703543791366,-0.011588955662133187,0,0
2017-03-13,0.0013693582,0.0048198476,0.0018529281,0.004720702,4.464807,-0.007647170729845034,-0.01236762335859161,0,0
2017-03-14,-0.0050654393,0.0036734147,0.004580279,0.0046180184,4.3589506,-0.005828240150461369,-0.009425901626991426,0,0
2017-03-15,0.0073785516,0.0041258796,0.0058686263,0.0050732265,4.4919605,-0.0065461211096131755,-0.010586916809304995,0,0
2017-03-16,-0.0006303183,0.004959027,0.004528235,0.0059351777,4.4791675,-0.007867992794273006,-0.012724754671412078,0,0
2017-03-17,-0.0015775362,0.0048613697,0.0026247913,0.0053537767,4.384537,-0.0077130493410534,-0.012474167579924653,0,0
2017-03-20,-0.0021072603,0.004029973,0.0029944782,0.0050676516,4.2380786,-0.006393955588354419,-0.01034082241419134,0,0
2017-03-21,-0.011883429,0.0038455056,0.009973533,0.004902107,4.2210665,-0.006101279644410759,-0.009867483192577178,1,1
2017-03-22,0.00010672928,0.005613018,0.004956616,0.0072733006,4.202272,-0.00890561462698248,-0.01440288066976577,0,0
2017-03-23,-0.0010678058,0.005511394,0.0053140135,0.0062314514,4.268804,-0.008744377845818994,-0.01414211549903418,0,0
2017-03-24,0.0020278571,0.005246723,0.0062612393,0.005671842,4.1150556,-0.008324451353768378,-0.013462976393154445,0,0
2017-03-27,-0.0026690883,0.005643395,0.007197817,0.0052645677,4.2269897,-0.008953810389207482,-0.014480826756722185,0,0
2017-03-28,0.005543724,0.0061399867,0.007594751,0.0050318004,4.344832,-0.009741703377547185,-0.015755071058425926,0,0
2017-03-29,0.0023362015,0.0065454757,0.0031306972,0.005444925,4.257753,-0.010385052512675769,-0.016795547343373105,0,0
2017-03-30,0.0031769592,0.005063902,0.003530203,0.005143552,4.2724733,-0.008034387299272598,-0.012993861330524938,0,0
2017-03-31,-0.002222811,0.004525367,0.0025020374,0.005011571,4.3798013,-0.007179947910217327,-0.011611992804255632,0,0
2017-04-03,-0.0013785061,0.0040024533,0.0069798655,0.0048545613,4.329324,-0.00635029274149029,-0.01027020732478685,0,0
2017-04-04,0.00021220159,0.0050664,0.0041673477,0.00464589,4.3764005,-0.008038350602851923,-0.013000271105807388,0,0
2017-04-05,-0.004252611,0.0049742903,0.008788892,0.004504247,4.277923,-0.00789220966497927,-0.012763920154490661,0,0
2017-04-06,0.0030849448,0.0060033277,0.0066479924,0.0048112012,4.2366195,-0.009524879906387942,-0.015404406594229463,0,0
2017-04-07,-0.0006374841,0.0063142055,0.007181865,0.0048680045,4.11325,-0.010018119370881564,-0.01620211337206338,0,0
2017-04-10,0.00010627557,0.006416867,0.0047241678,0.0046329773,4.1496773,-0.010181002099353449,-0.016465540501981908,0,0
2017-04-11,-0.0006378229,0.005740608,0.00673157,0.0044557285,4.1849174,-0.00910804985836665,-0.01473027530821652,0,0
2017-04-12,-0.0043693786,0.0060264473,0.0049272184,0.0043810713,4.0380216,-0.009561562181228625,-0.015463732137648461,0,0
2017-04-13,-0.0056766607,0.005733539,0.005610577,0.004821111,3.8842645,-0.009096833166318867,-0.014712134766115778,0,0
2017-04-17,0.0074906717,0.0056933006,0.0042826417,0.0052653686,4.0186553,-0.009032991403593846,-0.01460888470098383,0,0
2017-04-18,-0.0033103772,0.0052806716,0.004627791,0.0059803864,4.1353436,-0.00837831427816628,-0.013550087873397157,0,0
2017-04-19,-0.0014986087,0.005136255,0.005333562,0.005591383,4.0565267,-0.00814918284917919,-0.013179517983768759,0,0
2017-04-20,0.007789614,0.005358306,0.0059602163,0.005159114,4.0415435,-0.008501488867146965,-0.013749295786713005,0,0
2017-04-21,-0.0019150979,0.005661577,0.0044560907,0.0059740483,4.1370764,-0.008982658353000269,-0.014527482018315739,0,0
2017-04-24,0.009539023,0.005288237,0.003243173,0.005514456,3.9493046,-0.008390317296883111,-0.013569500126621288,0,0
2017-04-25,0.0063091693,0.0045685894,0.0048571676,0.0066446695,4.046399,-0.007248524372937509,-0.011722900209379685,0,0
2017-04-26,-0.0011537051,0.004851465,0.0039183595,0.0064472333,4.186979,-0.007697335475766064,-0.012448753845323051,0,0
2017-04-27,0.0015729044,0.004741712,0.0027244613,0.005706823,4.239891,-0.00752320076555699,-0.01216712909996223,0,0
2017-04-28,-0.002307774,0.004101802,0.002730371,0.005197279,4.3258605,-0.006507919568400418,-0.010525134185361058,0,0
2017-05-01,0.0027267977,0.0038254592,0.003818237,0.004960674,4.247297,-0.006069474133186688,-0.009816044745935523,0,0
2017-05-02,-0.000523807,0.0041074213,0.0020710584,0.00484422,4.204103,-0.006516835191726233,-0.01053955325290854,0,0
2017-05-03,-0.0010484379,0.003558357,0.0031124733,0.0046396414,4.097626,-0.005645689754193049,-0.0091306663530885,0,0
2017-05-04,0.00094364356,0.0036449076,0.0042798785,0.004547593,3.9419718,-0.0057830109843059595,-0.009352753359273255,0,0
2017-05-05,0.0051220516,0.0041460646,0.0051573943,0.0044576824,3.8714697,-0.006578146502748154,-0.010638710866767116,0,0
2017-05-08,-0.0011475667,0.0046261563,0.0036446967,0.0048911097,4.031024,-0.007339859970732381,-0.011870615529550349,0,0
2017-05-09,-0.00073095603,0.004363954,0.0033064669,0.0046374723,4.0381308,-0.006923850181773798,-0.01119781083287383,0,0
2017-05-10,0.0008353347,0.0040745535,0.0026568873,0.004404735,4.1554737,-0.006464686984287879,-0.010455214951697846,0,0
2017-05-11,-0.0017759211,0.0037492812,0.0047000926,0.004321688,4.0560813,-0.005948610113998195,-0.009620573673072582,0,0
2017-05-12,-0.0009414719,0.004262877,0.0021111497,0.0043455344,3.927318,-0.006763481165024141,-0.010938449080976914,0,0
2017-05-15,0.0040733255,0.0036276365,0.0033599848,0.004206617,4.0240583,-0.005755608540483028,-0.009308435909554977,0,0
2017-05-16,-0.0006255865,0.0037168695,0.0030872242,0.0045391573,4.011741,-0.005897185797624557,-0.009537406107073295,0,0
2017-05-17,-0.01661622,0.0037937316,0.007230559,0.0043958006,3.8803897,-0.006019134748546295,-0.00973463181933433,1,1
2017-05-18,0.0025418357,0.004883481,0.008860989,0.008935687,3.463411,-0.0077481318166410604,-0.012530905798526443,0,0
2017-05-19,0.00758697,0.0061467183,0.00660574,0.007346428,3.555026,-0.009752383485343248,-0.015772343793051213,0,0
2017-05-22,0.0047127907,0.006077321,0.0037785473,0.00713986,3.6902473,-0.00964227784467219,-0.015594272040558289,0,0
2017-05-23,0.0021917245,0.005013981,0.003581857,0.0065325536,3.6726036,-0.00795518275842663,-0.012865765337368922,0,0
2017-05-24,0.001666667,0.004521994,0.0023987212,0.005685798,3.7759807,-0.007174596093089494,-0.011603337412495805,0,0
2017-05-25,0.0047762524,0.0038928525,0.0035602278,0.005289947,3.6649022,-0.00617640008235598,-0.009988974044012342,0,0
2017-05-26,0.00010357864,0.004025264,0.0022639006,0.005465019,3.555745,-0.006386484580134628,-0.01032873969510012,0,0
2017-05-30,-0.0012436523,0.0036396955,0.0025787957,0.0050147916,3.5710173,-0.005774741433755403,-0.009339379172901953,0,0
2017-05-31,0.00010369679,0.0035109692,0.004106089,0.004811117,3.5035224,-0.005570504166052003,-0.009009070135484309,0,0
2017-06-01,0.0076438757,0.0040032016,0.004218569,0.0045902296,3.530332,-0.0063514799228364255,-0.010272127330533556,0,0
2017-06-02,0.003390008,0.0042920304,0.0030023307,0.0056477473,3.6033175,-0.00680973599433187,-0.011013256134147746,0,0
2017-06-05,-0.0013340861,0.0039601717,0.0017310892,0.0053588944,3.6340055,-0.0062832088516591705,-0.010161713829326817,0,0
2017-06-06,-0.0015415449,0.0032529552,0.0026145654,0.004991344,3.6363237,-0.005161138792203687,-0.008347011324629484,0,0
2017-06-07,0.0005141124,0.0033419654,0.0031370947,0.004804828,3.558392,-0.005302362700019252,-0.008575410057022734,0,0
2017-06-08,0.00020557098,0.0036135057,0.0034051763,0.0045454763,3.6303086,-0.005733188729344923,-0.009272176776638712,0,0
2017-06-09,-0.0008225376,0.0037832465,0.0089814775,0.00437622,3.6270456,-0.006002499279447192,-0.009707727592466707,0,0
2017-06-12,-0.0008232147,0.005242604,0.0034779825,0.004221685,3.6976542,-0.008317915522317818,-0.013452406117614462,0,0
2017-06-13,0.0039042484,0.0046233907,0.002816035,0.004184845,3.6049411,-0.007335472286016368,-0.011863519410750213,0,0
2017-06-14,-0.0011286103,0.0038780365,0.0050250157,0.004537392,3.5466912,-0.006152893077325054,-0.009950956613150446,0,0
2017-06-15,-0.0013354566,0.0044455505,0.005301912,0.004446774,3.4371207,-0.007053310859787718,-0.011407185118081727,0,0
2017-06-16,-0.00041126876,0.004887115,0.004803901,0.004282999,3.5184124,-0.007753897608971528,-0.012540230704485294,0,0
2017-06-19,0.0067644003,0.0048743216,0.004094139,0.004141252,3.5289953,-0.007733599703516874,-0.012507403289157462,0,0
2017-06-20,-0.0040941713,0.004635998,0.004173643,0.005072132,3.5321627,-0.00735547520586215,-0.011895869751479398,0,0
2017-06-21,-0.0016423736,0.004578639,0.0034385086,0.005114042,3.462924,-0.007264468978501724,-0.011748687115829923,0,0
2017-06-22,-0.00071938755,0.0043148343,0.0031962965,0.0047408445,3.552837,-0.006845916522178323,-0.011071770211723338,0,0
2017-06-23,0.0013355938,0.0040779845,0.0028967333,0.0044066627,3.700914,-0.006470130645094548,-0.010464018880487622,0,0
2017-06-26,0.00041059332,0.0038712206,0.0049702167,0.0043203244,3.5877323,-0.006142079049682019,-0.00993346729251105,0,0
2017-06-27,-0.0063832193,0.004434065,0.004616794,0.004077613,3.8300252,-0.007035087807097308,-0.011377713322553589,0,0
2017-06-28,0.007408966,0.004681911,0.006308944,0.004724621,3.815123,-0.007428320363704583,-0.01201368083580321,0,0
2017-06-29,-0.007615556,0.0052320873,0.011132635,0.0051531694,3.9332867,-0.00830123073813993,-0.01342542213441056,0,0
2017-06-30,0.00041313778,0.006853342,0.0043051546,0.005460703,4.129748,-0.010873513391278431,-0.01758552580539273,0,0
2017-07-03,0.0016508464,0.005746869,0.004298354,0.005062804,4.0252857,-0.009117982548638394,-0.014746339258736028,0,0
2017-07-05,0.0012363488,0.0050280183,0.0036297035,0.0047641937,4.062956,-0.007977454171896468,-0.01290178446956685,0,0
2017-07-06,-0.008063726,0.004675227,0.0054232283,0.0045851595,3.9414003,-0.0074177158120384,-0.011996530296665616,1,0
2017-07-07,0.0057959175,0.0050639873,0.0038220587,0.005197286,3.8797812,-0.008034523028847234,-0.012994080843377078,0,0
2017-07-10,0.0008252528,0.004783421,0.003111401,0.0051990678,4.1140947,-0.00758937617210189,-0.012274153322731948,0,0
2017-07-11,0.0,0.0042616236,0.005111896,0.0048576533,4.0815344,-0.006761492274323832,-0.010935232485983574,0,0
2017-07-12,0.006372722,0.004732679,0.004842457,0.0046415194,3.981789,-0.007508869079771347,-0.012143950737904908,0,0
2017-07-13,0.0022515617,0.0049634245,0.0020476768,0.0049904184,3.8423293,-0.007874970199273044,-0.012736039095431022,0,0
2017-07-14,0.0042844093,0.0038451701,0.0050024567,0.0047573796,3.9445164,-0.0061007475844781925,-0.009866622702196794,0,0
2017-07-17,0.0010173976,0.004379572,0.0018315965,0.0048148185,3.8493366,-0.006948629425350963,-0.011237885830869774,0,0
2017-07-18,-0.00030511062,0.0036113197,0.0037258773,0.0046144347,3.8522112,-0.0057297203862811,-0.00926656749155706,0,0
2017-07-19,0.0055789566,0.0038373987,0.0028175365,0.0044781673,3.7720284,-0.006088417457486492,-0.00984668142299901,0,0
2017-07-20,-0.000101158264,0.003797603,0.0030757615,0.0046883053,3.9315207,-0.006025277416662331,-0.00974456623931262,0,0
2017-07-21,-0.0007083945,0.0037509138,0.0034995028,0.004538807,3.8129094,-0.005951200286714134,-0.009624762710000895,0,0
2017-07-24,-0.0004050223,0.00391609,0.0019815587,0.0044631236,3.657618,-0.006213268759145828,-0.010048601051748278,0,0
2017-07-25,0.0022255953,0.0033834756,0.0031110044,0.00444898,3.4532356,-0.005368222761519085,-0.008681924278265984,0,0
2017-07-26,-0.00030319876,0.0035437187,0.002302251,0.004446025,3.4329286,-0.005622464614245447,-0.009093104777249544,0,0
2017-07-27,-0.00050553563,0.0033925483,0.0067016077,0.004320282,3.4851243,-0.005382617335340975,-0.008705204347944797,0,0
2017-07-28,-0.0007081795,0.004472978,0.0029775277,0.0042203027,3.5139585,-0.007096827118711241,-0.011477563133605909,0,0
2017-07-31,-0.000911254,0.0040951497,0.002719212,0.0041447906,3.5120616,-0.006497364784244934,-0.010508064134269248,0,0
2017-08-01,0.0017205612,0.0036414212,0.0029595618,0.0040623704,3.5445883,-0.005777479099275778,-0.009343806747129589,0,0
2017-08-02,0.0005054845,0.0036608244,0.0036484452,0.004021044,3.605607,-0.005808264376530514,-0.00939359518883267,0,0
2017-08-03,-0.0007077499,0.0038951607,0.002403725,0.0040276675,3.3808527,-0.00618006251871153,-0.00999489723247255,0,0
2017-08-04,0.0001011378,0.0035509076,0.002842269,0.0039472464,3.3852556,-0.005633870422833888,-0.009111551173924263,0,0
2017-08-07,0.0022224477,0.003522157,0.0012040795,0.003830049,3.4415395,-0.00558825442739077,-0.009037777294577498,0,0
2017-08-08,-0.0019190956,0.0028340733,0.0058725597,0.0039998936,3.1675138,-0.004496541192166094,-0.0072721703026799945,0,0
2017-08-09,0.0001010969,0.003919804,0.0043786527,0.003959993,3.2658825,-0.006219161684844537,-0.010058131568078632,0,0
2017-08-10,-0.014459064,0.0043557156,0.0075973044,0.0038316872,3.2848184,-0.006910778971304593,-0.011176671013503368,1,1
2017-08-11,0.0010251154,0.0051917695,0.004498807,0.006975544,3.1475904,-0.008237262294478584,-0.013321967190616617,0,0
2017-08-14,0.009585064,0.0049696243,0.0045615686,0.006422547,2.9421537,-0.007884806973978711,-0.012751947923535019,0,0
2017-08-15,0.000101476486,0.004733683,0.0037936696,0.007071118,3.0943353,-0.007510462092545639,-0.012146527087079508,0,0
2017-08-16,0.0015209129,0.004510275,0.0035010278,0.006422923,3.0248916,-0.007156002951092247,-0.011573267078590835,0,0
2017-08-17,-0.015520018,0.0042707105,0.008826737,0.006411195,2.780591,-0.00677590992217341,-0.010958549872847253,1,1
2017-08-18,-0.0011325612,0.0056497836,0.0058210394,0.009053826,2.726342,-0.008963947578705007,-0.014497221439938916,0,0
2017-08-21,0.00051495957,0.0058326363,0.0045911595,0.0080305,2.734632,-0.009254061400711484,-0.014966416990614207,0,0
2017-08-22,0.010141971,0.005223071,0.0045076595,0.005717971,2.935209,-0.008286925745837299,-0.013402286943214159,0,0
2017-08-23,-0.0045972397,0.0050024274,0.0035848422,0.00739399,2.9774768,-0.007936852026940344,-0.012836119394978087,0,0
2017-08-24,-0.0003072354,0.0046176356,0.0041971384,0.006917835,3.060389,-0.007326341305098799,-0.011848752049477338,0,0
2017-08-25,0.0007167358,0.004626727,0.004626354,0.0066503542,2.9093535,-0.007340765739427108,-0.011872080411983621,0,0
2017-08-28,0.0005116398,0.0048227264,0.0037367071,0.0055411593,3.0300057,-0.0076517384824633956,-0.012375010697775584,0,0
2017-08-29,0.0013290397,0.004569066,0.007268188,0.0051957993,3.0834694,-0.007249280839100138,-0.011724123627675604,0,0
2017-08-30,0.003569429,0.0054757185,0.0043066884,0.005110814,3.0455897,-0.00868777589860497,-0.014050574249435309,0,0
2017-08-31,0.005785937,0.005184479,0.0041766926,0.0050148834,3.0870934,-0.008225695420128245,-0.01330326030535736,0,0
2017-09-01,0.0017191692,0.004809797,0.0025978794,0.005179496,3.072669,-0.007631224314553158,-0.012341833525303344,0,0
2017-09-05,-0.005877601,0.0041090297,0.007396888,0.0049306117,3.1442752,-0.00651938690772936,-0.010543680094528747,0,0
2017-09-06,0.002334908,0.0051994375,0.0033355276,0.0051878067,3.0706565,-0.008249428188684979,-0.013341642859263314,0,0
2017-09-07,0.00040551502,0.0047012777,0.003167523,0.005075973,3.0804675,-0.007459047729674141,-0.012063375618689377,0,0
2017-09-08,-0.0016230476,0.00415787,0.002917883,0.0048117926,3.157498,-0.0065968771840476965,-0.010669003640362253,0,0
2017-09-11,0.010101096,0.003954128,0.0034595921,0.0047037313,3.1591733,-0.006273619557211252,-0.010146205246323219,0,0
2017-09-12,0.0027098928,0.0040297867,0.0019810128,0.004816566,3.4333959,-0.006393660150313631,-0.010340344607883184,0,0
2017-09-13,0.00020044098,0.0034733943,0.0018399848,0.0045915092,3.6261423,-0.005510887664985351,-0.008912653505439438,0,0
2017-09-14,-0.00020044098,0.0031256839,0.0024821644,0.0042649102,3.9854136,-0.004959210284564818,-0.00802043620082672,0,0
2017-09-15,0.0012020436,0.003265218,0.0035820066,0.004221714,3.9269323,-0.005180595626727524,-0.008378478491983563,0,0
2017-09-18,0.002200001,0.0036863536,0.0021373574,0.0040781777,4.070829,-0.005848768796192901,-0.009459102214167894,0,0
2017-09-19,0.00079880183,0.0033493324,0.001322091,0.0040501235,4.0716386,-0.005314051278554848,-0.008594313772139409,0,0
2017-09-20,0.00019960079,0.0027853365,0.0037282004,0.003980563,4.118377,-0.004419215148633066,-0.0071471123673975765,0,0
2017-09-21,-0.001697878,0.00342467,0.0026155661,0.0039168666,4.1465516,-0.005433581980888518,-0.00878762849708484,0,0
2017-09-22,-0.00059994,0.0034562815,0.0025301448,0.0037932063,4.356928,-0.005483736773307408,-0.008868742886207124,0,0
2017-09-25,-0.0010007005,0.0033218865,0.005504621,0.0037706874,4.2655916,-0.00527050561155682,-0.008523888195497265,0,0
2017-09-26,-0.0006009014,0.0041642967,0.0024717594,0.003753916,4.1822896,-0.006607073642126145,-0.010685494177524417,0,0
2017-09-27,0.003600004,0.0036876425,0.0039404226,0.0036912928,4.1815653,-0.005850814240882641,-0.009462410272849622,0,0
2017-09-28,0.0012968229,0.0038590382,0.0023620124,0.003734085,4.118092,-0.0061227507058221695,-0.009902207930656996,0,0
2017-09-29,0.003284402,0.0035339787,0.003038441,0.003728272,4.0337257,-0.005607010897309493,-0.009068111775614542,0,0
2017-10-02,0.004065651,0.0035545821,0.002318371,0.0037594587,3.9803486,-0.0056397004604963495,-0.009120979982633127,0,0
2017-10-03,0.0025696792,0.003373555,0.0017820473,0.0038207925,3.9063892,-0.005352482655180653,-0.008656468104512968,0,0
2017-10-04,0.0013809432,0.0030285663,0.0023821536,0.0038247812,3.8709538,-0.004805123737393071,-0.007771234967145795,0,0
2017-10-05,0.005406747,0.0031354134,0.0027244969,0.0038195874,3.7981534,-0.0049746472615199,-0.008045402129209959,0,0
2017-10-06,-0.0019627092,0.0033210518,0.0021009794,0.0038936788,3.7489748,-0.0052691813433403045,-0.008521746481769898,0,0
2017-10-09,-0.0004912798,0.0031475683,0.0031234876,0.0038468074,3.786201,-0.0049939321719158665,-0.008076591246951328,0,0
2017-10-10,0.0018655806,0.0034080197,0.0026168928,0.0038466766,3.6803243,-0.005407164481345515,-0.008744903978963584,0,0
2017-10-11,0.0017641875,0.0034015905,0.002347918,0.0038736376,3.5734565,-0.005396963951379828,-0.008728406856415854,0,0
2017-10-12,-0.0013718768,0.003252259,0.001821968,0.0038527115,3.625483,-0.005160034405898079,-0.008345225221722583,0,0
2017-10-13,0.0012739479,0.002998598,0.0020518638,0.003793542,3.6603305,-0.004757575857670991,-0.007694336688203588,0,0
2017-10-16,0.0013701314,0.0029837973,0.0016756806,0.0037607406,3.637674,-0.0047340932839634985,-0.007656358769655076,0,0
2017-10-17,0.0002933555,0.0028395043,0.00147781,0.0036921555,3.6964507,-0.004505157757995799,-0.0072861057102432646,0,0
2017-10-18,0.0011725621,0.0026728213,0.0014230756,0.0036430012,3.682891,-0.004240698635322878,-0.006858401015460212,0,0
2017-10-19,0.00019529343,0.0025875862,0.0052631344,0.0036432575,3.5746608,-0.004105464473635928,-0.006639689385231843,0,0
2017-10-20,0.0052585574,0.0036231433,0.0026775552,0.0036127213,3.5026588,-0.005748479570791315,-0.009296906362851147,0,0
2017-10-23,-0.004087597,0.0035218364,0.0037116567,0.0036116757,3.6380334,-0.005587745893917807,-0.009036954853091484,0,0
2017-10-24,0.0014617748,0.0036595347,0.0018799455,0.003596368,3.7352657,-0.005806218026976943,-0.009390285666731925,0,0
2017-10-25,-0.0034141378,0.0031865241,0.0066828444,0.0035932162,3.6396945,-0.005055739348317117,-0.008176550814429718,0,0
2017-10-26,0.0011718752,0.004257612,0.0025784718,0.0035937296,3.6540022,-0.006755127462137311,-0.010924938796637284,0,0
2017-10-27,0.0066148103,0.003812588,0.004903792,0.0035444195,3.6552954,-0.006049052713819118,-0.009783017573912244,0,0
2017-10-30,-0.0039831013,0.0041497215,0.0030362185,0.0036586546,3.5934985,-0.006583948489631858,-0.010648094309486537,0,0
2017-10-31,0.0017506327,0.0039438293,0.0021146205,0.0036313636,3.7102098,-0.006257279978584852,-0.010119779557473257,0,0
2017-11-01,0.0007770763,0.0033657476,0.0039473204,0.0035867873,3.733196,-0.005340095521767605,-0.008636434629917285,0,0
2017-11-02,0.0007764729,0.0038075428,0.004286879,0.003593305,3.6201928,-0.006041047835939098,-0.009770071437602612,0,0
2017-11-03,0.0023258077,0.0042010928,0.0030366916,0.003600676,3.481548,-0.006665454099199794,-0.010779911777195813,0,0
2017-11-06,0.002320411,0.0038944713,0.0033662103,0.003610564,3.4116592,-0.006178968538339978,-0.009993127958884313,0,0
2017-11-07,-0.00077287224,0.003861569,0.0034765166,0.00356138,3.4720821,-0.00612676603907177,-0.009908701852532764,0,0
2017-11-08,0.0016416401,0.003944117,0.0030538638,0.0034504205,4.2641582,-0.006257736482387539,-0.010120517852365951,0,0
2017-11-09,-0.0027053156,0.0038187124,0.008389787,0.0034268785,4.2493434,-0.006058769594067192,-0.009798732498996852,0,0
2017-11-10,-0.0017430042,0.005160279,0.003860962,0.0034487094,4.2705045,-0.008187299333191844,-0.013241163046325357,0,0
2017-11-13,0.0009687107,0.004785821,0.004161782,0.0034298769,4.248998,-0.0075931838391023,-0.012280311389943946,0,0
2017-11-14,-0.0015503879,0.0044868286,0.0049164556,0.0033946382,4.2362566,-0.007118802641708376,-0.011513103727786174,0,0
2017-11-15,-0.0050554257,0.0047791977,0.0051986976,0.0033526826,4.295612,-0.007582675655434107,-0.012263316704931368,0,0
2017-11-16,0.007767029,0.0050073243,0.0055557312,0.0034297523,4.2498426,-0.007944621187792414,-0.012848684310634503,0,0
2017-11-17,-0.0033906547,0.0052324147,0.0024063797,0.0035324772,4.1844935,-0.008301750129978865,-0.013426262136924745,0,0
2017-11-20,0.002229439,0.00413072,0.0042199665,0.0035666362,4.1289983,-0.006553801141377903,-0.01059933757818851,0,0
2017-11-21,0.005503804,0.0042886483,0.004686156,0.00353991,4.176274,-0.006804369699382743,-0.011004577327683689,0,0
2017-11-22,-0.0006742764,0.0046863738,0.001951667,0.003614919,4.111262,-0.007435400923181342,-0.012025132089589777,0,0
2017-11-24,0.0025021667,0.003688939,0.0031747806,0.0035822382,4.0730743,-0.005852870996370267,-0.009465736624269031,0,0
2017-11-27,0.00028830906,0.0037221818,0.002440168,0.0035645312,4.1420603,-0.005905614151777435,-0.0095510371234816,0,0
2017-11-28,0.009277481,0.0035785835,0.005646305,0.0035481835,4.0555716,-0.005677780749955767,-0.009182566508429154,0,0
2017-11-29,-0.00038087985,0.0043935594,0.0039011638,0.0036999092,3.890354,-0.006970821663235597,-0.011273776913903953,0,0
2017-11-30,0.008723742,0.0044299574,0.008214929,0.0036377104,3.9236362,-0.007028570977787196,-0.011367173778812904,0,0
2017-12-01,-0.001511716,0.005466543,0.012286931,0.003764219,3.8551874,-0.00867321754442969,-0.014027029300914914,0,0
2017-12-04,-0.0021771034,0.0073135784,0.0074907118,0.003740229,3.8360193,-0.011603724024990023,-0.018766481535194578,0,0
2017-12-05,-0.003797593,0.0070684296,0.0054647587,0.0036954086,3.9088044,-0.011214771021870969,-0.018137435262172888,0,0
2017-12-06,0.00038040895,0.0061052823,0.0038575397,0.003752049,3.8471272,-0.009686641508573348,-0.015666020547989323,0,0
2017-12-07,0.0038908708,0.0051796455,0.0034222477,0.0037084485,3.8359115,-0.008218025794297572,-0.01329085636579251,0,0
2017-12-08,0.004347422,0.0046124356,0.0028716938,0.0037624927,3.8619983,-0.007318090756688691,-0.011835408594905334,0,0
2017-12-11,0.0039529465,0.004162135,0.0034751284,0.0038307891,3.801518,-0.0066036437557751345,-0.010679947087750873,0,0
2017-12-12,0.0023455468,0.0041633756,0.0025515594,0.003897219,3.732154,-0.0066056122870392486,-0.010683130755816391,0,0
2017-12-13,0.0004684499,0.0038151487,0.004297951,0.003867045,3.772775,-0.0060531155524198394,-0.009789588325286262,0,0
2017-12-14,-0.004882639,0.004199354,0.004984727,0.0038711056,3.6824298,-0.006662695621811308,-0.010775450544330847,0,0
2017-12-15,0.009741553,0.0046900506,0.004469167,0.003974908,3.5996957,-0.007441235032731043,-0.012034567483684205,0,0
2017-12-18,0.0046498734,0.004712902,0.0030872535,0.0051685874,2.7555397,-0.007477490664275459,-0.01209320302503798,0,0
2017-12-19,-0.0039044393,0.0042053615,0.003183689,0.0049858466,2.883292,-0.006672227004974048,-0.010790865468517532,0,0
2017-12-20,-0.0009318797,0.0040100315,0.0042759567,0.004165032,3.5558362,-0.006362316572075233,-0.010289653236648308,0,0
2017-12-21,0.002328073,0.0043336474,0.0037410473,0.004138228,3.534244,-0.006875765717799996,-0.011120044746456169,0,0
2017-12-22,-0.0006513143,0.004322876,0.002428139,0.0052616876,2.6014214,-0.006858676007057784,-0.011092405883243388,0,0
2017-12-26,0.00037223153,0.0037567455,0.001578186,0.004050965,3.5939229,-0.005960452971816958,-0.009639726901131188,0,0
2017-12-27,-0.00055839925,0.0031140118,0.0024575265,0.003972501,3.6549401,-0.004940691341401705,-0.00799048586728092,0,0
2017-12-28,9.30882e-05,0.0032377944,0.0015267056,0.0038973792,3.7159634,-0.005137084796986985,-0.008308109256973468,0,0
2017-12-29,-0.0036368764,0.002924138,0.00777811,0.0039106067,3.6191547,-0.004639437740773069,-0.0075032741651211,0,0
2018-01-02,0.0063326717,0.0043481886,0.0038936818,0.0038886894,3.7027862,-0.006898836578464431,-0.011157356809353194,0,0
2018-01-03,0.006661757,0.004408093,0.0041685277,0.00399739,3.6348255,-0.006993881213102145,-0.0113110706840633,0,0
2018-01-04,0.0046920367,0.004255779,0.0043463637,0.004144816,3.5238116,-0.006752219682216728,-0.010920236099634967,0,0
2018-01-05,0.006860306,0.004414248,0.0031008343,0.0042430256,3.448153,-0.007003646051133257,-0.011326863170355665,0,0
2018-01-08,0.0015484814,0.004044625,0.0028793178,0.0042812745,3.4966364,-0.006417202445033962,-0.010378419112086638,0,0
2018-01-09,0.0020003645,0.003781335,0.004238445,0.0042753364,3.4664173,-0.005999466628317945,-0.009702822943640423,0,0
2018-01-10,-0.00063604565,0.0041557513,0.003990274,0.004266828,3.453427,-0.006593515614915918,-0.010663567038724285,0,0
2018-01-11,0.006884085,0.0042933095,0.0038349712,0.0041824165,3.516632,-0.006811765151472655,-0.01101653785128722,0,0
2018-01-12,0.0069266683,0.0042460496,0.0038732595,0.0042870096,3.4705968,-0.006736782705261645,-0.010895270171251728,0,0
2018-01-16,-0.0022436625,0.004257537,0.009819527,0.0043965527,3.4203572,-0.006755008472543548,-0.01092474635703691,0,0
2018-01-17,0.0076080025,0.005796822,0.0061431555,0.0044271857,3.3666577,-0.009197237761858892,-0.014874517203356842,0,0
2018-01-18,-0.0026785731,0.0059301993,0.0032446273,0.00460198,3.261117,-0.009408854646535162,-0.015216761154545266,0,0
2018-01-19,0.005261058,0.0046699108,0.004976165,0.0045574564,3.3043618,-0.007409281123838705,-0.011982889036324211,0,0
2018-01-22,0.008589825,0.0048327907,0.0059299693,0.004593994,3.3179927,-0.0076677066144872135,-0.012400835653120192,0,0
2018-01-23,0.0014978637,0.005382619,0.0038780984,0.0047065993,3.2857368,-0.008540064117121883,-0.013811682802709831,0,0
2018-01-24,0.00052812253,0.004886891,0.0073543303,0.004647754,3.3185985,-0.007753541997485986,-0.012539655580812692,0,0
2018-01-25,8.7993314e-05,0.005663046,0.005715527,0.004708723,3.218287,-0.008984989282228658,-0.014531251785696468,0,0
2018-01-26,0.01163465,0.005808188,0.0049712034,0.004776003,3.1316788,-0.009215271698008645,-0.014903683144311002,0,0
2018-01-29,-0.007332435,0.0054385313,0.0049120425,0.004912144,3.0966465,-0.008628774252511412,-0.013955152012610626,0,0
2018-01-30,-0.010214953,0.005299866,0.00756475,0.0050081443,3.08167,-0.008408768375258908,-0.01359934070374102,1,0
2018-01-31,0.00044245832,0.006080074,0.006669757,0.005333454,2.9343696,-0.009646645622383923,-0.015601335964140112,0,0
2018-02-01,-0.0011507991,0.0063395565,0.006812645,0.00519348,2.991623,-0.010058341473028712,-0.016267163810666157,0,0
2018-02-02,-0.023570567,0.006404484,0.011252493,0.0050601363,3.0573213,-0.01016135569585704,-0.01643376674834434,1,1
2018-02-05,-0.055564668,0.0077735567,0.027439388,0.0054666307,2.8499234,-0.012333525660250049,-0.01994677579960198,1,1
2018-02-06,0.03263209,0.012144827,0.043182228,0.0071976064,2.3844192,-0.019268984792542323,-0.03116336156671923,0,0
2018-02-07,-0.009697046,0.018537879,0.016924797,0.03701697,2.2566361,-0.029412200683181396,-0.04756779115408474,0,0
2018-02-08,-0.028414512,0.017903766,0.024126634,0.015670162,2.235091,-0.028406116974433966,-0.045940671162054,1,0
2018-02-09,0.0097842505,0.017884774,0.028798686,0.027611626,2.5814223,-0.028375985008865137,-0.04589193930887921,0,0
2018-02-12,0.013746247,0.021151146,0.012210902,0.021619178,2.5136924,-0.03355840981782682,-0.054273376102400094,0,0
2018-02-13,0.002444989,0.017030237,0.00864372,0.018989291,2.5464287,-0.027020176858659473,-0.04369921664835189,0,0
2018-02-14,0.013156243,0.0126535045,0.018154167,0.013603714,2.4612846,-0.020076050940594878,-0.03246861425391608,0,0
2018-02-15,0.013625694,0.013866535,0.0089724725,0.014929706,2.4892526,-0.022000647446263313,-0.03558122747261573,0,0
2018-02-16,0.00036569758,0.012092761,0.008388829,0.015160766,2.4869368,-0.019186376153964527,-0.031029760191231576,0,0
2018-02-20,-0.0077078743,0.010193833,0.00983645,0.01190895,2.4496117,-0.016173536113430986,-0.02615715146084459,0,0
2018-02-21,-0.0056348587,0.009933541,0.01362864,0.011019649,2.4961684,-0.015760556261010156,-0.025489247022737315,0,0
2018-02-22,0.0047132843,0.0110448,0.01244887,0.0098939845,2.450232,-0.017523681625782904,-0.028340716045180684,0,0
2018-02-23,0.013644275,0.011450862,0.006445319,0.008921165,2.4777558,-0.018167937434470042,-0.02938265867598015,0,0
2018-02-26,0.012922062,0.009140962,0.008301771,0.011440928,2.554977,-0.01450305070766535,-0.023455507277080942,0,0
2018-02-27,-0.013376917,0.0085920375,0.009141552,0.0121105155,2.6436067,-0.013632127414202649,-0.0220469796466289,0,0
2018-02-28,-0.012083633,0.008883655,0.010668424,0.012574418,2.7320158,-0.01409480781739926,-0.022795263837513305,0,0
2018-03-01,-0.013444178,0.009469628,0.016645245,0.012519119,2.8032444,-0.015024513779908441,-0.024298859557388575,0,0
2018-03-02,0.00447053,0.0115265865,0.012693714,0.012924319,2.8339627,-0.018288083444208722,-0.029576968525855278,0,0
2018-03-05,0.010446131,0.01187274,0.014698423,0.011321517,2.7752447,-0.01883729054637091,-0.030465190696559074,0,0
2018-03-06,0.0020211306,0.012311752,0.0061943415,0.011243662,2.8403533,-0.019533827577479547,-0.031591686751164326,0,0
2018-03-07,-0.0002753683,0.009523728,0.011644224,0.00977823,2.811448,-0.015110348258043384,-0.024437678021662062,0,0
2018-03-08,0.0058581405,0.009774271,0.003695416,0.008412052,2.7558415,-0.01550786036813888,-0.025080566775139614,0,0
2018-03-09,0.016204583,0.0071559222,0.00995501,0.008125291,2.8061051,-0.01135358708703252,-0.018361939836569197,0,0
2018-03-12,0.0,0.007773334,0.005449546,0.010966948,2.877329,-0.012333172763356,-0.01994620506618642,0,0
2018-03-13,-0.004049135,0.0072156996,0.01090689,0.009727334,2.854586,-0.011448429484604028,-0.01851532663712962,0,0
2018-03-14,-0.0067852074,0.008171446,0.008523362,0.008770765,2.880622,-0.012964816579968116,-0.020967750562765158,0,0
2018-03-15,0.00054451404,0.008450828,0.0057059457,0.008506713,2.8768935,-0.013408084034536688,-0.021684638562117674,0,0
2018-03-16,0.00018143881,0.0072126174,0.004087817,0.0076129534,2.7851198,-0.011443539600461869,-0.01850741832077657,0,0
2018-03-19,-0.012137954,0.005919252,0.013353229,0.0065992447,2.8009834,-0.009391485785301117,-0.015188670826566587,1,0
2018-03-20,0.00027541886,0.007957385,0.0041983426,0.008572089,2.8572347,-0.01262518770427119,-0.020418475260210664,0,0
2018-03-21,-0.0019295269,0.006620358,0.008083955,0.0076103183,2.8500562,-0.010503861133672384,-0.01698769425994516,0,0
2018-03-22,-0.02797907,0.0068145376,0.013901978,0.0068996227,2.7854803,-0.010811946456224282,-0.017485954775662626,1,1
2018-03-23,-0.017363535,0.009041732,0.015980223,0.014869362,2.7863393,-0.014345613449727795,-0.02320088700279022,1,0
2018-03-26,0.02349245,0.011169879,0.011841351,0.016058004,2.8647838,-0.017722130931991976,-0.028661664322873627,0,0
2018-03-27,-0.016587272,0.01109118,0.019944958,0.018875323,2.9313712,-0.017597266962239008,-0.02845972420625816,0,0
2018-03-28,-0.0031589554,0.0132472785,0.0109549435,0.018469047,2.9609845,-0.021018133630583052,-0.03399222661906837,0,0
2018-03-29,0.013522727,0.012301189,0.013617674,0.01566842,2.8879251,-0.019517067689603693,-0.03156458130418224,0,0
2018-04-02,-0.026065102,0.012104039,0.01972632,0.015167963,2.922362,-0.01920426893135666,-0.03105869783881951,1,0
2018-04-03,0.014745124,0.014299647,0.009657432,0.018964248,2.975413,-0.02268782094644984,-0.03669258006726145,0,0
2018-04-04,0.012832266,0.012423091,0.023064828,0.017915364,3.0116818,-0.01971047690427468,-0.03187737833796577,0,0
2018-04-05,0.005556878,0.014764151,0.0065141125,0.016722698,3.052169,-0.023424803581071855,-0.037884488024966,0,0
2018-04-06,-0.02126326,0.011302289,0.016628072,0.0147058405,3.0554059,-0.01793221316761105,-0.02900142631541387,1,0
2018-04-09,0.0050720237,0.012083653,0.01212763,0.016702864,3.1073246,-0.019171925478585122,-0.03100638938957388,0,0
2018-04-10,0.013652089,0.012471725,0.011498131,0.014793006,3.0901866,-0.019787640072318147,-0.032002172857825625,0,0
2018-04-11,-0.0052870214,0.011711823,0.008880181,0.01459155,3.1570807,-0.018581979597028345,-0.030052281168010165,0,0
2018-04-12,0.00867112,0.010475663,0.007913076,0.013007302,3.1626146,-0.016620687243561763,-0.026880320454606303,0,0
2018-04-13,-0.0025369993,0.009313298,0.009435758,0.012105833,3.1948652,-0.014776480650357771,-0.023897720307971347,0,0
2018-04-16,0.009177813,0.009282689,0.0066555603,0.01051799,3.1518242,-0.014727914798825934,-0.0238191756826381,0,0
2018-04-17,0.0091867205,0.00827981,0.0066856686,0.01034338,3.156765,-0.013136747041885128,-0.02124581041940725,0,0
2018-04-18,0.0012000925,0.0076059913,0.0036533538,0.010226059,3.1473455,-0.012067666713230733,-0.01951680719560387,0,0
2018-04-19,-0.006200566,0.006035339,0.0071189706,0.008857258,3.1190856,-0.009575669913216121,-0.015486548303499756,0,0
2018-04-20,-0.008015702,0.0064225825,0.008920957,0.008288358,3.153842,-0.010190070644666687,-0.0164802068873428,0,0
2018-04-23,-9.3584764e-05,0.007463482,0.0067498824,0.0084276805,3.143302,-0.01184156205375799,-0.019151132442578163,0,0
2018-04-24,-0.013568473,0.007213835,0.017307915,0.0072584483,3.1273463,-0.01144547148474083,-0.01851054272037201,1,0
2018-04-25,0.0035039573,0.0096806185,0.009707718,0.009505445,3.1173356,-0.015359270868739824,-0.024840255811970306,0,0
2018-04-26,0.011280435,0.009801118,0.008036055,0.008572237,3.0617242,-0.015550454118386806,-0.02514945283497876,0,0
2018-04-27,-0.0011223346,0.008636119,0.004816005,0.009416175,3.1170669,-0.013702067054284076,-0.022160091692497934,0,0
2018-04-30,-0.00921319,0.006970334,0.008222538,0.008360488,3.0921566,-0.011059132633229234,-0.01788572426488251,0,0
2018-05-01,0.0019814132,0.00733033,0.009198411,0.008690458,3.1370502,-0.011630302590294924,-0.018809466541900372,0,0
2018-05-02,-0.009375513,0.008129628,0.006376932,0.007819085,3.112897,-0.012898469249295346,-0.020860448290382732,0,0
2018-05-03,0.0016162004,0.007409964,0.012116795,0.008320935,3.1774826,-0.011756649631866732,-0.019013805202280208,0,0
2018-05-04,0.011804283,0.008675602,0.013459892,0.007507429,3.1696343,-0.013764711682160822,-0.022261405654274015,0,0
2018-05-07,0.0026251655,0.010229526,0.005086776,0.008716451,3.2438517,-0.01623016792115143,-0.026248741003270935,0,0
2018-05-08,9.362857e-05,0.007814083,0.0058176033,0.007956541,3.1991713,-0.012397825284073502,-0.02005076635475514,0,0
2018-05-09,0.009597092,0.006784472,0.0063997274,0.0071933707,3.1961799,-0.010764243844787118,-0.017408806252068983,0,0
2018-05-10,0.008403023,0.006795773,0.0066025252,0.007841135,3.2846198,-0.010782173721596318,-0.017437803899836502,0,0
2018-05-11,0.0039462266,0.006819261,0.0029396226,0.008026486,3.3760173,-0.01081943963360793,-0.017498073348519695,0,0
2018-05-14,0.0005494002,0.005242741,0.004315113,0.0074503347,3.4089653,-0.008318133594501063,-0.013452758801596897,0,0
2018-05-15,-0.0080882795,0.0050097415,0.006650286,0.0066958126,3.4178426,-0.007948456905571583,-0.012854887743835943,1,0
2018-05-16,0.0051546507,0.0058135414,0.005495623,0.0071075126,3.4819074,-0.009223765654789263,-0.01491742025859784,0,0
2018-05-17,-0.0015619978,0.0058521964,0.005413073,0.006796663,3.5596912,-0.009285095515519717,-0.015016607872546208,0,0
2018-05-18,-0.0021171821,0.0057098437,0.004562118,0.006208049,3.5195363,-0.009059238788736641,-0.01465133409633041,0,0
2018-05-21,0.007344873,0.0053702416,0.0037603101,0.00566892,3.5086925,-0.008520425857399953,-0.013779922219843393,0,0
2018-05-22,-0.0025645737,0.004864159,0.0051037,0.006229106,3.4994624,-0.007717475030050312,-0.012481325162323387,0,0
2018-05-23,0.0017409634,0.0051084934,0.0072744023,0.0057781143,3.4626129,-0.008105135887618846,-0.013108281672992717,0,0
2018-05-24,-0.001190858,0.0059493138,0.007132042,0.0053015957,3.4550827,-0.009439182062691466,-0.015265809106227131,0,0
2018-05-25,-0.0033971479,0.006378651,0.005915935,0.004836306,3.4518845,-0.010120368983772785,-0.016367479720674517,0,0
2018-05-29,-0.009611015,0.0061285817,0.011048739,0.004731328,3.4443157,-0.009723608815520764,-0.015725807068397813,0,0
2018-05-30,0.01190765,0.0074615604,0.008812558,0.0062934896,3.4806714,-0.011838512662647871,-0.019146200720500117,0,0
2018-05-31,-0.006998187,0.007914971,0.006611972,0.0080316765,3.568467,-0.012557892981167471,-0.02030964078812031,0,0
2018-06-01,0.010387555,0.0071643344,0.0053771827,0.007940009,3.6326182,-0.011366933828538232,-0.0183835252670295,0,0
2018-06-04,0.0042889146,0.006382673,0.0040614638,0.008727056,3.6479526,-0.010126750083508263,-0.016377799751563064,0,0
2018-06-05,0.0021830099,0.0055319597,0.0034521027,0.007981157,3.625791,-0.008777008140424926,-0.014194887852107332,0,0
2018-06-06,0.007513047,0.0048604333,0.0049040103,0.0071992003,3.6054747,-0.00771156355464307,-0.01247176464590324,0,0
2018-06-07,0.0,0.0050845733,0.0050369096,0.007359748,3.681844,-0.008067184993687247,-0.013046904416115728,0,0
2018-06-08,0.0023419214,0.0052962285,0.006878812,0.0066449107,3.6590807,-0.008402996248881623,-0.013590005553849068,0,0
2018-06-11,0.0015282963,0.005897699,0.0043192883,0.00612876,3.6647792,-0.009357290076267736,-0.01513336675859877,0,0
2018-06-12,0.0018846764,0.005385273,0.0028904583,0.005622939,3.6638496,-0.008544275353390873,-0.013818493554802188,0,0
2018-06-13,-0.003323008,0.0044312184,0.0033610293,0.005192183,3.6746995,-0.007030571631717307,-0.011370409398253428,0,0
2018-06-14,0.003412666,0.0042532654,0.004977327,0.005005034,3.6811497,-0.006748231494882054,-0.010913786080329627,0,0
2018-06-15,-0.0014354928,0.004752095,0.005829896,0.004846893,3.7261689,-0.007539674264030362,-0.012193771374826301,0,0
2018-06-18,-0.0017073285,0.005280604,0.0064998856,0.0044715707,3.7397563,-0.008378207504234233,-0.013549915189953476,0,0
2018-06-19,-0.004868383,0.0057188165,0.011087599,0.0041552805,3.7658286,-0.009073475011388124,-0.014674358067681727,0,0
2018-06-20,0.002076469,0.0071764686,0.005146687,0.0045138123,3.7455971,-0.011386185711404371,-0.018414660969976848,0,0
2018-06-21,-0.0070594917,0.0063082497,0.0087662535,0.0042710886,3.7391076,-0.01000866987789552,-0.016186830887297488,0,0
2018-06-22,0.0025399143,0.006790991,0.004496701,0.0051159114,3.7959433,-0.01077458734323809,-0.017425534594820963,0,0
2018-06-25,-0.01359076,0.0059601297,0.01264103,0.004822117,3.8269918,-0.009456342805244404,-0.015293562847832532,1,0
2018-06-26,0.0022932633,0.0075884685,0.0050919075,0.0077143274,3.8355792,-0.01203986477202646,-0.019471843646390798,0,0
2018-06-27,-0.008650095,0.0067493627,0.01116209,0.0070257816,3.8236098,-0.010708539522493345,-0.017318716714132255,0,0
2018-06-28,0.005346128,0.007707959,0.007944555,0.0075472235,3.8613217,-0.012229449127284249,-0.019778454808001056,0,0
2018-06-29,0.00073515903,0.007927069,0.0074357474,0.007225073,3.8264418,-0.012577089667339926,-0.02034068722250779,0,0
2018-07-02,0.0021105765,0.007494494,0.0076865824,0.006513656,3.7175717,-0.011890764929426778,-0.019230707314897448,0,0
2018-07-03,-0.005146597,0.007489385,0.006949227,0.0059519284,3.725545,-0.011882659159229614,-0.019217598007367727,0,0
2018-07-05,0.009263147,0.0072490345,0.0047759665,0.0058912644,3.784752,-0.011501318775519886,-0.01860086347851299,0,0
2018-07-06,0.008906721,0.0062525515,0.006821792,0.006960836,3.871323,-0.009920299066442576,-0.01604391045952704,0,0
2018-07-09,0.0088280905,0.0064739212,0.0034813632,0.007601366,3.8842626,-0.010271523772132432,-0.016611939476749247,0,0
2018-07-10,0.003312892,0.005421778,0.0038582275,0.008058182,3.917657,-0.00860219387747885,-0.013912164079066803,0,0
2018-07-11,-0.008167706,0.0049262387,0.0053949105,0.0073110047,3.909103,-0.007815971267770979,-0.012640621248863382,1,0
2018-07-12,0.008793238,0.0053337775,0.004926615,0.007680395,3.9885054,-0.00846257157864397,-0.01368635559832879,0,0
2018-07-13,0.0016958991,0.00538582,0.0033744348,0.008129382,4.0051823,-0.00854514221294087,-0.013819895510217846,0,0
2018-07-16,-0.002410823,0.004725997,0.0030216079,0.0071616555,3.9517477,-0.007498267242696657,-0.012126804589024355,0,0
2018-07-17,0.005260589,0.004246088,0.0055874973,0.006414582,3.89037,-0.006736844236002146,-0.010895369683744698,0,0
2018-07-18,0.001688214,0.004902496,0.0028143625,0.006298117,3.9210217,-0.0077783008816269565,-0.012579697651880814,0,0
2018-07-19,-0.0038247767,0.004309085,0.0039720014,0.0056234812,3.8867848,-0.006836795042330978,-0.011057018216350111,0,0
2018-07-20,-0.001605423,0.0043127094,0.0042892606,0.005440022,3.843071,-0.00684254545197632,-0.01106631824418572,0,0
2018-07-23,0.0040087355,0.004560134,0.0048201373,0.0049709096,3.814997,-0.007235108861780648,-0.011701203559074298,0,0
2018-07-24,0.003195458,0.0047827363,0.00472666,0.0050353147,3.832711,-0.0075882898830729,-0.012272396488205332,0,0
2018-07-25,0.007152664,0.0048775,0.0074324957,0.0049131154,3.843502,-0.007738641604782625,-0.012515557459904908,0,0
2018-07-26,0.00043985047,0.0056939083,0.0028922274,0.005829844,3.879572,-0.009033955988437582,-0.014610444705653031,0,0
2018-07-27,-0.008833979,0.0046146796,0.008154515,0.005309216,3.865447,-0.007321651395863266,-0.011841167148726439,1,0
2018-07-30,-0.0050705085,0.005578036,0.0051976093,0.0063799317,3.9735477,-0.008850112089322995,-0.014313117474269223,0,0
2018-07-31,0.0048930305,0.0056533767,0.0057415436,0.006220759,4.0911975,-0.00896964822083965,-0.01450644097972874,0,0
2018-08-01,-0.0022211373,0.0055645825,0.0041223806,0.0060735946,4.225843,-0.008828767256415996,-0.014278596883141894,0,0
2018-08-02,0.006295184,0.005100858,0.009607476,0.005662655,4.293616,-0.008093021570650814,-0.013088689419229832,0,0
2018-08-03,0.0038814445,0.006390253,0.003714517,0.0058680284,4.4968953,-0.010138776628684698,-0.016397250053681565,0,0
2018-08-06,0.003691014,0.005424193,0.0042079757,0.005644736,4.646748,-0.008606025070938862,-0.01391836019517317,0,0
2018-08-07,0.0034152141,0.0048908405,0.0030822621,0.005401131,4.8694034,-0.007759808179514939,-0.012549789757486426,0,0
2018-08-08,-0.0015748035,0.0044162143,0.0021954186,0.005166722,5.045189,-0.007006766021622185,-0.011331909039116825,0,0
2018-08-09,-0.0005254861,0.0037385947,0.0030317856,0.0047876686,5.159286,-0.00593165477553487,-0.009593152127583418,0,0
2018-08-10,-0.0059748883,0.003788339,0.005704114,0.004384006,5.257924,-0.006010579261025176,-0.009720795192554522,0,0
2018-08-13,-0.003973691,0.004652816,0.005486644,0.0049079536,5.096899,-0.00738215828293952,-0.01193902378308134,0,0
2018-08-14,0.005470763,0.0050965305,0.003136543,0.0048376187,5.290843,-0.008086156368765807,-0.013077586459168658,0,0
2018-08-15,-0.0069760536,0.0043783463,0.008952069,0.0051029082,5.189131,-0.006946684872978368,-0.011234740943408133,1,0
2018-08-16,0.008295141,0.005668979,0.0069742333,0.005638806,5.481736,-0.008994402580661465,-0.014546475733701792,0,0
2018-08-17,0.0026329663,0.006246579,0.0051216446,0.0064683924,5.7538695,-0.009910822427541604,-0.016028584072190717,0,0
2018-08-20,0.0021888553,0.005653018,0.002145107,0.0059757642,5.440622,-0.008969079061490016,-0.014505520489168772,0,0
2018-08-21,0.0011363141,0.004150642,0.005323799,0.0055105165,5.486485,-0.006585409392286839,-0.010650456999485056,0,0
2018-08-22,-0.00017473353,0.004682404,0.005140256,0.00503015,5.5007634,-0.007429102618486392,-0.012014945961541035,0,0
2018-08-23,-0.0011365127,0.005127529,0.0036149682,0.004625371,5.2277536,-0.008135338432566485,-0.013157127672850615,0,0
2018-08-24,0.0065391054,0.004617825,0.0033752082,0.004276099,5.1686316,-0.007326641719890657,-0.011849237904590072,0,0
2018-08-27,0.007532177,0.004282473,0.0033293369,0.005039088,5.3029485,-0.006794572286253719,-0.010988732158306813,0,0
2018-08-28,0.00025872106,0.004158511,0.0029252202,0.005838417,5.489398,-0.006597893798561708,-0.010670647791624771,0,0
2018-08-29,0.00533197,0.00393849,0.003792159,0.005279737,5.466491,-0.006248808643400006,-0.010106079028661777,0,0
2018-08-30,-0.0043838983,0.00411713,0.0041065533,0.005438322,5.629861,-0.006532238688719572,-0.010564465034788252,0,0
2018-08-31,0.0,0.0043441122,0.0037439326,0.0053664926,5.6973586,-0.006892369064233103,-0.011146897021948786,0,0
2018-09-04,-0.0012930479,0.004296801,0.0063443366,0.004863831,5.538619,-0.006817305180277314,-0.011025497634202013,0,0
2018-09-05,-0.003456324,0.005036645,0.0051579135,0.00444885,5.559218,-0.007991142047066429,-0.012923921608995527,0,0
2018-09-06,-0.0032077706,0.005181518,0.005785424,0.0044285133,5.5350056,-0.008220996462254403,-0.013295660770416318,0,0
2018-09-07,-0.0014772976,0.005336429,0.0048761196,0.0043529924,5.6315017,-0.008466779195457635,-0.013693160496745089,0,0
2018-09-10,0.001911382,0.005210325,0.0034036092,0.0040274407,5.6634502,-0.008266702039216778,-0.013369579528245495,0,0
2018-09-11,0.0032928973,0.0045603556,0.0059435326,0.00382328,5.677694,-0.007235460853810867,-0.011701772829070844,0,0
2018-09-12,-0.00043265696,0.0050987764,0.003843602,0.003975605,5.5856304,-0.008089718817668044,-0.01308334793982779,0,0
2018-09-13,0.0057821088,0.004797498,0.003765319,0.0036753775,5.517277,-0.00761171092603989,-0.012310274894260875,0,0
2018-09-14,0.00034414523,0.004481753,0.0037598505,0.0046669426,5.5557556,-0.0071107498060453194,-0.011500080030268787,0,0
2018-09-17,-0.0052611274,0.004422646,0.0037842095,0.0042241453,5.4933724,-0.007016970623475113,-0.011348412747050118,0,0
2018-09-18,0.007151812,0.0043791775,0.00759044,0.004765281,5.6195536,-0.006948003259579984,-0.011236873144911907,0,0
2018-09-19,0.0011155448,0.005451877,0.0031275032,0.005716422,5.7900467,-0.008649948971018204,-0.013989397480963275,0,0
2018-09-20,0.008369679,0.0046531158,0.004505572,0.0051115397,5.760049,-0.007382633788882656,-0.011939792809773331,0,0
2018-09-21,-0.0019580307,0.00460274,0.0033968939,0.0062965085,5.9464417,-0.007302708071563463,-0.011810530471662951,0,0
2018-09-24,-0.002816062,0.0044027744,0.0029011227,0.005676846,5.9109325,-0.006985442453015211,-0.011297422838336332,0,0
2018-09-25,-0.0014537994,0.0040021115,0.003701727,0.0053012753,5.9339437,-0.006349750728055583,-0.010269330736797309,0,0
2018-09-26,-0.0033431945,0.004139165,0.0064870566,0.0048659416,5.908288,-0.006567199460121977,-0.010621006423532624,0,0
2018-09-27,0.002915204,0.0050464747,0.0056500486,0.0047553536,5.973241,-0.008006737375191917,-0.012949143635706262,0,0
2018-09-28,-0.0003425244,0.0053480905,0.0041857786,0.0046072714,5.9530473,-0.00848528094620796,-0.013723083025329619,0,0
2018-10-01,0.003761331,0.0048889355,0.004424371,0.0042409976,5.901564,-0.007756785934319747,-0.012544901937978805,0,0
2018-10-02,-0.0005120765,0.0047771544,0.0044668056,0.004409122,5.951291,-0.007579433528328007,-0.012258073274603282,0,0
2018-10-03,0.0010238909,0.0048067286,0.00478961,0.0040949527,5.8213377,-0.007626356147142938,-0.012333960331006637,0,0
2018-10-04,-0.008134651,0.0049105207,0.00851944,0.0038707328,5.759946,-0.00779103231572766,-0.012600287957411421,1,0
2018-10-05,-0.004739958,0.0060277637,0.009736602,0.0056575723,5.809638,-0.009563650606950332,-0.015467109708733369,0,0
2018-10-08,-8.638936e-05,0.0071647614,0.00787132,0.005665952,5.753035,-0.011367611571547573,-0.018384621367871178,0,0
2018-10-09,-0.0019024565,0.007169932,0.00618564,0.0050983084,5.712233,-0.011375815067038475,-0.018397888724654442,0,0
2018-10-10,-0.037840206,0.006579917,0.018884132,0.004777606,5.739732,-0.010439697239423564,-0.016883923217644137,1,1
2018-10-11,-0.012847368,0.009440517,0.021073764,0.02002203,4.006006,-0.014978325005660367,-0.024224159333805787,0,0
2018-10-12,0.00834245,0.012981195,0.01274861,0.01827065,4.0295286,-0.02059596579082331,-0.03330946262429032,0,0
2018-10-15,-0.0070684482,0.012245288,0.0071543725,0.016135184,4.068695,-0.019428374746626953,-0.03142113989924272,0,0
2018-10-16,0.024701485,0.009533375,0.01013647,0.014389958,4.108179,-0.015125653124879155,-0.024462430290869218,0,0
2018-10-17,-0.00053248135,0.009448264,0.010340399,0.017621173,4.172556,-0.014990616675939256,-0.024244038417695464,0,0
2018-10-18,-0.015746947,0.009914602,0.0116356835,0.015227614,4.177633,-0.015730509352641434,-0.02544065273094987,1,0
2018-10-19,-0.0017148793,0.010381738,0.009587504,0.01536914,4.2675157,-0.0164716670289792,-0.026639312903986207,0,0
2018-10-22,-0.0039826264,0.010024481,0.008237996,0.01329934,4.2741737,-0.015904844037757136,-0.02572260089191284,0,0
2018-10-23,-0.0037254144,0.009158273,0.01679665,0.011742733,4.196939,-0.01453051694438836,-0.023499927897839723,0,0
2018-10-24,-0.030313753,0.011224993,0.017562876,0.0102697,4.164876,-0.017809575162882084,-0.028803086209573475,1,1
2018-10-25,0.008967832,0.01326869,0.01674505,0.01779628,3.9401336,-0.021052104028522544,-0.03404716629570164,0,0
2018-10-26,-0.006999235,0.014191404,0.017300254,0.016177647,3.924168,-0.02251608322052881,-0.03641483191886939,0,0
2018-10-29,-0.009787392,0.014808146,0.027150247,0.014498993,3.945071,-0.023494606586714817,-0.037997379094563875,0,0
2018-10-30,0.015670037,0.01788623,0.010616277,0.013841658,3.8214276,-0.028378296031089243,-0.045895676881041625,0,0
2018-10-31,0.009543737,0.014755051,0.013644812,0.01449212,3.8478048,-0.023410365573786084,-0.037861137711174504,0,0
2018-11-01,0.009910156,0.013452031,0.005724835,0.013583451,3.8947139,-0.02134299422369593,-0.03451761745989116,0,0
2018-11-02,-0.005034566,0.009986932,0.017271725,0.01288455,3.9833279,-0.015845267803130957,-0.025626249384014105,0,0
2018-11-05,0.005582261,0.01160844,0.0070418227,0.011658826,4.033684,-0.018417953120674208,-0.02978700427645762,0,0
2018-11-06,0.007092873,0.010048578,0.0066586854,0.010725354,4.0721726,-0.01594307453461248,-0.025784430345265237,0,0
2018-11-07,0.020626685,0.008298521,0.01291843,0.010174764,4.133638,-0.013166433814449156,-0.021293822270427018,0,0
2018-11-08,-0.002755435,0.009697879,0.005584637,0.013105159,4.1437674,-0.015386655667718054,-0.024884544725017804,0,0
2018-11-09,-0.010648394,0.00818782,0.0104701305,0.011858422,4.165223,-0.012990796125416964,-0.021009766786083517,0,0
2018-11-12,-0.018614057,0.008621542,0.014750802,0.01167725,4.2385845,-0.01367893873476638,-0.022122686702493503,1,0
2018-11-13,-9.165483e-05,0.010657977,0.010615155,0.013308314,4.3120522,-0.016909948683839538,-0.02734813746457016,0,0
2018-11-14,-0.010689376,0.01058172,0.014287044,0.012000354,4.3247643,-0.016788957531282803,-0.027152460781335718,0,0
2018-11-15,0.0132525405,0.011373311,0.015433471,0.011781762,4.406223,-0.01804489767020016,-0.029183668812097427,0,0
2018-11-16,0.0031036083,0.012589228,0.010045812,0.0121491505,4.4326057,-0.019974070977125263,-0.0323036840041712,0,0
2018-11-19,-0.017190292,0.011364215,0.015141117,0.011188407,4.3032413,-0.018030465092097374,-0.029160327278820015,0,0
2018-11-20,-0.021083001,0.012112434,0.011222027,0.012638217,4.3564034,-0.019217588526947445,-0.031080239366709384,1,0
2018-11-21,0.0034032932,0.011791742,0.010170009,0.014771816,4.429323,-0.01870877997537943,-0.030257353001316146,0,0
2018-11-23,-0.0073884963,0.010883563,0.0055890367,0.01342703,4.3623123,-0.017267862142967372,-0.027926984075145767,0,0
2018-11-26,0.015284758,0.0085167345,0.008305564,0.012516891,4.4276404,-0.013512651908562665,-0.021853754190243338,0,0
2018-11-27,0.00504344,0.008282589,0.006492814,0.01317163,4.5153723,-0.013141156443333083,-0.021252941660263727,0,0
2018-11-28,0.021383304,0.0077963267,0.010870017,0.01204342,4.547135,-0.012369652348698563,-0.020005202803746222,0,0
2018-11-29,0.0010025977,0.008707615,0.007942597,0.014659874,4.4296036,-0.013815502593852832,-0.022343548826963322,0,0
2018-11-30,0.005088607,0.008597771,0.008438456,0.013180358,4.419309,-0.013641224010294644,-0.022061691397979234,0,0
2018-12-03,0.0117139565,0.008369863,0.010232561,0.012257039,4.2688475,-0.0132796259456474,-0.021476885745177574,0,0
2018-12-04,-0.032410666,0.008984513,0.014021321,0.012267563,4.3441067,-0.014254828461574023,-0.02305406217308973,1,1
2018-12-05,0.0,0.010507476,0.005914825,0.018059619,4.368984,-0.01667116235777679,-0.026961952894059633,0,0
2018-12-06,-0.0039868397,0.008615423,0.024049174,0.016260574,4.2891107,-0.013669231355588531,-0.022106987143308544,0,0
2018-12-07,-0.020650255,0.011980166,0.018485282,0.014872847,4.2517695,-0.019007732507286098,-0.030740843228922708,1,0
2018-12-10,0.002652019,0.01447889,0.017190378,0.01618819,4.347324,-0.02297220879013441,-0.03715251510241451,0,0
2018-12-11,-0.0006623457,0.014701977,0.015131664,0.014764798,4.2721696,-0.023326158945682924,-0.03772495193770767,0,0
2018-12-12,0.0042503015,0.014371538,0.013778599,0.013478511,4.200922,-0.022801882651789576,-0.036877049887684706,0,0
2018-12-13,-0.0026425081,0.013705232,0.008817893,0.012431588,4.1703844,-0.0217447229992434,-0.035167325745975156,0,0
2018-12-14,-0.016579702,0.011425139,0.010346243,0.0112844175,4.174498,-0.018127128075696643,-0.029316658478437122,0,0
2018-12-17,-0.019207109,0.010663452,0.020576695,0.012683815,4.206402,-0.016918633566888476,-0.02736218336026901,1,0
2018-12-18,-0.0056969016,0.013433454,0.012359015,0.014174566,4.2210846,-0.02131351918926833,-0.03446994804892073,0,0
2018-12-19,-0.013287256,0.013164284,0.027711164,0.013212982,4.1715794,-0.020886454226455776,-0.03377926403043752,0,0
2018-12-20,-0.0073135626,0.016354151,0.021310272,0.013324871,4.23451,-0.025947498791413438,-0.04196439487054782,0,0
2018-12-21,-0.029697575,0.018099915,0.021853363,0.012650463,4.25364,-0.028717326791793948,-0.04644398486362769,1,0
2018-12-24,-0.030179463,0.018482864,0.021836847,0.016555052,4.3245907,-0.029324913898597867,-0.04742662390229337,1,0
2018-12-26,0.053724416,0.019162485,0.03547185,0.019582259,4.4621167,-0.030403200311867797,-0.04917051595114781,0,0
2018-12-27,0.009665802,0.023128193,0.028735857,0.029426428,4.5265083,-0.03669519267673347,-0.05934643518884603,0,0
2018-12-28,-0.003613736,0.025232952,0.014158951,0.026573695,4.4895244,-0.04003460350302028,-0.06474720062199275,0,0
2018-12-31,0.0077135367,0.020175818,0.008213258,0.02403212,4.436895,-0.03201095512769275,-0.05177070714832903,0,0
2019-01-02,0.0022925502,0.014083975,0.01960732,0.022162354,4.390733,-0.022345635830430633,-0.03613917060599167,0,0
2019-01-03,-0.025511844,0.015077296,0.011469803,0.020393364,4.3023634,-0.02392163897442946,-0.03868801042996258,1,0
2019-01-04,0.033544015,0.013939883,0.020643923,0.021300608,4.36672,-0.022117020173827155,-0.035769434865201406,0,0
2019-01-07,0.0075761667,0.015353604,0.0118590705,0.023648642,4.475199,-0.024360031022677163,-0.03939701352766627,0,0
2019-01-08,0.00858877,0.014213652,0.008050851,0.0219455,4.407812,-0.022551381958572054,-0.036471919894615595,0,0
2019-01-09,0.0038797334,0.011213142,0.007070234,0.020558797,4.4072995,-0.01779077390220373,-0.028772679289295226,0,0
2019-01-10,0.004443164,0.009361429,0.0101460405,0.019164108,4.3849907,-0.014852844823638559,-0.02402122262884161,0,0
2019-01-11,0.00038543073,0.009579728,0.0056657605,0.017923564,4.3732343,-0.015199198647326701,-0.024581374061510067,0,0
2019-01-14,-0.005603338,0.008117205,0.0065058363,0.01664019,4.2954783,-0.012878759505330774,-0.020828572097414167,0,0
2019-01-15,0.009641416,0.007417056,0.007167619,0.015528397,4.2417526,-0.01176790161360392,-0.019032002817722504,0,0
2019-01-16,0.002970062,0.0074696955,0.006170302,0.014931715,4.2913213,-0.011851419640331769,-0.01916707492931949,0,0
2019-01-17,0.008383397,0.0070876777,0.01227291,0.013614478,4.216262,-0.011245310176163701,-0.01818682565390409,0,0
2019-01-18,0.013662058,0.008610929,0.008797467,0.013034527,4.2696996,-0.013662101933464902,-0.022095456864895207,0,0
2019-01-22,-0.0148960985,0.008813757,0.012487096,0.013557149,4.360897,-0.013983908611148505,-0.02261590866654488,1,0
2019-01-23,0.002371805,0.009711586,0.010935396,0.014013537,4.410075,-0.015408403165029803,-0.024919716537606478,0,0
2019-01-24,-0.0016122153,0.010113859,0.005760936,0.0129966345,4.429035,-0.016046648868152134,-0.025951939139313245,0,0
2019-01-25,0.011137444,0.008095274,0.00785451,0.011871577,4.4573116,-0.012843962061849845,-0.020772294855801867,0,0
2019-01-28,-0.008104841,0.007829513,0.010198063,0.011820727,4.6295075,-0.012422307279882219,-0.0200903606196049,0,0
2019-01-29,-0.00066259643,0.008751045,0.005760303,0.011426524,4.576034,-0.013884408879439376,-0.02245498964831807,0,0
2019-01-30,0.015875585,0.0075764544,0.011788404,0.010381102,4.5803785,-0.01202080381542864,-0.019441016724855455,0,0
2019-01-31,0.008167856,0.008662754,0.008490986,0.01168998,4.592377,-0.01374432600491457,-0.0222284362873018,0,0
2019-02-01,-9.24428e-05,0.008780175,0.005296733,0.011135455,4.801879,-0.01393062660933004,-0.022529736701309318,0,0
2019-02-04,0.006266724,0.0071774716,0.005280542,0.010104722,4.9511986,-0.011387777366882916,-0.018417235124022928,0,0
2019-02-05,0.003576509,0.0064278916,0.0049194884,0.009978757,4.7086196,-0.010198493117204664,-0.01649382839152751,0,0
2019-02-06,-0.0005494002,0.0060158935,0.0036808117,0.00950322,5.287148,-0.009544817676037898,-0.01543665156878962,0,0
2019-02-07,-0.009386284,0.005250414,0.010141928,0.00886042,5.411784,-0.008330307632481935,-0.013472447641014722,1,0
2019-02-08,0.0008317546,0.0067529227,0.0073479237,0.00905866,5.434405,-0.010714187682525796,-0.017327851375619253,0,0
2019-02-11,0.0007387571,0.0071943984,0.0054473286,0.008339534,5.6129003,-0.011414633725383903,-0.0184606694003661,0,0
2019-02-12,0.013387326,0.006377368,0.0068834964,0.0077098073,5.5131893,-0.010118332135289438,-0.016364185564473423,0,0
2019-02-13,0.0017290808,0.0065317787,0.0047554555,0.0089738695,5.4478073,-0.010363321302912976,-0.01676040187232669,0,0
2019-02-14,-0.0021845994,0.005968323,0.008330425,0.008371293,5.478144,-0.009469342079039052,-0.01531458632539136,0,0
2019-02-15,0.01213673,0.0066998024,0.009834293,0.007887031,5.3379226,-0.010629906855588503,-0.01719154560179325,0,0
2019-02-19,0.00062997796,0.0078088054,0.005461041,0.008728111,5.285391,-0.012389451674182393,-0.0200372238751972,0,0
2019-02-20,0.0029645623,0.006804507,0.0039389716,0.008155627,5.3227386,-0.010796031711166488,-0.017460216162039858,0,0
2019-02-21,-0.004585308,0.0055539,0.008094049,0.007724685,5.275093,-0.008811818251999486,-0.014251185581585831,0,0
2019-02-22,0.006109084,0.006449285,0.0049626054,0.0074284393,5.3062882,-0.010232436369229226,-0.01654872416559035,0,0
2019-02-25,0.00205789,0.0060761357,0.0048855958,0.0073137195,5.3887854,-0.009640397537631589,-0.015591231055846661,0,0
2019-02-26,-0.0019683284,0.005600113,0.0050380873,0.006940618,5.2510195,-0.0088851402730808,-0.014369767887730157,0,0
2019-02-27,0.0012530208,0.0055334656,0.00542765,0.0065943603,5.110404,-0.00877939698093849,-0.014198751278304972,0,0
2019-02-28,-0.0036740038,0.0056130146,0.0026701724,0.006253147,4.946956,-0.008905609197799494,-0.014402871889251684,0,0
2019-03-01,0.0072454363,0.0045243404,0.004637055,0.006093779,4.832696,-0.0071783191553217145,-0.01160935865002997,0,0
2019-03-04,-0.004824453,0.0047081877,0.012248324,0.006450556,4.7369576,-0.007470011059849274,-0.012081106403466126,0,0
2019-03-05,0.0,0.0068960325,0.0039839144,0.0063435147,4.8301077,-0.010941246068476303,-0.017695068572285987,0,0
2019-03-06,-0.007190396,0.005772989,0.0051744026,0.0060305814,4.6623006,-0.00915942440722959,-0.014813362386170021,0,0
2019-03-07,-0.007787778,0.005353678,0.008509469,0.0062999316,4.864842,-0.008494145897159246,-0.013737420141412304,0,0
2019-03-08,-0.0010915046,0.0064878063,0.007608691,0.006591777,5.082589,-0.01029355449182325,-0.016647569339489382,0,0
2019-03-11,0.013379335,0.0069011245,0.0096898135,0.0062340633,5.0812087,-0.01094932469275854,-0.01770813397724528,0,0
2019-03-12,0.004748049,0.00760498,0.0041919774,0.007815663,4.8031354,-0.012066062389658554,-0.019514212553691592,0,0
2019-03-13,0.007922772,0.0061431085,0.008345938,0.007485705,4.9750133,-0.009746656602157509,-0.015763081814109972,0,0
2019-03-14,-0.0025746897,0.0066830604,0.0036645716,0.007590534,5.1578894,-0.010603344577832557,-0.01714858693662971,0,0
2019-03-15,0.006203494,0.0056184297,0.004825791,0.0071848375,5.1610937,-0.00891420087987385,-0.014416767052792063,0,0
2019-03-18,0.0037917246,0.0053072153,0.0033789857,0.007094246,5.3929844,-0.00842042845058383,-0.013618198321158745,0,0
2019-03-19,-0.0014091952,0.0047976864,0.007315729,0.0067929975,5.5667014,-0.007612009531104086,-0.01231075782253558,0,0
2019-03-20,-0.003354819,0.005682858,0.0076631424,0.006456805,5.38764,-0.009016423346850145,-0.01458208949883277,0,0
2019-03-21,0.01247929,0.0065104603,0.009874484,0.006189272,5.582741,-0.010329496588050262,-0.016705697806154718,0,0
2019-03-22,-0.018244017,0.0074350443,0.010297395,0.0073667737,5.7886424,-0.011796441923694204,-0.01907816051685121,1,0
2019-03-25,-0.0013350543,0.008238482,0.007191804,0.009619561,5.82115,-0.013071176989243097,-0.02113976522395807,0,0
2019-03-26,0.005683852,0.007669902,0.0065280427,0.008865945,5.5822744,-0.012169067563848574,-0.01968080085717963,0,0
2019-03-27,-0.004437746,0.0070641474,0.009641905,0.008510107,5.554987,-0.011207977304228603,-0.01812644791221384,0,0
2019-03-28,0.0037290286,0.007871255,0.0066805813,0.008155514,5.382399,-0.012488534263665479,-0.020197468257258433,0,0
2019-03-29,0.0059200525,0.007449885,0.0034447145,0.00778613,5.4783096,-0.011819988290301772,-0.019116241606440227,0,0
2019-04-01,0.011474746,0.0056511555,0.004411774,0.0076381555,5.3684287,-0.008966123776218311,-0.014500740962668205,0,0
2019-04-02,-0.0012200437,0.00528283,0.0028166354,0.008168335,5.593314,-0.008381738282902389,-0.01355562545094711,0,0
2019-04-03,0.004437298,0.004555709,0.00509314,0.0077607823,5.4000382,-0.007228088928180559,-0.011689850354361686,0,0
2019-04-04,0.0010412148,0.0049235243,0.0035977531,0.0075395163,5.263149,-0.007811664115935914,-0.012633655374355514,0,0
2019-04-05,0.004585775,0.0047039688,0.0031479616,0.007177615,5.2434845,-0.007463317329660223,-0.012070280761308153,0,0
2019-04-08,0.00077663205,0.0042693038,0.0037654631,0.0070329267,5.261423,-0.00677367762310259,-0.010954939618139078,0,0
2019-04-09,-0.0054491335,0.004334588,0.0043792166,0.006706859,5.2251077,-0.006877257838257144,-0.01112245792441068,0,0
2019-04-10,0.004154411,0.004584186,0.0034930287,0.006681494,5.133712,-0.007273269684121016,-0.011762920329162594,0,0
2019-04-11,-0.00095052936,0.0043744314,0.003547608,0.0065159136,5.1466336,-0.006940473435211184,-0.011224695303584761,0,0
2019-04-12,0.0071499636,0.0042478275,0.003860959,0.0062531102,5.0229383,-0.0067396036182544635,-0.010899832380028677,0,0
2019-04-15,-0.0010305737,0.004326466,0.0033627127,0.0064036464,5.150675,-0.006864371672441357,-0.011101617374228634,0,0
2019-04-16,0.00068716716,0.0041768276,0.0040573413,0.006153423,5.0162597,-0.006626955310218587,-0.010717648420105691,0,0
2019-04-17,-0.0037852763,0.0043144887,0.0057033286,0.005914878,4.8765416,-0.0068453681746968,-0.011070883379800698,0,0
2019-04-18,0.0032699453,0.004918845,0.005070906,0.005768631,4.9765334,-0.0078042397082034145,-0.012621648021343529,0,0
2019-04-22,0.0008587377,0.0050584218,0.0039943266,0.005625819,4.96738,-0.008025692462721522,-0.012979799337216935,0,0
2019-04-23,0.008717258,0.004692422,0.0052767303,0.00539822,4.8656626,-0.0074449974565399075,-0.012040652379945489,0,0
2019-04-24,-0.0024707147,0.00495697,0.0025435158,0.0059599313,5.00001,-0.007864728950434965,-0.012719476119027651,0,0
2019-04-25,-0.0015366231,0.0041315965,0.005136249,0.005804248,4.8313675,-0.006555191464654074,-0.010601586121503916,0,0
2019-04-26,0.0051979157,0.0045699906,0.0048703835,0.005566278,4.838354,-0.00725074762337002,-0.011726495829897716,0,0
2019-04-29,0.00050981395,0.0049149063,0.0032053518,0.0056602606,4.749658,-0.007797990718587248,-0.012611541649631065,0,0
2019-04-30,0.0018670972,0.0043422524,0.0072224536,0.0053996583,4.77753,-0.006889418303280552,-0.011142124812543291,0,0
2019-05-01,-0.008686081,0.00527631,0.0085301455,0.0052390425,4.6460648,-0.008371393879587588,-0.013538895644776113,1,0
2019-05-02,-0.001883401,0.006392018,0.007693939,0.005855692,4.75227,-0.01014157627737749,-0.016401777872111677,0,0
2019-05-03,0.010230268,0.006664654,0.0050528497,0.0056707137,4.602261,-0.010574140097690397,-0.01710135508794454,0,0
2019-05-06,-0.005102052,0.0058929203,0.012925677,0.006463515,4.709448,-0.00934970822222866,-0.015121104770678302,0,0
2019-05-07,-0.014339318,0.0076763555,0.015980046,0.0064576124,4.5822053,-0.012179307002958991,-0.01969736090674497,1,0
2019-05-08,-0.001211492,0.010062833,0.0075198957,0.007973174,4.6108403,-0.015965692510929552,-0.025821009966945623,0,0
2019-05-09,-0.0050347326,0.008674784,0.011928311,0.0075001316,4.611054,-0.013763412297699656,-0.02225930418456954,0,0
2019-05-10,0.0049481415,0.009175295,0.016144633,0.007364269,4.496216,-0.014557524415149107,-0.02354360656515828,0,0
2019-05-13,-0.028101603,0.011227363,0.012392266,0.0072402093,4.399031,-0.017813335776963285,-0.02880916817899673,1,0
2019-05-14,0.011423635,0.011332407,0.011352199,0.012388696,3.9889235,-0.01797999721679299,-0.029078706546718798,0,0
2019-05-15,0.0055319103,0.010938373,0.0107744085,0.012363231,4.1269383,-0.017354824986299443,-0.02806762742293003,0,0
2019-05-16,0.008197482,0.010630878,0.012028949,0.011737804,4.001085,-0.01686695136432303,-0.02727859871985066,0,0
2019-05-17,-0.005748644,0.010910661,0.0077198087,0.011388937,4.014075,-0.017310855843028557,-0.02799651696618921,0,0
2019-05-20,-0.0063091693,0.009550505,0.010211148,0.010795483,4.08153,-0.01515283251976777,-0.02450638700780048,0,0
2019-05-21,0.0077058175,0.009530084,0.004625711,0.010332815,4.150407,-0.015120432965438716,-0.024453987826575964,0,0
2019-05-22,-0.0029702126,0.007492072,0.005014435,0.010139891,4.109313,-0.011886921972736964,-0.019224492174343896,0,0
2019-05-23,-0.013387552,0.006440351,0.010164856,0.0095542325,4.133806,-0.010218261677318244,-0.016525799706732004,1,0
2019-05-24,0.004335331,0.0077511887,0.0052405503,0.010158678,4.2609615,-0.012298036900802316,-0.019889380505862787,0,0
2019-05-28,-0.009491356,0.0069572106,0.008453455,0.00962403,4.308673,-0.011038310811616492,-0.017852049529945423,0,0
2019-05-29,-0.008952611,0.0072961096,0.008522893,0.009642913,4.392436,-0.011576008045849686,-0.01872165701078786,0,0
2019-05-30,0.0037698636,0.007867405,0.005152157,0.009671974,4.3325896,-0.012482425527943103,-0.020187588715493178,0,0
2019-05-31,-0.013711202,0.0067558824,0.006586117,0.0093031805,4.1535177,-0.010718883925808146,-0.01733544652030325,1,0
2019-06-03,-0.0010905126,0.0066416347,0.008804087,0.0101597775,4.127787,-0.01053761798374778,-0.017042288569691064,0,0
2019-06-04,0.019984461,0.0074847518,0.011024684,0.009721453,3.8956099,-0.011875308045467417,-0.019205709191295897,0,0
2019-06-05,0.008077803,0.008617879,0.005409512,0.011728551,3.9477386,-0.013673127699244367,-0.022113288625583937,0,0
2019-06-06,0.0063453107,0.0072797523,0.008381846,0.011369028,3.9931273,-0.011550055646315763,-0.01867968469003993,0,0
2019-06-07,0.010226021,0.0074468837,0.009173293,0.0109536145,3.9238634,-0.0118152268968236,-0.019108541095587205,0,0
2019-06-10,0.0049442784,0.008161796,0.0061111776,0.010914556,4.0294733,-0.01294950718881319,-0.02094299097646293,0,0
2019-06-11,-0.0007790522,0.0073209503,0.007845053,0.010421229,4.0403705,-0.011615420294868182,-0.018785397689372874,0,0
2019-06-12,-0.0020804445,0.007390775,0.0036203912,0.009804924,4.0483985,-0.011726203678548581,-0.018964565542707475,0,0
2019-06-13,0.0046749283,0.0058894027,0.006653794,0.009245974,4.083256,-0.009344127022119696,-0.01511207840219836,0,0
2019-06-14,-0.001382887,0.0061330195,0.0044109346,0.008866851,4.1261616,-0.009730649560988963,-0.015737193931747752,0,0
2019-06-17,0.00051880674,0.005726247,0.0031647054,0.008381251,4.1322026,-0.009085264482240864,-0.014693424954018493,0,0
2019-06-18,0.011773435,0.0047819405,0.009829642,0.007885366,4.168906,-0.007587027145596885,-0.012270354286970936,0,0
2019-06-19,0.0024745096,0.006335413,0.004852734,0.00851971,4.2708344,-0.010051766732433423,-0.016256530608108558,0,0
2019-06-20,0.008993019,0.006015575,0.005332394,0.008109332,4.250999,-0.009544311857156427,-0.01543583351756065,0,0
2019-06-21,-0.0032146208,0.0056498083,0.004907099,0.0082543455,4.363092,-0.008963986487849735,-0.014497284366956529,0,0
2019-06-24,0.0005082592,0.0055280514,0.00336644,0.007918795,4.3021755,-0.008770807108591797,-0.014184859041602623,0,0
2019-06-25,-0.010214593,0.0047962884,0.0068563684,0.0074722636,4.3153496,-0.007609791709854561,-0.012307170982531633,1,0
2019-06-26,-0.0013698633,0.0055652778,0.005841271,0.008035201,4.227875,-0.008829870285425857,-0.014280380790920274,0,0
2019-06-27,0.0044452115,0.0058727926,0.0037186376,0.0076121315,4.2333317,-0.009317773767908686,-0.015069457786827115,0,0
2019-06-28,0.004510454,0.0050346274,0.0055586696,0.0074410234,4.149696,-0.007987940638832718,-0.012918744032523084,0,0
2019-07-01,0.007949974,0.0052880496,0.0062348493,0.0072473767,4.144142,-0.008390020501546578,-0.01356902012518461,0,0
2019-07-02,0.003951411,0.0057794033,0.004520884,0.007400104,4.251467,-0.009169602315599504,-0.014829822923242393,0,0
2019-07-03,0.006940117,0.0053649326,0.004860073,0.007136061,4.292335,-0.008512002479998143,-0.013766299252239668,0,0
2019-07-05,-0.003255021,0.00522357,0.007942124,0.0072093112,4.3246136,-0.008287716596825503,-0.01340356597143262,0,0
2019-07-08,-0.0040207794,0.006170702,0.0044101523,0.0069931676,4.2156587,-0.009790436628887738,-0.01583388641627681,0,0
2019-07-09,0.0011743982,0.0055741244,0.0053343903,0.0068558035,4.1198,-0.008843906533170713,-0.014303081346669442,0,0
2019-07-10,0.0051843915,0.00544099,0.007967146,0.006608618,3.972225,-0.008632675120486403,-0.013961460811981092,0,0
2019-07-11,0.002166126,0.0063585113,0.0029218365,0.006560335,4.020454,-0.010088414622448532,-0.016315800541605016,0,0
2019-07-12,0.00382092,0.00496731,0.0026501708,0.006367845,3.8919852,-0.007881135036552937,-0.01274600936917516,0,0
2019-07-15,0.0005801666,0.004102956,0.0029595953,0.006314154,3.7924743,-0.006509750560362235,-0.01052809541373641,0,0
2019-07-16,-0.0034029165,0.0039981008,0.0034517252,0.006001094,3.8038366,-0.006343387273164809,-0.01025903924257954,0,0
2019-07-17,-0.007343157,0.004097005,0.0063459724,0.005856551,3.8323913,-0.006500308306286838,-0.010512824636322629,1,0
2019-07-18,0.004178861,0.0049917363,0.006384241,0.0062927655,3.8282974,-0.007919889449566371,-0.012808686142136809,0,0
2019-07-19,-0.006862526,0.005577541,0.007727901,0.006175028,3.897159,-0.008849326667517778,-0.014311847226564848,0,0
2019-07-22,0.0040228013,0.0061790203,0.003955394,0.006427203,3.955665,-0.009803634067861354,-0.015855230382599762,0,0
2019-07-23,0.0063365228,0.0052758646,0.0029343504,0.006285055,4.014856,-0.008370687180935659,-0.013537752714525978,0,0
2019-07-24,0.004477991,0.004352348,0.004770841,0.0064444914,4.0674233,-0.006905435750383154,-0.011168029524224176,0,0
2019-07-25,-0.0049767853,0.004709741,0.0065666786,0.0063571515,4.1064796,-0.0074724759089246345,-0.012085092756860963,0,0
2019-07-26,0.005969177,0.0055089025,0.00406902,0.0063764346,4.057481,-0.00874042540060564,-0.014135723284779902,0,0
2019-07-29,-0.00090965483,0.005043222,0.0027494312,0.0064601502,4.1550055,-0.008001576936764319,-0.012940797757067949,0,0
2019-07-30,-0.0031488258,0.0041921358,0.005740415,0.0062283296,3.9799151,-0.006651243212735576,-0.010756928781576892,0,0
2019-07-31,-0.010009259,0.004866038,0.013064615,0.006081419,3.9418383,-0.007720456556373113,-0.012486147127975368,1,0
2019-08-01,-0.010195143,0.00712679,0.016105521,0.00698549,3.9416313,-0.011307365737686533,-0.018287186929901892,0,0
2019-08-02,-0.0066276053,0.009433763,0.010802701,0.0076817074,4.04276,-0.014967609608174899,-0.024206829525838944,0,0
2019-08-05,-0.03557859,0.009356743,0.017679393,0.0077299103,4.0193577,-0.014845408652676258,-0.024009196251382436,1,1
2019-08-06,0.016123729,0.011057737,0.02362696,0.015878057,3.6584852,-0.01754420755692294,-0.02837391224210011,0,0
2019-08-07,0.0015634503,0.014413197,0.016827384,0.016217811,3.734296,-0.02286797933518119,-0.03698394679300018,0,0
2019-08-08,0.020445691,0.014725305,0.011067255,0.014902207,3.66182,-0.023363171495821882,-0.03778481162906687,0,0
2019-08-09,-0.006911585,0.012601324,0.008733161,0.016167762,3.7865536,-0.019993263138978562,-0.032334723121463606,0,0
2019-08-12,-0.0136209,0.010680418,0.0116242105,0.015168729,3.7773283,-0.016945553265857623,-0.02740572007594318,0,0
2019-08-13,0.017807689,0.010803296,0.015577097,0.015075238,3.7944195,-0.017140511607407104,-0.027721022483079116,0,0
2019-08-14,-0.031616684,0.012318921,0.015217226,0.015713168,3.8714986,-0.019545201715833904,-0.03161008192817355,1,1
2019-08-15,0.0027244382,0.013204577,0.01314168,0.019630719,3.9376826,-0.020950384665836225,-0.03388265751063286,0,0
2019-08-16,0.014982859,0.012988711,0.0068741012,0.01793295,3.8128664,-0.020607890086386853,-0.03332874756006021,0,0
2019-08-19,0.01109164,0.01017683,0.0070684133,0.017593045,3.7841477,-0.01614656031290432,-0.026113524013191537,0,0
2019-08-20,-0.008759933,0.008733345,0.007806237,0.016764676,3.795215,-0.013856326430447525,-0.02240957243921058,0,0
2019-08-21,0.010639311,0.008481771,0.0057343654,0.015799966,3.7903905,-0.013457178326545768,-0.021764037824155247,0,0
2019-08-22,-0.00239255,0.0075035943,0.008375598,0.015152536,3.818423,-0.011905203841576383,-0.01925405909210796,0,0
2019-08-23,-0.023106908,0.0078115496,0.02097569,0.013943921,3.773604,-0.012393805878936664,-0.020044265847493806,1,1
2019-08-26,0.009671171,0.011293766,0.01574593,0.016063603,3.8664272,-0.017918690882522143,-0.0289795569816648,0,0
2019-08-27,-0.006175275,0.0129113505,0.008953131,0.015293829,3.8187044,-0.020485150736908826,-0.03313024355129022,0,0
2019-08-28,0.008427138,0.010821676,0.008082322,0.01432131,3.7227116,-0.01716967174922155,-0.02776818262423259,0,0
2019-08-29,0.012722599,0.009390694,0.009805229,0.01364553,3.7329907,-0.014899276101393313,-0.024096315048720222,0,0
2019-08-30,-0.0006835854,0.009469777,0.008018427,0.01367274,3.748637,-0.015024749949368305,-0.0242992415097513,0,0
2019-09-03,-0.0064314418,0.008950406,0.009056352,0.012658483,3.6675482,-0.014200714889894963,-0.02296654532578007,0,0
2019-09-04,0.011121682,0.008869734,0.0050354553,0.012017821,3.6755545,-0.014072720091287095,-0.02275954177937527,0,0
2019-09-05,0.01133588,0.0073246136,0.0095597645,0.012072995,3.7369695,-0.011621233140117855,-0.018794798693120465,0,0
2019-09-06,0.0029398198,0.007956133,0.0037268365,0.012147653,3.7833211,-0.012623201528162374,-0.020415263055474368,0,0
2019-09-09,-0.000839067,0.006350533,0.0052026957,0.011349703,3.743347,-0.010075756482318132,-0.016295328773014563,0,0
2019-09-10,8.393839e-05,0.005874381,0.0066024982,0.01054388,3.7157702,-0.009320293813677731,-0.015073533408781823,0,0
2019-09-11,0.007858915,0.0063696546,0.005949144,0.0097311605,3.7241871,-0.010106094756840404,-0.016344394285724602,0,0
2019-09-12,0.0032425718,0.006338592,0.0045243637,0.009646156,3.785776,-0.010056811348290666,-0.01626468916911305,0,0
2019-09-13,-0.0017446936,0.005708556,0.0046960604,0.009025856,3.8347359,-0.009057195606206478,-0.014648029696196213,0,0
2019-09-16,-0.0024977117,0.0054397522,0.005072176,0.00850416,3.7647626,-0.00863071156597336,-0.013958285192720153,0,0
2019-09-17,0.0029965064,0.005482624,0.0035081664,0.0079858415,3.8092573,-0.008698731989869457,-0.014068293326859943,0,0
2019-09-18,0.00016620959,0.0048786956,0.0077852183,0.007651764,3.7713153,-0.007740539104236014,-0.012518626249577806,0,0
2019-09-19,-0.00016620959,0.0058575063,0.007805737,0.0072992165,3.6371355,-0.009293519797785357,-0.015030232303568949,0,0
2019-09-20,-0.0061692568,0.0066649816,0.006809062,0.0068672914,3.667172,-0.010574660394393162,-0.017102196553877735,0,0
2019-09-23,0.002505639,0.006592583,0.0061918683,0.0073083076,3.564044,-0.010459792455380097,-0.016916422827112775,0,0
2019-09-24,-0.008965664,0.0063714683,0.0110050505,0.007026768,3.6091812,-0.010108972223822654,-0.01634904795818994,0,0
2019-09-25,0.005372295,0.007692445,0.008460268,0.007818817,3.7371535,-0.012204834116492392,-0.0197386454205562,0,0
2019-09-26,-0.001927348,0.007960816,0.007215028,0.0076969136,3.8758967,-0.012630631365077858,-0.02042727918900044,0,0
2019-09-27,-0.005635713,0.0074236407,0.010617156,0.0073182397,3.9232614,-0.011778349171395442,-0.019048899453661127,0,0
2019-09-30,0.0049644597,0.008302017,0.005142561,0.0073077916,4.0680532,-0.013171981534596379,-0.021302794492403434,0,0
2019-10-01,-0.013775836,0.0070064664,0.00967993,0.0071777375,4.245644,-0.011116460281235635,-0.017978439176530817,1,0
2019-10-02,-0.019680092,0.0076355897,0.012571072,0.008778187,4.3531065,-0.012114627336326561,-0.019592755715605824,1,1
2019-10-03,0.010790384,0.00931496,0.012756705,0.011394466,4.477296,-0.01477911651869717,-0.02390198324755988,0,0
2019-10-04,0.013389821,0.0103049055,0.010789875,0.011308581,4.732827,-0.01634976377368092,-0.02644216109438539,0,0
2019-10-07,-0.0045852163,0.010178494,0.0073862677,0.0117741125,4.8361464,-0.016149200705562874,-0.026117794269875143,0,0
2019-10-08,-0.015437699,0.008839173,0.0112829525,0.010887133,4.9793878,-0.014024232962908544,-0.022681124471496263,1,0
2019-10-09,0.009119912,0.009433667,0.009751799,0.011788785,5.4012313,-0.014967457591051309,-0.02420658367144455,0,0
2019-10-10,0.0075085675,0.009629391,0.016961388,0.011369024,5.776027,-0.015277992379993444,-0.024708805662433612,0,0
2019-10-11,0.010064786,0.01156255,0.011581033,0.010861656,6.2237387,-0.018390796964510764,-0.029577799346364612,0,0
2019-10-14,-0.0017687939,0.011553115,0.0068292124,0.01077465,6.12461,-0.01835626050391591,-0.029593544570157695,0,0
2019-10-15,0.010816355,0.009222994,0.0058356337,0.009860324,6.0528245,-0.014642205488300501,-0.023648423756265625,0,0
2019-10-16,-0.0020870734,0.0076781283,0.0028925044,0.010071885,6.2809668,-0.012219622199050687,-0.019626164879613345,0,0
2019-10-17,0.002170466,0.005646711,0.0052340073,0.009355634,5.8461323,-0.008959073077247972,-0.01448933800170911,0,0
2019-10-18,-0.0032574679,0.005625501,0.005890229,0.008616438,6.0297465,-0.008928531561272103,-0.014428857638386014,0,0
2019-10-21,0.0060886797,0.006019308,0.0033263504,0.008163395,5.6311007,-0.009550235095793471,-0.015445413058427983,0,0
2019-10-22,-0.003999339,0.005078554,0.005598757,0.007945841,5.960482,-0.008057634155952143,-0.013031458028420236,0,0
2019-10-23,0.003749848,0.0053583113,0.00489977,0.007515528,6.2109723,-0.008521514421922075,-0.013709286763747955,0,0
2019-10-24,-0.00049916806,0.005437828,0.0038631256,0.007106495,6.5070643,-0.008672913265764234,-0.013859105576725341,0,0
2019-10-25,0.0053116567,0.0049442532,0.0052037966,0.0065373094,7.013323,-0.007917538276320293,-0.012525538271971752,0,0
2019-10-28,0.005283592,0.0051681516,0.0037889613,0.0066062533,6.9999447,-0.00827529841555766,-0.013094716113142285,0,0
2019-10-29,-0.00016469038,0.0048394646,0.003865085,0.00663887,7.0621448,-0.00775236597987973,-0.012253404664662595,0,0
2019-10-30,0.0039451024,0.0046115736,0.0070206067,0.0062223743,6.8758645,-0.0073774260607918415,-0.011701039436017668,0,0
2019-10-31,-0.0039451024,0.0055147377,0.0066336505,0.006169348,6.680526,-0.008808728740388377,-0.014025038604981412,0,0
2019-11-01,0.009017933,0.006007082,0.0049226563,0.0061105103,6.6047854,-0.00958904868171158,-0.015291301131583548,0,0
2019-11-04,0.00407233,0.0055524507,0.0037603225,0.007127108,6.6286426,-0.00886512497101962,-0.014129874444822403,0,0
2019-11-05,-0.0012199586,0.0048947227,0.003548333,0.0068517732,6.7496943,-0.007822759776608358,-0.012437885656533844,0,0
2019-11-06,0.0011386743,0.0045342105,0.0033583231,0.0063965768,6.780006,-0.007248326627676621,-0.011517650521970828,0,0
2019-11-07,0.0034082644,0.0043107914,0.005874744,0.0060148365,6.765636,-0.00689039194882316,-0.01095199408810044,0,0
2019-11-08,0.0014571361,0.0049935095,0.004507465,0.0059277755,6.599913,-0.007970759794421254,-0.012711970085069685,0,0
2019-11-11,-0.0009711882,0.0049978783,0.004025595,0.0056071472,6.706092,-0.007984818039217974,-0.012706644095510162,0,0
2019-11-12,0.0014564288,0.0046954304,0.0046682623,0.005345831,6.5225024,-0.0074898818125454505,-0.011964670613129714,0,0
2019-11-13,0.0011313133,0.0048215766,0.0047930484,0.0051587503,6.2756677,-0.00767305186005376,-0.012325362480418708,0,0
2019-11-14,0.000484457,0.0049535884,0.0041153287,0.004890969,6.4001107,-0.007892778014913272,-0.012642189335165411,0,0
2019-11-15,0.006838046,0.00475679,0.0033378794,0.004658668,6.221997,-0.007565767451751594,-0.01216848121242217,0,0
2019-11-18,0.001121795,0.004353755,0.0037572181,0.005699108,6.1092978,-0.00691632686710709,-0.011154587917104256,0,0
2019-11-19,-0.001041625,0.00433371,0.00443222,0.0053552147,6.2462807,-0.006894587562137608,-0.01108257475690676,0,0
2019-11-20,-0.003050986,0.00457573,0.0061403853,0.0051235105,5.893844,-0.007259853268100324,-0.011741222215438192,0,0
2019-11-21,-0.0016095288,0.005207196,0.005122736,0.0051436494,5.696458,-0.008261737956240484,-0.013361551211533278,0,0
2019-11-22,0.0024133227,0.005253692,0.0035057317,0.004896791,5.8131895,-0.008335508789781924,-0.013480859373508677,0,0
2019-11-25,0.006806288,0.0046089664,0.002705989,0.0047915764,5.8323827,-0.007312586470005353,-0.011826506617041604,0,0
2019-11-26,0.0035051417,0.004007185,0.0029252334,0.005720802,5.6413155,-0.006357799944263317,-0.01028234858063864,0,0
2019-11-27,0.003175866,0.00386645,0.0022270237,0.0055926302,5.835963,-0.006134509863736576,-0.009921225792456783,0,0
2019-11-29,-0.003175866,0.003527793,0.0027229793,0.0055508767,5.459572,-0.005597196744199598,-0.0090522395329859,0,0
2019-12-02,-0.009428002,0.0035359305,0.008700234,0.0053917933,5.7293644,-0.0056101077937707345,-0.00907312032719084,1,1
2019-12-03,-0.0074936897,0.0050995667,0.010989032,0.0067532184,6.0089407,-0.008091825359459057,-0.013083722262536557,0,0
2019-12-04,0.0064495546,0.006810409,0.007696381,0.007102185,5.929073,-0.010805396146952428,-0.017475361085418414,0,0
2019-12-05,0.00216737,0.0067872643,0.004692577,0.0072380076,5.981951,-0.010768674058103184,-0.01741597115156279,0,0
2019-12-06,0.009020217,0.0056903204,0.0052362513,0.006641655,6.2399693,-0.009052257251977195,-0.014553058995109053,0,0
2019-12-09,-0.003662133,0.0054697264,0.003353544,0.0074053295,6.6590962,-0.008735279562402604,-0.013914183458172203,0,0
2019-12-10,0.00047843077,0.0047725937,0.006023566,0.0070408476,6.1862807,-0.0075880439131034635,-0.012214803074028962,0,0
2019-12-11,0.0022296554,0.005272507,0.0030376264,0.0063826405,6.3327518,-0.008395452955751628,-0.013467916600824527,0,0
2019-12-12,0.007922716,0.0045867395,0.007675787,0.0059418236,6.571217,-0.0073196471548905686,-0.011680602601345468,0,0
2019-12-13,0.0012618299,0.005528397,0.00625686,0.0066603045,6.938804,-0.008848241696538315,-0.014017178676995673,0,0
2019-12-16,0.0069900146,0.0059849583,0.0043343934,0.0060979594,7.1082277,-0.009590346585236683,-0.015146073217672508,0,0
2019-12-17,0.0003912516,0.0052808686,0.002535509,0.0065501435,6.9059224,-0.008450030983046348,-0.013394612655583392,0,0
2019-12-18,0.0011728372,0.0042331517,0.0020479779,0.006070396,6.460275,-0.0067486721820201895,-0.01079520770175881,0,0
2019-12-19,0.0038995526,0.0035877142,0.0035222566,0.005648457,6.5402493,-0.005723818696345668,-0.009140008245607754,0,0
2019-12-20,0.0043495214,0.0039023499,0.003960774,0.0056532146,6.247507,-0.006208406937890905,-0.009979296706090185,0,0
2019-12-23,0.00046490005,0.004233723,0.002189166,0.005670935,6.450369,-0.006748965569567552,-0.010798029148287482,0,0
2019-12-24,-0.00046490005,0.0036381062,0.00185595,0.0054308195,5.823856,-0.0057722195782586964,-0.009335300624109215,0,0
2019-12-26,0.0057957736,0.0031998623,0.0020937254,0.005369954,5.1192684,-0.005076901851162192,-0.008210776526625673,0,0
2019-12-27,-0.002159828,0.0031588434,0.003938078,0.005622742,6.1422777,-0.005019926650093637,-0.008089480640007474,0,0
2019-12-30,-0.0043337015,0.0037368496,0.005183675,0.0054349317,5.94303,-0.005928885892212328,-0.00958867406539979,0,0
2019-12-31,0.0023239611,0.0044062086,0.0048749787,0.0054785996,6.207467,-0.0070070927049519244,-0.011273856522056968,0,0
2020-01-02,0.008628713,0.0046275477,0.0042568105,0.0052950364,6.1667356,-0.007355891794706343,-0.011846724804629453,0,0
2020-01-03,-0.0072369245,0.004519213,0.01140433,0.006277159,6.6888347,-0.007219063648522195,-0.011492072760569459,1,0
2020-01-06,0.0024695182,0.0062615443,0.0077224416,0.006564147,6.276827,-0.009964731281607518,-0.016006093826137047,0,0
2020-01-07,-0.002546789,0.0067029954,0.006014681,0.006189202,7.754008,-0.010781710234845539,-0.01685196434949214,0,0
2020-01-08,0.007697675,0.0060870014,0.018226042,0.0058777127,7.569831,-0.00978133145595929,-0.015330544549192715,0,0
2020-01-09,0.0048192865,0.008795164,0.0030070792,0.0064470577,7.5551867,-0.014131991190297982,-0.022154447189180762,0,0
2020-01-10,-0.003439976,0.006029221,0.0052886815,0.00631075,7.6509557,-0.009692741151622723,-0.015172989743340104,0,0
2020-01-13,0.007628384,0.0053932704,0.0030890987,0.0060398304,7.6729226,-0.00867137873051814,-0.01356969215152704,0,0
2020-01-14,-0.00053209683,0.004754445,0.0046205167,0.0064902194,7.997545,-0.007656547021072088,-0.011926348506249294,0,0
2020-01-15,0.0017472561,0.0048387884,0.0044267024,0.006010836,7.889449,-0.007788387153564272,-0.012149825647134243,0,0
2020-01-16,0.0068832766,0.004942966,0.0029743048,0.0056864675,7.625314,-0.007945356504432852,-0.012442443594919299,0,0
2020-01-17,0.0025596642,0.004328171,0.0026095945,0.0060790638,7.9220395,-0.006967601520092182,-0.01086446597568765,0,0
2020-01-21,-0.0016555049,0.003881372,0.004682609,0.005781166,7.7557116,-0.006243207171042854,-0.009757978301685573,0,0
2020-01-22,7.530971e-05,0.0044145044,0.0047214883,0.005512307,7.408555,-0.00708724320660013,-0.011136266902083622,0,0
2020-01-23,0.0018809019,0.0047645723,0.005244462,0.0052623427,7.0281425,-0.007630595948017523,-0.012068341064578565,0,0
2020-01-24,-0.009819551,0.0050145886,0.0103635825,0.0050532566,7.145254,-0.008037405870792333,-0.01268524168104015,1,0
2020-01-27,-0.016531833,0.0065186326,0.005523398,0.0063602235,7.3904133,-0.010464180430291577,-0.016447311902067947,1,1
2020-01-28,0.011890747,0.0061448077,0.0067754514,0.009135417,6.93918,-0.009834839038889908,-0.015580013872607396,0,0
2020-01-29,-0.0017555247,0.0061571146,0.0056649074,0.009657047,6.9819374,-0.009857574821803114,-0.015603649003450765,0,0
2020-01-30,0.005257355,0.006042907,0.011502407,0.008588686,7.129277,-0.009684570763233683,-0.015289204550218522,0,0
2020-01-31,-0.020188749,0.0075228945,0.013064404,0.0080632,6.9458785,-0.012041069907624014,-0.01907266479107428,1,1
2020-02-03,0.006646597,0.009166793,0.008839441,0.011501074,6.6152725,-0.014634175688740167,-0.02333147775511064,0,0
2020-02-04,0.01650152,0.008740932,0.010677783,0.010464697,6.7497826,-0.013969792481852154,-0.022211391086812693,0,0
2020-02-05,0.010701737,0.008975109,0.008388259,0.011865502,6.872279,-0.014357662686960568,-0.022773670600858664,0,0
2020-02-06,0.0030687498,0.008667176,0.0051120836,0.0114353625,7.0705304,-0.013884797113536943,-0.021943037190595753,0,0
2020-02-07,-0.0059213904,0.007061799,0.004393037,0.010059961,7.1714354,-0.011320636121397635,-0.017858937457491425,0,0
2020-02-10,0.0082354285,0.0059819506,0.008946583,0.009266742,6.924251,-0.009573139500507123,-0.015169678599070091,0,0
2020-02-11,0.0013411819,0.007035281,0.005172511,0.008973162,7.2383437,-0.011282992213375549,-0.01777911799908225,0,0
2020-02-12,0.006826978,0.0065143476,0.0040232795,0.007908157,7.350879,-0.010454824472419395,-0.01644320813611027,0,0
2020-02-13,-0.0008878367,0.0054934206,0.007582516,0.0077873687,7.097407,-0.008802058964940934,-0.013903794081546288,0,0
2020-02-14,0.0010357329,0.006290206,0.004860676,0.006947339,7.15359,-0.01008252802137437,-0.01591069112390323,0,0
2020-02-18,-0.003481356,0.005942496,0.007431092,0.006254116,7.1868353,-0.009527259634386005,-0.015025780557888684,0,0
2020-02-19,0.005328215,0.0063798553,0.0039059129,0.0059843385,6.8870826,-0.010207115353065767,-0.016185639484311655,0,0
2020-02-20,-0.005328215,0.005527221,0.011507475,0.006090692,7.038491,-0.008852638441197427,-0.013998464432454246,0,0
2020-02-21,-0.008943937,0.007102225,0.0070297187,0.006161764,7.1379194,-0.011382925384147645,-0.017967701120793152,0,0
2020-02-24,-0.034425758,0.0072669443,0.014340719,0.007064551,7.2664657,-0.011656597221913693,-0.018359088462931314,1,1
2020-02-25,-0.029489065,0.008932355,0.026119625,0.01812807,5.5197062,-0.01417207504478328,-0.022920226650559795,1,1
2020-02-26,-0.0071282987,0.013403445,0.019760171,0.021773895,5.7013354,-0.021265907064214256,-0.03439294586722851,0,0
2020-02-27,-0.050527867,0.015136796,0.027497236,0.018237988,5.707473,-0.02401604160817915,-0.03884068600888207,1,1
2020-02-28,-0.002031145,0.017581454,0.034519866,0.031062892,5.574075,-0.027894736799858544,-0.04511362575982224,0,0
2020-03-02,0.037903473,0.022114532,0.033829767,0.025461132,5.5155334,-0.03508692027879724,-0.056745406915988665,0,0
2020-03-03,-0.02243578,0.024781074,0.034256686,0.02946455,5.5565653,-0.0393176545536143,-0.06358769276126387,0,0
2020-03-04,0.038537104,0.026937865,0.024335574,0.02720246,5.6103864,-0.04273961791692139,-0.06912196883791936,0,0
2020-03-05,-0.032383237,0.025450638,0.019352913,0.030789796,5.8076797,-0.04037998278836255,-0.06530577595238285,0,0
2020-03-06,-0.017225947,0.022540059,0.030675719,0.031042533,5.85961,-0.03576206089976052,-0.05783729896458278,0,0
2020-03-09,-0.07575731,0.024271876,0.034439623,0.027275966,5.8067126,-0.03850975955029264,-0.062281099582249956,1,1
2020-03-10,0.0420477,0.027172435,0.037939418,0.048308823,5.6392856,-0.04311178841056882,-0.06972387307848361,0,0
2020-03-11,-0.04478094,0.03090035,0.033032358,0.046753462,5.526239,-0.04902649961087017,-0.07928962268502505,0,0
2020-03-12,-0.10423595,0.031660315,0.06298691,0.046167057,5.624053,-0.050232259621181365,-0.08123967535093207,1,1
2020-03-13,0.08795598,0.038615555,0.058515947,0.07028865,5.735334,-0.06126744684285361,-0.09908667315844027,0,0
2020-03-16,-0.10955244,0.04646728,0.062240932,0.076647975,5.967167,-0.07372498952031091,-0.11923401931446038,1,0
2020-03-17,0.028257094,0.052006822,0.051406138,0.08923725,6.1818247,-0.08268276942346887,-0.13311241418152048,0,0
2020-03-18,-0.034380306,0.05428061,0.06468114,0.07467382,6.1250386,-0.08624459723122754,-0.13904009607494952,0,0
2020-03-19,-0.005218674,0.056947153,0.055171475,0.06396352,6.087526,-0.09044359683895128,-0.1459460798859983,0,0
2020-03-20,-0.042978287,0.05675913,0.069081664,0.05149494,5.9643188,-0.09005403915117496,-0.1456426798207714,0,0
2020-03-23,-0.030164186,0.058175806,0.06579592,0.048577357,5.9387197,-0.09230174262385199,-0.1492778477742442,0,0
2020-03-24,0.09344564,0.05939269,0.036698487,0.042943817,5.806668,-0.09423244696037898,-0.15240033907129008,0,0
2020-03-25,0.011824806,0.049970027,0.04960108,0.06510611,5.9479938,-0.07928245324126396,-0.12822199938682072,0,0
2020-03-26,0.055580806,0.047406986,0.053218544,0.053253837,5.818221,-0.07521593003502254,-0.12164528897057697,0,0
2020-03-27,-0.0327387,0.047187585,0.025267415,0.05405162,5.907314,-0.07486782529982161,-0.12108230582211592,0,0
2020-03-30,0.033984087,0.03780758,0.03227537,0.047616545,5.8707886,-0.059985511775802275,-0.09701342402623697,0,0
2020-03-31,-0.016020415,0.03256214,0.019135118,0.0432091,5.8589916,-0.05166309546078958,-0.08355373886244559,0,0
2020-04-01,-0.048537254,0.025846569,0.022645388,0.035853833,5.726087,-0.041008168215412984,-0.0663217282614891,1,0
2020-04-02,0.027597683,0.02240809,0.024784094,0.04102251,5.902336,-0.035552679028746564,-0.05749866965835957,0,0
2020-04-03,-0.013502231,0.022203207,0.021529447,0.036859304,5.9042735,-0.03522761212668024,-0.05697294515800153,0,0
2020-04-06,0.063115194,0.02116361,0.032404564,0.030630304,5.836207,-0.033578186521714876,-0.05430536058837571,0,0
2020-04-07,-0.0009458054,0.023258453,0.033288628,0.0449027,6.004079,-0.03690363893165034,-0.05967723557812376,0,0
2020-04-08,0.03459523,0.026553784,0.026930884,0.0363876,5.8972487,-0.04213023556027697,-0.06813642637592938,0,0
2020-04-09,0.01622956,0.026114604,0.026192162,0.035857353,5.9913363,-0.041433432499202054,-0.06700950007613395,0,0
2020-04-13,-0.0074020918,0.02533719,0.025230775,0.030678863,5.953236,-0.040199987275120766,-0.06501467264206669,0,0
2020-04-14,0.029900929,0.024488969,0.014792611,0.025293902,5.884094,-0.0388542013967061,-0.06283815881054129,0,0
2020-04-15,-0.024209086,0.019920753,0.018328326,0.027176615,6.0269227,-0.031616250820180665,-0.05109680930539321,0,0
2020-04-16,0.0044943895,0.01828473,0.02122563,0.026337253,6.122912,-0.029051297777083034,-0.04683781101763589,0,0
2020-04-17,0.029166892,0.018822802,0.01579008,0.021753626,6.0426946,-0.029879151445598627,-0.04826987209884484,0,0
2020-04-20,-0.022373874,0.017286807,0.013010093,0.024673067,6.225697,-0.027496064774568254,-0.04421967421990095,0,0
2020-04-21,-0.026904214,0.015141871,0.024299448,0.024086881,6.3245335,-0.02410855781083005,-0.03868206175699992,1,0
2020-04-22,0.020469876,0.017277814,0.020166958,0.025123686,6.4867463,-0.02755170820373593,-0.04404635593037775,0,0
2020-04-23,-0.0027831413,0.018402077,0.015988452,0.023880994,6.532982,-0.02935668070066511,-0.04688513164926357,0,0
2020-04-24,0.017379342,0.01701927,0.01647992,0.020104807,6.462811,-0.027133485593649073,-0.043400435839573044,0,0
2020-04-27,0.01386352,0.016210478,0.014605824,0.019488188,6.5730467,-0.025869546143100487,-0.041280707527758996,0,0
2020-04-28,-0.00061015476,0.015291574,0.015333438,0.018130321,6.6363244,-0.024416337590999083,-0.038910333386921174,0,0
2020-04-29,0.025396278,0.014867374,0.018742906,0.015284791,6.602413,-0.023732166658800864,-0.03784668359550775,0,0
2020-04-30,-0.013177225,0.01573391,0.017669274,0.019027952,6.876587,-0.025170668738329842,-0.03992163773296136,0,0
2020-05-01,-0.028215175,0.016243022,0.012943096,0.017644288,6.951933,-0.025999560523217512,-0.041177819133342085,1,0
2020-05-04,0.0012395964,0.014619911,0.014224724,0.02131488,7.3218603,-0.02345923423299859,-0.03691402455587231,0,0
2020-05-05,0.011612693,0.014086291,0.014632686,0.018097056,7.263339,-0.022594779238905374,-0.035588551164925306,0,0
2020-05-06,-0.008696853,0.0140439235,0.0123276,0.016557643,7.4193687,-0.022548178649041125,-0.03542404461869582,0,0
2020-05-07,0.016277598,0.013166601,0.014422934,0.014787523,7.3923087,-0.02113621773069242,-0.03322030673682781,0,0
2020-05-08,0.016700052,0.013220409,0.008299986,0.015322234,7.7443323,-0.02126385932507285,-0.03324040103941408,0,0
2020-05-11,-0.0019653926,0.011137941,0.01386529,0.015850643,8.030973,-0.017939271725008185,-0.0279307689612285,0,0
2020-05-12,-0.024329152,0.011625015,0.020192547,0.013325263,7.968281,-0.01871834432375265,-0.02916859179038424,1,0
2020-05-13,-0.013944273,0.014192372,0.021889186,0.01760595,8.051165,-0.022860979000594986,-0.03558402953152857,0,0
2020-05-14,0.012014279,0.016529948,0.02281317,0.016681623,8.029131,-0.02662365891053085,-0.0414530610268023,0,0
2020-05-15,-0.00017563888,0.018082317,0.013461874,0.015529933,8.026075,-0.02912354617077791,-0.04534725581052063,0,0
2020-05-18,0.035036806,0.015880771,0.020548949,0.013102315,7.850686,-0.025556448581773812,-0.039889649971865664,0,0
2020-05-19,-0.009971532,0.016486967,0.013806481,0.02207831,7.711653,-0.026513360745718133,-0.04146648438247468,0,0
2020-05-20,0.016901333,0.015647331,0.011231695,0.01940522,7.6158834,-0.02515034537626874,-0.03939111358260047,0,0
2020-05-21,-0.010668122,0.01341656,0.006249085,0.018805532,7.679008,-0.02157203328836949,-0.03375464534924676,0,0
2020-05-22,0.0054329503,0.010115981,0.012507578,0.016936956,7.6627083,-0.01626374369177947,-0.02545473650903109,0,0
2020-05-26,0.01395567,0.010577754,0.01416502,0.014648052,7.515,-0.01699242722793959,-0.02665532492548855,0,0
2020-05-27,0.013598883,0.011918759,0.015183679,0.014550987,7.651422,-0.01916097076321359,-0.02999431985527935,0,0
2020-05-28,0.0008232486,0.012825304,0.010673405,0.014386402,7.748682,-0.020628827570196667,-0.03224565003617948,0,0
2020-05-29,0.0013157896,0.01180923,0.015437509,0.012143306,7.6331496,-0.018983033663613695,-0.02972394974612194,0,0
2020-06-01,0.003937013,0.012526272,0.0108065745,0.010208098,7.5659037,-0.02012829559037608,-0.03154952569906337,0,0
2020-06-02,0.0075028897,0.011799318,0.008910782,0.008871726,7.464753,-0.018949358824705,-0.02974859905542287,0,0
2020-06-03,0.013156491,0.010298593,0.009748628,0.008647724,7.575623,-0.016549555526063867,-0.02593625774362162,0,0
2020-06-04,-0.002328103,0.009900717,0.008814496,0.010549805,7.6232023,-0.015914298189374315,-0.024922617681704076,0,0
2020-06-05,0.024218103,0.009476377,0.018216956,0.009048264,7.5338707,-0.01522475251450638,-0.02387542685147197,0,0
2020-06-08,0.012706255,0.011770765,0.008128391,0.0155797945,7.4273314,-0.018899399448487595,-0.029687878305893808,0,0
2020-06-09,-0.006839759,0.010524123,0.007941216,0.014883917,7.4806304,-0.016902973280584592,-0.026529314286820226,0,0
2020-06-10,-0.006101873,0.009089152,0.009830108,0.013100736,7.44935,-0.014595612776745285,-0.022919263189543758,0,0
2020-06-11,-0.056743078,0.009322798,0.026846547,0.011583464,7.427443,-0.014968898592143069,-0.023513659565807775,1,1
2020-06-12,0.008105917,0.013579302,0.024183663,0.032670673,6.203155,-0.02159387024279005,-0.0347464284189375,0,0
2020-06-15,0.012525234,0.017498026,0.029672952,0.027706187,6.1101737,-0.0277974382480381,-0.0448304725239003,0,0
2020-06-16,0.014617664,0.020291535,0.019065982,0.02427755,6.061226,-0.032217456930957594,-0.05202286163660758,0,0
2020-06-17,-0.0036143167,0.019497788,0.011857901,0.021911493,6.0445895,-0.030951291223936285,-0.049999497695985086,0,0
2020-06-18,-0.0029008884,0.015690897,0.012634459,0.018491535,5.923736,-0.024895178350634893,-0.04026249709372653,0,0
2020-06-19,-0.012505238,0.013932116,0.018606447,0.015519038,5.846954,-0.022104697738178018,-0.03574950602506524,0,0
2020-06-22,0.016612351,0.015127575,0.014085346,0.014767386,5.8528605,-0.024001411769761227,-0.03881702545025955,0,0
2020-06-23,0.0024882623,0.014672913,0.019496147,0.0155173605,5.9271183,-0.02328004527513281,-0.03765037317790306,0,0
2020-06-24,-0.02253845,0.015678281,0.021397913,0.013051544,5.847076,-0.02487516276269548,-0.040230126265131144,0,0
2020-06-25,0.0071081636,0.017258836,0.016615946,0.016789474,5.916146,-0.027382871618269765,-0.044285795964998834,0,0
2020-06-26,-0.020978928,0.016742464,0.016172964,0.014651169,5.8581524,-0.0265635952376831,-0.042960795901623584,0,0
2020-06-29,0.01346071,0.015911946,0.009569187,0.017020427,5.970792,-0.025245896332579447,-0.04082970659630075,0,0
2020-06-30,0.01384838,0.013075205,0.013705498,0.016145498,5.9840765,-0.020745121734980505,-0.03355068968776256,0,0
2020-07-01,0.0041173915,0.01275257,0.012069731,0.015623158,6.001228,-0.02023352136437825,-0.032722245160198844,0,0
2020-07-02,0.008344079,0.012492676,0.012682667,0.013384583,5.916847,-0.019820881150009934,-0.0320559330187334,0,0
2020-07-06,0.013648839,0.012239689,0.012430992,0.012284948,5.8908825,-0.01941949260326288,-0.03140677497819876,0,0
2020-07-07,-0.011254775,0.012103762,0.009452807,0.01292629,5.959028,-0.019203829167534842,-0.031057986617178582,0,0
2020-07-08,0.008571481,0.010909079,0.007267483,0.012645374,5.987391,-0.01730834575076165,-0.02799245744184366,0,0
2020-07-09,-0.007137789,0.009256089,0.013895903,0.011795772,5.9799376,-0.014685711949752956,-0.023750921819813114,0,0
2020-07-10,0.011868167,0.010505231,0.013961184,0.010863481,5.9530673,-0.016667600813738387,-0.026956192876819513,0,0
2020-07-13,-0.009562644,0.011745133,0.01774679,0.011377505,6.0155826,-0.018638247651702855,-0.030131124755413304,0,0
2020-07-14,0.011134477,0.013310375,0.01501843,0.01109211,6.0383725,-0.021127717766846566,-0.03413567315545314,0,0
2020-07-15,0.011244847,0.013668482,0.008569574,0.011298531,6.0978084,-0.02171081678077143,-0.03502505251623645,0,0
2020-07-16,-0.007795487,0.011219513,0.006834044,0.011463906,6.159436,-0.017832992291816903,-0.028725303773888374,0,0
2020-07-17,0.0060856864,0.00910562,0.006009371,0.010778233,6.1527524,-0.01447199187314579,-0.02331523573033636,0,0
2020-07-20,0.009676121,0.0078369165,0.011832558,0.009959312,6.1486406,-0.012455024730488271,-0.02006780706998462,0,0
2020-07-21,0.001847149,0.009061772,0.007242421,0.010085963,6.2268667,-0.014413657944215123,-0.02317966114568648,0,0
2020-07-22,0.0043733525,0.00853658,0.009173751,0.008970833,6.205499,-0.013575245983960895,-0.02184252771303754,0,0
2020-07-23,-0.0117050465,0.008508085,0.013205415,0.008282235,6.2380533,-0.013534535980638711,-0.021760082729076296,0,0
2020-07-24,-0.0073078144,0.009968696,0.009159526,0.009432054,6.4279094,-0.01588774574249491,-0.025432279832672797,0,0
2020-07-27,0.00877846,0.009632312,0.008504282,0.009125884,6.559863,-0.015369988071462162,-0.024533132069965716,0,0
2020-07-28,-0.005973409,0.008923245,0.007354858,0.009198377,6.7424107,-0.0142603265448212,-0.02267665582339939,0,0
2020-07-29,0.012218852,0.008257143,0.009020003,0.008689632,6.885711,-0.013210448096800713,-0.020948633930468502,0,0
2020-07-30,-0.0011536244,0.008444339,0.016118329,0.009820176,7.1693425,-0.013536773377944478,-0.021355793667614902,0,0
2020-07-31,0.004529932,0.010674985,0.013309997,0.008715889,7.139861,-0.017109303603846337,-0.027005746078883248,0,0
2020-08-03,0.007631295,0.011519554,0.00822393,0.008059321,7.1813893,-0.018467979008426835,-0.02912924853258875,0,0
2020-08-04,0.0034909346,0.009827253,0.006104147,0.008127457,7.351345,-0.01577172462694772,-0.0248053679582595,0,0
2020-08-05,0.004836769,0.0080555,0.006035221,0.007449036,7.2511945,-0.012920243770300264,-0.020354573164664835,0,0
2020-08-06,0.008483216,0.0072372565,0.00811399,0.007093157,7.1994953,-0.01160402633460562,-0.018297131614020728,0,0
2020-08-07,0.00014949917,0.0075939163,0.005403495,0.0076773963,7.3523393,-0.012187522481020535,-0.019167913172176327,0,0
2020-08-10,0.0023889523,0.006848073,0.0058792033,0.006848716,7.16517,-0.0109775642427895,-0.017319606499425266,0,0
2020-08-11,-0.0068086004,0.00646152,0.011983754,0.0062468136,7.151129,-0.010356956964775515,-0.016344454650590902,0,0
2020-08-12,0.01194044,0.008146229,0.010424891,0.006642718,7.217295,-0.013062946088064556,-0.02059125776228236,0,0
2020-08-13,-0.0006678788,0.008991421,0.0051410915,0.008581267,7.2714224,-0.01442320693560852,-0.022714591437084833,0,0
2020-08-14,-0.0018575627,0.00720579,0.006246835,0.007592454,7.0415187,-0.011541350066816853,-0.018249060234750973,0,0
2020-08-17,0.0054144394,0.0067006685,0.002795172,0.006839423,7.000691,-0.01072923730162676,-0.016977562531723746,0,0
2020-08-18,0.0021428317,0.0051626614,0.005144478,0.0067410967,6.992287,-0.008266059432348018,-0.013081933562472474,0,0
2020-08-19,-0.0042161383,0.0052547194,0.0056019626,0.006147015,6.935588,-0.008410021909811216,-0.013323762082206328,0,0
2020-08-20,0.002369143,0.0056629544,0.008662927,0.005960922,6.9747024,-0.00906595299882142,-0.014352498548643646,0,0
2020-08-21,0.0034695345,0.0066530905,0.008105746,0.0055201175,6.9440064,-0.010648725660370555,-0.01686782536451717,0,0
2020-08-24,0.0102640195,0.007167348,0.005316955,0.0053356388,6.9941483,-0.01147596185892047,-0.01816133103141153,0,0
2020-08-25,0.004512052,0.006337256,0.004744099,0.0073642246,6.9195952,-0.010141402685213359,-0.016071558880242434,0,0
2020-08-26,0.010760946,0.0057050595,0.007118294,0.0069693774,6.8807135,-0.009127076106267527,-0.014474751689427797,0,0
2020-08-27,0.0014356474,0.0062550353,0.0067261993,0.008505887,7.0348477,-0.010018083604680863,-0.015842399640563457,0,0
2020-08-28,0.005508079,0.006551587,0.0050227633,0.0074903355,6.9100056,-0.01048365142251639,-0.01661693673821399,0,0
2020-08-31,-0.0015706436,0.0059561604,0.0067484733,0.00726046,6.885397,-0.009529126272895446,-0.01511102189351794,0,0
2020-09-01,0.007970437,0.0062330654,0.0070266407,0.0064808684,6.8189917,-0.00996711664395458,-0.01582575974215568,0,0
2020-09-02,0.01470563,0.0065956456,0.008286267,0.0072598187,6.9178166,-0.010554760047656899,-0.016727185238173625,0,0
2020-09-03,-0.03345126,0.007129213,0.025289325,0.010334952,6.9824977,-0.01141395457341567,-0.01806707084137105,1,1
2020-09-04,-0.012792732,0.01121979,0.027444044,0.020888982,6.7267604,-0.01792820447922739,-0.028518203403544797,0,0
2020-09-08,-0.024286697,0.015674014,0.01943787,0.018714817,6.6871862,-0.02503758211191635,-0.03985881794481457,0,0
2020-09-09,0.019226365,0.015974803,0.02200037,0.020698,6.8622155,-0.025553276402165568,-0.04053960047431754,0,0
2020-09-10,-0.017728463,0.016985357,0.017550012,0.020301515,6.9318056,-0.027183807185494437,-0.043069592461607624,0,0
2020-09-11,-0.0020227,0.016771533,0.013853932,0.019628964,6.9600906,-0.026847109273142496,-0.04251371365478957,0,0
2020-09-14,0.014517285,0.015135439,0.010389638,0.016702065,6.8241253,-0.02420360395317995,-0.038426584289088454,0,0
2020-09-15,0.00368868,0.012841178,0.00762231,0.01627209,6.8649983,-0.02054116650449512,-0.03258628372093763,0,0
2020-09-16,-0.0045759915,0.010444116,0.0090456875,0.014207895,6.7641873,-0.016693738295993733,-0.02653476957025983,0,0
2020-09-17,-0.00846896,0.009739313,0.015086329,0.012602789,6.6974974,-0.015558839866620128,-0.02476386741944469,0,0
2020-09-18,-0.010424183,0.011359784,0.016666707,0.011866101,6.7128367,-0.018149859062264205,-0.028878861325284083,0,0
2020-09-21,-0.0125167575,0.013059248,0.02223454,0.011703378,6.7733865,-0.020875248028100164,-0.033175267449871954,0,0
2020-09-22,0.007377301,0.015441977,0.010136878,0.012080916,6.859572,-0.02470047729976615,-0.03918864244291101,0,0
2020-09-23,-0.02082611,0.013088031,0.01630193,0.011225598,6.869403,-0.02093673388035656,-0.03321100991328225,0,0
2020-09-24,0.0020867959,0.013326753,0.015244022,0.014375497,6.9721026,-0.021334704539456698,-0.03377703624722692,0,0
2020-09-25,0.015095494,0.014051889,0.017654594,0.0126320915,6.8721123,-0.022479062034399463,-0.03565569108347896,0,0
2020-09-28,0.017714253,0.01481451,0.008849841,0.013417782,7.0196323,-0.023724441009353333,-0.03752772933131567,0,0
2020-09-29,-0.003667806,0.012187489,0.009441684,0.014776698,7.186667,-0.01953947273848384,-0.03081648806294861,0,0
2020-09-30,0.005459386,0.010681482,0.019220306,0.012986154,7.090372,-0.017114027685027886,-0.0270368190255422,0,0
2020-10-01,0.004687683,0.0130343065,0.008381865,0.011637463,6.986481,-0.020868673632217272,-0.03303045889593698,0,0
2020-10-02,-0.008498635,0.011243666,0.015089278,0.010437787,6.850412,-0.017983746019287233,-0.02853720394946814,0,0
2020-10-05,0.015968256,0.011802564,0.0094274515,0.010109939,6.8652825,-0.018879805854990196,-0.029950556316031995,0,0
2020-10-06,-0.011784461,0.010978333,0.01772867,0.012145774,6.948858,-0.017572189567035004,-0.02783223429576322,0,0
2020-10-07,0.015828732,0.012574601,0.012369232,0.01222426,7.0388637,-0.020140081869066524,-0.03184681263832854,0,0
2020-10-08,0.008985706,0.012586276,0.0064822664,0.013492138,7.1307797,-0.02017140131296652,-0.03184411003494435,0,0
2020-10-09,0.0103462925,0.00965891,0.0053431215,0.012568071,7.1035013,-0.015477024198322,-0.02444497301368209,0,0
2020-10-12,0.016985849,0.0076812813,0.010287514,0.012158182,7.1317234,-0.012310486746111609,-0.01943394955918793,0,0
2020-10-13,-0.007957413,0.008552193,0.0072540203,0.013890413,7.267678,-0.013718314167713372,-0.02160584241401141,0,0
2020-10-14,-0.0067995824,0.008301786,0.0098246215,0.01264794,7.2360487,-0.01331398460819079,-0.020980262344367402,0,0
2020-10-15,-0.0015812552,0.008655768,0.011223628,0.011468939,7.1634445,-0.013875169199953333,-0.021891894742915946,0,0
2020-10-16,-0.0038196868,0.0095366305,0.009135136,0.009920793,7.0753345,-0.015278164604937522,-0.024142989705698545,0,0
2020-10-19,-0.011474345,0.00927082,0.0152503885,0.008827285,7.038851,-0.01484858653806605,-0.023479560144468097,0,0
2020-10-20,0.0027717012,0.010811691,0.010448505,0.009944664,7.1552444,-0.017330173020605383,-0.02734701801742291,0,0
2020-10-21,7.2835865e-05,0.010667907,0.007666923,0.008753772,7.084494,-0.017091595233919808,-0.027004207437464078,0,0
2020-10-22,0.0048679574,0.00911932,0.009835848,0.007624426,7.02291,-0.014604312770144482,-0.023099975912691566,0,0
2020-10-23,0.0007245327,0.009168315,0.0063184146,0.007232481,7.052375,-0.014685786771364538,-0.023216461940917185,0,0
2020-10-26,-0.017019512,0.008064793,0.016183786,0.0063878377,7.0216,-0.012915401804567283,-0.020429073606892553,1,0
2020-10-27,-0.0030989475,0.010106083,0.008462907,0.01117387,6.763504,-0.016153343582745436,-0.025676157021650554,0,0
2020-10-28,-0.035962652,0.009730897,0.012428098,0.009794434,6.6715508,-0.015542075242673314,-0.024750232331311628,1,1
2020-10-29,0.011803815,0.010129453,0.017390495,0.02190575,6.2134485,-0.01610964914859,-0.02591542639005608,0,0
2020-10-30,-0.011420865,0.012573402,0.015439677,0.019486647,6.167208,-0.019986624359613927,-0.032188253426153605,0,0
2020-11-02,0.010890782,0.013397228,0.015486472,0.01758552,6.137502,-0.021289308172052997,-0.03431120078775117,0,0
2020-11-03,0.018313332,0.01367313,0.013505178,0.016053542,6.099101,-0.02171851403354111,-0.035036336879205106,0,0
2020-11-04,0.021629622,0.013311486,0.030778809,0.017005185,6.201615,-0.02116764516840072,-0.03406185809614539,0,0
2020-11-05,0.020102266,0.017488867,0.01627353,0.018746655,6.338921,-0.027849343115008578,-0.044669364309908095,0,0
2020-11-06,-0.00114196,0.017276729,0.01254046,0.019368341,6.4435506,-0.02753904186706927,-0.04406780517656464,0,0
2020-11-09,0.012278802,0.014650205,0.029737322,0.016421728,6.3307257,-0.02332716534026564,-0.03742298889150152,0,0
2020-11-10,-0.0008468596,0.018158603,0.0111540295,0.015568361,6.3488154,-0.028918637224804113,-0.04637397640012149,0,0
2020-11-11,0.0075960415,0.015528361,0.008271662,0.013390349,6.2560587,-0.024706873685108138,-0.0397054138488256,0,0
2020-11-12,-0.0099993795,0.011635829,0.009830136,0.012328261,6.2407036,-0.01851061160501208,-0.029758469927382854,0,0
2020-11-13,0.013915468,0.0106800515,0.012035625,0.012067088,6.2721066,-0.01699560724279646,-0.02730263317883046,0,0
2020-11-16,0.011381108,0.011078765,0.0076961243,0.012956902,6.3569784,-0.017644982119490293,-0.028290257224957715,0,0
2020-11-17,-0.0044953222,0.009734415,0.008369505,0.012837288,6.3899355,-0.015508783324661749,-0.024846739097572457,0,0
2020-11-18,-0.011643036,0.009012462,0.011223829,0.0114972945,6.3340006,-0.01435078630321202,-0.023020753222229576,0,0
2020-11-19,0.0041987468,0.00972037,0.007403175,0.011857074,6.4111395,-0.015489527312315152,-0.024804094260203465,0,0
2020-11-20,-0.0072187297,0.008860011,0.007825398,0.010672064,6.363946,-0.0141121601285485,-0.022622487350146193,0,0
2020-11-23,0.006100787,0.008288315,0.0066697407,0.010189888,6.3867,-0.013204459673349917,-0.02115650597179556,0,0
2020-11-24,0.01574508,0.0077128927,0.008081487,0.009604221,6.396778,-0.012288913961556265,-0.019685134160835137,0,0
2020-11-25,-0.0015151518,0.007809822,0.0076022507,0.012018441,6.481343,-0.012453157824753296,-0.019910952561208044,0,0
2020-11-27,0.0025468953,0.007833,0.005748948,0.01059798,6.3979716,-0.012480421955432856,-0.019991367825710985,0,0
2020-11-30,-0.0036502674,0.0070191002,0.011125024,0.009485454,6.3447833,-0.011177886032238434,-0.0179265290382298,0,0
2020-12-01,0.010228337,0.008222061,0.008611363,0.008688713,6.3230567,-0.013090796720897857,-0.021004833308102867,0,0
2020-12-02,0.0018423123,0.008476176,0.0058081294,0.00964401,6.381409,-0.013503065577531016,-0.021637521236104504,0,0
2020-12-03,-0.000750162,0.0072613154,0.005036906,0.008669055,6.309238,-0.011559553149377774,-0.0185537999246754,0,0
2020-12-04,0.009100232,0.006356092,0.00432165,0.0078335,6.254257,-0.010112867008287904,-0.01625266962439122,0,0
2020-12-07,-0.0019624436,0.0056792656,0.006241991,0.008812022,6.3303814,-0.00904292547385051,-0.014507376814339027,0,0
2020-12-08,0.0030435247,0.0060185674,0.00774188,0.008034222,6.2539706,-0.00957581947994099,-0.015389669824798337,0,0
2020-12-09,-0.008000585,0.006746859,0.008776262,0.00754779,6.232261,-0.010732158554037028,-0.017256952321727272,0,0
2020-12-10,-0.0010897699,0.0074205613,0.0071895556,0.008337799,6.297516,-0.01181167784719833,-0.01896363472893152,0,0
2020-12-11,-0.00197824,0.007279957,0.008881709,0.0076279882,6.2382083,-0.011580867102327795,-0.01861901275753134,0,0
2020-12-14,-0.004036816,0.0076727993,0.009228805,0.007141897,6.1839256,-0.012198832407957128,-0.019638109751759596,0,0
2020-12-15,0.011045316,0.008157302,0.0074704764,0.0070623388,6.1918063,-0.012970221275120548,-0.0208759359210095,0,0
2020-12-16,0.001829083,0.0077763223,0.004643461,0.009132761,6.21434,-0.012367401293008283,-0.019894885516842143,0,0
2020-12-17,0.0051306398,0.0064359363,0.004087439,0.008296644,6.139092,-0.010227415040370306,-0.016482505444812206,0,0
2020-12-18,-0.0017522582,0.0055428115,0.008669645,0.008115211,6.145263,-0.008808734078278813,-0.014194002196785644,0,0
2020-12-21,-0.005546551,0.006653173,0.024122523,0.007521153,6.096718,-0.01056767352808538,-0.01704880236016204,0,0
2020-12-22,-0.0023088425,0.010799072,0.005861416,0.007639248,6.1254373,-0.017158349289411068,-0.027661732454296803,0,0
2020-12-23,0.0011550876,0.008615085,0.009684117,0.007190416,6.1038904,-0.013685003587609362,-0.02207402433649003,0,0
2020-12-24,0.0036602765,0.0082444865,0.002926759,0.0067378893,6.083522,-0.01309332108329878,-0.021130420847696528,0,0
2020-12-28,0.008757213,0.0059208525,0.0075524645,0.0066699362,6.091861,-0.009403968168116261,-0.015173246026690429,0,0
2020-12-29,-0.0020140994,0.0063295737,0.0060283015,0.008015576,6.155437,-0.010060182676530433,-0.016206483519226413,0,0
2020-12-30,0.001141821,0.006559983,0.0041259145,0.0074514006,6.104916,-0.010420608205448286,-0.016808097096545425,0,0
2020-12-31,0.0065569617,0.0056053572,0.0060149995,0.006945196,6.067006,-0.008900373252701297,-0.014369695940087936,0,0
2021-01-04,-0.0151864225,0.005828141,0.02097242,0.00749263,6.0989385,-0.009257450734646058,-0.01493419307563345,1,1
2021-01-05,0.0070170993,0.009425966,0.01011569,0.010970291,6.1024184,-0.014972837821674034,-0.024152199610645797,0,0
2021-01-06,0.0059661646,0.009785081,0.016479615,0.010453641,6.098775,-0.015542647512003668,-0.025073625046000567,0,0
2021-01-07,0.014596862,0.010993613,0.009212575,0.0098763,6.080949,-0.017458784541399836,-0.028177370569223863,0,0
2021-01-08,0.0057796035,0.0101804165,0.008629188,0.011894766,6.197241,-0.016187935380676043,-0.02605151829617852,0,0
2021-01-11,-0.0067021735,0.009162035,0.007287385,0.010924676,6.1473193,-0.01456079484848411,-0.02346143124100169,0,0
2021-01-12,0.0006590655,0.008358615,0.007234612,0.010366436,6.148878,-0.013284182897891943,-0.0214036399466016,0,0
2021-01-13,0.0024347724,0.007885256,0.006620517,0.009361762,6.0663977,-0.012520386188833757,-0.020214535863146883,0,0
2021-01-14,-0.0032916423,0.0074417545,0.0051343055,0.008634634,6.049594,-0.011813914475766405,-0.019082059933732534,0,0
2021-01-15,-0.0076785972,0.006581473,0.009259568,0.008110951,6.0608187,-0.010449546158353772,-0.016873489182513038,0,0
2021-01-19,0.007480754,0.0074471296,0.008234339,0.0084356265,6.133576,-0.01183359873927143,-0.019073627119450386,0,0
2021-01-20,0.014275666,0.00785711,0.008872107,0.008619197,6.2245526,-0.012497220922440723,-0.020098808472623183,0,0
2021-01-21,0.0002600442,0.008066693,0.0042098635,0.010653381,6.413641,-0.012854676952982912,-0.020583637283782423,0,0
2021-01-22,-0.0030597986,0.0064584888,0.006280642,0.009635839,6.3767457,-0.010288305257949793,-0.016487876532490044,0,0
2021-01-25,0.0037096133,0.0063364287,0.011797205,0.008924518,6.3659477,-0.010092812871309333,-0.01617854050588948,0,0
2021-01-26,-0.0015602655,0.008131443,0.0074893087,0.008400161,6.319343,-0.012946040983997577,-0.020774344733416383,0,0
2021-01-27,-0.025901867,0.0079497695,0.021855049,0.0077874837,6.1574416,-0.01263558596809945,-0.020354338487753854,1,1
2021-01-28,0.009304248,0.011056993,0.021341084,0.014794331,5.7040496,-0.01754302580475979,-0.028372001016867487,0,0
2021-01-29,-0.019774845,0.014307729,0.0136200925,0.013974381,5.738908,-0.022700644676661295,-0.03671331964153151,0,0
2021-02-01,0.016196312,0.01337411,0.019379407,0.016011985,5.891726,-0.0212193644882083,-0.034317673446811144,0,0
2021-02-02,0.013845158,0.014544169,0.011045619,0.016372828,5.895046,-0.0230757813139464,-0.037320020969624494,0,0
2021-02-03,0.0013740311,0.013049973,0.0065356134,0.016041271,5.9448276,-0.020705088749374014,-0.03348594510373376,0,0
2021-02-04,0.010666074,0.009802893,0.009472424,0.014212055,5.7902474,-0.015553270054628554,-0.02515400699495113,0,0
2021-02-05,0.004067277,0.009465151,0.0044711707,0.013738703,5.8096485,-0.015017408789108249,-0.024287368791288625,0,0
2021-02-08,0.0071261497,0.0074570295,0.0035552366,0.012509078,5.8137207,-0.011831323519511404,-0.019134573856431837,0,0
2021-02-09,-0.0006399181,0.0057967054,0.0032083294,0.0118452,5.8802013,-0.00919705316963739,-0.014874218665877934,0,0
2021-02-10,-0.00064032787,0.0049986383,0.008983366,0.010801896,5.9341264,-0.007930840111647873,-0.012826396439047358,0,0
2021-02-11,0.0023032639,0.0063655796,0.0064743906,0.009902773,6.087627,-0.010109838096073326,-0.016313896646691205,0,0
2021-02-12,0.0048450944,0.006672635,0.007239206,0.009182192,6.215434,-0.010612227292503707,-0.017070968003093392,0,0
2021-02-16,-0.0008271036,0.0067569716,0.00713763,0.008762779,6.446254,-0.01077085710295244,-0.01723443087177745,0,0
2021-02-17,6.364765e-05,0.0069163647,0.0064561153,0.008107031,6.605615,-0.011040605923207153,-0.01760574076759377,0,0
2021-02-18,-0.004720902,0.0067307255,0.009591181,0.0074989256,6.739195,-0.010756162673694506,-0.017105459747888015,0,0
2021-02-19,-0.0016640003,0.007597219,0.007271103,0.007311684,6.9409523,-0.012159598028001165,-0.019262179552855682,0,0
2021-02-22,-0.007586997,0.0074989195,0.008225033,0.0068301586,7.0458965,-0.012011214533982692,-0.01899050321587098,0,0
2021-02-23,0.0011610658,0.0075705457,0.016758502,0.0073482036,7.316288,-0.012147346700515965,-0.019116091380891508,0,0
2021-02-24,0.011409649,0.010027667,0.011685202,0.0069061965,7.001094,-0.016056536269059982,-0.02540710299804052,0,0
2021-02-25,-0.024386732,0.01049774,0.01674187,0.00836317,6.9395585,-0.016801805355114795,-0.026616654141705016,1,0
2021-02-26,-0.0049101543,0.011805154,0.013407015,0.013492211,6.9299016,-0.01889301368851682,-0.029934858467614164,0,0
2021-03-01,0.02322367,0.012226763,0.012628545,0.012438533,6.762782,-0.01954288133418809,-0.031064358766111348,0,0
2021-03-02,-0.008047685,0.011860964,0.0047911243,0.015711464,7.1081634,-0.019006098017455602,-0.030016441796323567,0,0
2021-03-03,-0.013209028,0.008514205,0.013253004,0.014430491,6.909563,-0.013624129088824927,-0.021594878675990553,0,0
2021-03-04,-0.01351862,0.009631173,0.021079946,0.014216802,6.9101214,-0.01541152540115814,-0.02442772777529757,0,0
2021-03-05,0.019331262,0.0132081155,0.019230014,0.014150711,6.682391,-0.0210977384613863,-0.03359001917565603,0,0
2021-03-08,-0.005157848,0.014982143,0.014072688,0.015430326,6.469806,-0.023887268934421682,-0.03820220666563709,0,0
2021-03-09,0.01403988,0.014174024,0.011936901,0.013904115,6.5427504,-0.02261365672679019,-0.03610840737651121,0,0
2021-03-10,0.0059847664,0.012818103,0.010531146,0.014092886,6.9153414,-0.020511947417556062,-0.03250885142916492,0,0
2021-03-11,0.010276795,0.011671983,0.010866392,0.012884726,6.4257965,-0.018602012158426405,-0.029778534364239294,0,0
2021-03-12,0.0013961165,0.011161035,0.0066621825,0.012560975,5.8374605,-0.017708100113430107,-0.028638972547638544,0,0
2021-03-15,0.0063845473,0.009245819,0.007796111,0.011588996,5.751858,-0.014669418066750015,-0.023724570033623372,0,0
2021-03-16,-0.0037878833,0.008528682,0.0049353926,0.011191253,5.468144,-0.01353160880581993,-0.02188441281859204,0,0
2021-03-17,0.0027791832,0.007167697,0.008628384,0.009987717,6.7465024,-0.011455141788959374,-0.0182143892180186,0,0
2021-03-18,-0.0146136405,0.0076030907,0.010850997,0.009336903,6.428462,-0.012117592598341116,-0.01939697610173346,1,0
2021-03-19,-0.0016013839,0.008814064,0.008619321,0.010860282,6.11257,-0.014002432093789832,-0.02258115258394283,0,0
2021-03-22,0.0077269776,0.0087201,0.009048477,0.009968254,6.338905,-0.013885920008559878,-0.022272534312179543,0,0
2021-03-23,-0.0077269776,0.00863602,0.006906438,0.009903101,6.004143,-0.013702580584703989,-0.022158540148982123,0,0
2021-03-24,-0.0048840144,0.00793811,0.008928138,0.009876976,5.65986,-0.012594606926242237,-0.020369017551204807,0,0
2021-03-25,0.005076316,0.008172312,0.011748064,0.009289171,6.448006,-0.013027173243047736,-0.0208439530447645,0,0
2021-03-26,0.016338052,0.0093431445,0.008022953,0.008906806,6.522183,-0.01490360723314765,-0.023807849021062668,0,0
2021-03-29,-0.0014513333,0.008790827,0.007591071,0.010855523,7.2119613,-0.014096113688400889,-0.022221879178121413,0,0
2021-03-30,-0.0028456717,0.008157442,0.00557842,0.009989369,6.822558,-0.013044691144472317,-0.020710889531311637,0,0
2021-03-31,0.004990377,0.007128146,0.006989575,0.009412481,6.445239,-0.011362415837897027,-0.01818139011713055,0,0
2021-04-01,0.010655068,0.007064396,0.00608616,0.009065666,6.3133206,-0.01124652725045925,-0.018049668246692793,0,0
2021-04-02,0.0042925198,0.006825702,0.004022703,0.009544888,6.4720936,-0.010883008002431655,-0.01740400390373703,0,0
2021-04-05,0.01000626,0.0057590706,0.0071661044,0.009185022,6.0985055,-0.0091476944073124,-0.014757293149171154,0,0
2021-04-06,-0.00092231075,0.006294035,0.004037696,0.0094724,6.1403074,-0.010002051200928752,-0.016118826252011883,0,0
2021-04-07,0.0014752892,0.0056252815,0.0032723064,0.008908723,6.9546924,-0.009004344357152777,-0.014260250207477714,0,0
2021-04-08,0.0046574418,0.0047623096,0.0038994197,0.008369767,7.1575613,-0.007633672590000695,-0.012045451097805597,0,0
2021-04-09,0.0074313553,0.004688745,0.006179127,0.008153952,7.281154,-0.007521708263729458,-0.011843733061211956,0,0
2021-04-12,0.00018204436,0.00540156,0.0033156679,0.008342747,7.1783724,-0.008659530085258,-0.013659251572557044,0,0
2021-04-13,0.0030292037,0.0047698934,0.0064330525,0.007855351,7.2057076,-0.007648227995158665,-0.012058374913558972,0,0
2021-04-14,-0.0035754363,0.0053413576,0.004671826,0.007587129,7.100486,-0.0085585880985689,-0.013518467052953162,0,0
2021-04-15,0.010748247,0.005307939,0.005488,0.007422003,6.7983165,-0.008486414105981,-0.013480137207113574,0,0
2021-04-16,0.0032978593,0.0053803013,0.0045348257,0.008408597,7.1848955,-0.008625816186311546,-0.013604537714874774,0,0
2021-04-19,-0.0049809567,0.0052049416,0.0054292087,0.008057735,7.1559877,-0.008343095716163818,-0.013165236818021028,0,0
2021-04-20,-0.007003168,0.005349761,0.008606415,0.007924338,6.9645457,-0.008563929291452122,-0.013560281714068098,0,0
2021-04-21,0.009226659,0.0064232224,0.006577698,0.008102396,7.0002284,-0.010284951798990962,-0.016274678856603882,0,0
2021-04-22,-0.008923786,0.0064873663,0.008546816,0.008620327,6.9289193,-0.01038233039237305,-0.016450488897514503,0,0
2021-04-23,0.010543219,0.0069882954,0.007814278,0.008891366,7.1838584,-0.011203711773687456,-0.017670681513764303,0,0
2021-04-26,0.0019159388,0.0072376467,0.0035362681,0.0094129,7.1199493,-0.01159857849151124,-0.018313889853124828,0,0
2021-04-27,-0.000119638695,0.0055924067,0.0043404987,0.008840903,6.906692,-0.008948581710210351,-0.014184686934553154,0,0
2021-04-28,-0.00065826875,0.005145907,0.003499474,0.008308255,7.047969,-0.00824245054321761,-0.013031357499567906,0,0
2021-04-29,0.006503797,0.0047672032,0.006704689,0.00791951,6.853729,-0.007625123262755594,-0.012099026874645135,0,0
2021-04-30,-0.006922921,0.0055303928,0.004280209,0.007998766,6.7950783,-0.008841853582336478,-0.014045620811049975,0,0
2021-05-03,0.0026913087,0.0052696066,0.0035714644,0.008208873,6.8843417,-0.008430658248855267,-0.013369370270535794,0,0
2021-05-04,-0.006591587,0.004683849,0.010367195,0.0078238025,6.951269,-0.00749721468802964,-0.011874153129573217,0,0
2021-05-05,0.0004207616,0.006356699,0.0045747827,0.00794525,6.932117,-0.010173449969356286,-0.01611855861502299,0,0
2021-05-06,0.008199465,0.005833941,0.008046559,0.0075338236,6.8587284,-0.009331719863407117,-0.014805517467445219,0,0
2021-05-07,0.0073638908,0.006322708,0.0054273335,0.007984177,6.79616,-0.01010867217050407,-0.01605767013623244,0,0
2021-05-10,-0.009930214,0.006126063,0.009123851,0.008185773,6.6439223,-0.009782222386070677,-0.015586689499042999,1,0
2021-05-11,-0.008943905,0.0069383564,0.013182839,0.008738958,6.9833465,-0.011108459378279575,-0.017583229705209664,0,0
2021-05-12,-0.021329267,0.008808131,0.011943026,0.00900724,6.876129,-0.014090952707266458,-0.02234898186607627,1,0
2021-05-13,0.011817791,0.009615034,0.014813079,0.0121313045,6.6733866,-0.015357253485585731,-0.024454993737123995,0,0
2021-05-14,0.014983364,0.01084727,0.009133013,0.01199603,6.64695,-0.01732158179376911,-0.02759795002083582,0,0
2021-05-17,-0.0027021363,0.0099309115,0.006986701,0.012659939,7.0927124,-0.015911705755016985,-0.02513633881478006,0,0
2021-05-18,-0.008393009,0.008414052,0.01026377,0.011367398,7.6217456,-0.01352454399655228,-0.0211806053705128,0,0
2021-05-19,-0.0027931284,0.008905748,0.011666144,0.010845262,7.6034446,-0.014313466154382164,-0.02242235245045904,0,0
2021-05-20,0.010343981,0.009860035,0.01272534,0.009928108,7.3856125,-0.01582759026869859,-0.02487931063092844,0,0
2021-05-21,-0.0006019745,0.010640154,0.0064489134,0.010145263,7.37711,-0.017078990236075637,-0.026850091968803946,0,0
2021-05-24,0.01006539,0.008767619,0.008775632,0.009277756,7.365373,-0.014072310374173709,-0.02212748895695553,0,0
2021-05-25,-0.0019691507,0.008480874,0.005264552,0.009650498,7.281286,-0.013605071662102458,-0.02142259123094859,0,0
2021-05-26,0.0017902971,0.007298981,0.0039365604,0.008962441,6.99442,-0.01168674785356931,-0.01849481903456011,0,0
2021-05-27,0.0014299335,0.005903532,0.005619576,0.008396721,7.0767136,-0.00945784578480674,-0.01494518811801379,0,0
2021-05-28,0.0008331846,0.0059553906,0.0024519027,0.007909065,7.172079,-0.009547013947544097,-0.01506078098126731,0,0
2021-06-01,-0.00095226767,0.0046845973,0.0066134036,0.0074680643,7.2412634,-0.0075131688442313695,-0.011838250881202475,0,0
2021-06-02,0.0018441958,0.0053979116,0.0039156,0.0071069165,7.2284703,-0.008656479460896165,-0.013642695631330335,0,0
2021-06-03,-0.0035724957,0.005154967,0.007713499,0.006909737,6.976682,-0.00825282039221711,-0.013064733904643615,0,0
2021-06-04,0.008789177,0.005944102,0.007409785,0.00678886,7.277549,-0.009535343885151351,-0.015015325572499853,0,0
2021-06-07,-0.00065059884,0.0065907757,0.00293433,0.007905857,6.941018,-0.010548757400701554,-0.016710405148211302,0,0
2021-06-08,5.9162845e-05,0.005003849,0.005186491,0.007458425,6.691942,-0.00799343300687744,-0.012723994177691617,0,0
2021-06-09,-0.0017171452,0.005096875,0.0028300458,0.0070476816,6.8334007,-0.008151169467963177,-0.012938789525795425,0,0
2021-06-10,0.004611845,0.004459959,0.006632162,0.0067366315,7.185064,-0.007150311287834108,-0.011277355630900885,0,0
2021-06-11,0.0018270228,0.005227741,0.0026837152,0.0068547972,12.828055,-0.008474766450660526,-0.012922925841659317,0,0
2021-06-14,0.0021175232,0.004436307,0.003873596,0.0065743476,12.384255,-0.007191762082726001,-0.01096650965038474,0,0
2021-06-15,-0.004298549,0.0043233936,0.0047907922,0.006403793,11.743062,-0.007008716041307988,-0.010687388044777552,0,0
2021-06-16,-0.0055624736,0.0047499817,0.0077697574,0.006618697,11.284322,-0.0077002644769891574,-0.011741910219784124,0,0
2021-06-17,-0.00017803627,0.005757377,0.0065825325,0.0069356253,11.5706415,-0.009333367260795469,-0.014232181342865215,0,0
2021-06-18,-0.014045594,0.0060599954,0.009671439,0.006459073,11.493628,-0.00982394662014292,-0.014980251595562473,1,0
2021-06-21,0.014401635,0.006972751,0.011661192,0.009554817,11.680488,-0.011303627516116696,-0.017236574126609776,0,0
2021-06-22,0.005325456,0.008317461,0.0061643743,0.011094451,11.282838,-0.013483556727405805,-0.020560685027077173,0,0
2021-06-23,-0.0011219038,0.0072696027,0.0028266036,0.009745293,12.131165,-0.011784857965228638,-0.017970388496932315,0,0
2021-06-24,0.005773212,0.005132864,0.00421462,0.008442182,11.682504,-0.008320960546022254,-0.012688391673523652,0,0
2021-06-25,0.0035767725,0.00492459,0.0036113912,0.008066767,12.009146,-0.0079833236864949,-0.01217353900796817,0,0
2021-06-28,0.0021633008,0.004733532,0.0028264394,0.0075209145,12.047682,-0.007673597674804349,-0.011701246785685402,0,0
2021-06-29,0.00035036498,0.0041947267,0.003171846,0.00703623,11.543746,-0.006800132038315438,-0.010369324341415074,0,0
2021-06-30,0.0015168312,0.004076431,0.004092661,0.006621074,10.983904,-0.006608361641466852,-0.0100768992189615,0,0
2021-07-01,0.0051748813,0.004353637,0.0035507036,0.0063721463,10.828708,-0.007057744015491956,-0.010762149382241527,0,0
2021-07-02,0.007395885,0.0042922776,0.004258331,0.0067793126,10.826655,-0.006958273534890138,-0.010610469728089959,0,0
2021-07-06,-0.002016885,0.00445541,0.0069143786,0.007559388,10.836485,-0.007222729873135073,-0.011013731536824486,0,0
2021-07-07,0.003627469,0.005360207,0.004386874,0.006974594,10.350989,-0.008689509492422021,-0.013250381284809598,0,0
2021-07-08,-0.008484654,0.005090684,0.010552667,0.006804273,10.128215,-0.008252581922797514,-0.012584123091937053,1,0
2021-07-09,0.01083834,0.006496158,0.009094202,0.00785348,10.414167,-0.01053101608671973,-0.016058441340928438,0,0
2021-07-12,0.003777261,0.0073940177,0.005720615,0.00913492,10.568223,-0.011986549499552931,-0.018277942074501428,0,0
2021-07-13,-0.0034906047,0.0064918357,0.0037975148,0.008119414,10.246054,-0.01052400925700273,-0.016047756829284953,0,0
2021-07-14,0.0014892889,0.00530423,0.005460972,0.0074906033,9.892886,-0.008596562954162125,-0.013120450109800681,0,0
2021-07-15,-0.003612493,0.0054425183,0.0057756337,0.0069135046,9.461647,-0.008810819927085718,-0.013499320803513681,0,0
2021-07-16,-0.0077273897,0.005727342,0.0076844906,0.006768432,9.281454,-0.009267149995727112,-0.014222992683163146,0,0
2021-07-19,-0.015695062,0.0063755102,0.012530578,0.007599324,9.491544,-0.010322079678306145,-0.015810351252947618,1,0
2021-07-20,0.015000136,0.008113657,0.009973435,0.010911274,9.524856,-0.01313737074940749,-0.02011632378872039,0,0
2021-07-21,0.008077588,0.008650594,0.0058149924,0.012201594,10.063157,-0.014023604203276108,-0.021384187777539785,0,0
2021-07-22,0.0020665908,0.0072462554,0.004826849,0.010696754,10.157814,-0.011747009944049515,-0.017912675145915633,0,0
2021-07-23,0.0099287545,0.0061783777,0.0048727454,0.008875019,9.724512,-0.010009093649922298,-0.01529861073938216,0,0
2021-07-26,0.0025518173,0.0057972637,0.0063453657,0.009382806,9.835815,-0.009394308220319076,-0.01434500507322779,0,0
2021-07-27,-0.004484185,0.006147155,0.00769057,0.008109776,9.542207,-0.00995374173338723,-0.015239020790346973,0,0
2021-07-28,-0.00017068244,0.0067735235,0.0044628917,0.00757824,9.566624,-0.010968706060220398,-0.016789153674568694,0,0
2021-07-29,0.0040883594,0.005909637,0.0062506567,0.0068693594,9.012172,-0.009554210330663756,-0.014703503880229075,0,0
2021-07-30,-0.0050561107,0.006000852,0.0054783346,0.006846596,9.120328,-0.009704988057115524,-0.01491891937706167,0,0
2021-08-02,-0.0022236803,0.00597618,0.0064072683,0.0070404056,9.187184,-0.009667064817132257,-0.014850609487170352,0,0
2021-08-03,0.008016189,0.006153968,0.007067888,0.006652072,8.884078,-0.009945044875578742,-0.015325775479423117,0,0
2021-08-04,-0.0045971875,0.0065243547,0.0031721024,0.007790586,9.217247,-0.010554748715311008,-0.016209418956642876,0,0
2021-08-05,0.006068358,0.0051659388,0.0029947697,0.0074232984,9.192181,-0.008356546182950375,-0.012836740988682562,0,0
2021-08-06,0.0018077058,0.004401093,0.0024313764,0.0075783515,9.06383,-0.007116491136703755,-0.010946098387108319,0,0
2021-08-09,-0.0008469552,0.0039310795,0.0031422314,0.0069019366,9.046877,-0.006356146691382598,-0.009778300087407654,0,0
2021-08-10,0.00095982844,0.003950338,0.0034522458,0.006433263,9.011495,-0.006386564107128737,-0.0098287069623624,0,0
2021-08-11,0.0023673987,0.0040828157,0.0032250274,0.0061546154,8.805263,-0.006596217665136041,-0.010173793852816415,0,0
2021-08-12,0.0031478384,0.004015123,0.0036074987,0.006096829,8.23814,-0.00647283083476209,-0.010050653501286698,0,0
2021-08-13,0.0017943259,0.004090314,0.0017005026,0.0062034633,8.291419,-0.006595516554226478,-0.010234260089426813,0,0
2021-08-16,0.002573716,0.0033415623,0.006533017,0.0060430556,8.222525,-0.005386618723939165,-0.008365709499935571,0,0
2021-08-17,-0.006840509,0.004431081,0.008772972,0.0060304403,8.062041,-0.007137907760401106,-0.011108823253399262,0,0
2021-08-18,-0.011088595,0.005896026,0.009170028,0.007094031,8.38021,-0.009510616284885256,-0.014741380176002336,1,0
2021-08-19,0.0015916328,0.006705392,0.010685206,0.009145281,8.779999,-0.010832319670374398,-0.016712072333135923,0,0
2021-08-20,0.00803308,0.007611288,0.009993961,0.0077109365,8.703721,-0.012292460036769893,-0.018980923180117095,0,0
2021-08-23,0.008639605,0.008046344,0.006059258,0.008231631,8.977513,-0.013007204606038105,-0.02002477891466756,0,0
2021-08-24,0.0015628492,0.0069810143,0.0023956436,0.008706279,8.929801,-0.011283299161987519,-0.01737957651461686,0,0
2021-08-25,0.0023397035,0.0047992626,0.0031649752,0.0074598943,8.83003,-0.007754371857776722,-0.011956850791735023,0,0
2021-08-26,-0.005915526,0.004323262,0.0026507338,0.006802373,8.433116,-0.006975125175195784,-0.01080443082134021,0,0
2021-08-27,0.008693769,0.0040139286,0.005698697,0.007148243,8.658644,-0.006481564547808692,-0.010013369372335509,0,0
2021-08-30,0.0043739513,0.004776095,0.004769877,0.008139475,8.963316,-0.007720372603824253,-0.011887403749337553,0,0
2021-08-31,-0.0010502171,0.0050252886,0.004479054,0.007457887,9.231964,-0.00812999813657921,-0.01248379550915561,0,0
2021-09-01,0.00016589709,0.004888665,0.0031137334,0.0066723446,9.170947,-0.007907511603119857,-0.012149548637738898,0,0
2021-09-02,0.0030917046,0.004344827,0.0040051127,0.0062570265,8.128062,-0.007001025773394508,-0.010886276463367948,0,0
2021-09-03,-0.00016538493,0.004401236,0.0047072247,0.0061192927,9.554821,-0.007126915801737025,-0.01090993071898041,0,0
2021-09-07,-0.003368773,0.0047321124,0.005500285,0.0058422573,8.88055,-0.007647181892393551,-0.01178510990517103,0,0
2021-09-08,-0.0014947272,0.005116429,0.0050903056,0.005928088,9.123574,-0.008274720998174036,-0.01271983268733994,0,0
2021-09-09,-0.004497634,0.0051930123,0.0063986406,0.0057399776,8.779911,-0.008389121263949322,-0.0129427252516834,0,0
2021-09-10,-0.0075973775,0.0056134006,0.008583347,0.006083834,8.546811,-0.009060593896897005,-0.014015824760656971,0,0
2021-09-13,0.0024083576,0.0065492,0.0075132106,0.007062147,9.0546665,-0.010589636697642518,-0.016289792223540135,0,0
2021-09-14,-0.0076934258,0.0067936666,0.00744905,0.0065557864,8.620811,-0.010968683482742901,-0.016952863850221555,0,0
2021-09-15,0.008364491,0.006818149,0.006311407,0.0073329695,8.915803,-0.011019551534551905,-0.01697586239828897,0,0
2021-09-16,-0.0017345088,0.0065423707,0.0069925105,0.007926038,9.1843195,-0.01058284245193726,-0.016257899140774516,0,0
2021-09-17,-0.009565682,0.0066235,0.009108294,0.0069985515,8.962431,-0.01070660042605346,-0.01648558665752202,0,0
2021-09-20,-0.01676208,0.0073985923,0.018046845,0.00808917,9.053658,-0.011963011781387499,-0.01840261497727358,1,0
2021-09-21,-0.0011505495,0.010151061,0.010778494,0.0113742445,8.813309,-0.016400561026849603,-0.025293464568074447,0,0
2021-09-22,0.009338634,0.01028197,0.012040886,0.009207494,8.798151,-0.01661119554874254,-0.02562257636620353,0,0
2021-09-23,0.012242275,0.010238763,0.008310028,0.009213271,8.824858,-0.016542909342821988,-0.025509774024271088,0,0
2021-09-24,0.0017447592,0.00932241,0.00667457,0.010120231,9.397728,-0.015089223007881616,-0.02313260891809528,0,0
2021-09-27,-0.002872028,0.008063609,0.007245832,0.0084222825,8.9251,-0.013032876356943314,-0.020075441748910548,0,0
2021-09-28,-0.020396082,0.0077092154,0.012219927,0.0073984363,8.602479,-0.012446037072968184,-0.01924028529946789,1,1
2021-09-29,0.0014378974,0.009115042,0.0055840784,0.012541653,8.196577,-0.014691875561420353,-0.022824870739823873,0,0
2021-09-30,-0.012026742,0.007804688,0.0125805335,0.010151537,8.132953,-0.012576333954149992,-0.019554373649570425,0,0
2021-10-01,0.0106464,0.008933368,0.01621258,0.010491503,8.419709,-0.014412282658829679,-0.02232817062750238,0,0
2021-10-04,-0.012159965,0.011320439,0.01307015,0.010275072,8.513804,-0.01827004094041015,-0.02827290233536263,0,0
2021-10-05,0.009912837,0.011669173,0.013815986,0.01060162,8.553887,-0.018835721069548624,-0.029134544065424813,0,0
2021-10-06,0.0046040597,0.011939002,0.013421036,0.01014935,8.470555,-0.019265131350267948,-0.029828151435661632,0,0
2021-10-07,0.008234264,0.012164811,0.009509479,0.008882276,8.253858,-0.01961234432398767,-0.030446884198483296,0,0
2021-10-08,-0.0017669359,0.0108430395,0.00493492,0.008714254,8.253487,-0.017481331742075897,-0.027138753894056275,0,0
2021-10-11,-0.007156587,0.008035996,0.009330649,0.0076592434,7.9745307,-0.012939762058344993,-0.02016216433250369,0,0
2021-10-12,-0.0023585595,0.00830371,0.0077131214,0.007764709,7.870304,-0.013364192870322922,-0.02085365000670642,0,0
2021-10-13,0.0032774662,0.008297706,0.0063737826,0.0070799333,7.6340446,-0.013338413349542666,-0.020885227456149798,0,0
2021-10-14,0.016849214,0.0074758274,0.008303192,0.0067212614,7.501557,-0.012008483200276684,-0.018841179873054285,0,0
2021-10-15,0.007535322,0.0077170716,0.0051020356,0.010324704,7.515381,-0.012396965188546858,-0.01944649603604805,0,0
2021-10-18,0.0033557077,0.006804351,0.0066951755,0.009502611,7.6793146,-0.010940503004904284,-0.01711897569714905,0,0
2021-10-19,0.007509422,0.0067220265,0.0052625486,0.008417875,7.209643,-0.010778625520215681,-0.016992685717119073,0,0
2021-10-20,0.0037060638,0.0063245776,0.0041021057,0.0082871085,7.5449886,-0.010161700359002573,-0.015932811213283674,0,0
2021-10-21,0.0030320594,0.0055288137,0.0046150507,0.007568174,7.887684,-0.008898958142495562,-0.013882651574881881,0,0
2021-10-22,-0.0011566107,0.0053419913,0.005583561,0.0069943694,8.112371,-0.008607207008506715,-0.013386575408728823,0,0
2021-10-25,0.0047281412,0.0056149643,0.0055074613,0.006388522,8.589685,-0.00906457263133331,-0.014014967807172202,0,0
2021-10-26,0.0015893462,0.00571348,0.004519979,0.0065650223,7.4302945,-0.009173847691464123,-0.014409936123126245,0,0
2021-10-27,-0.0045555667,0.0053615803,0.004391054,0.006114707,8.116858,-0.008638941266490943,-0.013435137566882001,0,0
2021-10-28,0.009417503,0.005102697,0.004434496,0.006221114,12.251822,-0.008272055372816823,-0.012613817591714233,0,0
2021-10-29,0.0020687035,0.005018657,0.006269121,0.0076409336,12.52623,-0.008135818026042806,-0.012406073208494347,0,0
2021-11-01,0.0019016061,0.0055724257,0.0050603417,0.0068047387,11.891422,-0.009033539598770174,-0.013774982827226005,0,0
2021-11-02,0.0038464712,0.0055008125,0.0045915414,0.0063173226,11.217433,-0.00891744667643428,-0.01359795609323603,0,0
2021-11-03,0.0061989794,0.0051973974,0.0052718176,0.0062883063,10.369251,-0.008425576007827977,-0.012847916760459932,0,0
2021-11-04,0.0045037875,0.0053273365,0.0025579082,0.006662821,10.609853,-0.008636222307666284,-0.013169125200536558,0,0
2021-11-05,0.0036311247,0.0043310733,0.006203496,0.006596315,10.838145,-0.007021165781750706,-0.010706372293302372,0,0
2021-11-08,0.0007992115,0.005025724,0.0041536866,0.0063824872,11.059485,-0.008147273542755504,-0.012423541394056504,0,0
2021-11-09,-0.003360989,0.0049666613,0.0053759185,0.006047405,10.307434,-0.008051526759179872,-0.012277539897622482,0,0
2021-11-10,-0.0077788006,0.005124044,0.007125741,0.006002695,10.449699,-0.008306662460954116,-0.012666588937827157,0,0
2021-11-11,0.00021540119,0.005871038,0.0035637121,0.0068721995,10.725333,-0.00951762443213927,-0.014513149765409093,0,0
2021-11-12,0.007563399,0.0050077043,0.004764706,0.0063042953,10.230299,-0.00811806210173707,-0.012378997713920068,0,0
2021-11-15,0.0001603035,0.004934284,0.004542394,0.0069373064,10.258386,-0.007999038835775856,-0.012197502583829614,0,0
2021-11-16,0.0036266707,0.005008155,0.0055212257,0.0063884873,9.636367,-0.008111458213815441,-0.012407875695546806,0,0
2021-11-17,-0.0020783935,0.005277503,0.0029847561,0.0062407916,9.687486,-0.008548845180582016,-0.013070951789059166,0,0
2021-11-18,0.0032489176,0.004494643,0.005394683,0.006014524,9.111526,-0.007268844598674897,-0.011174976994988286,0,0
2021-11-19,-0.001489996,0.004884505,0.005726441,0.0059573743,9.158134,-0.00790047416790689,-0.012140299872263173,0,0
2021-11-22,-0.003146921,0.0053828857,0.00954506,0.005753664,8.889249,-0.008699097588135677,-0.013404966953912571,0,0
2021-11-23,0.0018680121,0.0065830303,0.0070296405,0.005759859,8.894567,-0.010638799539933207,-0.016393034379119743,0,0
2021-11-24,0.0022370182,0.006698662,0.006743126,0.0056241103,8.318809,-0.010802624143434974,-0.01675668853683092,0,0
2021-11-26,-0.022217756,0.006491433,0.016001174,0.005550403,8.391455,-0.010471512126895767,-0.016228528135426495,1,1
2021-11-29,0.011950287,0.0088649215,0.009138737,0.012133242,6.902617,-0.014184603810475632,-0.022486206285178334,0,0
2021-11-30,-0.018389951,0.00899766,0.011687666,0.011367777,7.081243,-0.014415288024406425,-0.022777043299741867,1,0
2021-12-01,-0.012727795,0.009332627,0.02104593,0.013253189,6.8570085,-0.014927872164572979,-0.023685040651025675,0,0
2021-12-02,0.014806116,0.012420419,0.010888479,0.012223313,7.083529,-0.01989925206713683,-0.031440762056800915,0,0
2021-12-03,-0.00839442,0.011642612,0.016457176,0.01235515,7.329876,-0.01868274906737495,-0.029394141112138665,0,0
2021-12-06,0.011503824,0.012415913,0.010575112,0.010656997,7.0900736,-0.019892918700213993,-0.03142709068584749,0,0
2021-12-07,0.020485891,0.011599799,0.011530946,0.010495385,7.310337,-0.018611819368717544,-0.02929202568574866,0,0
2021-12-08,0.0029838043,0.011093681,0.0060457373,0.013972954,7.3633895,-0.017805501422842877,-0.027998516228751803,0,0
2021-12-09,-0.006833253,0.008939854,0.005243518,0.010911998,7.0932207,-0.014323842142698094,-0.02262772454739102,0,0
2021-12-10,0.009383732,0.0072592935,0.0047848234,0.009457384,7.2744527,-0.011644907253637133,-0.018338212778961308,0,0
2021-12-13,-0.0090088295,0.00640086,0.008229003,0.009260466,7.512613,-0.010282397761425635,-0.016130178054830545,0,0
2021-12-14,-0.008766561,0.0071189376,0.01134916,0.009036799,7.674673,-0.011446037029566291,-0.017911240038050683,0,0
2021-12-15,0.015544076,0.008591078,0.012560091,0.008950984,7.398234,-0.013791660261915587,-0.021674607782613993,0,0
2021-12-16,-0.008814395,0.0097963605,0.014121926,0.011326654,7.592988,-0.01574397879562691,-0.024667212005334706,0,0
2021-12-17,-0.010626634,0.010972873,0.009464867,0.010217181,7.6132054,-0.017636717293282197,-0.027624199293066858,0,0
2021-12-20,-0.011234235,0.010151526,0.013883995,0.01010427,7.8426843,-0.01633590388795263,-0.025500704853485486,0,0
2021-12-21,0.01788237,0.010953244,0.0066059893,0.010276222,7.918678,-0.01763253156386284,-0.027495399269914213,0,0
2021-12-22,0.009703349,0.009142209,0.008523391,0.012933948,8.12904,-0.014731337070811841,-0.022906265121669756,0,0
2021-12-23,0.0063286303,0.008630599,0.006110291,0.011415736,8.335357,-0.013919112553217252,-0.02158644670401815,0,0
2021-12-27,0.014003177,0.007740946,0.006234342,0.009731505,8.415302,-0.012488320514630518,-0.019348514655331783,0,0
2021-12-28,-0.0007844573,0.0071279556,0.0040561506,0.011139723,8.327479,-0.011495334850183607,-0.017829276016392608,0,0
2021-12-29,0.0012548366,0.006012458,0.00381678,0.008975033,8.475554,-0.009702070014525645,-0.015020791112803258,0,0
2021-12-30,-0.0025636344,0.0052568074,0.0045207655,0.007519921,8.589372,-0.008486368079885951,-0.013121038711199804,0,0
2021-12-31,-0.0028853992,0.0052099456,0.003648786,0.006670506,8.539713,-0.008409152018739102,-0.013009194087474954,0,0
