DATE,ret_true,sigma_lstm,gk_vol_actual,garch_pred,shape,VaR_ret_95,VaR_ret_99,viol_95,viol_99
2006-01-31,-0.0038880298,0.005878422,0.006194141,0.0062000663,17.728073,-0.00952959478456955,-0.0145314030090419,0,0
2006-02-01,0.0029174385,0.005933783,0.0044153407,0.0061715334,17.946579,-0.009619341622052899,-0.014668255361501755,0,0
2006-02-02,-0.011917695,0.0059017832,0.005867443,0.0061345794,17.926205,-0.009567466437552104,-0.014589152395511003,1,0
2006-02-03,-0.005123164,0.0059338165,0.00655859,0.00624159,17.729158,-0.009619395637603594,-0.014668337728250151,0,0
2006-02-06,0.0025648628,0.00594894,0.003315056,0.0062239137,19.069603,-0.009643912789669253,-0.014705723223158803,0,0
2006-02-07,-0.00890654,0.0058885436,0.005668721,0.0061842497,19.36034,-0.009546003696079775,-0.014556424482828054,0,0
2006-02-08,0.008512374,0.00596545,0.005785326,0.006228567,19.915745,-0.009670677495039701,-0.01474653594698899,0,0
2006-02-09,-0.0019731657,0.0059665167,0.006863358,0.0062568043,22.991804,-0.00967240683665499,-0.014749172969918104,0,0
2006-02-10,0.0019731657,0.005972713,0.008875409,0.006227384,19.696024,-0.009682452041098704,-0.014764490611158861,0,0
2006-02-13,-0.0019731657,0.0059921653,0.0047353297,0.0061849537,19.957966,-0.009713986150797115,-0.014812576061476323,0,0
2006-02-14,0.009827123,0.005950951,0.008271707,0.0061441795,19.419785,-0.009647173134549615,-0.014710694828612763,0,0
2006-02-15,0.0031243924,0.0059903194,0.0057668854,0.00619481,23.333517,-0.0097109933516913,-0.01480801242882301,0,0
2006-02-16,0.0073815407,0.0059647327,0.004417031,0.006168093,20.801151,-0.009669514472713752,-0.014744762487937591,0,0
2006-02-17,-0.0021311643,0.0059202285,0.003162011,0.006178958,24.050217,-0.009597368264827886,-0.014634748825650376,0,0
2006-02-20,-0.00019396761,0.0058724517,0.0017676872,0.0061714714,21.837118,-0.009519916717071981,-0.014516645204294146,0,0
2006-02-21,-0.0027195043,0.005819607,0.006000768,0.006131803,19.505371,-0.00943424974165223,-0.014386014115299071,0,0
2006-02-22,0.005431633,0.005889055,0.005962494,0.006100938,18.03067,-0.009546832497185785,-0.014557688297623755,0,0
2006-02-23,-0.001548887,0.0058689774,0.005112513,0.006103501,16.862356,-0.009514283907925842,-0.014508055896812982,0,0
2006-02-24,0.0021291017,0.00584273,0.0037004733,0.0060678185,15.542676,-0.009471734001857126,-0.014443172777744522,0,0
2006-02-27,0.0007730963,0.005798561,0.0042014886,0.006029737,14.943083,-0.00940013132545015,-0.014333987930863042,0,0
2006-02-28,-0.008926898,0.0057862946,0.005978134,0.0055920454,24.785446,-0.009380246006856774,-0.014303665384629342,0,0
2006-03-01,0.0073801074,0.0058186967,0.004350633,0.0060179136,17.118721,-0.009432773597930834,-0.014383763186503064,0,0
2006-03-02,-0.0003870718,0.0057853647,0.004799896,0.006056508,16.593573,-0.009378738635395132,-0.014301366837556919,0,0
2006-03-03,-0.0038789809,0.005786675,0.0101362085,0.006007591,16.649792,-0.009380862965724894,-0.014304606167333677,0,0
2006-03-06,-0.0054559764,0.005852922,0.007478825,0.005979744,16.763956,-0.009488256852419602,-0.014468367993890575,0,0
2006-03-07,-0.0015643336,0.0058469684,0.0041845385,0.006001841,15.676169,-0.009478604948704401,-0.014453650085536575,0,0
2006-03-08,0.0015643336,0.0058074044,0.0071579963,0.005789024,27.98411,-0.00941446739020237,-0.014355848580679502,0,0
2006-03-09,-0.005878912,0.0058419723,0.0056314743,0.0056642042,23.574404,-0.009470505992071745,-0.014441300221198959,0,0
2006-03-10,0.008610621,0.005871446,0.00586533,0.0057814107,24.286293,-0.00951828612263531,-0.014514158758076942,0,0
2006-03-13,0.0019466621,0.0058867806,0.0030571418,0.0059467875,15.876915,-0.009543145091857724,-0.014552065480065287,0,0
2006-03-14,0.017924735,0.005840713,0.007027798,0.0059216013,14.298825,-0.009468464373053988,-0.014438187015505682,0,0
2006-03-15,0.0041936776,0.005903712,0.0048785135,0.006122276,12.203526,-0.009570593431541681,-0.014593920658054862,0,0
2006-03-16,0.0019004187,0.00587827,0.0052115903,0.006094912,12.530215,-0.009529349182612475,-0.014531028497732787,0,0
2006-03-17,0.00056942203,0.0058671,0.0031848405,0.0060524074,12.357886,-0.009511240469241249,-0.014503415045333048,0,0
2006-03-20,-0.0015191799,0.0058232346,0.0039137644,0.006026636,11.2104,-0.009440129840741404,-0.014394980508050235,0,0
2006-03-21,-0.0060999044,0.0058385106,0.0077910703,0.005975704,11.351616,-0.009464894282750097,-0.014432743088228887,0,0
2006-03-22,0.0053394483,0.0059048603,0.0050038276,0.0059700636,12.0956745,-0.009572454436061795,-0.014596758449933191,0,0
2006-03-23,-0.0020942416,0.0058604428,0.004640083,0.005955002,12.716464,-0.009500448331010549,-0.014486958426399627,0,0
2006-03-24,0.0007620499,0.005847563,0.004692466,0.0059188846,12.107615,-0.009479568788687154,-0.014455119817203266,0,0
2006-03-27,-0.0013339687,0.005844664,0.003514917,0.00590199,11.206159,-0.0094748694357765,-0.014447953910092818,0,0
2006-03-28,-0.0065047103,0.005815563,0.0072512547,0.005849848,11.289272,-0.00942769276019338,-0.01437601556423207,0,0
2006-03-29,0.005741643,0.00586863,0.0067643947,0.0058608344,11.5287075,-0.009513720964608419,-0.014507197480857043,0,0
2006-03-30,-0.0019102202,0.0058454718,0.0076839905,0.0058520534,12.152747,-0.009476179312880906,-0.01444995130374142,0,0
2006-03-31,0.0,0.005842084,0.0048667737,0.0058092414,11.87833,-0.009470687450562369,-0.014441576921994352,0,0
2006-04-03,-0.0013393286,0.0058016144,0.007391737,0.0057569505,11.711157,-0.009405081344275758,-0.014341536071165263,0,0
2006-04-04,0.006868945,0.0058283242,0.0063204644,0.005710485,11.359822,-0.009448380716110396,-0.014407562028867716,0,0
2006-04-05,0.0032273403,0.0058090854,0.0043971958,0.005746112,11.123445,-0.00941719264353364,-0.014360004240532166,0,0
2006-04-06,-0.0011378723,0.005766795,0.005600581,0.0057053836,11.415229,-0.009348635093797216,-0.014255462819091506,0,0
2006-04-07,-0.010299538,0.0057770857,0.0105918655,0.005496704,13.930543,-0.009365317459032844,-0.014280901274541414,1,0
2006-04-10,0.0011496457,0.0058426876,0.004531402,0.0057665133,10.904232,-0.009471665638425775,-0.014443068532328584,0,0
2006-04-11,-0.008847913,0.005790548,0.008362449,0.005752985,10.2246685,-0.00938714142950046,-0.014314180014854261,0,0
2006-04-12,0.0011585249,0.0058889315,0.0030550507,0.0058403867,10.469483,-0.009546632470849609,-0.0145573832832586,0,0
2006-04-13,-0.0009653442,0.005836211,0.0052924724,0.0057913046,10.438926,-0.009461166365759012,-0.014427058495609123,0,0
2006-04-17,-0.00096627703,0.0058923443,0.0069474517,0.00575976,9.807637,-0.00954771670971375,-0.014582806190114565,0,0
2006-04-18,0.01573023,0.005936823,0.00802397,0.005751421,9.355814,-0.009608174998028747,-0.014735764772222704,0,0
2006-04-19,0.0013314314,0.005935351,0.0055916766,0.005965185,9.765155,-0.009616378761514657,-0.014693109930700488,0,0
2006-04-20,0.0013296611,0.0058981883,0.0068917735,0.005921936,9.627382,-0.009552774672712264,-0.014613801427408079,0,0
2006-04-21,0.0,0.0058975415,0.0064369617,0.0058861636,9.22296,-0.009540887251133882,-0.01465155409967862,0,0
2006-04-24,-0.0019000575,0.005900515,0.0050459555,0.005862087,8.566933,-0.009524745792393102,-0.014730352564211164,0,0
2006-04-25,-0.0038109801,0.005876897,0.006315087,0.005816505,8.559127,-0.009486343046122996,-0.014672299207669088,0,0
2006-04-26,-0.00038189805,0.005894353,0.0047139158,0.0058284197,8.23882,-0.00950238904110354,-0.014754656137582077,0,0
2006-04-27,0.0045731785,0.0058584586,0.010828418,0.005822489,7.8919215,-0.00942973454465901,-0.014709805809002264,0,0
2006-04-28,0.00076016726,0.005921883,0.006014178,0.005809265,7.9480476,-0.00953437816939708,-0.014861450073950703,0,0
2006-05-01,-0.005906467,0.0058608,0.006779907,0.0057548275,7.9733305,-0.00943715356746374,-0.01470479637768448,0,0
2006-05-02,0.00742507,0.0058798008,0.0034911097,0.0057822303,7.810586,-0.009460308806984867,-0.014774513538645019,0,0
2006-05-03,-0.004372215,0.0058130673,0.005110102,0.005799815,8.290017,-0.00937335419928277,-0.014544885408409139,0,0
2006-05-04,0.0036132017,0.005840343,0.0040654507,0.005778703,8.445618,-0.009423237986620859,-0.014594342848669352,0,0
2006-05-05,0.009070357,0.0058138072,0.005693964,0.005762866,8.260038,-0.009373376114695615,-0.014550415568335319,0,0
2006-05-08,-0.0013176473,0.005824493,0.0020587381,0.0058532516,8.093008,-0.009383822421818984,-0.014598158458630228,0,0
2006-05-09,0.0015057409,0.0057419986,0.0026719884,0.0058196234,7.846329,-0.009240228051918806,-0.01442345280352424,0,0
2006-05-10,-0.0011290931,0.0057743704,0.004884879,0.005819269,7.3984785,-0.00926988051571875,-0.014568240912926375,0,0
2006-05-11,-0.012123656,0.005825468,0.010018196,0.005765106,7.451393,-0.009354808429631857,-0.014689231843749312,1,0
2006-05-12,-0.013430747,0.0059255864,0.0065826103,0.006071816,6.536117,-0.00945330168064888,-0.015096719291646812,1,0
2006-05-15,0.0023152626,0.005951732,0.0063950876,0.006168229,6.1870046,-0.009462851467276732,-0.015232495007203988,0,0
2006-05-16,-0.0017359441,0.0059662685,0.0052299057,0.006206908,5.6869354,-0.009466081854656335,-0.015309313626682988,0,0
2006-05-17,-0.020281507,0.005949675,0.011790671,0.0062007015,5.596186,-0.009439754841496421,-0.015266735450463156,1,1
2006-05-18,-0.0047393455,0.0061626537,0.008570783,0.006374309,5.0726495,-0.009777667190506137,-0.015813234647147605,0,0
2006-05-19,0.006117434,0.0062097446,0.008995352,0.00638478,5.0227447,-0.009852381797023201,-0.015934069155154874,0,0
2006-05-22,-0.0069095134,0.0062833084,0.009564246,0.0063528353,5.266889,-0.009969097467978954,-0.01612283118354695,0,0
2006-05-23,-0.0075562103,0.0064475597,0.012732847,0.006321954,5.598076,-0.010229699156140767,-0.01654429732307222,0,0
2006-05-24,0.006763503,0.006538463,0.010683961,0.0063319,5.7054253,-0.010373926307011075,-0.016777553143173793,0,0
2006-05-25,0.0118251275,0.0066258567,0.0075672087,0.0063113007,6.0242233,-0.01051557434732975,-0.016995993567014984,0,0
2006-05-26,0.0052760257,0.0065382235,0.0039261887,0.00638472,5.89476,-0.010373546264202099,-0.016776938507187804,0,0
2006-05-29,-0.002146133,0.006412395,0.0015931552,0.00641591,5.665034,-0.010173906157191565,-0.016454064370072095,0,0
2006-05-30,-0.015748357,0.0063103857,0.0079611065,0.006399464,5.646084,-0.010012058592942224,-0.016192311391505884,1,0
2006-05-31,0.009478744,0.006621944,0.007821167,0.006638762,5.516491,-0.010506376655122274,-0.016991762564804797,0,0
2006-06-01,0.010751741,0.006634681,0.010167176,0.0066521475,5.8151054,-0.0105265858839215,-0.017024446565069233,0,0
2006-06-02,0.0019425026,0.006592391,0.0068969205,0.006690609,6.1067863,-0.010472306552264431,-0.016890696614601106,0,0
2006-06-05,-0.014661586,0.0064872154,0.008942498,0.006638832,6.186996,-0.010314233872250136,-0.016602981581026702,1,0
2006-06-06,-0.0029582903,0.006619673,0.010202009,0.006789812,5.9970193,-0.010502774392211478,-0.016985936693709038,0,0
2006-06-07,-0.007732764,0.0067309914,0.009414941,0.006734588,6.161819,-0.010698931565741181,-0.01723278683992398,0,0
2006-06-08,-0.00039816843,0.006813787,0.014715982,0.006736661,6.4340057,-0.010860184269634476,-0.0173820694500552,0,0
2006-06-09,-0.003590668,0.0069796466,0.0074769245,0.0067254645,6.1582494,-0.011093742107023304,-0.017870268800160568,0,0
2006-06-12,-0.011658424,0.006992488,0.010850665,0.0066742804,6.3626146,-0.011137440453532004,-0.01785440530079266,1,0
2006-06-13,-0.0032401811,0.007199804,0.010873803,0.0067463974,6.5406637,-0.011486568226170144,-0.01834202044330964,0,0
2006-06-14,0.0070743095,0.007696562,0.0066069886,0.0067154854,6.5577874,-0.012280947522286213,-0.019603357740367283,0,0
2006-06-15,0.02112474,0.00794781,0.010242745,0.006697029,6.991403,-0.01272534606859599,-0.02013956420654494,0,0
2006-06-16,-0.006131955,0.0073168115,0.0050185034,0.008049757,7.10976,-0.011724639985116326,-0.01851626953774226,0,0
2006-06-19,-0.00916889,0.0071242144,0.009223668,0.00786782,7.4818935,-0.011442404742418822,-0.017958562469133205,0,0
2006-06-20,0.0031987233,0.0071390886,0.0067991903,0.007950989,7.512777,-0.011468305143145681,-0.01799048567576865,0,0
2006-06-21,0.0073580923,0.0070470828,0.009954116,0.0076954346,7.1652446,-0.011296585426345485,-0.017822911993494485,0,0
2006-06-22,-0.004567578,0.006937705,0.00829149,0.007608376,7.575275,-0.011148678680501362,-0.01747216398819459,0,0
2006-06-23,-0.00039816843,0.0068673887,0.0073101153,0.0074559716,7.195471,-0.011010703032456305,-0.01736278672482438,0,0
2006-06-26,0.0037762143,0.0068075517,0.0039117397,0.0071793334,7.152087,-0.010911668227070799,-0.01721956394511563,0,0
2006-06-27,-0.008366583,0.0067000296,0.0066401223,0.0069637466,6.031655,-0.010634208646909638,-0.017184457131229777,0,0
2006-06-28,0.006380879,0.00676221,0.0051420266,0.0070653846,7.2099376,-0.010843079458781095,-0.01709421209564029,0,0
2006-06-29,0.019486887,0.0067403056,0.008661369,0.0070406203,7.040114,-0.010795689482797634,-0.017070463164941166,0,0
2006-06-30,-0.0023419214,0.0066071446,0.0042380067,0.008195605,6.1426477,-0.01049989202739905,-0.016920147555897543,0,0
2006-07-03,0.0068153315,0.0064342455,0.0032719453,0.007906228,6.09541,-0.010219786899438709,-0.016488097766315046,0,0
2006-07-04,-0.00038819876,0.006308698,0.0013682477,0.007943786,5.8272114,-0.010009381100866603,-0.016187981134642693,0,0
2006-07-05,-0.006231763,0.006182003,0.006775795,0.0077099376,5.53934,-0.009808366505696938,-0.01586288406404433,0,0
2006-07-06,0.0023414644,0.0063254065,0.0050305626,0.0075826454,5.7696247,-0.010035890896520357,-0.016230854921503408,0,0
2006-07-07,-0.006060032,0.0062808585,0.009792865,0.00734924,5.822339,-0.009965211077825257,-0.01611654579888071,0,0
2006-07-10,0.0015673984,0.0063527017,0.005540646,0.00726375,5.9786296,-0.010079196774603198,-0.016300892692106772,0,0
2006-07-11,0.0041027702,0.0062908875,0.007835993,0.007164591,5.46932,-0.00998112310829156,-0.016142280022246436,0,0
2006-07-12,-0.0109783495,0.0062709586,0.008319717,0.0071338564,5.52176,-0.009949503546584738,-0.016091142308212212,1,0
2006-07-13,-0.01649645,0.0064437333,0.0077088447,0.0071820975,6.146473,-0.010240630395485407,-0.016500805470739593,1,0
2006-07-14,-0.0042172973,0.0066329027,0.008934932,0.007836808,6.1415696,-0.010540701739506301,-0.016986361584278218,0,0
2006-07-17,-0.0014097274,0.006797632,0.007155542,0.0076835817,6.0325694,-0.010789237923294353,-0.01743456923714241,0,0
2006-07-18,0.004223234,0.006824644,0.008558684,0.0075001228,5.796985,-0.010827980643307755,-0.017511886560595276,0,0
2006-07-19,0.013356124,0.0068534426,0.011449658,0.0073466185,5.921012,-0.010873672647312668,-0.01758578336713924,0,0
2006-07-20,-0.006556098,0.0067941425,0.008308984,0.0076883095,6.2454853,-0.01080885168341814,-0.01737481230327514,0,0
2006-07-21,-0.0076030777,0.0068021007,0.007631673,0.007616094,6.3819237,-0.010836214568274976,-0.017363916265968588,0,0
2006-07-24,0.01811175,0.006851646,0.0087455325,0.007617791,6.3990216,-0.010916927018924256,-0.017486521127637034,0,0
2006-07-25,0.0031508494,0.0067298138,0.008800623,0.008493419,5.9145265,-0.01067752350496173,-0.01726855510058054,0,0
2006-07-26,0.0013753809,0.0066413525,0.00715327,0.008231748,6.051515,-0.010543494113633929,-0.01702921931276565,0,0
2006-07-27,-0.0007857003,0.00656283,0.008301488,0.008018174,5.8047624,-0.010412586614186096,-0.01684007772055796,0,0
2006-07-28,0.009387904,0.006573858,0.006046924,0.0077714142,5.8389807,-0.010430083966084127,-0.016868375854036662,0,0
2006-07-31,-0.0019485587,0.0064761257,0.0027296615,0.007902375,5.7475777,-0.010275021975702674,-0.016617597054658366,0,0
2006-08-01,-0.0039085452,0.006379126,0.0065372637,0.0077419644,5.4628572,-0.010121121830480091,-0.01636869728529438,0,0
2006-08-02,0.005857104,0.0064748474,0.0057777814,0.007565152,5.6044607,-0.010272993270993807,-0.0166143160692284,0,0
2006-08-03,0.0023332697,0.0064361114,0.0077020284,0.007510163,5.5609746,-0.010211534919599365,-0.01651492064978001,0,0
2006-08-04,-0.0009715341,0.0064378516,0.01082711,0.0073111705,5.704667,-0.010214295659147428,-0.01651938554119251,0,0
2006-08-07,-0.0029202786,0.006489443,0.0045215925,0.007137428,5.645028,-0.01029615145101792,-0.0166517693520603,0,0
2006-08-08,-0.004298561,0.0064216885,0.008319521,0.007029036,5.4611316,-0.010188651818179842,-0.01647791224632844,0,0
2006-08-09,-0.0041204807,0.0064764963,0.010791651,0.006949811,5.407921,-0.010275610137192756,-0.016618548277017635,0,0
2006-08-10,0.0031409527,0.006555868,0.007835413,0.006918449,5.0326843,-0.010401540941402351,-0.01682221376465091,0,0
2006-08-11,-0.002551272,0.0065591163,0.006083362,0.0067754444,5.2136574,-0.010406695045783135,-0.016830549399356125,0,0
2006-08-14,0.0007857003,0.006555446,0.0069043967,0.0066317255,5.363846,-0.01040087134216749,-0.016821130834580363,0,0
2006-08-15,0.011323823,0.0065147798,0.0064761853,0.006480605,5.3988323,-0.010336350026705465,-0.016716781741768705,0,0
2006-08-16,0.008698228,0.006481832,0.0050237104,0.0067813047,5.76103,-0.010284075138330786,-0.016632238561896016,0,0
2006-08-17,0.0015384619,0.006364166,0.0049144994,0.0068499544,6.124132,-0.010111703825853103,-0.016302051326460634,0,0
2006-08-18,0.004601235,0.006307287,0.0051768553,0.0067765354,5.6991434,-0.010007142467748966,-0.01618436063600142,0,0
2006-08-21,-0.003640897,0.0062580425,0.003994355,0.0066998773,5.8439054,-0.009929011095406441,-0.01605800025779631,0,0
2006-08-22,-0.00019199385,0.0061914106,0.004611904,0.006638498,5.693874,-0.009823293139451395,-0.015887024624103525,0,0
2006-08-23,-0.003269548,0.0061649852,0.006677962,0.0065560276,5.37748,-0.00978136627384684,-0.01581921710407789,0,0
2006-08-24,-0.0013493978,0.006208619,0.0038862901,0.006484006,5.310668,-0.009850595595821014,-0.015931180366020727,0,0
2006-08-25,0.0011567381,0.006151803,0.0037956655,0.006445649,4.8474164,-0.009760451251259515,-0.015785391636982334,0,0
2006-08-28,0.004805391,0.006109386,0.0064579174,0.006299018,4.9578447,-0.009693152908700473,-0.01567655131121592,0,0
2006-08-29,0.00095831347,0.006118248,0.005670213,0.006249982,5.1882935,-0.009707213587768762,-0.015699291379278474,0,0
2006-08-30,0.0,0.0061126263,0.002706632,0.006191739,4.743276,-0.009698293440123792,-0.015684864994635922,0,0
2006-08-31,0.00038306837,0.0060350206,0.002833339,0.0060429955,4.8084283,-0.00957516409433465,-0.015485730252270785,0,0
2006-09-01,0.0053476063,0.0060228994,0.0035024572,0.00590175,4.788961,-0.009555933023336622,-0.015454628207960763,0,0
2006-09-04,0.002853069,0.005990657,0.0018573292,0.006012362,4.618003,-0.00950477745152076,-0.01537189527740871,0,0
2006-09-05,-0.0013304193,0.0059241736,0.0033930377,0.005904434,4.753976,-0.009399294760161749,-0.015201300132659632,0,0
2006-09-06,-0.008978951,0.005945957,0.005244966,0.0057462943,4.8367195,-0.009433856034182812,-0.01525719542190921,0,0
2006-09-07,-0.0050019342,0.0060370006,0.0043076444,0.0060918834,5.0525074,-0.00957830578155552,-0.01549081124308829,0,0
2006-09-08,0.0023116944,0.006138564,0.0030864342,0.006053422,5.3122497,-0.009739446647152932,-0.015751421291404367,0,0
2006-09-11,0.000961631,0.0061473334,0.0065353937,0.0059831245,5.076871,-0.009753359833416785,-0.015773922822167597,0,0
2006-09-12,0.018663654,0.0062584365,0.0075483276,0.005837631,5.0478125,-0.00992963635631359,-0.016059011480335166,0,0
2006-09-13,0.0030143203,0.006234055,0.004694142,0.0073106885,4.461511,-0.009890952522678964,-0.015996448854056627,0,0
2006-09-14,0.00037615196,0.006161723,0.0034537443,0.007327459,4.115419,-0.009776190452734116,-0.015810846347316335,0,0
2006-09-15,0.0020663105,0.0061383382,0.004427316,0.0070878523,4.136653,-0.009739088321075897,-0.01575084177747472,0,0
2006-09-18,0.0015000941,0.006156046,0.0037669425,0.0068395543,4.303015,-0.00976718343816138,-0.015796279474448414,0,0
2006-09-19,-0.0028145248,0.0061322795,0.006066876,0.0066248965,4.4425774,-0.00972947504773646,-0.015735294413867246,0,0
2006-09-20,0.004499445,0.0061650816,0.004723442,0.0064494526,4.610341,-0.009781519195834261,-0.015819464421891298,0,0
2006-09-21,-0.004687362,0.0061161537,0.007120277,0.0063362797,4.81989,-0.009703890022917883,-0.015693916241239107,0,0
2006-09-22,-0.0032000027,0.006175279,0.005275946,0.006318835,4.7268386,-0.009797698161130677,-0.01584563035386623,0,0
2006-09-25,0.00732604,0.006158289,0.00864993,0.0061859135,4.8591433,-0.009770742267608292,-0.015802035101431487,0,0
2006-09-26,0.00820135,0.0061633177,0.0051608654,0.006229643,5.1288643,-0.0097787204520053,-0.0158149380668802,0,0
2006-09-27,0.0007422528,0.0060793785,0.003763015,0.006397492,5.071793,-0.009645542593374062,-0.015599552056361732,0,0
2006-09-28,-0.0003710575,0.0060265427,0.003936172,0.0063459836,4.7968063,-0.009561713293488384,-0.015463976528623843,0,0
2006-09-29,-0.0012997866,0.0060102483,0.0029068969,0.0061963215,4.8088846,-0.009535860428975862,-0.015422165183967482,0,0
2006-10-02,-0.0037230125,0.005969553,0.0043680244,0.0060461876,4.8573565,-0.009471292965458462,-0.0153177414567861,0,0
2006-10-03,0.0020493718,0.006012157,0.0060593225,0.0060206098,4.7089977,-0.00953888900821787,-0.015427063247408203,0,0
2006-10-04,0.011105056,0.0060570864,0.00746361,0.0058706277,4.816625,-0.009610174180815839,-0.015542351397351436,0,0
2006-10-05,0.0018389119,0.0060218484,0.003276929,0.00628954,4.75985,-0.009554265359296281,-0.015451931126717486,0,0
2006-10-06,-0.0014708589,0.0059192125,0.004621011,0.00613322,4.8819327,-0.009391423349696787,-0.015188569850654603,0,0
2006-10-09,0.0003679176,0.00590915,0.003844468,0.006060626,4.643789,-0.00937545793226446,-0.015162749285567038,0,0
2006-10-10,0.0011029413,0.005860971,0.0031761443,0.0059182076,4.636426,-0.00929901684555805,-0.015039122574080565,0,0
2006-10-11,-0.0012868831,0.0057943813,0.005939963,0.005855847,4.3889565,-0.00919336584952649,-0.014868255233394833,0,0
2006-10-12,0.0086089,0.0059204088,0.0045011695,0.0058106775,4.2393937,-0.009393320849150174,-0.015191638640327501,0,0
2006-10-13,0.0020041913,0.0059036557,0.0032498864,0.0060518873,4.343413,-0.009366740474117612,-0.015148650706783678,0,0
2006-10-16,0.0018185129,0.0058716503,0.003241266,0.0059471987,4.33872,-0.009315961325655403,-0.015066526558541557,0,0
2006-10-17,-0.0030934426,0.005848472,0.0058877007,0.0059126928,4.225478,-0.009279186754703968,-0.015007051746383103,0,0
2006-10-18,0.00054659747,0.00589753,0.00643197,0.0058215554,4.2802987,-0.00935702133170996,-0.015132932123151534,0,0
2006-10-19,0.0012742333,0.005904095,0.003279893,0.005680465,4.288875,-0.0093674372192674,-0.015149777539424657,0,0
2006-10-20,0.00054560334,0.0058416044,0.003597316,0.005643693,4.06895,-0.009268290384452321,-0.01498942925461341,0,0
2006-10-23,0.0041730986,0.005821955,0.01404773,0.005584886,3.9328911,-0.009237114206022638,-0.014939008615896171,0,0
2006-10-24,0.002892788,0.00590988,0.003390947,0.0056580277,3.790475,-0.009376616157968008,-0.015164622461905287,0,0
2006-10-25,0.0032444152,0.0057725515,0.0036443742,0.005566808,3.8276374,-0.009158731281535123,-0.0148122414072051,0,0
2006-10-26,0.0026956615,0.005732129,0.004897925,0.0056324387,3.6300607,-0.009094596342928892,-0.014708517194312534,0,0
2006-10-27,-0.005940077,0.0057186363,0.0053445157,0.0056110476,3.5492964,-0.00907318907441756,-0.014673895627273222,0,0
2006-10-30,-0.0010838151,0.005709561,0.0041945125,0.0056534866,3.7229483,-0.009058789976276516,-0.014650608240499336,0,0
2006-10-31,0.0,0.005680939,0.00524401,0.0054664356,3.804828,-0.00901337848005918,-0.014577165093849792,0,0
2006-11-01,-0.007437676,0.0056855986,0.007376619,0.0052585127,3.8702285,-0.009020771217557599,-0.01458912122719628,0,0
2006-11-02,-0.0012753942,0.0057211025,0.004459384,0.0054686028,4.0494404,-0.009077101705622353,-0.014680223451090872,0,0
2006-11-03,-0.002007483,0.0056899106,0.00592869,0.0054261293,3.8448882,-0.009027612892983003,-0.014600186138363083,0,0
2006-11-06,0.011081955,0.0057042595,0.0073056,0.0053101173,3.8296888,-0.009050378362104509,-0.014637004297342797,0,0
2006-11-07,0.0037868586,0.0057013445,0.0048046247,0.00583331,3.9394271,-0.0090457536030648,-0.014629524762760924,0,0
2006-11-08,0.0017982383,0.005708913,0.0065338756,0.0057870583,3.9515107,-0.009057762050964618,-0.01464894579649914,0,0
2006-11-09,-0.005404445,0.0057365997,0.0055452213,0.0056468104,3.9990926,-0.009101689570499285,-0.0147199889359653,0,0
2006-11-10,0.00054176076,0.0057328637,0.003563776,0.005758615,3.8974285,-0.009095761807543085,-0.014710402078002898,0,0
2006-11-13,0.0023442442,0.0057082977,0.0047838995,0.0056484295,3.8282752,-0.009056785702891082,-0.014647366767382755,0,0
2006-11-14,0.0069999387,0.0057341326,0.007021296,0.005601281,3.725917,-0.009097775129566828,-0.014713658185309621,0,0
2006-11-15,0.0026792907,0.005757437,0.004453605,0.0057655014,3.7771769,-0.009134750580288724,-0.014773457876489239,0,0
2006-11-16,0.002494211,0.005713635,0.004083061,0.0057324865,3.6862502,-0.009065254323484435,-0.014661062905937194,0,0
2006-11-17,-0.00017795178,0.0056956625,0.0036508671,0.005575489,3.799571,-0.009036738444717586,-0.014614944719121873,0,0
2006-11-20,0.0003558719,0.0056861187,0.0045330175,0.0053990413,3.8289587,-0.009021596453371377,-0.014590455865337283,0,0
2006-11-21,0.0007113641,0.0056874966,0.002066488,0.0053376993,3.6250825,-0.009023782604386821,-0.01459399148567573,0,0
2006-11-22,0.0015987214,0.005632295,0.0032731467,0.005119451,3.6782374,-0.008936199929330587,-0.0144523456958667,0,0
2006-11-23,-0.000887863,0.005660959,0.0014027859,0.0050497265,3.5129187,-0.00898167838547141,-0.014525897135523299,0,0
2006-11-24,-0.0030246442,0.005612121,0.003673771,0.005050584,3.2637115,-0.008904192181040311,-0.014400580175075357,0,0
2006-11-27,-0.013996281,0.0056764283,0.008260845,0.004891303,3.3942077,-0.009006221912020626,-0.014565590912866027,1,0
2006-11-28,0.0036075076,0.005800829,0.005746824,0.0060892394,3.353254,-0.009203595335134766,-0.014884799185351018,0,0
2006-11-29,0.0098540615,0.005766625,0.0044964775,0.0059281555,3.464322,-0.009149327936604454,-0.014797033556808933,0,0
2006-11-30,0.0005347117,0.005715011,0.0066674566,0.006422024,3.364523,-0.009067437759908387,-0.014664594136018599,0,0
2006-12-01,-0.0017834854,0.005724423,0.00955311,0.0061693885,3.448033,-0.00908237072770966,-0.014688744940010896,0,0
2006-12-04,0.007292162,0.005763656,0.006074289,0.0059774565,3.5055285,-0.00914461721550081,-0.014789414997420708,0,0
2006-12-05,0.0042440384,0.005718707,0.0028013398,0.0060349125,3.6695824,-0.009073301277532591,-0.014674077091230989,0,0
2006-12-06,-0.001412679,0.005654373,0.00273624,0.0061156675,3.5560355,-0.008971229017952225,-0.014508997572746648,0,0
2006-12-07,-0.0042500505,0.005645965,0.005627509,0.0060057547,3.5055811,-0.00895788951535716,-0.01448742384963846,0,0
2006-12-08,0.00088691805,0.0057252254,0.0056153475,0.005946433,3.5480168,-0.0090836429662559,-0.014690802507144942,0,0
2006-12-11,0.0031864073,0.0057414896,0.0031162407,0.005784069,3.5541673,-0.009109447872985385,-0.014732536290593547,0,0
2006-12-12,0.007395702,0.0056745913,0.004913786,0.0057695047,3.4728527,-0.009003307345621311,-0.014560877240221103,0,0
2006-12-13,0.001052078,0.0057600737,0.0038900583,0.0058404445,3.6648326,-0.009138933765778954,-0.014780223262592153,0,0
2006-12-14,0.008203205,0.0057614823,0.005706635,0.0056551546,3.7230783,-0.009141168779441267,-0.01478383790755737,0,0
2006-12-15,0.0,0.005814947,0.003801113,0.0058854725,3.7595465,-0.009225996144132421,-0.014921027586467985,0,0
2006-12-18,-0.0024364789,0.0058093765,0.005575353,0.0056923293,3.8308425,-0.009217157434232232,-0.014906732909536716,0,0
2006-12-19,0.0010449322,0.0058565317,0.00687527,0.005700227,3.6426702,-0.009291973385498356,-0.01502773132047358,0,0
2006-12-20,-0.0006965001,0.0058640623,0.0031518089,0.0055087255,3.7127273,-0.009303922112385335,-0.015047055768556855,0,0
2006-12-21,-0.0038394462,0.0057968744,0.0057751867,0.005382929,3.644131,-0.009197321914195165,-0.01487465330132517,0,0
2006-12-22,-0.0066666915,0.0058432673,0.004164022,0.0053509697,3.653504,-0.009270928967383213,-0.014993696584458987,0,0
2006-12-26,0.005967024,0.0058339825,0.0029183433,0.005582929,3.6706178,-0.0092561968793524,-0.014969870659487855,0,0
2006-12-27,0.005757671,0.0057881903,0.0035711934,0.0056803306,3.6825821,-0.009183543552642115,-0.014852369819995064,0,0
2006-12-28,-0.0022642177,0.005773991,0.002600148,0.0056552,3.8735847,-0.009161014252980472,-0.014815933613378074,0,0
2006-12-29,-0.0036684468,0.0057474417,0.005376102,0.005672613,3.663821,-0.009118891936788444,-0.014747809994845356,0,0
2007-01-03,-0.002628583,0.005809366,0.011067543,0.0055796797,3.7489164,-0.009217140241819445,-0.014906705104575445,0,0
2007-01-04,0.0019283028,0.00587734,0.0072578187,0.0054259733,3.8686132,-0.009324988247232418,-0.015081125626627792,0,0
2007-01-05,-0.007735622,0.005837578,0.0051070526,0.0052972063,3.8881025,-0.009261902045806196,-0.01497909751637275,0,0
2007-01-08,0.0042268466,0.0058178147,0.005250762,0.0055453284,3.899781,-0.009230545799474165,-0.014928385657271673,0,0
2007-01-09,-0.0014069647,0.0058953203,0.006411924,0.005455717,4.0749216,-0.00935351588922907,-0.0151272628378903,0,0
2007-01-10,0.0028119527,0.0059393593,0.006011919,0.005301011,4.1412215,-0.00942338856938701,-0.015240266590752276,0,0
2007-01-11,0.0045526256,0.0059518935,0.0068661734,0.0052223844,4.133411,-0.009443274761798607,-0.01527242815042862,0,0
2007-01-12,0.0067903106,0.0059088743,0.005072434,0.0052299984,4.162113,-0.009375020883034138,-0.015162042454183152,0,0
2007-01-16,-0.0013891303,0.0058501037,0.003931915,0.0053565977,4.2817426,-0.00928177557012416,-0.015011238588182896,0,0
2007-01-17,0.0,0.0057962527,0.0038064003,0.0052835234,4.339449,-0.00919633561261949,-0.014873058174599628,0,0
2007-01-18,-0.0038300883,0.005773096,0.005049478,0.005156096,4.290863,-0.009159594521629797,-0.014813637508944702,0,0
2007-01-19,0.0024390256,0.0057916385,0.0032832755,0.005083539,4.453044,-0.009189014359363711,-0.014861217651355268,0,0
2007-01-22,-0.0040101176,0.005735254,0.0055415435,0.004960872,4.565455,-0.009099554091858371,-0.014716535267091652,0,0
2007-01-23,0.00313972,0.005767142,0.004710634,0.004960201,4.5415163,-0.009150147743235245,-0.01479835941443585,0,0
2007-01-24,0.007460779,0.005730161,0.0031152368,0.0049620136,4.3758693,-0.009091473657848471,-0.01470346693529433,0,0
2007-01-25,-0.011824168,0.0056770267,0.006355553,0.0051476797,4.5906267,-0.009007171114179235,-0.014567126039411984,1,0
2007-01-26,-0.0012251686,0.005741161,0.005315915,0.00572161,4.5502214,-0.009108926671418788,-0.014731693361241334,0,0
2007-01-29,-0.0008760404,0.0057380716,0.0045169187,0.0055881385,4.552079,-0.009104025024046827,-0.0147237660204411,0,0
2007-01-30,0.00541912,0.0057245702,0.0029088224,0.005524985,4.3614397,-0.00908260418257803,-0.014689122502116575,0,0
2007-01-31,0.0062565375,0.0056798407,0.007815073,0.005563271,4.3586907,-0.009011635712320875,-0.014574346548828332,0,0
2007-02-01,0.0053563844,0.0057427986,0.0040665995,0.0056017176,4.508577,-0.00911152453547729,-0.01473589483723127,0,0
2007-02-02,0.0015497205,0.0056780805,0.0027591477,0.00567197,4.379668,-0.009008843302538731,-0.014569830437750333,0,0
2007-02-05,0.00051604025,0.0056321714,0.0029982196,0.0056523397,4.1242332,-0.008936003573879284,-0.014452028133940606,0,0
2007-02-06,-0.00034399726,0.0056220717,0.0040187007,0.005507766,4.1608305,-0.008919979340297951,-0.014426112446617113,0,0
2007-02-07,0.0017188041,0.0056817387,0.0033238702,0.0053649386,4.1939616,-0.009014647099150097,-0.014579216807307782,0,0
2007-02-08,-0.0012028526,0.0056791687,0.0043380912,0.005236201,4.247923,-0.00901056978272808,-0.014572622641229537,0,0
2007-02-09,-0.0075940993,0.005712453,0.0086164065,0.005215481,4.0089116,-0.009063378540762989,-0.014658029238320639,0,0
2007-02-12,-0.0034710206,0.0057968744,0.004327265,0.005404503,4.107092,-0.009197321914195165,-0.01487465330132517,0,0
2007-02-13,0.00796541,0.005769414,0.003542824,0.005437412,3.9335763,-0.009153752720737535,-0.014804189675788653,0,0
2007-02-14,0.006189841,0.005736501,0.0046788445,0.005601285,4.088454,-0.009101533029056539,-0.014719735764475834,0,0
2007-02-15,0.00068540097,0.005732093,0.0026313276,0.0056034797,4.3122134,-0.009094539336507546,-0.014708424998914634,0,0
2007-02-16,-0.00034264178,0.0056769704,0.0025387818,0.0054743155,4.3141055,-0.009007081532659977,-0.014566981160929573,0,0
2007-02-19,0.00034264178,0.0056622545,0.002260134,0.005402466,4.1520343,-0.008983733331231373,-0.014529220560104677,0,0
2007-02-20,0.0015404368,0.0056483108,0.0055276183,0.005251897,4.2087207,-0.008961610315429802,-0.014493441428625088,0,0
2007-02-21,-0.00085550523,0.005696874,0.0042083473,0.005121671,4.2581635,-0.00903866128035824,-0.01461805448452717,0,0
2007-02-22,-0.0008562377,0.005666187,0.005801246,0.004970342,4.3313866,-0.008989973272209231,-0.014539312297627,0,0
2007-02-23,-0.0037761803,0.0056748,0.0036785656,0.0049234014,4.0922155,-0.009003638525783418,-0.014561412851580321,0,0
2007-02-26,-0.0008602151,0.0056548296,0.0058014947,0.0049697384,3.9573753,-0.008971952909016942,-0.014510168307958055,0,0
2007-02-27,-0.040212598,0.0056844386,0.01941217,0.0048004542,4.041542,-0.009018930724525557,-0.014586144632921278,1,1
2007-02-28,0.009806622,0.006106631,0.012952902,0.010776107,3.2137072,-0.009688781511533415,-0.015669481533958043,0,0
2007-03-01,-0.0028429301,0.006042357,0.016531434,0.011097327,3.1582043,-0.009586804262655294,-0.015504555674470198,0,0
2007-03-02,-0.013795793,0.0061632064,0.009401153,0.010404196,3.2345748,-0.009778544003558275,-0.01581465270017242,1,0
2007-03-05,-0.009789781,0.006255948,0.009553517,0.010837888,3.3284194,-0.00992568753055556,-0.016052625119756945,0,0
2007-03-06,0.016801046,0.0064430903,0.012030624,0.011032032,3.2729223,-0.010222607738298037,-0.016532828508257484,0,0
2007-03-07,-0.0016136265,0.0064282687,0.0057532545,0.012246802,3.1214516,-0.010199092137060717,-0.01649479717491495,0,0
2007-03-08,0.008220203,0.006295281,0.007980956,0.011534693,3.1707084,-0.009988093274380948,-0.016153552738913265,0,0
2007-03-09,0.00017795178,0.0062474785,0.008047492,0.011776985,3.1267536,-0.009912250302666759,-0.016030893347395214,0,0
2007-03-12,0.0014224753,0.006208241,0.005959084,0.011390898,3.0503473,-0.00984999567110113,-0.015930210119214278,0,0
2007-03-13,-0.010718216,0.0061174547,0.009785872,0.010782826,3.0901465,-0.009705954017316156,-0.015697254300010628,1,0
2007-03-14,0.006979894,0.006273827,0.01294959,0.010634533,3.2300816,-0.009954055011654143,-0.016098503305853926,0,0
2007-03-15,0.0012476608,0.0064111142,0.005984877,0.010278628,3.3291104,-0.010171874737891204,-0.016450778994385087,0,0
2007-03-16,-0.0032114212,0.006395289,0.0070919804,0.010083705,3.1956005,-0.010146766576311509,-0.01641017204357746,0,0
2007-03-19,0.011901731,0.0064998455,0.0071464814,0.009956671,3.082964,-0.010312655262429629,-0.016678460651461353,0,0
2007-03-20,0.0054592015,0.006444084,0.0045393114,0.010072634,3.1894927,-0.010224184011091457,-0.01653537778418032,0,0
2007-03-21,0.014990694,0.0063378667,0.010667596,0.009619127,3.3160853,-0.010055660361497767,-0.016262827700126912,0,0
2007-03-22,0.0,0.006289205,0.004890108,0.010104186,3.418126,-0.009978453759990416,-0.016137962936154375,0,0
2007-03-23,0.0013831261,0.0061738132,0.0035344623,0.009920846,3.271203,-0.009795372661085275,-0.01584186936699959,0,0
2007-03-26,-0.0012101306,0.0061011934,0.007591209,0.009788727,3.128532,-0.009680154539769656,-0.015655529297076108,0,0
2007-03-27,-0.0032920414,0.0061444,0.0045079207,0.009272397,3.195116,-0.009748706118734489,-0.01576639645817727,0,0
2007-03-28,-0.007665543,0.00613603,0.006605944,0.008787082,3.3192456,-0.009735425432288431,-0.015744917857305005,0,0
2007-03-29,0.0013981127,0.0062572784,0.007374296,0.008618888,3.4634767,-0.009927798577873041,-0.016056039276317206,0,0
2007-03-30,-0.00017465724,0.0062943054,0.010761432,0.0084759565,3.303894,-0.009986545957230118,-0.016151050292398883,0,0
2007-04-02,0.0013964045,0.0063439864,0.0050233616,0.008132283,3.2979276,-0.01006536955040328,-0.016278530186149897,0,0
2007-04-03,0.009720611,0.0062968386,0.0060301307,0.007704875,3.3834164,-0.009990564457503126,-0.016157549336241202,0,0
2007-04-04,0.0008633342,0.0062495284,0.0027348264,0.008185378,3.2204337,-0.009915502383274998,-0.016036152875332457,0,0
2007-04-05,0.0029297736,0.006130593,0.003609278,0.0077489167,3.309445,-0.009726799365388502,-0.015730967083842085,0,0
2007-04-06,0.0,0.0061094067,0.0033990436,0.00782488,3.038583,-0.009693185483798385,-0.015676603994300434,0,0
2007-04-09,0.0012038869,0.0060845814,0.002930888,0.0073399963,3.1388817,-0.009653797666103324,-0.015612902828028807,0,0
2007-04-10,0.0010307508,0.006038866,0.0033416238,0.0069189738,3.2380855,-0.00958126559114638,-0.015495598086683927,0,0
2007-04-11,-0.0051644114,0.006052519,0.0059369793,0.0065335645,3.3221982,-0.009602928031258026,-0.015530632337885259,0,0
2007-04-12,0.004820946,0.006137914,0.0065412996,0.006580909,3.0766609,-0.009738415102385711,-0.015749752993728112,0,0
2007-04-13,0.0039427495,0.006139758,0.0038363077,0.0064210435,3.25226,-0.009741340527150996,-0.015754484227401208,0,0
2007-04-16,0.009704682,0.006075536,0.00510529,0.0062439716,3.394652,-0.009639445620881485,-0.015589691539043663,0,0
2007-04-17,0.0023692683,0.006036629,0.005206981,0.0066037714,3.600913,-0.009577715810337777,-0.015489857093890993,0,0
2007-04-18,0.0008448087,0.0060280026,0.00546286,0.0063815443,3.6720023,-0.009564029744895479,-0.015467722881300343,0,0
2007-04-19,0.0,0.00602033,0.006471019,0.0061773844,3.6438382,-0.009551855706914606,-0.015448034041882518,0,0
2007-04-20,0.008576526,0.006019529,0.004307876,0.0059257713,3.7114182,-0.00955058527809603,-0.0154459794015865,0,0
2007-04-23,-0.0031865856,0.0059768953,0.0031607046,0.0061980053,3.7853196,-0.009482943087281245,-0.01533658297659467,0,0
2007-04-24,0.00016796842,0.005956021,0.005349667,0.006017937,3.8982103,-0.00944982416620663,-0.015283020377253818,0,0
2007-04-25,0.008196082,0.005998014,0.0059775957,0.0058539724,3.797973,-0.009516449290075486,-0.015390771919273624,0,0
2007-04-26,0.0013317798,0.006003271,0.0035555782,0.0061015063,3.7762861,-0.009524790324868682,-0.015404261715747053,0,0
2007-04-27,-0.0004992096,0.005956635,0.0043630507,0.005934443,3.7471955,-0.009450797799688673,-0.01528459501611316,0,0
2007-04-30,-0.009028652,0.005958274,0.006124482,0.0057474505,3.7440674,-0.009453398378338668,-0.015288800882360136,0,0
2007-05-01,0.002851155,0.006017176,0.004710195,0.006105821,3.6591954,-0.009546851809929752,-0.015439941334733672,0,0
2007-05-02,0.005511496,0.0060081445,0.0048729354,0.0059001157,3.7986982,-0.009532522386303687,-0.015416766631223886,0,0
2007-05-03,0.0048184856,0.0059940657,0.0038432197,0.0058253193,3.9812436,-0.009510184917774195,-0.015380640669437916,0,0
2007-05-04,0.0039702286,0.005962697,0.0038369917,0.0057259235,4.145529,-0.009460415597347265,-0.015300149696815707,0,0
2007-05-07,0.0,0.005959536,0.0020605025,0.0056910296,4.0557175,-0.00945540084199644,-0.015292039428638689,0,0
2007-05-08,-0.0013216588,0.005916887,0.0037962047,0.0055984203,3.8818467,-0.009387733314994394,-0.01518260202791446,0,0
2007-05-09,0.0021468096,0.006017491,0.005025858,0.0054236692,3.9421887,-0.009547352199628238,-0.015440750605448557,0,0
2007-05-10,-0.010780434,0.0060615735,0.0064119985,0.0052654473,4.0301275,-0.009617293649437326,-0.015553865578155615,1,0
2007-05-11,0.008633625,0.00614136,0.00566296,0.0057000103,4.2266006,-0.009743882289651984,-0.01575859497141226,0,0
2007-05-14,-0.0023171145,0.0061301426,0.006180919,0.0058710095,4.282801,-0.009726084522962093,-0.01572981098282082,0,0
2007-05-15,-0.0001657138,0.0061654584,0.007836001,0.005752422,4.2312636,-0.009782117310826484,-0.015820431741859726,0,0
2007-05-16,0.0062778993,0.0062093064,0.0041578067,0.00563084,4.1336694,-0.009851685956737242,-0.01593294378593291,0,0
2007-05-17,-0.0018132371,0.006148404,0.0039467397,0.005686236,4.1164794,-0.009755058262827377,-0.015776669659657357,0,0
2007-05-18,0.008379249,0.006150471,0.0044019,0.005585867,4.033811,-0.009758338394214373,-0.015781974553584044,0,0
2007-05-21,0.0,0.0061497553,0.003575684,0.005808131,3.980807,-0.0097572027901066,-0.01578013796272115,0,0
2007-05-22,-0.0018013597,0.006112037,0.0037033777,0.005679155,3.925314,-0.009697358715786477,-0.01568335328279419,0,0
2007-05-23,0.00016389412,0.006107408,0.0054308656,0.005515382,4.0056014,-0.009690013936071096,-0.015671474710655463,0,0
2007-05-24,-0.00921969,0.00613189,0.010043474,0.00542626,3.95305,-0.009728857930603789,-0.015734296362099522,0,0
2007-05-25,0.0037969504,0.006238551,0.004100133,0.0057209684,3.884651,-0.009898085564257916,-0.016007984986146022,0,0
2007-05-29,0.003454235,0.006146891,0.004309964,0.0057282224,3.7699492,-0.00975265765908401,-0.015772787209012533,0,0
2007-05-30,0.0075249826,0.006130233,0.009044334,0.005590657,3.890427,-0.009726228396311206,-0.01573004366644409,0,0
2007-05-31,-0.00065210304,0.006171006,0.003570689,0.005772283,3.857015,-0.009790918016445776,-0.015834664955192396,0,0
2007-06-01,0.0042310883,0.006080738,0.0041549313,0.0056131673,3.8928468,-0.009647698883883086,-0.015603039383872709,0,0
2007-06-04,0.00048705254,0.0060629523,0.004349016,0.0056219217,3.8123455,-0.009619480705316602,-0.015557402661913078,0,0
2007-06-05,-0.004229024,0.0060693477,0.006103424,0.005441422,3.9123724,-0.009629627848316266,-0.015573813442738964,0,0
2007-06-06,-0.011310669,0.0061123115,0.0068373373,0.005382591,3.98394,-0.009697793955289137,-0.01568405718734005,1,0
2007-06-07,-0.018132411,0.0061914935,0.0125101805,0.0058495714,3.8734748,-0.009823424344706875,-0.015887236819860595,1,1
2007-06-08,0.012511632,0.0064603034,0.011436661,0.0069723064,3.7506087,-0.010249918338442132,-0.016576997420945812,0,0
2007-06-11,0.0016564523,0.0064444,0.0057924083,0.007574661,3.652651,-0.010224686210517604,-0.016536189981733233,0,0
2007-06-12,-0.0019880722,0.006346625,0.006315162,0.0070903385,3.7789938,-0.010069555450485003,-0.016285299962509856,0,0
2007-06-13,0.014978471,0.0064114467,0.009138586,0.006856207,3.703948,-0.010172402273504615,-0.0164516321676704,0,0
2007-06-14,0.0060265674,0.0064445254,0.0047176927,0.007678477,3.5291548,-0.010224884375696571,-0.016536510470497354,0,0
2007-06-15,0.005344575,0.00635083,0.0063915267,0.0074661835,3.61054,-0.010076227916374029,-0.016296091214320994,0,0
2007-06-18,-0.0011313133,0.006342774,0.004205111,0.0073650344,3.5236697,-0.010063445809898795,-0.016275418957325587,0,0
2007-06-19,0.0019386113,0.0062959706,0.004473555,0.0070827766,3.4827285,-0.009989188159616334,-0.016155323475920517,0,0
2007-06-20,-0.014304535,0.006261648,0.010005239,0.0067321053,3.6089904,-0.009934731644545364,-0.01606725199280445,1,0
2007-06-21,0.005713835,0.0064212317,0.008090878,0.0073422464,3.6260927,-0.010187927022251294,-0.016476740047698023,0,0
2007-06-22,-0.009979633,0.006435286,0.008464874,0.0072504985,3.5484724,-0.010210225581636059,-0.016512803082466377,0,0
2007-06-25,-0.004614379,0.0065401685,0.010462377,0.0074714813,3.5137267,-0.010376631849865453,-0.016781928766026424,0,0
2007-06-26,-0.010460868,0.0066363127,0.00807354,0.0072360155,3.513625,-0.010529174699341693,-0.017028633406869022,0,0
2007-06-27,0.014088241,0.006731743,0.010076099,0.0073997313,3.647991,-0.01068058375443782,-0.017273504383686758,0,0
2007-06-28,-0.0011527379,0.006679869,0.0057857726,0.008158372,3.532294,-0.010598280959834864,-0.017140397643825925,0,0
2007-06-29,-0.0011540683,0.0066042333,0.01196448,0.007622832,3.647152,-0.010478277013717636,-0.016946317550736036,0,0
2007-07-02,0.010175699,0.0067585795,0.0053355754,0.00733699,3.528645,-0.01072316302686445,-0.017342367028821675,0,0
2007-07-03,0.0034232652,0.0066423854,0.001942811,0.0074671293,3.6778288,-0.010538809689413071,-0.01704421589253284,0,0
2007-07-05,-0.0011397868,0.006502539,0.0056217094,0.0072353682,3.6040995,-0.01031692893430295,-0.016685372379465692,0,0
2007-07-06,0.0051998817,0.0065990807,0.0048238323,0.006842007,3.7003813,-0.010470102473869324,-0.01693309702336123,0,0
2007-07-09,0.0,0.006551499,0.0036671425,0.0066741128,3.7638564,-0.01039460877959386,-0.016811002511582684,0,0
2007-07-10,-0.014694142,0.006520464,0.0071876515,0.0064936476,3.5969176,-0.010345368804508004,-0.016731367639083814,1,0
2007-07-11,0.007210782,0.0067497813,0.0062824637,0.0073469304,3.5226803,-0.010709203692545223,-0.01731979086368872,0,0
2007-07-12,0.016036628,0.00678666,0.009057311,0.0072972607,3.567037,-0.010767714902442436,-0.017414419927407675,0,0
2007-07-13,0.002728077,0.0068314234,0.005220552,0.00810885,3.6472378,-0.010838736759665613,-0.017529282222417758,0,0
2007-07-16,-0.00016026925,0.0067931735,0.004411044,0.007751583,3.639983,-0.010778050257118928,-0.01743113509938853,0,0
2007-07-17,-0.000641334,0.006809029,0.004754451,0.008138453,3.252493,-0.01080320547161783,-0.017471818147984895,0,0
2007-07-18,-0.002569457,0.0068543353,0.0069841463,0.00813765,3.1134803,-0.010875088759208021,-0.017588073617896553,0,0
2007-07-19,0.003210791,0.00699492,0.0073003164,0.008218811,2.9756074,-0.01109814040811532,-0.017948810795168153,0,0
2007-07-20,-0.009501642,0.00701652,0.009673365,0.008129091,3.0250576,-0.011132411220846666,-0.018004236326914155,0,0
2007-07-23,0.0025856511,0.0071471473,0.0054208157,0.008156335,3.0732493,-0.011339664852130357,-0.018339423671615826,0,0
2007-07-24,-0.01725584,0.0070925592,0.012116704,0.008025391,3.1118166,-0.011253054905692337,-0.018199351057247123,1,0
2007-07-25,0.0014767416,0.007299764,0.010067415,0.008399447,3.1840646,-0.011581806413278065,-0.018731034599831223,0,0
2007-07-26,-0.024397526,0.0073089274,0.023360243,0.008456246,3.020215,-0.011596344860449068,-0.018754547353133304,1,1
2007-07-27,-0.020367302,0.0076549584,0.01318785,0.009592474,3.0047097,-0.012145357416887612,-0.019642454888749033,1,1
2007-07-30,0.015483082,0.007772463,0.011309556,0.011866385,2.9632413,-0.01233179013142239,-0.019943968961932634,0,0
2007-07-31,-0.012743355,0.0077266935,0.017235195,0.013039231,2.8608902,-0.012259172999265345,-0.019826526659200414,1,0
2007-08-01,0.0054570395,0.007989074,0.015555542,0.013044817,2.947037,-0.012675465558171083,-0.020499788674318887,0,0
2007-08-02,0.007961421,0.008275291,0.0072228066,0.01214706,3.0481954,-0.01312957780575294,-0.021234215750557284,0,0
2007-08-03,-0.026499541,0.008096667,0.01661178,0.011739907,3.0915136,-0.012846172644188724,-0.0207758699884537,1,1
2007-08-06,0.017006336,0.008560528,0.016037421,0.014696436,2.9709957,-0.013582134592409489,-0.02196612720951017,0,0
2007-08-07,0.009999236,0.008562193,0.01512181,0.015321437,2.9795356,-0.013584776794795705,-0.021970400393031803,0,0
2007-08-08,0.014398374,0.008337006,0.010832297,0.014878551,3.0054047,-0.013227494930621834,-0.021392575248928153,0,0
2007-08-09,-0.031062592,0.00814948,0.013429644,0.014784433,3.1013842,-0.012929966654384995,-0.020911388442850034,1,1
2007-08-10,-0.0048126597,0.008699883,0.017043345,0.01784017,3.1794786,-0.013803235354897378,-0.022323709255387028,0,0
2007-08-13,0.0027529267,0.009688002,0.009180849,0.01689747,3.064098,-0.015370985235894601,-0.02485920123452889,0,0
2007-08-14,-0.0143638365,0.009613926,0.013069399,0.016094014,2.9064958,-0.015253456092354874,-0.024669123592442995,0,0
2007-08-15,-0.013865952,0.009387969,0.017135318,0.015886752,2.9889047,-0.014894952662009292,-0.024089322832670096,0,0
2007-08-16,0.0070447633,0.009584604,0.029145239,0.015735822,2.9925032,-0.015206933423353199,-0.024593883367243944,0,0
2007-08-17,0.017742682,0.010180232,0.033751503,0.015016071,2.9592555,-0.016151956920791785,-0.026122251844192573,0,0
2007-08-20,-0.0006898931,0.010165065,0.011004301,0.015350642,3.1045341,-0.01612789297207294,-0.026083333678927397,0,0
2007-08-21,0.000862292,0.009547705,0.0096090995,0.014503398,3.0367303,-0.015148389638358073,-0.024499201620440475,0,0
2007-08-22,0.012675744,0.009332845,0.006249166,0.013682546,3.0144982,-0.014807493048434062,-0.023947876067847006,0,0
2007-08-23,-0.0015330894,0.00898905,0.012848791,0.013614611,3.144908,-0.014262027558212629,-0.02306570513476717,0,0
2007-08-24,0.011525551,0.0091019515,0.009033663,0.012891143,3.02887,-0.014441157116768247,-0.02335540795308669,0,0
2007-08-27,-0.009311843,0.0088591445,0.0047817035,0.012815955,3.1637874,-0.014055919484538852,-0.022732370478537545,0,0
2007-08-28,-0.021665221,0.008908556,0.011152959,0.012517177,3.2625327,-0.01413431598198383,-0.02285915963851383,1,0
2007-08-29,0.018769385,0.009460534,0.010648831,0.013824172,3.4297502,-0.015010083916397148,-0.024275522414368207,0,0
2007-08-30,-0.0027331756,0.009342418,0.009050543,0.014466215,3.486614,-0.014822681187835647,-0.023972439556001323,0,0
2007-08-31,0.010380422,0.009368712,0.009254372,0.013759393,3.4511123,-0.014864399934759097,-0.02403991048965368,0,0
2007-09-04,0.008596766,0.009236941,0.013517004,0.01345808,3.531431,-0.01465533205149446,-0.023701788989828422,0,0
2007-09-05,-0.008766071,0.009088043,0.0087673655,0.01309565,3.4496582,-0.014419090202524193,-0.023319719553585985,0,0
2007-09-06,0.0020297708,0.009230785,0.0070499703,0.012747458,3.4405758,-0.014645564951303772,-0.023685992844988523,0,0
2007-09-07,-0.013439004,0.009202263,0.011899148,0.012069685,3.4118862,-0.014600311806256844,-0.023612805796666473,0,0
2007-09-10,-0.003087481,0.009684081,0.011963842,0.012259004,3.5516074,-0.015364765201921024,-0.02484914169222488,0,0
2007-09-11,0.011953694,0.009973261,0.006851827,0.011671644,3.5174599,-0.015823576407376725,-0.025591168303404317,0,0
2007-09-12,0.0023736872,0.009319433,0.007219183,0.011770889,3.6009946,-0.014786213365722887,-0.023913460842888704,0,0
2007-09-13,0.0059096836,0.009272297,0.008723815,0.011155657,3.5779355,-0.014711427274963182,-0.02379251072477931,0,0
2007-09-14,0.0,0.009247457,0.006568063,0.010724156,3.589518,-0.014672015930808517,-0.02372877150961331,0,0
2007-09-17,-0.0054017687,0.009184645,0.0049416795,0.010061774,3.5448282,-0.01457235784792898,-0.023567596393059005,0,0
2007-09-18,0.037213597,0.009239654,0.014941741,0.009510246,3.5938225,-0.014659636488738031,-0.023708750474079245,0,0
2007-09-19,0.0055293683,0.008868342,0.00862604,0.015707675,3.466969,-0.01407051312840354,-0.022755972500399495,0,0
2007-09-20,-0.0063450956,0.00849463,0.0050389823,0.014957321,3.4127948,-0.013477581196204807,-0.021797034996088732,0,0
2007-09-21,0.0017937225,0.008350828,0.0069918283,0.014308348,3.394652,-0.013249424305563593,-0.02142804120873869,0,0
2007-09-24,-0.0017937225,0.008186625,0.006765772,0.01359806,3.2722464,-0.012988900435691238,-0.021006700923248647,0,0
2007-09-25,-0.0017969457,0.008079847,0.00584035,0.012966912,3.1302693,-0.012819486400087945,-0.020732710834885208,0,0
2007-09-26,0.004730455,0.008034115,0.005348387,0.012298788,3.1135137,-0.012746927179216076,-0.0206153621909699,0,0
2007-09-27,0.0053558513,0.007864889,0.0025031462,0.011745105,3.1265168,-0.01247843326872119,-0.02018113211080227,0,0
2007-09-28,-0.0042173625,0.007679541,0.0052075097,0.011252963,3.1432598,-0.012184360667454543,-0.019705534101939603,0,0
2007-10-01,0.01195684,0.0077323467,0.009853565,0.010748492,3.1099007,-0.012268142009557182,-0.019841032068469735,0,0
2007-10-02,-0.0012857604,0.00771251,0.0038961994,0.011005741,3.197497,-0.012236669035790966,-0.01979013142831582,0,0
2007-10-03,-0.0024152657,0.007634585,0.0043368484,0.01048022,3.045933,-0.012113032966256522,-0.0195901771713027,0,0
2007-10-04,0.0009668064,0.0076620756,0.0030173603,0.009958977,3.0251954,-0.01215665011749719,-0.01966071835804697,0,0
2007-10-05,0.011847721,0.0076487665,0.0074600945,0.00940298,3.0024455,-0.012135534215139408,-0.01962656801193025,0,0
2007-10-08,-0.0051061227,0.00755812,0.0038383855,0.00995001,3.0991323,-0.011991714252993004,-0.019393970730385096,0,0
2007-10-09,0.008601518,0.0074587003,0.00558316,0.009597182,3.1261644,-0.011833974770535929,-0.019138861674143613,0,0
2007-10-10,-0.0019050649,0.0075319894,0.0048314743,0.009599004,3.1963196,-0.011950255201989021,-0.01932691979798983,0,0
2007-10-11,-0.0050979876,0.007516487,0.013376386,0.0092111975,3.0672083,-0.011925659193337611,-0.019287141142344272,0,0
2007-10-12,0.005892206,0.007827218,0.006162842,0.00895586,3.0875347,-0.012418664298099033,-0.0200844688946535,0,0
2007-10-15,-0.009091697,0.007725481,0.010316585,0.008785297,3.1246061,-0.01225724925876086,-0.0198234154303761,0,0
2007-10-16,-0.008205339,0.007957907,0.005513393,0.00899418,3.17439,-0.012626016559540291,-0.020419815752027726,0,0
2007-10-17,0.0032258092,0.008087981,0.012371519,0.009012091,3.25326,-0.01283239066318035,-0.02075358065344754,0,0
2007-10-18,-0.0037105794,0.008234519,0.006297111,0.008650649,3.2637122,-0.013064888185618372,-0.021129594461808978,0,0
2007-10-19,-0.026864842,0.0081753945,0.011932792,0.00829829,3.2999527,-0.012971081857133238,-0.02097788327601988,1,1
2007-10-22,0.0051337364,0.008551781,0.010388986,0.012071754,3.232763,-0.013568256695835041,-0.021943682752088498,0,0
2007-10-23,0.007897376,0.008569048,0.00635614,0.011600013,3.2290895,-0.01359565235317924,-0.021987989226164167,0,0
2007-10-24,-0.0022969658,0.008403579,0.013689323,0.01134359,3.251711,-0.013333118780738467,-0.021563398687043454,0,0
2007-10-25,0.0019691507,0.0085868975,0.011243214,0.010844442,3.2294905,-0.013623972781358617,-0.02203379131447241,0,0
2007-10-26,0.011410067,0.008524162,0.007997234,0.010440352,3.146275,-0.01352443595023242,-0.021872812296066017,0,0
2007-10-29,0.0029130948,0.008299578,0.004234838,0.01059316,3.234901,-0.013168111431991637,-0.021296535449279452,0,0
2007-10-30,-0.007135937,0.008094555,0.004046762,0.0101425005,3.2440605,-0.012842821933422916,-0.020770450947843903,0,0
2007-10-31,0.012293911,0.008163014,0.008594251,0.010019647,3.197929,-0.012951439977955984,-0.020946116839477384,0,0
2007-11-01,-0.025565179,0.007964396,0.01347527,0.010343238,3.2884183,-0.012636311195344392,-0.020436465070152936,1,1
2007-11-02,0.0011538779,0.008503088,0.013202244,0.013007715,3.3283818,-0.013491000326816991,-0.021818737500070177,0,0
2007-11-05,-0.007939175,0.008734762,0.009435322,0.012466593,3.1904774,-0.01385857411220347,-0.022413207572041998,0,0
2007-11-06,0.012869341,0.008961342,0.006807769,0.012153473,3.194122,-0.01421806655871622,-0.022994607848797477,0,0
2007-11-07,-0.028095938,0.0087165125,0.013147269,0.0122899,3.2721462,-0.013829619374478637,-0.02236637962700476,1,1
2007-11-08,-0.0049015563,0.009350232,0.017557362,0.01514672,3.2659235,-0.014835078727182751,-0.02399248985991567,0,0
2007-11-09,-0.013991015,0.009540965,0.010289033,0.014331186,3.2771158,-0.015137695957604547,-0.024481906934529975,0,0
2007-11-12,-0.010189191,0.0098784445,0.013251578,0.014359062,3.3523285,-0.01567314098576264,-0.025347871965445922,0,0
2007-11-13,0.029418917,0.010206383,0.015470952,0.014092456,3.3083684,-0.01619344854689368,-0.02618935545967235,0,0
2007-11-14,-0.0035458037,0.009726564,0.012577798,0.016724149,3.3895373,-0.01543216850868445,-0.024958151774596947,0,0
2007-11-15,-0.0136241885,0.009676374,0.01476645,0.015746545,3.3767102,-0.015352535062382636,-0.02482936212082817,0,0
2007-11-16,0.0015420204,0.010032678,0.009280781,0.015545067,3.4738736,-0.015917848740734767,-0.025743633149985755,0,0
2007-11-19,-0.01570216,0.0099714305,0.012495581,0.014695415,3.4695342,-0.01582067360420721,-0.02558647365520658,0,0
2007-11-20,0.00589563,0.010162893,0.01663975,0.01484626,3.580688,-0.01612444725060489,-0.026077760979321105,0,0
2007-11-21,-0.019730017,0.01009825,0.008705828,0.014192108,3.5919528,-0.01602188455482818,-0.025911888287731034,1,0
2007-11-23,0.016959932,0.010102219,0.008200354,0.014962728,3.711585,-0.016028182407091213,-0.02592207368407027,0,0
2007-11-26,-0.02297339,0.00992374,0.01864178,0.015273813,3.7948813,-0.015745007080940045,-0.02546409963039631,1,0
2007-11-27,0.012166244,0.010378406,0.010896984,0.01646613,3.808032,-0.01646638081447911,-0.026630763610104913,0,0
2007-11-28,0.030378588,0.01018585,0.01876782,0.01608393,3.830377,-0.01616086982952611,-0.026136666521483012,0,0
2007-11-29,0.00067980966,0.009836514,0.0078198705,0.018591898,3.8224902,-0.015606613587187521,-0.025240278472679657,0,0
2007-11-30,0.008290378,0.009640202,0.0098800445,0.017421821,3.7883666,-0.015295144978771904,-0.024736546233267882,0,0
2007-12-03,-0.0055757514,0.009513426,0.0058019115,0.016634673,3.787868,-0.015094001892938252,-0.024411241357169492,0,0
2007-12-04,-0.008336926,0.00939775,0.0039197514,0.01580607,3.6955445,-0.014910471076709156,-0.02411442046876462,0,0
2007-12-05,0.016100679,0.009359121,0.0075583896,0.01517447,3.6771035,-0.014849182839714923,-0.024015300172090907,0,0
2007-12-06,0.013691982,0.009179413,0.010673873,0.015337917,3.7642632,-0.014564058436872005,-0.023554173913860235,0,0
2007-12-07,-0.00016585123,0.008882817,0.0067983745,0.015209649,3.8001935,-0.014093478572431675,-0.02279311407498136,0,0
2007-12-10,0.00760083,0.00875236,0.007752675,0.01433339,3.7626727,-0.01388649549543342,-0.02245836429256495,0,0
2007-12-11,-0.027197806,0.008595812,0.017499201,0.013759283,3.7570252,-0.013638116707899349,-0.022056666017084274,1,1
2007-12-12,0.008254069,0.009159986,0.022197608,0.016083425,3.7805183,-0.01453323515533637,-0.023504324008558553,0,0
2007-12-13,-0.0015109547,0.009261515,0.010710396,0.015418231,3.789872,-0.014694320824240098,-0.023764844788314764,0,0
2007-12-14,-0.013532006,0.009202188,0.009361857,0.014586311,3.6701984,-0.014600192364231166,-0.02361261262535659,0,0
2007-12-17,-0.014754085,0.009348189,0.0065836958,0.014522471,3.7430952,-0.014831838409804314,-0.023987249356425613,0,0
2007-12-18,0.013731764,0.00950578,0.012134639,0.014609343,3.811043,-0.015081872193285094,-0.024391624225283366,0,0
2007-12-19,-0.0010233669,0.009497462,0.009507495,0.014563285,3.8771935,-0.015068673849447649,-0.024370278795541402,0,0
2007-12-20,0.0066332417,0.009411441,0.007241202,0.013744154,3.8381321,-0.01493219323783364,-0.02414955130562089,0,0
2007-12-21,0.0156424,0.009306875,0.008591415,0.013166921,3.815694,-0.014766289169030392,-0.023881237819613762,0,0
2007-12-24,0.0056581944,0.009108682,0.0057215863,0.013586796,3.8450751,-0.01445183631970048,-0.023372679224292963,0,0
2007-12-26,0.0021549945,0.008812206,0.0053552156,0.012988504,3.7887125,-0.013981446476664638,-0.022611926703407084,0,0
2007-12-27,-0.013335753,0.008699368,0.009051613,0.012295461,3.7099802,-0.01380241826285808,-0.022322387788017154,0,0
2007-12-28,-0.0028569046,0.008862475,0.010274391,0.012532618,3.7854125,-0.014061203889311284,-0.02274091684558081,0,0
2007-12-31,-0.0055691646,0.008906874,0.007917891,0.011881211,3.7411785,-0.014131647538546519,-0.022854844015840783,0,0
2008-01-02,-0.012773741,0.008928258,0.013842912,0.0113841,3.737266,-0.014165575407885956,-0.02290971491178038,0,0
2008-01-03,0.00017139429,0.009179079,0.0066683013,0.011682151,3.8152668,-0.0145635281866671,-0.02355331635031788,0,0
2008-01-04,-0.024812585,0.00901741,0.016330564,0.0110648805,3.710857,-0.014307023721931583,-0.023138476572089166,1,1
2008-01-07,-0.001054667,0.009420218,0.01106249,0.01362318,3.747687,-0.014946119092191125,-0.02417207332425032,0,0
2008-01-08,-0.017385572,0.009300886,0.019513277,0.012899853,3.7188232,-0.014756786289078325,-0.023865868993126024,1,0
2008-01-09,0.010325888,0.00977863,0.014598021,0.013580283,3.8030589,-0.015514775337534587,-0.025091750223246573,0,0
2008-01-10,0.00670788,0.009791009,0.016912576,0.013329523,3.8195906,-0.01553441631184801,-0.025123515196370055,0,0
2008-01-11,-0.0093681635,0.009682169,0.010348877,0.012847264,3.768738,-0.015361730288632199,-0.02484423338485106,0,0
2008-01-14,0.0088402275,0.0098312935,0.012233167,0.012570298,3.8154008,-0.015598330463679502,-0.02522688233502314,0,0
2008-01-15,-0.02296905,0.009699201,0.011780646,0.012272088,3.860207,-0.015388753142078071,-0.024887936930292856,1,0
2008-01-16,-0.008683123,0.009700238,0.014599527,0.014072239,3.9288676,-0.01539039818452264,-0.024890597426060777,0,0
2008-01-17,-0.02669771,0.009686796,0.023001458,0.013634109,3.948537,-0.015369072353756088,-0.024856107566732746,1,1
2008-01-18,-0.010881908,0.010193789,0.022518152,0.015927652,4.0123343,-0.01617346734377984,-0.026157040240999508,0,0
2008-01-22,-0.012146667,0.010343689,0.040632922,0.015492846,4.0334473,-0.016411298133637158,-0.02654167944103098,0,0
2008-01-23,0.024333937,0.010640336,0.043141883,0.015229445,4.015699,-0.01688195943582227,-0.02730287098762114,0,0
2008-01-24,0.007981481,0.010403215,0.011741737,0.016832313,4.004531,-0.016505742391123075,-0.02669442233722513,0,0
2008-01-25,-0.013587925,0.010114828,0.019815005,0.016040012,4.009293,-0.016048187136664657,-0.025954426951637483,0,0
2008-01-28,0.015250435,0.010290587,0.023962287,0.01582915,4.072772,-0.016327046262342455,-0.026405420496613433,0,0
2008-01-29,0.005521825,0.0102160275,0.007857477,0.015850775,4.1095557,-0.016208749794274127,-0.02621410187520345,0,0
2008-01-30,-0.008479314,0.010005131,0.020196034,0.015058851,4.043458,-0.01587414200797484,-0.025672947084759073,0,0
2008-01-31,0.02124622,0.010165204,0.025643626,0.014514499,4.0266404,-0.01612811375884768,-0.02608369075316688,0,0
2008-02-01,0.012605965,0.010093032,0.008755881,0.015572785,4.1687465,-0.016013606860503144,-0.025898500930588604,0,0
2008-02-04,-0.013149789,0.009714732,0.0077747665,0.015307056,4.2598715,-0.015413394393921025,-0.024927788756889124,0,0
2008-02-05,-0.02608524,0.009833648,0.015741136,0.015127463,4.3673515,-0.015602067551301101,-0.025232926255552027,1,1
2008-02-06,-0.009913108,0.010339508,0.013732148,0.016842568,4.543511,-0.01640466367202903,-0.026530949652818443,0,0
2008-02-07,0.0076772217,0.010578213,0.018582962,0.016223371,4.61819,-0.016783394428450456,-0.02714346368123606,0,0
2008-02-08,-0.007489269,0.010589295,0.011091503,0.015567583,4.5615573,-0.01680097593268476,-0.027171897912683093,0,0
2008-02-11,0.0059958957,0.010498266,0.0110918805,0.014938929,4.6041408,-0.016656548806907825,-0.02693831867697937,0,0
2008-02-12,0.0085566,0.010367337,0.015144346,0.014313005,4.5222764,-0.01644881740752142,-0.02660235864703817,0,0
2008-02-13,0.010318868,0.010352418,0.012463256,0.013875801,4.54031,-0.01642514797943285,-0.026564078532463214,0,0
2008-02-14,-0.009393199,0.010092814,0.011121961,0.013596188,4.7092404,-0.01601326120251974,-0.02589794190452516,0,0
2008-02-15,0.000185031,0.010098394,0.010619475,0.013260076,4.87381,-0.016022112580513566,-0.02591225706932263,0,0
2008-02-19,0.0031403,0.010028565,0.012509442,0.012460217,5.0009794,-0.015911322862786348,-0.02573307897205493,0,0
2008-02-20,0.0025787451,0.009970669,0.016677042,0.011692625,5.178758,-0.015819464706129133,-0.025584518527403528,0,0
2008-02-21,-0.008869238,0.009959588,0.014787293,0.01092785,5.357057,-0.01580188320189483,-0.0255560842959565,0,0
2008-02-22,0.0062904926,0.009903139,0.015525692,0.010649115,5.674795,-0.015712321589640428,-0.025411238008763288,0,0
2008-02-25,0.011807552,0.009777031,0.013046238,0.010162936,5.8905516,-0.015512238099352755,-0.025087646796330593,0,0
2008-02-26,0.008096328,0.009558838,0.011559037,0.010340703,6.319114,-0.01521855801390078,-0.024421152459062543,0,0
2008-02-27,-0.0016285175,0.0093861865,0.009715885,0.010562745,8.091945,-0.015121984629243862,-0.02352519330533238,0,0
2008-02-28,-0.0107420245,0.0093383165,0.0066619543,0.010013484,7.7505083,-0.015020332218330313,-0.023478187248297963,0,0
2008-02-29,-0.025585378,0.009400197,0.014984558,0.0101076355,8.042225,-0.015141162063349005,-0.023570650972623845,1,1
2008-03-03,0.00056322163,0.009888177,0.008305458,0.012834762,7.47335,-0.015880905529546237,-0.024928040107086158,0,0
2008-03-04,-0.0037608168,0.009874993,0.016107526,0.0122457305,7.1305866,-0.015826142293026865,-0.024984438062521055,0,0
2008-03-05,0.006384998,0.009942938,0.012657985,0.011842753,6.6677938,-0.01588025044157185,-0.02529070567898753,0,0
2008-03-06,-0.0208065,0.009701256,0.017448442,0.011446458,6.7194858,-0.015500813820902393,-0.024660577593596616,1,0
2008-03-07,-0.011727521,0.010132979,0.018498022,0.0127719175,6.853373,-0.016207616082292937,-0.02571731837199471,0,0
2008-03-10,-0.013433474,0.010253738,0.012514036,0.012731698,7.05181,-0.016424350687691852,-0.025965186612155848,0,0
2008-03-11,0.0373192,0.0104078185,0.01670883,0.012866511,7.298219,-0.016698044384769947,-0.026285352234730906,0,0
2008-03-12,-0.011012073,0.010162908,0.012520925,0.017332334,6.7175026,-0.01623818931264973,-0.025834713485792894,0,0
2008-03-13,0.002859596,0.01024181,0.02193882,0.016823752,6.6450686,-0.016354489090333206,-0.02605811988263995,0,0
2008-03-14,-0.016700648,0.0104026785,0.03063449,0.015972111,6.545749,-0.01659718035281444,-0.026499890749079193,1,0
2008-03-17,-0.009334957,0.010834103,0.033262394,0.016160116,6.7227745,-0.017311355723671536,-0.02753918941251969,0,0
2008-03-18,0.04171257,0.010939767,0.016964195,0.015634973,6.4939423,-0.017446010200788398,-0.027886222317040604,0,0
2008-03-19,-0.026202373,0.01030527,0.019584108,0.020610746,6.3352556,-0.01640956122333145,-0.026322570052038415,1,0
2008-03-20,0.019244187,0.010521072,0.02196593,0.021643622,6.2970877,-0.016746843224175634,-0.026887304688119347,0,0
2008-03-24,0.019991325,0.01047859,0.015057215,0.021427024,6.436191,-0.016701688443689838,-0.02673028837219864,0,0
2008-03-25,0.0,0.010250013,0.009161238,0.02133044,6.5842695,-0.016359111917667497,-0.02609848827475591,0,0
2008-03-26,-0.011909333,0.010119276,0.005853124,0.020001289,6.4635634,-0.016133073574418382,-0.02580467842505165,0,0
2008-03-27,-0.004314799,0.010168861,0.0111020375,0.019273566,6.4506216,-0.016210188922865645,-0.02593539946462485,0,0
2008-03-28,-0.008117081,0.01025171,0.013239679,0.018238405,6.2176895,-0.016304810030277072,-0.0262267142951784,0,0
2008-03-31,0.0037835839,0.01026873,0.011001133,0.017438166,6.1760693,-0.016324681960632716,-0.026285060362793496,0,0
2008-04-01,0.03451818,0.010095352,0.019750759,0.016522104,6.0714073,-0.01603054034896806,-0.025878504125857835,0,0
2008-04-02,0.0003647638,0.009737739,0.008758233,0.019565621,6.30513,-0.015501225906832164,-0.024882798467813893,0,0
2008-04-03,0.001821826,0.00960368,0.009294781,0.01849514,5.990712,-0.015237199308769,-0.024642831806432838,0,0
2008-04-04,-0.0010926973,0.009511915,0.01218507,0.017508944,5.8742323,-0.01509160581351404,-0.024407366223619737,0,0
2008-04-07,0.00018219915,0.009456412,0.009867607,0.016590733,5.7316704,-0.015003544465491264,-0.024264946285152165,0,0
2008-04-08,-0.0009113279,0.009188193,0.005170526,0.01570764,5.608697,-0.014577987910684815,-0.023576701786165718,0,0
2008-04-09,-0.007871894,0.00922385,0.012737777,0.014630537,5.6058717,-0.01463456180712008,-0.023668197669775147,0,0
2008-04-10,0.0018362106,0.009510818,0.009219662,0.0138563,5.718887,-0.015089864855503397,-0.024404550605436306,0,0
2008-04-11,-0.020198964,0.00941597,0.015025152,0.012812032,5.656753,-0.014939379666378613,-0.024161173779432128,1,0
2008-04-14,-0.003187403,0.009627128,0.0058155986,0.014275234,5.801963,-0.015274401880312448,-0.024702998815785037,0,0
2008-04-15,0.0035617247,0.009469525,0.0069181183,0.013378012,5.786046,-0.01502434909469122,-0.02429859321512798,0,0
2008-04-16,0.025860326,0.009413493,0.01234211,0.012691522,5.5263,-0.014935448937897203,-0.024154816687234192,0,0
2008-04-17,0.0009113279,0.009197771,0.00826003,0.015140249,5.6141376,-0.014593184193860877,-0.023601278445091165,0,0
2008-04-18,0.011412133,0.009059474,0.013091859,0.014213747,5.6440053,-0.0143737619537793,-0.023246411041485754,0,0
2008-04-21,0.00018009906,0.008930528,0.0067448625,0.013893889,5.8584175,-0.01416917586106909,-0.02291553785603811,0,0
2008-04-22,-0.0054171314,0.008711286,0.009817784,0.01319218,5.6243625,-0.013821327202332308,-0.0223529688551581,0,0
2008-04-23,-0.0016308783,0.008748304,0.008656188,0.012569812,5.6826997,-0.01388006010386809,-0.022447956456535547,0,0
2008-04-24,0.005425949,0.008664848,0.015722139,0.01186676,5.7226257,-0.01374764956976545,-0.02223381142534117,0,0
2008-04-25,0.00790518,0.008609849,0.009167284,0.011463147,5.5853972,-0.013660387216505355,-0.022092683685863188,0,0
2008-04-28,0.00035784577,0.008383559,0.0056584734,0.011221865,5.7677374,-0.013301355345682532,-0.021512028289385962,0,0
2008-04-29,-0.0044823023,0.008235908,0.0054727877,0.010688929,5.789133,-0.013067092433910433,-0.02113315935052771,0,0
2008-04-30,-0.0037807229,0.008239591,0.011876214,0.010394013,5.5919514,-0.013072935139666527,-0.02114260864710277,0,0
2008-05-01,0.018231068,0.008413378,0.008353847,0.010069181,5.6325226,-0.013348667055944749,-0.021588544615965446,0,0
2008-05-02,0.0030064574,0.008141114,0.010294815,0.011545485,5.8475637,-0.012916693206849586,-0.020889921549329886,0,0
2008-05-05,-0.0053116274,0.00806529,0.00795109,0.011155561,5.8126984,-0.012796389750804332,-0.020695357064546276,0,0
2008-05-06,0.008837102,0.00798867,0.011567057,0.010898352,5.8715906,-0.012674824914578808,-0.020498752573656794,0,0
2008-05-07,-0.01811129,0.007871683,0.012316234,0.010903108,6.127211,-0.012507345217777797,-0.020162757770495955,1,0
2008-05-08,-0.0023320487,0.007957214,0.0069067227,0.011946519,6.5394397,-0.012694803181708427,-0.020271888055841458,0,0
2008-05-09,-0.0021574982,0.007882437,0.0057737567,0.011534103,6.560563,-0.012577843299082863,-0.020076093055659112,0,0
2008-05-12,0.011275287,0.0078839,0.005592531,0.011216452,6.1982427,-0.012536363371579944,-0.02017449419064787,0,0
2008-05-13,0.0,0.0077478,0.007157456,0.011428165,6.2568455,-0.012327473384001556,-0.019810614128133647,0,0
2008-05-14,0.002133334,0.008032126,0.011287127,0.011094173,6.266702,-0.012781150792706747,-0.020534917330467372,0,0
2008-05-15,0.01182819,0.008084148,0.007016568,0.01081847,6.3155384,-0.012870258218408908,-0.02065455186903922,0,0
2008-05-16,0.0008771161,0.007958113,0.007304799,0.011153564,6.5504723,-0.01269747398044428,-0.020271385198755862,0,0
2008-05-19,0.0028016127,0.00798669,0.009305723,0.010875879,6.5644474,-0.012744630838493472,-0.02034063651410723,0,0
2008-05-20,-0.008604847,0.007961973,0.008813085,0.010666217,6.341339,-0.012678978227335087,-0.020335507550821835,0,0
2008-05-21,-0.017435063,0.008116064,0.012780142,0.010756301,6.6376944,-0.012959217965432509,-0.020651468408066833,1,0
2008-05-22,0.00017945268,0.008449243,0.0048141493,0.011667199,7.148725,-0.013542797445116538,-0.021372970091685147,0,0
2008-05-23,-0.014276921,0.008323686,0.0068199164,0.011353337,7.179994,-0.013344289032087267,-0.02104824207951531,1,0
2008-05-26,0.00090966985,0.0084922165,0.002561341,0.0117663415,7.359094,-0.0136297658382083,-0.021433827067396324,0,0
2008-05-27,0.0072477213,0.008408951,0.00747304,0.0114631,7.3409777,-0.013494647068956069,-0.02122765500859017,0,0
2008-05-28,0.004862684,0.008452359,0.007355985,0.011358015,7.5251665,-0.013578902284604134,-0.02129729075797645,0,0
2008-05-29,0.004481499,0.008402294,0.009650806,0.011180399,7.429929,-0.013491110824633378,-0.02119145542683636,0,0
2008-05-30,0.0019655148,0.008188465,0.0049008233,0.010986705,7.552581,-0.013156963211799233,-0.020626744801754308,0,0
2008-06-02,-0.01076823,0.007932944,0.009837972,0.010737688,7.521621,-0.012744197341942085,-0.019989235088864236,0,0
2008-06-03,-0.005065134,0.008158968,0.01197778,0.0109336795,7.9512696,-0.01313633983081789,-0.0204749999083178,0,0
2008-06-04,-0.00072568946,0.008288567,0.008962296,0.010759613,8.001411,-0.013348126642416247,-0.020790840315085914,0,0
2008-06-05,0.01994496,0.008317656,0.008627624,0.010495084,7.6077733,-0.013368589127049219,-0.020940803716856197,0,0
2008-06-06,-0.03309824,0.008101015,0.01758487,0.011735053,7.461374,-0.01300973987109233,-0.020425086072522018,1,1
2008-06-09,0.0029379383,0.008700836,0.010692993,0.01323757,6.2046003,-0.013836322549790642,-0.022263080428614926,0,0
2008-06-10,-0.005331385,0.008693951,0.010082655,0.013144599,6.344599,-0.01384505396211624,-0.02220409195735867,0,0
2008-06-11,-0.015230606,0.008881266,0.01155399,0.013064247,6.5242996,-0.014167115026756286,-0.022630306730399376,1,0
2008-06-12,0.0039226725,0.009087346,0.011548642,0.01314302,6.388749,-0.014477714038641837,-0.023195474605413595,0,0
2008-06-13,0.012229169,0.009122465,0.010262725,0.013088238,6.40375,-0.014535741349048715,-0.023280600099264328,0,0
2008-06-16,0.0001841451,0.008961022,0.008199172,0.013052359,6.6909704,-0.014314731634966653,-0.022786723894059762,0,0
2008-06-17,-0.0035045687,0.008853525,0.010251229,0.012976174,6.8098536,-0.014156419095565496,-0.022481519796333987,0,0
2008-06-18,-0.010588006,0.008858431,0.008949099,0.012910069,6.9461956,-0.014178749544714061,-0.022458547370865226,0,0
2008-06-19,0.002052048,0.008957207,0.009139285,0.012943959,6.7360377,-0.014313870578103556,-0.02276469564573415,0,0
2008-06-20,-0.016914517,0.008910258,0.010263499,0.012897354,6.729989,-0.014238153419511837,-0.022647014283030495,1,0
2008-06-23,-0.0005687743,0.009036056,0.006037348,0.012931332,6.885103,-0.014456549000259576,-0.0229249190427947,0,0
2008-06-24,-0.0020882778,0.008982623,0.012172169,0.012878547,6.912668,-0.014374004464550129,-0.022782132400964432,0,0
2008-06-25,0.0053070635,0.009135916,0.011882924,0.012868967,6.6613884,-0.01459054754716657,-0.023239785143097352,0,0
2008-06-26,-0.029154347,0.008946561,0.01139846,0.011818968,6.157471,-0.014219919311851058,-0.022906483498866582,1,1
2008-06-27,-0.0035094596,0.00931579,0.010193858,0.013019102,6.4659505,-0.014852408615857576,-0.023755025607378345,0,0
2008-06-30,0.000780945,0.009351167,0.009219981,0.0131289,6.37603,-0.014896208270935712,-0.02387281595628964,0,0
2008-07-01,0.004089985,0.009296868,0.014231849,0.01266693,6.9196844,-0.014877626318899322,-0.023577236205602956,0,0
2008-07-02,-0.018439125,0.009372975,0.014746908,0.012509732,7.077911,-0.015016245106253323,-0.023728004371196865,1,0
2008-07-03,0.0017802399,0.009662457,0.012297643,0.012932221,6.6797733,-0.015433814122572201,-0.02457371095769264,0,0
2008-07-04,0.0,0.009671594,0.0071347924,0.012463088,7.5279374,-0.015537871270163777,-0.024368706820247932,0,0
2008-07-07,-0.01052955,0.009607215,0.018962272,0.0123321945,7.641198,-0.015444016732617359,-0.02417956575041813,0,0
2008-07-08,0.017422734,0.009904537,0.019330699,0.012353902,7.4839745,-0.015908150433897428,-0.024966617104674817,0,0
2008-07-09,-0.020423036,0.009451454,0.013876636,0.012433096,7.7665486,-0.015203551852419358,-0.023759032450758905,1,0
2008-07-10,0.0051948167,0.009528444,0.012306379,0.013270699,6.6902695,-0.015221069512868694,-0.024229810800120676,0,0
2008-07-11,-0.01182734,0.009558141,0.019209607,0.01251783,7.8126087,-0.01537873284375587,-0.02401683886537683,0,0
2008-07-14,-0.009319355,0.009739072,0.019465066,0.012479226,8.225511,-0.015699642055541564,-0.02438146097159521,0,0
2008-07-15,-0.01373113,0.009905571,0.018256571,0.0124126375,8.570255,-0.015989998020595197,-0.024728132878400293,0,0
2008-07-16,0.024058245,0.010006391,0.020825766,0.012409428,9.067796,-0.016180365292312482,-0.024886511451300136,0,0
2008-07-17,0.010022133,0.009751428,0.012432214,0.012583131,9.540125,-0.015789848396837055,-0.024174470707747805,0,0
2008-07-18,0.005568829,0.009506235,0.01134199,0.012555365,9.618135,-0.01539603342795503,-0.023554765472723626,0,0
2008-07-21,0.00079302146,0.009405968,0.007765506,0.012464445,9.83042,-0.015241912557708053,-0.02327531418348797,0,0
2008-07-22,0.010056281,0.009189546,0.015262875,0.012417007,9.158576,-0.014863711180590005,-0.022840288412872597,0,0
2008-07-23,0.0064535276,0.009063717,0.009530793,0.012364484,9.576739,-0.01467772996036207,-0.022464261904265932,0,0
2008-07-24,-0.022672238,0.008910492,0.013329725,0.012372443,9.032683,-0.014406688131607786,-0.022166518454997,1,1
2008-07-25,0.0,0.009146456,0.0075963004,0.012606859,8.746498,-0.01477403805440261,-0.022801821347807647,0,0
2008-07-28,-0.0150680905,0.009054598,0.011507876,0.012563193,8.241565,-0.014597244509565096,-0.022664805938806046,1,0
2008-07-29,0.021428676,0.009293061,0.011967656,0.012628471,8.263499,-0.014983059314372774,-0.02325738289060984,0,0
2008-07-30,0.0180645,0.009028855,0.0082511725,0.012748511,8.677945,-0.014580525585199483,-0.022520511824954535,0,0
2008-07-31,-0.013912246,0.008700247,0.010899723,0.012818857,9.059308,-0.01406794808523443,-0.021639361286271173,0,0
2008-08-01,-0.0053417874,0.008879513,0.011851286,0.012942926,8.696064,-0.014340287122785926,-0.02214490799107491,0,0
2008-08-04,-0.009167063,0.008944066,0.0073117074,0.012955432,8.097475,-0.014410043938714173,-0.022415990116669976,0,0
2008-08-05,0.027058035,0.008843925,0.012589752,0.012942368,8.074684,-0.014247249956504943,-0.022169452740627406,0,0
2008-08-06,0.0036954237,0.0086720325,0.0087628495,0.013131299,7.7777557,-0.013950571744528456,-0.02179742416455337,0,0
2008-08-07,-0.015455654,0.008545923,0.01013169,0.0131358905,7.448701,-0.01372322866832169,-0.02154959483232916,1,0
2008-08-08,0.018944029,0.008542256,0.016028976,0.0131249055,7.9508095,-0.013753422698607607,-0.021436954035593737,0,0
2008-08-11,0.009818155,0.008499493,0.0122638075,0.013150866,8.644078,-0.01372398572822004,-0.021205712990494473,0,0
2008-08-12,-0.010398707,0.00829915,0.010778149,0.013163514,8.317689,-0.013383596078677985,-0.02076050003855057,0,0
2008-08-13,-0.005434796,0.008606303,0.01051712,0.013181219,8.055817,-0.013863268048398204,-0.02157738833571838,0,0
2008-08-14,0.0071754404,0.008768642,0.01331056,0.013134533,8.066148,-0.014125429322157882,-0.021982393562065355,0,0
2008-08-15,0.00462696,0.008718691,0.0058188615,0.013175646,7.4701324,-0.014002394956188867,-0.0219804868823789,0,0
2008-08-18,-0.01375058,0.00854545,0.015384886,0.013106108,7.6935573,-0.01374098865336467,-0.02149644263548844,1,0
2008-08-19,-0.010586258,0.008731267,0.009124681,0.013068944,8.29583,-0.01407918143048458,-0.021845451244469977,0,0
2008-08-20,0.0041302056,0.008795565,0.008609973,0.013083101,8.12593,-0.01417257700621482,-0.022038328725962876,0,0
2008-08-21,0.0013729531,0.008736531,0.010244843,0.013024382,8.328254,-0.014089547231459214,-0.02185269178193232,0,0
2008-08-22,0.013046627,0.008711073,0.0092788935,0.013019251,7.9181213,-0.014023048219502735,-0.021867097792525877,0,0
2008-08-25,-0.020127695,0.008572762,0.009905701,0.013019152,8.100437,-0.013812006724527127,-0.021484853513226883,1,0
2008-08-26,0.004136714,0.00874092,0.006964616,0.01313564,7.7889304,-0.014062182250732226,-0.021968266959395022,0,0
2008-08-27,0.008027454,0.00867972,0.009684023,0.013201207,7.044242,-0.01390237249824303,-0.02198120232046134,0,0
2008-08-28,0.01240326,0.008623597,0.010939974,0.013141302,7.3440375,-0.013839368454068721,-0.021768820410060223,0,0
2008-08-29,-0.01201332,0.008490759,0.005745326,0.013151335,7.3895698,-0.013629912079085866,-0.02142341519190813,0,0
2008-09-02,-0.0046893405,0.008455153,0.01737127,0.013143381,7.5491605,-0.0135852110674131,-0.02129925351734681,0,0
2008-09-03,-0.0009797199,0.008694284,0.008734248,0.013132993,7.394923,-0.013957066599981291,-0.021935731420350848,0,0
2008-09-04,-0.03085743,0.00852822,0.013663596,0.013078577,7.52124,-0.013700471621086115,-0.021489276055381663,1,1
2008-09-05,0.0036326982,0.008988621,0.016361857,0.013312998,6.9366155,-0.014386126586948843,-0.022791099353579276,0,0
2008-09-08,0.020734396,0.0089823315,0.01963987,0.013256324,7.075907,-0.01439020611664176,-0.02273957963667623,0,0
2008-09-09,-0.032487318,0.00881445,0.021030338,0.013329983,7.1342545,-0.014126810114585529,-0.022300297322573003,1,1
2008-09-10,0.0054883766,0.009317581,0.013804196,0.013612316,7.442012,-0.014961792005096132,-0.023497018318837437,0,0
2008-09-11,0.01429027,0.009278157,0.021894133,0.013450661,7.1933756,-0.014875761067817394,-0.023458446469357144,0,0
2008-09-12,0.0049835644,0.009436462,0.013413508,0.013467742,8.145925,-0.015206609628708278,-0.023640061099751416,0,0
2008-09-15,-0.05078061,0.00939797,0.017494382,0.01335497,7.9269547,-0.015129450073784433,-0.023589492709918794,1,1
2008-09-16,0.017626168,0.00971732,0.032708842,0.019461827,6.589081,-0.01550957174403815,-0.02474067419151113,0,0
2008-09-17,-0.04476948,0.009792461,0.032085188,0.0188522,6.82141,-0.015659136851321906,-0.024862365493341598,1,1
2008-09-18,0.034023356,0.010112108,0.045771163,0.022969406,6.73829,-0.01615972648486209,-0.025699178393461045,0,0
2008-09-19,0.03491219,0.009988705,0.045436237,0.024158346,7.254874,-0.01602128928702848,-0.025238394592448112,0,0
2008-09-22,-0.02622368,0.009841284,0.020922529,0.025237469,7.8105726,-0.015834138443381968,-0.024728763335259484,1,1
2008-09-23,-0.022285625,0.010042945,0.017239943,0.024685115,8.303034,-0.016194744981277452,-0.025125722354435106,1,0
2008-09-24,0.0050420277,0.010645528,0.017555848,0.023732295,8.665112,-0.017190464914774457,-0.02655559390120788,0,0
2008-09-25,0.017037602,0.010735357,0.019906314,0.021557918,8.64526,-0.017334272007568013,-0.026783810188216062,0,0
2008-09-26,0.00082372327,0.010621053,0.021424865,0.020464456,8.97439,-0.01716914128200492,-0.02643300944675745,0,0
2008-09-29,-0.08212048,0.01084426,0.036961686,0.018684348,8.503318,-0.017500834446880335,-0.027085919775274518,1,1
2008-09-30,0.043936692,0.012002939,0.028157486,0.03280949,6.0896606,-0.019063551578012008,-0.030760623877277134,0,0
2008-10-01,-0.0004278075,0.011665222,0.017848093,0.034133684,6.4270678,-0.018591460766598802,-0.029760802931662583,0,0
2008-10-02,-0.03838238,0.011879189,0.027477942,0.030981457,6.4498253,-0.018936486384458093,-0.030297855093040862,1,1
2008-10-03,-0.014556298,0.0126345195,0.035385687,0.03186084,6.537964,-0.020156634012277724,-0.032188439999691204,0,0
2008-10-06,-0.050901573,0.013263484,0.056576967,0.029616347,6.6048284,-0.021172383978382087,-0.03376278708184107,1,1
2008-10-07,-0.04614709,0.014008109,0.04483353,0.032997377,6.8876286,-0.022411631606171614,-0.03553823134503507,1,1
2008-10-08,-0.02491635,0.01528454,0.055959888,0.03473319,7.3983636,-0.024537008200632923,-0.03856163093635566,1,0
2008-10-09,-0.07238437,0.016655281,0.06265827,0.033315334,7.63002,-0.026772487696059496,-0.041922786364806036,1,1
2008-10-10,-0.023843657,0.018753344,0.08288001,0.0404171,7.8780484,-0.03018322483248207,-0.047093140028559875,0,0
2008-10-13,0.13202211,0.020542353,0.03906724,0.038481947,7.9280977,-0.03307056709876972,-0.05156205519087733,0,0
2008-10-14,-0.014363794,0.019623013,0.064020954,0.06017553,6.7334094,-0.031357468916114274,-0.04987335364580394,0,0
2008-10-15,-0.104003385,0.016392868,0.05011234,0.05599354,6.73388,-0.026195813738962768,-0.04166346444295325,1,1
2008-10-16,0.040943768,0.017167784,0.06104906,0.06503145,7.1006713,-0.027508395041442965,-0.043449936387425385,0,0
2008-10-17,-0.008002177,0.017402196,0.059319828,0.06267695,6.7418694,-0.027810502897437778,-0.044224513658841835,0,0
2008-10-20,0.059268903,0.018868893,0.035942934,0.058219884,6.6836405,-0.030140186548824555,-0.04798541454856105,0,0
2008-10-21,-0.03205814,0.01902121,0.021628601,0.05834048,6.933495,-0.030442414637936902,-0.04823095297880732,1,0
2008-10-22,-0.060706068,0.019133938,0.064359695,0.055699747,7.004533,-0.030638459363912185,-0.048477796872421694,1,1
2008-10-23,0.013751592,0.021131346,0.05297169,0.056366127,7.326335,-0.03390846603610119,-0.05335234991422682,0,0
2008-10-24,-0.055312343,0.022252228,0.05193136,0.053044617,7.130332,-0.03566243632414686,-0.05629988039951699,1,0
2008-10-27,-0.03675263,0.024136271,0.052534852,0.05335358,7.410205,-0.038749828936748415,-0.06088643297422889,0,0
2008-10-28,0.117416926,0.025754537,0.05833552,0.051266618,7.4955926,-0.04136832737114273,-0.06491253384859581,0,0
2008-10-29,-0.012595638,0.025566146,0.042043075,0.06368566,7.5294194,-0.04107356312050922,-0.06441593728555302,0,0
2008-10-30,0.036541,0.026311636,0.021854695,0.059696577,7.1222,-0.04216593848252789,-0.06657641042255276,0,0
2008-10-31,0.0059624286,0.02639241,0.031983472,0.05738246,7.1552877,-0.04230468147826248,-0.06675674904929942,0,0
2008-11-03,0.002323481,0.026569331,0.016437251,0.0537889,6.9663167,-0.04253288759709498,-0.06734514024017711,0,0
2008-11-04,0.034219533,0.025973482,0.022114724,0.049760498,6.76791,-0.041516897531576315,-0.06598643127175714,0,0
2008-11-05,-0.04615223,0.024526257,0.03439639,0.048257597,6.5402064,-0.03912903621008516,-0.062482768982020244,1,0
2008-11-06,-0.05746547,0.025173524,0.030194508,0.047883414,6.727465,-0.04022523375051163,-0.06398494631970345,1,0
2008-11-07,0.03450023,0.026945094,0.017284412,0.04962323,6.8507924,-0.043097610899470916,-0.06838821632441022,0,0
2008-11-10,-0.015879758,0.026740102,0.041157812,0.047605768,6.890233,-0.04278242947649521,-0.06783694788363219,0,0
2008-11-11,-0.031416196,0.02746598,0.02964866,0.04475637,6.5429015,-0.04382009871239444,-0.06996961582968282,0,0
2008-11-12,-0.04524104,0.02618174,0.041416638,0.04275051,6.652096,-0.04181040250786852,-0.06660819443640023,1,0
2008-11-13,0.06162347,0.026849952,0.06969881,0.043310095,6.7381835,-0.042907723424536776,-0.06823726751301279,0,0
2008-11-14,-0.052293953,0.02655357,0.03264275,0.046601202,6.986219,-0.04251370856669602,-0.067290049362059,1,0
2008-11-17,-0.012262927,0.027118513,0.027287703,0.04741199,7.1092157,-0.04345522092066592,-0.06862780676075349,0,0
2008-11-18,0.018049981,0.027968215,0.035152737,0.044083543,7.0101905,-0.044786239572875,-0.0708558397748497,0,0
2008-11-19,-0.064346194,0.028655123,0.034751512,0.04127833,6.8091125,-0.04581808862226209,-0.07276382092367215,1,0
2008-11-20,-0.08237877,0.030163908,0.04713238,0.045602582,6.9225707,-0.0482718373541965,-0.07649437912663877,1,1
2008-11-21,0.056824245,0.031514894,0.047022015,0.052052762,7.080861,-0.05049035992689535,-0.07977842360725679,0,0
2008-11-24,0.068319246,0.031271055,0.061777703,0.052826744,7.2520523,-0.0501560261642304,-0.07901473876785801,0,0
2008-11-25,0.006171952,0.030424975,0.03326194,0.05532633,7.3079553,-0.04881600469176401,-0.07683162243461557,0,0
2008-11-26,0.03794649,0.029652609,0.041690595,0.05145173,7.151054,-0.047529159908411375,-0.07500651172800502,0,0
2008-11-28,0.010103931,0.028542332,0.016463533,0.049868874,7.184682,-0.045759624732491795,-0.07217181823434515,0,0
2008-12-01,-0.09299507,0.027915746,0.03695054,0.046524208,7.0166774,-0.044704261055793525,-0.07071777531696508,1,1
2008-12-02,0.03995125,0.02967214,0.020563448,0.055300616,7.306491,-0.04760767589331535,-0.07493165599615936,0,0
2008-12-03,0.0227084,0.029552624,0.037007064,0.053497385,7.2447186,-0.047397610385630375,-0.07467846452077645,0,0
2008-12-04,-0.024476746,0.029732497,0.032498524,0.05043767,7.0765495,-0.04763336027877923,-0.075269954011448,0,0
2008-12-05,0.029071815,0.030413354,0.04889199,0.0477601,7.019958,-0.04870505019574878,-0.07704203042997847,0,0
2008-12-08,0.03629601,0.030311598,0.03408373,0.045674074,6.9881763,-0.048531195017867075,-0.0768116696796788,0,0
2008-12-09,-0.016999155,0.02947552,0.02207776,0.044530276,6.857881,-0.0471474598050592,-0.07480441919389297,0,0
2008-12-10,0.007001849,0.02912291,0.01877328,0.04185464,6.7384295,-0.04654012853387352,-0.07401361227373988,0,0
2008-12-11,-0.02343747,0.028769145,0.024363993,0.03889058,6.5929756,-0.04591926138960426,-0.07324384411024293,0,0
2008-12-12,0.012493065,0.02895738,0.047130186,0.03712359,6.5219274,-0.046190920936826356,-0.07378834489650503,0,0
2008-12-15,-0.014495067,0.029033951,0.028781876,0.034586143,6.334996,-0.04623199926065422,-0.07416117145652455,0,0
2008-12-16,0.044240136,0.02897064,0.023967575,0.03232603,6.19734,-0.046066421706631194,-0.07413529448793814,0,0
2008-12-17,-0.010739467,0.028202757,0.023613678,0.034920156,6.549096,-0.0449980352245645,-0.07184099923804213,0,0
2008-12-18,-0.01169604,0.027846504,0.028396232,0.03261983,6.439514,-0.04438555587344342,-0.0710318287418988,0,0
2008-12-19,-0.012685159,0.027244188,0.020334011,0.030468497,6.267241,-0.04335265471820654,-0.06965193618036886,0,0
2008-12-22,-0.011412392,0.026070194,0.030044548,0.028506685,6.212722,-0.041461123433403343,-0.06669924403686271,0,0
2008-12-23,-0.014742281,0.025217662,0.016144618,0.026262712,6.268523,-0.04012844334982558,-0.06446985857646255,0,0
2008-12-24,0.0075428267,0.024820339,0.007558801,0.024696017,6.2522826,-0.03948962758244075,-0.06346783996940035,0,0
2008-12-26,0.0046136184,0.024264382,0.0071163354,0.022473974,6.2778215,-0.038615152246843455,-0.06202508907120844,0,0
2008-12-29,0.001724634,0.023832329,0.016550899,0.020247044,6.257396,-0.03791967501683576,-0.0609372465287863,0,0
2008-12-30,0.020185476,0.024096286,0.010176194,0.018143848,6.143037,-0.03829331557407895,-0.061707524557221456,0,0
2008-12-31,0.013141529,0.023303326,0.014748464,0.018858556,6.3422112,-0.03710950994039477,-0.05951786009116449,0,0
2009-01-02,0.027939368,0.022464482,0.024951216,0.018231856,6.1841173,-0.0357159116581036,-0.05749646445013266,0,0
2009-01-05,0.0021586625,0.021292608,0.013437581,0.020519346,6.3940096,-0.03392451290252434,-0.05434573942436689,0,0
2009-01-06,0.0032292816,0.020952104,0.014424852,0.018928742,6.201664,-0.033317610473188354,-0.05361287798366957,0,0
2009-01-07,-0.027510928,0.02054759,0.019064745,0.017437905,6.1163945,-0.03264424323163,-0.052639035312530114,0,0
2009-01-08,0.0016556295,0.0213606,0.012716316,0.019673469,6.3005576,-0.034001768885980235,-0.054585939401395445,0,0
2009-01-09,-0.02371432,0.021169322,0.02041451,0.018146148,6.1947985,-0.03366058232186339,-0.05417373780493712,0,0
2009-01-12,-0.019960742,0.021564988,0.016526666,0.019299438,6.3732514,-0.03435164494190445,-0.055055759296109924,0,0
2009-01-13,0.00057587103,0.022285901,0.013889315,0.019612733,6.3418775,-0.035489188787355956,-0.056919552854479374,0,0
2009-01-14,-0.03366336,0.022100406,0.028182985,0.01809742,6.223006,-0.035151497455077424,-0.05653491514562768,0,0
2009-01-15,-0.00059559266,0.023197029,0.030437928,0.02173316,6.1089034,-0.036850379593048495,-0.0594325350132739,0,0
2009-01-16,0.010961449,0.023379602,0.025986712,0.020048771,5.9577217,-0.03709407837012427,-0.05999154541238723,0,0
2009-01-20,-0.05138634,0.023095611,0.046839423,0.01904836,5.903018,-0.03664349961580206,-0.05926283298739951,1,0
2009-01-21,0.037441596,0.024773613,0.023674807,0.027656818,5.462507,-0.039305815315250854,-0.06356854538688132,0,0
2009-01-22,-0.013536077,0.02433772,0.030054945,0.02990432,5.673219,-0.03861422788929722,-0.062450054234284055,0,0
2009-01-23,-0.0024257137,0.02426289,0.031561647,0.0279489,5.5549307,-0.03849550613522837,-0.06225804780593737,0,0
2009-01-26,0.008765358,0.02424093,0.03256093,0.025670161,5.357304,-0.03846066163882824,-0.062201694466536325,0,0
2009-01-27,0.010179728,0.023669714,0.013005826,0.0238881,5.2716827,-0.037554371742534974,-0.06073596910391202,0,0
2009-01-28,0.03770723,0.022691512,0.02194415,0.022383736,5.1966276,-0.0360023565386932,-0.05822592451800909,0,0
2009-01-29,-0.033545513,0.02182073,0.015573725,0.02590106,5.2936525,-0.03462077062767298,-0.0559915119766036,0,0
2009-01-30,-0.02432187,0.021752091,0.021922864,0.027593473,5.4538555,-0.03451186845589701,-0.05581538657139964,0,0
2009-02-02,-0.0015209129,0.022224586,0.018298293,0.027256412,5.5043902,-0.03526153004251754,-0.05702779995633197,0,0
2009-02-03,0.012403728,0.02244368,0.018915908,0.025044005,5.220447,-0.03560914615124978,-0.05758999285852532,0,0
2009-02-04,-0.002106848,0.022011489,0.01978007,0.023616292,5.1766543,-0.034923429481831,-0.056480996368492555,0,0
2009-02-05,0.012872502,0.022098886,0.026353694,0.021838482,5.076843,-0.035062094434732786,-0.05670525655191348,0,0
2009-02-06,0.0319067,0.022017647,0.01882629,0.020914437,5.099034,-0.03493320201120467,-0.056496801293846544,0,0
2009-02-09,-0.0031741478,0.021710694,0.01645508,0.023289066,5.357252,-0.034446189819595276,-0.05570916576566875,0,0
2009-02-10,-0.04492481,0.020981062,0.027806085,0.021661667,5.2722116,-0.033288554087266435,-0.05383694357661601,1,0
2009-02-11,0.005426604,0.02145388,0.013807208,0.026689727,5.477596,-0.034038729636542905,-0.05505018818354844,0,0
2009-02-12,0.0047990493,0.021083154,0.026703866,0.024829645,5.3983502,-0.033450535571362745,-0.05409891314119633,0,0
2009-02-13,-0.018726008,0.020918962,0.014722737,0.0231934,5.365471,-0.03319002527444785,-0.053677594806991503,0,0
2009-02-17,-0.042983882,0.020773124,0.019202193,0.02275888,5.516979,-0.03295864073452184,-0.0533033810040176,1,0
2009-02-18,-0.007667769,0.021105096,0.016802156,0.026657823,5.8364177,-0.03348534749266497,-0.05415521379751286,0,0
2009-02-19,0.0,0.021160563,0.019562118,0.02501075,5.767418,-0.033573350929402564,-0.054297540077163524,0,0
2009-02-20,-0.012911735,0.020963883,0.023856018,0.023370188,5.6856112,-0.03326129958867985,-0.05379286539590657,0,0
2009-02-23,-0.032356735,0.021524696,0.03816819,0.02237916,5.6812134,-0.034151084768697576,-0.05523189799571081,0,0
2009-02-24,0.0313816,0.022465885,0.021932391,0.024111103,5.997347,-0.03564437430991422,-0.057646966687588404,0,0
2009-02-25,-0.009475647,0.021406231,0.025381558,0.025353737,6.350979,-0.03409139307124397,-0.054666316803455905,0,0
2009-02-26,-0.012553848,0.02103435,0.025541645,0.02393544,6.278476,-0.033474996385682854,-0.05376795561921757,0,0
2009-02-27,-0.023886753,0.021108834,0.020248836,0.022872495,6.0811005,-0.03352266787502644,-0.054103252478811314,0,0
2009-03-02,-0.039942797,0.021158474,0.026419,0.023110393,6.3896275,-0.033709389263596,-0.05400644197467203,1,0
2009-03-03,-0.022940073,0.022171732,0.022842033,0.026279423,6.802797,-0.035449740065932774,-0.056304759650594054,0,0
2009-03-04,0.027183361,0.02261869,0.039410368,0.025948511,7.033378,-0.03622579108905435,-0.05728827623326716,0,0
2009-03-05,-0.032272432,0.02209094,0.029506058,0.026295852,7.135728,-0.03540522112171119,-0.05588852247542143,0,0
2009-03-06,0.0025477721,0.02261301,0.03468824,0.027407354,7.48676,-0.036320409224743055,-0.056999583096898544,0,0
2009-03-09,-0.017232323,0.022677755,0.021979231,0.025393253,7.3645706,-0.036398350272226494,-0.057234003154060534,0,0
2009-03-10,0.05748709,0.02276838,0.032546952,0.02460293,7.0029087,-0.03645773409026787,-0.05768707632069074,0,0
2009-03-11,0.0062652486,0.021559877,0.019646004,0.03184269,7.234436,-0.03457628943810393,-0.054487032974561395,0,0
2009-03-12,0.042125795,0.021100467,0.031221518,0.029626975,7.154516,-0.03382199760377738,-0.05337179962091345,0,0
2009-03-13,0.008282307,0.020914145,0.016916199,0.03203648,7.5054827,-0.033595313953710855,-0.05270743980263894,0,0
2009-03-16,-0.000660066,0.02076158,0.022865584,0.029812716,7.3815002,-0.0333262228504352,-0.052388825065949794,0,0
2009-03-17,0.023492107,0.021150647,0.022716383,0.027579006,6.897071,-0.033841384204554514,-0.053652834760107446,0,0
2009-03-18,0.020744322,0.020714628,0.032861557,0.027154451,6.822333,-0.033125021217319105,-0.05259240286458687,0,0
2009-03-19,-0.01463596,0.0205713,0.019989321,0.026433995,6.811495,-0.03289307612217907,-0.052235151407803784,0,0
2009-03-20,-0.020726131,0.021027401,0.01776226,0.025160627,6.685419,-0.03358856457633253,-0.05347355542671547,0,0
2009-03-23,0.067377254,0.021900572,0.02963041,0.02465913,6.9238405,-0.035048201812892726,-0.055538107913939296,0,0
2009-03-24,-0.016967861,0.02133505,0.011998414,0.035009596,6.8494844,-0.03412422978549614,-0.054150424195530886,0,0
2009-03-25,0.0058942316,0.021159332,0.03182404,0.033023342,6.8653297,-0.033847240553275704,-0.053694554718770535,0,0
2009-03-26,0.02323553,0.0210488,0.013325522,0.030596498,6.7455044,-0.03363912822122113,-0.05348937266566277,0,0
2009-03-27,-0.013692592,0.020342823,0.015701996,0.029724406,6.882369,-0.03254528786837623,-0.05161237946158852,0,0
2009-03-30,-0.03968651,0.020515155,0.027669104,0.028011808,6.5289063,-0.032726471221839165,-0.0522715383936121,1,0
2009-03-31,0.013299753,0.021480352,0.018786566,0.030292122,6.9402394,-0.0343798271717686,-0.054462262420103345,0,0
2009-04-01,0.018080292,0.02121464,0.023689903,0.02845971,6.916227,-0.033948583332948035,-0.05380332909181526,0,0
2009-04-02,0.031922456,0.020849839,0.022347627,0.027241373,6.978323,-0.03337984919809373,-0.05284080168298566,0,0
2009-04-03,0.0059666047,0.020440709,0.018034384,0.028199948,7.303597,-0.03279565241805275,-0.05162089656419335,0,0
2009-04-06,-0.011969023,0.01976807,0.023792775,0.02611457,7.1732545,-0.03169019420298866,-0.049991478870454846,0,0
2009-04-07,-0.020067563,0.019754129,0.01504106,0.024549762,7.0985007,-0.03165210004256723,-0.04999690829089699,0,0
2009-04-08,0.010388116,0.019631168,0.0191591,0.0240476,7.2258344,-0.03148142684845968,-0.04961726396161475,0,0
2009-04-09,0.035824727,0.019423896,0.016406685,0.02257834,7.0098286,-0.03110391777524246,-0.049209507177999705,0,0
2009-04-13,0.0017579846,0.01874445,0.01595002,0.025514588,7.3904424,-0.030089952496729667,-0.04729454004512713,0,0
2009-04-14,-0.016231727,0.018418068,0.015074139,0.02354565,7.219726,-0.029534887013629583,-0.04655421489586983,0,0
2009-04-15,0.009770618,0.01810381,0.013871693,0.022754416,7.046565,-0.028997476723857947,-0.045846323805362174,0,0
2009-04-16,0.015204972,0.017608661,0.020044316,0.02141386,6.998262,-0.02819483691107971,-0.04461648996616004,0,0
2009-04-17,0.0060755285,0.017008098,0.014471481,0.020788876,7.0211024,-0.027237603569988902,-0.04308375775862068,0,0
2009-04-20,-0.039716944,0.016315026,0.019375786,0.019402862,6.9372945,-0.026112037671797286,-0.041367249704331394,1,0
2009-04-21,0.01755214,0.01695942,0.018162511,0.024322089,7.1550446,-0.02718439399199143,-0.042897130989388486,0,0
2009-04-22,-0.01276171,0.016449682,0.017945167,0.023605091,7.2309623,-0.026380312929619204,-0.04157386426727623,0,0
2009-04-23,0.013940608,0.01647024,0.012659905,0.022470694,7.1958003,-0.026407317072837683,-0.04164148391971818,0,0
2009-04-24,0.02069743,0.016096089,0.018373959,0.021594105,7.186834,-0.025805926699334,-0.04069944728429078,0,0
2009-04-27,-0.011315948,0.016106253,0.014971504,0.021733956,7.381664,-0.02585357776477361,-0.040641718295460046,0,0
2009-04-28,-0.0058531044,0.01621517,0.018987676,0.020689037,7.3407187,-0.026021994255026066,-0.040933880553415354,0,0
2009-04-29,0.02005007,0.016084902,0.020464413,0.019365322,7.214944,-0.025792674077300407,-0.04065889582078728,0,0
2009-04-30,0.0011500864,0.01552677,0.018136488,0.01983552,7.299878,-0.024911018085336464,-0.039212781889229616,0,0
2009-05-01,0.0068728793,0.015474735,0.010621431,0.018467613,7.155091,-0.024804589331870044,-0.03914175389949712,0,0
2009-05-04,0.03007957,0.015073147,0.013110816,0.017447595,7.0804186,-0.024148782734754952,-0.038157126229914386,0,0
2009-05-05,0.00083044986,0.014599096,0.00902817,0.020520644,7.3448067,-0.023429110604080868,-0.03685266795279263,0,0
2009-05-06,0.015103953,0.014273664,0.018732237,0.019146534,7.0552344,-0.022863974745807994,-0.03614333225998686,0,0
2009-05-07,-0.011237613,0.013915199,0.02345547,0.018908624,7.1983,-0.02231109187656268,-0.035180666290030124,0,0
2009-05-08,0.019380981,0.013964766,0.014985674,0.01823705,7.3079796,-0.02240607219951239,-0.0352649544792371,0,0
2009-05-11,-0.017178336,0.013356451,0.010560203,0.018779347,7.57509,-0.02146338570717536,-0.03363742647775057,0,0
2009-05-12,-0.002478316,0.013184361,0.016554441,0.018848453,7.898552,-0.02122213449309237,-0.03310215349738771,0,0
2009-05-13,-0.023996687,0.013309714,0.019256353,0.01766849,7.8675346,-0.02142068917506965,-0.03342641017882139,1,0
2009-05-14,0.004789416,0.013557123,0.013986951,0.019134304,8.255378,-0.021857197024999695,-0.03393121784726575,0,0
2009-05-15,-0.0073343064,0.013124351,0.014134851,0.018013733,8.255059,-0.02115944176990983,-0.032848151793074536,0,0
2009-05-18,0.02681725,0.013224904,0.020241065,0.017153773,8.320473,-0.021327340521547798,-0.03308160977475884,0,0
2009-05-19,-0.0005514199,0.012672047,0.009484222,0.019259624,8.829291,-0.020474710797207616,-0.03157122737907434,0,0
2009-05-20,-0.0071962667,0.012219204,0.018394861,0.018091526,8.520201,-0.019721034963907664,-0.030516009089501188,0,0
2009-05-21,-0.012578783,0.012277478,0.016751658,0.017226564,8.613323,-0.01982199942686801,-0.030638922886123653,0,0
2009-05-22,-0.0042283363,0.012600651,0.010821224,0.016952673,8.708898,-0.020350806199281035,-0.03142207275149429,0,0
2009-05-26,0.026482385,0.012661231,0.021525221,0.016046232,8.743457,-0.02045114913614843,-0.0315647801591934,0,0
2009-05-27,-0.018043514,0.012445028,0.014990546,0.018336859,9.295499,-0.020137558986390577,-0.03090239048832062,0,0
2009-05-28,0.01390843,0.012508669,0.015378853,0.018587861,9.735231,-0.020264846187701364,-0.030971305750245644,0,0
2009-05-29,0.014262447,0.0123787355,0.017601356,0.018271888,9.997784,-0.020067241993424415,-0.030600519125524715,0,0
2009-06-01,0.022618089,0.012073062,0.019681845,0.018042674,10.2842865,-0.019571815713100793,-0.029844494773931037,0,0
2009-06-02,0.0037204402,0.011825533,0.010639055,0.019109624,10.793884,-0.019170542626901318,-0.02923260506990203,0,0
2009-06-03,-0.011471381,0.011600108,0.016017709,0.017998565,10.670152,-0.018805103794631534,-0.028675357981551068,0,0
2009-06-04,0.00934711,0.012024674,0.008502227,0.017509142,10.81716,-0.019493373317586788,-0.02972488023753392,0,0
2009-06-05,0.0,0.011838667,0.018136121,0.016896958,10.576923,-0.019191834881791756,-0.029265073012535354,0,0
2009-06-08,-0.0018624456,0.011947585,0.015857475,0.015951563,9.730548,-0.019355622363504958,-0.029582935202278365,0,0
2009-06-09,0.0007986158,0.011817495,0.009571989,0.015057685,9.686431,-0.019142702652035496,-0.029268946548644544,0,0
2009-06-10,0.0010638299,0.01140127,0.021025682,0.014200036,9.620412,-0.018465288956324766,-0.02824991274582964,0,0
2009-06-11,0.0015936259,0.012013156,0.014678265,0.013378754,9.378442,-0.01944339063482609,-0.02981326967932942,0,0
2009-06-12,0.0029150676,0.011837589,0.0082805995,0.012567203,9.350402,-0.019157697796458564,-0.029383105297495996,0,0
2009-06-15,-0.022749543,0.011552024,0.012417483,0.011797032,9.227534,-0.01868881451929636,-0.02869835466137493,1,0
2009-06-16,-0.017201789,0.011951592,0.011490217,0.014907751,9.663658,-0.019358775446875212,-0.02960533582190181,0,0
2009-06-17,-0.0027578617,0.0122439675,0.011544735,0.015698202,10.169823,-0.01984887328852829,-0.030266971844180028,0,0
2009-06-18,0.008798517,0.01238389,0.010158888,0.014813928,9.969626,-0.020074262339326247,-0.03061840645526004,0,0
2009-06-19,0.002733736,0.012342169,0.009142809,0.0144068515,10.064806,-0.020008068932334568,-0.030509724669429077,0,0
2009-06-22,-0.030208753,0.012076321,0.016927062,0.013606023,9.727798,-0.019564041975709368,-0.029902206450995096,1,1
2009-06-23,0.0019676746,0.012533004,0.008081779,0.017827943,9.903603,-0.02031276184903893,-0.03099940445454603,0,0
2009-06-24,0.008667747,0.012233521,0.013403005,0.016748976,9.714841,-0.01981805523239368,-0.03029391390736509,0,0
2009-06-25,0.020391999,0.011993089,0.01663946,0.016139517,9.681105,-0.019426871530968018,-0.029704846405124004,0,0
2009-06-26,-0.0027314958,0.011603211,0.007866141,0.017266763,9.676991,-0.0187951312536065,-0.02873993190456812,0,0
2009-06-29,0.007900872,0.011205428,0.0116651915,0.016264116,9.497363,-0.01814210345341774,-0.027786793974928174,0,0
2009-06-30,-0.0062610796,0.010952737,0.013269382,0.015641872,9.465308,-0.01773141960077222,-0.027165906567610084,0,0
2009-07-01,0.004087756,0.011010916,0.011037606,0.014963542,9.369455,-0.01782080056221467,-0.027327641732894366,0,0
2009-07-02,-0.028691623,0.010846701,0.011219585,0.014217391,8.995622,-0.017535112507785496,-0.02699042631358159,1,1
2009-07-06,0.0025157246,0.011189694,0.011068588,0.017675955,9.367755,-0.018110057864405043,-0.02777166113611617,0,0
2009-07-07,-0.01831295,0.0111689735,0.014243726,0.016660761,9.168885,-0.01806591948124534,-0.027758076511366858,1,0
2009-07-08,-0.0062749777,0.011523444,0.014185103,0.017273556,9.468783,-0.01865551657609705,-0.028580764787302194,0,0
2009-07-09,0.005990604,0.011714174,0.007886321,0.0164692,9.156805,-0.018947089142191238,-0.029115521304730614,0,0
2009-07-10,-0.005418522,0.011387996,0.00873421,0.01572969,8.792394,-0.018397688487612963,-0.02838001992753645,0,0
2009-07-13,0.024015846,0.011403728,0.021374911,0.015005831,8.669844,-0.018415126183256546,-0.02844590292227456,0,0
2009-07-14,0.0066778213,0.011054959,0.008045514,0.017068611,9.099265,-0.01787766512182257,-0.02748820369333473,0,0
2009-07-15,0.028163174,0.011357449,0.012465862,0.016306084,8.948422,-0.01835798375765375,-0.028271064412181857,0,0
2009-07-16,0.00912513,0.011292947,0.013434899,0.01890848,9.350534,-0.01827626864297597,-0.02803117821683783,0,0
2009-07-17,0.0013349354,0.011211992,0.008060774,0.0181453,8.951226,-0.01812303617910319,-0.027908419050347466,0,0
2009-07-20,0.012725516,0.011089498,0.008542059,0.017103398,8.706797,-0.017910068844097307,-0.027654176914683325,0,0
2009-07-21,0.0047306265,0.010954441,0.011916753,0.016879324,8.837191,-0.017699985371474075,-0.02729035489348158,0,0
2009-07-22,-0.0042038946,0.0109013105,0.009750798,0.016051294,8.709452,-0.01760630370330429,-0.027184333693444033,0,0
2009-07-23,0.020329082,0.010625095,0.016373258,0.0152704995,8.502048,-0.017147054632576552,-0.026538777244789154,0,0
2009-07-24,0.008989402,0.010447214,0.0088263415,0.016526205,8.93665,-0.01688604138746997,-0.02600754100013228,0,0
2009-07-27,0.0022985581,0.010187103,0.010693616,0.016019518,8.630161,-0.016448106062637014,-0.025418960731803875,0,0
2009-07-28,-0.004089985,0.010244887,0.011142987,0.015175231,8.456373,-0.016530546058850588,-0.025598552209542515,0,0
2009-07-29,-0.0010251154,0.010449361,0.008746373,0.014447714,8.172156,-0.0168407946373905,-0.026171621703332565,0,0
2009-07-30,0.0074083875,0.010515751,0.013771648,0.013652675,7.7233963,-0.016911834533122328,-0.026445275070952283,0,0
2009-07-31,0.0022880395,0.010497489,0.008683996,0.013246534,7.5297937,-0.0168648869910404,-0.026449158430503328,0,0
2009-08-03,0.0163711,0.010428365,0.007821678,0.012476206,7.2322745,-0.01672408272662007,-0.026355608956127055,0,0
2009-08-04,0.0039890353,0.010232262,0.008773423,0.013723179,7.6705427,-0.016451372915186682,-0.025745385802117427,0,0
2009-08-05,-0.0039890353,0.01017715,0.010542485,0.013008186,7.490987,-0.0163466607942052,-0.025651992200131937,0,0
2009-08-06,-0.005762261,0.010123995,0.012317326,0.012347039,7.0582366,-0.01621724788845307,-0.025634813424421376,0,0
2009-08-07,0.011491508,0.0102408,0.016815212,0.011831765,7.1230054,-0.01641156921882259,-0.025912096489630672,0,0
2009-08-10,0.0009930488,0.0100964345,0.0066097374,0.012151953,7.2234335,-0.016190848982950895,-0.025519127223880285,0,0
2009-08-11,-0.01449663,0.009864334,0.011807588,0.011405192,7.1010294,-0.015805921676251555,-0.024965539724290615,0,0
2009-08-12,0.009272087,0.010614117,0.017006522,0.012291991,7.323045,-0.017031626029496767,-0.026799405597638826,0,0
2009-08-13,0.011162214,0.0107648885,0.009935097,0.012080048,7.5032363,-0.017291894949729786,-0.027130081192874706,0,0
2009-08-14,-0.007676155,0.010572405,0.015938157,0.0121201,7.8073235,-0.017010200950105955,-0.026566701507267355,0,0
2009-08-17,-0.027723549,0.010783753,0.01249169,0.01166839,8.038251,-0.017369378585067038,-0.027040818751783203,1,1
2009-08-18,0.011434504,0.011133714,0.0068775224,0.015457188,8.137805,-0.017941048420755557,-0.027893954364733835,0,0
2009-08-19,0.007551005,0.010957752,0.015034449,0.015084939,8.300955,-0.01766976631621788,-0.027414892394256502,0,0
2009-08-20,0.007743263,0.010935203,0.008140007,0.014370474,8.406614,-0.017640947525620905,-0.027334514486735812,0,0
2009-08-21,0.02019773,0.010653369,0.01711601,0.013738415,8.638461,-0.017201460425675146,-0.02658066679492725,0,0
2009-08-24,-0.0007317966,0.010669255,0.0094520245,0.01486052,9.402963,-0.017269477015201814,-0.026473740542611646,0,0
2009-08-25,0.001463058,0.010521118,0.013542245,0.013960454,9.324579,-0.01702588026340685,-0.02611993936486999,0,0
2009-08-26,0.0007307271,0.010659674,0.008074379,0.013177404,9.0656,-0.017236604288295033,-0.02651167869487929,0,0
2009-08-27,0.002431908,0.0106914705,0.012299887,0.0123865055,9.163083,-0.01729324950718805,-0.026572427698871776,0,0
2009-08-28,-0.0017017142,0.010696058,0.0114463745,0.011677701,9.222995,-0.017303802331520592,-0.026572739307487696,0,0
2009-08-31,-0.0075711682,0.010738168,0.011574919,0.010983945,9.177596,-0.017369548079807784,-0.026685777327626566,0,0
2009-09-01,-0.02306364,0.010845771,0.01698184,0.010669662,9.436998,-0.017556869680494015,-0.026905638661963906,1,0
2009-09-02,-0.0022604556,0.011319575,0.006988798,0.012851405,10.178436,-0.01835032661748055,-0.027981881439275,0,0
2009-09-03,0.0075150654,0.011326033,0.007847482,0.012167925,10.296536,-0.018360795506400046,-0.027997845144698486,0,0
2009-09-04,0.012154435,0.011064568,0.008395356,0.011836523,9.909779,-0.017933071920747563,-0.02736631583840287,0,0
2009-09-08,0.010789707,0.01073419,0.0074471966,0.011937334,10.661718,-0.017401351039085404,-0.026534816072159143,0,0
2009-09-09,0.007290433,0.0110625,0.011030563,0.011894376,10.919947,-0.01793357976399229,-0.027346396235791444,0,0
2009-09-10,0.008918946,0.011003021,0.009806465,0.011576005,10.447076,-0.017837156942039967,-0.027199363868022026,0,0
2009-09-11,-0.0002400096,0.010669754,0.006946657,0.011371212,11.071311,-0.017296893403966875,-0.026375531650565828,0,0
2009-09-14,0.006221604,0.010612772,0.010646925,0.01077737,11.066368,-0.017204518372344917,-0.026234671641004334,0,0
2009-09-15,-0.0019102202,0.010533848,0.009158045,0.01042121,11.539396,-0.017076574100588875,-0.026039573127624113,0,0
2009-09-16,0.01659199,0.010478965,0.007851139,0.009901181,10.322391,-0.01698760204866084,-0.02590390222321156,0,0
2009-09-17,-0.0007054674,0.010165511,0.010131902,0.01094148,11.132517,-0.016479457507421053,-0.0251290473335203,0,0
2009-09-18,-0.0016480286,0.010170698,0.007736408,0.010411254,9.9791975,-0.01648705686171247,-0.02514498740098777,0,0
2009-09-21,-0.00047136462,0.010232243,0.0074893655,0.009873484,9.289512,-0.01655671518040186,-0.025408836992386222,0,0
2009-09-22,0.0063447515,0.010230526,0.004899795,0.009305648,8.583383,-0.01651536351301693,-0.025536695097936296,0,0
2009-09-23,-0.00776018,0.01002594,0.012721377,0.009039104,8.492953,-0.016179557661063486,-0.02504407243389584,0,0
2009-09-24,-0.014026143,0.010220472,0.012954715,0.008946796,8.6919365,-0.016505674411317305,-0.025489983569857357,0,0
2009-09-25,-0.0031171348,0.010331789,0.008804263,0.009763614,9.800735,-0.016740925378429337,-0.02557095956118041,0,0
2009-09-28,0.017143277,0.010297386,0.013852012,0.009288908,9.9600115,-0.01669166179553306,-0.025461119756668045,0,0
2009-09-29,-0.0040212944,0.010140427,0.007911806,0.010534294,11.441966,-0.01643879392566184,-0.02506704061574348,0,0
2009-09-30,-0.0016605388,0.009989477,0.014578189,0.010181051,11.385002,-0.01619408491315811,-0.024693890931940108,0,0
2009-10-01,-0.024514565,0.010165278,0.0147417085,0.009662032,10.078184,-0.016479079398566174,-0.025128470766281528,1,0
2009-10-02,-0.005611824,0.010505277,0.0104452055,0.012239824,10.822964,-0.017030255765866052,-0.025968943640874594,0,0
2009-10-05,0.0143328095,0.010522066,0.00954583,0.011734737,9.857403,-0.017051628895275915,-0.026032822734412056,0,0
2009-10-06,0.011510919,0.010308326,0.012540422,0.012156439,10.786386,-0.01671097659763892,-0.025482084086949738,0,0
2009-10-07,0.004757383,0.010150786,0.005593652,0.012106661,9.706398,-0.016443710092101063,-0.02513776300248643,0,0
2009-10-08,0.009682447,0.009824457,0.007139051,0.011589706,8.591684,-0.01586032536119482,-0.024521486558278585,0,0
2009-10-09,0.00398734,0.009742858,0.006044229,0.011500394,8.683762,-0.015733885755957824,-0.024300345043702723,0,0
2009-10-12,0.0032717953,0.009567398,0.006051694,0.010969575,7.551943,-0.01537253343700654,-0.024100428372464216,0,0
2009-10-13,-0.0025697947,0.009416375,0.0073285154,0.010561363,7.4621325,-0.015122194622732213,-0.02374132080108708,0,0
2009-10-14,0.017621601,0.009716454,0.0070085456,0.010084045,8.700929,-0.015692209416204965,-0.024231276380352225,0,0
2009-10-15,0.0018369695,0.009715717,0.00819501,0.011054739,9.440495,-0.015727719057371407,-0.024101698790969815,0,0
2009-10-16,-0.007137132,0.009643967,0.01072149,0.010686283,13.175056,-0.015633975724161687,-0.023839796656331066,0,0
2009-10-19,0.008283527,0.009748113,0.011837746,0.010434954,11.51508,-0.01580280807980953,-0.024097244224286128,0,0
2009-10-20,-0.0013758314,0.009632316,0.011022516,0.01032259,12.54793,-0.015615087161277269,-0.02381099403400136,0,0
2009-10-21,-0.010611403,0.009563922,0.015718246,0.009832299,10.728988,-0.015504211803541532,-0.023641923413114257,0,0
2009-10-22,0.01175806,0.009601716,0.011840897,0.009950352,10.351777,-0.015565480629905756,-0.023735350471443237,0,0
2009-10-23,-0.012686135,0.009350584,0.013430129,0.010133465,9.503641,-0.015139285248168162,-0.0231862677366927,0,0
2009-10-26,-0.009797139,0.009396486,0.016963031,0.0104566105,10.180722,-0.015232780285316336,-0.023228025354502878,0,0
2009-10-27,-0.005641764,0.009531006,0.0077838525,0.010375563,9.164389,-0.0154162815976624,-0.023688008968659708,0,0
2009-10-28,-0.02096313,0.009434504,0.010282292,0.010094692,8.50652,-0.01522590944423362,-0.023564139223891053,1,0
2009-10-29,0.021905638,0.009921806,0.011952088,0.011928589,40.444294,-0.016084382705664077,-0.02452660921386973,0,0
2009-10-30,-0.027215812,0.009713128,0.014966567,0.013402123,62.173767,-0.015746093439563458,-0.024010761712431276,1,1
2009-11-02,0.005791522,0.010334938,0.015322178,0.015786612,43.956028,-0.016754118142786364,-0.02554786937930922,0,0
2009-11-03,0.0026432793,0.010502316,0.011859661,0.014963692,51.052742,-0.017025456821783802,-0.02596162587007179,0,0
2009-11-04,0.0050269407,0.010543582,0.011542647,0.014186076,51.53448,-0.017092353393336285,-0.026063634513999276,0,0
2009-11-05,0.015401323,0.010473689,0.013717593,0.013537612,34.849453,-0.016979049023805134,-0.02589085996339524,0,0
2009-11-06,0.0028175646,0.010136541,0.010513584,0.013752879,25.704044,-0.016432492674075823,-0.025057432019750917,0,0
2009-11-09,0.023634093,0.009839866,0.009432951,0.013246243,25.850824,-0.01595155002656994,-0.024324056509759676,0,0
2009-11-10,0.00022896394,0.009420134,0.0061577344,0.014696382,23.575296,-0.015271116134437693,-0.02328648258021601,0,0
2009-11-11,0.0038843874,0.009564561,0.007298493,0.013947455,22.357311,-0.015505248226920534,-0.023643503825099103,0,0
2009-11-12,-0.008243692,0.0096336575,0.010897639,0.013324071,16.889671,-0.01561726128719283,-0.023814309295624298,0,0
2009-11-13,0.0039013245,0.009950588,0.008292369,0.01295018,12.361915,-0.016131043701536635,-0.024597761214679385,0,0
2009-11-16,0.01342302,0.009870511,0.011005655,0.012457733,10.432589,-0.01600122745335174,-0.024399808178675066,0,0
2009-11-17,0.0011293056,0.009841425,0.005718969,0.012552982,8.993228,-0.015909828978287556,-0.024489368862170447,0,0
2009-11-18,0.0009025271,0.009690506,0.0063702096,0.012121626,9.157785,-0.015673954119336232,-0.024085538164832616,0,0
2009-11-19,-0.012938553,0.009505409,0.012439458,0.011718822,8.937235,-0.015363812715753272,-0.023662888017827035,0,0
2009-11-20,-0.0038915009,0.009628656,0.0071098977,0.011749888,8.125285,-0.01551491988791391,-0.024125873314204727,0,0
2009-11-23,0.012535777,0.009415943,0.012089968,0.0113156345,8.602981,-0.015201469144395512,-0.02349976182400329,0,0
2009-11-24,-0.00067973265,0.009196442,0.007701813,0.011393268,8.140544,-0.014819473634377618,-0.02303984186713093,0,0
2009-11-25,0.005424968,0.009004065,0.0047566458,0.011083959,8.195786,-0.014512949979986634,-0.022547126629836645,0,0
2009-11-27,-0.017739832,0.008812765,0.026591081,0.010841783,8.472096,-0.0142206267603569,-0.022017352494938674,1,0
2009-11-30,0.0048071514,0.00937695,0.008550426,0.011386595,8.02939,-0.015102831032021551,-0.02351503938996734,0,0
2009-12-01,0.012481723,0.009241363,0.008801098,0.011129327,8.174605,-0.014894071452319036,-0.023145560927018773,0,0
2009-12-02,-0.00045116176,0.009060153,0.0071661198,0.011177265,36.094475,-0.014687545628593144,-0.022396612822233368,0,0
2009-12-03,-0.0090662455,0.008908589,0.011175596,0.010892187,30.868822,-0.014441844080345354,-0.022021949649428222,0,0
2009-12-04,0.0090662455,0.009053291,0.014026537,0.010813472,27.289509,-0.014676420113135488,-0.02237964784602469,0,0
2009-12-07,-0.0038431154,0.008970231,0.007299953,0.010745225,23.904274,-0.014541771161149158,-0.022174325559999822,0,0
2009-12-08,-0.012535777,0.008815733,0.009596766,0.010502464,19.058807,-0.014291312868468097,-0.02179240896541406,0,0
2009-12-09,0.005033184,0.009659117,0.0074713556,0.01071839,17.94818,-0.015658534231883344,-0.023877245213281457,0,0
2009-12-10,0.005915831,0.009790556,0.007907573,0.010479359,16.766413,-0.015871612075496006,-0.024202161444016344,0,0
2009-12-11,0.0054298774,0.009813411,0.005041456,0.010250044,17.58675,-0.015908663367302345,-0.024258659885494183,0,0
2009-12-14,0.0049516195,0.009745344,0.007906821,0.010056586,15.409647,-0.015798318037157824,-0.024090397488325716,0,0
2009-12-15,-0.00856826,0.009749179,0.006447199,0.009813056,15.309196,-0.015804534889445877,-0.02409987738627391,0,0
2009-12-16,0.0015838899,0.009642643,0.0056350324,0.009751398,15.552604,-0.015631828606021473,-0.023836522578082327,0,0
2009-12-17,-0.010454641,0.009372529,0.008007358,0.009477811,15.787416,-0.01519394141637911,-0.02316880108844531,0,0
2009-12-18,0.0031934334,0.009440522,0.00898023,0.009573296,16.961367,-0.015304166899520523,-0.023336880734390778,0,0
2009-12-21,0.009519564,0.009376703,0.009289144,0.009266187,16.517115,-0.015200708552089891,-0.02317912009764279,0,0
2009-12-22,0.004726013,0.009185884,0.004345889,0.009304807,17.324745,-0.014891369933176996,-0.022707418599383675,0,0
2009-12-23,0.0017945272,0.008899346,0.005459441,0.009052028,17.28542,-0.014426858140998807,-0.021999098024670122,0,0
2009-12-24,0.005810072,0.008838596,0.0031518522,0.008721833,16.232277,-0.014328375976176153,-0.02184892542461811,0,0
2009-12-28,0.00089086866,0.008661594,0.005338283,0.008520141,17.185242,-0.01404143608695001,-0.021411379100353994,0,0
2009-12-29,-0.0011137099,0.008647757,0.0049999934,0.008139835,17.709078,-0.014019003597544072,-0.021377172447141247,0,0
2009-12-30,0.00022284122,0.008629146,0.005995503,0.0077391537,18.399693,-0.013988833380500764,-0.021331166757220785,0,0
2009-12-31,-0.010077344,0.00871237,0.0076603806,0.007347823,16.007517,-0.01412374903426866,-0.021536895729065857,0,0
2010-01-04,0.016075363,0.008859647,0.0062526064,0.0076852236,17.425112,-0.014362503676301007,-0.021900965765839022,0,0
2010-01-05,0.0030959777,0.008696398,0.0045666043,0.00877306,15.500161,-0.014097856173646183,-0.021497412456034,0,0
2010-01-06,0.0006621786,0.008520699,0.0051269643,0.008471089,16.525757,-0.01381302879884809,-0.02106308744382043,0,0
2010-01-07,0.00396389,0.008360533,0.0069078864,0.008126847,17.285032,-0.013553381110604673,-0.020667158206163806,0,0
2010-01-08,0.0035103152,0.0082766395,0.0062746117,0.007900604,14.324685,-0.013417380081864955,-0.02045977417746815,0,0
2010-01-11,0.0008756568,0.008118979,0.0063286605,0.007606506,15.347606,-0.013161793687839582,-0.020070037889706547,0,0
2010-01-12,-0.0074676387,0.008466235,0.00863242,0.007253253,12.958255,-0.013724737005261646,-0.020928453845645487,0,0
2010-01-13,0.0065919817,0.008697647,0.009126323,0.007307471,12.46925,-0.014099880912804348,-0.021500499922118402,0,0
2010-01-14,0.0032797668,0.008714263,0.0050165686,0.007238222,14.157499,-0.014126818636735622,-0.021541576476939547,0,0
2010-01-15,-0.01141615,0.008551785,0.009392542,0.006979082,11.459966,-0.01386342193167663,-0.021139930472152065,0,0
2010-01-19,0.011852641,0.008730393,0.010404697,0.0075274925,13.48261,-0.014152966383237951,-0.0215814484180654,0,0
2010-01-20,-0.010308239,0.008582394,0.01179014,0.007991699,15.062371,-0.013913042810928797,-0.02121559591337773,0,0
2010-01-21,-0.020490695,0.0085314475,0.012774387,0.008225706,20.507414,-0.013830453033912825,-0.02108965715508034,1,0
2010-01-22,-0.018165804,0.008746393,0.015710877,0.009834516,16.245106,-0.014178904819481327,-0.02162100118804122,1,0
2010-01-25,0.0013739411,0.009245374,0.008503033,0.010754174,17.84552,-0.014987809634988915,-0.022854476706761963,0,0
2010-01-26,-0.0048170756,0.009190651,0.011704464,0.0103311725,19.067102,-0.01489909753289861,-0.02271920219232607,0,0
2010-01-27,0.0066460655,0.00933281,0.010832136,0.010035978,19.783718,-0.015129553191962125,-0.023070617350396463,0,0
2010-01-28,-0.014031283,0.009197174,0.01687573,0.0098465355,20.748411,-0.014909671076947581,-0.022735325483324575,0,0
2010-01-29,-0.008140527,0.009306662,0.016432874,0.010284719,19.67986,-0.015087164488552521,-0.02300598004459275,0,0
2010-02-01,0.014605569,0.009443341,0.007727096,0.01023829,16.224817,-0.015308736277512312,-0.023343848446512896,0,0
2010-02-02,0.010075652,0.00903659,0.0108854,0.010694818,14.866955,-0.01464934819432045,-0.022338366661313003,0,0
2010-02-03,-0.00068376074,0.008851604,0.006287661,0.010648825,17.29964,-0.01434946229677956,-0.021881079344023176,0,0
2010-02-04,-0.0322048,0.00870898,0.01608319,0.010269104,16.700714,-0.014118253795978202,-0.021528516199397014,1,1
2010-02-05,-0.001885459,0.009520573,0.016244713,0.013200119,13.646256,-0.015433937572084513,-0.023534764273451136,0,0
2010-02-08,-0.0035448459,0.009786766,0.0097140735,0.012619073,13.109021,-0.015865467806604205,-0.024192792226386307,0,0
2010-02-09,0.009659635,0.009810839,0.013904408,0.01216248,10.717177,-0.01590449235399695,-0.024252299628141485,0,0
2010-02-10,-0.0028175646,0.009817656,0.010627776,0.012003273,11.772619,-0.015915545286058357,-0.024269153924032005,0,0
2010-02-11,0.012384783,0.009754149,0.011282472,0.0117466925,11.366199,-0.015812593334415512,-0.02411216547555023,0,0
2010-02-12,0.0023196484,0.009645788,0.012956916,0.011786602,12.541051,-0.01563692632361852,-0.023844295939962193,0,0
2010-02-16,0.013120225,0.009638685,0.0098776845,0.011384257,12.982821,-0.015625410883404266,-0.023826736378788533,0,0
2010-02-17,0.00570062,0.009315653,0.0032939105,0.011513795,12.694059,-0.01510174024731096,-0.023028206196855215,0,0
2010-02-18,0.0054421904,0.008919955,0.0082243355,0.011341272,12.842674,-0.014460268447090967,-0.022050044432513898,0,0
2010-02-19,0.000678196,0.008803273,0.011866156,0.011037838,13.158792,-0.014271112740493315,-0.021761606375474866,0,0
2010-02-22,0.0011293056,0.00868704,0.005842144,0.010663744,13.6657,-0.014082686243830075,-0.021474280269539174,0,0
2010-02-23,-0.009298174,0.00844187,0.013356909,0.010327774,13.112789,-0.013685238133814342,-0.020868223160880956,0,0
2010-02-24,0.005679897,0.008620399,0.007444515,0.010324409,12.025714,-0.013974653454449776,-0.021309544198786407,0,0
2010-02-25,-0.0011334014,0.008434604,0.012273678,0.010164498,10.783147,-0.01367345852379746,-0.020850260774828423,0,0
2010-02-26,0.0011334014,0.008441468,0.007330541,0.009856689,10.765866,-0.013684585727241077,-0.02086722832499799,0,0
2010-03-01,0.009918927,0.008245343,0.005096775,0.009566549,10.493923,-0.013366645975872638,-0.020382411209037263,0,0
2010-03-02,0.0026881737,0.008086307,0.0060616853,0.009678475,9.780617,-0.013101839344948817,-0.0200159317888201,0,0
2010-03-03,0.0008944544,0.00802992,0.006288972,0.009497833,9.146484,-0.012987581358132154,-0.019959771350699075,0,0
2010-03-04,0.0033470967,0.007966584,0.005579355,0.009303178,8.326534,-0.012847749861469821,-0.01992710713220483,0,0
2010-03-05,0.012617766,0.00791787,0.007266644,0.009174662,7.574013,-0.012723685992570243,-0.019940895172115822,0,0
2010-03-08,0.00043985047,0.0077649057,0.0033935418,0.009496668,7.2275705,-0.012452290747181944,-0.01962523202918255,0,0
2010-03-09,0.003073548,0.0075852056,0.008354789,0.00923941,7.4338503,-0.012179436519640355,-0.019129913127425544,0,0
2010-03-10,0.004592682,0.008099166,0.0055172755,0.009067336,7.102047,-0.012977628900431814,-0.020497865928166745,0,0
2010-03-11,0.004137186,0.008182746,0.007231193,0.0088800555,7.7891593,-0.013164221604314614,-0.02056538415732128,0,0
2010-03-12,0.00065167807,0.00831689,0.007813833,0.00868723,7.9583273,-0.013391047540194689,-0.020869974328752577,0,0
2010-03-15,-0.0008689985,0.00834375,0.0060016834,0.008494797,7.9617066,-0.013434508031399539,-0.020936735557539183,0,0
2010-03-16,0.0039045603,0.0083325105,0.0049183844,0.008240173,7.9165998,-0.013413542519106475,-0.020917096392257053,0,0
2010-03-17,0.0053978325,0.008217017,0.006156975,0.008001533,8.141942,-0.013241276695937202,-0.020585842343199375,0,0
2010-03-18,0.00021530844,0.008093393,0.0047161235,0.0079614315,7.747076,-0.013017691235035494,-0.020348890443045057,0,0
2010-03-19,-0.0043150014,0.007965384,0.008601392,0.007728915,7.2725034,-0.012777418891391487,-0.02012233311353567,0,0
2010-03-22,0.0049606487,0.008067367,0.008092097,0.0075696907,7.0775104,-0.012924522206699936,-0.020422902801800806,0,0
2010-03-23,0.0064336485,0.008008698,0.005627221,0.007407967,6.78807,-0.012803404523708267,-0.020341490168371924,0,0
2010-03-24,-0.004284497,0.007871574,0.0048387856,0.0069284267,11.172837,-0.012760722315962238,-0.019458455774003583,0,0
2010-03-25,-0.0015039212,0.007890639,0.009802049,0.0067786914,10.328445,-0.012791629338876774,-0.019505584997851384,0,0
2010-03-26,0.00064481463,0.008018209,0.0080275,0.006330821,10.493445,-0.012998434626664727,-0.01982093638992879,0,0
2010-03-29,0.004502098,0.007970392,0.00366526,0.005963425,9.134941,-0.01289084351190826,-0.0198134140262603,0,0
2010-03-30,0.0006415054,0.007805131,0.0057217595,0.005841618,8.8471,-0.012611813144624458,-0.019443165473270446,0,0
2010-03-31,-0.0036406508,0.007770799,0.005242731,0.005146211,10.040733,-0.012597354814857587,-0.01920934140442139,0,0
2010-04-01,0.0072680954,0.0077083376,0.006118828,0.0049924497,9.693643,-0.012486669800533791,-0.01909073312409926,0,0
2010-04-02,-4.2599415e-05,0.00767756,0.0051163444,0.0056125554,9.187324,-0.012419222242777826,-0.019078465526419702,0,0
2010-04-05,0.007892433,0.007633493,0.0050761285,0.0052002543,8.956867,-0.012338985720391013,-0.019000184197553633,0,0
2010-04-06,0.0023219008,0.0075003607,0.0062635094,0.005713814,9.571374,-0.012145864665660273,-0.018590153676634497,0,0
2010-04-07,-0.0057088644,0.0073945182,0.0069371294,0.0054097082,9.193909,-0.011961612206038804,-0.01837427383836771,0,0
2010-04-08,0.004020744,0.007409286,0.007936673,0.0056170714,8.602587,-0.01196182517470033,-0.018491720772050586,0,0
2010-04-09,0.007364578,0.0073456876,0.0036410417,0.005464847,8.569175,-0.011857675920934313,-0.018337830943752922,0,0
2010-04-12,0.0,0.00719386,0.0044351616,0.0056968355,9.463673,-0.011646108590267159,-0.017843012686681783,0,0
2010-04-13,0.00041919932,0.0071570547,0.0063737878,0.005328997,9.741641,-0.01159507638415911,-0.01772006564194408,0,0
2010-04-14,0.011252463,0.00756153,0.004894718,0.005101344,8.929902,-0.012221581111096808,-0.01882478452333431,0,0
2010-04-15,0.001656315,0.007570925,0.0054753274,0.006006484,9.02313,-0.012240472266397991,-0.01883539042633149,0,0
2010-04-16,-0.015216552,0.0076219807,0.012136343,0.00581275,8.362876,-0.012293820521275875,-0.01905938205929936,1,0
2010-04-19,0.004401139,0.007854993,0.008648096,0.006752535,8.615686,-0.012682004769417768,-0.019602078105195504,0,0
2010-04-20,0.008329911,0.007783986,0.004740667,0.006652867,11.100132,-0.012618733157031952,-0.019241940619059972,0,0
2010-04-21,-0.004156282,0.0075739473,0.008205168,0.0067721545,10.821513,-0.012278236005296586,-0.018722726376780838,0,0
2010-04-22,0.0010406912,0.0076127946,0.012145781,0.0066807386,10.312407,-0.012341211385465648,-0.018818755709566953,0,0
2010-04-23,0.008699309,0.0076439064,0.0076641864,0.0065355855,9.512921,-0.012376362404739159,-0.01895313783222235,0,0
2010-04-26,-0.0033051053,0.007554225,0.0051713157,0.0066953194,9.234461,-0.012221446745036942,-0.01876584369807105,0,0
2010-04-27,-0.022811495,0.007528718,0.013299036,0.0065802997,8.864632,-0.012165897356680945,-0.01875214814058012,1,1
2010-04-28,0.00759177,0.008034781,0.007940229,0.0076035066,7.7453175,-0.01292330003992493,-0.020201859377385185,0,0
2010-04-29,0.012733707,0.008038858,0.0073192045,0.0076291943,7.4679313,-0.012910406345933167,-0.020267026467609563,0,0
2010-04-30,-0.018210864,0.007886786,0.00959506,0.007748718,8.060724,-0.012704533410276615,-0.019772586533119325,1,0
2010-05-03,0.012594625,0.0082309265,0.00798147,0.011238665,8.401896,-0.013278090344925752,-0.02057548229611437,0,0
2010-05-04,-0.021932553,0.008112093,0.016394509,0.011509666,9.369286,-0.013129146669629355,-0.02013316957997166,1,1
2010-05-05,-0.007275872,0.008661089,0.011579959,0.013187874,10.325665,-0.014040617413759756,-0.02141013072932362,0,0
2010-05-06,-0.03630401,0.008953834,0.06813653,0.012547002,9.58476,-0.014500096472781682,-0.022190770815375536,1,1
2010-05-07,-0.013904687,0.010520254,0.026855215,0.017450584,8.423881,-0.016972700095434827,-0.026293557608150032,0,0
2010-05-10,0.04374455,0.011496791,0.01842262,0.016847942,7.8722057,-0.018503386229949924,-0.02887213680643133,0,0
2010-05-11,-0.0036816502,0.010474764,0.017335521,0.022823824,7.093715,-0.016783202248106612,-0.02651260290953464,0,0
2010-05-12,0.015073498,0.010305417,0.01579383,0.020929702,7.290422,-0.016532954537869494,-0.026028863662838967,0,0
2010-05-13,-0.011175702,0.009995618,0.010945964,0.020107625,6.769547,-0.01597754077064242,-0.025393679701969,0,0
2010-05-14,-0.018761458,0.010008104,0.019226097,0.0189848,6.9899507,-0.016023945166972017,-0.02536071572507613,1,0
2010-05-17,-0.00066086574,0.010670522,0.01725778,0.01887893,7.3146367,-0.01712125317841564,-0.026944189132407266,0,0
2010-05-18,-0.013980035,0.010835784,0.017916823,0.017465316,6.829196,-0.017328550696671458,-0.027508778400367074,0,0
2010-05-19,-0.007851975,0.011385189,0.014612595,0.016932402,7.2564936,-0.018261353592712148,-0.028766388740984458,0,0
2010-05-20,-0.036701366,0.011651409,0.022299804,0.015863754,7.239523,-0.01868635274666523,-0.029444336164358948,1,1
2010-05-21,0.013460402,0.012930876,0.023168748,0.020053871,7.08633,-0.02071747090693531,-0.032731911080664575,0,0
2010-05-24,-0.01252626,0.013157608,0.009001459,0.019168867,7.408762,-0.021123839449943147,-0.03319202151857524,0,0
2010-05-25,0.0018656722,0.012899954,0.025372773,0.01833924,7.3875012,-0.020707581262993723,-0.03254914616445077,0,0
2010-05-26,-0.011011005,0.012907805,0.017915424,0.016956592,6.7697597,-0.020632576279582645,-0.032791957174288296,0,0
2010-05-27,0.036771398,0.012583124,0.02031015,0.01622907,6.4550967,-0.020059599997461753,-0.03209108167871257,0,0
2010-05-28,-0.011418256,0.011826485,0.01363001,0.020320013,6.1929355,-0.01880449895281898,-0.030265544037635348,0,0
2010-06-01,-0.017609352,0.011786284,0.014250744,0.019610394,5.6493444,-0.018700118618790097,-0.03024334515451167,0,0
2010-06-02,0.02516001,0.012324632,0.012681385,0.019290151,5.9692087,-0.019554263022236496,-0.03162473660618233,0,0
2010-06-03,0.006135686,0.011737585,0.00858587,0.020370357,5.9601703,-0.018622854105997566,-0.03011838673172222,0,0
2010-06-04,-0.034573622,0.011512486,0.022983423,0.019043628,5.7363796,-0.018265711590853655,-0.029540786954146768,1,1
2010-06-07,-0.01702974,0.012662008,0.012762334,0.021897376,6.431796,-0.02018098300655043,-0.03230188556959562,0,0
2010-06-08,0.010677525,0.013155398,0.01328472,0.021199532,6.979309,-0.02106147075083036,-0.03334001760421825,0,0
2010-06-09,-0.0035465222,0.012716919,0.017483192,0.01998987,7.400178,-0.02041530047629066,-0.032083136462263656,0,0
2010-06-10,0.02641266,0.012882705,0.016469091,0.018529471,7.672267,-0.020712928439639334,-0.03241362409983248,0,0
2010-06-11,0.005062137,0.012454212,0.011189555,0.019777495,8.670979,-0.02011156405043535,-0.031065995147491636,0,0
2010-06-14,0.0011469206,0.012150555,0.011115474,0.01837661,8.920391,-0.019638131406736037,-0.030251492824157268,0,0
2010-06-15,0.017047804,0.011949967,0.011442915,0.017087717,7.821545,-0.01922795532444324,-0.030024299293765773,0,0
2010-06-16,0.00022535211,0.011471104,0.00941761,0.017132346,7.3483787,-0.018409603703357133,-0.02895556728534043,0,0
2010-06-17,0.002025887,0.011119066,0.010633945,0.015821572,7.593857,-0.017869814727335155,-0.027997539205743358,0,0
2010-06-18,-0.0013501352,0.010906198,0.0053571826,0.014631592,7.4566984,-0.017514220797058187,-0.0274990920734596,0,0
2010-06-21,0.00022514917,0.010566881,0.016341401,0.013402776,7.7596817,-0.016997227312617325,-0.02656471110170496,0,0
2010-06-22,-0.018174058,0.010747891,0.013531523,0.012364379,7.2981653,-0.017243641993820672,-0.02714423321169586,1,0
2010-06-23,-0.0027548226,0.010953908,0.011210925,0.013435832,8.082059,-0.017646943518519354,-0.027456858492815022,0,0
2010-06-24,-0.015755655,0.01102541,0.01314934,0.012455698,7.8978143,-0.01774692903120636,-0.027681835062680925,0,0
2010-06-25,0.003962247,0.011534862,0.01074589,0.013079922,7.415907,-0.018519385211775638,-0.02909627714210373,0,0
2010-06-28,-0.0034952848,0.011377368,0.008525325,0.0121843135,7.692868,-0.018294616456612615,-0.028620443541591975,0,0
2010-06-29,-0.03394985,0.011427461,0.021470949,0.011361266,7.654486,-0.01837144410724913,-0.02875708409532188,1,1
2010-06-30,-0.008487986,0.012482422,0.013728235,0.016334172,7.18948,-0.02001268749827075,-0.03156128195845314,0,0
2010-07-01,-0.004638114,0.012639544,0.016414829,0.015464065,7.4799957,-0.020300513772859706,-0.031862092893427195,0,0
2010-07-02,-0.0073674205,0.012654006,0.0142406495,0.014552889,7.1313286,-0.020280022385584368,-0.032015278819197523,0,0
2010-07-06,0.009811214,0.012325737,0.024120482,0.013782927,7.367752,-0.019783486747234062,-0.03110661028619687,0,0
2010-07-07,0.033600472,0.011861472,0.020878071,0.013381228,6.884157,-0.018976724490262414,-0.030093468281757293,0,0
2010-07-08,0.007289862,0.011175169,0.008370768,0.01742095,6.926994,-0.01788439959525177,-0.028338313931116414,0,0
2010-07-09,0.0051413993,0.010694045,0.0070164953,0.016379736,6.996557,-0.017123005244014576,-0.02709688547858541,0,0
2010-07-12,0.003722666,0.010445426,0.0071950457,0.015325424,7.05607,-0.01673188636705167,-0.026449339816501674,0,0
2010-07-13,0.012233274,0.010213777,0.0127522815,0.014409098,6.4736977,-0.016285250107330194,-0.026042305549679335,0,0
2010-07-14,0.0011463948,0.010754484,0.0097828945,0.014123268,6.69919,-0.017180842889479127,-0.027344554628468104,0,0
2010-07-15,-0.0004584002,0.010951573,0.014945915,0.013299572,6.552275,-0.0174739316583605,-0.02789588051477405,0,0
2010-07-16,-0.025541207,0.011187581,0.017295996,0.012441227,6.285846,-0.017805739524216036,-0.028594870693151333,1,0
2010-07-19,0.0007053015,0.0115727,0.009230358,0.014808927,6.663384,-0.018482529682555815,-0.029437720996872464,0,0
2010-07-20,0.01516064,0.0114510525,0.017374141,0.01388903,6.2079883,-0.018210446348549462,-0.029298797186754426,0,0
2010-07-21,-0.01492565,0.011196669,0.015139101,0.014056348,6.5631804,-0.017866705342030633,-0.028516315204890848,0,0
2010-07-22,0.022075951,0.011174428,0.016594835,0.014167522,6.943665,-0.01788539095673749,-0.028331049372005625,0,0
2010-07-23,0.011653279,0.010817131,0.008459341,0.015600882,6.8663445,-0.017303610258103612,-0.02744955260351608,0,0
2010-07-26,0.0081448415,0.010435877,0.008226492,0.01517415,6.8287516,-0.016688966764952257,-0.02649367784824374,0,0
2010-07-27,0.0013510473,0.010122114,0.0080454815,0.014433364,6.9979644,-0.016207408328755175,-0.025647306167809022,0,0
2010-07-28,-0.0081338,0.009996142,0.009390384,0.013479881,6.9595027,-0.01600130414228364,-0.02533912598293616,0,0
2010-07-29,-0.0045475294,0.010023435,0.015263445,0.012921395,7.1714454,-0.01606837856754126,-0.025348762645017574,0,0
2010-07-30,0.0011388225,0.010084161,0.012883557,0.01220471,7.0531845,-0.016152876554110348,-0.025535382002831526,0,0
2010-08-02,0.021171963,0.009959199,0.010562949,0.011408638,7.070617,-0.01595462472509183,-0.02521407959613905,0,0
2010-08-03,-0.0031250026,0.009551826,0.005685967,0.013172706,6.947307,-0.015288716167721556,-0.024216186582319856,0,0
2010-08-04,0.0055735293,0.009399323,0.007905535,0.012380703,6.949605,-0.015044869084285444,-0.023828931168100698,0,0
2010-08-05,-0.00088967977,0.009344927,0.007691866,0.01176373,7.0304427,-0.014966404240655177,-0.023669466075430683,0,0
2010-08-06,-0.0035666556,0.0093076555,0.0145725375,0.011034525,6.9454203,-0.014897691181917645,-0.02359766195410432,0,0
2010-08-09,0.0053452244,0.009366479,0.00569973,0.0104651805,6.644136,-0.014956611856838808,-0.023831296168955827,0,0
2010-08-10,-0.005121935,0.0090690525,0.010651657,0.009973976,6.8352256,-0.014503870680527784,-0.02302196150260147,0,0
2010-08-11,-0.03152546,0.01005593,0.011766283,0.009605123,6.502487,-0.016037765046458215,-0.025630496167624073,1,1
2010-08-12,-0.0053136316,0.010738834,0.01064018,0.014313683,5.74555,-0.017038234848600953,-0.027555612231897553,0,0
2010-08-13,-0.0030158937,0.011008049,0.01060537,0.013560589,5.55375,-0.01746537220051998,-0.02824641332390191,0,0
2010-08-16,0.0009289364,0.011272806,0.010037582,0.012783058,5.4881616,-0.01788543532700906,-0.028925773406052797,0,0
2010-08-17,0.011080446,0.011275994,0.0140899345,0.012146667,5.3084846,-0.017890493515823766,-0.028933953918342498,0,0
2010-08-18,-0.002068253,0.011181794,0.009472098,0.012116137,5.2473555,-0.017741035347147053,-0.028692238072919502,0,0
2010-08-19,-0.0143654,0.010983888,0.014758018,0.011478204,5.143157,-0.01742703854918791,-0.02818441704078189,0,0
2010-08-20,-0.00093392486,0.011281764,0.009422657,0.011899107,5.3117285,-0.01789964892806477,-0.02894876079192876,0,0
2010-08-23,-0.0044480935,0.011160077,0.010221267,0.011466165,4.746341,-0.017706578132466542,-0.028636511076856563,0,0
2010-08-24,-0.014892132,0.011055233,0.011265294,0.010887817,4.91217,-0.017540233394977647,-0.028367484905789487,0,0
2010-08-25,0.0045146802,0.011250273,0.013754794,0.011447076,5.2916985,-0.017849684157050367,-0.02886795372079947,0,0
2010-08-26,-0.009289099,0.011177599,0.010958935,0.010888715,5.4403963,-0.017734380978534643,-0.02868147608948865,0,0
2010-08-27,0.01802278,0.011213191,0.014038354,0.010734146,5.7071996,-0.017790849910765526,-0.028772802216492425,0,0
2010-08-30,-0.017783515,0.010822563,0.014968615,0.011834654,6.0790677,-0.01718677881613982,-0.02773968521861763,1,0
2010-08-31,0.0031052215,0.0109601775,0.011159102,0.012728151,6.323547,-0.0174503865046992,-0.027999695266045867,0,0
2010-09-01,0.031457994,0.010784298,0.011727695,0.012127843,6.020825,-0.01711455574518988,-0.02766414083267339,0,0
2010-09-02,0.007138775,0.010303461,0.007905555,0.016017877,5.933152,-0.016347472658461093,-0.02643845571744129,0,0
2010-09-03,0.012768071,0.009943478,0.008835613,0.015154152,5.8410435,-0.015776322608399684,-0.025514745635641742,0,0
2010-09-07,-0.011163118,0.009573595,0.008762942,0.014963986,5.7298174,-0.015189465931961587,-0.02456563352659271,0,0
2010-09-08,0.007304301,0.010532431,0.009886525,0.014618649,5.6233916,-0.01671075738928913,-0.02702598918328553,0,0
2010-09-09,0.0029521992,0.010571325,0.009590443,0.013944205,5.5821705,-0.016772465483100896,-0.027125788506381854,0,0
2010-09-10,0.0065544364,0.010530468,0.005151105,0.013166806,5.393749,-0.016707641038255523,-0.027020949168200425,0,0
2010-09-13,0.010309369,0.010292993,0.005821916,0.012550081,5.560122,-0.016330862977981173,-0.026411593198015573,0,0
2010-09-14,-0.00491731,0.010011349,0.0077591715,0.012337664,5.701566,-0.015884006833459266,-0.02568890127885251,0,0
2010-09-15,0.0044712797,0.009983457,0.007368671,0.011714263,5.8161397,-0.01583975356294548,-0.025617331308541217,0,0
2010-09-16,0.0015602366,0.009826105,0.0070642945,0.0112472875,5.402025,-0.015590099822273674,-0.025213571075669454,0,0
2010-09-17,-0.0024528946,0.0097468905,0.009760102,0.0105894245,5.4879007,-0.015464417855617574,-0.025010308028265097,0,0
2010-09-20,0.014847918,0.009755986,0.010665058,0.0099924,5.5699096,-0.015478848623992701,-0.02503364663470448,0,0
2010-09-21,-0.001541002,0.0095956195,0.0084965555,0.010771628,5.948878,-0.01522441177311078,-0.024622150768923348,0,0
2010-09-22,-0.004415993,0.009520406,0.00808022,0.010181617,5.8860598,-0.015105077426228415,-0.02442915360590401,0,0
2010-09-23,-0.008221355,0.009589746,0.00947857,0.009741963,5.8412585,-0.015215091675652555,-0.024607077553076492,0,0
2010-09-24,0.02010007,0.009806442,0.010390265,0.009707118,5.6953335,-0.015558901927112049,-0.02516311531489587,0,0
2010-09-27,-0.004822456,0.0095283035,0.0071121487,0.011499362,5.9320765,-0.015117607075694829,-0.024449417568994436,0,0
2010-09-28,0.0035095452,0.009429873,0.011459085,0.011063709,5.560362,-0.01496143753198436,-0.024196847544742692,0,0
2010-09-29,-0.0006571022,0.009476662,0.006959231,0.010505673,5.639332,-0.015035672560671048,-0.024316906440672404,0,0
2010-09-30,-0.0037317572,0.009458549,0.013576029,0.009914734,5.7169695,-0.01500693499026563,-0.02427042971619859,0,0
2010-10-01,0.0048266877,0.009743726,0.0065401495,0.009534025,5.570668,-0.015459395861356104,-0.025002186052735964,0,0
2010-10-04,-0.006587639,0.009509843,0.00951639,0.009184673,5.592482,-0.015088317538352564,-0.024402048158921927,0,0
2010-10-05,0.017471507,0.009641029,0.011814418,0.009071457,5.4151807,-0.015296457031326703,-0.024738668190838555,0,0
2010-10-06,0.0008656136,0.009378358,0.005492769,0.010622208,5.3296895,-0.014879703896731038,-0.024064661295441825,0,0
2010-10-07,0.0006487188,0.009103123,0.010089273,0.010048909,5.316466,-0.014443015707076907,-0.023358413815741975,0,0
2010-10-08,0.003452744,0.009084573,0.011123536,0.009582102,5.125731,-0.014413585010977023,-0.02331081611230324,0,0
2010-10-11,0.0015068349,0.008861968,0.004395929,0.0091558155,5.19725,-0.014060399465365617,-0.022739615866077135,0,0
2010-10-12,0.0019340287,0.008534142,0.010457529,0.008692041,5.246997,-0.013540270162409265,-0.021898420665396517,0,0
2010-10-13,0.008337836,0.009148806,0.008896903,0.008257812,5.3080807,-0.01451549710965932,-0.023475636605622057,0,0
2010-10-14,-0.00063890964,0.009092105,0.010994689,0.008466722,5.190362,-0.014425534642727833,-0.02333014202380553,0,0
2010-10-15,0.0012774112,0.009266768,0.010247571,0.008024232,5.2414536,-0.014702654620122648,-0.02377832287743608,0,0
2010-10-18,0.0027621393,0.009261277,0.010331046,0.007643092,5.1751475,-0.014693942591158783,-0.023764233079166804,0,0
2010-10-19,-0.012382737,0.009123317,0.012163265,0.007342113,5.1116447,-0.014475056030465096,-0.02341023201961783,0,0
2010-10-20,0.009407809,0.009227014,0.010304838,0.008291691,5.363324,-0.01463958199165389,-0.02367631671846625,0,0
2010-10-21,0.00085088285,0.008966617,0.011405056,0.008562553,5.4063783,-0.014226435644288174,-0.02300814301126035,0,0
2010-10-22,0.004243588,0.008809559,0.0040161167,0.008187752,5.207766,-0.01397724700362545,-0.02260513497576191,0,0
2010-10-25,0.0016924058,0.008443714,0.00737335,0.007984495,5.057754,-0.013396797667973925,-0.021666385336752837,0,0
2010-10-26,0.0,0.008423454,0.0061341817,0.007654937,4.9424167,-0.013364653285245184,-0.02161439883969034,0,0
2010-10-27,-0.0033876805,0.008431587,0.010859246,0.0072660465,4.963728,-0.013377557548337589,-0.021635268658252674,0,0
2010-10-28,0.0004240882,0.008587642,0.00837662,0.0071366215,4.7394233,-0.013625153628657936,-0.022035701076286017,0,0
2010-10-29,0.00042390844,0.008544175,0.0063012857,0.006927568,4.4514685,-0.013556188526922384,-0.02192416513269534,0,0
2010-11-01,0.0027510333,0.008501057,0.011278204,0.0066858935,4.2692327,-0.01348777720185134,-0.02181352480154139,0,0
2010-11-02,0.008207981,0.008546318,0.00550408,0.0064282897,4.298752,-0.01355958900519889,-0.02192966466135092,0,0
2010-11-03,0.0037656948,0.008336703,0.01075285,0.0068925614,4.529536,-0.013227014447927628,-0.02139179817343158,0,0
2010-11-04,0.017593333,0.008187043,0.008532347,0.0066975234,4.6111364,-0.012989562796015453,-0.021007772145967083,0,0
2010-11-05,0.0028682668,0.007875381,0.006696645,0.009200327,4.224181,-0.01249508004861818,-0.020208054630407573,0,0
2010-11-08,-0.001638002,0.0077444944,0.0043448755,0.008743656,4.317469,-0.012287415609155262,-0.01987220289347343,0,0
2010-11-09,-0.007404394,0.007659197,0.009900653,0.008506605,4.09716,-0.01215208236487883,-0.019653331018862998,0,0
2010-11-10,0.0024742282,0.008116974,0.008734172,0.0084489435,4.2906365,-0.0128783912257516,-0.020827976485875366,0,0
2010-11-11,-0.0024742282,0.008164361,0.0067581916,0.008068782,4.3212495,-0.012953576361460729,-0.02094957197177005,0,0
2010-11-12,-0.012881957,0.008190651,0.009052365,0.0077807377,4.229524,-0.01299528877433736,-0.021017032661489306,0,0
2010-11-15,0.00020909566,0.008472281,0.0078123333,0.008718908,4.3683863,-0.013442121392399663,-0.021739686531757996,0,0
2010-11-16,-0.017718244,0.008472616,0.009718805,0.008421029,4.116158,-0.01344265345233223,-0.02174054702213838,1,0
2010-11-17,0.002338188,0.008688006,0.0051720156,0.010191655,4.2169833,-0.013784390660755142,-0.022293232090996096,0,0
2010-11-18,0.01705125,0.008562582,0.0078704255,0.009624081,4.2793226,-0.013585393007064545,-0.021971396981380512,0,0
2010-11-19,0.0004173623,0.008355037,0.007394094,0.011078952,4.17391,-0.013256103105499434,-0.02143884270448293,0,0
2010-11-22,-0.00020865936,0.008235351,0.013695548,0.010413552,4.1766467,-0.01306620928681148,-0.021131731053569792,0,0
2010-11-23,-0.016623212,0.008155864,0.009575247,0.009981511,3.9549885,-0.012940093890380382,-0.020927767028457608,1,0
2010-11-24,0.015370342,0.008207564,0.008838163,0.011110767,4.130801,-0.013022122511242575,-0.02106043035235712,0,0
2010-11-26,-0.011135738,0.00804976,0.008453136,0.011857342,4.2514114,-0.01277175030868904,-0.020655508164788037,0,0
2010-11-29,0.002742907,0.008246602,0.012808705,0.011973152,4.1697683,-0.013084058630739729,-0.021160598457045043,0,0
2010-11-30,-0.005917177,0.008392119,0.0083606215,0.011287282,4.136919,-0.013314936446920446,-0.021533992745370958,0,0
2010-12-01,0.020973923,0.008687155,0.012424478,0.01097931,3.9697623,-0.013783041508783277,-0.022291050133245838,0,0
2010-12-02,0.0150378775,0.008611668,0.007829843,0.012910983,4.0781536,-0.013663272827262082,-0.022097350529099655,0,0
2010-12-03,0.0006131835,0.008179567,0.008249689,0.013429783,4.0708523,-0.012977701840920071,-0.02098858964952819,0,0
2010-12-06,-0.0012267431,0.007954676,0.0060450127,0.012671708,3.8932374,-0.012620889601074435,-0.020411524019892942,0,0
2010-12-07,0.0010223904,0.007761737,0.009217255,0.011882966,3.8705451,-0.012314772357354734,-0.019916446440531487,0,0
2010-12-08,0.0044861413,0.0077408245,0.00623396,0.011440144,3.6155171,-0.012281592810403448,-0.01986278579211668,0,0
2010-12-09,0.0034528316,0.0075967885,0.006195514,0.010928777,3.5999665,-0.012053065830455399,-0.019493193466389804,0,0
2010-12-10,0.006467282,0.0075183823,0.0039391364,0.010454965,3.5450165,-0.011928666055847678,-0.01929200408372865,0,0
2010-12-13,0.00020143016,0.007436856,0.005824156,0.010184856,3.565572,-0.01179931667608496,-0.01908280979905951,0,0
2010-12-14,-0.0036319653,0.0074870894,0.0054152124,0.009665037,3.5199695,-0.011879017082310258,-0.01921170774583534,0,0
2010-12-15,-0.003848106,0.0078072343,0.005676069,0.009396031,3.4077485,-0.012386958774328275,-0.02003319215581292,0,0
2010-12-16,0.005262105,0.007971683,0.0062135095,0.008961164,3.4769936,-0.012647872640511747,-0.02045516317489811,0,0
2010-12-17,0.0,0.008003586,0.0037133547,0.008913272,3.376512,-0.012698490723212056,-0.020537026834555692,0,0
2010-12-20,0.0022179664,0.00792233,0.006671808,0.008431555,3.3904274,-0.01256956934404135,-0.020328524747080294,0,0
2010-12-21,0.0076244352,0.0079007065,0.0034422413,0.0081981765,3.3021278,-0.012535261431892937,-0.020273039215154706,0,0
2010-12-22,0.0029937155,0.007736508,0.002548501,0.00846264,3.3431833,-0.012274743896067399,-0.01985170917359776,0,0
2010-12-23,-0.0011964109,0.0076710028,0.0035934942,0.00806453,3.4135175,-0.012170813951042202,-0.01968362525587715,0,0
2010-12-27,0.00019950124,0.007786692,0.004586511,0.007695458,3.411142,-0.01235436648400324,-0.019980481266338366,0,0
2010-12-28,0.00059826503,0.007936372,0.0028084922,0.007205551,3.4894824,-0.012591849806149497,-0.020364558513468363,0,0
2010-12-29,0.0013945615,0.007934057,0.0028260276,0.0067383726,3.567039,-0.012588176058996061,-0.020358617032270477,0,0
2010-12-30,-0.0009959168,0.007912228,0.0033248158,0.0063139945,3.647319,-0.012553541491004693,-0.020302603206080745,0,0
2010-12-31,-0.0011964109,0.007908938,0.0046119755,0.006052836,3.5978904,-0.012548322236428088,-0.020294162205206506,0,0
2011-01-03,0.009729055,0.007879227,0.008505592,0.005915506,3.501271,-0.012501183355157573,-0.02021792539165874,0,0
2011-01-04,0.0,0.007868944,0.006567989,0.0071669323,3.4793143,-0.01248486685055886,-0.020191537019993645,0,0
2011-01-05,0.0051241736,0.0077728704,0.00958662,0.0066841454,3.548935,-0.012332437109061482,-0.019945015306527827,0,0
2011-01-06,-0.0011801732,0.007726623,0.005932566,0.0066756485,3.6049726,-0.012259061701014144,-0.019826346658661658,0,0
2011-01-07,-0.002167275,0.007625322,0.009010053,0.0062785,3.651059,-0.012098336167915114,-0.019566408319673125,0,0
2011-01-10,-0.0015791554,0.0076564294,0.0055865347,0.005942806,3.719853,-0.012147691965571323,-0.01964623050980582,0,0
2011-01-11,0.0039432226,0.007956978,0.0048492793,0.005661441,3.7119963,-0.012624542536359761,-0.0204174318424535,0,0
2011-01-12,0.010180198,0.007944456,0.0050819535,0.0056423363,3.7267091,-0.012604675346088614,-0.020385301014576453,0,0
2011-01-13,-0.0017545575,0.007824053,0.004451877,0.006881435,3.7490287,-0.012413643208701391,-0.020076348382543383,0,0
2011-01-14,0.0064183823,0.007754061,0.007716229,0.006591348,3.6515906,-0.012302593795054708,-0.019896750284018588,0,0
2011-01-18,0.00406308,0.007659939,0.006228196,0.006852864,3.617569,-0.012153260497586655,-0.01965523639041956,0,0
2011-01-19,-0.012630111,0.0075006257,0.008766827,0.0067506367,3.5731497,-0.01190049312047274,-0.019246440532719733,1,0
2011-01-20,-0.0017614253,0.007610904,0.0076291263,0.008319509,3.4883425,-0.012075461210270068,-0.019529413086992686,0,0
2011-01-21,0.0027386558,0.00758819,0.00793756,0.007982004,3.3928976,-0.012039423198476982,-0.01947112949791184,0,0
2011-01-24,0.006814005,0.007618903,0.0049709585,0.007571207,3.4431663,-0.012088152830362213,-0.019549939002086666,0,0
2011-01-25,-0.00077639753,0.007502847,0.008106285,0.007661152,3.5012088,-0.011904017565094079,-0.019252140549780267,0,0
2011-01-26,0.004649369,0.0075078,0.005058282,0.0072732563,3.4660697,-0.011911876307465407,-0.019264850343919098,0,0
2011-01-27,0.0017379555,0.0073433826,0.0048244228,0.00723434,3.4056082,-0.011651011303928805,-0.018842958349460676,0,0
2011-01-28,-0.018892372,0.0072488165,0.011062549,0.0069361143,3.3731642,-0.011500973117536483,-0.01860030445244954,1,1
2011-01-31,0.0086139925,0.0076226247,0.010125859,0.0101435585,3.216253,-0.012094057066858807,-0.0195594878111547,0,0
2011-02-01,0.015666116,0.0076453933,0.009392878,0.010212138,3.1913269,-0.01213018194557966,-0.019617911888460914,0,0
2011-02-02,-0.0021131504,0.0074875676,0.003929659,0.011460959,3.2982564,-0.01187977535820055,-0.019212934090969285,0,0
2011-02-03,0.0024968802,0.007359676,0.0076259095,0.010604392,3.3724852,-0.011676863263577496,-0.018884768230698023,0,0
2011-02-04,0.0030645495,0.007362403,0.005369203,0.009991433,3.3818517,-0.01168118941755301,-0.01889176483700519,0,0
2011-02-07,0.006481151,0.0072385645,0.0063734,0.009480681,3.380344,-0.011484707285312302,-0.018573998032249243,0,0
2011-02-08,0.004549771,0.007174245,0.0038099312,0.009351837,3.3390899,-0.011382657647327708,-0.01840895509924026,0,0
2011-02-09,-0.0018932228,0.007067267,0.0054009836,0.008983677,3.3650482,-0.011212926004519772,-0.018134451350802817,0,0
2011-02-10,-0.00037907506,0.007262448,0.006454109,0.00863572,3.2665303,-0.011522600267958724,-0.01863528163030932,0,0
2011-02-11,0.0064248145,0.0073411353,0.009115926,0.008157954,3.2692926,-0.011647446140435076,-0.018837192478544502,0,0
2011-02-14,0.00037664783,0.0073760827,0.0034997326,0.008284175,3.2127802,-0.011702893481400875,-0.018926866405481177,0,0
2011-02-15,-0.0011303694,0.007242397,0.0036424897,0.007914105,3.1762767,-0.011490787970255921,-0.018583832208025057,0,0
2011-02-16,0.00507663,0.007261271,0.0044387765,0.0075758663,3.1510036,-0.011520733533875586,-0.018632262596882904,0,0
2011-02-17,0.0035570571,0.0073263915,0.0056795273,0.007481867,3.1960964,-0.011624053600678757,-0.018799360170187907,0,0
2011-02-18,0.003544449,0.0073955026,0.0036048598,0.0072354907,3.2303958,-0.011733704999706707,-0.01897669728633567,0,0
2011-02-22,-0.021077182,0.007383716,0.011270885,0.007168651,3.1770046,-0.011715004178913585,-0.018946452805568007,1,1
2011-02-23,-0.006870256,0.007968264,0.011751692,0.011102288,3.0693126,-0.012642447981845526,-0.020446389977907632,0,0
2011-02-24,-0.0021086943,0.008315716,0.009810847,0.01075981,3.1086354,-0.013193715458950664,-0.021337944353706895,0,0
2011-02-25,0.012206904,0.008345719,0.006342023,0.010133002,3.1127968,-0.01324131944023026,-0.021414933364627985,0,0
2011-02-28,0.0054825735,0.008042861,0.007751077,0.010851021,3.0816548,-0.012760804170926694,-0.02063780518497256,0,0
2011-03-01,-0.019033693,0.007866325,0.014900258,0.010429471,3.0974576,-0.012480711715847387,-0.020184816999880173,1,0
2011-03-02,0.0036443889,0.008232501,0.00923647,0.01249347,3.1473236,-0.013061687682248493,-0.021124418348755548,0,0
2011-03-03,0.018213367,0.008214867,0.009320492,0.011760682,3.1319177,-0.013033708387733364,-0.02107916796941568,0,0
2011-03-04,-0.0071698423,0.008010053,0.011601571,0.013429824,3.0935996,-0.012708750974190584,-0.02055362054275836,0,0
2011-03-07,-0.008557626,0.008046924,0.012053256,0.012810709,3.1135342,-0.012767250420857995,-0.020648230582030132,0,0
2011-03-08,0.00836825,0.008218828,0.009183648,0.012442011,3.1315274,-0.013039992667038936,-0.0210893314144697,0,0
2011-03-09,-0.0034149152,0.0081250705,0.006958409,0.012127961,3.1333904,-0.012891237577558825,-0.020848752645620784,0,0
2011-03-10,-0.016285446,0.008185637,0.008448949,0.011474994,3.1034436,-0.012987333211536126,-0.02100416628151595,1,0
2011-03-11,0.009037654,0.008459132,0.012772171,0.0125950705,3.1700275,-0.013421259756778362,-0.021705947406384284,0,0
2011-03-14,-0.00807231,0.008564256,0.010281579,0.012289332,3.2130568,-0.013588049687272055,-0.021975693579606374,0,0
2011-03-15,-0.015754484,0.008608002,0.022294313,0.011948163,3.2256308,-0.013657457267420915,-0.02208794513509502,1,0
2011-03-16,-0.016803795,0.00898584,0.020088354,0.012876418,3.2569253,-0.014256934079708516,-0.02305746754913591,1,0
2011-03-17,0.011693722,0.009337524,0.017373698,0.013756741,3.3432136,-0.014814916551302732,-0.023959881957439977,0,0
2011-03-18,0.0043256064,0.009271174,0.014149069,0.013633755,3.3778205,-0.014709645598080148,-0.023789629252740235,0,0
2011-03-21,0.01460733,0.0090995915,0.008613557,0.012841595,3.3395088,-0.014437412790236002,-0.023349352325205693,0,0
2011-03-22,-0.0036803915,0.00867145,0.004480167,0.013354086,3.3678017,-0.0137581242734719,-0.02225075196385022,0,0
2011-03-23,0.002906697,0.008474656,0.009109339,0.012568586,3.3408437,-0.013445891055119175,-0.021745783135371396,0,0
2011-03-24,0.010203188,0.008354233,0.0071185324,0.011816228,3.3466945,-0.01325482634263404,-0.02143677782025381,0,0
2011-03-25,0.0036325438,0.008158703,0.0050320406,0.01174243,3.4355986,-0.012944599207394412,-0.020935053391729595,0,0
2011-03-28,-0.0059335995,0.008016863,0.006337045,0.011135678,3.4191327,-0.01271955595319531,-0.020571095229207616,0,0
2011-03-29,0.010883163,0.008087966,0.0068399105,0.010697266,3.4721253,-0.012832367136720747,-0.020753542604553168,0,0
2011-03-30,0.0056807576,0.007984146,0.0059238356,0.010900412,3.5552843,-0.012667646629808313,-0.020487143270616685,0,0
2011-03-31,-0.002268432,0.007872189,0.0022732082,0.010534791,3.526276,-0.012490016430620487,-0.020199865337603786,0,0
2011-04-01,0.005096755,0.0077349734,0.0063668997,0.0099453,3.5535426,-0.012272309812362289,-0.01984777257644941,0,0
2011-04-04,0.0011290931,0.007787551,0.004262621,0.009638658,3.5179749,-0.01235572920893257,-0.019982685175373837,0,0
2011-04-05,-0.0018825306,0.007665153,0.0058205025,0.009086162,3.5376222,-0.012161532762728704,-0.019668614967047908,0,0
2011-04-06,0.001694437,0.007638211,0.0054981,0.008618584,3.5180652,-0.012118786090493357,-0.01959948158939535,0,0
2011-04-07,-0.00037629352,0.0075707515,0.006914173,0.008139293,3.530194,-0.012011755177119682,-0.019426382534712877,0,0
2011-04-08,-0.0035818683,0.007570312,0.008779192,0.0076909065,3.487793,-0.012011057527106062,-0.019425254238652885,0,0
2011-04-11,-0.003215741,0.0076155034,0.006440406,0.007359683,3.5593858,-0.012082758937066243,-0.019541215561342674,0,0
2011-04-12,-0.008562511,0.007537655,0.005937889,0.007015524,3.6227334,-0.01195924411928514,-0.019341457402477467,0,0
2011-04-13,0.00038211694,0.007870009,0.0074075763,0.0076399576,3.5910194,-0.012486557136194973,-0.020194270686712278,0,0
2011-04-14,0.0011454755,0.007943577,0.008109212,0.0071610906,3.6344807,-0.012603280046061373,-0.02038304442245647,0,0
2011-04-15,0.0064663594,0.007959795,0.0061388537,0.006872415,3.528634,-0.012629011658820556,-0.02042465966896492,0,0
2011-04-18,-0.013551119,0.007853826,0.013101636,0.007051309,3.5871902,-0.012460880720129474,-0.020152744708763697,1,0
2011-04-19,0.0057482435,0.008028423,0.007624075,0.008696055,3.5491893,-0.012737897543047567,-0.020600758732626623,0,0
2011-04-20,0.014980843,0.0078005623,0.0073826313,0.008450096,3.6181064,-0.012376372772370626,-0.020016071616765115,0,0
2011-04-21,0.002068253,0.007608226,0.005038806,0.009750772,3.8068683,-0.012071211969720183,-0.01952254087130173,0,0
2011-04-25,-0.00018784634,0.0074612335,0.004247688,0.009193583,3.7619498,-0.011837994175672767,-0.019145362181404946,0,0
2011-04-26,0.007672911,0.007330718,0.00839069,0.008567781,3.8601775,-0.011630917897699933,-0.018810461666830067,0,0
2011-04-27,0.0074294545,0.007330718,0.0057158372,0.008627698,3.8684616,-0.011630917897699933,-0.018810461666830067,0,0
2011-04-28,0.0029563953,0.0072118538,0.005928473,0.008575541,3.9476473,-0.011442327987792298,-0.01850545880271648,0,0
2011-04-29,0.003499405,0.0071369377,0.0052975444,0.008243748,3.832225,-0.011323465979829661,-0.018313225544422582,0,0
2011-05-02,-0.0014719414,0.0070769014,0.009389001,0.008010331,3.7004611,-0.011228212774078926,-0.018159174351629687,0,0
2011-05-03,-0.00424394,0.0071811313,0.0061238706,0.007716727,3.553308,-0.011393583878085775,-0.018426625883837422,0,0
2011-05-04,-0.00667906,0.007202317,0.008258258,0.007648039,3.4267194,-0.011427196854812059,-0.018480987509960058,0,0
2011-05-05,-0.0059746257,0.0072911503,0.01182437,0.007679532,3.508441,-0.011568140254840046,-0.018708932582458888,0,0
2011-05-06,-0.00037460198,0.007412654,0.010539619,0.007629311,3.6213052,-0.011760917874557067,-0.019020708149770464,0,0
2011-05-09,0.0061630597,0.0074068103,0.00564941,0.007412119,3.4311612,-0.011751645734881877,-0.019005712495131364,0,0
2011-05-10,0.008158769,0.00724074,0.0075763683,0.0073521878,3.7174,-0.01148815934082717,-0.018579580975788636,0,0
2011-05-11,-0.011142177,0.007348707,0.011318398,0.007571673,3.9165006,-0.011659459112654048,-0.01885662082937779,0,0
2011-05-12,0.006514681,0.0074906885,0.009850201,0.00835946,3.8728464,-0.01188472677308321,-0.019220941919815306,0,0
2011-05-13,-0.010069076,0.007463741,0.009835845,0.008335585,3.8245995,-0.011841972861937217,-0.019151796834810636,0,0
2011-05-16,-0.006392201,0.0075125233,0.008207713,0.008882836,3.711906,-0.011919370389712886,-0.019276970380195182,0,0
2011-05-17,0.0,0.0075702104,0.008544397,0.008588256,3.930856,-0.012010896461344163,-0.019424993750068346,0,0
2011-05-18,0.009759837,0.0075531197,0.0062799095,0.008264945,3.74206,-0.01198378040692371,-0.019381139472468084,0,0
2011-05-19,0.0024251482,0.0074232193,0.0055730115,0.008598557,3.8197565,-0.01177768047702441,-0.01904781798700959,0,0
2011-05-20,-0.010488952,0.00732366,0.0063259127,0.008186843,3.9739792,-0.011619719302928768,-0.018792350393109614,0,0
2011-05-23,-0.009459019,0.007361255,0.0070929704,0.0087186,3.917975,-0.011679367926661416,-0.01888881897452949,0,0
2011-05-24,-0.0013314314,0.0074513103,0.0057408763,0.009031446,3.8387191,-0.011822249545015182,-0.019119898690556858,0,0
2011-05-25,0.0022813699,0.0074146087,0.011864631,0.008464677,3.9822972,-0.011764018842905547,-0.019025723286732323,0,0
2011-05-26,0.0075671948,0.0074518644,0.006515163,0.008165304,3.8465,-0.011823129072658813,-0.019121321133838718,0,0
2011-05-27,0.0026350475,0.007297119,0.0046405876,0.008136186,4.1556315,-0.01157760965483037,-0.018724247262443094,0,0
2011-05-31,0.0104713,0.0071747378,0.0064631687,0.007893852,4.009719,-0.011383439449677601,-0.018410219493268577,0,0
2011-06-01,-0.02409755,0.0070974887,0.01191981,0.008435916,3.9206662,-0.0112608765486466,-0.01821200085120637,1,1
2011-06-02,0.00038102496,0.007315175,0.007272823,0.011478326,3.6425312,-0.01160625764371653,-0.0187705791084345,0,0
2011-06-03,-0.012458235,0.007272227,0.0069294972,0.010737897,3.649611,-0.011538116872930925,-0.018660376339565812,1,0
2011-06-06,-0.008716762,0.007294659,0.0055357176,0.010767547,3.8486407,-0.011573706977127717,-0.0187179355362346,0,0
2011-06-07,-0.00019457146,0.007317028,0.0071273693,0.010709629,3.7065976,-0.01160919754630311,-0.018775333756811823,0,0
2011-06-08,-0.00605057,0.007352093,0.0050167753,0.010392654,3.496679,-0.011664831289218075,-0.01886530914806544,0,0
2011-06-09,0.008188777,0.007378479,0.009176003,0.009959656,3.6412735,-0.011706695719218299,-0.01893301569217909,0,0
2011-06-10,-0.014276179,0.0073631373,0.007998021,0.010141682,3.4658465,-0.011682354882167203,-0.018893649720695554,1,0
2011-06-13,0.0017711311,0.0076104933,0.006774927,0.010663907,3.572836,-0.012074809708311823,-0.01952835942530242,0,0
2011-06-14,0.010172232,0.007732273,0.008756903,0.009981657,3.7260778,-0.012268025282122997,-0.019840843287416896,0,0
2011-06-15,-0.019257817,0.0077021793,0.010414002,0.010583673,3.3691816,-0.01222027833235812,-0.019763623056291552,1,0
2011-06-16,0.0027739268,0.00801807,0.009314518,0.011734985,3.6217692,-0.012721470645061485,-0.020574191823841785,0,0
2011-06-17,0.0019766758,0.008271487,0.010398648,0.0108666085,3.7900822,-0.013123543268864698,-0.0212244562091512,0,0
2011-06-20,0.006102982,0.008300226,0.009711441,0.010160739,3.9548724,-0.013169139357303536,-0.02129819789327965,0,0
2011-06-21,0.011125322,0.008149087,0.009103278,0.00971632,4.183441,-0.012929343203205509,-0.02091038014714921,0,0
2011-06-22,-0.0064258813,0.008030379,0.006806819,0.00999339,4.036752,-0.012741000321123708,-0.02060577679642651,0,0
2011-06-23,-0.0021511693,0.008018522,0.013154969,0.009621403,4.223535,-0.012722187297215555,-0.020575350851701077,0,0
2011-06-24,-0.010232281,0.008037042,0.0120510785,0.009371677,3.9196882,-0.012751571845260063,-0.020622873920770085,0,0
2011-06-27,0.009644795,0.008212403,0.011580359,0.00940879,4.1353,-0.013029800280847726,-0.0210728474626931,0,0
2011-06-28,0.01419843,0.0081779435,0.009804391,0.009360588,4.380866,-0.012975125693593511,-0.0209844232955946,0,0
2011-06-29,0.0075036427,0.007976673,0.005626934,0.009865895,4.703228,-0.012655789294168255,-0.02046796662785385,0,0
2011-06-30,0.008588659,0.007705295,0.0061637843,0.009674808,4.6713386,-0.012225221603466304,-0.019771617714366443,0,0
2011-07-01,0.014527187,0.0075273723,0.008725107,0.009529102,4.8460927,-0.011942929424414089,-0.0193150719576504,0,0
2011-07-05,0.0014972865,0.00738754,0.0049294485,0.01009384,4.9527817,-0.01172107129089974,-0.018956265030058605,0,0
2011-07-06,-0.000748363,0.007247534,0.0075547276,0.00961195,4.766166,-0.0114989380787808,-0.018597013223086475,0,0
2011-07-07,0.011907117,0.007274388,0.005187295,0.009129487,4.8994613,-0.011541544497122358,-0.018665919770791822,0,0
2011-07-08,-0.007425317,0.007151297,0.012521929,0.009474774,4.9918213,-0.011346248641363955,-0.018350071508363566,0,0
2011-07-11,-0.017480005,0.0072480943,0.011177314,0.009263674,5.1384435,-0.01149982755992657,-0.01859845176397749,1,0
2011-07-12,-0.005895234,0.007478762,0.014729252,0.010343873,5.4090075,-0.011865804260651518,-0.019190338901389145,0,0
2011-07-13,0.0011437287,0.0077046114,0.010979655,0.010000266,5.0939193,-0.012224137576596891,-0.019769864538387364,0,0
2011-07-14,-0.0042000827,0.007813115,0.011145942,0.009389614,5.3063083,-0.012396288825288641,-0.02004828146926893,0,0
2011-07-15,0.006293527,0.007979122,0.0073451074,0.008940133,5.571234,-0.012659675684321952,-0.020474252012520087,0,0
2011-07-18,-0.01108786,0.007915827,0.010879134,0.008730571,5.6945376,-0.012559252991505308,-0.02031184030689874,0,0
2011-07-19,0.015829451,0.008125408,0.008923805,0.008939075,6.1504564,-0.012913772594605917,-0.020806024083228247,0,0
2011-07-20,0.0,0.007944501,0.0056056324,0.009748542,6.0483966,-0.012611859910144073,-0.020371538318901063,0,0
2011-07-21,0.01595529,0.007792699,0.011667812,0.0092727,5.63822,-0.012363897414734065,-0.019995895458815544,0,0
2011-07-22,-0.0011179431,0.0076987897,0.007913132,0.010008732,5.694124,-0.012214900726611107,-0.01975492595708982,0,0
2011-07-25,-0.0056085396,0.007575891,0.009556134,0.00958578,5.3076663,-0.012019909809963715,-0.019439570866869368,0,0
2011-07-26,-0.0054516536,0.007724159,0.0067596063,0.009333335,5.171569,-0.012255151784400843,-0.01982002322510105,0,0
2011-07-27,-0.020760674,0.007759384,0.01030706,0.009018018,5.4066343,-0.012311038889188459,-0.01991040837367866,1,1
2011-07-28,-0.0017336034,0.00812447,0.0095496,0.010579093,5.2162476,-0.012890284755944892,-0.020847211665398768,0,0
2011-07-29,-0.006382383,0.008224018,0.011361138,0.00999775,5.26023,-0.013048227832763918,-0.02110264999091846,0,0
2011-08-01,-0.006814005,0.008261983,0.01759588,0.009639175,5.564546,-0.013108463713122818,-0.02120006833127859,0,0
2011-08-02,-0.02572362,0.008276905,0.014176309,0.009529657,5.213905,-0.013132138570394376,-0.021238357226367632,1,1
2011-08-03,0.005795959,0.008527988,0.015464062,0.01207613,5.092555,-0.01353050577681007,-0.021882628910813662,0,0
2011-08-04,-0.04545774,0.008565624,0.02964911,0.011384783,5.128052,-0.013590220455602374,-0.02197920432182158,1,1
2011-08-05,-0.0008345504,0.009826068,0.033089377,0.019241538,4.5404334,-0.015590040101260834,-0.02521347449001451,0,0
2011-08-08,-0.074959286,0.01052469,0.03822024,0.017130554,4.626036,-0.01669847476764855,-0.027006124733585993,1,1
2011-08-09,0.05301285,0.012544412,0.052983318,0.034063693,4.136383,-0.019902964967565814,-0.032188685611192785,0,0
2011-08-10,-0.042049546,0.010441532,0.030761905,0.039208878,4.3970804,-0.016566536572465637,-0.026792743607117055,1,1
2011-08-11,0.039272062,0.010817858,0.043606736,0.04141842,4.515589,-0.017163614590737532,-0.02775838649735115,0,0
2011-08-12,0.0070355264,0.010715581,0.023821933,0.040740643,4.654733,-0.01700134174048767,-0.027495945711848234,0,0
2011-08-15,0.018314373,0.010624943,0.011573626,0.035585582,4.709586,-0.01685753535129873,-0.02726337038158829,0,0
2011-08-16,-0.0052284966,0.010243623,0.014095002,0.032150175,4.8467994,-0.01625253253559585,-0.02628491086762733,0,0
2011-08-17,-0.0018889711,0.010297862,0.014924544,0.02821694,4.6679745,-0.01633858870536936,-0.02642408786955931,0,0
2011-08-18,-0.039859574,0.010552842,0.028614847,0.024004105,4.7527103,-0.016743140656069227,-0.02707836202296779,1,1
2011-08-19,-0.017199984,0.012061455,0.019457787,0.02866014,4.62945,-0.019136706368558996,-0.030949430194700932,0,0
2011-08-22,-0.0006674825,0.012740536,0.022070907,0.02620561,4.809081,-0.020214134970917237,-0.03269193492232986,0,0
2011-08-23,0.030899797,0.013288546,0.017995669,0.022628738,4.850186,-0.021083609577386673,-0.03409811961894007,0,0
2011-08-24,0.011585626,0.012883663,0.019702107,0.024701303,4.782038,-0.0204412214076465,-0.03305919748498603,0,0
2011-08-25,-0.012449184,0.012755119,0.020098776,0.022122445,4.8909326,-0.0202372741488009,-0.032729357473362454,0,0
2011-08-26,0.015856342,0.0130879115,0.026905304,0.02006867,4.895207,-0.020765282101132862,-0.033583294663400216,0,0
2011-08-29,0.02684725,0.013072313,0.013518536,0.019284831,4.7380505,-0.0207405322656302,-0.03354326722652224,0,0
2011-08-30,-0.002694023,0.012342134,0.014708689,0.021318745,4.5570736,-0.019582029673751365,-0.03166964308205384,0,0
2011-08-31,0.010732817,0.012516544,0.015063273,0.018576795,4.706592,-0.01985874970133292,-0.03211717710448009,0,0
2011-09-01,-0.013642212,0.012336287,0.013672316,0.017433623,4.876497,-0.01957275300975702,-0.031654640110319675,0,0
2011-09-02,-0.027000163,0.012407319,0.012333488,0.016626906,4.90052,-0.019685453799895086,-0.03183690894854548,1,0
2011-09-06,-0.004070707,0.012985999,0.01888408,0.019398509,4.761474,-0.020603586554007115,-0.033321787539228404,0,0
2011-09-07,0.029196065,0.013535871,0.011610199,0.01761498,4.551921,-0.021476014636020592,-0.03473274883550115,0,0
2011-09-08,-0.01111239,0.012984079,0.010804015,0.020518271,4.551876,-0.020600542592079978,-0.03331686459766443,0,0
2011-09-09,-0.023681106,0.013225403,0.024464784,0.018992862,4.6493144,-0.020983424863757552,-0.03393609279251947,1,0
2011-09-12,0.004523433,0.013494902,0.018421398,0.019977976,4.7509794,-0.021411012837864365,-0.03462762266719292,0,0
2011-09-13,0.0017178445,0.013601906,0.01874572,0.018263202,4.556809,-0.02158078519954469,-0.03490219226948601,0,0
2011-09-14,0.014483746,0.013720788,0.02772807,0.016389143,4.572896,-0.021769404065094915,-0.035207241963008055,0,0
2011-09-15,0.018437564,0.013621967,0.013449391,0.015980482,4.7475877,-0.02161261468966028,-0.034953669496731544,0,0
2011-09-16,0.0062086293,0.013017251,0.010682588,0.01636488,5.009834,-0.02065317128221254,-0.0334019799743717,0,0
2011-09-19,-0.011620799,0.012691331,0.013169443,0.01484902,5.123374,-0.020136066939042872,-0.03256567698345575,0,0
2011-09-20,-0.0014621413,0.012970656,0.017233973,0.014496326,4.9133873,-0.020579243907228355,-0.033282418640906836,0,0
2011-09-21,-0.03423317,0.01300222,0.019766863,0.012916379,5.0158277,-0.02062932269108545,-0.03336341010283192,1,1
2011-09-22,-0.02830067,0.013753613,0.027640058,0.01898326,4.8241105,-0.02182148440774595,-0.03529147050779268,1,0
2011-09-23,0.0055475566,0.014715409,0.02284048,0.021276157,4.926537,-0.02334747029862818,-0.03775941838233147,0,0
2011-09-26,0.025129696,0.015020083,0.018790264,0.019739501,4.4712,-0.023830864844641655,-0.03854120316129026,0,0
2011-09-27,0.009450242,0.014702587,0.02011238,0.02099447,4.673159,-0.02332712714998198,-0.037726517796052926,0,0
2011-09-28,-0.017901912,0.014565712,0.020575158,0.019360747,4.702687,-0.023109959830566996,-0.03737529723263104,0,0
2011-09-29,0.006507615,0.015316078,0.022452945,0.01906609,4.9348917,-0.02430049098260422,-0.039300720556528106,0,0
2011-09-30,-0.02651048,0.015282463,0.016519489,0.017281177,4.9811106,-0.024247158308411225,-0.03921446663982775,1,0
2011-10-03,-0.035940133,0.016228382,0.022769978,0.019640544,5.142625,-0.025747952790241318,-0.0416416729290096,1,0
2011-10-04,0.02477681,0.017341338,0.03006401,0.024204817,5.300139,-0.027513769220047144,-0.04449749415960137,0,0
2011-10-05,0.019124443,0.016588474,0.018701885,0.024509186,5.239133,-0.026319274764430595,-0.04256566106042186,0,0
2011-10-06,0.019629857,0.015782021,0.01515873,0.023532381,5.356341,-0.025039755683807757,-0.04049631925698662,0,0
2011-10-07,-0.002162163,0.015460425,0.017648626,0.02284641,5.494349,-0.02452951201820394,-0.039671111909036764,0,0
2011-10-10,0.030692946,0.015476004,0.012398281,0.020417133,5.3991027,-0.024554229278608692,-0.039711086662830235,0,0
2011-10-11,-0.0012602396,0.014458668,0.008318378,0.023060448,5.693354,-0.022940124128418508,-0.03710062519100696,0,0
2011-10-12,0.007329108,0.013862799,0.020032622,0.020600915,5.599611,-0.021994718778443285,-0.03557163915123431,0,0
2011-10-13,-0.00020865936,0.013396301,0.0112423,0.018730652,5.461426,-0.021254572739868458,-0.03437461508065592,0,0
2011-10-14,0.017582417,0.01299166,0.012390415,0.016698154,5.3947062,-0.020612570042120245,-0.03333631636320195,0,0
2011-10-17,-0.0209269,0.012411639,0.01777949,0.017034702,5.6012554,-0.019692307238550293,-0.03184799288415947,1,0
2011-10-18,0.023997841,0.013226613,0.021189833,0.018092291,5.816385,-0.020985346794534378,-0.03393920109450575,0,0
2011-10-19,-0.01358325,0.012818181,0.012477365,0.019588208,5.899373,-0.02033732675231071,-0.032891170640606975,0,0
2011-10-20,0.0028967536,0.013309265,0.013843877,0.018634185,5.8501544,-0.021116481470635454,-0.034151282704890026,0,0
2011-10-21,0.020653019,0.013463683,0.008731502,0.016881427,5.8117623,-0.02136148240148879,-0.03454751803719048,0,0
2011-10-24,0.009467288,0.012721923,0.011866174,0.017827163,6.0974193,-0.020207228161645635,-0.03259970029614103,0,0
2011-10-25,-0.01820807,0.0121936565,0.014528131,0.016709173,6.1777477,-0.019385174106681512,-0.031211614842443867,0,0
2011-10-26,0.010560618,0.01272256,0.013557094,0.017077934,6.51027,-0.02029207862435876,-0.032424006941187224,0,0
2011-10-27,0.035718083,0.012239863,0.018905627,0.01610947,6.700068,-0.019553953089577414,-0.03112097881444974,0,0
2011-10-28,-0.0011702752,0.011145803,0.006331456,0.021121202,6.8932443,-0.017832962087911592,-0.028274799458210167,0,0
2011-10-31,-0.025097651,0.010622943,0.012909537,0.019239709,6.8268175,-0.016987867361779773,-0.026969192049365445,1,0
2011-11-01,-0.020010773,0.011459744,0.019581554,0.020472908,7.20221,-0.018374572034111383,-0.028971519518801125,1,0
2011-11-02,0.007930901,0.012627308,0.011605817,0.020476302,7.3501306,-0.020265372248343114,-0.03187349816109924,0,0
2011-11-03,0.017269505,0.012397981,0.024173189,0.018897096,7.3741813,-0.01990020848559428,-0.03128685663552217,0,0
2011-11-04,-0.0037897723,0.012175947,0.013552274,0.018743632,7.201904,-0.01952289693507032,-0.030782266042236776,0,0
2011-11-07,0.0051823915,0.012082138,0.01527413,0.017121613,7.179861,-0.019369712085267596,-0.03055234538373992,0,0
2011-11-08,0.012447064,0.01204066,0.012839746,0.015632302,7.2786922,-0.019315390155292912,-0.030415400823032523,0,0
2011-11-09,-0.038019784,0.011323797,0.016868204,0.015139792,7.399891,-0.01817879866422723,-0.028568552589089503,1,1
2011-11-10,0.009540314,0.012493903,0.014271094,0.021242589,7.326317,-0.02004837064469106,-0.03154457076272292,0,0
2011-11-11,0.019208273,0.01215022,0.012860585,0.019792987,7.3163753,-0.01949568958147228,-0.03068002036682323,0,0
2011-11-14,-0.0071599353,0.011798616,0.014187032,0.019770969,7.332031,-0.01893333493344604,-0.02978733564126493,0,0
2011-11-15,0.0011968883,0.011887695,0.015957171,0.018233605,7.3411584,-0.01907734203480282,-0.030009382860098195,0,0
2011-11-16,-0.018511595,0.011896926,0.010930456,0.016663669,6.9663467,-0.019044917051877275,-0.030155062793277013,0,0
2011-11-17,-0.013288553,0.012279746,0.01855666,0.017048955,7.247093,-0.01969501624606588,-0.031029715656136842,0,0
2011-11-18,-0.0006176017,0.012775035,0.0121685425,0.016571334,7.0762796,-0.020466384147957154,-0.03234101513234106,0,0
2011-11-21,-0.019337332,0.012415066,0.014304972,0.014967136,7.078275,-0.01988996515977644,-0.0314290360343274,0,0
2011-11-22,-0.006741125,0.012600759,0.010971737,0.015950063,7.3715916,-0.020225378062099585,-0.03179942664702116,0,0
2011-11-23,-0.019422231,0.012409326,0.01048993,0.014829322,7.0678415,-0.01987934716378193,-0.0314181234176423,0,0
2011-11-25,-0.0056192065,0.012730936,0.015576844,0.01592091,7.1167827,-0.020401329533715155,-0.03221503161665909,0,0
2011-11-28,0.03199249,0.013140727,0.012676054,0.014685329,6.932517,-0.02103087060360301,-0.03332053359907458,0,0
2011-11-29,0.004607338,0.012545184,0.011285352,0.019260872,7.1940675,-0.02011391089335594,-0.03171840928448452,0,0
2011-11-30,0.040537793,0.012283235,0.02650891,0.017587088,7.070588,-0.01967772427049053,-0.031097940128637966,0,0
2011-12-01,-0.002008436,0.011673525,0.008671877,0.023846777,7.0631013,-0.018700008571587413,-0.0295567621245847,0,0
2011-12-02,0.0,0.01113012,0.011715981,0.02147846,6.6952953,-0.017780374541692647,-0.02830098312599837,0,0
2011-12-05,0.009205588,0.011053746,0.00965887,0.01947132,6.5336037,-0.017634044258333592,-0.02816270315484487,0,0
2011-12-06,0.0,0.010938499,0.011513388,0.018144252,6.4748983,-0.017440965762142203,-0.02788971879302375,0,0
2011-12-07,0.0071457233,0.010994819,0.0128447395,0.01652038,6.3359866,-0.017507690671789186,-0.028083608001307193,0,0
2011-12-08,-0.022400936,0.011111682,0.018787429,0.015351325,6.255333,-0.01767945055788748,-0.02841241431953233,1,0
2011-12-09,0.018238805,0.011560978,0.01401257,0.017040344,6.481987,-0.018434675273440646,-0.029474194233962647,0,0
2011-12-12,-0.018845785,0.010865512,0.016669588,0.017391521,6.616457,-0.017346242414134697,-0.027654683497632178,1,0
2011-12-13,-0.012217623,0.010870332,0.0175511,0.017784856,6.8277144,-0.01738360336641107,-0.027596965506786333,0,0
2011-12-14,-0.011539382,0.011380131,0.012141521,0.017057898,6.8481665,-0.018201707329317713,-0.028884319823880237,0,0
2011-12-15,0.004549222,0.011435364,0.012849816,0.016366018,6.864513,-0.018292312617794074,-0.029018995916646893,0,0
2011-12-16,-0.0006191312,0.011207065,0.009714174,0.015160044,6.720901,-0.017907024264607354,-0.02848785985111629,0,0
2011-12-19,-0.0099585885,0.011094761,0.012518286,0.01395914,6.6067557,-0.017710763195112895,-0.028241537177932936,0,0
2011-12-20,0.030392483,0.011010092,0.0119512575,0.013552527,6.672248,-0.017585291976238822,-0.028003587832887464,0,0
2011-12-21,0.00020224492,0.010545548,0.014874432,0.017618742,6.661695,-0.01684184831636641,-0.02682548253016978,0,0
2011-12-22,0.010260628,0.010016746,0.008469878,0.016336966,6.5024195,-0.015975260549517645,-0.025530643007376088,0,0
2011-12-23,0.008966883,0.009872164,0.004169334,0.015727308,6.5394297,-0.015749880322007408,-0.02515043947435996,0,0
2011-12-27,0.0,0.009826138,0.004487889,0.015089886,6.5629687,-0.015679696159231177,-0.025025831830909607,0,0
2011-12-28,-0.012576271,0.009788702,0.009373302,0.0141251795,6.482973,-0.01560881561285006,-0.02495554568085765,0,0
2011-12-29,0.01039178,0.010166358,0.004948963,0.014028674,6.6950593,-0.016240732296300724,-0.025850461503166267,0,0
2011-12-30,-0.003984069,0.009933323,0.0050710603,0.01367313,6.868643,-0.01589010125029403,-0.025206127165150385,0,0
2012-01-03,0.015448911,0.010081545,0.0052375235,0.01285405,6.913274,-0.016132572405988258,-0.025569089541648823,0,0
2012-01-04,0.00078585465,0.009711243,0.0066700974,0.013431184,6.9738092,-0.015546849934736108,-0.024612947135813346,0,0
2012-01-05,0.0,0.009538263,0.010169632,0.012581786,7.000694,-0.015272849394531864,-0.024167211028914136,0,0
2012-01-06,0.0009814507,0.009436826,0.008585824,0.011788479,6.970615,-0.01510718729874912,-0.023918308623269637,0,0
2012-01-09,0.0009804884,0.009198622,0.0058232425,0.01101595,7.0183926,-0.014730845495756262,-0.023302031019609273,0,0
2012-01-10,0.008198367,0.0092796795,0.008030147,0.010266364,7.061253,-0.014865079750513958,-0.023496150072988473,0,0
2012-01-11,0.0017480825,0.0092460355,0.005537542,0.010124937,7.27619,-0.014832077220772462,-0.023356635309668857,0,0
2012-01-12,0.00271318,0.009260605,0.009031709,0.009459564,7.2976303,-0.014857429497136266,-0.02338816419621234,0,0
2012-01-13,-0.0021311643,0.009266525,0.01216924,0.0089019975,7.1530027,-0.01485318924379002,-0.02343925332216661,0,0
2012-01-17,0.00019393,0.009362321,0.0114699695,0.00831462,7.2274823,-0.015013998608332463,-0.023662605977834605,0,0
2012-01-18,0.010032884,0.00932162,0.007313129,0.007708612,7.1852474,-0.014944657740445738,-0.023570398391711406,0,0
2012-01-19,0.006315206,0.009089373,0.0055175065,0.008456546,7.501538,-0.01460033450144139,-0.0229077733006355,0,0
2012-01-20,0.00019074869,0.008880521,0.0037667358,0.008384112,7.3904123,-0.01425565474662542,-0.022406647627483497,0,0
2012-01-23,0.00019071231,0.008648025,0.006947313,0.00785382,7.4507694,-0.013887352635800933,-0.021806600304898296,0,0
2012-01-24,0.00038131553,0.008570845,0.0055457596,0.0073409374,7.490246,-0.013766536218238784,-0.021603384417648225,0,0
2012-01-25,0.0066495924,0.0084589515,0.010906462,0.0068497527,7.4292245,-0.013582027757115298,-0.021334505962882548,0,0
2012-01-26,-0.003794351,0.008402426,0.010675417,0.0070907413,7.750269,-0.013514971117618279,-0.02112524046652735,0,0
2012-01-27,-0.0020930462,0.008330043,0.006510103,0.0068486314,7.8353076,-0.01340427387890658,-0.02092656027931743,0,0
2012-01-30,-0.0026702285,0.008155335,0.009738233,0.0064583477,7.8652897,-0.013125073607932091,-0.020481973430185246,0,0
2012-01-31,-0.00057312066,0.0082546,0.0082247555,0.006156396,7.4295287,-0.013253936121679738,-0.02081904157762799,0,0
2012-02-01,0.008751959,0.008266377,0.01113512,0.005772041,7.402922,-0.013270771114045028,-0.020854411550700905,0,0
2012-02-02,0.0022705782,0.008135316,0.0046699834,0.0068894904,7.2099953,-0.01304483417161295,-0.020565277825702392,0,0
2012-02-03,0.012210164,0.007864728,0.008889152,0.006496566,7.3311596,-0.012620525812505522,-0.019855838736363204,0,0
2012-02-06,0.0,0.007695707,0.0053018597,0.008181093,7.616198,-0.012369522611838747,-0.019373369949758534,0,0
2012-02-07,0.0042850557,0.007566623,0.006898391,0.007576583,7.6781554,-0.012166062162798601,-0.01903697812126014,0,0
2012-02-08,0.0016717752,0.0078981975,0.005108634,0.0072985585,7.80671,-0.012707563895874055,-0.019846974765691153,0,0
2012-02-09,0.0009275578,0.008042654,0.006274173,0.006841532,7.901453,-0.012945995570858434,-0.020192264965568016,0,0
2012-02-10,-0.0057647764,0.008306759,0.0068143085,0.0063836584,8.039652,-0.013379772978421663,-0.020829369470534487,0,0
2012-02-13,0.0063208984,0.008701641,0.0049194694,0.006459898,8.466098,-0.014040987081860988,-0.021740783077746052,0,0
2012-02-14,-0.00092704187,0.008475391,0.007460453,0.006621322,8.801695,-0.013692717037907684,-0.021120034004511772,0,0
2012-02-15,-0.004089225,0.008619025,0.010206985,0.0061798193,8.912467,-0.01392998976655071,-0.021460221924347225,0,0
2012-02-16,0.009269625,0.009042733,0.010494806,0.0060233376,9.189612,-0.014627626805319517,-0.022470512446846416,0,0
2012-02-17,0.0036839237,0.008869988,0.0036379783,0.0069172317,9.657734,-0.014367077618611928,-0.021972708076445753,0,0
2012-02-21,0.00018384043,0.008660334,0.006437726,0.006646292,9.78033,-0.014031897153260194,-0.021436852610209504,0,0
2012-02-22,-0.0029455102,0.008724941,0.005462253,0.0062062843,9.72828,-0.01413471323702819,-0.021603783039270876,0,0
2012-02-23,0.005148963,0.008563945,0.0062645776,0.005941273,9.318122,-0.013858411045391674,-0.021261954886186225,0,0
2012-02-24,0.00018340211,0.00827638,0.0036244045,0.0059855278,9.489392,-0.01339954561339351,-0.020524523474726865,0,0
2012-02-27,0.0029298684,0.008274012,0.009034516,0.005567984,9.432059,-0.0133935829972431,-0.020526420722960202,0,0
2012-02-28,0.0031036083,0.008459787,0.004370578,0.005340301,9.254464,-0.013687304251209322,-0.021012498693399155,0,0
2012-02-29,-0.0051169703,0.008255104,0.010150995,0.0051575573,9.344963,-0.013359672064781818,-0.02049146030370345,0,0
2012-03-01,0.0073019676,0.008362367,0.0064720954,0.005344891,9.240791,-0.01352913707125011,-0.020772482756900235,0,0
2012-03-02,-0.004192114,0.008131711,0.0056140013,0.005960782,9.58086,-0.013168589164083557,-0.02015376460348615,0,0
2012-03-05,-0.0031098535,0.008116331,0.005830022,0.0058526034,9.337497,-0.013134806827778291,-0.02014800561400462,0,0
2012-03-06,-0.016627023,0.008069275,0.010047725,0.0056217867,9.293415,-0.013056982068375663,-0.020037192935929767,1,0
2012-03-07,0.007978519,0.008538261,0.004424885,0.008896903,8.380012,-0.013772678136021746,-0.021347594297567732,0,0
2012-03-08,0.0101131685,0.008202475,0.0069386447,0.008917012,8.480724,-0.01323628048905235,-0.020491207465773074,0,0
2012-03-09,0.004381168,0.008058831,0.005071946,0.009341264,8.821919,-0.013020633561008747,-0.020078940350983666,0,0
2012-03-12,0.0,0.007852762,0.0034836787,0.008809569,8.453344,-0.012670604646041663,-0.019621913132834675,0,0
2012-03-13,0.013209276,0.0075597996,0.007118984,0.00816607,8.179838,-0.012184214365555994,-0.018933129363669348,0,0
2012-03-14,-0.001439108,0.008041147,0.005029326,0.009448111,8.468329,-0.012975324514933634,-0.020090195555964488,0,0
2012-03-15,0.0052069426,0.008289777,0.00547991,0.008750098,8.002673,-0.01335015279425442,-0.020793639987145715,0,0
2012-03-16,0.0017892293,0.008344391,0.003053513,0.0084293,7.6792874,-0.013416684161083816,-0.02099354873340043,0,0
2012-03-19,0.003925072,0.008278748,0.006678836,0.007885585,7.3964415,-0.013290120923851685,-0.020887007675909938,0,0
2012-03-20,-0.002853069,0.00812349,0.0064611714,0.007533375,7.3782983,-0.013039471907498969,-0.020499118667517878,0,0
2012-03-21,-0.0017873106,0.0079062125,0.005701194,0.0071573826,7.1181793,-0.012669827781787647,-0.020005992437244127,0,0
2012-03-22,-0.0061008623,0.0076624886,0.008411871,0.0067347325,7.0601664,-0.012274416573678431,-0.019401656036711862,0,0
2012-03-23,0.0035932485,0.0076491744,0.0071755187,0.0068317703,7.189315,-0.012263674917737496,-0.019340650952506144,0,0
2012-03-26,0.014952219,0.0074040843,0.0067630922,0.006593499,7.076441,-0.011861807279899364,-0.018743994089681974,0,0
2012-03-27,-0.006025182,0.0071336944,0.005773422,0.008878918,6.9113193,-0.011415232683786043,-0.01809307592154108,0,0
2012-03-28,-0.0044535566,0.0072379364,0.009860638,0.008619805,6.9125485,-0.011582144377624932,-0.018357204661706705,0,0
2012-03-29,-0.0014293374,0.007319226,0.008979393,0.008251196,6.74467,-0.011697139329223285,-0.018599859000029414,0,0
2012-03-30,0.00356952,0.0072413264,0.00476001,0.0077299057,6.623404,-0.011561096459921049,-0.018428909163227186,0,0
2012-04-02,0.0065702093,0.0071024615,0.009125077,0.0073827403,6.639118,-0.011340897347089145,-0.018072024096811468,0,0
2012-04-03,-0.0026583977,0.007157495,0.007273878,0.0074237646,6.7589006,-0.011439967138681983,-0.018185781448530808,0,0
2012-04-04,-0.011063639,0.0071544135,0.0076543614,0.0070435745,6.7653623,-0.011435627053395398,-0.018176556400795435,0,0
2012-04-05,-0.0021555603,0.0072571165,0.0068608345,0.007986845,6.980036,-0.011618526483641116,-0.018391720695903554,0,0
2012-04-06,0.0,0.007349471,0.0116283,0.0075283833,6.928669,-0.011762015365570335,-0.018636645510033842,0,0
2012-04-09,-0.011029856,0.0074584372,0.0056476425,0.007063869,6.866319,-0.011930877057599841,-0.018926535609806183,0,0
2012-04-10,-0.01317735,0.0075727333,0.012330056,0.00798049,7.1031327,-0.012134193336728029,-0.019165309986530883,1,0
2012-04-11,0.0051451786,0.008292853,0.006104984,0.009161946,7.4246087,-0.01331497392338644,-0.020916568985545822,0,0
2012-04-12,0.016000342,0.008322635,0.0065814275,0.008796973,7.3026614,-0.013352994638412592,-0.021018160755497516,0,0
2012-04-13,-0.015267472,0.008015922,0.008591603,0.010473291,7.6512103,-0.01288663293801865,-0.020172621883852285,1,0
2012-04-16,-0.0007328692,0.008287603,0.007570335,0.01161308,8.077893,-0.013351227564744396,-0.020774309058493083,0,0
2012-04-17,0.014194961,0.008272236,0.012436292,0.010700929,7.79772,-0.013308762824816096,-0.020788625987195358,0,0
2012-04-18,-0.0038019419,0.008121294,0.0038820582,0.011532883,7.923151,-0.013073937813428388,-0.020385660729587727,0,0
2012-04-19,-0.004180684,0.008015824,0.012253366,0.010766108,7.6993403,-0.012889743990265944,-0.020163026088957967,0,0
2012-04-20,0.0020016383,0.008148137,0.0061236215,0.010152723,7.3567,-0.013077338115331167,-0.020565899493610106,0,0
2012-04-23,-0.009130816,0.007941968,0.009849349,0.009484166,7.1789217,-0.012732240559148863,-0.020083217176163584,0,0
2012-04-24,0.0053060227,0.008116602,0.0042439206,0.00956687,7.327575,-0.013024424294250053,-0.020492504543066687,0,0
2012-04-25,0.012512631,0.007898947,0.005684816,0.009184179,7.2152114,-0.012666245389369203,-0.019966646057306348,0,0
2012-04-26,0.0068247393,0.007720999,0.0076847924,0.009913702,7.4020348,-0.01239516059781404,-0.019478708835212567,0,0
2012-04-27,0.0012521243,0.0076045985,0.008328947,0.009629374,7.425712,-0.012209994267846172,-0.019180410491015498,0,0
2012-04-30,-0.0035816657,0.0075556776,0.0057167304,0.009012265,7.29299,-0.012121748143140022,-0.019083206640095458,0,0
2012-05-01,0.005010748,0.007532194,0.009962596,0.008555462,7.262843,-0.01208179823823286,-0.019029939850999267,0,0
2012-05-02,-0.0021443898,0.007524491,0.007731539,0.008259167,7.277775,-0.012070570688999607,-0.019007480311863046,0,0
2012-05-03,-0.008263025,0.007474776,0.007705273,0.007806842,7.1473184,-0.011980769150800185,-0.01890827330943624,0,0
2012-05-04,-0.017100653,0.007564686,0.009064221,0.0080163255,7.308899,-0.012137393249042453,-0.01910277152120802,1,0
2012-05-07,0.0023824808,0.007797699,0.01343348,0.010003745,7.4041653,-0.012518451083092639,-0.019671779950435835,0,0
2012-05-08,-0.0053225784,0.007815566,0.012266122,0.009400036,7.260021,-0.012536110120070562,-0.01974646267649047,0,0
2012-05-09,-0.005536091,0.008083061,0.010646945,0.009051571,7.196795,-0.012959941059508004,-0.020436075942272963,0,0
2012-05-10,0.004799714,0.008297528,0.008946676,0.008774549,7.0722127,-0.013292775600331912,-0.02100679482134386,0,0
2012-05-11,-0.0055401805,0.008186738,0.009448074,0.008448116,7.07011,-0.013115099417735678,-0.020726790579146396,0,0
2012-05-14,-0.011922645,0.008327867,0.0075151236,0.008233677,7.014393,-0.013336027007476253,-0.021097170794236935,0,0
2012-05-15,-0.0043196613,0.008598017,0.010996979,0.008950136,7.2968235,-0.013794323290132866,-0.021714943417087785,0,0
2012-05-16,-0.0043384014,0.008932061,0.00966535,0.008557046,7.3853436,-0.014337957992531352,-0.022537863482088652,0,0
2012-05-17,-0.016198544,0.009110532,0.012578265,0.008226749,7.293234,-0.01461625835717999,-0.023010207761062655,1,0
2012-05-18,-0.008101896,0.009610437,0.009913358,0.009815818,7.5800524,-0.015444084029389628,-0.02420213288052284,0,0
2012-05-21,0.019183401,0.010139383,0.010632195,0.009699969,7.6024895,-0.016296102474721356,-0.025528565950761514,0,0
2012-05-22,-0.0007603118,0.009484936,0.010198676,0.0116551705,7.8144975,-0.015261091165839881,-0.023832474292092495,0,0
2012-05-23,0.0007603118,0.009521654,0.013530452,0.010843517,7.7839227,-0.015317821064202175,-0.023931584310007397,0,0
2012-05-24,0.0051170397,0.009546098,0.008858485,0.010138774,7.7462163,-0.015354204992496583,-0.024001564514864442,0,0
2012-05-25,-0.005687219,0.009362728,0.008820374,0.009697906,7.719874,-0.015057225784299647,-0.023546416448614778,0,0
2012-05-29,0.013970399,0.009404452,0.0071289088,0.009338276,7.8493752,-0.015134203866618488,-0.02362258225948114,0,0
2012-05-30,-0.018925622,0.009073455,0.0076842383,0.010199742,8.08423,-0.014617641140572069,-0.02274291481040263,1,0
2012-05-31,0.0005730112,0.009564651,0.011756632,0.012039978,8.142267,-0.01541293819940239,-0.023961961911120648,0,0
2012-06-01,-0.027292898,0.009812252,0.01028074,0.011183469,7.9919734,-0.015801218127119376,-0.02461489744151283,1,1
2012-06-04,-0.0007852376,0.01023398,0.010798433,0.014912329,7.7997346,-0.01646507399982316,-0.025718119260117037,0,0
2012-06-05,0.009382399,0.01018792,0.009000221,0.01378091,7.459152,-0.016360972868797383,-0.025687375031860655,0,0
2012-06-06,0.023458103,0.0098842215,0.010421377,0.01328664,7.5671124,-0.01588292670409224,-0.02489477978236639,0,0
2012-06-07,0.0009497579,0.0094060665,0.009342515,0.015389987,7.9806128,-0.01514631335125143,-0.023598352633423608,0,0
2012-06-08,0.009072071,0.009190012,0.011463665,0.014248561,7.67304,-0.014775843499208153,-0.0231224241382676,0,0
2012-06-11,-0.016504217,0.00888457,0.0157717,0.0137093915,7.441658,-0.014266452681999369,-0.02240513660277527,1,0
2012-06-12,0.009897302,0.009388115,0.008945211,0.014251436,7.8057,-0.015104645481352067,-0.02359113552077748,0,0
2012-06-13,-0.008559253,0.00958304,0.008025295,0.013776954,7.739271,-0.015413073390389921,-0.024096032379877536,0,0
2012-06-14,0.013282928,0.00991049,0.008935551,0.013265021,7.4797897,-0.01591733060795477,-0.024982673897249383,0,0
2012-06-15,0.008446788,0.00968126,0.004751242,0.013350935,7.693847,-0.01556738198584383,-0.024353553033949687,0,0
2012-06-18,0.0026134045,0.009250949,0.010524763,0.012834548,7.7220025,-0.014877624494985649,-0.02326482861206238,0,0
2012-06-19,0.00705929,0.0089340415,0.009776289,0.011983916,7.5654006,-0.014355949357973585,-0.022501999597023106,0,0
2012-06-20,0.00018509949,0.00880646,0.00878542,0.011508848,7.4305177,-0.014140108255382469,-0.02221067267413216,0,0
2012-06-21,-0.024354894,0.008464975,0.011369471,0.010735287,7.2928267,-0.013580540719121348,-0.021379834813116772,1,1
2012-06-22,0.0064272434,0.00892673,0.0060725287,0.013662743,7.27363,-0.014319631471399741,-0.022550637168810304,0,0
2012-06-25,-0.015380537,0.008635061,0.009282237,0.012965517,7.1147428,-0.013837500217634158,-0.021851103383367446,1,0
2012-06-26,0.0068650157,0.008767962,0.00679152,0.0134269,7.2844763,-0.014065900513388642,-0.022147029742153983,0,0
2012-06-27,0.007572925,0.008601453,0.0075525898,0.012816351,7.042143,-0.013776811924022088,-0.02178350305696644,0,0
2012-06-28,-0.002265862,0.008572611,0.011169456,0.012295243,7.039155,-0.013730331111617665,-0.02171118174527614,0,0
2012-06-29,0.025383968,0.008542936,0.0165046,0.011533012,6.89757,-0.01366889019444917,-0.02167073808706026,0,0
2012-07-02,0.0007369197,0.008253391,0.0066246907,0.014361518,6.777615,-0.013193509646254977,-0.02096558215256687,0,0
2012-07-03,0.0077050463,0.0078110695,0.005911013,0.013422012,6.6917734,-0.012477829617801623,-0.0198623513314685,0,0
2012-07-05,-0.004762786,0.0076035657,0.009034961,0.012847165,6.8191547,-0.012158659110616433,-0.019305423529028247,0,0
2012-07-06,-0.0071869837,0.0077162664,0.010451678,0.012178962,6.6404867,-0.012321135860271686,-0.019633506044058776,0,0
2012-07-09,-0.0018511667,0.007650248,0.0048607625,0.0117086815,6.6957464,-0.012221321269302695,-0.019452472563094684,0,0
2012-07-10,-0.010243129,0.0075468915,0.01217344,0.011075734,6.3010225,-0.012013185667535098,-0.019285583173533058,0,0
2012-07-11,0.00056142977,0.008086944,0.0077902647,0.011033209,6.5408196,-0.012901930267346312,-0.020602035035548943,0,0
2012-07-12,-0.00525231,0.008022753,0.00994448,0.01034813,6.627937,-0.012809168149781407,-0.020416472887146663,0,0
2012-07-13,0.016785176,0.008104133,0.007620327,0.009894217,6.777644,-0.01295491603611703,-0.020586425302458747,0,0
2012-07-16,-0.0031490254,0.00788696,0.00467541,0.011079804,7.1253304,-0.012639579829953406,-0.019955715396564665,0,0
2012-07-17,0.008130126,0.0077717146,0.009859063,0.010493876,7.0046353,-0.012444564511824184,-0.01969041367847708,0,0
2012-07-18,0.0064202733,0.00772048,0.008454179,0.010323847,6.844102,-0.012347974991326314,-0.019596555975141646,0,0
2012-07-19,0.003468106,0.007668095,0.0046855956,0.0099527035,7.1869946,-0.012293824370691018,-0.01938897504630465,0,0
2012-07-20,-0.010072423,0.007507994,0.0049008983,0.009496104,6.857753,-0.012009373712576621,-0.01905418530878884,0,0
2012-07-23,-0.010732894,0.007611234,0.011840365,0.009596736,7.434561,-0.012221280214878361,-0.01919541764194201,0,0
2012-07-24,-0.010661282,0.008020174,0.010063484,0.009768592,8.001035,-0.012915876444990097,-0.020117676863231335,0,0
2012-07-25,0.00412836,0.008276663,0.009787991,0.009899724,8.653067,-0.013364623403283135,-0.02064832078416641,0,0
2012-07-26,0.014685644,0.008238795,0.013449128,0.009491419,7.9035473,-0.013261851121746781,-0.020684309703355823,0,0
2012-07-27,0.020276519,0.007973007,0.010896354,0.010259732,8.867101,-0.012883944992340997,-0.01985839475762998,0,0
2012-07-30,-0.0014477021,0.0077770827,0.0059871958,0.011967721,9.764276,-0.012600299925096151,-0.019252467105990663,0,0
2012-07-31,-0.004355724,0.007773405,0.0075520077,0.011202823,10.195982,-0.012601578999720702,-0.01921578274154204,0,0
2012-08-01,-0.002914392,0.007875423,0.0070403037,0.010651306,8.507371,-0.012709820847074572,-0.019669955954767313,0,0
2012-08-02,-0.006221429,0.007861458,0.017086484,0.010061701,9.101698,-0.01271335060647352,-0.019547210832729138,0,0
2012-08-03,0.019629857,0.007822215,0.009993319,0.009852325,7.2765603,-0.012548076267054838,-0.019759809333100824,0,0
2012-08-06,0.00071968336,0.007492018,0.00431794,0.011313443,7.9955034,-0.012065012569081813,-0.018793790298349992,0,0
2012-08-07,0.0050233332,0.0072532007,0.007345413,0.010627999,11.536957,-0.011758268810397956,-0.017929843465034415,0,0
2012-08-08,0.00089437445,0.0073318016,0.00487914,0.010179942,15.63332,-0.01188568980650662,-0.01812414405053955,0,0
2012-08-09,0.001607861,0.0071716285,0.004976657,0.009698569,14.614086,-0.011626031146354469,-0.01772819808213716,0,0
2012-08-10,0.0014270426,0.007087076,0.0053474833,0.009282764,13.282623,-0.011488961622502522,-0.017519184736199796,0,0
2012-08-13,0.0,0.0070210514,0.004847113,0.008812252,13.680464,-0.011381928120810122,-0.017355972450292353,0,0
2012-08-14,-0.0007132668,0.0069025303,0.0061683613,0.008404754,11.279949,-0.01118979227500135,-0.017062990065306663,0,0
2012-08-15,0.0014260252,0.0069393134,0.0043010092,0.007947315,11.977674,-0.011249421223006126,-0.017153916520633562,0,0
2012-08-16,0.006745987,0.0072533875,0.005482933,0.0074990047,13.116124,-0.011758571803877649,-0.017930305491013696,0,0
2012-08-17,0.0015910902,0.0073594977,0.0029277166,0.0074637965,19.238634,-0.011930588545037684,-0.01819260883618279,0,0
2012-08-20,-0.00035335688,0.007261641,0.0042499877,0.007105768,15.35523,-0.011771951624583934,-0.01795070799198746,0,0
2012-08-21,-0.001591653,0.0073094782,0.008303597,0.006682952,16.249195,-0.011849501075525477,-0.01806896090307516,0,0
2012-08-22,-0.00017700682,0.007475916,0.005012806,0.0062913713,16.45166,-0.012119315503201677,-0.01848039310715643,0,0
2012-08-23,-0.008711941,0.0074863546,0.008459847,0.005905432,14.708359,-0.012136237562443523,-0.018506197065052344,0,0
2012-08-24,0.006940147,0.0076288134,0.007185301,0.0065243156,15.950294,-0.012367180205456293,-0.018858354810838744,0,0
2012-08-27,-0.0010645849,0.0075277416,0.004442103,0.006689096,15.237689,-0.012203330784360266,-0.01860850557542321,0,0
2012-08-28,-0.00035511365,0.007491768,0.004389947,0.0063615018,12.906008,-0.012145013401445855,-0.0185195790877058,0,0
2012-08-29,-0.00035523978,0.0075263204,0.0038903835,0.0060038506,13.157291,-0.01220102668352584,-0.018604992118811944,0,0
2012-08-30,-0.007310365,0.0075693866,0.004485763,0.0056691966,12.244266,-0.012270842626794912,-0.01871145242809414,0,0
2012-08-31,0.0057102223,0.0076828413,0.0076539814,0.0060652276,12.482421,-0.012454765576918774,-0.018991911206382318,0,0
2012-09-04,0.0007114906,0.007669854,0.0075646015,0.0061576264,11.147724,-0.012433711328048594,-0.018959806192234113,0,0
2012-09-05,-0.0017796765,0.007608944,0.005409861,0.005818695,11.57579,-0.012334969213388208,-0.018809237202205446,0,0
2012-09-06,0.019404383,0.0074726515,0.007985333,0.005551049,10.810321,-0.012114023667219313,-0.018472323739774515,0,0
2012-09-07,0.005053596,0.007203708,0.002582531,0.008846991,8.300139,-0.011616196143801376,-0.018022876575790613,0,0
2012-09-10,-0.008203205,0.0068713822,0.0040980736,0.008607744,7.6113653,-0.011044274127538452,-0.017299010089148237,0,0
2012-09-11,0.002800142,0.0069380095,0.007609464,0.008599097,8.129568,-0.011179617537161339,-0.017383453268495455,0,0
2012-09-12,0.0062717977,0.0072555942,0.004284561,0.008140684,8.405293,-0.011704846394319651,-0.018136862336843647,0,0
2012-09-13,0.012255267,0.007164085,0.011706713,0.0080148345,8.091149,-0.011541937970596907,-0.017955922401531255,0,0
2012-09-14,0.005815959,0.007122719,0.007876952,0.008758972,7.753472,-0.011456800604762315,-0.0179072798701675,0,0
2012-09-17,-0.0034170544,0.0071502286,0.0033792383,0.00848515,8.124698,-0.011521330476405885,-0.017915935418886093,0,0
2012-09-18,-0.0053196177,0.0069983522,0.0035031512,0.008103774,7.862266,-0.011262876627012605,-0.017576723199193855,0,0
2012-09-19,0.00017204302,0.006897969,0.0038872142,0.007862221,8.542134,-0.01113382073846781,-0.01722384304270619,0,0
2012-09-20,0.00034399726,0.0068380227,0.0056100017,0.0074603744,8.58721,-0.011038926896390066,-0.017068057867102835,0,0
2012-09-21,-0.0012045085,0.0068814512,0.0056231963,0.007107858,7.9857907,-0.01108126738226885,-0.017263684431535743,0,0
2012-09-24,-0.0003444119,0.006830384,0.0047256905,0.006743763,8.054401,-0.011002499577083465,-0.017125089171631178,0,0
2012-09-25,-0.009865939,0.0067675444,0.008764611,0.0064266445,7.421552,-0.01086575004183106,-0.01706990686019987,0,0
2012-09-26,-0.007157227,0.0069743474,0.0065257475,0.0070812223,7.832062,-0.011222578103228098,-0.01752133774625183,0,0
2012-09-27,0.009762978,0.007071376,0.0059875734,0.0072117546,7.4281964,-0.011354013891568971,-0.01783505918646294,0,0
2012-09-28,-0.0046952525,0.006889712,0.00651512,0.007637659,8.078562,-0.011099274922971547,-0.017270151160039975,0,0
2012-10-01,0.0019155426,0.006887833,0.011519483,0.007448807,7.3311605,-0.011052903935714585,-0.01738950325214103,0,0
2012-10-02,0.0027797099,0.007017895,0.0064703296,0.0071004173,8.0039625,-0.011301936124242042,-0.017603115239294823,0,0
2012-10-03,0.0025989793,0.006926361,0.006200755,0.006855883,7.529219,-0.011127605548698453,-0.01745155081665604,0,0
2012-10-04,0.0075849355,0.006898124,0.0044200458,0.006639614,6.843424,-0.011032658891749073,-0.017509344079989442,0,0
2012-10-05,-0.00017174752,0.00676688,0.007149714,0.0069310945,6.424141,-0.010784425516432916,-0.017264594885173137,0,0
2012-10-08,-0.0039583566,0.0067715673,0.0034997298,0.0065736417,6.6773915,-0.01081599073056936,-0.017222050220371425,0,0
2012-10-09,-0.009529657,0.006693646,0.0073261224,0.006452246,6.755402,-0.010698289889143571,-0.017007938922578972,0,0
2012-10-10,-0.0068128486,0.0070498115,0.0042298133,0.0070128595,7.4548173,-0.011321141910157945,-0.01777586561468262,0,0
2012-10-11,0.0015763205,0.0070984946,0.008818248,0.0070777712,7.7360544,-0.011416816352955364,-0.017849323089850683,0,0
2012-10-12,-0.0049122907,0.0071589556,0.006552745,0.0067323437,7.9588695,-0.011526682394271274,-0.017964223668846292,0,0
2012-10-15,0.009800568,0.0072031314,0.008430077,0.0066691027,7.5202465,-0.011571671825152287,-0.018150521422070735,0,0
2012-10-16,0.009532961,0.0071419757,0.0060671535,0.007246327,7.341044,-0.011461416441026152,-0.018029276899010686,0,0
2012-10-17,0.005333346,0.0070319846,0.0045140246,0.0076754037,7.32833,-0.01128402930277176,-0.01775396222836144,0,0
2012-10-18,-0.0037820227,0.006929787,0.0053426074,0.007538118,6.995874,-0.011095727513450261,-0.01755903366134423,0,0
2012-10-19,-0.019127691,0.006946908,0.0088703735,0.0072583114,7.298407,-0.011145458677982084,-0.017544652681849023,1,1
2012-10-22,0.0042046313,0.007127082,0.006790209,0.0095340535,6.5559134,-0.011372075968617565,-0.01815330142686624,0,0
2012-10-23,-0.016392365,0.0071030073,0.011508213,0.009063333,6.4510055,-0.011322949792672817,-0.01811593587782449,1,0
2012-10-24,-0.0010668564,0.0074592344,0.0066295215,0.01023107,6.130569,-0.01185244182722106,-0.019105418289936858,0,0
2012-10-25,0.002132576,0.007417335,0.008617247,0.009596364,5.9015303,-0.011768344996881059,-0.01903271989303949,0,0
2012-10-26,-0.00053271774,0.007416292,0.009014322,0.009119609,6.0113792,-0.01176826703697511,-0.01902698331430442,0,0
2012-10-29,0.0,0.0074193305,0.0052659404,0.008593504,6.2436366,-0.011803243457881857,-0.018974090417994693,0,0
2012-10-30,0.0,0.007358041,0.0089905895,0.008201613,5.940686,-0.011674269018974318,-0.018880572608384147,0,0
2012-10-31,-0.0005330017,0.0074251452,0.0085370885,0.007888649,5.5233483,-0.011780736202181346,-0.019052759953020738,0,0
2012-11-01,0.011660909,0.0075348495,0.009421704,0.0075475397,5.41465,-0.011954793094100963,-0.019334258844346332,0,0
2012-11-02,-0.012549877,0.007288849,0.010664596,0.008232476,5.215747,-0.011564488224418551,-0.01870302622331734,1,0
2012-11-05,0.0046140277,0.0073520965,0.0050869025,0.008774069,5.578729,-0.01166483671840106,-0.018865317928579522,0,0
2012-11-06,0.009340098,0.0073084366,0.007439972,0.008443911,5.7357755,-0.011595566677554497,-0.018753288812781044,0,0
2012-11-07,-0.025763173,0.0072151213,0.017954122,0.008589814,5.623479,-0.0114475119526795,-0.01851384273024916,1,1
2012-11-08,-0.009948531,0.0075511895,0.0108379265,0.011846159,6.084788,-0.011992445524055116,-0.01935317628308499,0,0
2012-11-09,0.0003635042,0.007495655,0.012592821,0.011530768,6.0516067,-0.011899757584741063,-0.01921972991769595,0,0
2012-11-12,0.0018155415,0.0075438754,0.004552392,0.010774671,5.5371547,-0.01196911346908872,-0.019357418913665977,0,0
2012-11-13,-0.005274178,0.007228524,0.010011872,0.01010839,5.444443,-0.011468777157569382,-0.018548234540503233,0,0
2012-11-14,-0.013216051,0.0074042855,0.013914727,0.00963104,5.7287717,-0.011747639902702502,-0.018999233939155244,1,0
2012-11-15,-0.0012942592,0.0075951256,0.00707886,0.010048091,5.5758715,-0.012050427247524507,-0.019488926136544227,0,0
2012-11-16,0.0062707695,0.0075823055,0.009906296,0.009541635,5.1588497,-0.0120300868134698,-0.01945602994052273,0,0
2012-11-19,0.016592596,0.0075118137,0.008679937,0.00919009,5.5027504,-0.011918244739107253,-0.019275149886941446,0,0
2012-11-20,0.0027088053,0.0072516203,0.0063174907,0.010152011,5.262406,-0.011505421428129168,-0.018607498620323633,0,0
2012-11-21,0.0014417014,0.0070991064,0.0064387107,0.009622878,5.2506504,-0.01126344274247102,-0.018216151107530804,0,0
2012-11-23,0.012171262,0.007041292,0.007262606,0.009244015,4.7702985,-0.011171713981341624,-0.018067799931798443,0,0
2012-11-26,-0.0014242481,0.0069731395,0.005050784,0.009474606,5.0310907,-0.01106358365841341,-0.017892922823013645,0,0
2012-11-27,-0.004106049,0.006833984,0.0054657934,0.009112225,4.7972918,-0.010842799598266336,-0.017535852973791777,0,0
2012-11-28,0.006774852,0.006847671,0.0123462165,0.008784479,4.91714,-0.010864515425344003,-0.01757097356671495,0,0
2012-11-29,0.0061996477,0.006846633,0.0057860683,0.008544455,5.655447,-0.010862868573171773,-0.017568310144109,0,0
2012-11-30,-0.00088331423,0.006702787,0.004691554,0.008351196,5.981565,-0.01063464200801558,-0.01719920367349486,0,0
2012-12-03,-0.005316334,0.006664905,0.009352645,0.007966459,6.1549854,-0.01059310520948804,-0.01706518557387955,0,0
2012-12-04,-0.0010666668,0.006825748,0.005147927,0.007834279,6.015959,-0.010831765435754486,-0.017510772070971226,0,0
2012-12-05,0.0019546875,0.006804686,0.008721533,0.007468751,6.2184505,-0.010822584204064553,-0.017408093192527556,0,0
2012-12-06,0.0033673048,0.0068262327,0.0038112681,0.007188661,6.1241503,-0.010845860019434501,-0.017485647361023992,0,0
2012-12-07,0.0021208916,0.006768197,0.0066687595,0.0071386313,6.0149703,-0.010740313074295389,-0.017363372041004053,0,0
2012-12-10,0.002996917,0.0067770653,0.004768096,0.007069142,5.6781144,-0.010752492378215276,-0.017389800829330816,0,0
2012-12-11,0.007889933,0.006730571,0.007347217,0.0070429887,5.4528084,-0.010678724259265329,-0.01727049705761246,0,0
2012-12-12,-0.0029733297,0.006830365,0.006177983,0.0073176986,5.3168154,-0.010837057332395471,-0.017526566116727295,0,0
2012-12-13,-0.0065020877,0.006918489,0.0070514786,0.007245649,5.0071936,-0.010976875081817824,-0.01775269069597239,0,0
2012-12-14,-0.002117897,0.0070016836,0.0069364957,0.0072543994,5.1911483,-0.011108872093149744,-0.017966166944677252,0,0
2012-12-17,0.012291638,0.007015085,0.008202484,0.0069925683,5.387957,-0.011130134583448133,-0.018000554364674282,0,0
2012-12-18,0.0059161475,0.006955904,0.0071015297,0.0076916,5.2875123,-0.011036237768579909,-0.01784869683698376,0,0
2012-12-19,-0.0055671684,0.0068744165,0.0081086205,0.007496561,6.2780294,-0.01094020146630338,-0.017572471587021125,0,0
2012-12-20,0.005220127,0.0069883517,0.004777373,0.0073990393,6.5828133,-0.01115333099288661,-0.017793997384303553,0,0
2012-12-21,-0.010116953,0.0070132953,0.024104688,0.0073609804,6.2991023,-0.011163590204373528,-0.017922469607988538,0,0
2012-12-24,-0.0043925224,0.007371238,0.0028748566,0.0076530157,6.258482,-0.011728524242290974,-0.01884735729105345,0,0
2012-12-26,-0.004411902,0.007232941,0.0057387515,0.0075014797,6.505794,-0.011535846561374494,-0.01843450958381422,0,0
2012-12-27,-0.0019474203,0.007492997,0.011252228,0.0074386755,6.0691986,-0.011897927971478803,-0.019208196837237637,0,0
2012-12-28,-0.01914362,0.0076027024,0.011615379,0.007335338,5.5721145,-0.012062448363517957,-0.019508367658148645,1,0
2012-12-31,0.025679015,0.008207889,0.01596616,0.008686836,5.3201947,-0.013022638283626186,-0.021061264501195248,0,0
2013-01-02,0.025722656,0.007656473,0.0075493716,0.011456705,4.522519,-0.012147761640086302,-0.019646343193069918,0,0
2013-01-03,-0.0024050863,0.0071629575,0.0049889223,0.014419984,4.8885264,-0.01136474948725045,-0.018379992573529083,0,0
2013-01-04,0.00291971,0.006984375,0.005472666,0.012979825,4.8525066,-0.011081410380745888,-0.01792175364101354,0,0
2013-01-07,-0.0013729194,0.006842031,0.004462518,0.011951121,4.832768,-0.010855567226920274,-0.017556501816082953,0,0
2013-01-08,-0.0024071538,0.0066872616,0.0050018523,0.011132122,4.800238,-0.010610009804810935,-0.017159366481088734,0,0
2013-01-09,0.0024071538,0.0066046496,0.0035727753,0.010703865,4.356848,-0.01047893756431419,-0.016947385846616442,0,0
2013-01-10,0.007698267,0.006712273,0.0060191997,0.010193341,4.361287,-0.0106496935129787,-0.017223546185378025,0,0
2013-01-11,0.0001704013,0.0067625735,0.0043316153,0.009932423,4.535805,-0.010729499788272215,-0.017352615352178524,0,0
2013-01-14,-0.0020467346,0.006724075,0.005199644,0.009483443,4.556322,-0.010668417860231426,-0.01725382871504006,0,0
2013-01-15,0.0006827104,0.0067277504,0.005680555,0.00894598,4.7111115,-0.01067424970762155,-0.017263260450586956,0,0
2013-01-16,0.00017060479,0.0067124525,0.0042987284,0.008665968,4.3542705,-0.010649977640221601,-0.0172240056989485,0,0
2013-01-17,0.006969854,0.0066358605,0.008476186,0.008119287,4.201764,-0.010528457142323793,-0.017027472915590716,0,0
2013-01-18,0.0021998486,0.0067058015,0.004810777,0.008190901,4.403541,-0.010639425118225696,-0.017206939306404226,0,0
2013-01-22,0.0070743095,0.006526256,0.0062184883,0.007849419,4.519754,-0.010354558601574582,-0.016746230122592617,0,0
2013-01-23,0.00050339795,0.00642975,0.003206222,0.007924722,4.7514067,-0.010201442068429553,-0.016498597674094978,0,0
2013-01-24,0.0010060363,0.006277254,0.0061679403,0.00777615,4.5307403,-0.009959491433550165,-0.01610729552729159,0,0
2013-01-25,0.002677826,0.006294428,0.0048927637,0.0076003233,4.4944744,-0.00998673959808993,-0.016151363464067935,0,0
2013-01-28,0.00083535217,0.0062637627,0.0041041574,0.0074471803,4.576564,-0.009938086879630326,-0.01607267835050932,0,0
2013-01-29,0.005329793,0.006279742,0.0057413667,0.0072347447,4.6406684,-0.009963439354444364,-0.016113680424450796,0,0
2013-01-30,-0.0064994814,0.0062613944,0.0042913714,0.007271297,4.8731422,-0.009934328980140615,-0.016066600771343108,0,0
2013-01-31,-0.0013384643,0.006333154,0.0041158893,0.0075311046,4.742181,-0.010048183471663075,-0.0162507354688121,0,0
2013-02-01,0.009000061,0.006330971,0.005323798,0.0072974125,4.8137684,-0.010044719652918407,-0.01624513350082552,0,0
2013-02-04,-0.008832655,0.0063024294,0.006165702,0.007912217,4.564139,-0.009999434837637397,-0.016171895232837973,0,0
2013-02-05,0.008334771,0.0064110006,0.0068290886,0.008208209,4.8177853,-0.010171694669988856,-0.01645048777400125,0,0
2013-02-06,0.000497884,0.0063543683,0.005283001,0.008376814,4.9285007,-0.010081841691580905,-0.016305170265885446,0,0
2013-02-07,-0.000996016,0.006415888,0.007720034,0.008192879,4.950114,-0.010179449353019633,-0.01646302927495344,0,0
2013-02-08,0.0048049134,0.0064822924,0.0042698076,0.008064754,5.0401897,-0.01028480626830615,-0.01663342100445954,0,0
2013-02-11,0.00033052388,0.006408174,0.0033812537,0.0080212215,5.0525293,-0.010167209259979106,-0.016443233605947575,0,0
2013-02-12,0.0021457465,0.0063684336,0.004657081,0.007943447,5.008003,-0.010104157443378456,-0.016341261105615075,0,0
2013-02-13,0.00065930444,0.0063753338,0.0041924757,0.007822129,5.1011715,-0.010115105390868465,-0.01635896701226858,0,0
2013-02-14,0.0008235198,0.006354222,0.0049308143,0.007714761,5.1235003,-0.010081609141576365,-0.016304794167198784,0,0
2013-02-15,-0.0009883051,0.0063407775,0.004843189,0.007083519,4.410743,-0.010060277881626828,-0.01627029552735667,0,0
2013-02-19,0.0072249905,0.006322072,0.0040973644,0.006970751,4.3529387,-0.01003060015770111,-0.01622229831052704,0,0
2013-02-20,-0.013838771,0.006237468,0.0063619916,0.0075210873,5.1822963,-0.009896368132706876,-0.016005207416856963,1,0
2013-02-21,-0.003989367,0.006407996,0.0063575315,0.0076616798,5.2545943,-0.010166927847327697,-0.01644277848263414,0,0
2013-02-22,0.008953799,0.0064652623,0.0034139876,0.0075979116,5.2767925,-0.010257786129451772,-0.016589721849274784,0,0
2013-02-25,-0.018156575,0.006361104,0.01636212,0.0076090205,5.447181,-0.010092528133423784,-0.016322453244443834,1,1
2013-02-26,0.003523789,0.00689645,0.006489979,0.007824699,5.4080663,-0.010941908428800518,-0.017696139795004423,0,0
2013-02-27,0.0154578,0.0068232156,0.010127664,0.0077409586,5.4779453,-0.010825714864275193,-0.017508222159383573,0,0
2013-02-28,-0.0016507101,0.0067054597,0.0072393934,0.007911698,5.4875793,-0.010638883104790988,-0.017206062718414687,0,0
2013-03-01,0.0021453924,0.006723844,0.008987496,0.007847114,5.404669,-0.010668051390379914,-0.01725323603033929,0,0
2013-03-04,0.006081044,0.0067934203,0.008429456,0.0077569606,5.426357,-0.010778441158293874,-0.017431767296402688,0,0
2013-03-05,0.007346372,0.006639678,0.0073150885,0.007715317,5.54078,-0.01053451430080781,-0.01703726904247216,0,0
2013-03-06,0.0013003903,0.006526561,0.0035564788,0.007789033,5.432872,-0.01035504270372411,-0.016747013051765246,0,0
2013-03-07,0.0024336833,0.0064212745,0.003464569,0.007728939,5.3307037,-0.010187994887038612,-0.016476849804124092,0,0
2013-03-08,0.00436576,0.006334888,0.0054150685,0.0076968158,5.190364,-0.010050933352845168,-0.016255182799196428,0,0
2013-03-11,0.0041861273,0.006295686,0.0040494185,0.00763333,5.240136,-0.009988736632564716,-0.0161545932298324,0,0
2013-03-12,-0.0059624705,0.0061634947,0.0040297336,0.007547134,5.3571453,-0.009779000959792878,-0.01581539172677462,0,0
2013-03-13,0.0020989755,0.0061197802,0.0040141344,0.007588578,5.2310095,-0.009709644052018549,-0.01570322212275077,0,0
2013-03-14,0.0038634948,0.006222336,0.0031137678,0.0074911304,5.3029814,-0.009872359380681718,-0.015966378520151658,0,0
2013-03-15,-0.0016079759,0.0062216623,0.004418789,0.007471134,5.2943087,-0.0098712898316336,-0.015964648758876807,0,0
2013-03-18,-0.0043544946,0.006277984,0.010495917,0.0073750317,5.356105,-0.009960650564117542,-0.016109170167048853,0,0
2013-03-19,-0.0029135663,0.006467485,0.008715876,0.007319392,5.413857,-0.010261312383800772,-0.016595424793173347,0,0
2013-03-20,0.0043671723,0.0064934604,0.00788084,0.0072409553,5.4725285,-0.010302525311842751,-0.016662077675596736,0,0
2013-03-21,-0.0064767064,0.006404383,0.0049751108,0.0071783504,5.572775,-0.010161194630095141,-0.016433506259759804,0,0
2013-03-22,0.008411567,0.006382524,0.0067958445,0.0071728937,5.61013,-0.010126513009184568,-0.01637741633578133,0,0
2013-03-25,-0.0032268502,0.00639945,0.009735815,0.0071884985,5.7420077,-0.010153367557957892,-0.016420847685286472,0,0
2013-03-26,0.0066038733,0.0064120893,0.0041091572,0.00718117,5.569497,-0.010173422055042035,-0.01645328144089947,0,0
2013-03-27,-0.00032113038,0.0062828655,0.0066887005,0.0071774214,5.610232,-0.00996839529364618,-0.016121695570391885,0,0
2013-03-28,0.003846775,0.00631898,0.006256944,0.0070948694,5.608929,-0.010025693986009993,-0.016214363652631736,0,0
2013-04-01,-0.004328664,0.0062897713,0.0049367533,0.007026523,5.707907,-0.009979352289774496,-0.016139416111235535,0,0
2013-04-02,0.0054478585,0.00627447,0.005290564,0.0069732103,5.7790117,-0.009955074793191562,-0.016100152579082996,0,0
2013-04-03,-0.010279563,0.0062192534,0.00822954,0.006953636,5.789457,-0.009867468591675727,-0.015958468740379594,1,0
2013-04-04,0.0038672301,0.0063262754,0.004656652,0.007003759,5.9482555,-0.01003726900413481,-0.01623308370866212,0,0
2013-04-05,-0.0054830005,0.006249803,0.009443457,0.0069869314,5.8106427,-0.00991593852764149,-0.01603685824329733,0,0
2013-04-08,0.008533986,0.006322452,0.007111526,0.006945949,5.9379263,-0.010031202797012485,-0.016223272947590538,0,0
2013-04-09,0.002562051,0.0062319804,0.0060289023,0.0069566476,6.1310267,-0.009902431277703811,-0.015961938763805063,0,0
2013-04-10,0.012396853,0.006182578,0.00743589,0.0069251945,5.9656887,-0.009809278608438481,-0.015864359190410703,0,0
2013-04-11,0.0031540792,0.0062699066,0.005198173,0.0070701954,5.8417497,-0.009947834977680566,-0.01608844376354992,0,0
2013-04-12,-0.0036280504,0.0062570544,0.0061187926,0.0070113447,5.853359,-0.0099274429663875,-0.016055464152644604,0,0
2013-04-15,-0.024637304,0.0062482655,0.0128219975,0.0070138285,5.688344,-0.009913499014753394,-0.01603291286563489,1,1
2013-04-16,0.016226558,0.0066285646,0.007592389,0.0073713083,5.113609,-0.010516881219335143,-0.017008751396141317,0,0
2013-04-17,-0.014608174,0.0064413673,0.01092939,0.0075226524,5.149664,-0.0102198741446649,-0.01652840751941541,1,0
2013-04-18,-0.007792247,0.006671166,0.009531245,0.007734699,4.9961433,-0.010584472737775396,-0.01711806586966835,0,0
2013-04-19,0.0087620225,0.006826226,0.0057052486,0.007731444,5.091889,-0.01083049073557466,-0.017515946084940826,0,0
2013-04-22,0.0054777004,0.00667947,0.0077544716,0.007756176,5.191216,-0.010597648460017069,-0.01713937471393496,0,0
2013-04-23,0.011184012,0.0066245683,0.011033796,0.0077059814,5.3105364,-0.010510540838472056,-0.016998497219108413,0,0
2013-04-24,0.00031771246,0.0065541645,0.003698928,0.007827958,5.2798567,-0.010398838113139465,-0.016817842532055323,0,0
2013-04-25,0.004911679,0.006411686,0.007035025,0.0077475123,5.256683,-0.010172781411449762,-0.016452245340237374,0,0
2013-04-26,-0.003324629,0.0064527974,0.0040272926,0.0077605257,5.116751,-0.010238009425563714,-0.016557737363299165,0,0
2013-04-29,0.007425581,0.006392283,0.0067875744,0.0077102003,5.0769124,-0.010141997039058857,-0.01640245836195331,0,0
2013-04-30,0.002515329,0.006426185,0.005601048,0.0076970845,5.2336183,-0.010195785764622625,-0.01648944984183685,0,0
2013-05-01,-0.009465286,0.0063718203,0.0058114678,0.0076118247,5.2771235,-0.010109530524806317,-0.01634995088772174,0,0
2013-05-02,0.009465286,0.0064310553,0.0046652355,0.0076690554,5.3741508,-0.010203513301738474,-0.016501947440218614,0,0
2013-05-03,0.010153958,0.0063608834,0.008918402,0.0076996414,5.5525484,-0.010092177951121228,-0.016321886901285314,0,0
2013-05-06,0.0031036648,0.0063778325,0.0028675753,0.007774061,5.559502,-0.010119069599311619,-0.016365378250970043,0,0
2013-05-07,0.0043290113,0.0062221875,0.0045248014,0.0077752313,5.3703847,-0.009872123211221854,-0.015965996567788937,0,0
2013-05-08,0.0050781057,0.00621473,0.004503832,0.0077144834,5.4750032,-0.009860291211769063,-0.015946860900758503,0,0
2013-05-09,-0.0026127733,0.0062082144,0.0051304437,0.007682971,5.514216,-0.009849954047364908,-0.01593014280193962,0,0
2013-05-10,0.003073143,0.006230605,0.00448096,0.0076252166,5.5035434,-0.009885478096502046,-0.015987595169020367,0,0
2013-05-13,0.0007668124,0.006185376,0.0046956744,0.00756499,5.5237856,-0.009813718775256688,-0.015871540187513664,0,0
2013-05-14,0.0105224,0.0061538913,0.0070378873,0.0074903574,5.4947515,-0.009763764862608255,-0.015790750677412545,0,0
2013-05-15,0.0037853024,0.00616403,0.0068219365,0.007613318,5.413336,-0.009779850626930089,-0.015816765877229008,0,0
2013-05-16,-0.0037853024,0.0063133803,0.00472509,0.007559931,5.461644,-0.010016810032918258,-0.01619999580474975,0,0
2013-05-17,0.009060768,0.0063478355,0.0054869144,0.0075070346,5.509728,-0.010071476476397995,-0.016288406801077123,0,0
2013-05-20,0.0009015778,0.0063735433,0.0046107317,0.0076008234,5.4100795,-0.010112264118439452,-0.01635437187656381,0,0
2013-05-21,0.0006006006,0.006373777,0.0055718445,0.007555549,5.2997,-0.01011263511261012,-0.016354971878359655,0,0
2013-05-22,-0.0060223006,0.0064385273,0.0162108,0.0075257113,5.1330786,-0.010215367922787039,-0.016521119692724406,0,0
2013-05-23,-0.0033277902,0.006576686,0.010919933,0.007491442,5.2856503,-0.01043457118582154,-0.016875632948928368,0,0
2013-05-24,0.0003029844,0.0065777907,0.008915758,0.0074124597,5.393123,-0.010436323907061985,-0.016878467591558984,0,0
2013-05-28,0.002420576,0.0065691983,0.012032881,0.0073208744,5.375317,-0.010422691228585709,-0.016856419720690175,0,0
2013-05-29,-0.004543397,0.0065798797,0.007571063,0.007235856,5.356164,-0.010439637518410726,-0.016883826631989195,0,0
2013-05-30,0.003938802,0.006551527,0.008038035,0.0072259945,5.2028875,-0.010394653117921574,-0.01681107421911438,0,0
2013-05-31,-0.014927924,0.0065620197,0.009954478,0.007238922,5.0991116,-0.010411300802682393,-0.016837998202138698,1,0
2013-06-03,0.0044407086,0.0066750925,0.0074892277,0.00747339,5.1983666,-0.010590702725251113,-0.017128141509581515,0,0
2013-06-04,-0.0030604461,0.0066724005,0.010356104,0.007420328,5.332749,-0.010586431767969284,-0.017121234171834216,0,0
2013-06-05,-0.014355421,0.0067428737,0.008363171,0.0073298095,5.4343905,-0.010698243981825412,-0.01730206593258803,1,0
2013-06-06,0.00913107,0.006867258,0.010882394,0.00755331,5.3432956,-0.010895592068752288,-0.01762123322934062,0,0
2013-06-07,0.0096589485,0.0068889856,0.009353802,0.0076003596,5.442617,-0.010930065570981754,-0.017676986566945815,0,0
2013-06-10,0.0021338218,0.0067919497,0.0056587877,0.0076089166,5.6636353,-0.010776108419337824,-0.01742799460218393,0,0
2013-06-11,-0.009177183,0.006687833,0.0070891804,0.0075977184,5.502904,-0.010610916478369493,-0.01716083282694102,0,0
2013-06-12,-0.010503649,0.006852205,0.010563403,0.007659149,5.4186,-0.010871709092799624,-0.0175826077478783,0,0
2013-06-13,0.01647839,0.007194412,0.015417196,0.0077184783,5.362208,-0.011414654537252013,-0.01846070305900343,0,0
2013-06-14,-0.0076663974,0.007230417,0.0055702077,0.007828156,5.2459154,-0.011471780400624125,-0.018553091628211556,0,0
2013-06-17,0.00949762,0.007218718,0.007939659,0.007871597,5.112138,-0.01145321892886096,-0.018523072513972085,0,0
2013-06-18,0.0033485573,0.007230889,0.0058946447,0.008159871,4.7846065,-0.011472529627876106,-0.01855430333915536,0,0
2013-06-19,-0.01315406,0.007186468,0.008938558,0.0078514265,5.185115,-0.011402051593815297,-0.018440320558972847,1,0
2013-06-20,-0.024784995,0.0072234557,0.014495836,0.008211974,4.8098893,-0.011460735632704212,-0.018535229135723523,1,1
2013-06-21,0.0,0.0076167383,0.011942179,0.008523006,4.533746,-0.012084717967260131,-0.019544383863508544,0,0
2013-06-24,-0.0112690665,0.00759161,0.013164211,0.00848479,4.573482,-0.012044848762007034,-0.01947990415832133,0,0
2013-06-25,0.009689537,0.007821322,0.0118652,0.008574732,4.5578074,-0.012409310720679063,-0.020069341532303116,0,0
2013-06-26,0.008813403,0.0077692317,0.0110809645,0.00872333,4.4258018,-0.012326664077820366,-0.01993567869321686,0,0
2013-06-27,0.0068707326,0.0076779774,0.007716076,0.008783537,4.3986325,-0.012181879530830227,-0.019701521407002508,0,0
2013-06-28,-0.00452313,0.007517748,0.008502215,0.008835652,4.3373766,-0.011927659847267723,-0.019290376761784796,0,0
2013-07-01,0.004678736,0.0074693603,0.011724021,0.008731231,4.4568844,-0.011850887580399202,-0.019166214438939105,0,0
2013-07-02,0.00031113878,0.0074271387,0.008016207,0.00867722,4.6038456,-0.011783899606134157,-0.019057876065894583,0,0
2013-07-03,0.001088224,0.0073431656,0.008342925,0.008554222,4.725917,-0.011650667455673063,-0.01884240225023526,0,0
2013-07-05,0.011278605,0.007274301,0.0068828748,0.008565132,4.5944967,-0.01154140605295623,-0.01866569586768264,0,0
2013-07-08,0.0050570946,0.007057612,0.005203424,0.008618507,4.6423373,-0.011197607564726538,-0.018109677130310444,0,0
2013-07-09,0.0060957214,0.0068768654,0.0046434933,0.00864101,4.5696535,-0.010910835404847557,-0.017645885986054807,0,0
2013-07-10,0.0018214941,0.006753612,0.007478315,0.008551884,4.733666,-0.01071528166289735,-0.01732962064920749,0,0
2013-07-11,0.012957843,0.00687825,0.0041692643,0.008614203,4.5253134,-0.010913031509365142,-0.017649437704002412,0,0
2013-07-12,0.0001496894,0.006794285,0.0033547198,0.008629449,4.6788244,-0.010779813836725343,-0.017433987303047318,0,0
2013-07-15,0.004331274,0.0067705465,0.003031943,0.008584293,4.649965,-0.010742149784628138,-0.017373073949997847,0,0
2013-07-16,-0.0037327404,0.0066974517,0.004936569,0.008668249,4.489355,-0.01062617791174138,-0.017185514852035493,0,0
2013-07-17,0.0025397788,0.0067693326,0.006076234,0.008579547,4.5802593,-0.010740224234395992,-0.017369959794335508,0,0
2013-07-18,0.00297974,0.006722126,0.0069114687,0.008615257,4.4416647,-0.010665325940521256,-0.017248828212268343,0,0
2013-07-19,0.005341259,0.0066892495,0.0053643775,0.0086128535,4.3776116,-0.010613164160125439,-0.017164467959772434,0,0
2013-07-22,0.00044381982,0.0065722154,0.0036601804,0.0085388785,4.473426,-0.010427477958251148,-0.0168641612072756,0,0
2013-07-23,-0.0011839576,0.006465632,0.0038859188,0.008617917,4.2710576,-0.010258372481214192,-0.016590670144796024,0,0
2013-07-24,-0.0026690408,0.0064199097,0.0072446284,0.008728581,4.0680213,-0.010185829547891278,-0.01647334784242297,0,0
2013-07-25,0.00014846708,0.0064673983,0.0062115043,0.008870365,3.8815162,-0.010261174844498476,-0.01659520235348318,0,0
2013-07-26,0.0014834597,0.0064115915,0.0077829217,0.008777498,3.9076016,-0.010172632108917664,-0.016452003876100022,0,0
2013-07-29,-0.002374593,0.006404853,0.0046030423,0.008954477,3.719099,-0.0101619402378918,-0.01643471211702755,0,0
2013-07-30,0.0013364023,0.0063560833,0.004636036,0.00899443,3.5490317,-0.010084562617120409,-0.01630957076686132,0,0
2013-07-31,-0.0025258167,0.0063092667,0.005615972,0.0087549,3.657693,-0.010010283250106007,-0.016189440163399908,0,0
2013-08-01,0.011683931,0.0062678643,0.005935623,0.008689878,3.6355846,-0.009944593755438297,-0.01608320179664085,0,0
2013-08-02,0.0022031292,0.0062174955,0.0037932696,0.008715841,3.7731953,-0.009864678896485075,-0.015953957019558637,0,0
2013-08-05,-0.00088066934,0.0061090947,0.002595192,0.008743133,3.6320496,-0.009692690523282886,-0.015675803504099636,0,0
2013-08-06,-0.0050051627,0.0060285055,0.0055468665,0.009028946,3.3106856,-0.009564827834794327,-0.01546901361687092,0,0
2013-08-07,-0.0034001067,0.006084082,0.00519174,0.008697499,3.548375,-0.00965300591025129,-0.01561162233639133,0,0
2013-08-08,0.0032525163,0.006088122,0.004894221,0.008770394,3.439433,-0.009659415060765524,-0.015621987733269319,0,0
2013-08-09,-0.0044378773,0.006055126,0.0050000455,0.008522545,3.6201255,-0.009607063258965218,-0.015537320162780418,0,0
2013-08-12,0.000444675,0.006068494,0.0055216905,0.0083514135,3.7856214,-0.009628273267161416,-0.015571622704474621,0,0
2013-08-13,0.0022204139,0.006061015,0.0063119913,0.008235751,3.8779063,-0.009616407787746879,-0.015552432890940658,0,0
2013-08-14,-0.005188656,0.0060459594,0.0037558875,0.008119461,4.0060906,-0.009592520287475061,-0.015513800092383265,0,0
2013-08-15,-0.015729483,0.0061824657,0.0073030503,0.008013477,4.185669,-0.009809100350263795,-0.015864070896864892,1,0
2013-08-16,-0.0028729134,0.006385824,0.0051486865,0.008028091,4.3150992,-0.010131749456173962,-0.01638588514161684,0,0
2013-08-19,-0.0036407807,0.0064049545,0.005903782,0.008083906,4.157919,-0.0101621013036537,-0.01643497260561209,0,0
2013-08-20,0.003337888,0.0065009086,0.006329335,0.008007726,4.279176,-0.01031434283347425,-0.016681189927922942,0,0
2013-08-21,-0.008518457,0.006516961,0.0070398087,0.007931959,4.413237,-0.010339811130858642,-0.016722379319498243,0,0
2013-08-22,0.011090125,0.0066047,0.008467052,0.007873496,4.6324544,-0.010479017192331309,-0.016947514627489696,0,0
2013-08-23,0.0040708687,0.006581461,0.004720608,0.0078367675,4.8863564,-0.0104421467058138,-0.016887884692915734,0,0
2013-08-26,-0.004373075,0.0064876946,0.005557744,0.007883047,4.695933,-0.010293377138512395,-0.016647282509362586,0,0
2013-08-27,-0.015841916,0.0065652374,0.0077513712,0.007159713,5.7524343,-0.010416406044416307,-0.016846254812217142,1,0
2013-08-28,0.0024536126,0.0068092947,0.0060946546,0.007931835,4.735153,-0.010803628043026857,-0.017472501564664553,0,0
2013-08-29,0.0027531371,0.006884077,0.0069511672,0.008239102,5.963225,-0.010922277407989234,-0.017664390919490097,0,0
2013-08-30,-0.0033659763,0.0069580073,0.007900877,0.0073539987,6.0734286,-0.01104896373694139,-0.017835708927597813,0,0
2013-09-03,0.004739708,0.0070381872,0.00828454,0.0069499672,5.8756356,-0.01116678880751006,-0.018059834542103838,0,0
2013-09-04,0.008807953,0.006992025,0.0064415103,0.0068984167,5.876424,-0.011093547319309694,-0.017941382480251778,0,0
2013-09-05,-0.0003024346,0.0069386642,0.0032465418,0.007785644,5.0836415,-0.011008885544699592,-0.017804460607020775,0,0
2013-09-06,0.0003024346,0.0068182684,0.0107973525,0.0076014814,5.3484674,-0.010817865170542172,-0.017495526999434886,0,0
2013-09-09,0.009330391,0.006944583,0.0054889466,0.00634939,6.7532854,-0.011099169936150932,-0.017645991922862526,0,0
2013-09-10,0.008056138,0.0067870994,0.0042390153,0.0074914526,6.987485,-0.010866613638785027,-0.01719910976017273,0,0
2013-09-11,0.0037078278,0.006645227,0.0047867545,0.007715227,6.9238124,-0.010634571225892122,-0.0168517711540569,0,0
2013-09-12,-0.0022230465,0.00667032,0.0032267505,0.0070513515,7.038443,-0.010683471474287486,-0.016893531286111207,0,0
2013-09-13,0.002074997,0.0066312584,0.003961122,0.0065650553,6.914823,-0.010611516155851927,-0.01681807980229206,0,0
2013-09-16,0.005610527,0.0066425405,0.006538523,0.0063143778,6.4604406,-0.01058984004335227,-0.016939496313530276,0,0
2013-09-17,0.0001472212,0.006661134,0.0036844,0.0066644438,6.4371867,-0.01061719256335896,-0.016991956542148114,0,0
2013-09-18,0.011416986,0.0065799635,0.010436615,0.0062959287,6.3356843,-0.010477626865708774,-0.016806991400239536,0,0
2013-09-19,-0.00014554981,0.006581969,0.005538191,0.008141628,6.3889837,-0.010486238484938876,-0.016800441918108953,0,0
2013-09-20,-0.008771986,0.00648767,0.005308605,0.007526658,5.2354364,-0.010293338229367666,-0.016647219582344976,0,0
2013-09-23,-0.0057433336,0.006474965,0.005556333,0.0075109205,5.4388094,-0.01027317967294297,-0.016614617533545338,0,0
2013-09-24,-0.00014769958,0.006511528,0.0056276144,0.0074516837,5.6201787,-0.01033119139800553,-0.016708438789968423,0,0
2013-09-25,-0.003996157,0.0064875185,0.0036858425,0.0073531275,5.7375298,-0.010293097535588647,-0.016646830312887183,0,0
2013-09-26,0.003996157,0.006435584,0.00438766,0.0073685125,5.566779,-0.010210697920555787,-0.01651356698719182,0,0
2013-09-27,-0.0035513502,0.0064122113,0.005789719,0.0073561003,5.491919,-0.010173614791038016,-0.016453593149149508,0,0
2013-09-30,-0.007290072,0.006503832,0.006013325,0.0073732436,5.322042,-0.010318980260607591,-0.016688689950371014,0,0
2013-10-01,0.009067323,0.0066160634,0.005872661,0.007373757,5.3956685,-0.010497046604161907,-0.016976673251348783,0,0
2013-10-02,-0.003854712,0.0065644737,0.007116761,0.007374388,5.5782013,-0.010415194431746738,-0.016844295294157048,0,0
2013-10-03,-0.007904001,0.0066919704,0.0076385085,0.0073047928,5.693705,-0.010617481265462641,-0.01717144993188946,0,0
2013-10-04,0.00894327,0.0068637286,0.004722371,0.007292223,5.8714457,-0.010889992771366704,-0.017612177592480394,0,0
2013-10-07,-0.010141772,0.006813342,0.0043590274,0.0073556774,5.8273687,-0.010810049861634726,-0.017482887449408742,0,0
2013-10-08,-0.01039714,0.0070673916,0.008941251,0.0073702834,6.0568547,-0.011220541544909047,-0.018120284173908645,0,0
2013-10-09,-0.0010608473,0.0074045146,0.007820148,0.0074114604,6.194227,-0.01177358183951998,-0.01894880272349474,0,0
2013-10-10,0.021748139,0.0073881284,0.00993777,0.007406923,5.9575515,-0.011722005110373225,-0.018957775278481317,0,0
2013-10-11,0.008274279,0.007179388,0.009794802,0.0077398443,5.371847,-0.011390817709354725,-0.018422152211910837,0,0
2013-10-14,0.0030852887,0.0070556467,0.007913968,0.0076807225,5.6640906,-0.0111944903088291,-0.01810463565180633,0,0
2013-10-15,-0.00721387,0.0070115435,0.0066187046,0.0076559177,5.659719,-0.01112451537905827,-0.01799146653259574,0,0
2013-10-16,0.01248089,0.0070616445,0.008131675,0.007683984,5.5417256,-0.011204005856874802,-0.01812002496616026,0,0
2013-10-17,0.008427832,0.0068795225,0.0073087034,0.007887201,5.271623,-0.0109150511654357,-0.017652704055242236,0,0
2013-10-18,0.005051609,0.0066878805,0.0043332414,0.0079034595,5.32976,-0.010610991582067457,-0.017160954290719205,0,0
2013-10-21,0.0010072668,0.006526483,0.0031506978,0.00784888,5.435307,-0.010354918737379279,-0.016746812563360292,0,0
2013-10-22,0.0064511728,0.0064483066,0.0062161637,0.0078732,5.293283,-0.01023088362289541,-0.016546212938561886,0,0
2013-10-23,-0.004439678,0.006470798,0.005427631,0.007842086,5.3950043,-0.010266568737794446,-0.016603925794227172,0,0
2013-10-24,0.0038679226,0.0064489036,0.0042960783,0.007907299,5.207042,-0.010231831015326357,-0.01654774513826981,0,0
2013-10-25,0.0031406165,0.006383498,0.004804165,0.0078104297,5.381515,-0.010128058516607738,-0.016379915855457682,0,0
2013-10-28,0.0028465718,0.00637052,0.003907509,0.0077227657,5.5179067,-0.010107468340135704,-0.016346615755788243,0,0
2013-10-29,0.0048206532,0.006339665,0.004872405,0.007631267,5.675218,-0.010058513397156582,-0.016267441860278866,0,0
2013-10-30,-0.0039682593,0.006336377,0.008182381,0.007553858,5.876001,-0.010053296857171467,-0.01625900524966167,0,0
2013-10-31,-0.0054108063,0.0063874107,0.0049899234,0.00747583,6.0568976,-0.01014097378759212,-0.016376850055378984,0,0
2013-11-01,0.0021393434,0.0063307714,0.005738218,0.0074163834,6.265005,-0.01007368897425249,-0.01618560280614393,0,0
2013-11-04,0.004690507,0.0063261064,0.0029264737,0.007429952,5.9994264,-0.010037001164440866,-0.016232650536633902,0,0
2013-11-05,-0.0036937108,0.006207779,0.004963557,0.007473511,5.7795677,-0.009849262731398105,-0.015929024749812726,0,0
2013-11-06,0.0051107435,0.0062239654,0.004918966,0.007425126,5.8203263,-0.009874944576646588,-0.015970559508275393,0,0
2013-11-07,-0.011536124,0.006182483,0.011191598,0.0074540125,5.6707873,-0.009809128401042554,-0.015864116262854337,1,0
2013-11-08,0.01181929,0.006298803,0.01024603,0.0075370315,5.9842997,-0.00999368080853673,-0.016162589351326306,0,0
2013-11-11,0.0008490166,0.0062400624,0.0029970019,0.007648969,5.8081417,-0.00990048345340979,-0.016011863046533806,0,0
2013-11-12,-0.0014154284,0.006079146,0.0044042626,0.0075733433,5.939961,-0.009645174313794887,-0.015598956444822929,0,0
2013-11-13,0.00776018,0.0060737226,0.010062648,0.0075176284,6.0415597,-0.0096412470803689,-0.015575919591656676,0,0
2013-11-14,0.0050469753,0.0062699663,0.0037337756,0.0075199534,6.129901,-0.009962666983376,-0.01605948099167799,0,0
2013-11-15,0.003211172,0.0062105744,0.0031749979,0.007564655,5.849959,-0.009853698373897156,-0.01593619842982062,0,0
2013-11-18,-0.0026519662,0.006184913,0.0056839064,0.007511801,5.9997663,-0.009812984025826,-0.015870351891274087,0,0
2013-11-19,-0.0019585905,0.006235898,0.004405905,0.007505683,5.884833,-0.00989387613771659,-0.016001177160891694,0,0
2013-11-20,-0.0030855564,0.006238212,0.007565431,0.007537825,5.609202,-0.009897548075142364,-0.016007115715251555,0,0
2013-11-21,0.007835495,0.0062637627,0.0060493466,0.0074981353,5.6981425,-0.009938086879630326,-0.01607267835050932,0,0
2013-11-22,0.0041724676,0.006196068,0.0034538559,0.0074683917,5.9596925,-0.00983068225749449,-0.015898974903773958,0,0
2013-11-25,0.0006937219,0.006113379,0.00421041,0.0075121466,5.658726,-0.009699487860380574,-0.01568679670773474,0,0
2013-11-26,-0.00027743098,0.006110517,0.0032253824,0.0074664443,5.747784,-0.00969494634881331,-0.01567945180770218,0,0
2013-11-27,0.0012478338,0.006087654,0.0023232484,0.0074440036,5.718234,-0.00965867216756036,-0.015620786266258613,0,0
2013-11-29,-0.00013857133,0.006064485,0.0038101233,0.0074530495,5.538064,-0.009621912074430219,-0.015561334868804389,0,0
2013-12-02,-0.0023586552,0.0061117057,0.004138588,0.0072092786,5.880906,-0.009696832989900726,-0.01568250303634691,0,0
2013-12-03,-0.0045945086,0.0061598425,0.0053060516,0.0071186465,6.0368657,-0.009777421198476943,-0.015797812706448738,0,0
2013-12-04,0.00013953813,0.0062365998,0.008598214,0.007091775,6.0541983,-0.009901233428850105,-0.015990786306034427,0,0
2013-12-05,-0.0043347618,0.0062709083,0.003839121,0.0055736257,8.224218,-0.010108815107694295,-0.015699195464969423,0,0
2013-12-06,0.011702558,0.0062271683,0.004796108,0.0058227917,8.423743,-0.010046506539313098,-0.01556374863242726,0,0
2013-12-09,0.0022136145,0.006192831,0.0024958816,0.007012618,6.4548063,-0.009872378600970327,-0.01579380105294383,0,0
2013-12-10,-0.003322262,0.006105891,0.0035029529,0.006934853,6.579365,-0.009744641438534004,-0.015547706155491121,0,0
2013-12-11,-0.01241732,0.0061251195,0.007878631,0.0068716975,6.6923685,-0.009784647988636704,-0.015575126242449893,1,0
2013-12-12,-0.0032342009,0.006368953,0.004438163,0.007011595,6.5360503,-0.010160614034414647,-0.016226305055707158,0,0
2013-12-13,-0.00014085499,0.006377456,0.0044542146,0.0069474364,6.6499963,-0.01018417084593195,-0.016225113043930595,0,0
2013-12-16,0.0065988307,0.0064134286,0.012165079,0.006903298,6.5390325,-0.010231837335849623,-0.016339005979029295,0,0
2013-12-17,-0.0075853714,0.0065855226,0.004516749,0.006875529,6.755194,-0.01052546206968316,-0.016733249564971305,0,0
2013-12-18,0.01774905,0.0064896466,0.014247934,0.006952369,6.556531,-0.010355031064882194,-0.016529570859533514,0,0
2013-12-19,-0.0015249188,0.0065069743,0.0045618056,0.007190832,6.1558948,-0.010342193747370589,-0.01666060333992204,0,0
2013-12-20,0.0069127884,0.006355671,0.0044327914,0.0071427147,6.109179,-0.010096535100962313,-0.016283646485131385,0,0
2013-12-23,0.004536402,0.006318302,0.0022811855,0.0071442146,6.172952,-0.01004416408637157,-0.016173759432952458,0,0
2013-12-24,0.0034230198,0.006189914,0.002762914,0.007172858,5.9701695,-0.009820917871895294,-0.0158831831491911,0,0
2013-12-26,0.004092217,0.00612595,0.0021587259,0.007120687,6.018738,-0.0097215733145375,-0.01571489457709279,0,0
2013-12-27,0.0,0.0060649416,0.0025987756,0.0070749037,6.0798345,-0.009631518430148438,-0.015545096035061576,0,0
2013-12-30,-0.0009533538,0.006077434,0.0018785733,0.0069838823,6.195108,-0.009663541837341886,-0.015552501892485672,0,0
2013-12-31,0.00340067,0.006064251,0.0043237633,0.0069936,6.1023755,-0.009632859928676303,-0.015538470932715471,0,0
2014-01-02,-0.007907335,0.0061298124,0.006265822,0.006966531,6.626003,-0.009786731413042224,-0.015599650429572808,0,0
2014-01-03,-0.00054764515,0.0061989375,0.004801787,0.006407531,8.91968,-0.010018906301438762,-0.01543370737271323,0,0
2014-01-06,-0.002605418,0.0061720205,0.0058042514,0.005990681,8.835498,-0.009972580363289553,-0.015376299588262525,0,0
2014-01-07,0.0054772147,0.006168899,0.004560905,0.005802315,8.827402,-0.009967261783146173,-0.015369456632996702,0,0
2014-01-08,0.0009554358,0.006122454,0.003524258,0.0060188253,9.200854,-0.009904087050488624,-0.015212648215206584,0,0
2014-01-09,0.00027281407,0.0060874135,0.0056785257,0.0057295617,9.137356,-0.009845498454857129,-0.015132304431095176,0,0
2014-01-10,0.0025880283,0.006118534,0.0060758605,0.0055016186,9.027751,-0.00989243110676764,-0.015221540863466129,0,0
2014-01-13,-0.01245653,0.0060873963,0.008039716,0.005442475,8.54231,-0.009825503900577896,-0.0151998664427716,1,0
2014-01-14,0.009868501,0.006142921,0.0059138383,0.0067546964,8.416593,-0.009910307482096533,-0.015354084319799025,0,0
2014-01-15,0.004626488,0.006154602,0.004665396,0.0067902836,8.817873,-0.009943837625057904,-0.015334934537607451,0,0
2014-01-16,-0.0028550085,0.0061452645,0.003082143,0.006746957,9.1239805,-0.009938653471263577,-0.015277552899339127,0,0
2014-01-17,-0.0010897699,0.006135453,0.005042005,0.0066892426,9.344949,-0.009929329077062263,-0.015229900829536899,0,0
2014-01-21,0.0023143431,0.0061808177,0.006667691,0.0066516777,9.053888,-0.009993961009538269,-0.0153736016926501,0,0
2014-01-22,0.0,0.0062087174,0.0032507675,0.006592797,9.187888,-0.01004323869523901,-0.01542838172571352,0,0
2014-01-23,-0.007781078,0.006118397,0.010570914,0.0065522986,8.890701,-0.00988778070935728,-0.01523644289086197,0,0
2014-01-24,-0.023432614,0.0062504318,0.012016108,0.00655525,9.337183,-0.01011517871876356,-0.015516124244565364,1,1
2014-01-27,-0.00351346,0.006526919,0.009710488,0.0068470566,7.811539,-0.010501539792479397,-0.016400418408227046,0,0
2014-01-28,0.007014619,0.0065804003,0.008423703,0.006797078,7.931215,-0.010593761598047544,-0.016516575830132742,0,0
2014-01-29,-0.009551976,0.006502071,0.011998213,0.00678738,8.246803,-0.010482454406585247,-0.0162747825457058,0,0
2014-01-30,0.005629853,0.006698119,0.009543874,0.006836531,8.400323,-0.010805304975416995,-0.016744021076901844,0,0
2014-01-31,-0.0026702285,0.0067643505,0.010476367,0.006830267,8.370179,-0.010910832429340421,-0.01691378576750886,0,0
2014-02-03,-0.024935395,0.0069604362,0.013341606,0.0067716767,8.517263,-0.011233586502891383,-0.017383272588353746,1,1
2014-02-04,0.0063282247,0.0073237824,0.007659867,0.0071129925,6.847892,-0.011713843063497886,-0.018588815419117236,0,0
2014-02-05,0.0001433589,0.0072948607,0.0076132207,0.007135569,6.7322383,-0.011657038113932367,-0.018540692816082262,0,0
2014-02-06,0.012818863,0.0074287327,0.0069370703,0.0071075456,6.516167,-0.011849218558568428,-0.018931048267032066,0,0
2014-02-07,0.01516883,0.007160069,0.011107142,0.0071926895,6.6981897,-0.011438485990391826,-0.01820554649647312,0,0
2014-02-10,0.00069671846,0.006966486,0.003801095,0.0073479763,6.7493677,-0.011133829246094226,-0.01770247309819027,0,0
2014-02-11,0.010392943,0.0067737275,0.007624099,0.007265377,6.726892,-0.010823812751477167,-0.017217277952679525,0,0
2014-02-12,0.0019281097,0.0067438614,0.0044892873,0.0073009236,7.0288305,-0.010800535198236871,-0.01708161662364704,0,0
2014-02-13,0.003982154,0.006615782,0.009298397,0.0072411755,7.110031,-0.010601312650022666,-0.016742161870216994,0,0
2014-02-14,0.0058755376,0.006628227,0.007930238,0.007191222,7.279029,-0.010632894197587579,-0.01674322442459323,0,0
2014-02-18,0.0013614706,0.0065623512,0.0030860072,0.0071652066,7.519058,-0.01054220129793103,-0.016536071898675158,0,0
2014-02-19,-0.00655203,0.0064109517,0.0071578454,0.0070979465,7.60478,-0.010303863250248764,-0.016140895308486114,0,0
2014-02-20,0.0058715264,0.006542143,0.008184568,0.007106954,7.5769362,-0.010513119211395925,-0.016475697885212134,0,0
2014-02-21,-0.0010897699,0.006527809,0.004286395,0.0071288953,7.3701406,-0.01047764282514484,-0.016473903227417663,0,0
2014-02-24,0.0063854572,0.006477271,0.009907087,0.0070665656,7.3531437,-0.010395462572619644,-0.016349237107827264,0,0
2014-02-25,0.00013541878,0.0065344856,0.0052480334,0.007084667,7.2347913,-0.010479593718331485,-0.01651416411347397,0,0
2014-02-26,-0.002304617,0.0064539053,0.0055410676,0.0071294666,7.107116,-0.010341713866506678,-0.016333031921761915,0,0
2014-02-27,0.0064935293,0.0064903717,0.008117546,0.0070201,7.1702633,-0.01040451172699541,-0.01641403371852939,0,0
2014-02-28,0.0018860304,0.006517666,0.008033981,0.007064279,7.0743237,-0.01044155855342548,-0.01650034574299152,0,0
2014-03-03,-0.007836819,0.0065347604,0.006548458,0.007053749,7.1309166,-0.010472946538064501,-0.016533351097579006,0,0
2014-03-04,0.01534557,0.006676432,0.007420932,0.007004549,7.4011707,-0.010718175947148594,-0.016843601355412,0,0
2014-03-05,0.00053418806,0.006563353,0.002869732,0.007161954,7.2385135,-0.010526137960992504,-0.016586460897477215,0,0
2014-03-06,0.0020006676,0.006450546,0.0036770077,0.0071253087,7.042562,-0.0103317684914213,-0.016336174664218855,0,0
2014-03-07,0.00093227683,0.0064320434,0.0068457155,0.0070605786,7.14436,-0.010309247948861384,-0.0162710891103085,0,0
2014-03-10,-0.0003994408,0.006539953,0.0048754895,0.0069949245,7.1959324,-0.010485746112769099,-0.01653485032384672,0,0
2014-03-11,-0.0064128474,0.0064995326,0.0062833885,0.00693615,7.1587687,-0.010418410868324613,-0.016439245694365088,0,0
2014-03-12,0.0013394055,0.0065463115,0.005706462,0.006928993,7.2785144,-0.01050145273613497,-0.01653639118226781,0,0
2014-03-13,-0.01130716,0.0066010286,0.010408314,0.0068807495,7.1675925,-0.010581716870395934,-0.016694364506175265,1,0
2014-03-14,-0.0036617657,0.0067830915,0.004773337,0.006949947,7.399876,-0.010889320607968852,-0.01711291315511201,0,0
2014-03-17,0.009600506,0.006811111,0.010717253,0.0069069406,7.45034,-0.010937533230075501,-0.017174767108649697,0,0
2014-03-18,0.003224509,0.00682127,0.007138671,0.0069427835,7.740264,-0.010971181649889802,-0.01715155071576105,0,0
2014-03-19,-0.0061894706,0.0067044366,0.0088919215,0.006898516,7.7520566,-0.010783921334438498,-0.016855899498186746,0,0
2014-03-20,0.007395986,0.0067457138,0.0066607003,0.0068829614,7.9430323,-0.010860507844606005,-0.016929689468733137,0,0
2014-03-21,-0.00483482,0.0066923983,0.007624679,0.006898521,8.117387,-0.010783270298464891,-0.0167698456090683,0,0
2014-03-24,-0.00404695,0.006729406,0.009224486,0.006876194,8.062887,-0.010840257683250398,-0.016870650404215766,0,0
2014-03-25,0.005257848,0.0067476598,0.00551462,0.0068558683,7.874932,-0.010860092368474782,-0.01694511678600974,0,0
2014-03-26,-0.009049836,0.006663031,0.008785424,0.0068286285,8.023017,-0.010731388976470961,-0.016710160284662566,0,0
2014-03-27,-0.0010860713,0.006747921,0.0053577214,0.006892319,8.111032,-0.010872426476327286,-0.01690991348885479,0,0
2014-03-28,0.005418599,0.006665474,0.00646223,0.0068152547,8.195849,-0.01074356014382277,-0.016691039041421017,0,0
2014-03-31,0.007537048,0.0066588316,0.0037822865,0.006797284,8.330688,-0.010738914129686746,-0.016655402781313416,0,0
2014-04-01,0.0070813308,0.006542577,0.004419978,0.006826803,8.541228,-0.01056015568914849,-0.016336566219545105,0,0
2014-04-02,0.002791998,0.006448885,0.003334169,0.0068443497,8.668378,-0.01041382239670048,-0.016086532018344167,0,0
2014-04-03,0.0,0.00639032,0.0045091095,0.006808724,8.319901,-0.010305421660876309,-0.015985226214757488,0,0
2014-04-04,-0.012289762,0.0063728536,0.011289615,0.006726909,8.280878,-0.010275599329340192,-0.015946754815748934,1,0
2014-04-07,-0.011898464,0.0064902473,0.006997505,0.006874768,8.450278,-0.010472031628388865,-0.01621776361688753,1,0
2014-04-08,0.0038012536,0.0065226126,0.0068081454,0.0069682836,8.442747,-0.010523943220027842,-0.016299635867113613,0,0
2014-04-09,0.010647719,0.006500307,0.005603637,0.006935224,8.581025,-0.010493495672141053,-0.016225894308492025,0,0
2014-04-10,-0.020451719,0.006513143,0.010527313,0.007002956,8.455849,-0.010509202055955182,-0.016274238700346423,1,1
2014-04-11,-0.008382048,0.006689498,0.007469127,0.010106292,7.4060435,-0.010739460422188377,-0.016875721665378512,0,0
2014-04-14,0.0070127477,0.0067500193,0.007265728,0.009517545,7.8600936,-0.010863104019395052,-0.016953362662787436,0,0
2014-04-15,0.008187818,0.0067902007,0.01252107,0.0071383985,9.362104,-0.010989482968282574,-0.016853216788421367,0,0
2014-04-16,0.0071772262,0.0068612187,0.005339796,0.0071594883,9.319938,-0.011103070800508232,-0.017034336425290536,0,0
2014-04-17,0.0028296185,0.006712139,0.0060119582,0.0073009394,8.797833,-0.010843888196919496,-0.016726630149229448,0,0
2014-04-21,0.0034922801,0.006662497,0.0029364303,0.007280247,8.517087,-0.01075272859527861,-0.016639209751713256,0,0
2014-04-22,0.005082263,0.00655159,0.005985703,0.0072696623,8.213723,-0.010560806815540644,-0.016403350198897538,0,0
2014-04-23,-0.00053376035,0.006570354,0.004999242,0.007252955,8.219654,-0.010591321913746059,-0.016449498126699377,0,0
2014-04-24,0.0,0.0065532452,0.0067933453,0.0072445287,7.7765045,-0.010542043222299928,-0.016471980642007007,0,0
2014-04-25,-0.006964936,0.006593768,0.006683797,0.0071824966,7.8957357,-0.010613479264865359,-0.016555490926167052,0,0
2014-04-28,0.0032206147,0.006607932,0.010466327,0.0071151783,8.201705,-0.010651080898324844,-0.016546118219369504,0,0
2014-04-29,0.0030767198,0.0066159214,0.003370988,0.00708923,8.268426,-0.010666968081962732,-0.016556720204067538,0,0
2014-04-30,0.0033335586,0.006466714,0.0046628583,0.007078887,8.033117,-0.010415685478181808,-0.01621636101033414,0,0
2014-05-01,-0.0001331292,0.00646635,0.004198115,0.0070495377,8.148704,-0.010420479958356852,-0.016198998884948735,0,0
2014-05-02,-0.0017322944,0.0064348103,0.0050770068,0.007041077,7.741123,-0.01034965323108152,-0.016179694932370862,0,0
2014-05-05,0.00066662225,0.0064395806,0.0073721893,0.007035853,7.3771935,-0.01033646553108302,-0.01625006333734286,0,0
2014-05-06,-0.006149752,0.006436707,0.0060250177,0.007031788,6.998372,-0.010306408616951935,-0.016309186317370293,0,0
2014-05-07,0.005349752,0.006414248,0.0072999005,0.007015622,7.185887,-0.010283528766683994,-0.016218785150165983,0,0
2014-05-08,-0.0010676633,0.006388818,0.007402441,0.006998612,7.278733,-0.010248819410380508,-0.016138516272656563,0,0
2014-05-09,0.0006674231,0.00637648,0.004605084,0.0069432408,7.1801367,-0.010222595532239717,-0.01612428614076477,0,0
2014-05-12,0.010222459,0.0062781875,0.004249758,0.0068802433,7.2385497,-0.010068800161569065,-0.01586580547994457,0,0
2014-05-13,0.00079218386,0.006189516,0.002412592,0.0069508655,7.507863,-0.009942626167650776,-0.015598331284229246,0,0
2014-05-14,-0.004762544,0.0061026774,0.004662926,0.006895579,7.603823,-0.00980834511515894,-0.015364894970958155,0,0
2014-05-15,-0.009593678,0.006250554,0.009294757,0.006871085,7.3342595,-0.01003045202793756,-0.015780075418402355,0,0
2014-05-16,0.0040085567,0.0063717533,0.0048458385,0.0069392193,7.587936,-0.010239922547490676,-0.016044853557678852,0,0
2014-05-19,0.0039925524,0.0063081295,0.006197664,0.0069109914,7.662843,-0.010141761841305027,-0.015873058461251383,0,0
2014-05-20,-0.00759953,0.006299995,0.005955482,0.0068956795,7.4023886,-0.01011392546486425,-0.015893709603316368,0,0
2014-05-21,0.009059481,0.006288764,0.0051903557,0.006906694,7.7486563,-0.010115145733904794,-0.015811348017998227,0,0
2014-05-22,0.0027812745,0.0062450934,0.0036280125,0.0069177845,8.154603,-0.010064185273010421,-0.01564392380824958,0,0
2014-05-23,0.0035645955,0.0061915494,0.0028873049,0.006897817,8.028157,-0.009972261401165283,-0.015527023800198506,0,0
2014-05-27,0.006436804,0.006143809,0.0031352502,0.006871116,8.116956,-0.009899324614625315,-0.015395244864277605,0,0
2014-05-28,-0.00013095004,0.0060945065,0.003509932,0.006859077,8.452353,-0.009833582832774256,-0.015228634638493894,0,0
2014-05-29,0.004703432,0.0060777143,0.0029355427,0.006824754,8.497299,-0.009808194440617531,-0.015181159169045165,0,0
2014-05-30,0.0018231545,0.006029868,0.0025637448,0.006810711,8.5740385,-0.009733808985093339,-0.015052428987895269,0,0
2014-06-02,0.00013009823,0.0060025007,0.0038656332,0.006144674,7.9732714,-0.009665319917608692,-0.015060333110029814,0,0
2014-06-03,0.0001300813,0.006012501,0.002757762,0.006636534,8.137311,-0.009688622384091426,-0.015063542029084488,0,0
2014-06-04,0.0019491917,0.0059842844,0.003930294,0.006581902,8.090502,-0.009641154045597717,-0.014998980200885827,0,0
2014-06-05,0.006598976,0.005991837,0.0059010237,0.0065253973,8.143828,-0.009655599393694134,-0.01501092033483723,0,0
2014-06-06,0.005530205,0.0059790676,0.002691262,0.006569298,7.9960227,-0.009628607854977558,-0.014998472462118972,0,0
2014-06-09,0.00051288627,0.0058551156,0.0032475498,0.006581209,7.8265095,-0.00942133871101865,-0.014710302885154652,0,0
2014-06-10,0.00012818047,0.005836389,0.003152115,0.0065593775,7.5091662,-0.009375444320002058,-0.01470821705247878,0,0
2014-06-11,-0.0033380438,0.0058053774,0.0040019676,0.0064924574,7.5833254,-0.009329475305571334,-0.014619312017882044,0,0
2014-06-12,-0.006968669,0.005913147,0.0072442577,0.006482697,7.3548503,-0.009490189618992086,-0.0149250711629881,0,0
2014-06-13,0.0027158116,0.0060631637,0.0034911865,0.006529895,7.193045,-0.00972111005668826,-0.015329866971941115,0,0
2014-06-16,0.0003873717,0.0060136616,0.005160764,0.006537673,7.063352,-0.00963339866540446,-0.015226238521645683,0,0
2014-06-17,-0.0014210971,0.006056341,0.00412286,0.0065087005,6.8584113,-0.009687437533818531,-0.015369985380015888,0,0
2014-06-18,0.007855298,0.0060213953,0.0058289017,0.006497138,6.602925,-0.009611744131096157,-0.015328088445803037,0,0
2014-06-19,0.00064114894,0.0059829634,0.002907268,0.006512908,6.7637095,-0.009563054749214994,-0.01520066080305512,0,0
2014-06-20,0.0015370824,0.005911658,0.0027646334,0.00651647,6.4915867,-0.009427316731378857,-0.015069674322591466,0,0
2014-06-23,-0.000128,0.0058967825,0.0035258268,0.00586892,7.0588303,-0.009445873870573954,-0.01493105560961152,0,0
2014-06-24,-0.0050048227,0.0058835195,0.0068853376,0.0056882123,7.150923,-0.009430485828405595,-0.014882431473238348,0,0
2014-06-25,0.0032111004,0.005968497,0.005335219,0.005819801,7.0219736,-0.009558303515442393,-0.015118845020809926,0,0
2014-06-26,-0.00038478806,0.005924374,0.005909638,0.005788826,6.7542605,-0.009468695245608241,-0.015053493701431457,0,0
2014-06-27,0.0016663466,0.005929591,0.0039040307,0.0056728516,6.386518,-0.009446663198313655,-0.01513573531590908,0,0
2014-06-30,0.00025611473,0.005880395,0.0031600515,0.0055905473,6.119625,-0.009342599350941751,-0.015063787868110004,0,0
2014-07-01,0.006763249,0.0058430308,0.005523511,0.005469313,5.982208,-0.00927055344889339,-0.01499308926556807,0,0
2014-07-02,0.0010169061,0.0058512813,0.0019192598,0.0058283787,6.1280746,-0.009297210585863438,-0.014987464976493866,0,0
2014-07-03,0.0049426625,0.0057538697,0.0032146072,0.0056500183,6.2267976,-0.00915210095169129,-0.014718189489795511,0,0
2014-07-07,-0.0032923925,0.0057537537,0.0033563653,0.0057189805,6.5096498,-0.009177002657505479,-0.014663809763777168,0,0
2014-07-08,-0.0053414856,0.0057640136,0.0056653256,0.005676293,6.2133303,-0.009166943801989038,-0.014746809744299573,0,0
2014-07-09,0.0034370858,0.005822488,0.0028998102,0.0057986006,6.2687783,-0.009265252743796937,-0.014885350703425181,0,0
2014-07-10,-0.004840774,0.005811166,0.007716765,0.0057444405,6.141585,-0.009234837483209512,-0.014881953175471188,0,0
2014-07-11,0.002423316,0.0059515443,0.0034063612,0.0057879887,6.3921986,-0.009482151879035531,-0.015190653904460602,0,0
2014-07-14,0.0043218574,0.0059001404,0.003205099,0.0056379074,5.994763,-0.0093611637983278,-0.015139631655398807,0,0
2014-07-15,-0.0015232295,0.0058696712,0.0062052514,0.005678521,6.167894,-0.00933047209518142,-0.015026378274084096,0,0
2014-07-16,0.0034240095,0.005938051,0.0033197745,0.0055479803,6.0200286,-0.009423530118301248,-0.01523260182483528,0,0
2014-07-17,-0.0108191725,0.005873241,0.008160979,0.0055471403,6.0024114,-0.009318750165832642,-0.015070093737926045,1,0
2014-07-18,0.009172039,0.0060280254,0.009036799,0.006511357,6.1700006,-0.009582410044474358,-0.01543132253143072,0,0
2014-07-21,-0.002666499,0.0060140206,0.00431657,0.0068908627,6.3926105,-0.009581728849691057,-0.015350036605801672,0,0
2014-07-22,0.004440223,0.005977899,0.0046219076,0.0065669785,6.173193,-0.0095030526702266,-0.015302337321521699,0,0
2014-07-23,0.0029071625,0.0059556887,0.0029714764,0.0064056716,6.3389325,-0.009483864645993262,-0.015211780474768044,0,0
2014-07-24,0.0,0.005918352,0.0032111416,0.006210831,6.427828,-0.009432446327106754,-0.015098998480883379,0,0
2014-07-25,-0.0046808864,0.005931435,0.003955568,0.006009726,6.3883033,-0.009449762045521315,-0.015140091545955282,0,0
2014-07-28,0.0007605527,0.0059783435,0.005432245,0.0060102185,6.6117177,-0.00954373874320075,-0.015216846740440954,0,0
2014-07-29,-0.005081312,0.006008999,0.005515679,0.0058412743,6.657601,-0.009596390710100098,-0.015286292103680654,0,0
2014-07-30,0.00101833,0.0060262405,0.006381767,0.005901133,6.86698,-0.009639913720333982,-0.015292074757432956,0,0
2014-07-31,-0.020696156,0.0060556657,0.008235472,0.0057331505,6.9471416,-0.009692727478301374,-0.015352605028591627,1,1
2014-08-01,-0.0032524585,0.006264055,0.0077254213,0.008247686,6.166656,-0.009957254669548884,-0.016036272464729044,0,0
2014-08-04,0.007012105,0.006431562,0.0073129344,0.0077729514,5.8006134,-0.010204316820820309,-0.016503246956303275,0,0
2014-08-05,-0.009883045,0.0063773585,0.007484628,0.007538301,5.960896,-0.010118317657468144,-0.016364162149769195,0,0
2014-08-06,0.00091437536,0.0065340186,0.0075765466,0.0076572774,6.2196674,-0.010392230421229264,-0.016715383668208784,0,0
2014-08-07,-0.004973832,0.00660366,0.009101157,0.0071760262,6.088228,-0.010488030537773313,-0.016923917108373907,0,0
2014-08-08,0.009663173,0.006731781,0.01272827,0.0069500413,6.169401,-0.010701062217091871,-0.017233029448343835,0,0
2014-08-11,0.004538095,0.0067398944,0.0058121746,0.0071703875,6.387266,-0.010737665448302304,-0.017203928986507983,0,0
2014-08-12,-0.0010354648,0.0065234397,0.005469351,0.0069303988,6.417397,-0.010395794046355556,-0.016644940271451084,0,0
2014-08-13,0.0073543973,0.0064483625,0.0041158516,0.0066090967,6.543658,-0.010287991044843257,-0.016427054967195015,0,0
2014-08-14,0.0044892016,0.0063625723,0.0040670284,0.0066558262,6.850554,-0.010176664399357044,-0.016148624075986294,0,0
2014-08-15,-0.00051203277,0.0062796003,0.00859816,0.006494235,6.895177,-0.010047322790294461,-0.015929806187940185,0,0
2014-08-18,0.0076530986,0.0063122036,0.002989152,0.0062502227,6.662766,-0.010081043294003663,-0.016056605848048265,0,0
2014-08-19,0.0049432893,0.0061526243,0.0030612142,0.0060518584,7.7776003,-0.009897628065877184,-0.015464834437408977,0,0
2014-08-20,0.0030299227,0.0061132293,0.0043111253,0.006344124,7.0478597,-0.009791851115965675,-0.01548099841688127,0,0
2014-08-21,0.0031464377,0.006116597,0.0034024017,0.006157767,7.1232834,-0.009802276092584314,-0.015476660207950575,0,0
2014-08-22,-0.0008800051,0.006075087,0.0035042618,0.006044381,6.91133,-0.009721265704743026,-0.015408145147741912,0,0
2014-08-25,0.0036407046,0.006065963,0.0035748945,0.0059083425,6.5358677,-0.00967722772210488,-0.015454406768059845,0,0
2014-08-26,0.0017528489,0.006046747,0.0035021752,0.0058465153,6.597466,-0.009651758799186718,-0.015393658221145213,0,0
2014-08-27,-0.0007508447,0.006041118,0.0023777315,0.0056985277,6.599971,-0.00964298215849331,-0.015378854206813617,0,0
2014-08-28,-0.00012519561,0.0060126246,0.004256487,0.0055429703,6.376606,-0.009578035189994024,-0.0153496573589788,0,0
2014-08-29,0.0023760407,0.00605875,0.0040094554,0.005413359,6.3573422,-0.009649714535346385,-0.015471290540885554,0,0
2014-09-02,-0.0008747267,0.0060721645,0.004768486,0.0053566652,6.38661,-0.009673811158112415,-0.015499646647759935,0,0
2014-09-03,-0.00050018757,0.006090811,0.0051770043,0.005231421,6.342523,-0.00969937446363644,-0.01555617125100819,0,0
2014-09-04,-0.0005004379,0.0060788654,0.006797567,0.005109007,6.2136517,-0.009667709117234174,-0.015552268162926685,0,0
2014-09-05,0.0041211424,0.006101837,0.0065503363,0.005010697,5.866921,-0.009681175226170905,-0.01565718003372419,0,0
2014-09-08,-0.00274554,0.0060642185,0.0041046697,0.0051543987,6.0805497,-0.009630447437421768,-0.01554308740088318,0,0
2014-09-09,-0.0053881467,0.0060217823,0.006196357,0.0051004416,6.204061,-0.00957595827501983,-0.015408219553759366,0,0
2014-09-10,0.0026350475,0.0060959044,0.0049554543,0.005410064,6.110534,-0.00968401840211031,-0.015617814078034972,0,0
2014-09-11,0.0010020041,0.0061576017,0.0050872583,0.005335441,5.859059,-0.009769651906692064,-0.015800271681519307,0,0
2014-09-12,-0.0061530927,0.0061942306,0.0053677405,0.005158938,5.7938833,-0.009827766786231344,-0.015894259767710018,0,0
2014-09-15,-0.00025195265,0.0062498115,0.0053905575,0.0055256556,6.027795,-0.009919183967408375,-0.016030594377429045,0,0
2014-09-16,0.0036471146,0.006326441,0.0073125944,0.005273522,6.054707,-0.010043924597086725,-0.016221026854535175,0,0
2014-09-17,0.0011291639,0.0063084667,0.007060278,0.005274588,6.0182767,-0.010011164944877405,-0.016183210992465537,0,0
2014-09-18,0.0053773657,0.006286,0.0039766147,0.0050635966,6.1088424,-0.009985819392684184,-0.01610521981253342,0,0
2014-09-19,-0.00037422817,0.0062022284,0.0056843837,0.005364232,6.0158587,-0.009842292195213842,-0.015911217956323907,0,0
2014-09-22,-0.008771986,0.0062220925,0.0053681666,0.0051176148,6.056563,-0.00987846937683765,-0.015953062443297052,0,0
2014-09-23,-0.007073416,0.0062972805,0.006017739,0.0060160975,5.9919987,-0.00999126572697207,-0.01615868348597725,0,0
2014-09-24,0.009462002,0.0063948804,0.0047877515,0.0062800585,6.006194,-0.010146858752569134,-0.016407685138779778,0,0
2014-09-25,-0.014927538,0.0063290237,0.00783814,0.006865659,6.262754,-0.0100706762362566,-0.016181619824862176,1,0
2014-09-26,0.0073651127,0.0065080486,0.006663036,0.008714988,6.2630196,-0.01035556719105004,-0.01663928014000096,0,0
2014-09-29,-0.0032948959,0.006480896,0.007552845,0.00823324,6.3544197,-0.010321768625156257,-0.016549889841160865,0,0
2014-09-30,-0.0020330376,0.006622341,0.0062899366,0.0074066934,6.386431,-0.01055030078002212,-0.016904050564234545,0,0
2014-10-01,-0.012672169,0.006658933,0.010183456,0.0067303884,6.238195,-0.010592947819433504,-0.017030701710723933,1,0
2014-10-02,-0.0011600181,0.0068342807,0.01003924,0.007915946,6.1579432,-0.01086265538198639,-0.017498155629689677,0,0
2014-10-03,0.011157538,0.006843392,0.007783745,0.0070969905,6.1604075,-0.010877426409332836,-0.017520893314808064,0,0
2014-10-06,-0.0021704445,0.006660139,0.0072207116,0.00776083,6.170765,-0.010587333076903096,-0.01704931309594366,0,0
2014-10-07,-0.014418376,0.0066730655,0.0084031075,0.007026802,5.970784,-0.010587486839196109,-0.017122940518404843,1,0
2014-10-08,0.017353736,0.006867834,0.012329785,0.0083924355,5.7790375,-0.010896505981221492,-0.01762271128254502,0,0
2014-10-09,-0.018910965,0.006741456,0.015483418,0.010176094,5.49605,-0.010695995395205637,-0.017298429336337597,1,1
2014-10-10,-0.016102986,0.006987646,0.0119332,0.012118946,5.8860807,-0.011086600679679906,-0.017930147812479324,1,0
2014-10-13,-0.015293868,0.007420632,0.0132055245,0.012682427,6.6206484,-0.011847087752352697,-0.018885872511760455,1,0
2014-10-14,0.0049462034,0.008126837,0.010153059,0.012843088,6.571067,-0.012969017103168048,-0.020695863115123156,0,0
2014-10-15,-0.01504798,0.008002418,0.02474085,0.0110444985,6.626448,-0.01277654147663535,-0.020365097627665592,1,0
2014-10-16,0.0020285354,0.008412472,0.02087927,0.011662729,6.6500044,-0.013433891938380398,-0.02140246685628683,0,0
2014-10-17,0.016347678,0.008295098,0.012256224,0.010076471,6.439558,-0.013221864727075454,-0.02115941326767835,0,0
2014-10-20,0.010050336,0.008028124,0.010872576,0.011557977,6.3337026,-0.012783362419751242,-0.020506517131523225,0,0
2014-10-21,0.019802628,0.007718404,0.016550837,0.010980608,6.324589,-0.012289082702313037,-0.01971774728568943,0,0
2014-10-22,-0.006730546,0.007488828,0.0074700424,0.013167418,6.471388,-0.011940230244950228,-0.01909499840662055,0,0
2014-10-23,0.010850016,0.0074474555,0.0102967825,0.011773112,6.301164,-0.011854920039083724,-0.01903144599530326,0,0
2014-10-24,0.0070409304,0.0073618945,0.009782492,0.011351773,6.333436,-0.01172247891544341,-0.018804808786840804,0,0
2014-10-27,-0.0014042257,0.007267741,0.0076160175,0.0103533855,6.3320117,-0.011572394149451255,-0.018564655131065425,0,0
2014-10-28,0.011684156,0.007194532,0.0049971114,0.009002283,6.2818766,-0.011450090649866422,-0.018389814352762077,0,0
2014-10-29,-0.0039218217,0.006969457,0.008425818,0.009579755,6.4558196,-0.011110550824126096,-0.017774229105548687,0,0
2014-10-30,0.008205563,0.0070079197,0.011362856,0.008597839,6.3739514,-0.01116324233800737,-0.017891167833385003,0,0
2014-10-31,0.011500127,0.007003504,0.0076034423,0.008466671,6.4770045,-0.011167000784429454,-0.01785624686523708,0,0
2014-11-03,-0.00024860163,0.006888556,0.0043021115,0.009120242,6.557283,-0.010991611920873749,-0.017545454643320652,0,0
2014-11-04,-0.0027387047,0.0068090353,0.0063399402,0.008064449,6.584299,-0.01086728364946576,-0.017337096292575068,0,0
2014-11-05,0.0065851016,0.006809282,0.0044437,0.0072826534,6.5346303,-0.010862950114793426,-0.01734844911902532,0,0
2014-11-06,0.0045715775,0.006691255,0.005781197,0.007147217,6.69068,-0.010688880993474505,-0.017015059768880122,0,0
2014-11-07,-0.0009866799,0.0066220346,0.0045187557,0.006729468,6.7123275,-0.010580173856649321,-0.016834648971587117,0,0
2014-11-10,0.003940892,0.0065355897,0.004177,0.006185154,6.3874416,-0.010412194925859397,-0.01668239292103277,0,0
2014-11-11,0.0012283504,0.006402023,0.0026498786,0.0059942473,6.086488,-0.010167588184594666,-0.016407555621305206,0,0
2014-11-12,-0.00024554943,0.006304346,0.0036506685,0.0055291117,6.1175013,-0.010015925049142838,-0.016150294224203554,0,0
2014-11-13,-0.0009828011,0.0063959872,0.005901897,0.0051230146,6.1050935,-0.010160118587229544,-0.01638786338299405,0,0
2014-11-14,0.001964637,0.00650337,0.0022169128,0.004857932,5.78926,-0.010318248225768396,-0.01668750604438848,0,0
2014-11-17,0.00085831655,0.006408235,0.0052908207,0.004718801,5.64361,-0.01016730608040901,-0.0164433901917821,0,0
2014-11-18,0.0042805667,0.0064895693,0.005649245,0.004519831,5.56406,-0.01029635142592455,-0.016652092767662455,0,0
2014-11-19,-0.0006103888,0.006499687,0.004386958,0.0048351875,5.7162704,-0.010312404615148471,-0.0166780552843944,0,0
2014-11-20,0.0023174982,0.0064980756,0.005861074,0.004595393,5.68239,-0.01030984746996236,-0.01667391966226011,0,0
2014-11-21,0.0047402093,0.0064930613,0.007166066,0.004543465,5.673799,-0.010301891907161125,-0.016661053282286755,0,0
2014-11-24,0.0027850112,0.006479276,0.00234189,0.004970475,5.5109735,-0.010280019538640712,-0.016625679517874112,0,0
2014-11-25,0.0,0.006323778,0.0035041736,0.0048926403,5.4527545,-0.010033306605419318,-0.016226675396798687,0,0
2014-11-26,0.0022948256,0.0063114446,0.0031975019,0.0046168165,5.484754,-0.010013738925076197,-0.01619502896061536,0,0
2014-11-28,-0.0028996035,0.0062595587,0.0030605318,0.004531446,5.6044574,-0.009931416223468962,-0.01606189002553621,0,0
2014-12-01,-0.00752979,0.006295239,0.003882444,0.0045340396,5.757793,-0.009988027219321294,-0.016153445909325225,0,0
2014-12-02,0.0074087908,0.006410836,0.0038170775,0.0055929474,6.0964913,-0.010182727942473727,-0.01642786373370689,0,0
2014-12-03,0.0031412374,0.0063015632,0.003966001,0.0061813416,6.3886704,-0.01003947247344236,-0.016084772823336008,0,0
2014-12-04,-0.00024128363,0.0062712347,0.0054593375,0.0057972292,6.3945007,-0.009991710527094372,-0.01600615182506889,0,0
2014-12-05,0.0019286409,0.006250247,0.0033460741,0.0053075794,6.496099,-0.009967671752449742,-0.015931878157018506,0,0
2014-12-08,-0.00797973,0.0061492925,0.0064991927,0.0050033266,6.4962287,-0.009806684696220848,-0.015674519613339065,0,0
2014-12-09,-0.0009715813,0.0062872767,0.009979663,0.005980382,6.353739,-0.010013335345211887,-0.016055598125227135,0,0
2014-12-10,-0.0151814865,0.006386007,0.008458866,0.005470909,6.4387083,-0.010178812702337238,-0.016289816654180948,1,0
2014-12-11,0.0022181156,0.006770347,0.011257711,0.008603731,6.2827454,-0.010775094503913877,-0.01730536178961344,0,0
2014-12-12,-0.016757049,0.007165684,0.0076405066,0.0076635373,5.929792,-0.01136907473636213,-0.018386987716417235,1,0
2014-12-15,-0.0036365956,0.007274891,0.013062959,0.010437571,6.007345,-0.01154334199789878,-0.018665271625503552,0,0
2014-12-16,-0.012642394,0.007389055,0.016613446,0.009107857,6.15109,-0.011743562526365561,-0.018920345953280956,1,0
2014-12-17,0.021771451,0.007705332,0.009362066,0.009929977,6.2317624,-0.012256728176731206,-0.01970864347041127,0,0
2014-12-18,0.025442287,0.007343905,0.012560809,0.013680611,6.085968,-0.011663401806592704,-0.018821613393824446,0,0
2014-12-19,0.003392298,0.007261112,0.006445423,0.017736658,6.160333,-0.011541375200705657,-0.01859038745106937,0,0
2014-12-22,0.0026573273,0.007054039,0.0034243348,0.014873968,6.1429963,-0.011210126040895298,-0.018064505713114548,0,0
2014-12-23,0.0031314008,0.006915774,0.004042553,0.012652279,5.8879676,-0.01097256792998276,-0.017745724821464522,0,0
2014-12-24,-0.00012025735,0.006830797,0.002209445,0.010828652,5.7728853,-0.01083774321917929,-0.017527675388340103,0,0
2014-12-26,0.0026423268,0.006766132,0.0030663977,0.009171431,5.712551,-0.010735146138577003,-0.017361747086827493,0,0
2014-12-29,0.0007194245,0.006729785,0.0043288576,0.007925366,5.65101,-0.010677477356906355,-0.017268480466210812,0,0
2014-12-30,-0.004324331,0.006762122,0.0041771424,0.0067426586,5.70797,-0.010728783136118145,-0.017351456324319232,0,0
2014-12-31,-0.011745609,0.006795017,0.008290959,0.0062934416,5.8422275,-0.010780974777020383,-0.01743586486964261,1,0
2015-01-02,-0.0030497126,0.007111883,0.0094512645,0.0082656555,5.9674306,-0.01128371440687458,-0.018248936083707222,0,0
2015-01-05,-0.014893499,0.0071874894,0.009975187,0.0074073155,5.665881,-0.011403671300072601,-0.018442940079008367,1,0
2015-01-06,-0.010721958,0.0074345656,0.011586981,0.009894887,5.8793726,-0.011795682742940081,-0.019076932708298248,0,0
2015-01-07,0.012456563,0.0076685823,0.0068097212,0.010050455,6.145135,-0.012187029298662801,-0.019637698756538285,0,0
2015-01-08,0.017425891,0.007525919,0.00807259,0.010688242,6.278221,-0.011977050373190287,-0.0192378022493863,0,0
2015-01-09,-0.009657186,0.0073739598,0.0090136565,0.012750879,6.7114453,-0.011781457204177495,-0.018746404576965928,0,0
2015-01-12,-0.0062842914,0.0074846735,0.010880761,0.011853374,7.0297728,-0.011987051637870137,-0.018957830879159216,0,0
2015-01-13,-0.0032190199,0.007681135,0.017548932,0.010531212,7.193095,-0.012315219289264922,-0.01942067412700883,0,0
2015-01-14,-0.0042251833,0.007834985,0.013181707,0.009137719,6.7814646,-0.012525042833528984,-0.019901824631009087,0,0
2015-01-15,-0.009258167,0.007862492,0.01605377,0.00813543,6.379798,-0.012525235827348142,-0.02007136190249206,0,0
2015-01-16,0.011994147,0.008076262,0.01196431,0.00855506,6.581085,-0.01288942936566809,-0.02056451243167067,0,0
2015-01-20,0.0018611582,0.007994988,0.01014266,0.009601169,7.0361156,-0.012804909591446593,-0.020248966280806566,0,0
2015-01-21,0.0048228623,0.0079768505,0.009046272,0.008279546,7.3652916,-0.012803094936147997,-0.02013178445747379,0,0
2015-01-22,0.014695342,0.0077716773,0.010505271,0.00755676,7.8126855,-0.012504376272721433,-0.01952795870085861,0,0
2015-01-23,-0.006096836,0.007590018,0.0058580507,0.009847173,8.605161,-0.012253721968148652,-0.018942398840821075,0,0
2015-01-26,0.004636982,0.007517368,0.008538023,0.008946803,8.488613,-0.012131097457325171,-0.018778497251809207,0,0
2015-01-27,-0.011509862,0.0073841275,0.012441694,0.008103228,8.534779,-0.011918183098570902,-0.018438833535957613,0,0
2015-01-28,-0.01914767,0.007456883,0.0134776635,0.009088433,9.048201,-0.012057054696172792,-0.01854832659640524,1,1
2015-01-29,0.013466538,0.007869829,0.010969547,0.012507869,9.027158,-0.012723896625280152,-0.01957845392585867,0,0
2015-01-30,-0.014974075,0.0077331616,0.0074282694,0.012611167,8.650216,-0.012486882345615104,-0.01929284026661104,1,0
2015-02-02,0.014230673,0.007997978,0.013555331,0.013104289,9.271948,-0.012940800091883975,-0.019863068367176665,0,0
2015-02-03,0.012318461,0.00799726,0.009920325,0.0132240765,10.792312,-0.01296447488114282,-0.019769152157816175,0,0
2015-02-04,-0.0058939266,0.0077816932,0.008627003,0.012811901,13.636118,-0.012615015367956624,-0.019236271470205533,0,0
2015-02-05,0.012240055,0.00785284,0.009486799,0.011125665,13.523838,-0.012730352916575734,-0.01941214635669841,0,0
2015-02-06,-0.0009737099,0.0077132755,0.008021285,0.0112779,14.444892,-0.012504102874529782,-0.019067144222178905,0,0
2015-02-09,-0.00512759,0.007723131,0.004758108,0.009511552,13.49957,-0.01252007966163443,-0.01909150676197789,0,0
2015-02-10,0.009623072,0.0077339914,0.006984863,0.008567754,13.113328,-0.012537685355189787,-0.019118353174033195,0,0
2015-02-11,0.0016957369,0.007730047,0.0089372555,0.008841252,13.679861,-0.01253129126437601,-0.019108603010191825,0,0
2015-02-12,0.008795767,0.0077398466,0.008421574,0.0076092663,12.802798,-0.012547177744231836,-0.019132827843083337,0,0
2015-02-13,0.0045481827,0.0075946376,0.0033361975,0.008015698,13.279503,-0.01231177713030059,-0.018773872266593383,0,0
2015-02-17,0.00119346,0.0074256295,0.0059251986,0.0072805025,13.194394,-0.012037795909283892,-0.01835608624006163,0,0
2015-02-18,-0.00023857808,0.007470977,0.0033645944,0.006338001,12.718889,-0.01211130938579678,-0.01846818481066762,0,0
2015-02-19,-0.00011931039,0.00734877,0.0041378555,0.0055483743,12.52659,-0.011913197225699154,-0.018166089317160183,0,0
2015-02-20,0.005592257,0.0073051197,0.008329509,0.004944974,11.925949,-0.011842435166299903,-0.01805818630280061,0,0
2015-02-23,-0.000118659154,0.0072531863,0.0028528515,0.005424736,12.151173,-0.011758245178594527,-0.01792980742958199,0,0
2015-02-24,0.0033171456,0.0071075405,0.003756699,0.0048778243,12.025764,-0.01152213729854634,-0.01756977336348023,0,0
2015-02-25,-0.0016571974,0.0069818636,0.0033603092,0.004804404,11.808171,-0.011318399925239392,-0.01725910014531562,0,0
2015-02-26,-0.0001184764,0.0069392174,0.004441886,0.004485263,11.8790045,-0.011249265928297872,-0.017153679716231923,0,0
2015-02-27,-0.0034419356,0.006882554,0.0028067143,0.004144769,11.754377,-0.011157408264372438,-0.017013608625682408,0,0
2015-03-02,0.005335876,0.006774545,0.0040782616,0.0043197977,11.762529,-0.010982313480815643,-0.01674661166283519,0,0
2015-03-03,-0.0043851924,0.0067006587,0.0057712775,0.0049389806,12.68299,-0.01086253484113765,-0.016563964685247637,0,0
2015-03-04,-0.003927408,0.0067348923,0.006112323,0.005048829,12.601213,-0.010918031599514093,-0.01664859008432225,0,0
2015-03-05,0.0015490024,0.006721062,0.0033171484,0.005068871,11.729563,-0.010895610926009868,-0.016614401448835713,0,0
2015-03-06,-0.01390743,0.0065970197,0.009629642,0.0046318374,11.881902,-0.01069452453465198,-0.016307770636244726,1,0
2015-03-09,0.003374717,0.0067778043,0.005478983,0.008592475,10.952533,-0.010987596876868209,-0.01675466816041267,0,0
2015-03-10,-0.017355857,0.006693993,0.006666469,0.007451639,11.144975,-0.010851729199019276,-0.01654748747462712,1,1
2015-03-11,-0.00122504,0.006845797,0.004619263,0.011399167,11.165768,-0.011097820672023662,-0.016922745232397247,0,0
2015-03-12,0.0119411675,0.0070798583,0.007097466,0.009421389,10.879758,-0.011477261347825727,-0.01750134332630897,0,0
2015-03-13,-0.006928013,0.0070742494,0.008873077,0.010212666,11.414423,-0.011468168167463051,-0.017487477399008692,0,0
2015-03-16,0.012965949,0.0071801515,0.010141727,0.009312092,11.070919,-0.011639847311431228,-0.017749265952000305,0,0
2015-03-17,-0.004948414,0.0071759354,0.004882834,0.010536816,11.428489,-0.011633012656282077,-0.01773884398436733,0,0
2015-03-18,0.012624153,0.007079358,0.014149874,0.0091708135,10.981753,-0.01147645027057229,-0.017500106538102588,0,0
2015-03-19,-0.005270736,0.007085484,0.0067312224,0.010346132,11.320278,-0.011486380691970773,-0.017515249150003003,0,0
2015-03-20,0.00849135,0.006969078,0.007845112,0.009063538,11.104386,-0.011297673145645313,-0.017227494479579566,0,0
2015-03-23,-0.0021459237,0.0069129383,0.0045433557,0.008920158,11.028926,-0.011206664538657398,-0.0170887180913564,0,0
2015-03-24,-0.0046653594,0.0068138787,0.005463509,0.00757379,10.812207,-0.011046077150427693,-0.016843843035355712,0,0
2015-03-25,-0.015101464,0.006780106,0.008374923,0.0069226036,10.809799,-0.010991328169831213,-0.016760357900954207,1,0
2015-03-26,-0.0025595725,0.0068941815,0.008515297,0.010171816,10.759803,-0.011176257159586811,-0.017042350759931258,0,0
2015-03-27,0.0019507443,0.006904406,0.005729517,0.008640791,10.235113,-0.011192832337714025,-0.017067625768864822,0,0
2015-03-30,0.011143526,0.0068356856,0.009628599,0.0073798606,10.249143,-0.01108142864037303,-0.01689774949821997,0,0
2015-03-31,-0.0071320944,0.006822419,0.005612223,0.008726007,10.610143,-0.01105992201126576,-0.016864954662553947,0,0
2015-04-01,-0.0037678562,0.006801838,0.009290475,0.008327432,10.520329,-0.011026558124787483,-0.016814079038634574,0,0
2015-04-02,0.003161097,0.006827665,0.0070257694,0.0073658675,10.2965975,-0.011068426928521625,-0.016877923564484976,0,0
2015-04-03,0.0,0.006743533,0.008876996,0.0065337503,10.570216,-0.010932039350997232,-0.016669950098746115,0,0
2015-04-06,0.0066541894,0.006740968,0.009826575,0.0056422097,10.6951275,-0.01092788099758653,-0.01666360914610007,0,0
2015-04-07,-0.0026563648,0.0066965893,0.0055975607,0.006160565,10.613991,-0.010855938192008757,-0.016553905646099782,0,0
2015-04-08,0.0039819055,0.0066086566,0.004880575,0.0055992655,9.915732,-0.010711238616900308,-0.016344794216269897,0,0
2015-04-09,0.0046855374,0.006745192,0.0064675636,0.0053965445,10.269294,-0.010934729156623356,-0.01667405170542014,0,0
2015-04-10,0.004663686,0.0067561436,0.00348249,0.0054395404,9.747984,-0.010945740426515246,-0.01672679196840206,0,0
2015-04-13,-0.0043041673,0.0066064447,0.0047378833,0.0054593924,10.915412,-0.010709803339562462,-0.016331068843216785,0,0
2015-04-14,0.0021543994,0.0066776806,0.005643365,0.0053896247,10.710307,-0.010825285210981092,-0.01650716380336553,0,0
2015-04-15,0.0041758697,0.0066537657,0.005680186,0.004969382,10.32783,-0.010786515549468198,-0.016448045069704344,0,0
2015-04-16,0.0004761338,0.006606143,0.005306594,0.0050317068,10.104085,-0.010709313823634268,-0.016330322394559445,0,0
2015-04-17,-0.012092335,0.006552752,0.010057672,0.00457196,9.552861,-0.010610807676510908,-0.01624338796418188,1,0
2015-04-20,0.007440332,0.0066651627,0.0057030316,0.0076654246,9.313059,-0.01078559086645109,-0.01654836242209796,0,0
2015-04-21,0.0,0.0065586665,0.0060553914,0.00768788,9.512826,-0.010619231849374305,-0.016262285809339725,0,0
2015-04-22,0.0044139647,0.006535464,0.0075571476,0.006633567,9.219063,-0.010572777810765004,-0.01623681441019886,0,0
2015-04-23,0.0032087495,0.006521481,0.00879381,0.0062528607,9.381483,-0.01055516112536194,-0.01618414853342892,0,0
2015-04-24,0.0022518528,0.006500391,0.0037355279,0.005768496,9.429259,-0.010522445543540338,-0.01612666707878274,0,0
2015-04-27,-0.0033202923,0.006386217,0.0060357526,0.0052958727,8.987389,-0.010323880575578294,-0.015892113397285402,0,0
2015-04-28,0.0034386707,0.006457494,0.007793198,0.0051051416,9.034962,-0.010440701371845895,-0.016063964539912646,0,0
2015-04-29,-0.006174325,0.006425005,0.006539134,0.0049904715,9.134684,-0.010391416671735963,-0.01597180025829679,0,0
2015-04-30,-0.009574032,0.0064523295,0.009110885,0.005591416,9.575794,-0.010448837282028124,-0.015992080723213824,0,0
2015-05-01,0.010764367,0.006550003,0.0049290373,0.0070634363,10.225814,-0.010618304372653375,-0.016191544719355834,0,0
2015-05-04,0.0036810585,0.0063982327,0.0052595977,0.008344211,10.811851,-0.010372267759192665,-0.015816370615314546,0,0
2015-05-05,-0.01204331,0.0063659167,0.0068519814,0.0073825517,10.92418,-0.010319879426960247,-0.01573648516521403,1,0
2015-05-06,-0.004689481,0.00645533,0.010538851,0.00899636,11.173897,-0.010464829313263124,-0.015957515047554095,0,0
2015-05-07,0.004809436,0.0065810406,0.010276559,0.008035909,11.1031685,-0.010668619858127788,-0.016268269345486655,0,0
2015-05-08,0.011567716,0.006585052,0.0071621076,0.0073368303,11.346778,-0.01067512282403594,-0.01627818552980526,0,0
2015-05-11,-0.0051114527,0.006439083,0.004740098,0.008794695,11.925004,-0.010438490824347396,-0.01591735224884797,0,0
2015-05-12,-0.0013117885,0.006411417,0.007312965,0.007973618,11.435975,-0.010393641037409153,-0.015848962108070463,0,0
2015-05-13,-0.00023869197,0.0064168917,0.0050264588,0.0068603484,11.366309,-0.01040251646758308,-0.015862495994416272,0,0
2015-05-14,0.010921286,0.0065183374,0.0061249165,0.0059522265,11.076383,-0.010566971031645512,-0.01611326799480993,0,0
2015-05-15,0.00070813176,0.0065470706,0.0031297905,0.007833169,11.069862,-0.010613551004192024,-0.016184296445496994,0,0
2015-05-18,0.0032980007,0.006483081,0.0051349085,0.0067521767,10.833202,-0.010509815827064069,-0.016026113679163477,0,0
2015-05-19,-0.0007057993,0.006469462,0.004186036,0.006143536,10.708815,-0.01048773865870256,-0.015992448844717524,0,0
2015-05-20,-0.0009418414,0.006423038,0.004293871,0.0054463637,10.191519,-0.01041247980470777,-0.01587768879855399,0,0
2015-05-21,0.0025879322,0.006407428,0.0052484656,0.004921249,9.49474,-0.010373846261643201,-0.015889169737677636,0,0
2015-05-22,-0.0016460909,0.006358199,0.0023656571,0.0046970625,9.43792,-0.010292522648517962,-0.015772999148355903,0,0
2015-05-26,-0.009221014,0.0062710186,0.00865631,0.0044064606,9.23499,-0.010145453391186363,-0.015578106274621915,0,0
2015-05-27,0.0075722085,0.0064243493,0.006256381,0.006479692,9.37133,-0.01039765122706778,-0.015944187552646427,0,0
2015-05-28,0.00035354428,0.006367462,0.004060142,0.0069719097,9.888465,-0.010319631608696714,-0.01575086499989471,0,0
2015-05-29,-0.007450806,0.0063067037,0.0050636926,0.006074044,9.607247,-0.010213867864176189,-0.015627984852482183,0,0
2015-06-01,0.0015420204,0.006329559,0.005829825,0.006669573,10.159024,-0.01026093917722686,-0.01564660888592918,0,0
2015-06-02,-0.0011859584,0.0063385437,0.007283337,0.005904584,10.141793,-0.010275504808069543,-0.015668819594426325,0,0
2015-06-03,0.0043810382,0.0063937246,0.0038621319,0.005305776,10.045717,-0.010364959623981934,-0.015805226651652664,0,0
2015-06-04,-0.0080664735,0.0062905094,0.006792985,0.0053398493,10.234364,-0.010197635483788716,-0.01555007891775047,0,0
2015-06-05,-0.003220999,0.0063887723,0.006210807,0.0064515527,10.483332,-0.010356931562759568,-0.015792984893672316,0,0
2015-06-08,-0.0067138486,0.006372793,0.0040558274,0.005940813,10.227801,-0.010331026886235377,-0.015753483602914245,0,0
2015-06-09,0.0008417003,0.0063839247,0.005447822,0.0063638347,10.781936,-0.010349073144126109,-0.015781001818761152,0,0
2015-06-10,0.012897241,0.0063849567,0.0053561134,0.0056404998,10.6954155,-0.010350745938211761,-0.015783552614000537,0,0
2015-06-11,0.0010672993,0.006449863,0.003734724,0.008478587,10.834429,-0.01045596654298389,-0.015944000465914942,0,0
2015-06-12,-0.0077339904,0.0064022522,0.0043054377,0.007293983,10.272588,-0.010378784228988492,-0.01582630739132025,0,0
2015-06-15,-0.0043093194,0.0064406428,0.0062238113,0.0075314967,10.72064,-0.010441019427314407,-0.015921208042257252,0,0
2015-06-16,0.0023963586,0.0065741623,0.0086088395,0.006905888,10.905017,-0.010657469866873721,-0.01625126704684511,0,0
2015-06-17,0.000119667326,0.0066065993,0.0067690397,0.0061756754,10.878515,-0.010710054005477415,-0.01633145107640856,0,0
2015-06-18,0.012131453,0.0065893484,0.009962718,0.005505294,10.05715,-0.010682088298096937,-0.016288806979407003,0,0
2015-06-19,-0.0080712605,0.006560499,0.004828154,0.008092539,10.582911,-0.010635320115115964,-0.016217491532081,0,0
2015-06-22,0.0071250745,0.006517166,0.005838048,0.008142195,11.103029,-0.010565072047441315,-0.016110372288811636,0,0
2015-06-23,0.0017733645,0.0064354027,0.0030482223,0.007929049,11.571603,-0.010432524637974297,-0.015908254584091546,0,0
2015-06-24,-0.00806456,0.006297265,0.003821391,0.00694607,11.248151,-0.010208587980685547,-0.01556678006296819,0,0
2015-06-25,-0.0026231087,0.006317545,0.006640219,0.0073920786,11.828031,-0.010241464039221592,-0.015616911812191112,0,0
2015-06-26,0.0008353721,0.00637148,0.0048885914,0.006612091,11.904533,-0.010328898335940716,-0.015750237838235266,0,0
2015-06-29,-0.021827819,0.006335531,0.011631775,0.0058991183,11.746745,-0.010270620620696348,-0.015661371838598708,1,1
2015-06-30,0.0019488435,0.0067839706,0.0076454007,0.012407627,8.657084,-0.010954478680096113,-0.01692387546072657,0,0
2015-07-01,0.007999073,0.0068492517,0.006103427,0.010543459,8.341865,-0.011046512691400816,-0.017130095764937,0,0
2015-07-02,-0.0010870222,0.0067091566,0.00566016,0.009875912,8.539331,-0.010828948432163548,-0.01675276213464661,0,0
2015-07-06,-0.002056494,0.0068147136,0.012860188,0.008528346,8.350217,-0.010991182834340864,-0.017042534157074463,0,0
2015-07-07,0.004470496,0.0070000114,0.014675573,0.00750668,8.278077,-0.011286697584231798,-0.01751650089040309,0,0
2015-07-08,-0.016776469,0.0069448114,0.0076191355,0.007011086,8.182846,-0.011193176438107256,-0.01739247294516251,1,0
2015-07-09,0.0009802721,0.0071520433,0.01023604,0.010453393,8.122772,-0.011524157128806025,-0.01792078397569909,0,0
2015-07-10,0.013503034,0.007343624,0.007237144,0.009040692,8.006998,-0.01182667138845608,-0.018419648160745573,0,0
2015-07-13,0.012249462,0.0070872754,0.008411699,0.010325944,8.442925,-0.011435009080267764,-0.017710669812732786,0,0
2015-07-14,0.0035744112,0.0067755496,0.004465679,0.0108061675,8.743262,-0.010944250112963724,-0.01689164732214606,0,0
2015-07-15,0.0010698367,0.0065436903,0.0042590755,0.00947613,8.870169,-0.010574356732265451,-0.016298019456330862,0,0
2015-07-16,0.0060408833,0.0065660602,0.0036312635,0.008255119,8.825451,-0.010608895339266558,-0.01635920035795276,0,0
2015-07-17,0.0008263,0.0064494875,0.0023672483,0.007880635,8.399964,-0.010404202011144654,-0.016122537921641183,0,0
2015-07-20,0.001532748,0.006358972,0.0030309716,0.00699358,7.760331,-0.010228680119546685,-0.015986099465143618,0,0
2015-07-21,-0.0035406624,0.006318058,0.0057683755,0.0062951194,7.814293,-0.010165631468803721,-0.015875199058526548,0,0
2015-07-22,-0.0030787473,0.006343478,0.00327107,0.005980728,7.8932543,-0.010210484797491816,-0.015927430965944987,0,0
2015-07-23,-0.004516827,0.0062701097,0.0067753242,0.005670321,8.170276,-0.010105188573977675,-0.01570446197363756,0,0
2015-07-24,-0.010057556,0.0063223974,0.009263371,0.0056704744,8.88421,-0.010217237295050974,-0.015745214310159128,0,0
2015-07-27,-0.006277181,0.0064191283,0.0071896594,0.007173447,9.909245,-0.010403889972688528,-0.01587666786328074,0,0
2015-07-28,0.010959344,0.0065152524,0.0067391037,0.0070659057,11.30496,-0.010561970373241126,-0.016105642635681088,0,0
2015-07-29,0.006803965,0.006393402,0.005330935,0.008254048,12.806196,-0.010364436348334555,-0.01580442872377758,0,0
2015-07-30,0.001070091,0.0063079735,0.0054227165,0.007968569,15.01191,-0.010225947228290849,-0.015593250676733936,0,0
2015-07-31,-0.0024986628,0.006260442,0.004609743,0.0070430804,16.933683,-0.010148893201228358,-0.015475753223166681,0,0
2015-08-03,-0.0035803833,0.0062233987,0.007252133,0.0063824845,16.431808,-0.010088842256733758,-0.015384183277617938,0,0
2015-08-04,-0.003833258,0.006238998,0.0044654896,0.006011868,15.704131,-0.01011412997438983,-0.015422743785671676,0,0
2015-08-05,0.0051475544,0.006204979,0.0076548867,0.005784495,14.642312,-0.010058981785113979,-0.015338649909520307,0,0
2015-08-06,-0.006829236,0.006231018,0.008932541,0.0058643958,15.159203,-0.010101193249997859,-0.015403016949430848,0,0
2015-08-07,-0.0028894795,0.006299193,0.0068075955,0.0063387784,15.832945,-0.010211713286689166,-0.01557154575155116,0,0
2015-08-10,0.0125802895,0.006267748,0.005619581,0.005887962,14.521731,-0.010160736954711692,-0.015493813419732936,0,0
2015-08-11,-0.009570596,0.006181266,0.008450481,0.008296951,15.23508,-0.010020540436870166,-0.015280031811251716,0,0
2015-08-12,0.002161384,0.006282404,0.013222525,0.0087082945,16.195976,-0.010184496201081628,-0.015530043206203157,0,0
2015-08-13,-0.0018008288,0.006447993,0.0066703483,0.0076403064,15.101116,-0.01045293492020101,-0.01593937763216122,0,0
2015-08-14,0.0043165535,0.006398013,0.0047976226,0.0067824544,14.535263,-0.010371911594155256,-0.01581582750956731,0,0
2015-08-17,0.004655335,0.006383535,0.008228072,0.0064274915,14.742173,-0.010348440993384356,-0.01578003787040883,0,0
2015-08-18,-0.0025040256,0.006442756,0.0043743034,0.00625525,13.968417,-0.01044444519481878,-0.015926431895878175,0,0
2015-08-19,-0.010199885,0.0064066495,0.008775806,0.0057997387,13.465207,-0.010385912593694558,-0.015837177228147627,0,0
2015-08-20,-0.023059644,0.0065547675,0.011186033,0.007432998,15.469357,-0.01062602859640307,-0.016203323164376456,1,1
2015-08-21,-0.02702191,0.0068401718,0.013702417,0.013894798,11.476241,-0.011088701327878616,-0.016908839408703216,1,1
2015-08-24,-0.052188016,0.0073716207,0.039645158,0.018910289,12.132147,-0.011950240921568678,-0.01822257617581403,1,1
2015-08-25,0.0008012821,0.008726813,0.0328687,0.03498162,10.533998,-0.014147163087509924,-0.02157259914053461,0,0
2015-08-26,0.034248576,0.009104986,0.027950326,0.026593465,10.664631,-0.014760223552056187,-0.022507437282200105,0,0
2015-08-27,0.02610117,0.00896702,0.013158115,0.028746612,11.618909,-0.014536565412450719,-0.022166387464623166,0,0
2015-08-28,0.00025131943,0.008984251,0.009094734,0.026772719,12.39932,-0.014564499892090951,-0.022208983943348304,0,0
2015-08-31,-0.010356243,0.00905557,0.008702773,0.020352842,12.480563,-0.014680115114400366,-0.02238528224640715,0,0
2015-09-01,-0.02741308,0.009539273,0.0189423,0.01641324,12.909032,-0.015464253799913301,-0.02358099261098836,1,1
2015-09-02,0.016050046,0.010575595,0.010866843,0.020719772,13.7612095,-0.017144250521654553,-0.026142770941481562,0,0
2015-09-03,-0.0005137426,0.009875827,0.011367439,0.018522605,14.351203,-0.01600984630965986,-0.024412950822965993,0,0
2015-09-04,-0.012539755,0.009764447,0.012823219,0.014357185,14.13736,-0.015829285827566895,-0.02413761937476546,0,0
2015-09-08,0.022637622,0.010300867,0.0112345675,0.01334026,14.782248,-0.01669888555421255,-0.025463646805113486,0,0
2015-09-09,-0.011769357,0.009667416,0.018892402,0.016860012,15.358253,-0.01567198916796482,-0.02389776225551471,0,0
2015-09-10,0.0034684343,0.009576055,0.013946962,0.014899664,15.851614,-0.015523881903925098,-0.023671917779334816,0,0
2015-09-11,0.005499087,0.009290124,0.00849507,0.012013339,15.889731,-0.015060355895547132,-0.02296510039777949,0,0
2015-09-14,-0.0031934625,0.0090558715,0.0095195435,0.010198269,15.605989,-0.014680604630328558,-0.02238602869506449,0,0
2015-09-15,0.008154989,0.009014611,0.010758911,0.008574116,15.783826,-0.01461371649870587,-0.022284032920941443,0,0
2015-09-16,0.009095565,0.008554733,0.007561693,0.008638215,16.47344,-0.01386820230791333,-0.021147219929385105,0,0
2015-09-17,-0.0054221177,0.008128569,0.013810165,0.008929101,17.446325,-0.013177341726510569,-0.02009374664344014,0,0
2015-09-18,-0.013621241,0.008297749,0.012595922,0.008159268,17.264791,-0.013451600621217571,-0.020511956086537865,1,0
2015-09-21,0.0063881655,0.008467753,0.010137546,0.0102231,18.809185,-0.013727198088790287,-0.020932206680619278,0,0
2015-09-22,-0.01591818,0.008157867,0.013796404,0.0092236,18.116913,-0.013224836587447015,-0.02016617018092816,1,0
2015-09-23,-0.0018132371,0.008482342,0.011454451,0.011640512,19.378216,-0.013750846772079892,-0.020968267872651377,0,0
2015-09-24,-0.005068566,0.008397731,0.013762277,0.009642427,17.945139,-0.013613683565007204,-0.020759111671884767,0,0
2015-09-25,0.00026055236,0.008552731,0.014798153,0.008614995,16.310188,-0.01386495631091362,-0.02114227020259869,0,0
2015-09-28,-0.024927106,0.008679512,0.01766436,0.0074164164,15.522331,-0.014070482949337413,-0.021455671819303912,1,1
2015-09-29,0.0013345792,0.009086613,0.010824823,0.014748548,10.913848,-0.014730439039804576,-0.022462019742342406,0,0
2015-09-30,0.01810662,0.009070911,0.009618268,0.012194024,10.885225,-0.014704985899524493,-0.022423206986121706,0,0
2015-10-01,0.004182466,0.008932001,0.01377235,0.014026008,10.87996,-0.014479796756653953,-0.02207982258601992,0,0
2015-10-02,0.013602127,0.008821333,0.02083301,0.01182629,10.981925,-0.01430039085695714,-0.02180625172706635,0,0
2015-10-05,0.016208638,0.008628779,0.011109645,0.012230261,11.006385,-0.013988239209443094,-0.02133026072298843,0,0
2015-10-06,-0.0031699766,0.008248446,0.006936852,0.013316247,11.849055,-0.013371674486045353,-0.020390079038520748,0,0
2015-10-07,0.009479942,0.008159088,0.007266429,0.011190423,11.1546755,-0.01322681575098428,-0.020169188150068604,0,0
2015-10-08,0.009640138,0.007998749,0.012079364,0.010667361,10.853895,-0.01296688701307864,-0.019772830347924233,0,0
2015-10-09,0.0004982561,0.007842131,0.005264019,0.010360869,10.850713,-0.012712991980984472,-0.019385673168971777,0,0
2015-10-12,0.001741944,0.007624893,0.003929872,0.008876267,10.173964,-0.0123608240943266,-0.018848662561117342,0,0
2015-10-13,-0.008489439,0.007342564,0.006134297,0.007783714,9.445179,-0.011886233730975764,-0.018214070988058943,0,0
2015-10-14,-0.0050276625,0.0074827536,0.0064178295,0.008150708,9.966183,-0.012129430101160946,-0.01850102919374838,0,0
2015-10-15,0.01748733,0.0075635463,0.0064756847,0.007664886,9.364269,-0.012241165740528552,-0.018772378734326852,0,0
2015-10-16,0.0032142443,0.0073678466,0.004464456,0.011195027,9.752777,-0.011936915660358744,-0.018240694532675333,0,0
2015-10-19,0.0009869233,0.0072440957,0.0047217105,0.009655883,9.104478,-0.011715069400395609,-0.01801180837404544,0,0
2015-10-20,-0.0034585015,0.007059635,0.00414854,0.008404364,8.687328,-0.011400854716233842,-0.017607444340349235,0,0
2015-10-21,-0.005956831,0.007086883,0.008692394,0.0076952144,8.48467,-0.011436231302073522,-0.01770370160830077,0,0
2015-10-22,0.021913962,0.0073259724,0.010204744,0.007516069,8.497804,-0.011822652059236941,-0.01829903433488446,0,0
2015-10-23,0.0063122325,0.0070985747,0.006359253,0.0127728265,7.3794866,-0.011394403803929391,-0.01791259039077726,0,0
2015-10-26,-0.001816751,0.0070320177,0.0034176887,0.011353018,7.238607,-0.011277777870258797,-0.017770822056901503,0,0
2015-10-27,-0.00084894797,0.006975594,0.0045338618,0.009833687,7.2323313,-0.01118684065756213,-0.01762941010703936,0,0
2015-10-28,0.011580346,0.006936382,0.0075990427,0.008692033,6.7655554,-0.011087142059227192,-0.017622583550919474,0,0
2015-10-29,-0.00071985606,0.0069020037,0.004464951,0.009573593,7.0486927,-0.011055332819480727,-0.01747831093623338,0,0
2015-10-30,-0.0044505997,0.006830902,0.007827197,0.008453761,6.7235813,-0.010914880902912734,-0.017363291035394607,0,0
2015-11-02,0.010433625,0.006924548,0.010118911,0.007958126,6.256841,-0.011017602636357522,-0.01770561491049665,0,0
2015-11-03,0.0035727082,0.0068694917,0.006547885,0.008831605,6.6153007,-0.010966689451913739,-0.01748434122007739,0,0
2015-11-04,-0.0039306823,0.0068212086,0.0060614673,0.008053653,6.616292,-0.010889700805923282,-0.01736123913213439,0,0
2015-11-05,-0.00035810206,0.0068751248,0.0069915596,0.007559969,6.4246616,-0.010956989936337971,-0.017540647136880024,0,0
2015-11-06,-0.00011939586,0.006820968,0.0072741737,0.006942417,6.273565,-0.010854649466649938,-0.017436880415594658,0,0
2015-11-09,-0.009959883,0.006763061,0.010750541,0.0064916555,6.2767634,-0.010762848317467464,-0.01728811456845032,0,0
2015-11-10,0.0024090593,0.0069573172,0.00463968,0.007941374,6.5948577,-0.011104954356703592,-0.017712337616759506,0,0
2015-11-11,-0.004340494,0.0068025063,0.0062445295,0.007364099,6.6235247,-0.010860511730510202,-0.01731210217332132,0,0
2015-11-12,-0.013870523,0.0069689252,0.009931969,0.0071819583,6.7866015,-0.011141004956596588,-0.01770085274922037,1,0
2015-11-13,-0.010840215,0.007280207,0.009960307,0.00945051,7.1897116,-0.011672151881853504,-0.018407652846856203,0,0
2015-11-16,0.0145090455,0.0075683375,0.013202411,0.009843557,7.6513996,-0.012167095063489236,-0.01904620952019386,0,0
2015-11-17,0.00048816207,0.0074076997,0.007569797,0.011109548,8.272144,-0.011943751818047268,-0.018537608566226542,0,0
2015-11-18,0.014895825,0.007407315,0.010089786,0.009540927,8.061913,-0.011932235134567142,-0.018570332299114194,0,0
2015-11-19,-0.00024044242,0.007350508,0.0047448366,0.010984901,8.696044,-0.011870965816258792,-0.018331676552489583,0,0
2015-11-20,0.0045585493,0.0073017688,0.005435467,0.009486746,8.579501,-0.01178723447401617,-0.018226701237699712,0,0
2015-11-23,-0.0021567226,0.0072182696,0.004724986,0.008715325,8.512315,-0.011649489072287605,-0.018027911056125865,0,0
2015-11-24,0.00023986568,0.0071223257,0.008829916,0.007979148,8.475773,-0.011493031227430797,-0.0177935193748625,0,0
2015-11-25,0.0015577261,0.0072135422,0.0032612921,0.0073963427,8.471064,-0.011640011140407776,-0.018022088560648058,0,0
2015-11-27,0.00095739594,0.0070217447,0.005665422,0.0070229284,8.441279,-0.011329205135266779,-0.017547147684685904,0,0
2015-11-30,-0.004916372,0.007090682,0.004776043,0.006736087,8.351539,-0.011436342284663052,-0.017732492983170964,0,0
2015-12-01,0.0096896505,0.007046999,0.004295825,0.0069473777,8.24233,-0.011360758002281576,-0.017639416206945924,0,0
2015-12-02,-0.008848557,0.0069138412,0.008624584,0.00810333,8.514712,-0.011158276508516852,-0.017267255970103094,0,0
2015-12-03,-0.014639424,0.0070216944,0.016263321,0.008488286,9.078552,-0.011354484831404834,-0.017462045431905843,1,0
2015-12-04,0.017996741,0.0073339515,0.01173562,0.010285183,10.030978,-0.011889175497512547,-0.018129459279771977,0,0
2015-12-07,-0.0035975575,0.0070742425,0.009991874,0.01245908,11.109863,-0.011468157195554315,-0.017487460668262924,0,0
2015-12-08,-0.010749545,0.007030505,0.00858365,0.010542919,10.762615,-0.011397254189327464,-0.017379342728169257,0,0
2015-12-09,-0.008169283,0.007161387,0.014714885,0.010414245,11.743638,-0.011609428116458926,-0.017702880602848955,0,0
2015-12-10,0.0035441527,0.007470357,0.007927866,0.009783573,10.982921,-0.012110304190158025,-0.018466652016959188,0,0
2015-12-11,-0.019463535,0.0074959737,0.012687644,0.008638285,11.410224,-0.012151832020728393,-0.018529976602710344,1,1
2015-12-14,0.004344325,0.008094436,0.012241452,0.012123508,10.597946,-0.013122007014786217,-0.020009368344610718,0,0
2015-12-15,0.009123476,0.008002036,0.010056906,0.010368341,10.868585,-0.012972216828745088,-0.019780957629426114,0,0
2015-12-16,0.013046579,0.0077465186,0.010309112,0.00991111,10.45087,-0.012557993514265963,-0.01914932049746918,0,0
2015-12-17,-0.01907848,0.007580491,0.013347052,0.010536223,9.660307,-0.012278509896830362,-0.01877806346812858,1,1
2015-12-18,-0.016307076,0.007733051,0.009362982,0.01303283,10.118701,-0.012536161103868551,-0.019116028887351897,1,0
2015-12-21,0.011480036,0.00790181,0.006536731,0.013492274,10.819441,-0.012809738896240982,-0.019533199737231565,0,0
2015-12-22,0.010367903,0.007672101,0.008407712,0.012591047,11.308564,-0.012437354001748734,-0.018965360799829065,0,0
2015-12-23,0.00831504,0.0075164395,0.0073369034,0.011793499,11.77307,-0.01218500938475817,-0.01858056780395166,0,0
2015-12-24,-0.0008527746,0.0074430825,0.0036721115,0.010897153,12.231488,-0.012066089085940472,-0.018399229685475336,0,0
2015-12-28,-0.0012195123,0.007383452,0.006613302,0.0095467875,12.207049,-0.01196942066203107,-0.018251822806396808,0,0
2015-12-29,0.011646377,0.0073862793,0.006141316,0.008492509,12.263949,-0.011974004387903513,-0.01825881239718647,0,0
2015-12-30,-0.008843719,0.0073107327,0.005143038,0.009368996,13.040436,-0.011851535098606416,-0.01807206252594444,0,0
2015-12-31,-0.00929102,0.007382353,0.007381765,0.009285708,12.800601,-0.011967638992851044,-0.018249105990680185,0,0
2016-01-04,-0.013104403,0.007472103,0.020402765,0.00929323,13.532613,-0.012113134098618769,-0.01847096726238687,1,0
2016-01-05,0.0013679042,0.007836561,0.008688874,0.0102077285,13.66711,-0.012703962100095268,-0.019371903765204774,0,0
2016-01-06,-0.0128824245,0.007729818,0.013079578,0.009041231,12.807653,-0.012530919907464967,-0.019108036738796602,1,0
2016-01-07,-0.027049365,0.007948561,0.014397391,0.00995551,12.869853,-0.012885526933834008,-0.01964876672013329,1,1
2016-01-08,-0.011184926,0.008606081,0.018279519,0.015363971,11.287187,-0.013951442803516607,-0.02127415094960458,0,0
2016-01-11,0.0014376269,0.009192566,0.013409714,0.013997618,10.963762,-0.014902203427063698,-0.022723938280358836,0,0
2016-01-12,0.005600067,0.008967845,0.014731865,0.011964309,10.575318,-0.014537902297330473,-0.022168426041645966,0,0
2016-01-13,-0.022856636,0.0085465545,0.021499287,0.010704782,10.619615,-0.013854943178203134,-0.02112700146661479,1,1
2016-01-14,0.017387161,0.008895023,0.018473634,0.0140409125,10.825638,-0.01441984962329585,-0.02198841093906575,0,0
2016-01-15,-0.020847833,0.008768731,0.023767916,0.01450423,11.113338,-0.014215117182265901,-0.021676220370958035,1,0
2016-01-19,-0.001067236,0.009213375,0.019227894,0.015836423,11.142982,-0.01493593613847408,-0.0227753763147321,0,0
2016-01-20,-0.009656727,0.009214435,0.027963966,0.013495463,11.15356,-0.014937654508180633,-0.022777996606915447,0,0
2016-01-21,0.0032292816,0.00946692,0.017748373,0.012434171,11.4071,-0.015346960719560356,-0.023402135790807462,0,0
2016-01-22,0.020345094,0.009518153,0.011158832,0.010845659,10.613346,-0.015430016380701092,-0.02352878496230977,0,0
2016-01-25,-0.01538696,0.009022305,0.009841405,0.013407374,11.041916,-0.014626189026959039,-0.02230305191793824,1,0
2016-01-26,0.013674292,0.009176935,0.016443565,0.013574869,11.701059,-0.014876861693856928,-0.022685295405556704,0,0
2016-01-27,-0.011137744,0.009080129,0.016708452,0.013282072,11.647638,-0.014719927951236098,-0.022445991687896735,0,0
2016-01-28,0.003061974,0.009214127,0.01379038,0.012645138,11.582938,-0.014937154864336685,-0.022777234714492785,0,0
2016-01-29,0.02584937,0.009107374,0.012656942,0.0111729195,10.85626,-0.014764095791846791,-0.02251334194847574,0,0
2016-02-01,0.0006474588,0.008766126,0.010083584,0.015206152,10.16716,-0.014210893841395768,-0.021669780320817827,0,0
2016-02-02,-0.01763023,0.008625201,0.010991677,0.013446109,9.366127,-0.013959467471946967,-0.021407090529082084,1,0
2016-02-03,0.005780363,0.008901808,0.017132472,0.014256568,9.30826,-0.014404738113092804,-0.022102260197209744,0,0
2016-02-04,-0.00039305602,0.008954722,0.011870399,0.012888644,9.154625,-0.014483717598838862,-0.02225725804039645,0,0
2016-02-05,-0.017182553,0.008955661,0.015340889,0.011602625,8.426428,-0.014448630591349815,-0.022382660405309937,1,0
2016-02-08,-0.012475847,0.009222181,0.022539826,0.012786459,8.953607,-0.01490682534939337,-0.022955063347443534,0,0
2016-02-09,-0.0020268909,0.009623345,0.014557476,0.012615092,9.213252,-0.015567941206698249,-0.023909360843545936,0,0
2016-02-10,-0.00081190804,0.009439855,0.014897056,0.011363538,8.617477,-0.015240888712842874,-0.023556758701872384,0,0
2016-02-11,-0.012121361,0.009477277,0.01626317,0.01013368,8.599846,-0.015300311794141517,-0.023653419056156307,0,0
2016-02-12,0.018329207,0.009751628,0.010313983,0.01067416,8.571395,-0.01574156196655623,-0.024343609286963927,0,0
2016-02-16,0.01628005,0.009602097,0.006965595,0.0124844005,8.941476,-0.015520308368610361,-0.02390284117239853,0,0
2016-02-17,0.017841218,0.009277556,0.013091252,0.0131568415,9.649861,-0.015026925048831347,-0.022983487614645803,0,0
2016-02-18,-0.0032558471,0.009145255,0.0074827797,0.013998932,10.484825,-0.014825506409031594,-0.022606985219519263,0,0
2016-02-19,-0.0010441139,0.008956285,0.0089219315,0.012584079,10.3576765,-0.014519163965196433,-0.022139852501835235,0,0
2016-02-22,0.011296621,0.008865315,0.010164581,0.011450378,10.002966,-0.014371689695891445,-0.021914973260988107,0,0
2016-02-23,-0.010513433,0.008593328,0.006745464,0.0114392545,10.5174675,-0.013930769195480246,-0.02124262636363648,0,0
2016-02-24,0.0074098487,0.008649645,0.016586186,0.0113065,10.922331,-0.014022065604074218,-0.021381841612190942,0,0
2016-02-25,0.010436222,0.00871917,0.009945843,0.010811977,11.222712,-0.01413477242657578,-0.02155370498064085,0,0
2016-02-26,-0.003981255,0.008448281,0.009744292,0.010764618,11.850768,-0.013695631063365668,-0.020884071038064514,0,0
2016-02-29,-0.006843593,0.008494995,0.009931831,0.01006337,11.944311,-0.013771359177457141,-0.020999546645354736,0,0
2016-03-01,0.02482533,0.008551047,0.0136215435,0.009680387,12.188667,-0.013862226837617455,-0.021138108107843806,0,0
2016-03-02,0.0027767278,0.00820096,0.006218499,0.012927964,11.283375,-0.01329469557435805,-0.020272696126212984,0,0
2016-03-03,0.0035229025,0.007960615,0.005704265,0.01198003,11.191021,-0.012905067903291689,-0.019678564178345966,0,0
2016-03-04,0.002258187,0.0077378983,0.008232322,0.01115878,11.296999,-0.01254401867850903,-0.01912801067528262,0,0
2016-03-07,0.0020030052,0.0077832663,0.0069508986,0.010444372,10.470155,-0.012617565914741105,-0.019240160725106353,0,0
2016-03-08,-0.009045288,0.0076895123,0.006541014,0.009701381,10.56592,-0.012465579658966944,-0.019008401286807274,0,0
2016-03-09,0.0040302323,0.00780454,0.0052251196,0.00973639,10.254626,-0.012652053155875288,-0.019292749319996274,0,0
2016-03-10,-0.0001256992,0.007883407,0.015284402,0.009164013,10.415039,-0.01277990543239655,-0.019487707552508133,0,0
2016-03-11,0.015591211,0.008027497,0.007402469,0.008602494,9.832206,-0.013008225103560209,-0.019864033788137704,0,0
2016-03-14,-0.00061900343,0.0078068506,0.004376763,0.009963753,9.99579,-0.012655672977257615,-0.019298943965649525,0,0
2016-03-15,-0.006086597,0.0076606,0.0052278545,0.009380457,9.258147,-0.01239441392955355,-0.019026987805013898,0,0
2016-03-16,0.0053432873,0.0076826215,0.008458839,0.009068123,9.380507,-0.012434457801330349,-0.019065837541945407,0,0
2016-03-17,0.0064237406,0.0076143923,0.010052652,0.00879694,8.9228735,-0.01230673557911082,-0.018957366946348825,0,0
2016-03-18,0.0035646278,0.0075180996,0.005129167,0.008608463,9.078052,-0.012157181224546924,-0.018696607134641007,0,0
2016-03-21,0.0025733733,0.007381706,0.0042799427,0.008241214,8.819054,-0.011926486704573306,-0.018392248158012204,0,0
2016-03-22,-0.00012239153,0.007223724,0.0065011648,0.007820633,8.937324,-0.011675875703949293,-0.017982820019068153,0,0
2016-03-23,-0.006754708,0.0071844123,0.005418322,0.0073840986,8.883589,-0.011610262548911295,-0.017892047426309697,0,0
2016-03-24,-0.00012323618,0.007240919,0.006295232,0.0075422134,8.489929,-0.011685038421211288,-0.018087730640394695,0,0
2016-03-28,-0.00024651794,0.007219227,0.006141659,0.0071634236,8.433142,-0.011647460237103386,-0.018041846713578547,0,0
2016-03-29,0.009569451,0.0071677067,0.008512084,0.006821342,8.386025,-0.01156217717714795,-0.01792000726825798,0,0
2016-03-30,0.0037779582,0.0070430147,0.005753282,0.0076249186,8.3170185,-0.011357863192523205,-0.01761835067837581,0,0
2016-03-31,-0.0018262621,0.0069085327,0.004130522,0.007412157,8.078344,-0.011129584954120733,-0.01731736275054321,0,0
2016-04-01,0.0065589934,0.006824996,0.010302141,0.0071084974,7.947945,-0.01098840701070665,-0.017127901794890345,0,0
2016-04-04,-0.0036385728,0.0068235053,0.0055785016,0.00729767,8.221511,-0.010999483809995561,-0.017083013189433158,0,0
2016-04-05,-0.009154779,0.0067771976,0.0053041447,0.007115433,8.29429,-0.010928171321923207,-0.016956628050987715,0,0
2016-04-06,0.010490459,0.0068613524,0.0068523567,0.0077347304,8.563512,-0.01107560897502425,-0.017129500839245866,0,0
2016-04-07,-0.012331516,0.006772613,0.0099325655,0.008440871,9.15972,-0.010954460056032745,-0.016832952499335068,1,0
2016-04-08,0.0028215684,0.0069957003,0.0080881985,0.009349457,9.833875,-0.011336288273571412,-0.017310676464237985,0,0
2016-04-11,-0.0030672988,0.0069436133,0.008060457,0.0087637575,9.584723,-0.011244686387230883,-0.017208736601572367,0,0
2016-04-12,0.010390656,0.006998643,0.007240919,0.008321451,9.410547,-0.011328389936706967,-0.017364930104159435,0,0
2016-04-13,0.00980222,0.006856742,0.004797646,0.008833775,9.963164,-0.011114595376038032,-0.01695352911675522,0,0
2016-04-14,0.00024081879,0.006972974,0.004514383,0.009130847,10.582195,-0.011303989589104963,-0.017237126241220115,0,0
2016-04-15,-0.0007226304,0.0069840713,0.0034826084,0.008551318,10.301716,-0.011321979299466059,-0.017264558229377294,0,0
2016-04-18,0.005646678,0.006948829,0.0078108474,0.008074189,10.195048,-0.011264847726688046,-0.017177439949183266,0,0
2016-04-19,0.0033488849,0.0069267843,0.003900678,0.0079802545,9.739749,-0.011221963513833552,-0.017150144784691235,0,0
2016-04-20,0.0020277933,0.0068215732,0.006485512,0.0077020414,9.407366,-0.011041676572331696,-0.016925947240521832,0,0
2016-04-21,-0.0072953743,0.0068721124,0.007279551,0.0073834783,9.355997,-0.011121856801857665,-0.01705722235240186,0,0
2016-04-22,0.0015592207,0.006931304,0.0043737986,0.0076139593,9.65282,-0.011226769627394377,-0.017170743200611634,0,0
2016-04-25,-0.0013191823,0.0068118796,0.0065173814,0.0072801965,9.521348,-0.011029468335530153,-0.01688918979660983,0,0
2016-04-26,0.0025169307,0.0068347338,0.003777676,0.0069705653,9.444685,-0.01106413643374919,-0.01695439512310061,0,0
2016-04-27,0.0010767484,0.0067327055,0.005460986,0.0067414637,9.413235,-0.010898011856744163,-0.01670479146808951,0,0
2016-04-28,-0.008767245,0.006689999,0.007847965,0.006459682,9.301882,-0.01082542871309425,-0.01661128997164998,0,0
2016-04-29,-0.00653518,0.0068244035,0.009383297,0.0072034397,9.713466,-0.011055356010261266,-0.016899442136488904,0,0
2016-05-02,0.0073792147,0.0069280197,0.006340329,0.007359144,9.654134,-0.011221488768285506,-0.017162464117918563,0,0
2016-05-03,-0.008351032,0.0067754462,0.007929272,0.0076063136,9.568371,-0.010971870703539452,-0.016793729226706036,0,0
2016-05-04,-0.004873304,0.0068733017,0.006605608,0.0079806205,10.08382,-0.011142408821138216,-0.01699073640923721,0,0
2016-05-05,-0.0014666343,0.0069081015,0.007031064,0.0077755777,9.547772,-0.011186067492016743,-0.01712481564449746,0,0
2016-05-06,0.004271685,0.006918515,0.0078203,0.0073923725,9.349924,-0.011196759696213547,-0.01717310111823469,0,0
2016-05-09,0.0007304602,0.006811218,0.0039408654,0.007250281,9.37128,-0.011023786304660345,-0.016904337103742024,0,0
2016-05-10,0.01125443,0.006669477,0.008266842,0.006907975,8.646529,-0.010769186499682781,-0.01663961775930472,0,0
2016-05-11,-0.009430611,0.0065936986,0.004393679,0.008072547,9.115422,-0.010663616898558511,-0.016393382064853954,0,0
2016-05-12,0.00036436509,0.0069040568,0.00832118,0.008530973,9.747631,-0.0111853665932173,-0.017093030935088144,0,0
2016-05-13,-0.0074349786,0.0070200874,0.0071776207,0.008007179,9.614375,-0.011369425763452774,-0.01739495226945307,0,0
2016-05-16,0.00937602,0.007142732,0.009533724,0.008149609,9.3651,-0.011560130342440146,-0.017727839102523447,0,0
2016-05-17,-0.00937602,0.0071424353,0.009790374,0.008555275,9.960481,-0.011577622767431874,-0.017660199750525674,0,0
2016-05-18,-0.0009791922,0.00724074,0.009314318,0.008860862,10.473931,-0.011738068682423174,-0.01789904087509522,0,0
2016-05-19,-0.0013479568,0.0072822487,0.0077780625,0.008304144,10.315095,-0.011805358554704173,-0.018001649251909464,0,0
2016-05-20,0.0055029183,0.0072731352,0.005298108,0.007864422,10.199996,-0.011790585301588498,-0.017979121946223173,0,0
2016-05-23,-0.0023197618,0.0071498817,0.003564767,0.0077782804,10.390597,-0.011590776715601788,-0.017674439622023926,0,0
2016-05-24,0.014441122,0.0071188384,0.008419608,0.007453764,10.330097,-0.0115404519462046,-0.017597700839108228,0,0
2016-05-25,0.005886256,0.0070671155,0.0053119445,0.009111459,10.37277,-0.011456603775655978,-0.017469843192969296,0,0
2016-05-26,0.0011970315,0.0069349133,0.0031197038,0.008833099,10.155052,-0.011242288638335162,-0.017143040248903965,0,0
2016-05-27,0.003582521,0.006790052,0.0030283662,0.008318663,10.0357895,-0.011007451811714317,-0.016784944375350396,0,0
2016-05-31,-0.0010734093,0.006682427,0.005805316,0.008008513,9.729545,-0.010825802980608824,-0.01654619285059772,0,0
2016-06-01,0.0014309566,0.006678859,0.005278423,0.007627921,9.6617365,-0.010818131380217727,-0.016544430813900952,0,0
2016-06-02,0.0027369566,0.0066347243,0.0057090404,0.0072984914,9.638435,-0.010745989004711222,-0.01643753928405526,0,0
2016-06-03,-0.0028561247,0.006562996,0.0076632104,0.0070590093,9.590209,-0.010628459082334354,-0.016264857141537897,0,0
2016-06-06,0.0049928776,0.0065414626,0.0052493266,0.0068548433,9.315607,-0.010585497007892412,-0.01624095630770923,0,0
2016-06-07,0.0009482044,0.0064477045,0.0038044283,0.006854479,9.569902,-0.010441182978863435,-0.015981225893173044,0,0
2016-06-08,0.0036658233,0.006404911,0.0038036234,0.006557287,9.320462,-0.010364674154556205,-0.01590140713276511,0,0
2016-06-09,-0.0017721076,0.0066418503,0.003969678,0.0064315596,9.548226,-0.010754948614530815,-0.01646474458000527,0,0
2016-06-10,-0.008550106,0.006770391,0.0068512475,0.0061907326,8.883569,-0.010941189645520351,-0.016860973249892962,0,0
2016-06-13,-0.008383282,0.0070859473,0.0069505484,0.0069133155,9.549802,-0.011474110408828255,-0.017565454742240142,0,0
2016-06-14,-0.0061523807,0.00766171,0.006155947,0.007403174,9.863334,-0.012416434357487705,-0.01895528128357844,0,0
2016-06-15,-0.0012108005,0.0077897715,0.0067411014,0.007406191,10.240366,-0.012628111607021748,-0.019256241545750216,0,0
2016-06-16,0.0033865538,0.0078570545,0.010297843,0.006997356,10.325634,-0.012737185039745946,-0.019422564463390052,0,0
2016-06-17,-0.005569696,0.00787791,0.006755247,0.006757062,10.661079,-0.012770993710524496,-0.019474118326003247,0,0
2016-06-20,0.0073792147,0.007844196,0.0074959877,0.006816216,10.284422,-0.012716339257141737,-0.019390777333411435,0,0
2016-06-21,0.0030086068,0.007620625,0.00405477,0.0071155573,10.603018,-0.012353905883872463,-0.018838113182420443,0,0
2016-06-22,-0.0018040776,0.0075179273,0.005379101,0.006829183,10.604748,-0.01218742067270101,-0.018584244707079273,0,0
2016-06-23,0.013867526,0.007648066,0.007639176,0.006488184,11.090189,-0.012398391065843502,-0.018905947347646276,0,0
2016-06-24,-0.042317037,0.007323262,0.029287431,0.008323364,11.305317,-0.011871845789661531,-0.018103033710321757,1,1
2016-06-27,-0.016735747,0.008383599,0.011394879,0.019976199,6.9510584,-0.013419208607137663,-0.02125354140512411,1,0
2016-06-28,0.02167769,0.008647278,0.008782062,0.019366242,7.412799,-0.013883074619590393,-0.02181314306941174,0,0
2016-06-29,0.018680722,0.007942116,0.013621709,0.019981338,7.2897224,-0.012741462126360875,-0.020059914812995728,0,0
2016-06-30,0.011306351,0.0076459544,0.010559105,0.01933659,7.5891185,-0.012287746372267741,-0.01925322450227961,0,0
2016-07-01,0.002866358,0.0074194362,0.005828894,0.017494263,7.523378,-0.01191936925032965,-0.018694982860774662,0,0
2016-07-05,-0.006460898,0.0072358213,0.0096791545,0.015107535,7.6383276,-0.011631720258930708,-0.018211719482025164,0,0
2016-07-06,0.0053869765,0.00722941,0.009309402,0.013179408,7.8512535,-0.011634105298486606,-0.018158886824329392,0,0
2016-07-07,-0.00095556624,0.007109371,0.006845067,0.011242706,8.035084,-0.011450890692376795,-0.017827618123584233,0,0
2016-07-08,0.013531364,0.006987219,0.009591099,0.009707236,7.636089,-0.01123195238106887,-0.017586398357075678,0,0
2016-07-11,0.0045874338,0.0068365224,0.0047344468,0.011058673,7.909429,-0.011004946344472993,-0.01716284136655643,0,0
2016-07-12,0.0072497977,0.0066618035,0.0052961037,0.01000933,7.560502,-0.010704442173949027,-0.01677976975097072,0,0
2016-07-13,0.00011650259,0.006552518,0.0042007565,0.009650029,7.286279,-0.010511917266945814,-0.016550715390733908,0,0
2016-07-14,0.005228618,0.0066734217,0.007523369,0.008613641,7.234548,-0.010702394156884962,-0.016865331742791208,0,0
2016-07-15,-0.0020881677,0.0067586307,0.006974608,0.008294163,7.345138,-0.01084649504789039,-0.017060831253741165,0,0
2016-07-18,0.003362127,0.006795231,0.0030538791,0.007728299,7.22213,-0.010896880103712182,-0.017175446395887802,0,0
2016-07-19,-0.00057887123,0.006650568,0.003094893,0.007436883,7.2860966,-0.010669202830456503,-0.016798408404366107,0,0
2016-07-20,0.004045079,0.00661505,0.004063982,0.007009449,7.2719693,-0.010611287882632214,-0.01671118311007782,0,0
2016-07-21,-0.004392563,0.0065989676,0.0046196976,0.006994586,7.330221,-0.010589301425750949,-0.01666037714307755,0,0
2016-07-22,0.004392563,0.0066342186,0.003578401,0.0070298244,7.407574,-0.01065081041283129,-0.016736005884955343,0,0
2016-07-25,-0.0024250834,0.006556722,0.0052402187,0.0070511173,7.440339,-0.010528414839417344,-0.016534982222139234,0,0
2016-07-26,0.0004623743,0.006561563,0.0046608546,0.0067872787,7.1796427,-0.010519280108608125,-0.016592393944552912,0,0
2016-07-27,-0.0012720441,0.0065176073,0.005419761,0.0064537064,7.012624,-0.010436995783413321,-0.016511528272336564,0,0
2016-07-28,0.001965205,0.0064696474,0.0048744744,0.0062021855,6.6551285,-0.010331834676560035,-0.01645863113143575,0,0
2016-07-29,0.0016155093,0.0063891383,0.004587674,0.0060490416,6.4854593,-0.010188187287710078,-0.01628810400032157,0,0
2016-08-01,-0.0017310027,0.006292417,0.0051994426,0.0058450475,6.47124,-0.010032652426435563,-0.016044422716414097,0,0
2016-08-02,-0.005443293,0.006237733,0.008890756,0.005638852,6.4432745,-0.009942897186288413,-0.01591065984472763,0,0
2016-08-03,0.0019722728,0.00631137,0.0040463707,0.006239889,6.623398,-0.010076379159950554,-0.016062204892208554,0,0
2016-08-04,0.0010425717,0.006199555,0.0032787197,0.0059256423,6.585429,-0.009894642717181523,-0.015785020729140023,0,0
2016-08-05,0.008072,0.0061193896,0.0038646294,0.0055711386,6.4936285,-0.009758766639150004,-0.015598809445362048,0,0
2016-08-08,-0.00057441555,0.006054791,0.0031620222,0.006980091,6.691111,-0.009672201269487129,-0.015396526927951659,0,0
2016-08-09,0.0009189066,0.0059712096,0.003135403,0.006393218,6.6504426,-0.009535470462028281,-0.01519148379928044,0,0
2016-08-10,-0.0021837833,0.0059195994,0.0042118784,0.0059814495,6.2956843,-0.009422348262379697,-0.015128213615373656,0,0
2016-08-11,0.004133661,0.0061635887,0.004189061,0.005731136,6.0748467,-0.009787624260489267,-0.01579903518218708,0,0
2016-08-12,-0.0006877579,0.00623075,0.0027240529,0.005799987,6.303734,-0.009918412942859646,-0.015921699804123345,0,0
2016-08-15,0.0026338405,0.006227082,0.002960299,0.0053551015,6.42033,-0.009923790581908115,-0.015888166804153902,0,0
2016-08-16,-0.004240451,0.0062415833,0.0024032448,0.0051783216,6.581912,-0.009961418229573926,-0.01589272402671128,0,0
2016-08-17,0.0013772526,0.006289565,0.0053288485,0.0053578233,6.87046,-0.01006140578975813,-0.015959638208022053,0,0
2016-08-18,0.0017189026,0.006338051,0.0025582993,0.005011224,7.0672317,-0.010153315102419977,-0.016046884831367843,0,0
2016-08-19,-0.0008017869,0.0062501277,0.003781398,0.0047720703,6.9555073,-0.010004590649853371,-0.01584410808807296,0,0
2016-08-22,-0.00011459348,0.0062800795,0.0035689045,0.004504366,6.27116,-0.009993654062066487,-0.01605468582495287,0,0
2016-08-23,0.001717525,0.0062815715,0.003750881,0.0042351233,5.406555,-0.009966342157613876,-0.016118375072648534,0,0
2016-08-24,-0.004701574,0.0062834076,0.00535277,0.003870722,5.8561444,-0.00996925491428553,-0.01612308581845543,0,0
2016-08-25,-0.0006898931,0.0063681263,0.0031445245,0.0044918507,6.398097,-0.01014643128521845,-0.016252693205266684,0,0
2016-08-26,-0.0023030872,0.0063226447,0.009391041,0.004072237,6.6111836,-0.010093330628006743,-0.016093312939689058,0,0
2016-08-29,0.0049450966,0.0064554717,0.004747234,0.0039830604,6.438259,-0.010289491328149424,-0.016467106493521795,0,0
2016-08-30,-0.0018371805,0.006355265,0.004003057,0.0045559756,6.8477573,-0.010164761901523017,-0.016130604683100305,0,0
2016-08-31,-0.0026468742,0.00630696,0.005162619,0.0042975387,6.6667128,-0.010072998910613189,-0.0160424976476575,0,0
2016-09-01,-0.0010376435,0.0063223704,0.007328207,0.004171317,7.02143,-0.010124978588572621,-0.01601534158381319,0,0
2016-09-02,0.0049479418,0.0063568833,0.005378096,0.003909175,6.7228465,-0.01015740137804574,-0.016158537832990462,0,0
2016-09-06,0.002979945,0.006262795,0.0040299944,0.0044442257,7.0201783,-0.010029482944470933,-0.015864651183466083,0,0
2016-09-07,0.0,0.006157708,0.0029898186,0.004370306,6.7988625,-0.009845078602745156,-0.015638123628686176,0,0
2016-09-08,-0.0032095397,0.00607837,0.0038924885,0.0040733097,6.923004,-0.009727355054106948,-0.01541441074606296,0,0
2016-09-09,-0.025465012,0.006075356,0.0110597545,0.004153538,6.8071456,-0.00971403853304316,-0.015427480571982061,1,1
2016-09-12,0.016701119,0.0065167868,0.015069637,0.013095869,5.048937,-0.010339534242526389,-0.01672193151327988,0,0
2016-09-13,-0.01693669,0.006531016,0.009776804,0.014299648,5.164383,-0.010362110595107237,-0.01675844381768561,1,1
2016-09-14,-0.0042498,0.0068366826,0.006653758,0.015176677,5.3109155,-0.010847081413914134,-0.017542777872567243,0,0
2016-09-15,0.0116437655,0.00707678,0.010207914,0.013443689,5.199645,-0.011228020038082945,-0.01815886264337965,0,0
2016-09-16,-0.0025758122,0.007170585,0.004499358,0.013163347,5.1850104,-0.01137685113612485,-0.018399564339425765,0,0
2016-09-19,0.00023443911,0.007028756,0.006282369,0.011684115,5.1381392,-0.011151825074338536,-0.018035633981865057,0,0
2016-09-20,-0.00093808636,0.007016734,0.004732169,0.010382192,4.907504,-0.011132751449647083,-0.018004786572463516,0,0
2016-09-21,0.011779249,0.007024303,0.006962964,0.009179587,4.887841,-0.0111447598975469,-0.01802420760620173,0,0
2016-09-22,0.005549789,0.006902681,0.005555239,0.010131474,4.7089696,-0.010951794971016886,-0.017712129111154204,0,0
2016-09-23,-0.0047385236,0.0067393286,0.003287558,0.0093803955,4.858831,-0.010692619348252564,-0.017292969319995403,0,0
2016-09-26,-0.008492867,0.006650353,0.0057695503,0.008617116,4.97541,-0.010551450637130685,-0.017064659856162023,0,0
2016-09-27,0.006057095,0.006759082,0.0058189295,0.008676759,5.2785063,-0.010723960211899471,-0.01734365630097324,0,0
2016-09-28,0.004865626,0.006686975,0.006175213,0.008337729,5.286473,-0.010609554658303995,-0.017158630381324563,0,0
2016-09-29,-0.0068417965,0.0066318843,0.008934609,0.0077670426,5.454483,-0.010522148431694788,-0.01701726995822331,0,0
2016-09-30,0.0055697523,0.0067266277,0.009793584,0.0077836993,5.40939,-0.010672468030738515,-0.01726037897854788,0,0
2016-10-03,-0.0033613476,0.006734744,0.005432535,0.007478315,5.5109725,-0.010685346052779824,-0.0172812063579588,0,0
2016-10-04,-0.003955333,0.006635576,0.007372989,0.006957976,5.359949,-0.010528005615272175,-0.017026742669502604,0,0
2016-10-05,0.003955333,0.0066303792,0.004949554,0.0066333413,5.211867,-0.010519760496045054,-0.017013407995444686,0,0
2016-10-06,0.0015082085,0.006576335,0.004507457,0.0063231788,5.280532,-0.010434013789701707,-0.016874731482815583,0,0
2016-10-07,-0.0046479283,0.0065125,0.007304592,0.005827364,5.1267047,-0.010332733285973375,-0.01671093245596872,0,0
2016-10-10,0.005806543,0.006574078,0.004486471,0.005888679,5.0370708,-0.010430433243522854,-0.016868940733776167,0,0
2016-10-11,-0.011412724,0.00645389,0.01065366,0.006137681,5.254993,-0.01023974223979988,-0.01656053981071147,1,0
2016-10-12,-0.00140647,0.006643038,0.0047858283,0.008047369,5.45559,-0.010539844853635615,-0.017045890043885153,0,0
2016-10-13,-0.0024660926,0.0067702658,0.008160081,0.007199315,5.3421545,-0.010741704591623337,-0.017372353947842832,0,0
2016-10-14,0.0003526715,0.006953006,0.0069590914,0.0065860646,5.390541,-0.011031640155455128,-0.017841261204972314,0,0
2016-10-17,-0.0018823534,0.006975704,0.004308763,0.0060643777,4.9998794,-0.011067652831060948,-0.017899503818320762,0,0
2016-10-18,0.0042303237,0.0069251857,0.0058483086,0.005602999,5.0862384,-0.010987499992920202,-0.017769874162037805,0,0
2016-10-19,0.0028103064,0.0069029843,0.0049510743,0.0055685434,5.3050942,-0.01095227545371109,-0.017712906186650775,0,0
2016-10-20,-0.00046783627,0.0068053226,0.005875271,0.0052965577,5.432918,-0.010797325666444669,-0.01746230885123025,0,0
2016-10-21,-0.0010534326,0.0067552356,0.005047466,0.004873479,5.430643,-0.01071785781022391,-0.01733378700314108,0,0
2016-10-24,0.004440297,0.0066860095,0.0042072046,0.0045793373,5.2687864,-0.01060802362870212,-0.017156154276352437,0,0
2016-10-25,-0.0029190283,0.00656406,0.0043661627,0.004937231,5.3232465,-0.010414538405469338,-0.016843234315371713,0,0
2016-10-26,-0.0018726598,0.006550034,0.005043888,0.0048196604,5.4268694,-0.010392285089276119,-0.01680724445155407,0,0
2016-10-27,-0.0049324823,0.0065925354,0.0063767945,0.004561056,5.475114,-0.010459717351682133,-0.016916301363334593,0,0
2016-10-28,0.00011772323,0.0066792155,0.007504821,0.0050807614,5.3856,-0.010597243985884658,-0.017138720565635583,0,0
2016-10-31,-0.0017673053,0.006794317,0.005246797,0.00464167,5.398001,-0.010779864509099873,-0.017434069254512116,0,0
2016-11-01,-0.007694622,0.006875469,0.011519861,0.0043963557,5.3806133,-0.010908619393325695,-0.01764230207288889,0,0
2016-11-02,-0.0054814247,0.007111528,0.0057755755,0.0059564374,5.3029976,-0.011283150676707931,-0.01824802437366134,0,0
2016-11-03,-0.00419087,0.0071993954,0.0062729046,0.0061070807,5.444643,-0.01142256123740638,-0.018473490414350015,0,0
2016-11-04,-0.0016812781,0.0074822432,0.005115393,0.0059049837,5.540342,-0.011871327549475306,-0.019199271611052175,0,0
2016-11-07,0.023284493,0.0074971216,0.0064741243,0.0053750896,5.617098,-0.011894933637095715,-0.019237449286296133,0,0
2016-11-08,0.0030484253,0.007101117,0.007819978,0.013544282,5.0091476,-0.011266633292338759,-0.018221311122975075,0,0
2016-11-09,0.011523144,0.0069853035,0.04617458,0.011628024,4.8655887,-0.011082883499062586,-0.01792413608716875,0,0
2016-11-10,0.003235127,0.007109788,0.010466749,0.0117512625,5.021578,-0.011280389937159867,-0.018243559482248838,0,0
2016-11-11,-0.0026566577,0.0069564385,0.0071332115,0.01019984,5.0526524,-0.01103708653085329,-0.017850069524019133,0,0
2016-11-14,-0.00046274872,0.0068659377,0.0071811127,0.008974754,4.9287815,-0.010893497308983764,-0.017617845414322614,0,0
2016-11-15,0.008641104,0.006827707,0.004546129,0.007884745,4.7880416,-0.010832840666943497,-0.017519746584120855,0,0
2016-11-16,-0.0029871345,0.006681353,0.0049673817,0.008406671,4.6532164,-0.010600635415522855,-0.017144205460101022,0,0
2016-11-17,0.0052788737,0.006673431,0.0029457477,0.007523591,4.7435346,-0.010588066856911714,-0.017123878569992982,0,0
2016-11-18,-0.0016036659,0.0065460503,0.0034424472,0.0072745574,4.571757,-0.01038596371055348,-0.016797021006320464,0,0
2016-11-21,0.005601615,0.006509284,0.0043732757,0.0065336353,4.574385,-0.010327630758830954,-0.016702680236147318,0,0
2016-11-22,0.0033005208,0.0064491495,0.0030304347,0.006630385,4.615053,-0.010232221011637474,-0.01654837587186496,0,0
2016-11-23,0.00022722108,0.0063699125,0.0036973376,0.0062075453,4.6851873,-0.010106503755291969,-0.016345055751119046,0,0
2016-11-25,0.004759755,0.006348913,0.003542722,0.0056015365,4.748213,-0.010073185764174557,-0.016291171199595056,0,0
2016-11-28,-0.004759755,0.0063108313,0.002974932,0.0056862007,4.8875055,-0.010012765291594153,-0.016193454321756017,0,0
2016-11-29,0.0013622433,0.006281104,0.004136845,0.005726933,5.019806,-0.009965600169272542,-0.016117175069056845,0,0
2016-11-30,-0.0022714376,0.00627878,0.0051352135,0.005261899,5.017959,-0.009961912849161642,-0.016111211636573742,0,0
2016-12-01,-0.003074648,0.0063091586,0.005049617,0.004995703,4.9500732,-0.010010112230841967,-0.016189163577206213,0,0
2016-12-02,0.0,0.0063604065,0.004174387,0.004904171,4.9273224,-0.010091421484958599,-0.016320663482989394,0,0
2016-12-05,0.005572946,0.006363847,0.0076838727,0.004579044,4.7699294,-0.010096880528450394,-0.016329492289902412,0,0
2016-12-06,0.0026052005,0.0062773437,0.0034931141,0.005233085,4.760987,-0.009959634402035447,-0.01610752674749584,0,0
2016-12-07,0.012031404,0.0061261244,0.008339045,0.0049944017,4.8251734,-0.009719709757273433,-0.015719501195865376,0,0
2016-12-08,0.0049057966,0.0061630066,0.005117059,0.0077529713,4.6988354,-0.009778227301217463,-0.01581414050351743,0,0
2016-12-09,0.0054350975,0.006107766,0.00355695,0.0073042936,4.682227,-0.009690582190556898,-0.015672393737796414,0,0
2016-12-12,-0.0017714796,0.006025853,0.005474836,0.007045637,4.8290534,-0.009560619313116832,-0.015462207255035606,0,0
2016-12-13,0.0051948167,0.006066122,0.0062618596,0.0064085387,4.773748,-0.00962450993848872,-0.015565536344794323,0,0
2016-12-14,-0.0069694403,0.006065601,0.008124175,0.006336315,4.8698344,-0.009623682892947282,-0.01556419877981529,0,0
2016-12-15,0.0028821658,0.0062970463,0.006145774,0.006717674,4.898936,-0.009990894732801403,-0.016158083484181407,0,0
2016-12-16,-0.0014400446,0.0063121673,0.0043900195,0.00621805,4.7932725,-0.010014885387549943,-0.016196883112506423,0,0
2016-12-19,0.0021039818,0.0063024233,0.002846584,0.00571316,4.751145,-0.009999425788999088,-0.01617188059864783,0,0
2016-12-20,0.002871978,0.006227946,0.0024191593,0.00537316,4.6919274,-0.00988125962132241,-0.0159807727095759,0,0
2016-12-21,-0.0026507636,0.0061809183,0.0025158017,0.0052099437,4.604264,-0.009806645454690574,-0.015860100641079213,0,0
2016-12-22,-0.0007744648,0.0061515383,0.0029741148,0.00506179,4.4992027,-0.00976003139444198,-0.01578471261055972,0,0
2016-12-23,0.0005532504,0.0061739017,0.0019991102,0.0047631515,4.380285,-0.009795512914979064,-0.015842096196946796,0,0
2016-12-27,0.00044238,0.0061431527,0.0036179111,0.0044435724,4.4586606,-0.009746727181536319,-0.015763195960793085,0,0
2016-12-28,-0.0069903196,0.006159599,0.006093841,0.004166862,4.513495,-0.00977282073982786,-0.01580539657490724,0,0
2016-12-29,-0.000111352376,0.0062662126,0.003304658,0.005448556,4.5157943,-0.009941973269784023,-0.016078963735175558,0,0
2016-12-30,-0.0039051652,0.0062501337,0.007302874,0.0050236243,4.430354,-0.009916462443799578,-0.016037705562906585,0,0
2017-01-03,0.0072403545,0.006377292,0.0053812326,0.005098903,4.409392,-0.01011821178839993,-0.016363990929744526,0,0
2017-01-04,0.0052028676,0.006237367,0.003981788,0.0060280296,4.327558,-0.009896207066944976,-0.016004946928272423,0,0
2017-01-05,0.0,0.0061199116,0.003753931,0.006035414,4.533098,-0.009709852170699654,-0.01570355870912405,0,0
2017-01-06,0.0031968278,0.006054999,0.0054988307,0.0055189086,4.357583,-0.009606861474330928,-0.015536993820340237,0,0
2017-01-09,-0.0028656472,0.006039747,0.0032358617,0.005372884,4.405836,-0.009582663605765115,-0.015497859069060954,0,0
2017-01-10,-0.0005520287,0.005976548,0.004518565,0.005235795,4.2682977,-0.00948239202520823,-0.015335691754414987,0,0
2017-01-11,0.0029773414,0.006122188,0.004894821,0.004835443,4.3895326,-0.00971346438711259,-0.01570940067782897,0,0
2017-01-12,-0.0030877837,0.006150184,0.006612035,0.00477467,4.471334,-0.009757883247707433,-0.01578123845381987,0,0
2017-01-13,0.0039682593,0.0062100533,0.0025352966,0.004776964,4.4856005,-0.009852871328355717,-0.015934860864841586,0,0
2017-01-17,-0.0042996593,0.0061296835,0.0035913521,0.0049622166,4.3957415,-0.009725356107578223,-0.015728632930514345,0,0
2017-01-18,0.0016559036,0.0061522075,0.0029544057,0.0052053295,4.3338637,-0.00976109279971562,-0.015786429201063445,0,0
2017-01-19,-0.0022084815,0.0061395005,0.0050414163,0.0048789913,4.452141,-0.009740932433563262,-0.01575382422542578,0,0
2017-01-20,0.0019878526,0.0061935773,0.0038168046,0.0047518173,4.3530197,-0.009826730717144969,-0.015892584152938694,0,0
2017-01-23,-0.0017667849,0.0061382004,0.004804799,0.004563819,4.477197,-0.00973886934402882,-0.015750487630073272,0,0
2017-01-24,0.0055108704,0.0061212946,0.0053468607,0.004444343,4.4556756,-0.009712046465489578,-0.015707107500233627,0,0
2017-01-25,0.008536771,0.006068092,0.00394971,0.0050942088,4.4330044,-0.009627635338160634,-0.015570590994069568,0,0
2017-01-26,0.0,0.0059903366,0.0030810072,0.0063307947,4.3549027,-0.009504268918047797,-0.015371072835922699,0,0
2017-01-27,-0.0021819777,0.00593374,0.0026851075,0.005775038,4.1755505,-0.009414472946061195,-0.015225847523204793,0,0
2017-01-30,-0.0056955246,0.0058877463,0.0068008765,0.0053837476,4.3148847,-0.009341499297554774,-0.015107828633380956,0,0
2017-01-31,-0.00065926823,0.0059669972,0.004971771,0.0057444694,4.315841,-0.009467238270632219,-0.01531118387618321,0,0
2017-02-01,0.0,0.0059473715,0.0051574805,0.005254804,4.4650106,-0.009436100096483433,-0.01526082470106457,0,0
2017-02-02,0.00043956045,0.005928503,0.004743996,0.004983694,4.2954326,-0.009406163581502078,-0.015212408946396864,0,0
2017-02-03,0.006788595,0.00593066,0.0056200284,0.0047157644,4.2692747,-0.009409585776510526,-0.015217943597108787,0,0
2017-02-06,-0.0019661393,0.0059121232,0.0028135881,0.0055264826,4.517086,-0.00938017498741492,-0.015170378088888364,0,0
2017-02-07,0.000874317,0.0058450312,0.0033418685,0.0052371444,4.4315434,-0.009273726806348342,-0.014998221476051073,0,0
2017-02-08,0.0007644008,0.0058488008,0.0031745688,0.0050076935,4.2039995,-0.009279707956270564,-0.015007894675735316,0,0
2017-02-09,0.006094262,0.0059546214,0.0049034767,0.0047006523,4.320216,-0.009447602725501781,-0.015279427683573816,0,0
2017-02-10,0.0036820488,0.006010182,0.0031628273,0.005332372,4.557697,-0.009535755464771478,-0.015421995427361829,0,0
2017-02-13,0.005820236,0.0059686643,0.0035621643,0.0052619944,4.4791503,-0.009469883187609928,-0.015315461449961886,0,0
2017-02-14,0.0046105264,0.005952555,0.004694627,0.0056072185,4.501777,-0.009444324403842446,-0.015274125716485159,0,0
2017-02-15,0.005760016,0.0059089474,0.0046441546,0.0056033772,4.4495516,-0.009375136705604492,-0.015162229771816976,0,0
2017-02-16,-0.0021294728,0.005921694,0.0040322915,0.0058959057,4.405579,-0.009395360412225013,-0.01519493718678564,0,0
2017-02-17,0.0010653032,0.0059158145,0.0036112026,0.0054708915,4.4773183,-0.00938603217099231,-0.015179850800167654,0,0
2017-02-21,0.005097717,0.005920335,0.0044518816,0.005084851,4.5850754,-0.009393204121715988,-0.015191449859274663,0,0
2017-02-22,0.00042363905,0.0059475414,0.0025336808,0.005352334,4.5669365,-0.00943636974590504,-0.015261260799930818,0,0
2017-02-23,0.0007409368,0.0059142527,0.004339582,0.0050603305,4.453079,-0.009383553748959486,-0.015175842495487602,0,0
2017-02-24,0.00095182704,0.005985132,0.00478606,0.00484823,4.3788414,-0.009496011130727042,-0.01535771767399858,0,0
2017-02-27,0.0013732638,0.0059945574,0.0025304975,0.004741254,4.2305193,-0.009510965815260257,-0.01538190360004722,0,0
2017-02-28,-0.0023250908,0.005943298,0.0032726042,0.0046021612,4.2837033,-0.009429636654139345,-0.015250371499045725,0,0
2017-03-01,0.012930535,0.005979267,0.008256442,0.0046081147,4.2672663,-0.009486705511090111,-0.015342667872855953,0,0
2017-03-02,-0.004816259,0.0060518268,0.0040084133,0.0075314143,4.196216,-0.009601828621703487,-0.015528854283782936,0,0
2017-03-03,-0.00031491104,0.0059919795,0.0027969833,0.006850724,4.2496324,-0.009506874925880777,-0.01537528748268376,0,0
2017-03-06,-0.0024176182,0.0059214565,0.003903017,0.006057708,4.2422686,-0.00939498398887136,-0.015194328404475708,0,0
2017-03-07,-0.0037958713,0.0059156683,0.0030361037,0.00559415,4.321022,-0.009385799620987768,-0.015179474701480991,0,0
2017-03-08,-0.0010569708,0.0058796695,0.0040079146,0.0054103434,4.4454274,-0.009328684615981627,-0.015087103693301036,0,0
2017-03-09,0.000951324,0.0058908216,0.0045185853,0.005118412,4.271918,-0.009346378323330963,-0.015115719388705835,0,0
2017-03-10,0.0023216559,0.005902774,0.005098639,0.004854329,4.292025,-0.009365342459498877,-0.015146389724406649,0,0
2017-03-13,0.0013693582,0.0058936733,0.0018529281,0.004720702,4.464807,-0.009350902642485443,-0.015123036483777124,0,0
2017-03-14,-0.0050654393,0.005786998,0.004580279,0.0046180184,4.3589506,-0.009181652387235544,-0.014849311274255267,0,0
2017-03-15,0.0073785516,0.0058583496,0.0058686263,0.0050732265,4.4919605,-0.009294858091391252,-0.015032396700291035,0,0
2017-03-16,-0.0006303183,0.0059790933,0.004528235,0.0059351777,4.4791675,-0.009486430432485518,-0.015342222993475619,0,0
2017-03-17,-0.0015775362,0.0059571834,0.0026247913,0.0053537767,4.384537,-0.009451668278693995,-0.015286002825204877,0,0
2017-03-20,-0.0021072603,0.0059206802,0.0029944782,0.0050676516,4.2380786,-0.009393751564333681,-0.015192335227778289,0,0
2017-03-21,-0.011883429,0.005924905,0.009973533,0.004902107,4.2210665,-0.009400454795592957,-0.01520317623583591,1,0
2017-03-22,0.00010672928,0.0060919933,0.004956616,0.0072733006,4.202272,-0.009665557276449644,-0.0156319214215381,0,0
2017-03-23,-0.0010678058,0.006069446,0.0053140135,0.0062314514,4.268804,-0.00962978348489518,-0.015574065150809417,0,0
2017-03-24,0.0020278571,0.006125412,0.0062612393,0.005671842,4.1150556,-0.009718579582348645,-0.015717673385516568,0,0
2017-03-27,-0.0026690883,0.006134353,0.007197817,0.0052645677,4.2269897,-0.009732765132625597,-0.01574061540540309,0,0
2017-03-28,0.005543724,0.00612387,0.007594751,0.0050318004,4.344832,-0.009716132830549902,-0.015713716300502015,0,0
2017-03-29,0.0023362015,0.0060672327,0.0031306972,0.005444925,4.257753,-0.009626271708367475,-0.015568385621615083,0,0
2017-03-30,0.0031769592,0.0059647327,0.003530203,0.005143552,4.2724733,-0.009463645961223562,-0.015305374102696606,0,0
2017-03-31,-0.002222811,0.005940351,0.0025020374,0.005011571,4.3798013,-0.009424962127588938,-0.01524281147641807,0,0
2017-04-03,-0.0013785061,0.005934281,0.0069798655,0.0048545613,4.329324,-0.009415330756972883,-0.01522723484443031,0,0
2017-04-04,0.00021220159,0.006042694,0.0041673477,0.00464589,4.3764005,-0.009587339037179354,-0.015505420555107625,0,0
2017-04-05,-0.004252611,0.00599314,0.008788892,0.004504247,4.277923,-0.00950871632377665,-0.015378265540377776,0,0
2017-04-06,0.0030849448,0.006116988,0.0066479924,0.0048112012,4.2366195,-0.009705213838702483,-0.015696057223256964,0,0
2017-04-07,-0.0006374841,0.0060885777,0.007181865,0.0048680045,4.11325,-0.00966013804696641,-0.01562315700506171,0,0
2017-04-10,0.00010627557,0.0061410493,0.0047241678,0.0046329773,4.1496773,-0.009743389138864144,-0.015757797408049487,0,0
2017-04-11,-0.0006378229,0.006222775,0.00673157,0.0044557285,4.1849174,-0.009873056125831508,-0.015967505352792635,0,0
2017-04-12,-0.0043693786,0.006254445,0.0049272184,0.0043810713,4.0380216,-0.00992330321436115,-0.016048769010654374,0,0
2017-04-13,-0.0056766607,0.0062837047,0.005610577,0.004821111,3.8842645,-0.009969726348341427,-0.016123848259761858,0,0
2017-04-17,0.0074906717,0.006355556,0.0042826417,0.0052653686,4.0186553,-0.01008372652294066,-0.016308218567692146,0,0
2017-04-18,-0.0033103772,0.00626574,0.004627791,0.0059803864,4.1353436,-0.00994122404253204,-0.016077752024231753,0,0
2017-04-19,-0.0014986087,0.0062558735,0.005333562,0.005591383,4.0565267,-0.009925569898257545,-0.016052434875285092,0,0
2017-04-20,0.007789614,0.0062868875,0.0059602163,0.005159114,4.0415435,-0.009974776393381657,-0.01613201560128043,0,0
2017-04-21,-0.0019150979,0.006279511,0.0044560907,0.0059740483,4.1370764,-0.00996307288459285,-0.01611308773975002,0,0
2017-04-24,0.009539023,0.006246904,0.003243173,0.005514456,3.9493046,-0.009911338199925216,-0.016029418221028845,0,0
2017-04-25,0.0063091693,0.0060719154,0.0048571676,0.0066446695,4.046399,-0.00963370154528296,-0.015580401755141153,0,0
2017-04-26,-0.0011537051,0.006020138,0.0039183595,0.0064472333,4.186979,-0.009551551672667425,-0.015447542333093728,0,0
2017-04-27,0.0015729044,0.00594999,0.0027244613,0.005706823,4.239891,-0.009440254326331077,-0.015267543257759027,0,0
2017-04-28,-0.002307774,0.0058867973,0.002730371,0.005197279,4.3258605,-0.009339993604140163,-0.01510539350414123,0,0
2017-05-01,0.0027267977,0.0058521433,0.003818237,0.004960674,4.247297,-0.009285011363183444,-0.015016471774577881,0,0
2017-05-02,-0.000523807,0.0058262376,0.0020710584,0.00484422,4.204103,-0.009243908828528834,-0.014949997429274234,0,0
2017-05-03,-0.0010484379,0.005758456,0.0031124733,0.0046396414,4.097626,-0.009136366667090702,-0.014776071542848703,0,0
2017-05-04,0.00094364356,0.005774296,0.0042798785,0.004547593,3.9419718,-0.009161498355130002,-0.014816716542550701,0,0
2017-05-05,0.0051220516,0.0057695014,0.0051573943,0.0044576824,3.8714697,-0.009153892069767492,-0.01480441504231685,0,0
2017-05-08,-0.0011475667,0.005772237,0.0036446967,0.0048911097,4.031024,-0.009158231796700469,-0.01481143359990923,0,0
2017-05-09,-0.00073095603,0.005716521,0.0033064669,0.0046374723,4.0381308,-0.009069832934468768,-0.01466846780614934,0,0
2017-05-10,0.0008353347,0.0056884973,0.0026568873,0.004404735,4.1554737,-0.009025370640410042,-0.014596559786045751,0,0
2017-05-11,-0.0017759211,0.0057200356,0.0047000926,0.004321688,4.0560813,-0.009075409610258578,-0.01467748685753421,0,0
2017-05-12,-0.0009414719,0.005795144,0.0021111497,0.0043455344,3.927318,-0.009194576557332228,-0.014870213288035911,0,0
2017-05-15,0.0040733255,0.0057443897,0.0033599848,0.004206617,4.0240583,-0.00911404910556549,-0.014739977776281048,0,0
2017-05-16,-0.0006255865,0.0057632383,0.0030872242,0.0045391573,4.011741,-0.009143954855176595,-0.01478834377470227,0,0
2017-05-17,-0.01661622,0.005749032,0.007230559,0.0043958006,3.8803897,-0.00912141469714898,-0.014751890007057107,1,1
2017-05-18,0.0025418357,0.0059952717,0.008860989,0.008935687,3.463411,-0.00951209870477654,-0.01538373580065307,0,0
2017-05-19,0.00758697,0.0060944916,0.00660574,0.007346428,3.555026,-0.009669520580028968,-0.01563833119682055,0,0
2017-05-22,0.0047127907,0.0059769815,0.0037785473,0.00713986,3.6902473,-0.009483079721719712,-0.015336803952865822,0,0
2017-05-23,0.0021917245,0.0058702645,0.003581857,0.0065325536,3.6726036,-0.009313762506546325,-0.01506297045033691,0,0
2017-05-24,0.001666667,0.0058383187,0.0023987212,0.005685798,3.7759807,-0.00926307746392253,-0.014980998497672272,0,0
2017-05-25,0.0047762524,0.005773586,0.0035602278,0.005289947,3.6649022,-0.009160372704524368,-0.014814896049296965,0,0
2017-05-26,0.00010357864,0.005781733,0.0022639006,0.005465019,3.555745,-0.009173297779484883,-0.014835799526496623,0,0
2017-05-30,-0.0012436523,0.0057354565,0.0025787957,0.0050147916,3.5710173,-0.009099876223382168,-0.014717056244260727,0,0
2017-05-31,0.00010369679,0.0057249037,0.004106089,0.004811117,3.5035224,-0.009083132623055273,-0.0146899771388209,0,0
2017-06-01,0.0076438757,0.0057467674,0.004218569,0.0045902296,3.530332,-0.009117821482876494,-0.014746078770151489,0,0
2017-06-02,0.003390008,0.005732104,0.0030023307,0.0056477473,3.6033175,-0.009094557433784164,-0.01470845426729492,0,0
2017-06-05,-0.0013340861,0.005696684,0.0017310892,0.0053588944,3.6340055,-0.009038359960702552,-0.014617567165995424,0,0
2017-06-06,-0.0015415449,0.0056597255,0.0026145654,0.004991344,3.6363237,-0.008979721165005181,-0.014522731760195457,0,0
2017-06-07,0.0005141124,0.005692519,0.0031370947,0.004804828,3.558392,-0.00903175083528169,-0.014606878353515283,0,0
2017-06-08,0.00020557098,0.0057050753,0.0034051763,0.0045454763,3.6303086,-0.009051673222246521,-0.014639098449952198,0,0
2017-06-09,-0.0008225376,0.005697692,0.0089814775,0.00437622,3.6270456,-0.009039958855091745,-0.014620153027393617,0,0
2017-06-12,-0.0008232147,0.005774682,0.0034779825,0.004221685,3.6976542,-0.009162110947943518,-0.014817707277223353,0,0
2017-06-13,0.0039042484,0.0057100183,0.002816035,0.004184845,3.6049411,-0.009059515677068895,-0.014651781902548771,0,0
2017-06-14,-0.0011286103,0.005667033,0.0050250157,0.004537392,3.5466912,-0.00899131518527045,-0.014541482548025144,0,0
2017-06-15,-0.0013354566,0.005746428,0.005301912,0.004446774,3.4371207,-0.00911728308889711,-0.014745208035838005,0,0
2017-06-16,-0.00041126876,0.0057810186,0.004803901,0.004282999,3.5184124,-0.0091721648899686,-0.014833967325890773,0,0
2017-06-19,0.0067644003,0.0057833074,0.004094139,0.004141252,3.5289953,-0.009175796108521986,-0.014839840026394989,0,0
2017-06-20,-0.0040941713,0.005764371,0.004173643,0.005072132,3.5321627,-0.009145751009880923,-0.014791248661445572,0,0
2017-06-21,-0.0016423736,0.00576093,0.0034385086,0.005114042,3.462924,-0.009140291966389128,-0.014782419854532554,0,0
2017-06-22,-0.00071938755,0.005751055,0.0031962965,0.0047408445,3.552837,-0.009124625154021,-0.014757082217719694,0,0
2017-06-23,0.0013355938,0.005734843,0.0028967333,0.0044066627,3.700914,-0.009098902589900126,-0.014715481605401386,0,0
2017-06-26,0.00041059332,0.005717538,0.0049702167,0.0043203244,3.5877323,-0.009071446306679255,-0.01467107708225176,0,0
2017-06-27,-0.0063832193,0.005736566,0.004616794,0.004077613,3.8300252,-0.009101636183533261,-0.01471990259424346,0,0
2017-06-28,0.007408966,0.005747138,0.006308944,0.004724621,3.815123,-0.009118409644366577,-0.014747029992510758,0,0
2017-06-29,-0.007615556,0.0057549286,0.011132635,0.0051531694,3.9332867,-0.009130770084296613,-0.01476702029624552,0,0
2017-06-30,0.00041313778,0.0058247345,0.0043051546,0.005460703,4.129748,-0.009241524512334424,-0.014946141320171665,0,0
2017-07-03,0.0016508464,0.005770289,0.004298354,0.005062804,4.0252857,-0.009155140781854127,-0.014806434560556525,0,0
2017-07-05,0.0012363488,0.005792282,0.0036297035,0.0047641937,4.062956,-0.009190035045764962,-0.014862868388003351,0,0
2017-07-06,-0.008063726,0.0057773343,0.0054232283,0.0045851595,3.9414003,-0.009166319469621015,-0.014824513639058666,0,0
2017-07-07,0.0057959175,0.0058655753,0.0038220587,0.005197286,3.8797812,-0.0093063227161287,-0.015050938219201683,0,0
2017-07-10,0.0008252528,0.005830178,0.003111401,0.0051990678,4.1140947,-0.009250161437600324,-0.014960109654662756,0,0
2017-07-11,0.0,0.0057915035,0.005111896,0.0048576533,4.0815344,-0.00918879990663579,-0.014860870821048889,0,0
2017-07-12,0.006372722,0.005812277,0.004842457,0.0046415194,3.981789,-0.009221759571676168,-0.01491417585864323,0,0
2017-07-13,0.0022515617,0.0058229077,0.0020476768,0.0049904184,3.8423293,-0.009238626233484065,-0.014941453989068995,0,0
2017-07-14,0.0042844093,0.0057595796,0.0050024567,0.0047573796,3.9445164,-0.009138149248837567,-0.014778954478306792,0,0
2017-07-17,0.0010173976,0.00579746,0.0018315965,0.0048148185,3.8493366,-0.009198251209349495,-0.014876156232652812,0,0
2017-07-18,-0.00030511062,0.0057163113,0.0037258773,0.0046144347,3.8522112,-0.009069499944578998,-0.014667929267952092,0,0
2017-07-19,0.0055789566,0.005739385,0.0028175365,0.0044781673,3.7720284,-0.009106108925449378,-0.014727136274430936,0,0
2017-07-20,-0.000101158264,0.005697806,0.0030757615,0.0046883053,3.9315207,-0.009040139827857924,-0.014620445711196469,0,0
2017-07-21,-0.0007083945,0.005684877,0.0034995028,0.004538807,3.8129094,-0.009019626564811516,-0.014587270002143243,0,0
2017-07-24,-0.0004050223,0.005676529,0.0019815587,0.0044631236,3.657618,-0.009006381168054864,-0.014565848474612536,0,0
2017-07-25,0.0022255953,0.005628219,0.0031110044,0.00444898,3.4532356,-0.008929732867531176,-0.014441886640171799,0,0
2017-07-26,-0.00030319876,0.005637298,0.002302251,0.004446025,3.4329286,-0.008944137394855205,-0.01446518280745977,0,0
2017-07-27,-0.00050553563,0.0056138956,0.0067016077,0.004320282,3.4851243,-0.008907007212418229,-0.014405132871628713,0,0
2017-07-28,-0.0007081795,0.005692467,0.0029775277,0.0042203027,3.5139585,-0.009031668492673077,-0.014606745182384986,0,0
2017-07-31,-0.000911254,0.0056343414,0.002719212,0.0041447906,3.5120616,-0.008939446580755841,-0.014457596443289856,0,0
2017-08-01,0.0017205612,0.005617596,0.0029595618,0.0040623704,3.5445883,-0.008912878873816912,-0.014414628997612231,0,0
2017-08-02,0.0005054845,0.0056152637,0.0036484452,0.004021044,3.605607,-0.008909177980748547,-0.014408643613843917,0,0
2017-08-03,-0.0007077499,0.0056279837,0.002403725,0.0040276675,3.3808527,-0.008929359158769017,-0.01444128224811891,0,0
2017-08-04,0.0001011378,0.005602175,0.002842269,0.0039472464,3.3852556,-0.00888841135582949,-0.0143750581474667,0,0
2017-08-07,0.0022224477,0.0056091193,0.0012040795,0.003830049,3.4415395,-0.008899428977834476,-0.014392876737384304,0,0
2017-08-08,-0.0019190956,0.005554975,0.0058725597,0.0039998936,3.1675138,-0.008813523920320724,-0.014253944126427706,0,0
2017-08-09,0.0001010969,0.0056698034,0.0043786527,0.003959993,3.2658825,-0.00899571101376094,-0.014548591837596409,0,0
2017-08-10,-0.014459064,0.005762524,0.0075973044,0.0038316872,3.2848184,-0.009142821060796483,-0.014786510110677406,1,0
2017-08-11,0.0010251154,0.0060702423,0.004498807,0.006975544,3.1475904,-0.009631046674803112,-0.015576108083753322,0,0
2017-08-14,0.009585064,0.0061347485,0.0045615686,0.006422547,2.9421537,-0.009733392203260407,-0.01574162955477997,0,0
2017-08-15,0.000101476486,0.006007921,0.0037936696,0.007071118,3.0943353,-0.009532167679681977,-0.015416192970970296,0,0
2017-08-16,0.0015209129,0.0059686764,0.0035010278,0.006422923,3.0248916,-0.009469903094614207,-0.0153154936451802,0,0
2017-08-17,-0.015520018,0.0059418576,0.008826737,0.006411195,2.780591,-0.009427351872966333,-0.015246676366034726,1,1
2017-08-18,-0.0011325612,0.006202849,0.0058210394,0.009053826,2.726342,-0.00984144108844384,-0.015916374955853484,0,0
2017-08-21,0.00051495957,0.0062341467,0.0045911595,0.0080305,2.734632,-0.00989109820575574,-0.015996684464517925,0,0
2017-08-22,0.010141971,0.0061660875,0.0045076595,0.005717971,2.935209,-0.009783115375631962,-0.01582204589303245,0,0
2017-08-23,-0.0045972397,0.0060590766,0.0035848422,0.00739399,2.9774768,-0.009613331250721833,-0.015547457266292182,0,0
2017-08-24,-0.0003072354,0.0060533793,0.0041971384,0.006917835,3.060389,-0.009604292565915017,-0.015532839173758759,0,0
2017-08-25,0.0007167358,0.0060452907,0.004626354,0.0066503542,2.9093535,-0.009591458882201422,-0.01551208350187954,0,0
2017-08-28,0.0005116398,0.0060188314,0.0037367071,0.0055411593,3.0300057,-0.009549478629630842,-0.015444189640132062,0,0
2017-08-29,0.0013290397,0.005981292,0.007268188,0.0051957993,3.0834694,-0.009489918682553621,-0.015347864473775584,0,0
2017-08-30,0.003569429,0.006037573,0.0043066884,0.005110814,3.0455897,-0.009579213359977908,-0.01549227905235959,0,0
2017-08-31,0.005785937,0.0059929877,0.0041766926,0.0050148834,3.0870934,-0.009508474725133801,-0.015377874807500969,0,0
2017-09-01,0.0017191692,0.0059414613,0.0025978794,0.005179496,3.072669,-0.00942672299260386,-0.015245659289819816,0,0
2017-09-05,-0.005877601,0.005884047,0.007396888,0.0049306117,3.1442752,-0.009335629445883753,-0.015098335434235464,0,0
2017-09-06,0.002334908,0.005996679,0.0033355276,0.0051878067,3.0706565,-0.009514331908711189,-0.01538734751878026,0,0
2017-09-07,0.00040551502,0.0059429775,0.003167523,0.005075973,3.0804675,-0.009429129025530213,-0.015249550520978728,0,0
2017-09-08,-0.0016230476,0.0059105647,0.002917883,0.0048117926,3.157498,-0.009377702899428913,-0.015166380028141411,0,0
2017-09-11,0.010101096,0.0059271236,0.0034595921,0.0047037313,3.1591733,-0.00940397471589514,-0.015208868935801374,0,0
2017-09-12,0.0027098928,0.00586163,0.0019810128,0.004816566,3.4333959,-0.009300062868146565,-0.015040814286461047,0,0
2017-09-13,0.00020044098,0.0057810685,0.0018399848,0.0045915092,3.6261423,-0.009172243613121888,-0.014834094643345013,0,0
2017-09-14,-0.00020044098,0.0058105923,0.0024821644,0.0042649102,3.9854136,-0.009219086603919702,-0.014909852918875113,0,0
2017-09-15,0.0012020436,0.0058506834,0.0035820066,0.004221714,3.9269323,-0.00928269491177635,-0.015012725421901381,0,0
2017-09-18,0.002200001,0.0058839233,0.0021373574,0.0040781777,4.070829,-0.009335433090432449,-0.01509801787230937,0,0
2017-09-19,0.00079880183,0.005817243,0.001322091,0.0040501235,4.0716386,-0.009229638221051778,-0.014926917848000373,0,0
2017-09-20,0.00019960079,0.00577249,0.0037282004,0.003980563,4.118377,-0.009158633556241386,-0.014812083357951561,0,0
2017-09-21,-0.001697878,0.005818258,0.0026155661,0.0039168666,4.1465516,-0.00923124887867077,-0.014929522733845752,0,0
2017-09-22,-0.00059994,0.0057899295,0.0025301448,0.0037932063,4.356928,-0.009186302482462516,-0.014856831784569537,0,0
2017-09-25,-0.0010007005,0.005786559,0.005504621,0.0037706874,4.2655916,-0.009180955642085754,-0.014848184441614287,0,0
2017-09-26,-0.0006009014,0.005840393,0.0024717594,0.003753916,4.1822896,-0.009266367548811667,-0.014986319489208113,0,0
2017-09-27,0.003600004,0.005775448,0.0039404226,0.0036912928,4.1815653,-0.009163326180068411,-0.014819672648959501,0,0
2017-09-28,0.0012968229,0.0057922713,0.0023620124,0.003734085,4.118092,-0.009190018758216005,-0.014862842046461093,0,0
2017-09-29,0.003284402,0.005736654,0.003038441,0.003728272,4.0337257,-0.00910177643742705,-0.014720129424190669,0,0
2017-10-02,0.004065651,0.0057247453,0.002318371,0.0037594587,3.9803486,-0.009082881975774115,-0.014689571771753951,0,0
2017-10-03,0.0025696792,0.005677728,0.0017820473,0.0038207925,3.9063892,-0.009008284096691237,-0.014568926044799521,0,0
2017-10-04,0.0013809432,0.0056424853,0.0023821536,0.0038247812,3.8709538,-0.008952368036261033,-0.014478494066813457,0,0
2017-10-05,0.005406747,0.00564251,0.0027244969,0.0038195874,3.7981534,-0.008952406945405762,-0.014478556993831071,0,0
2017-10-06,-0.0019627092,0.0056192465,0.0021009794,0.0038936788,3.7489748,-0.008915497549743523,-0.014418864132239494,0,0
2017-10-09,-0.0004912798,0.005584391,0.0031234876,0.0038468074,3.786201,-0.008860194986990666,-0.014329424352345098,0,0
2017-10-10,0.0018655806,0.0056043845,0.0026168928,0.0038466766,3.6803243,-0.00889191679831038,-0.014380727432727934,0,0
2017-10-11,0.0017641875,0.00558253,0.002347918,0.0038736376,3.5734565,-0.008857242416310454,-0.014324649216101574,0,0
2017-10-12,-0.0013718768,0.0056309514,0.001821968,0.0038527115,3.625483,-0.008934068070144997,-0.014448897880669108,0,0
2017-10-13,0.0012739479,0.0056359996,0.0020518638,0.003793542,3.6603305,-0.008942077924776087,-0.014461852065783319,0,0
2017-10-16,0.0013701314,0.0056493822,0.0016756806,0.0037607406,3.637674,-0.008963310554568057,-0.014496191192952878,0,0
2017-10-17,0.0002933555,0.0056334767,0.00147781,0.0036921555,3.6964507,-0.008938074807188204,-0.014455377900064242,0,0
2017-10-18,0.0011725621,0.0056280284,0.0014230756,0.0036430012,3.682891,-0.008929430643011656,-0.014441397858221036,0,0
2017-10-19,0.00019529343,0.0056197583,0.0052631344,0.0036432575,3.5746608,-0.008916309212599838,-0.014420176819095283,0,0
2017-10-20,0.0052585574,0.0056961486,0.0026775552,0.0036127213,3.5026588,-0.00903751029356534,-0.014616193015541035,0,0
2017-10-23,-0.004087597,0.0056395154,0.0037116567,0.0036116757,3.6380334,-0.008947655505429728,-0.014470872580587203,0,0
2017-10-24,0.0014617748,0.0056736926,0.0018799455,0.003596368,3.7352657,-0.00900188128022382,-0.014558570891854633,0,0
2017-10-25,-0.0034141378,0.0056434995,0.0066828444,0.0035932162,3.6396945,-0.008953976884152367,-0.014481096025820808,0,0
2017-10-26,0.0011718752,0.005750438,0.0025784718,0.0035937296,3.6540022,-0.00912364609135597,-0.014755498798346266,0,0
2017-10-27,0.0066148103,0.0056949104,0.004903792,0.0035444195,3.6552954,-0.009035545834188466,-0.014613015932861082,0,0
2017-10-30,-0.0039831013,0.0057073915,0.0030362185,0.0036586546,3.5934985,-0.009055347874263788,-0.0146450413945691,0,0
2017-10-31,0.0017506327,0.005670228,0.0021146205,0.0036313636,3.7102098,-0.008996384232451127,-0.014549680621343016,0,0
2017-11-01,0.0007770763,0.005626303,0.0039473204,0.0035867873,3.733196,-0.008926693429923197,-0.014436971015702906,0,0
2017-11-02,0.0007764729,0.0056592887,0.004286879,0.003593305,3.6201928,-0.008979028039310716,-0.014521610781230536,0,0
2017-11-03,0.0023258077,0.005650673,0.0030366916,0.003600676,3.481548,-0.008965358261417374,-0.014499502910182144,0,0
2017-11-06,0.002320411,0.0056114867,0.0033662103,0.003610564,3.4116592,-0.008903185067596525,-0.014398951389712488,0,0
2017-11-07,-0.00077287224,0.005594724,0.0034765166,0.00356138,3.4720821,-0.008876589309878837,-0.014355938578045421,0,0
2017-11-08,0.0016416401,0.005588317,0.0030538638,0.0034504205,4.2641582,-0.008866424069602554,-0.01433949852883925,0,0
2017-11-09,-0.0027053156,0.0056463853,0.008389787,0.0034268785,4.2493434,-0.008958555495136699,-0.014488500926032953,0,0
2017-11-10,-0.0017430042,0.0057689715,0.003860962,0.0034487094,4.2705045,-0.00915305054640476,-0.01480305406263359,0,0
2017-11-13,0.0009687107,0.005750485,0.004161782,0.0034298769,4.248998,-0.009123720290190103,-0.014755618798705437,0,0
2017-11-14,-0.0015503879,0.005790747,0.0049164556,0.0033946382,4.2362566,-0.00918759915233219,-0.014858928864016968,0,0
2017-11-15,-0.0050554257,0.0058211004,0.0051986976,0.0033526826,4.295612,-0.009235758720003956,-0.014936816414212814,0,0
2017-11-16,0.007767029,0.0058808047,0.0055557312,0.0034297523,4.2498426,-0.00933048529500511,-0.01509001589713941,0,0
2017-11-17,-0.0033906547,0.005874443,0.0024063797,0.0035324772,4.1844935,-0.009320391538971469,-0.015073691458035363,0,0
2017-11-20,0.002229439,0.0058080857,0.0042199665,0.0035666362,4.1289983,-0.009215109727382915,-0.01490342119230745,0,0
2017-11-21,0.005503804,0.0058077397,0.004686156,0.00353991,4.176274,-0.009214560475037561,-0.014902532896965795,0,0
2017-11-22,-0.0006742764,0.0057758554,0.001951667,0.003614919,4.111262,-0.009163973157707502,-0.014820718993554697,0,0
2017-11-24,0.0025021667,0.0056872657,0.0031747806,0.0035822382,4.0730743,-0.009023416134535308,-0.014593398800974955,0,0
2017-11-27,0.00028830906,0.0056896526,0.002440168,0.0035645312,4.1420603,-0.009027203894531438,-0.014599524672968638,0,0
2017-11-28,0.009277481,0.0056543634,0.005646305,0.0035481835,4.0555716,-0.0089712136352671,-0.014508972694623406,0,0
2017-11-29,-0.00038087985,0.0056964234,0.0039011638,0.0036999092,3.890354,-0.009037945533068002,-0.014616896920086893,0,0
2017-11-30,0.008723742,0.005672743,0.008214929,0.0036377104,3.9236362,-0.009000374681945377,-0.014556134299195894,0,0
2017-12-01,-0.001511716,0.005740578,0.012286931,0.003764219,3.8551874,-0.009108000995719782,-0.01473019628358975,0,0
2017-12-04,-0.0021771034,0.0058015613,0.0074907118,0.003740229,3.8360193,-0.009204758085157467,-0.01488667967878434,0,0
2017-12-05,-0.003797593,0.005771384,0.0054647587,0.0036954086,3.9088044,-0.00915687902527328,-0.014809245788482915,0,0
2017-12-06,0.00038040895,0.0057432125,0.0038575397,0.003752049,3.8471272,-0.00911218146661852,-0.01473695727943562,0,0
2017-12-07,0.0038908708,0.0057063927,0.0034222477,0.0037084485,3.8359115,-0.00905376345769589,-0.014642478947875135,0,0
2017-12-08,0.004347422,0.0056647775,0.0028716938,0.0037624927,3.8619983,-0.008987736448819256,-0.014535694725823754,0,0
2017-12-11,0.0039529465,0.005622248,0.0034751284,0.0038307891,3.801518,-0.008920259848085529,-0.014426566106511532,0,0
2017-12-12,0.0023455468,0.005593796,0.0025515594,0.003897219,3.732154,-0.00887511709642597,-0.014353557595309223,0,0
2017-12-13,0.0004684499,0.0055500926,0.004297951,0.003867045,3.772775,-0.008805777381064426,-0.014241415796246645,0,0
2017-12-14,-0.004882639,0.0056396555,0.004984727,0.0038711056,3.6824298,-0.008947878101932129,-0.01447123258166471,0,0
2017-12-15,0.009741553,0.0056761336,0.004469167,0.003974908,3.5996957,-0.009005754097420052,-0.014564834325235657,0,0
2017-12-18,0.0046498734,0.005664356,0.0030872535,0.0051685874,2.7555397,-0.008987067754448224,-0.014534613259172218,0,0
2017-12-19,-0.0039044393,0.0056297733,0.003183689,0.0049858466,2.883292,-0.008932198621470367,-0.014445874456985652,0,0
2017-12-20,-0.0009318797,0.0056255953,0.0042759567,0.004165032,3.5558362,-0.008925570493909055,-0.014435154912706211,0,0
2017-12-21,0.002328073,0.0056491992,0.0037410473,0.004138228,3.534244,-0.008963020093278339,-0.014495721435449301,0,0
2017-12-22,-0.0006513143,0.005632762,0.002428139,0.0052616876,2.6014214,-0.008936941012808092,-0.014453544236039376,0,0
2017-12-26,0.00037223153,0.005608539,0.001578186,0.004050965,3.5939229,-0.008898508731318455,-0.014391388440246802,0,0
2017-12-27,-0.00055839925,0.0055796527,0.0024575265,0.003972501,3.6549401,-0.008852677378283585,-0.014317266267174644,0,0
2017-12-28,9.30882e-05,0.0056039086,0.0015267056,0.0038973792,3.7159634,-0.008891162141875414,-0.014379506941270043,0,0
2017-12-29,-0.0036368764,0.0055737733,0.00777811,0.0039106067,3.6191547,-0.00884334913705088,-0.014302179880556659,0,0
2018-01-02,0.0063326717,0.0056963065,0.0038936818,0.0038886894,3.7027862,-0.009037760940846499,-0.014616598382607985,0,0
2018-01-03,0.006661757,0.0056235194,0.0041685277,0.00399739,3.6348255,-0.008922276789564594,-0.014429828067494314,0,0
2018-01-04,0.0046920367,0.0056027174,0.0043463637,0.004144816,3.5238116,-0.00888927188133267,-0.014376449858949258,0,0
2018-01-05,0.006860306,0.0055857305,0.0031008343,0.0042430256,3.448153,-0.008862320512129441,-0.014332861923609589,0,0
2018-01-08,0.0015484814,0.0055477982,0.0028793178,0.0042812745,3.4966364,-0.008802137113872732,-0.014235528461552287,0,0
2018-01-09,0.0020003645,0.005530989,0.004238445,0.0042753364,3.4664173,-0.00877546715732091,-0.014192395649526051,0,0
2018-01-10,-0.00063604565,0.0056087314,0.003990274,0.004266828,3.453427,-0.008898813670429467,-0.014391881612454608,0,0
2018-01-11,0.006884085,0.005622291,0.0038349712,0.0041824165,3.516632,-0.008920327712872845,-0.014426675862937601,0,0
2018-01-12,0.0069266683,0.0056340834,0.0038732595,0.0042870096,3.4705968,-0.008939037582304276,-0.014456934977895412,0,0
2018-01-16,-0.0022436625,0.005649251,0.009819527,0.0043965527,3.4203572,-0.00896310243588695,-0.014495854606579598,0,0
2018-01-17,0.0076080025,0.0057643675,0.0061431555,0.0044271857,3.3666577,-0.009145746485561768,-0.014791241344350501,0,0
2018-01-18,-0.0026785731,0.005749827,0.0032446273,0.00460198,3.261117,-0.00912267607732925,-0.014753930013162983,0,0
2018-01-19,0.005261058,0.0057062753,0.004976165,0.0045574564,3.3043618,-0.009053577055746725,-0.014642177483558198,0,0
2018-01-22,0.008589825,0.0057337633,0.0059299693,0.004593994,3.3179927,-0.00909718968266824,-0.014712711353207397,0,0
2018-01-23,0.0014978637,0.0057466007,0.0038780984,0.0047065993,3.2857368,-0.009117557262637873,-0.014745651451799326,0,0
2018-01-24,0.00052812253,0.0057224226,0.0073543303,0.004647754,3.3185985,-0.009079196465390878,-0.014683611266108879,0,0
2018-01-25,8.7993314e-05,0.005793655,0.005715527,0.004708723,3.218287,-0.009192213053005927,-0.01486639083757067,0,0
2018-01-26,0.01163465,0.005800701,0.0049712034,0.004776003,3.1316788,-0.009203393550500476,-0.01488447284291084,0,0
2018-01-29,-0.007332435,0.0057943594,0.0049120425,0.004912144,3.0966465,-0.009193331464700916,-0.014868199623472292,0,0
2018-01-30,-0.010214953,0.0058920993,0.00756475,0.0050081443,3.08167,-0.009348405218312171,-0.015118997447297772,1,0
2018-01-31,0.00044245832,0.006020178,0.006669757,0.005333454,2.9343696,-0.009551615013135588,-0.015447644772424725,0,0
2018-02-01,-0.0011507991,0.0060126903,0.006812645,0.00519348,2.991623,-0.009539735055899758,-0.015428431544186534,0,0
2018-02-02,-0.023570567,0.0060114656,0.011252493,0.0050601363,3.0573213,-0.009537792313254825,-0.015425289583562922,1,1
2018-02-05,-0.055564668,0.006319028,0.027439388,0.0054666307,2.8499234,-0.010025769994571788,-0.01621448657982893,1,1
2018-02-06,0.03263209,0.009914275,0.043182228,0.0071976064,2.3844192,-0.015729989960802496,-0.025439812728435686,0,0
2018-02-07,-0.009697046,0.008876529,0.016924797,0.03701697,2.2566361,-0.014083501543832217,-0.022776978416930153,0,0
2018-02-08,-0.028414512,0.0080098435,0.024126634,0.015670162,2.235091,-0.012708418889164644,-0.02055308346798013,1,1
2018-02-09,0.0097842505,0.00828268,0.028798686,0.027611626,2.5814223,-0.013141301221546026,-0.02125317580730601,0,0
2018-02-12,0.013746247,0.008160711,0.012210902,0.021619178,2.5136924,-0.012947785232942995,-0.020940206090078798,0,0
2018-02-13,0.002444989,0.007925656,0.00864372,0.018989291,2.5464287,-0.012574846509903134,-0.020337059406771444,0,0
2018-02-14,0.013156243,0.007857512,0.018154167,0.013603714,2.4612846,-0.012466728855068554,-0.020162202785852845,0,0
2018-02-15,0.013625694,0.007655042,0.0089724725,0.014929706,2.4892526,-0.012145490431870755,-0.019642670011344128,0,0
2018-02-16,0.00036569758,0.007433924,0.008388829,0.015160766,2.4869368,-0.011794664771130324,-0.01907528636190721,0,0
2018-02-20,-0.0077078743,0.0073955236,0.00983645,0.01190895,2.4496117,-0.01173373847966845,-0.0189767514328392,0,0
2018-02-21,-0.0056348587,0.007482603,0.01362864,0.011019649,2.4961684,-0.011871899423416432,-0.019200196491869187,0,0
2018-02-22,0.0047132843,0.007574529,0.01244887,0.0098939845,2.450232,-0.012017748090271705,-0.019436074758844308,0,0
2018-02-23,0.013644275,0.007508731,0.006445319,0.008921165,2.4777558,-0.01191335304523743,-0.019267238643750368,0,0
2018-02-26,0.012922062,0.0072401417,0.008301771,0.011440928,2.554977,-0.011487210138668559,-0.01857804584924268,0,0
2018-02-27,-0.013376917,0.007116867,0.009141552,0.0121105155,2.6436067,-0.011291622011892778,-0.01826172490247282,1,0
2018-02-28,-0.012083633,0.007235704,0.010668424,0.012574418,2.7320158,-0.011480168488336528,-0.018566657522473724,1,0
2018-03-01,-0.013444178,0.0074290084,0.016645245,0.012519119,2.8032444,-0.011786865749771834,-0.01906267315342332,1,0
2018-03-02,0.00447053,0.007772674,0.012693714,0.012924319,2.8339627,-0.012332124931039823,-0.019944510426967908,0,0
2018-03-05,0.010446131,0.007683728,0.014698423,0.011321517,2.7752447,-0.01219100327283715,-0.01971627706092327,0,0
2018-03-06,0.0020211306,0.007593106,0.0061943415,0.011243662,2.8403533,-0.012047223124699304,-0.019483744169814743,0,0
2018-03-07,-0.0002753683,0.007462311,0.011644224,0.00977823,2.811448,-0.01183970346344933,-0.01914812657992288,0,0
2018-03-08,0.0058581405,0.007456457,0.003695416,0.008412052,2.7558415,-0.011830415036225185,-0.019133104583741522,0,0
2018-03-09,0.016204583,0.007216277,0.00995501,0.008125291,2.8061051,-0.011449346111664725,-0.01851680908059106,0,0
2018-03-12,0.0,0.007081168,0.005449546,0.010966948,2.877329,-0.011234981155534025,-0.018170120725856338,0,0
2018-03-13,-0.004049135,0.006973486,0.01090689,0.009727334,2.854586,-0.011064133815622596,-0.017893812581774315,0,0
2018-03-14,-0.0067852074,0.007077357,0.008523362,0.008770765,2.880622,-0.01122893485541598,-0.018160342160003066,0,0
2018-03-15,0.00054451404,0.007120329,0.0057059457,0.008506713,2.8768935,-0.011297114535346315,-0.018270607855889364,0,0
2018-03-16,0.00018143881,0.007019147,0.004087817,0.0076129534,2.7851198,-0.011136579023651772,-0.018010976834893826,0,0
2018-03-19,-0.012137954,0.006930808,0.013353229,0.0065992447,2.8009834,-0.010996421045429004,-0.01778430201009937,1,0
2018-03-20,0.00027541886,0.0071751475,0.0041983426,0.008572089,2.8572347,-0.011384090046772016,-0.01841127169153983,0,0
2018-03-21,-0.0019295269,0.007065707,0.008083955,0.0076103183,2.8500562,-0.011210451201942272,-0.018130448899798823,0,0
2018-03-22,-0.02797907,0.0071364613,0.013901978,0.0068996227,2.7854803,-0.011322710418530862,-0.018312003589545676,1,1
2018-03-23,-0.017363535,0.007528966,0.015980223,0.014869362,2.7863393,-0.011945457613957612,-0.019319160750376235,1,0
2018-03-26,0.02349245,0.007832112,0.011841351,0.016058004,2.8647838,-0.01242642983949578,-0.02009702795663386,0,0
2018-03-27,-0.016587272,0.007718753,0.019944958,0.018875323,2.9313712,-0.012246574580147782,-0.0198061514762649,1,0
2018-03-28,-0.0031589554,0.007986827,0.0109549435,0.018469047,2.9609845,-0.012671900394677353,-0.020494022803402713,0,0
2018-03-29,0.013522727,0.008070768,0.013617674,0.01566842,2.8879251,-0.012805080967900085,-0.020709413204178222,0,0
2018-04-02,-0.026065102,0.007958952,0.01972632,0.015167963,2.922362,-0.012627674270078491,-0.020422496735661846,1,1
2018-04-03,0.014745124,0.008283186,0.009657432,0.018964248,2.975413,-0.013142103835764031,-0.021254473859971656,0,0
2018-04-04,0.012832266,0.008090087,0.023064828,0.017915364,3.0116818,-0.012835733230171679,-0.020758986523286206,0,0
2018-04-05,0.005556878,0.008127465,0.0065141125,0.016722698,3.052169,-0.012895037100784757,-0.020854897542061653,0,0
2018-04-06,-0.02126326,0.007793706,0.016628072,0.0147058405,3.0554059,-0.012365494499395597,-0.019998478393375707,1,1
2018-04-09,0.0050720237,0.008118781,0.01212763,0.016702864,3.1073246,-0.012881259644095538,-0.020832615524150562,0,0
2018-04-10,0.013652089,0.008163034,0.011498131,0.014793006,3.0901866,-0.012951470743326234,-0.02094616659572387,0,0
2018-04-11,-0.0052870214,0.008082005,0.008880181,0.01459155,3.1570807,-0.012822910404824056,-0.02073824841243516,0,0
2018-04-12,0.00867112,0.007922398,0.007913076,0.013007302,3.1626146,-0.012569677022837226,-0.02032869889394299,0,0
2018-04-13,-0.0025369993,0.0077547086,0.009435758,0.012105833,3.1948652,-0.012303621720366606,-0.019898412728018785,0,0
2018-04-16,0.009177813,0.0076333685,0.0066555603,0.01051799,3.1518242,-0.012111102891705222,-0.01958705569854529,0,0
2018-04-17,0.0091867205,0.0074194577,0.0066856686,0.01034338,3.156765,-0.011771711995195822,-0.019038165275191546,0,0
2018-04-18,0.0012000925,0.0072282753,0.0036533538,0.010226059,3.1473455,-0.011468382636939112,-0.018547596489813016,0,0
2018-04-19,-0.006200566,0.007087535,0.0071189706,0.008857258,3.1190856,-0.011245083960205977,-0.018186459799150526,0,0
2018-04-20,-0.008015702,0.0071098995,0.008920957,0.008288358,3.153842,-0.011280567290470724,-0.018243846312375633,0,0
2018-04-23,-9.3584764e-05,0.0071636206,0.0067498824,0.0084276805,3.143302,-0.011365800939021951,-0.01838169306642365,0,0
2018-04-24,-0.013568473,0.0071018557,0.017307915,0.0072584483,3.1273463,-0.011267805090999769,-0.01822320625059854,1,0
2018-04-25,0.0035039573,0.007310486,0.009707718,0.009505445,3.1173356,-0.011598817853298906,-0.018758546877299272,0,0
2018-04-26,0.011280435,0.007275668,0.008036055,0.008572237,3.0617242,-0.01154357591642272,-0.01866920514647883,0,0
2018-04-27,-0.0011223346,0.007146207,0.004816005,0.009416175,3.1170669,-0.01133817273167321,-0.018337010493661314,0,0
2018-04-30,-0.00921319,0.0069962535,0.008222538,0.008360488,3.0921566,-0.011100256884615784,-0.0179522337322425,0,0
2018-05-01,0.0019814132,0.007030526,0.009198411,0.008690458,3.1370502,-0.011154633771669635,-0.01804017643448531,0,0
2018-05-02,-0.009375513,0.006984697,0.006376932,0.007819085,3.112897,-0.011081921628810344,-0.017922580472756595,0,0
2018-05-03,0.0016162004,0.0069589065,0.012116795,0.008320935,3.1774826,-0.011041001876649576,-0.017856401738093827,0,0
2018-05-04,0.011804283,0.0070122993,0.013459892,0.007507429,3.1696343,-0.011125715228498038,-0.017993407026208646,0,0
2018-05-07,0.0026251655,0.006937507,0.005086776,0.008716451,3.2438517,-0.011007049575986704,-0.017801491329840845,0,0
2018-05-08,9.362857e-05,0.006773818,0.0058176033,0.007956541,3.1991713,-0.010747340083562155,-0.01738146812146363,0,0
2018-05-09,0.009597092,0.0067483904,0.0063997274,0.0071933707,3.1961799,-0.010706996729661668,-0.017316221584712944,0,0
2018-05-10,0.008403023,0.0067205266,0.0066025252,0.007841135,3.2846198,-0.010662788702339424,-0.017244724785352366,0,0
2018-05-11,0.0039462266,0.006639798,0.0029396226,0.008026486,3.3760173,-0.010534704322212297,-0.017037576360465153,0,0
2018-05-14,0.0005494002,0.0064819157,0.004315113,0.0074503347,3.4089653,-0.010284208153313929,-0.01663245368449111,0,0
2018-05-15,-0.0080882795,0.0064371643,0.006650286,0.0066958126,3.4178426,-0.0102132052982312,-0.01651762212128033,0,0
2018-05-16,0.0051546507,0.006534878,0.005495623,0.0071075126,3.4819074,-0.010368238332970063,-0.016768354091250166,0,0
2018-05-17,-0.0015619978,0.0064566727,0.005413073,0.006796663,3.5596912,-0.01024415797529465,-0.016567681295501048,0,0
2018-05-18,-0.0021171821,0.006395972,0.004562118,0.006208049,3.5195363,-0.01014784969831709,-0.01641192375613753,0,0
2018-05-21,0.007344873,0.0063618138,0.0037603101,0.00566892,3.5086925,-0.01009365468889325,-0.016324275201116584,0,0
2018-05-22,-0.0025645737,0.0062812627,0.0051037,0.006229106,3.4994624,-0.009965851721417531,-0.016117581899542807,0,0
2018-05-23,0.0017409634,0.006289274,0.0072744023,0.0057781143,3.4626129,-0.009978562343650124,-0.016138138546436087,0,0
2018-05-24,-0.001190858,0.0062763793,0.007132042,0.0053015957,3.4550827,-0.009958104277297401,-0.016105052105942732,0,0
2018-05-25,-0.0033971479,0.006249132,0.005915935,0.004836306,3.4518845,-0.009914873502912525,-0.01603513579911755,0,0
2018-05-29,-0.009611015,0.0062406166,0.011048739,0.004731328,3.4443157,-0.009901362981053421,-0.016013285489815666,0,0
2018-05-30,0.01190765,0.0065107304,0.008812558,0.0062934896,3.4806714,-0.010329925493506106,-0.016706391466767476,0,0
2018-05-31,-0.006998187,0.0064720786,0.006611972,0.0080316765,3.568467,-0.010268601061958638,-0.016607212633333195,0,0
2018-06-01,0.010387555,0.0064824163,0.0053771827,0.007940009,3.6326182,-0.010285002623757455,-0.01663373856638563,0,0
2018-06-04,0.0042889146,0.006367693,0.0040614638,0.008727056,3.6479526,-0.010102982930125954,-0.016339361587734566,0,0
2018-06-05,0.0021830099,0.0062615736,0.0034521027,0.007981157,3.625791,-0.009934613107383517,-0.016067060284913583,0,0
2018-06-06,0.007513047,0.006179533,0.0049040103,0.0071992003,3.6054747,-0.00980444754044533,-0.01585654599629358,0,0
2018-06-07,0.0,0.0061242785,0.0050369096,0.007359748,3.681844,-0.009716780713052823,-0.015714764108516223,0,0
2018-06-08,0.0023419214,0.0060933987,0.006878812,0.0066449107,3.6590807,-0.009667786860928972,-0.015635527285989232,0,0
2018-06-11,0.0015282963,0.006108967,0.0043192883,0.00612876,3.6647792,-0.009692487833784765,-0.015675475698240442,0,0
2018-06-12,0.0018846764,0.006021536,0.0028904583,0.005622939,3.6638496,-0.009553769493916951,-0.015451129173097673,0,0
2018-06-13,-0.003323008,0.0059520155,0.0033610293,0.005192183,3.6746995,-0.009443468402658419,-0.01527274132209767,0,0
2018-06-14,0.003412666,0.0060548685,0.004977327,0.005005034,3.6811497,-0.009606655165377485,-0.015536660160804986,0,0
2018-06-15,-0.0014354928,0.006078355,0.005829896,0.004846893,3.7261689,-0.009643918362797604,-0.01559692521923114,0,0
2018-06-18,-0.0017073285,0.0061053615,0.0064998856,0.0044715707,3.7397563,-0.009686767284645842,-0.015666223963232303,0,0
2018-06-19,-0.004868383,0.0061166445,0.011087599,0.0041552805,3.7658286,-0.009704669110676283,-0.01569517624501038,0,0
2018-06-20,0.002076469,0.0062300786,0.005146687,0.0045138123,3.7455971,-0.009884643812049959,-0.015986245896689222,0,0
2018-06-21,-0.0070594917,0.0061488403,0.0087662535,0.0042710886,3.7391076,-0.009755750483658012,-0.015777789175203265,0,0
2018-06-22,0.0025399143,0.0062981243,0.004496701,0.0051159114,3.7959433,-0.009992604925441795,-0.016160849346118354,0,0
2018-06-25,-0.01359076,0.0062249326,0.01264103,0.004822117,3.8269918,-0.009876479225703788,-0.015973041466923573,1,0
2018-06-26,0.0022932633,0.006569289,0.0050919075,0.0077143274,3.8355792,-0.010422835101934822,-0.016856652404313444,0,0
2018-06-27,-0.008650095,0.0064983666,0.01116209,0.0070257816,3.8236098,-0.010310308950516116,-0.01667466600595738,0,0
2018-06-28,0.005346128,0.006760926,0.007944555,0.0075472235,3.8613217,-0.010726885636664756,-0.017348387534646334,0,0
2018-06-29,0.00073515903,0.0067447936,0.0074357474,0.007225073,3.8264418,-0.01070129065834404,-0.017306993264409036,0,0
2018-07-02,0.0021105765,0.0067031127,0.0076865824,0.006513656,3.7175717,-0.010635159590126852,-0.017200040749171017,0,0
2018-07-03,-0.005146597,0.0067092623,0.006949227,0.0059519284,3.725545,-0.01064491583195157,-0.017215819332982742,0,0
2018-07-05,0.009263147,0.006750347,0.0047759665,0.0058912644,3.784752,-0.01071010131746547,-0.017321242575350865,0,0
2018-07-06,0.008906721,0.0066207154,0.006821792,0.006960836,3.871323,-0.010504427578430524,-0.016988610360248086,0,0
2018-07-09,0.0088280905,0.006527554,0.0034813632,0.007601366,3.8842626,-0.010356617166789869,-0.016749559400850055,0,0
2018-07-10,0.003312892,0.00633619,0.0038582275,0.008058182,3.917657,-0.010052999156971103,-0.016258523784805978,0,0
2018-07-11,-0.008167706,0.0062390505,0.0053949105,0.0073110047,3.909103,-0.00989887822497378,-0.016009266941202513,0,0
2018-07-12,0.008793238,0.0063537983,0.004926615,0.007680395,3.9885054,-0.01008093682775001,-0.01630370684687119,0,0
2018-07-13,0.0016958991,0.006325283,0.0033744348,0.008129382,4.0051823,-0.010035694541069052,-0.016230537359577312,0,0
2018-07-16,-0.002410823,0.0062593436,0.0030216079,0.0071616555,3.9517477,-0.009931075089804715,-0.016061338316567836,0,0
2018-07-17,0.005260589,0.0062338146,0.0055874973,0.006414582,3.89037,-0.009890570670142327,-0.015995831291232613,0,0
2018-07-18,0.001688214,0.006248316,0.0028143625,0.006298117,3.9210217,-0.009913578642770513,-0.016033041646508147,0,0
2018-07-19,-0.0038247767,0.006169364,0.0039720014,0.0056234812,3.8867848,-0.009788313818340458,-0.01583045323526936,0,0
2018-07-20,-0.001605423,0.0062000877,0.0042892606,0.005440022,3.843071,-0.009837059737774644,-0.015909289080986447,0,0
2018-07-23,0.0040087355,0.0062164227,0.0048201373,0.0049709096,3.814997,-0.00986297684761916,-0.01595120432839282,0,0
2018-07-24,0.003195458,0.0062101623,0.00472666,0.0050353147,3.832711,-0.009853044157347418,-0.01593514037787331,0,0
2018-07-25,0.007152664,0.0062005604,0.0074324957,0.0049131154,3.843502,-0.009837809869890456,-0.015910502255349266,0,0
2018-07-26,0.00043985047,0.0062141046,0.0028922274,0.005829844,3.879572,-0.0098592994810104,-0.015945256993518876,0,0
2018-07-27,-0.008833979,0.0061211376,0.008154515,0.005309216,3.865447,-0.009711797627936081,-0.015706705060004704,0,0
2018-07-30,-0.0050705085,0.0062471363,0.0051976093,0.0063799317,3.9735477,-0.009911707384368222,-0.01603001529598666,0,0
2018-07-31,0.0048930305,0.0062801093,0.0057415436,0.006220759,4.0911975,-0.00996402208675146,-0.016114622866295978,0,0
2018-08-01,-0.0022211373,0.006233526,0.0041223806,0.0060735946,4.225843,-0.009890112809043894,-0.015995090801211396,0,0
2018-08-02,0.006295184,0.0062095076,0.009607476,0.005662655,4.293616,-0.009852005373669549,-0.015933460372844942,0,0
2018-08-03,0.0038814445,0.0062562944,0.003714517,0.0058680284,4.4968953,-0.009926237687764745,-0.016053514878517614,0,0
2018-08-06,0.003691014,0.0061253803,0.0042079757,0.005644736,4.646748,-0.009718528909974114,-0.01571759143405177,0,0
2018-08-07,0.0034152141,0.006062065,0.0030822621,0.005401131,4.8694034,-0.009618072737195728,-0.015555125581926892,0,0
2018-08-08,-0.0015748035,0.005980898,0.0021954186,0.005166722,5.045189,-0.009489293421646472,-0.015346853251236732,0,0
2018-08-09,-0.0005254861,0.0059106266,0.0030317856,0.0047876686,5.159286,-0.00937780062472265,-0.015166538077394952,0,0
2018-08-10,-0.0059748883,0.005908705,0.005704114,0.004384006,5.257924,-0.009374752138476362,-0.015161607818735916,0,0
2018-08-13,-0.003973691,0.0060389605,0.005486644,0.0049079536,5.096899,-0.00958141579854231,-0.015495841014240293,0,0
2018-08-14,0.005470763,0.0061782333,0.003136543,0.0048376187,5.290843,-0.009802385355774717,-0.015853210864360087,0,0
2018-08-15,-0.0069760536,0.006071476,0.008952069,0.0051029082,5.189131,-0.009633003895269339,-0.015579273459081161,0,0
2018-08-16,0.008295141,0.0063206158,0.0069742333,0.005638806,5.481736,-0.010028290040340832,-0.01621856220178364,0,0
2018-08-17,0.0026329663,0.0063052424,0.0051216446,0.0064683924,5.7538695,-0.010003898530915207,-0.016179114278835307,0,0
2018-08-20,0.0021888553,0.0062449975,0.002145107,0.0059757642,5.440622,-0.009908314145002362,-0.016024527474683192,0,0
2018-08-21,0.0011363141,0.006147132,0.005323799,0.0055105165,5.486485,-0.009753040416484478,-0.015773406235255562,0,0
2018-08-22,-0.00017473353,0.0062579233,0.005140256,0.00503015,5.5007634,-0.009928821978865784,-0.016057694403222335,0,0
2018-08-23,-0.0011365127,0.006229274,0.0036149682,0.004625371,5.2277536,-0.009883367049184565,-0.015984181012460106,0,0
2018-08-24,0.0065391054,0.00619509,0.0033752082,0.004276099,5.1686316,-0.009829130416024503,-0.015896465140164504,0,0
2018-08-27,0.007532177,0.006172209,0.0033293369,0.005039088,5.3029485,-0.009792827279128965,-0.01583775276931248,0,0
2018-08-28,0.00025872106,0.0061642085,0.0029252202,0.005838417,5.489398,-0.00978013384930916,-0.01581722392738047,0,0
2018-08-29,0.00533197,0.0061446903,0.003792159,0.005279737,5.466491,-0.009749166694424414,-0.015767141338455526,0,0
2018-08-30,-0.0043838983,0.006147202,0.0041065533,0.005438322,5.629861,-0.009753151714735678,-0.015773586235794317,0,0
2018-08-31,0.0,0.006206225,0.0037439326,0.0053664926,5.6973586,-0.009846797882322744,-0.015925038396417887,0,0
2018-09-04,-0.0012930479,0.0061668814,0.0063443366,0.004863831,5.538619,-0.009784374946084569,-0.0158240829723003,0,0
2018-09-05,-0.003456324,0.006227661,0.0051579135,0.00444885,5.559218,-0.00988080718940696,-0.01598004100006877,0,0
2018-09-06,-0.0032077706,0.0062512723,0.005785424,0.0044285133,5.5350056,-0.009918269456869877,-0.016040628010678057,0,0
2018-09-07,-0.0014772976,0.0063443375,0.0048761196,0.0043529924,5.6315017,-0.010065926946523111,-0.016279431652262682,0,0
2018-09-10,0.001911382,0.0063859215,0.0034036092,0.0040274407,5.6634502,-0.010131904187889045,-0.016386135386268277,0,0
2018-09-11,0.0032928973,0.006314618,0.0059435326,0.00382328,5.677694,-0.010018773587431301,-0.01620317142401069,0,0
2018-09-12,-0.00043265696,0.006303177,0.003843602,0.003975605,5.5856304,-0.010000622018983532,-0.016173815238584677,0,0
2018-09-13,0.0057821088,0.0063273734,0.003765319,0.0036753775,5.517277,-0.010039011771873116,-0.01623590225368358,0,0
2018-09-14,0.00034414523,0.0062965658,0.0037598505,0.0046669426,5.5557556,-0.009990131932591958,-0.016156849821952386,0,0
2018-09-17,-0.0052611274,0.00626545,0.0037842095,0.0042241453,5.4933724,-0.009940763466842115,-0.016077007143953492,0,0
2018-09-18,0.007151812,0.0063158255,0.00759044,0.004765281,5.6195536,-0.010020689184161307,-0.016206269482063874,0,0
2018-09-19,0.0011155448,0.006370417,0.0031275032,0.005716422,5.7900467,-0.010107303654918482,-0.01634634941352765,0,0
2018-09-20,0.008369679,0.0062494427,0.004505572,0.0051115397,5.760049,-0.009915366653700363,-0.01603593336248032,0,0
2018-09-21,-0.0019580307,0.0062317187,0.0033968939,0.0062965085,5.9464417,-0.009887245295563785,-0.015990453226355214,0,0
2018-09-24,-0.002816062,0.0061977524,0.0029011227,0.005676846,5.9109325,-0.009833354320387126,-0.01590329638012306,0,0
2018-09-25,-0.0014537994,0.006163433,0.003701727,0.0053012753,5.9339437,-0.009778904139362972,-0.015815235140940093,0,0
2018-09-26,-0.0033431945,0.006176363,0.0064870566,0.0048659416,5.908288,-0.009799418307273211,-0.015848412313412334,0,0
2018-09-27,0.002915204,0.0062611736,0.0056500486,0.0047553536,5.973241,-0.009933978797838059,-0.01606603442818459,0,0
2018-09-28,-0.0003425244,0.006232295,0.0041857786,0.0046072714,5.9530473,-0.00988816011289682,-0.01599193274297863,0,0
2018-10-01,0.003761331,0.006183117,0.004424371,0.0042409976,5.901564,-0.009810134609622509,-0.01586574358479819,0,0
2018-10-02,-0.0005120765,0.0061701583,0.0044668056,0.004409122,5.951291,-0.009789573388793065,-0.01583249031453721,0,0
2018-10-03,0.0010238909,0.0061670486,0.00478961,0.0040949527,5.8213377,-0.00978464007118702,-0.015824511754071475,0,0
2018-10-04,-0.008134651,0.006150612,0.00851944,0.0038707328,5.759946,-0.009758561895580605,-0.015782336018080566,0,0
2018-10-05,-0.004739958,0.006312191,0.009736602,0.0056575723,5.809638,-0.01001492339183084,-0.016196944576105023,0,0
2018-10-08,-8.638936e-05,0.0064097447,0.00787132,0.005665952,5.753035,-0.010169702159833222,-0.016447265325331854,0,0
2018-10-09,-0.0019024565,0.0064805807,0.00618564,0.0050983084,5.712233,-0.010282089867085802,-0.016629027820578735,0,0
2018-10-10,-0.037840206,0.0065329997,0.018884132,0.004777606,5.739732,-0.010365257711511092,-0.016763533589017204,1,1
2018-10-11,-0.012847368,0.0070873764,0.021073764,0.02002203,4.006006,-0.011244832408060988,-0.018186052968664563,1,0
2018-10-12,0.00834245,0.007261662,0.01274861,0.01827065,4.0295286,-0.01152135336559975,-0.018633265038907672,0,0
2018-10-15,-0.0070684482,0.0072272173,0.0071543725,0.016135184,4.068695,-0.0114667041145328,-0.01854488184754157,0,0
2018-10-16,0.024701485,0.007255311,0.01013647,0.014389958,4.108179,-0.011511277706842725,-0.01861696986818391,0,0
2018-10-17,-0.00053248135,0.0071681957,0.010340399,0.017621173,4.172556,-0.011373059756673397,-0.018393432613756026,0,0
2018-10-18,-0.015746947,0.007134327,0.0116356835,0.015227614,4.177633,-0.011319324418075651,-0.018306527475594324,1,0
2018-10-19,-0.0017148793,0.0073307636,0.009587504,0.01536914,4.2675157,-0.011630990286806404,-0.01881057874035121,0,0
2018-10-22,-0.0039826264,0.007367074,0.008237996,0.01329934,4.2741737,-0.011688600252328046,-0.01890375023873196,0,0
2018-10-23,-0.0037254144,0.007416302,0.01679665,0.011742733,4.196939,-0.011766705383619475,-0.019030068177785655,0,0
2018-10-24,-0.030313753,0.0075790877,0.017562876,0.0102697,4.164876,-0.012024981571735887,-0.019447773330444285,1,1
2018-10-25,0.008967832,0.007923366,0.01674505,0.01779628,3.9401336,-0.012571212576758257,-0.020331182316010186,0,0
2018-10-26,-0.006999235,0.008078785,0.017300254,0.016177647,3.924168,-0.012817800638770986,-0.020729984485261647,0,0
2018-10-29,-0.009787392,0.008189815,0.027150247,0.014498993,3.945071,-0.012993961339097438,-0.02101488582579539,0,0
2018-10-30,0.015670037,0.008398897,0.010616277,0.013841658,3.8214276,-0.013325690753550643,-0.021551385480355414,0,0
2018-10-31,0.009543737,0.008208652,0.013644812,0.01449212,3.8478048,-0.013023848086568094,-0.021063221092417313,0,0
2018-11-01,0.009910156,0.00813959,0.005724835,0.013583451,3.8947139,-0.012914274505829602,-0.020886009830304773,0,0
2018-11-02,-0.005034566,0.007845773,0.017271725,0.01288455,3.9833279,-0.012448104947701056,-0.02013208269570139,0,0
2018-11-05,0.005582261,0.007982265,0.0070418227,0.011658826,4.033684,-0.01266466329375785,-0.02048231837812668,0,0
2018-11-06,0.007092873,0.007832258,0.0066586854,0.010725354,4.0721726,-0.01242666148463649,-0.02009740259190151,0,0
2018-11-07,0.020626685,0.00768637,0.01291843,0.010174764,4.133638,-0.012195195506965689,-0.019723057081216328,0,0
2018-11-08,-0.002755435,0.0074652154,0.005584637,0.013105159,4.1437674,-0.011844311934940082,-0.019155579772962495,0,0
2018-11-09,-0.010648394,0.007283131,0.0104701305,0.011858422,4.165223,-0.01155541696451382,-0.01868835544769941,0,0
2018-11-12,-0.018614057,0.007351893,0.014750802,0.01167725,4.2385845,-0.011664514586877261,-0.018864796951410447,1,0
2018-11-13,-9.165483e-05,0.0077006374,0.010615155,0.013308314,4.3120522,-0.012217832485423208,-0.019759667434696013,0,0
2018-11-14,-0.010689376,0.0077221813,0.014287044,0.012000354,4.3247643,-0.012252013716635297,-0.019814948087959604,0,0
2018-11-15,0.0132525405,0.007799179,0.015433471,0.011781762,4.406223,-0.012374177572716872,-0.020012521362236527,0,0
2018-11-16,0.0031036083,0.007784413,0.010045812,0.0121491505,4.4326057,-0.01235075064813498,-0.01997463344395739,0,0
2018-11-19,-0.017190292,0.007604994,0.015141117,0.011188407,4.3032413,-0.012066084106390495,-0.019514247675747932,1,0
2018-11-20,-0.021083001,0.0077789733,0.011222027,0.012638217,4.3564034,-0.012342120056915897,-0.0199606753533994,1,1
2018-11-21,0.0034032932,0.007942116,0.010170009,0.014771816,4.429323,-0.012600961784926618,-0.02037929514294194,0,0
2018-11-23,-0.0073884963,0.00794587,0.0055890367,0.01342703,4.3623123,-0.012606918503525404,-0.0203889288303128,0,0
2018-11-26,0.015284758,0.007948768,0.008305564,0.012516891,4.4276404,-0.012611517021514017,-0.02039636592574326,0,0
2018-11-27,0.00504344,0.0077848514,0.006492814,0.01317163,4.5153723,-0.01235144648842094,-0.019975758813179357,0,0
2018-11-28,0.021383304,0.007677872,0.010870017,0.01204342,4.547135,-0.012181713035885342,-0.019701252137903885,0,0
2018-11-29,0.0010025977,0.007622362,0.007942597,0.014659874,4.4296036,-0.012093640829496596,-0.01955881463840814,0,0
2018-11-30,0.005088607,0.0075620133,0.008438456,0.013180358,4.419309,-0.011997890853502698,-0.01940396002857642,0,0
2018-12-03,0.0117139565,0.007447197,0.010232561,0.012257039,4.2688475,-0.011815723667066761,-0.019109344512626032,0,0
2018-12-04,-0.032410666,0.007300627,0.014021321,0.012267563,4.3441067,-0.01158317547225421,-0.018733248752799796,1,1
2018-12-05,0.0,0.0076562245,0.005914825,0.018059619,4.368984,-0.012147367119456031,-0.0196457051423797,0,0
2018-12-06,-0.0039868397,0.0075686513,0.024049174,0.016260574,4.2891107,-0.012008423468494324,-0.01942099422590238,0,0
2018-12-07,-0.020650255,0.007924808,0.018485282,0.014872847,4.2517695,-0.012573501882250423,-0.020334884766116258,1,1
2018-12-10,0.002652019,0.008208613,0.017190378,0.01618819,4.347324,-0.013023786555827593,-0.021063121579924342,0,0
2018-12-11,-0.0006623457,0.008283167,0.015131664,0.014764798,4.2721696,-0.013142073975257611,-0.021254425567144183,0,0
2018-12-12,0.0042503015,0.008307937,0.013778599,0.013478511,4.200922,-0.013181373116297246,-0.021317983318352416,0,0
2018-12-13,-0.0026425081,0.008177574,0.008817893,0.012431588,4.1703844,-0.01297453934183109,-0.02098347500007336,0,0
2018-12-14,-0.016579702,0.008062698,0.010346243,0.0112844175,4.174498,-0.01279227714469291,-0.020688705825126476,1,0
2018-12-17,-0.019207109,0.008180686,0.020576695,0.012683815,4.206402,-0.012979478088620119,-0.020991462341053178,1,0
2018-12-18,-0.0056969016,0.008456157,0.012359015,0.014174566,4.2210846,-0.013416539082172578,-0.0216983127493869,0,0
2018-12-19,-0.013287256,0.008487326,0.027711164,0.013212982,4.1715794,-0.013465992605122525,-0.021778292988773134,0,0
2018-12-20,-0.0073135626,0.008725399,0.021310272,0.013324871,4.23451,-0.013843718962691655,-0.022389182622084926,0,0
2018-12-21,-0.029697575,0.008800486,0.021853363,0.012650463,4.25364,-0.01396285242980356,-0.0225818549060831,1,1
2018-12-24,-0.030179463,0.009161528,0.021836847,0.016555052,4.3245907,-0.014535681907135114,-0.023508281093573107,1,1
2018-12-26,0.053724416,0.009603973,0.03547185,0.019582259,4.4621167,-0.01523766440877808,-0.024643584003806167,0,0
2018-12-27,0.009665802,0.00957806,0.028735857,0.029426428,4.5265083,-0.0151965510157575,-0.02457709209747435,0,0
2018-12-28,-0.003613736,0.009623268,0.014158951,0.026573695,4.4895244,-0.015268277761904946,-0.02469309439589654,0,0
2018-12-31,0.0077135367,0.009592165,0.008213258,0.02403212,4.436895,-0.015218930108023214,-0.024613285376534972,0,0
2019-01-02,0.0022925502,0.009309502,0.01960732,0.022162354,4.390733,-0.01477045787669933,-0.023887979791012447,0,0
2019-01-03,-0.025511844,0.009221858,0.011469803,0.020393364,4.3023634,-0.01463140111775876,-0.023663085947158345,1,1
2019-01-04,0.033544015,0.009321847,0.020643923,0.021300608,4.36672,-0.014790043654319069,-0.023919655495576057,0,0
2019-01-07,0.0075761667,0.008972883,0.0118590705,0.023648642,4.475199,-0.014236377383198226,-0.02302422159597,0,0
2019-01-08,0.00858877,0.00868258,0.008050851,0.0219455,4.407812,-0.013775781786268,-0.022279309122494446,0,0
2019-01-09,0.0038797334,0.008406461,0.007070234,0.020558797,4.4072995,-0.013337691962539814,-0.021570794806741515,0,0
2019-01-10,0.004443164,0.008250877,0.0101460405,0.019164108,4.3849907,-0.013090842394879955,-0.021171569709394933,0,0
2019-01-11,0.00038543073,0.008197528,0.0056657605,0.017923564,4.3732343,-0.013006199622410303,-0.021034678567963226,0,0
2019-01-14,-0.005603338,0.007988323,0.0065058363,0.01664019,4.2954783,-0.012674274757369623,-0.020497862814896125,0,0
2019-01-15,0.009641416,0.007946817,0.007167619,0.015528397,4.2417526,-0.012608421482348522,-0.02039135956929548,0,0
2019-01-16,0.002970062,0.00782524,0.006170302,0.014931715,4.2913213,-0.012415526230333486,-0.020079393757512054,0,0
2019-01-17,0.008383397,0.007782161,0.01227291,0.013614478,4.216262,-0.012347177340866773,-0.019968854402270086,0,0
2019-01-18,0.013662058,0.007763907,0.008797467,0.013034527,4.2696996,-0.012318215364231293,-0.019922014749880736,0,0
2019-01-22,-0.0148960985,0.0076505207,0.012487096,0.013557149,4.360897,-0.012138316671419413,-0.019631068025399094,1,0
2019-01-23,0.002371805,0.007940521,0.010935396,0.014013537,4.410075,-0.012598432690519263,-0.020375204886797088,0,0
2019-01-24,-0.0016122153,0.007912438,0.005760936,0.0129966345,4.429035,-0.012553875385758294,-0.020303143207697005,0,0
2019-01-25,0.011137444,0.0077525787,0.00785451,0.011871577,4.4573116,-0.01230024205395821,-0.019892946858000533,0,0
2019-01-28,-0.008104841,0.0076291254,0.010198063,0.011820727,4.6295075,-0.012104371609667187,-0.019576169324498224,0,0
2019-01-29,-0.00066259643,0.007733402,0.005760303,0.011426524,4.576034,-0.01226981600764434,-0.019843739393646115,0,0
2019-01-30,0.015875585,0.007642,0.011788404,0.010381102,4.5803785,-0.01212479800578583,-0.01960920454532608,0,0
2019-01-31,0.008167856,0.007577549,0.008490986,0.01168998,4.592377,-0.012022540249120129,-0.019443825025943818,0,0
2019-02-01,-9.24428e-05,0.0073708333,0.005296733,0.011135455,4.801879,-0.01169456511470131,-0.01891339709687395,0,0
2019-02-04,0.006266724,0.00723072,0.005280542,0.010104722,4.9511986,-0.01147226088331833,-0.018553868703708128,0,0
2019-02-05,0.003576509,0.007113396,0.0049194884,0.009978757,4.7086196,-0.011286115010617945,-0.018252818534352046,0,0
2019-02-06,-0.0005494002,0.007048024,0.0036808117,0.00950322,5.287148,-0.011182395898865348,-0.018085075593261758,0,0
2019-02-07,-0.009386284,0.007016353,0.010141928,0.00886042,5.411784,-0.011132146095744214,-0.018003807545142976,0,0
2019-02-08,0.0008317546,0.007185399,0.0073479237,0.00905866,5.434405,-0.011400354974132366,-0.018437576648321113,0,0
2019-02-11,0.0007387571,0.007126974,0.0054473286,0.008339534,5.6129003,-0.011307658008703913,-0.018287659614243498,0,0
2019-02-12,0.013387326,0.007067031,0.0068834964,0.0077098073,5.5131893,-0.011212552295757612,-0.01813384695874993,0,0
2019-02-13,0.0017290808,0.0070432704,0.0047554555,0.0089738695,5.4478073,-0.011174853858834833,-0.018072877995777916,0,0
2019-02-14,-0.0021845994,0.0069765723,0.008330425,0.008371293,5.478144,-0.011069030033811572,-0.017901731142060465,0,0
2019-02-15,0.01213673,0.0070517147,0.009834293,0.007887031,5.3379226,-0.011188251272715076,-0.018094545377703018,0,0
2019-02-19,0.00062997796,0.0069960738,0.005461041,0.008728111,5.285391,-0.011099971852509053,-0.01795177275525301,0,0
2019-02-20,0.0029645623,0.0069005517,0.0039389716,0.008155627,5.3227386,-0.01094841620947232,-0.017706664704554963,0,0
2019-02-21,-0.004585308,0.0067486926,0.008094049,0.007724685,5.275093,-0.010707476307492043,-0.0173169971967905,0,0
2019-02-22,0.006109084,0.0068038586,0.0049626054,0.0074284393,5.3062882,-0.01079500288099076,-0.01745855225462065,0,0
2019-02-25,0.00205789,0.0066578793,0.0048855958,0.0073137195,5.3887854,-0.010563392125107016,-0.017083972596893184,0,0
2019-02-26,-0.0019683284,0.0066492907,0.0050380873,0.006940618,5.2510195,-0.010549765780677556,-0.017061934969957476,0,0
2019-02-27,0.0012530208,0.006654045,0.00542765,0.0065943603,5.110404,-0.010557308725571904,-0.01707413403086033,0,0
2019-02-28,-0.0036740038,0.006651602,0.0026701724,0.006253147,4.946956,-0.010553433193784177,-0.01706786620722226,0,0
2019-03-01,0.0072454363,0.006563099,0.004637055,0.006093779,4.832696,-0.010413013709914279,-0.01684076845433269,0,0
2019-03-04,-0.004824453,0.006512115,0.012248324,0.006450556,4.7369576,-0.01033212159802369,-0.01670994318471508,0,0
2019-03-05,0.0,0.0066319667,0.0039839144,0.0063435147,4.8301077,-0.010522278732086436,-0.017017480690561363,0,0
2019-03-06,-0.007190396,0.006537945,0.0051744026,0.0060305814,4.6623006,-0.010373104690652621,-0.016776224358708847,0,0
2019-03-07,-0.007787778,0.006628189,0.008509469,0.0062999316,4.864842,-0.010516284914070582,-0.01700778700301092,0,0
2019-03-08,-0.0010915046,0.006799723,0.007608691,0.006591777,5.082589,-0.010788441713352933,-0.017447941003348264,0,0
2019-03-11,0.013379335,0.006831742,0.0096898135,0.0062340633,5.0812087,-0.010839242578547084,-0.017530100273646727,0,0
2019-03-12,0.004748049,0.00668077,0.0041919774,0.007815663,4.8031354,-0.010599709739823849,-0.017142708382449436,0,0
2019-03-13,0.007922772,0.006612521,0.008345938,0.007485705,4.9750133,-0.010491426494908213,-0.01696758395585123,0,0
2019-03-14,-0.0025746897,0.006648003,0.0036645716,0.007590534,5.1578894,-0.010547722598147393,-0.01705863056982328,0,0
2019-03-15,0.006203494,0.0065398007,0.004825791,0.0071848375,5.1610937,-0.010376048212694526,-0.016780984860762228,0,0
2019-03-18,0.0037917246,0.0064924452,0.0033789857,0.007094246,5.3929844,-0.010300914654223756,-0.016659472789751356,0,0
2019-03-19,-0.0014091952,0.0064455066,0.007315729,0.0067929975,5.5667014,-0.010226441646349543,-0.01653902901462089,0,0
2019-03-20,-0.003354819,0.006517284,0.0076631424,0.006456805,5.38764,-0.01034032328378693,-0.016723207614660313,0,0
2019-03-21,0.01247929,0.006549022,0.009874484,0.006189272,5.582741,-0.01039067895597628,-0.01680464688280376,0,0
2019-03-22,-0.018244017,0.0065547773,0.010297395,0.0073667737,5.7886424,-0.010399809936893848,-0.01681941424407664,1,1
2019-03-25,-0.0013350543,0.0067643835,0.007191804,0.009619561,5.82115,-0.010732371826071478,-0.017357260244129778,0,0
2019-03-26,0.005683852,0.0068033296,0.0065280427,0.008865945,5.5822744,-0.010794163167355687,-0.017457194201775418,0,0
2019-03-27,-0.004437746,0.006720982,0.009641905,0.008510107,5.554987,-0.010663510783676479,-0.01724589259372574,0,0
2019-03-28,0.0037290286,0.006794065,0.0066805813,0.008155514,5.382399,-0.010779463654422786,-0.0174334209598888,0,0
2019-03-29,0.0059200525,0.0066926824,0.0034447145,0.00778613,5.4783096,-0.0106186105355236,-0.017173276278819254,0,0
2019-04-01,0.011474746,0.006556509,0.004411774,0.0076381555,5.3684287,-0.010402558008348278,-0.01682385864762294,0,0
2019-04-02,-0.0012200437,0.0065022847,0.0028166354,0.008168335,5.593314,-0.01031652536503437,-0.01668471969458533,0,0
2019-04-03,0.004437298,0.0064275977,0.00509314,0.0077607823,5.4000382,-0.010198027112331753,-0.016493074730735167,0,0
2019-04-04,0.0010412148,0.006454022,0.0035977531,0.0075395163,5.263149,-0.010239952168208647,-0.016560879323922778,0,0
2019-04-05,0.004585775,0.0063977353,0.0031479616,0.007177615,5.2434845,-0.01015064753728222,-0.016416448647729613,0,0
2019-04-08,0.00077663205,0.0063197636,0.0037654631,0.0070329267,5.261423,-0.010026937268913643,-0.016216374390357325,0,0
2019-04-09,-0.0054491335,0.0063165454,0.0043792166,0.006706859,5.2251077,-0.010021832027179729,-0.01620811778027888,0,0
2019-04-10,0.004154411,0.0063807685,0.0034930287,0.006681494,5.133712,-0.01012372783831307,-0.016372911932055444,0,0
2019-04-11,-0.00095052936,0.0064541264,0.003547608,0.0065159136,5.1466336,-0.0102401177582897,-0.016561147129602386,0,0
2019-04-12,0.0071499636,0.006462319,0.003860959,0.0062531102,5.0229383,-0.010253116127220518,-0.0165821691437422,0,0
2019-04-15,-0.0010305737,0.0063992483,0.0033627127,0.0064036464,5.150675,-0.010153048141025587,-0.01642033109837444,0,0
2019-04-16,0.00068716716,0.006353053,0.0040573413,0.006153423,5.0162597,-0.01007975417072303,-0.016301794158219553,0,0
2019-04-17,-0.0037852763,0.006344322,0.0057033286,0.005914878,4.8765416,-0.010065902515199676,-0.016279392139949295,0,0
2019-04-18,0.0032699453,0.0063645267,0.005070906,0.005768631,4.9765334,-0.010097959126136822,-0.016331236685367408,0,0
2019-04-22,0.0008587377,0.0063255876,0.0039943266,0.005625819,4.96738,-0.010036177738354751,-0.016231318825330927,0,0
2019-04-23,0.008717258,0.0062616128,0.0052767303,0.00539822,4.8656626,-0.009934675542987848,-0.016067161260825566,0,0
2019-04-24,-0.0024707147,0.0062589594,0.0025435158,0.0059599313,5.00001,-0.009930466116446521,-0.016060353435571238,0,0
2019-04-25,-0.0015366231,0.0062251436,0.005136249,0.005804248,4.8313675,-0.009876813120457387,-0.015973581468539836,0,0
2019-04-26,0.0051979157,0.0063158106,0.0048703835,0.005566278,4.838354,-0.010020665657701704,-0.016206231433169505,0,0
2019-04-29,0.00050981395,0.0062773763,0.0032053518,0.0056602606,4.749658,-0.009959685979273807,-0.016107610162379653,0,0
2019-04-30,0.0018670972,0.0062482446,0.0072224536,0.0053996583,4.77753,-0.009913465534791652,-0.016032858719131363,0,0
2019-05-01,-0.008686081,0.0063122306,0.0085301455,0.0052390425,4.6460648,-0.010014985827435171,-0.01619704555201701,0,0
2019-05-02,-0.001883401,0.006424711,0.007693939,0.005855692,4.75227,-0.01019344759648359,-0.01648566836710401,0,0
2019-05-03,0.010230268,0.006441076,0.0050528497,0.0056707137,4.602261,-0.010219411759247314,-0.016527659712299123,0,0
2019-05-06,-0.005102052,0.006318323,0.012925677,0.006463515,4.709448,-0.0100246515828768,-0.01621267779392731,0,0
2019-05-07,-0.014339318,0.0065340064,0.015980046,0.0064576124,4.5822053,-0.010366855701036456,-0.01676611798699638,1,0
2019-05-08,-0.001211492,0.0069350665,0.0075198957,0.007973174,4.6108403,-0.011003177663654301,-0.017795229359878834,0,0
2019-05-09,-0.0050347326,0.0070132553,0.011928311,0.0075001316,4.611054,-0.011127231780278619,-0.01799585971647654,0,0
2019-05-10,0.0049481415,0.007139596,0.016144633,0.007364269,4.496216,-0.011327684455009297,-0.01832004800386705,0,0
2019-05-13,-0.028101603,0.006980166,0.012392266,0.0072402093,4.399031,-0.011074731580810047,-0.0179109521452693,1,1
2019-05-14,0.011423635,0.0074126185,0.011352199,0.012388696,3.9889235,-0.01176086177299955,-0.01902061741779158,0,0
2019-05-15,0.0055319103,0.007318536,0.0107744085,0.012363231,4.1269383,-0.011611590006272,-0.01877920303668552,0,0
2019-05-16,0.008197482,0.00722161,0.012028949,0.011737804,4.001085,-0.011457806588483601,-0.018530492048374373,0,0
2019-05-17,-0.005748644,0.0071337833,0.0077198087,0.011388937,4.014075,-0.011318461177980977,-0.018305131373854724,0,0
2019-05-20,-0.0063091693,0.0070824577,0.010211148,0.010795483,4.08153,-0.011237027957519512,-0.01817343097966659,0,0
2019-05-21,0.0077058175,0.007128713,0.004625711,0.010332815,4.150407,-0.011310416938524312,-0.01829212157881797,0,0
2019-05-22,-0.0029702126,0.0069301995,0.005014435,0.010139891,4.109313,-0.010995455555721437,-0.01778274054201116,0,0
2019-05-23,-0.013387552,0.006885183,0.010164856,0.0095542325,4.133806,-0.010924031938957341,-0.017667228488958745,1,0
2019-05-24,0.004335331,0.007086904,0.0052405503,0.010158678,4.2609615,-0.011244082275945175,-0.018184839794301744,0,0
2019-05-28,-0.009491356,0.006971856,0.008453455,0.00962403,4.308673,-0.011061547714793896,-0.017889630130231565,0,0
2019-05-29,-0.008952611,0.0071019437,0.008522893,0.009642913,4.392436,-0.011267944440029728,-0.018223431617126737,0,0
2019-05-30,0.0037698636,0.0071900156,0.005152157,0.009671974,4.3325896,-0.011407679846843469,-0.01844942302524153,0,0
2019-05-31,-0.013711202,0.0071171722,0.006586117,0.0093031805,4.1535177,-0.011292106114042307,-0.018262507831645448,1,0
2019-06-03,-0.0010905126,0.0072547193,0.008804087,0.0101597775,4.127787,-0.011510338458186255,-0.01861545083924711,0,0
2019-06-04,0.019984461,0.007349678,0.011024684,0.009721453,3.8956099,-0.011661000095758062,-0.018859113031959068,0,0
2019-06-05,0.008077803,0.007257041,0.005409512,0.011728551,3.9477386,-0.011514022158841833,-0.018621408418054153,0,0
2019-06-06,0.0063453107,0.007061742,0.008381846,0.011369028,3.9931273,-0.011204160588589885,-0.0181202752108117,0,0
2019-06-07,0.010226021,0.0070362375,0.009173293,0.0109536145,3.9238634,-0.011163695078072225,-0.01805483111249409,0,0
2019-06-10,0.0049442784,0.00704841,0.0061111776,0.010914556,4.0294733,-0.011183007586815034,-0.018086064864515396,0,0
2019-06-11,-0.0007790522,0.0069478056,0.007845053,0.010421229,4.0403705,-0.01102338960704502,-0.017827917750400313,0,0
2019-06-12,-0.0020804445,0.006958223,0.0036203912,0.009804924,4.0483985,-0.011039916944916331,-0.017854647098695733,0,0
2019-06-13,0.0046749283,0.006935777,0.006653794,0.009245974,4.083256,-0.011004305123987599,-0.0177970527799706,0,0
2019-06-14,-0.001382887,0.00701371,0.0044109346,0.008866851,4.1261616,-0.011127953861615674,-0.01799702752484992,0,0
2019-06-17,0.00051880674,0.006948657,0.0031647054,0.008381251,4.1322026,-0.011024739663880716,-0.017830101171569586,0,0
2019-06-18,0.011773435,0.0068838866,0.009829642,0.007885366,4.168906,-0.010921975183469716,-0.017663902137539336,0,0
2019-06-19,0.0024745096,0.006992899,0.004852734,0.00851971,4.2708344,-0.011094934475562456,-0.017943625901600636,0,0
2019-06-20,0.008993019,0.00682127,0.005332394,0.008109332,4.250999,-0.010822627468884176,-0.017503228973706927,0,0
2019-06-21,-0.0032146208,0.0068130363,0.004907099,0.0082543455,4.363092,-0.010809563949757534,-0.017482101593398084,0,0
2019-06-24,0.0005082592,0.006838985,0.00336644,0.007918795,4.3021755,-0.01085073434919946,-0.017548685695127804,0,0
2019-06-25,-0.010214593,0.006775617,0.0068563684,0.0074722636,4.3153496,-0.010750194928948631,-0.017386085208453615,0,0
2019-06-26,-0.0013698633,0.0068907533,0.005841271,0.008035201,4.227875,-0.0109328697439937,-0.017681521702471,0,0
2019-06-27,0.0044452115,0.0068707233,0.0037186376,0.0076121315,4.2333317,-0.01090109002138881,-0.01763012496327125,0,0
2019-06-28,0.004510454,0.0067641707,0.0055586696,0.0074410234,4.149696,-0.010732034311862553,-0.01735671438883746,0,0
2019-07-01,0.007949974,0.006710558,0.0062348493,0.0072473767,4.144142,-0.010646972587439197,-0.01721914568440215,0,0
2019-07-02,0.003951411,0.0066167447,0.004520884,0.007400104,4.251467,-0.010498127916439828,-0.016978422037070822,0,0
2019-07-03,0.006940117,0.006461332,0.004860073,0.007136061,4.292335,-0.010251549807929238,-0.01657963596542852,0,0
2019-07-05,-0.003255021,0.0063792747,0.007942124,0.0072093112,4.3246136,-0.010121357999939955,-0.0163690792376571,0,0
2019-07-08,-0.0040207794,0.006405327,0.0044101523,0.0069931676,4.2156587,-0.010162692179735273,-0.0164359282182284,0,0
2019-07-09,0.0011743982,0.006386893,0.0053343903,0.0068558035,4.1198,-0.01013344517099306,-0.01638862758884956,0,0
2019-07-10,0.0051843915,0.0063993884,0.007967146,0.006608618,3.972225,-0.010153270737527987,-0.016420691099451948,0,0
2019-07-11,0.002166126,0.00635672,0.0029218365,0.006560335,4.020454,-0.01008557244515569,-0.016311203942481232,0,0
2019-07-12,0.00382092,0.006197921,0.0026501708,0.006367845,3.8919852,-0.00983362216008107,-0.01590372955215128,0,0
2019-07-15,0.0005801666,0.0060973577,0.0029595953,0.006314154,3.7924743,-0.009674068425643051,-0.01564568634078621,0,0
2019-07-16,-0.0034029165,0.0060363323,0.0034517252,0.006001094,3.8038366,-0.00957724528114571,-0.015489096116003579,0,0
2019-07-17,-0.007343157,0.0059995386,0.0063459724,0.005856551,3.8323913,-0.009518868895959301,-0.015394685101717749,0,0
2019-07-18,0.004178861,0.0060116206,0.006384241,0.0062927655,3.8282974,-0.009538037531352997,-0.015425686170115787,0,0
2019-07-19,-0.006862526,0.0062494185,0.007727901,0.006175028,3.897159,-0.009915327744555636,-0.016035870435462705,0,0
2019-07-22,0.0040228013,0.0064163534,0.003955394,0.006427203,3.955665,-0.010180186817041812,-0.01646422196145006,0,0
2019-07-23,0.0063365228,0.006339387,0.0029343504,0.006285055,4.014856,-0.010058071823607104,-0.01626672771179991,0,0
2019-07-24,0.004477991,0.006281859,0.004770841,0.0064444914,4.0674233,-0.009966798208984648,-0.016119112635831722,0,0
2019-07-25,-0.0049767853,0.006279649,0.0065666786,0.0063571515,4.1064796,-0.009963291861639927,-0.01611344188715147,0,0
2019-07-26,0.005969177,0.006332308,0.00406902,0.0063764346,4.057481,-0.010046840653738027,-0.01624856375499494,0,0
2019-07-29,-0.00090965483,0.0062617557,0.0027494312,0.0064601502,4.1550055,-0.009934902663809404,-0.016067528578998146,0,0
2019-07-30,-0.0031488258,0.0062235584,0.005740415,0.0062283296,3.9799151,-0.009874298503871328,-0.015969514627099213,0,0
2019-07-31,-0.010009259,0.006351442,0.013064615,0.006081419,3.9418383,-0.010077198835264579,-0.01629766146292329,0,0
2019-08-01,-0.010195143,0.0066012936,0.016105521,0.00698549,3.9416313,-0.010473613345533199,-0.01693877508913655,0,0
2019-08-02,-0.0066276053,0.0068943584,0.010802701,0.0076817074,4.04276,-0.010938590293132624,-0.01769077343747914,0,0
2019-08-05,-0.03557859,0.0069460864,0.017679393,0.0077299103,4.0193577,-0.01102066144259487,-0.017823505542072324,1,1
2019-08-06,0.016123729,0.007774338,0.02362696,0.015878057,3.6584852,-0.012334765323698376,-0.019948780683651513,0,0
2019-08-07,0.0015634503,0.007727928,0.016827384,0.016217811,3.734296,-0.012261131124595401,-0.019829693497947266,0,0
2019-08-08,0.020445691,0.0076845046,0.011067255,0.014902207,3.66182,-0.012192235697374829,-0.01971827023762069,0,0
2019-08-09,-0.006911585,0.0073998375,0.008733161,0.016167762,3.7865536,-0.011740582869685346,-0.018987820734263045,0,0
2019-08-12,-0.0136209,0.007430156,0.0116242105,0.015168729,3.7773283,-0.011788686335799596,-0.019065617552480006,1,0
2019-08-13,0.017807689,0.007863988,0.015577097,0.015075238,3.7944195,-0.012477004488732206,-0.02017882137217876,0,0
2019-08-14,-0.031616684,0.0076060025,0.015217226,0.015713168,3.8714986,-0.012067684810507351,-0.019516836463984156,1,1
2019-08-15,0.0027244382,0.007917886,0.01314168,0.019630719,3.9376826,-0.01256251864507101,-0.020317121786121196,0,0
2019-08-16,0.014982859,0.007989561,0.0068741012,0.01793295,3.8128664,-0.012676238311882667,-0.020501038434157064,0,0
2019-08-19,0.01109164,0.007767387,0.0070684133,0.017593045,3.7841477,-0.01232373774819125,-0.01993094599612475,0,0
2019-08-20,-0.008759933,0.007558661,0.007806237,0.016764676,3.795215,-0.011992572063904692,-0.019395358051610613,0,0
2019-08-21,0.010639311,0.007563795,0.0057343654,0.015799966,3.7903905,-0.012000717648110415,-0.01940853174957696,0,0
2019-08-22,-0.00239255,0.007360522,0.008375598,0.015152536,3.818423,-0.011678205176638715,-0.01888693848109617,0,0
2019-08-23,-0.023106908,0.007409261,0.02097569,0.013943921,3.773604,-0.011755534839627067,-0.019012002270054642,1,1
2019-08-26,0.009671171,0.0078001088,0.01574593,0.016063603,3.8664272,-0.012375653405625063,-0.020014908198648783,0,0
2019-08-27,-0.006175275,0.0078007034,0.008953131,0.015293829,3.8187044,-0.012376597178600688,-0.02001643454468065,0,0
2019-08-28,0.008427138,0.007863276,0.008082322,0.01432131,3.7227116,-0.012475874313807417,-0.02017699356182995,0,0
2019-08-29,0.012722599,0.007779144,0.009805229,0.01364553,3.7329907,-0.012342391516065166,-0.019961114379103678,0,0
2019-08-30,-0.0006835854,0.0076596425,0.008018427,0.01367274,3.748637,-0.01215278996839459,-0.01965447541253215,0,0
2019-09-03,-0.0064314418,0.0076433118,0.009056352,0.012658483,3.6675482,-0.01212687919259689,-0.019612570409058873,0,0
2019-09-04,0.011121682,0.00776002,0.0050354553,0.012017821,3.6755545,-0.012312048717223738,-0.01991204154929857,0,0
2019-09-05,0.01133588,0.007503884,0.0095597645,0.012072995,3.7369695,-0.011905663512402477,-0.019254802508967203,0,0
2019-09-06,0.0029398198,0.007406965,0.0037268365,0.012147653,3.7833211,-0.01175189095298005,-0.019006109081684226,0,0
2019-09-09,-0.000839067,0.007147604,0.0052026957,0.011349703,3.743347,-0.011340389648058904,-0.018340595870246248,0,0
2019-09-10,8.393839e-05,0.007080601,0.0066024982,0.01054388,3.7157702,-0.011234082625749946,-0.01816866755077518,0,0
2019-09-11,0.007858915,0.0070261084,0.005949144,0.0097311605,3.7241871,-0.011147624696435517,-0.01802884079080087,0,0
2019-09-12,0.0032425718,0.0071109105,0.0045243637,0.009646156,3.785776,-0.011282171614042902,-0.018246440954287912,0,0
2019-09-13,-0.0017446936,0.007057803,0.0046960604,0.009025856,3.8347359,-0.01119791159897372,-0.018110168839099237,0,0
2019-09-16,-0.0024977117,0.007030516,0.005072176,0.00850416,3.7647626,-0.01115461748412068,-0.018040150092943054,0,0
2019-09-17,0.0029965064,0.007076881,0.0035081664,0.0079858415,3.8092573,-0.011228180198981013,-0.018159121668545174,0,0
2019-09-18,0.00016620959,0.0070198234,0.0077852183,0.007651764,3.7713153,-0.011137652192155215,-0.018012712449844735,0,0
2019-09-19,-0.00016620959,0.0070037306,0.007805737,0.0072992165,3.6371355,-0.01111211964943883,-0.017971419155519423,0,0
2019-09-20,-0.0061692568,0.0069516296,0.006809062,0.0068672914,3.667172,-0.011029456719031177,-0.01783772997489091,0,0
2019-09-23,0.002505639,0.007035754,0.0061918683,0.0073083076,3.564044,-0.011162928658407458,-0.018053591596589015,0,0
2019-09-24,-0.008965664,0.006980426,0.0110050505,0.007026768,3.6091812,-0.011075145103580765,-0.017911620927758817,0,0
2019-09-25,0.005372295,0.0071998998,0.008460268,0.007818817,3.7371535,-0.011423362041896723,-0.018474785540177632,0,0
2019-09-26,-0.001927348,0.0071267425,0.007215028,0.0076969136,3.8758967,-0.011307290633988568,-0.01828706546612371,0,0
2019-09-27,-0.005635713,0.007131093,0.010617156,0.0073182397,3.9232614,-0.01131419293529064,-0.018298228426364468,0,0
2019-09-30,0.0049644597,0.0072741904,0.005142561,0.0073077916,4.0680532,-0.011541231414236868,-0.018665413427812888,0,0
2019-10-01,-0.013775836,0.007098911,0.00967993,0.0071777375,4.245644,-0.011263132374177023,-0.018215649154808913,1,0
2019-10-02,-0.019680092,0.007358908,0.012571072,0.008778187,4.3531065,-0.01167564441199728,-0.018882797005285817,1,1
2019-10-03,0.010790384,0.007702473,0.012756705,0.011394466,4.477296,-0.012220744337231032,-0.019764376717083896,0,0
2019-10-04,0.013389821,0.007637046,0.010789875,0.011308581,4.732827,-0.012116937453686838,-0.01959649182434922,0,0
2019-10-07,-0.0045852163,0.0074218637,0.0073862677,0.0117741125,4.8361464,-0.01177552961569837,-0.019044339440012697,0,0
2019-10-08,-0.015437699,0.0073700007,0.0112829525,0.010887133,4.9793878,-0.011693244013508203,-0.018911260505113135,1,0
2019-10-09,0.009119912,0.0077424343,0.009751799,0.011788785,5.4012313,-0.012284147240998067,-0.01986691702399393,0,0
2019-10-10,0.0075085675,0.007694837,0.016961388,0.011369024,5.776027,-0.012208629115399168,-0.019744782999901997,0,0
2019-10-11,0.010064786,0.007714588,0.011581033,0.010861656,6.2237387,-0.01227042589021728,-0.019734446287218793,0,0
2019-10-14,-0.0017687939,0.0075426134,0.0068292124,0.01077465,6.12461,-0.011984142110004044,-0.019320560611560875,0,0
2019-10-15,0.010816355,0.007332403,0.0058356337,0.009860324,6.0528245,-0.011640748883661354,-0.018800812668628354,0,0
2019-10-16,-0.0020870734,0.007196461,0.0028925044,0.010071885,6.2809668,-0.011453055708142715,-0.018394968031079414,0,0
2019-10-17,0.002170466,0.00705428,0.0052340073,0.009355634,5.8461323,-0.011192321350226445,-0.01810112783642915,0,0
2019-10-18,-0.0032574679,0.0070466627,0.005890229,0.008616438,6.0297465,-0.011184133979217008,-0.01807399972630728,0,0
2019-10-21,0.0060886797,0.0070405332,0.0033263504,0.008163395,5.6311007,-0.011170510512446533,-0.01806585358450948,0,0
2019-10-22,-0.003999339,0.00688959,0.005598757,0.007945841,5.960482,-0.010931024726642504,-0.01767853779110093,0,0
2019-10-23,0.003749848,0.006937275,0.00489977,0.007515528,6.2109723,-0.011032596733506546,-0.017749078964102154,0,0
2019-10-24,-0.00049916806,0.0068759997,0.0038631256,0.007106495,6.5070643,-0.010966684523044874,-0.01752449655313437,0,0
2019-10-25,0.0053116567,0.0068056136,0.0052037966,0.0065373094,7.013323,-0.010898249105457225,-0.017241020062529876,0,0
2019-10-28,0.005283592,0.006732985,0.0037889613,0.0066062533,6.9999447,-0.010780926483544449,-0.017059586814810766,0,0
2019-10-29,-0.00016469038,0.006678212,0.003865085,0.00663887,7.0621448,-0.010697865136686122,-0.016909066329945727,0,0
2019-10-30,0.0039451024,0.006632944,0.0070206067,0.0062223743,6.8758645,-0.010611140142980965,-0.01682990358032864,0,0
2019-10-31,-0.0039451024,0.0066083604,0.0066336505,0.006169348,6.680526,-0.010555579603534785,-0.016806331061001947,0,0
2019-11-01,0.009017933,0.006600985,0.0049226563,0.0061105103,6.6047854,-0.0105370903159526,-0.016803108047540347,0,0
2019-11-04,0.00407233,0.0064782323,0.0037603225,0.007127108,6.6286426,-0.010343241915231324,-0.01648580365109436,0,0
2019-11-05,-0.0012199586,0.0064205243,0.003548333,0.0068517732,6.7496943,-0.010261300907906435,-0.016315071793648,0,0
2019-11-06,0.0011386743,0.0064182444,0.0033583231,0.0063965768,6.780006,-0.010260117221706238,-0.0163034105034455,0,0
2019-11-07,0.0034082644,0.006380072,0.005874744,0.0060148365,6.765636,-0.010197941030070982,-0.01620920706712627,0,0
2019-11-08,0.0014571361,0.0064000874,0.004507465,0.0059277755,6.599913,-0.01021597268992373,-0.0162926926132051,0,0
2019-11-11,-0.0009711882,0.006325413,0.004025595,0.0056071472,6.706092,-0.010105742841617789,-0.01608177881806348,0,0
2019-11-12,0.0014564288,0.0062659015,0.0046682623,0.005345831,6.5225024,-0.00999500760917509,-0.015966470074227145,0,0
2019-11-13,0.0011313133,0.006231463,0.0047930484,0.0051587503,6.2756677,-0.009916743076480517,-0.015929444407788557,0,0
2019-11-14,0.000484457,0.0064208307,0.0041153287,0.004890969,6.4001107,-0.010230602027361261,-0.01638677885001297,0,0
2019-11-15,0.006838046,0.0064427163,0.0033378794,0.004658668,6.221997,-0.010247266302148693,-0.016481297934621903,0,0
2019-11-18,0.001121795,0.0063943625,0.0037572181,0.005699108,6.1092978,-0.010158013421546553,-0.01638274996987814,0,0
2019-11-19,-0.001041625,0.006390028,0.00443222,0.0053552147,6.2462807,-0.010166026588618676,-0.016341187726410897,0,0
2019-11-20,-0.003050986,0.006424356,0.0061403853,0.0051235105,5.893844,-0.010192883866316942,-0.016484756657058126,0,0
2019-11-21,-0.0016095288,0.0064603095,0.005122736,0.0051436494,5.696458,-0.010249927387080441,-0.016577012055135953,0,0
2019-11-22,0.0024133227,0.0064649256,0.0035057317,0.004896791,5.8131895,-0.010257251354927712,-0.016588856968637357,0,0
2019-11-25,0.006806288,0.0063739964,0.002705989,0.0047915764,5.8323827,-0.010112983485185014,-0.016355535294680146,0,0
2019-11-26,0.0035051417,0.0062606568,0.0029252334,0.005720802,5.6413155,-0.009933158991207267,-0.01606470857055767,0,0
2019-11-27,0.003175866,0.00620579,0.0022270237,0.0055926302,5.835963,-0.009846107471219771,-0.01592392180771001,0,0
2019-11-29,-0.003175866,0.0061469353,0.0027229793,0.0055508767,5.459572,-0.00975272823846282,-0.015772901355695645,0,0
2019-12-02,-0.009428002,0.0061630746,0.008700234,0.0053917933,5.7293644,-0.00977833498001334,-0.015814314650380128,0,0
2019-12-03,-0.0074936897,0.006389964,0.010989032,0.0067532184,6.0089407,-0.010139385629456477,-0.01639443507434167,0,0
2019-12-04,0.0064495546,0.0065939724,0.007696381,0.007102185,5.929073,-0.010461997608535991,-0.01691998917925052,0,0
2019-12-05,0.00216737,0.006511587,0.004692577,0.0072380076,5.981951,-0.010331284598980112,-0.016708589522126893,0,0
2019-12-06,0.009020217,0.0064272177,0.0052362513,0.006641655,6.2399693,-0.010224526224603429,-0.01643768280129167,0,0
2019-12-09,-0.003662133,0.0063611222,0.003353544,0.0074053295,6.6590962,-0.010158859413226288,-0.016181764142936237,0,0
2019-12-10,0.00047843077,0.0064236573,0.006023566,0.0070408476,6.1862807,-0.010213102877685763,-0.01644047423214077,0,0
2019-12-11,0.0022296554,0.006472742,0.0030376264,0.0063826405,6.3327518,-0.010306595596402136,-0.016533755910772302,0,0
2019-12-12,0.007922716,0.0065728175,0.007675787,0.0059418236,6.571217,-0.010489086274593518,-0.016738354435964036,0,0
2019-12-13,0.0012618299,0.006647151,0.00625686,0.0066603045,6.938804,-0.010638816637973,-0.016853765848711427,0,0
2019-12-16,0.0069900146,0.0065528206,0.0043343934,0.0060979594,7.1082277,-0.010500293667969679,-0.016583156332113606,0,0
2019-12-17,0.0003912516,0.006451272,0.002535509,0.0065501435,6.9059224,-0.01032281863957914,-0.016363272213843486,0,0
2019-12-18,0.0011728372,0.006374835,0.0020479779,0.006070396,6.460275,-0.01016303541738617,-0.016256839160644024,0,0
2019-12-19,0.0038995526,0.0063301865,0.0035222566,0.005648457,6.5402493,-0.01009914360661782,-0.01612669106675164,0,0
2019-12-20,0.0043495214,0.0063395537,0.003960774,0.0056532146,6.247507,-0.010085853960318327,-0.016211844714950928,0,0
2019-12-23,0.00046490005,0.006352638,0.002189166,0.005670935,6.450369,-0.010126721659152878,-0.016202280856965998,0,0
2019-12-24,-0.00046490005,0.006296674,0.00185595,0.0054308195,5.823856,-0.009990302951855996,-0.01615712640814608,0,0
2019-12-26,0.0057957736,0.0062493887,0.0020937254,0.005369954,5.1192684,-0.009915280691636429,-0.016035794337673964,0,0
2019-12-27,-0.002159828,0.006242765,0.003938078,0.005622742,6.1422777,-0.009920789598065936,-0.01598709323484735,0,0
2019-12-30,-0.0043337015,0.006352469,0.005183675,0.0054349317,5.94303,-0.010078827590160192,-0.016300295617148956,0,0
2019-12-31,0.0023239611,0.0064489343,0.0048749787,0.0054785996,6.207467,-0.010255592741844725,-0.016500435485675445,0,0
2020-01-02,0.008628713,0.0063705873,0.0042568105,0.0052950364,6.1667356,-0.01012660579946435,-0.016308982712001412,0,0
2020-01-03,-0.0072369245,0.0062803435,0.01140433,0.006277159,6.6888347,-0.010032321659171981,-0.015970515856061563,0,0
2020-01-06,0.0024695182,0.0064494167,0.0077224416,0.006564147,6.276827,-0.010263715459984135,-0.016486344489841313,0,0
2020-01-07,-0.002546789,0.006416824,0.006014681,0.006189202,7.754008,-0.010321406037019093,-0.016132502430860455,0,0
2020-01-08,0.007697675,0.0063712974,0.018226042,0.0058777127,7.569831,-0.010238172623189254,-0.016046564029532195,0,0
2020-01-09,0.0048192865,0.0064346264,0.0030070792,0.0064470577,7.5551867,-0.010339100583016205,-0.016208406498817718,0,0
2020-01-10,-0.003439976,0.0061923643,0.0052886815,0.00631075,7.6509557,-0.009955013839044817,-0.015583550670735493,0,0
2020-01-13,0.007628384,0.0061785197,0.0030890987,0.0060398304,7.6729226,-0.009933914169159576,-0.015545412249239086,0,0
2020-01-14,-0.00053209683,0.006075226,0.0046205167,0.0064902194,7.997545,-0.009783528341170883,-0.015239476528576577,0,0
2020-01-15,0.0017472561,0.006272287,0.0044267024,0.006010836,7.889449,-0.010095710005540515,-0.01574923202106246,0,0
2020-01-16,0.0068832766,0.0063209836,0.0029743048,0.0056864675,7.625314,-0.010160390805744855,-0.015911191578664222,0,0
2020-01-17,0.0025596642,0.0062908246,0.0026095945,0.0060790638,7.9220395,-0.010127132342102331,-0.01579107020468661,0,0
2020-01-21,-0.0016555049,0.0062867673,0.004682609,0.005781166,7.7557116,-0.010112297970818356,-0.015805271469622236,0,0
2020-01-22,7.530971e-05,0.0063639535,0.0047214883,0.005512307,7.408555,-0.010216975913904037,-0.016054051962466346,0,0
2020-01-23,0.0018809019,0.0063927094,0.005244462,0.0052623427,7.0281425,-0.010238103252785182,-0.01619230303251526,0,0
2020-01-24,-0.009819551,0.0064000357,0.0103635825,0.0050532566,7.145254,-0.010258006182226527,-0.016189960999732324,0,0
2020-01-27,-0.016531833,0.006602955,0.005523398,0.0063602235,7.3904133,-0.010599540984046465,-0.016660067909255918,1,0
2020-01-28,0.011890747,0.006820942,0.0067754514,0.009135417,6.93918,-0.010916999939054855,-0.017294335964742644,0,0
2020-01-29,-0.0017555247,0.006797947,0.0056649074,0.009657047,6.9819374,-0.010883551089084913,-0.01722767660150936,0,0
2020-01-30,0.005257355,0.006799685,0.011502407,0.008588686,7.129277,-0.01089740899319963,-0.017203933890074435,0,0
2020-01-31,-0.020188749,0.006822614,0.013064404,0.0080632,6.9458785,-0.010920208203874765,-0.017297256150748546,1,1
2020-02-03,0.006646597,0.007144957,0.008839441,0.011501074,6.6152725,-0.011406448628386755,-0.01818546586418142,0,0
2020-02-04,0.01650152,0.0071534817,0.010677783,0.010464697,6.7497826,-0.011432723781276506,-0.01817755699831046,0,0
2020-02-05,0.010701737,0.007019696,0.008388259,0.011865502,6.872279,-0.011229548548075926,-0.01781195485686466,0,0
2020-02-06,0.0030687498,0.0068560643,0.0051120836,0.0114353625,7.0705304,-0.010983401269966116,-0.017357774879629456,0,0
2020-02-07,-0.0059213904,0.0067283986,0.004393037,0.010059961,7.1714354,-0.010786168175543013,-0.017015784341739375,0,0
2020-02-10,0.0082354285,0.0067248414,0.008946583,0.009266742,6.924251,-0.010762016325481277,-0.017053582967933145,0,0
2020-02-11,0.0013411819,0.006749401,0.005172511,0.008973162,7.2383437,-0.010824505751072357,-0.017056660271547265,0,0
2020-02-12,0.006826978,0.0067134327,0.0040232795,0.007908157,7.350879,-0.01077433397442735,-0.016945728408625755,0,0
2020-02-13,-0.0008878367,0.0066104503,0.007582516,0.0077873687,7.097407,-0.01059186600968068,-0.016730985843710234,0,0
2020-02-14,0.0010357329,0.006671875,0.004860676,0.006947339,7.15359,-0.010694301486087356,-0.016876097678113988,0,0
2020-02-18,-0.003481356,0.006605506,0.007431092,0.006254116,7.1868353,-0.010590225409692629,-0.016702221748035033,0,0
2020-02-19,0.005328215,0.006682054,0.0039059129,0.0059843385,6.8870826,-0.010690601814442452,-0.016952314229203035,0,0
2020-02-20,-0.005328215,0.0065735383,0.011507475,0.006090692,7.038491,-0.010528465346651288,-0.016648409246847077,0,0
2020-02-21,-0.008943937,0.006755683,0.0070297187,0.006161764,7.1379194,-0.010827513289316212,-0.017090995161470723,0,0
2020-02-24,-0.034425758,0.0068406677,0.014340719,0.007064551,7.2664657,-0.010972825314261726,-0.01728215076815963,1,1
2020-02-25,-0.029489065,0.007471975,0.026119625,0.01812807,5.5197062,-0.011855036381063859,-0.01917292421511948,1,1
2020-02-26,-0.0071282987,0.008140874,0.019760171,0.021773895,5.7013354,-0.012916311354312949,-0.020889303986505868,0,0
2020-02-27,-0.050527867,0.0083323,0.027497236,0.018237988,5.707473,-0.013220027994289282,-0.021380499115222495,1,1
2020-02-28,-0.002031145,0.009316644,0.034519866,0.031062892,5.574075,-0.014781787676725975,-0.02390630326048997,0,0
2020-03-02,0.037903473,0.009650329,0.033829767,0.025461132,5.5155334,-0.015311213550680951,-0.024762533628123074,0,0
2020-03-03,-0.02243578,0.009790846,0.034256686,0.02946455,5.5565653,-0.015534157520792374,-0.025123096658531976,1,0
2020-03-04,0.038537104,0.010538455,0.024335574,0.02720246,5.6103864,-0.01672031456107105,-0.02704144581491412,0,0
2020-03-05,-0.032383237,0.010282818,0.019352913,0.030789796,5.8076797,-0.016314720207237992,-0.026385485802801215,1,1
2020-03-06,-0.017225947,0.01130355,0.030675719,0.031042533,5.85961,-0.01793421291667733,-0.02900466047143538,0,0
2020-03-09,-0.07575731,0.012620478,0.034439623,0.027275966,5.8067126,-0.02002365208587537,-0.032383870585638436,1,1
2020-03-10,0.0420477,0.015062585,0.037939418,0.048308823,5.6392856,-0.02389829891677533,-0.03865026299990881,0,0
2020-03-11,-0.04478094,0.015064137,0.033032358,0.046753462,5.526239,-0.02390076195612303,-0.03865424642646562,1,1
2020-03-12,-0.10423595,0.014447448,0.06298691,0.046167057,5.624053,-0.022922321837409464,-0.037071833885320454,1,1
2020-03-13,0.08795598,0.016538281,0.058515947,0.07028865,5.735334,-0.02623963769867346,-0.04243686555297702,0,0
2020-03-16,-0.10955244,0.016479218,0.062240932,0.076647975,5.967167,-0.026145930000345895,-0.04228531387986048,1,1
2020-03-17,0.028257094,0.020182915,0.051406138,0.08923725,6.1818247,-0.032087700661048366,-0.051658541801500785,0,0
2020-03-18,-0.034380306,0.021643907,0.06468114,0.07467382,6.1250386,-0.03438926145020898,-0.05544099421282158,0,0
2020-03-19,-0.005218674,0.024093807,0.055171475,0.06396352,6.087526,-0.038265838612630894,-0.06174841928288467,0,0
2020-03-20,-0.042978287,0.0242815,0.069081664,0.05149494,5.9643188,-0.03852503003230284,-0.062305796241534574,1,0
2020-03-23,-0.030164186,0.02429746,0.06579592,0.048577357,5.9387197,-0.03855035536120195,-0.062346754412905624,0,0
2020-03-24,0.09344564,0.02246023,0.036698487,0.042943817,5.806668,-0.03563540168016705,-0.05763245542464302,0,0
2020-03-25,0.011824806,0.021796463,0.04960108,0.06510611,5.9479938,-0.034582270481396025,-0.05592924642438495,0,0
2020-03-26,0.055580806,0.022624042,0.053218544,0.053253837,5.818221,-0.03589530752804291,-0.058052796194946334,0,0
2020-03-27,-0.0327387,0.021955669,0.025267415,0.05405162,5.907314,-0.03483486502951824,-0.05633776276905306,0,0
2020-03-30,0.033984087,0.023650443,0.03227537,0.047616545,5.8707886,-0.037523794583961344,-0.06068651724858222,0,0
2020-03-31,-0.016020415,0.023804009,0.019135118,0.0432091,5.8589916,-0.037767441838523666,-0.06108056330603734,0,0
2020-04-01,-0.048537254,0.02338357,0.022645388,0.035853833,5.726087,-0.03710037622238731,-0.060001730808726464,1,0
2020-04-02,0.027597683,0.02481546,0.024784094,0.04102251,5.902336,-0.03937221422316199,-0.06367593107414755,0,0
2020-04-03,-0.013502231,0.024400698,0.021529447,0.036859304,5.9042735,-0.03871415019241538,-0.06261165666919052,0,0
2020-04-06,0.063115194,0.023753904,0.032404564,0.030630304,5.836207,-0.03768794774125181,-0.06095199901879676,0,0
2020-04-07,-0.0009458054,0.022795567,0.033288628,0.0449027,6.004079,-0.03616918878704455,-0.0584895490634902,0,0
2020-04-08,0.03459523,0.021903494,0.026930884,0.0363876,5.8972487,-0.034752088086267896,-0.056203889197628754,0,0
2020-04-09,0.01622956,0.021112246,0.026192162,0.035857353,5.9913363,-0.033496690865649076,-0.054173559218275595,0,0
2020-04-13,-0.0074020918,0.020294499,0.025230775,0.030678863,5.953236,-0.03219925367144684,-0.052075238791520026,0,0
2020-04-14,0.029900929,0.019615212,0.014792611,0.025293902,5.884094,-0.031121499318109477,-0.05033220723304597,0,0
2020-04-15,-0.024209086,0.018207166,0.018328326,0.027176615,6.0269227,-0.02889661443463626,-0.04670145128009977,0,0
2020-04-16,0.0044943895,0.018539324,0.02122563,0.026337253,6.122912,-0.029455804702028104,-0.047489975304797205,0,0
2020-04-17,0.029166892,0.018323213,0.01579008,0.021753626,6.0426946,-0.029086108100753152,-0.046988707843085155,0,0
2020-04-20,-0.022373874,0.017406993,0.013010093,0.024673067,6.225697,-0.02768722939251241,-0.04452710865450707,0,0
2020-04-21,-0.026904214,0.017789358,0.024299448,0.024086881,6.3245335,-0.028323830974690403,-0.04544544669800301,0,0
2020-04-22,0.020469876,0.018382493,0.020166958,0.025123686,6.4867463,-0.02931326166097407,-0.046862515639755686,0,0
2020-04-23,-0.0027831413,0.017534368,0.015988452,0.023880994,6.532982,-0.027972431245219587,-0.044674366794212564,0,0
2020-04-24,0.017379342,0.017059831,0.01647992,0.020104807,6.462811,-0.027198150974660894,-0.04350386913088237,0,0
2020-04-27,0.01386352,0.015936175,0.014605824,0.019488188,6.5730467,-0.02543180006714457,-0.04058218473060587,0,0
2020-04-28,-0.00061015476,0.014706072,0.015333438,0.018130321,6.6363244,-0.02348145605620156,-0.03742048864420848,0,0
2020-04-29,0.025396278,0.014437463,0.018742906,0.015284791,6.602413,-0.023045918150044628,-0.03675229425667532,0,0
2020-04-30,-0.013177225,0.013659739,0.017669274,0.019027952,6.876587,-0.021852466779603508,-0.03465884325188532,0,0
2020-05-01,-0.028215175,0.0139118675,0.012943096,0.017644288,6.951933,-0.02226817368742334,-0.035268089539887734,1,0
2020-05-04,0.0012395964,0.014674465,0.014224724,0.02131488,7.3218603,-0.023546772260225207,-0.03705176907278712,0,0
2020-05-05,0.011612693,0.014356641,0.014632686,0.018097056,7.263339,-0.023028427512773397,-0.03627158124098642,0,0
2020-05-06,-0.008696853,0.0138749415,0.0123276,0.016557643,7.4193687,-0.02227687048507307,-0.03499780919385677,0,0
2020-05-07,0.016277598,0.013918743,0.014422934,0.014787523,7.3923087,-0.02234362504839176,-0.035118018142024844,0,0
2020-05-08,0.016700052,0.0132313315,0.008299986,0.015322234,7.7443323,-0.021281427794802237,-0.03326786467950527,0,0
2020-05-11,-0.0019653926,0.0122201,0.01386529,0.015850643,8.030973,-0.01968224613266145,-0.030644514325686725,0,0
2020-05-12,-0.024329152,0.01171509,0.020192547,0.013325263,7.968281,-0.018863381024314164,-0.02939460089888935,1,0
2020-05-13,-0.013944273,0.012891233,0.021889186,0.01760595,8.051165,-0.020765114440390486,-0.032321732391827764,0,0
2020-05-14,0.012014279,0.013521381,0.02281317,0.016681623,8.029131,-0.02177796644319086,-0.0339083134682198,0,0
2020-05-15,-0.00017563888,0.013141616,0.013461874,0.015529933,8.026075,-0.021166009434194073,-0.03295685349139796,0,0
2020-05-18,0.035036806,0.012911934,0.020548949,0.013102315,7.850686,-0.02077878847227885,-0.03243246401574594,0,0
2020-05-19,-0.009971532,0.012298737,0.013806481,0.02207831,7.711653,-0.019778098289329284,-0.03093263851743018,0,0
2020-05-20,0.016901333,0.012521022,0.011231695,0.01940522,7.6158834,-0.020125351543478685,-0.03152083984051217,0,0
2020-05-21,-0.010668122,0.011903718,0.006249085,0.018805532,7.679008,-0.019139584143713664,-0.02994849239600598,0,0
2020-05-22,0.0054329503,0.011954663,0.012507578,0.016936956,7.6627083,-0.019219843324776845,-0.030081391889146623,0,0
2020-05-26,0.01395567,0.011945705,0.01416502,0.014648052,7.515,-0.019189943557461914,-0.030102478825678423,0,0
2020-05-27,0.013598883,0.011735715,0.015183679,0.014550987,7.651422,-0.01886670355250416,-0.0295336780146329,0,0
2020-05-28,0.0008232486,0.011541739,0.010673405,0.014386402,7.748682,-0.018564282012785593,-0.029018485850454894,0,0
2020-05-29,0.0013157896,0.011692627,0.015437509,0.012143306,7.6331496,-0.018795598516553335,-0.029430460676323888,0,0
2020-06-01,0.003937013,0.011425685,0.0108065745,0.010208098,7.5659037,-0.018359778191488596,-0.028777513291211063,0,0
2020-06-02,0.0075028897,0.011427221,0.008910782,0.008871726,7.464753,-0.018351780958463727,-0.028810461543137753,0,0
2020-06-03,0.013156491,0.011069486,0.009748628,0.008647724,7.575623,-0.017788358281943643,-0.027877694026874383,0,0
2020-06-04,-0.002328103,0.010725641,0.008814496,0.010549805,7.6232023,-0.01724027110368273,-0.026999160147250453,0,0
2020-06-05,0.024218103,0.010533787,0.018216956,0.009048264,7.5338707,-0.016923589169169133,-0.02653953914113667,0,0
2020-06-08,0.012706255,0.010284941,0.008128391,0.0155797945,7.4273314,-0.01651372619471874,-0.025940374189238755,0,0
2020-06-09,-0.006839759,0.010163339,0.007941216,0.014883917,7.4806304,-0.016323511611834908,-0.025619845847614713,0,0
2020-06-10,-0.006101873,0.010485257,0.009830108,0.013100736,7.44935,-0.016837516622877764,-0.026439689846588756,0,0
2020-06-11,-0.056743078,0.010900936,0.026846547,0.011583464,7.427443,-0.017502794223266234,-0.027493989773722402,1,1
2020-06-12,0.008105917,0.013815998,0.024183663,0.032670673,6.203155,-0.02197026705352656,-0.035352083852369556,0,0
2020-06-15,0.012525234,0.013087019,0.029672952,0.027706187,6.1101737,-0.0207900950124215,-0.03352934090210345,0,0
2020-06-16,0.014617664,0.0130066415,0.019065982,0.02427755,6.061226,-0.020651019225406488,-0.03334605577716878,0,0
2020-06-17,-0.0036143167,0.012805255,0.011857901,0.021911493,6.0445895,-0.02032739282484723,-0.03283738385445218,0,0
2020-06-18,-0.0029008884,0.012708281,0.012634459,0.018491535,5.923736,-0.020162959492097093,-0.03260916979655949,0,0
2020-06-19,-0.012505238,0.012742207,0.018606447,0.015519038,5.846954,-0.020216788031669423,-0.03269622566687966,0,0
2020-06-22,0.016612351,0.013295811,0.014085346,0.014767386,5.8528605,-0.02109513392313696,-0.034116757723505656,0,0
2020-06-23,0.0024882623,0.012395676,0.019496147,0.0155173605,5.9271183,-0.01966698190965118,-0.03180703471278842,0,0
2020-06-24,-0.02253845,0.012443307,0.021397913,0.013051544,5.847076,-0.019742552517352272,-0.03192925361518319,1,0
2020-06-25,0.0071081636,0.012856085,0.016615946,0.016789474,5.916146,-0.020397465812239703,-0.03298843239513258,0,0
2020-06-26,-0.020978928,0.012507893,0.016172964,0.014651169,5.8581524,-0.019845024726745895,-0.032094979964871824,1,0
2020-06-29,0.01346071,0.013075997,0.009569187,0.017020427,5.970792,-0.02074637768597779,-0.033552720913354345,0,0
2020-06-30,0.01384838,0.012503015,0.013705498,0.016145498,5.9840765,-0.01983728452153641,-0.03208246187862387,0,0
2020-07-01,0.0041173915,0.012198821,0.012069731,0.015623158,6.001228,-0.019354930777933963,-0.03130136265302997,0,0
2020-07-02,0.008344079,0.011841061,0.012682667,0.013384583,5.916847,-0.01878702717029231,-0.03038390069715508,0,0
2020-07-06,0.013648839,0.011598267,0.012430992,0.012284948,5.8908825,-0.018401810349931026,-0.02976089688124326,0,0
2020-07-07,-0.011254775,0.011566819,0.009452807,0.01292629,5.959028,-0.01835191615829543,-0.02968020395679708,0,0
2020-07-08,0.008571481,0.011801484,0.007267483,0.012645374,5.987391,-0.01872423504961113,-0.030282348198079668,0,0
2020-07-09,-0.007137789,0.011537342,0.013895903,0.011795772,5.9799376,-0.018305149176059417,-0.02960456860846418,0,0
2020-07-10,0.011868167,0.011794672,0.013961184,0.010863481,5.9530673,-0.018713429165742573,-0.030264872048211402,0,0
2020-07-13,-0.009562644,0.011423713,0.01774679,0.011377505,6.0155826,-0.01812818632795835,-0.029306545016703114,0,0
2020-07-14,0.011134477,0.012129356,0.01501843,0.01109211,6.0383725,-0.019253071642781994,-0.0311068411689893,0,0
2020-07-15,0.011244847,0.0116499085,0.008569574,0.011298531,6.0978084,-0.018504543881656572,-0.029852521339411082,0,0
2020-07-16,-0.007795487,0.01164104,0.006834044,0.011463906,6.159436,-0.018502994877056974,-0.02980454092463525,0,0
2020-07-17,0.0060856864,0.011577495,0.006009371,0.010778233,6.1527524,-0.018400660334834007,-0.02964455322121801,0,0
2020-07-20,0.009676121,0.011238096,0.011832558,0.009959312,6.1486406,-0.017860439603246108,-0.02877712922285017,0,0
2020-07-21,0.001847149,0.010962158,0.007242421,0.010085963,6.2268667,-0.017436413215737055,-0.028040775735153813,0,0
2020-07-22,0.0043733525,0.010814795,0.009173751,0.008970833,6.205499,-0.01719816439506036,-0.027671791940736264,0,0
2020-07-23,-0.0117050465,0.010682777,0.013205415,0.008282235,6.2380533,-0.01699400372609363,-0.027322024745216077,0,0
2020-07-24,-0.0073078144,0.011040841,0.009159526,0.009432054,6.4279094,-0.017596491751145082,-0.02816755186932925,0,0
2020-07-27,0.00877846,0.010986302,0.008504282,0.009125884,6.559863,-0.017530508944247923,-0.02798169323120599,0,0
2020-07-28,-0.005973409,0.010702048,0.007354858,0.009198377,6.7424107,-0.017103050051119353,-0.027197131729108644,0,0
2020-07-29,0.012218852,0.010614523,0.009020003,0.008689632,6.885711,-0.016981976037498275,-0.02692938171504525,0,0
2020-07-30,-0.0011536244,0.010455466,0.016118329,0.009820176,7.1693425,-0.016760728845774085,-0.0264419486797632,0,0
2020-07-31,0.004529932,0.010598843,0.013309997,0.008715889,7.139861,-0.016987266035582444,-0.02681311897628872,0,0
2020-08-03,0.007631295,0.010462398,0.00822393,0.008059321,7.1813893,-0.01677316102486166,-0.026456039177182603,0,0
2020-08-04,0.0034909346,0.010327751,0.006104147,0.008127457,7.351345,-0.016574971112664295,-0.026068693631935966,0,0
2020-08-05,0.004836769,0.010059015,0.006035221,0.007449036,7.2511945,-0.016133688061530906,-0.025417038556129236,0,0
2020-08-06,0.008483216,0.009882638,0.00811399,0.007093157,7.1994953,-0.015845561152907115,-0.02498514821947008,0,0
2020-08-07,0.00014949917,0.009776271,0.005403495,0.0076773963,7.3523393,-0.01568999605915686,-0.024676424810871345,0,0
2020-08-10,0.0023889523,0.009595061,0.0058792033,0.006848716,7.16517,-0.015381027197390231,-0.02426707170406535,0,0
2020-08-11,-0.0068086004,0.009386912,0.011983754,0.0062468136,7.151129,-0.015045970128818647,-0.023744250099812205,0,0
2020-08-12,0.01194044,0.009666043,0.010424891,0.006642718,7.217295,-0.015500054224438911,-0.024432896661526655,0,0
2020-08-13,-0.0006678788,0.010072319,0.0051410915,0.008581267,7.2714224,-0.016157082188820716,-0.02544520940266042,0,0
2020-08-14,-0.0018575627,0.010033702,0.006246835,0.007592454,7.0415187,-0.01607075189335037,-0.025410902331322822,0,0
2020-08-17,0.0054144394,0.010148448,0.002795172,0.006839423,7.000691,-0.016249886494923364,-0.025713240964401578,0,0
2020-08-18,0.0021428317,0.009798963,0.005144478,0.0067410967,6.992287,-0.015689350485591846,-0.024830094964918035,0,0
2020-08-19,-0.0042161383,0.009791316,0.0056019626,0.006147015,6.935588,-0.015670710875468886,-0.02482666818266084,0,0
2020-08-20,0.002369143,0.009929738,0.008662927,0.005960922,6.9747024,-0.015896744590588586,-0.025166466635580628,0,0
2020-08-21,0.0034695345,0.009949164,0.008105746,0.0055201175,6.9440064,-0.015924316894742663,-0.025224482721851106,0,0
2020-08-24,0.0102640195,0.009932044,0.005316955,0.0053356388,6.9941483,-0.015902640392593797,-0.025166789502606493,0,0
2020-08-25,0.004512052,0.0098332865,0.004744099,0.0073642246,6.9195952,-0.015736039537403143,-0.02493764361964854,0,0
2020-08-26,0.010760946,0.009737172,0.007118294,0.0069693774,6.8807135,-0.015577735311773106,-0.02470493813092102,0,0
2020-08-27,0.0014356474,0.009915547,0.0067261993,0.008505887,7.0348477,-0.015880770654239835,-0.025113537202569047,0,0
2020-08-28,0.005508079,0.01012992,0.0050227633,0.0074903355,6.9100056,-0.016209591312639125,-0.02569274220773113,0,0
2020-08-31,-0.0015706436,0.010117722,0.0067484733,0.00726046,6.885397,-0.016187113932933386,-0.02566907248665331,0,0
2020-09-01,0.007970437,0.010401409,0.0070266407,0.0064808684,6.8189917,-0.01663259513023385,-0.02640918771421062,0,0
2020-09-02,0.01470563,0.010569501,0.008286267,0.0072598187,6.9178166,-0.016913968854625313,-0.026805260268027074,0,0
2020-09-03,-0.03345126,0.010779899,0.025289325,0.010334952,6.9824977,-0.01725874743146658,-0.02731875358991599,1,1
2020-09-04,-0.012792732,0.012277754,0.027444044,0.020888982,6.7267604,-0.019618734951089463,-0.03120731217136998,0,0
2020-09-08,-0.024286697,0.011520411,0.01943787,0.018714817,6.6871862,-0.018402640524136243,-0.02929625932235322,1,0
2020-09-09,0.019226365,0.011515188,0.02200037,0.020698,6.8622155,-0.018419680742728987,-0.02922233871001492,0,0
2020-09-10,-0.017728463,0.012299001,0.017550012,0.020301515,6.9318056,-0.01968364219380875,-0.031186450141532204,0,0
2020-09-11,-0.0020227,0.012268403,0.013853932,0.019628964,6.9600906,-0.019638702806400104,-0.03109884863835392,0,0
2020-09-14,0.014517285,0.012077853,0.010389638,0.016702065,6.8241253,-0.019314112793120595,-0.030663837693324213,0,0
2020-09-15,0.00368868,0.011902085,0.00762231,0.01627209,6.8649983,-0.019038961735247755,-0.0302032023702788,0,0
2020-09-16,-0.0045759915,0.011607466,0.0090456875,0.014207895,6.7641873,-0.01855322131983367,-0.029490425917720595,0,0
2020-09-17,-0.00846896,0.011640662,0.015086329,0.012602789,6.6974974,-0.018596301009210312,-0.029598372155764618,0,0
2020-09-18,-0.010424183,0.01158225,0.016666707,0.011866101,6.7128367,-0.01850529913729173,-0.02944441418169772,0,0
2020-09-21,-0.0125167575,0.0116297165,0.02223454,0.011703378,6.7733865,-0.0185901375427111,-0.029543734478228112,0,0
2020-09-22,0.007377301,0.011978806,0.010136878,0.012080916,6.859572,-0.019160901166508558,-0.0303998054606568,0,0
2020-09-23,-0.02082611,0.0118959565,0.01630193,0.011225598,6.869403,-0.019029790721205572,-0.03018611078027809,1,0
2020-09-24,0.0020867959,0.012330824,0.015244022,0.014375497,6.9721026,-0.019740328096218913,-0.03125282454251968,0,0
2020-09-25,0.015095494,0.012333209,0.017654594,0.0126320915,6.8721123,-0.01972965771553419,-0.03129465898583068,0,0
2020-09-28,0.017714253,0.012159251,0.008849841,0.013417782,7.0196323,-0.01947222270558095,-0.030801497193802985,0,0
2020-09-29,-0.003667806,0.011885875,0.009441684,0.014776698,7.186667,-0.01905591320024422,-0.030053846873120762,0,0
2020-09-30,0.005459386,0.011632845,0.019220306,0.012986154,7.090372,-0.01863831645581882,-0.029444897380738196,0,0
2020-10-01,0.004687683,0.011878176,0.008381865,0.011637463,6.986481,-0.01901764099103793,-0.03010068680562442,0,0
2020-10-02,-0.008498635,0.011756748,0.015089278,0.010437787,6.850412,-0.018804399016644872,-0.0298394433122917,0,0
2020-10-05,0.015968256,0.012244563,0.0094274515,0.010109939,6.8652825,-0.019586841793316424,-0.03107218435876428,0,0
2020-10-06,-0.011784461,0.011895678,0.01772867,0.012145774,6.948858,-0.01904051520238533,-0.03015788545890631,0,0
2020-10-07,0.015828732,0.012111002,0.012369232,0.01222426,7.0388637,-0.019397559482542966,-0.030672687752585144,0,0
2020-10-08,0.008985706,0.011730776,0.0064822664,0.013492138,7.1307797,-0.01880033462641813,-0.02967963976566128,0,0
2020-10-09,0.0103462925,0.011088995,0.0053431215,0.012568071,7.1035013,-0.017768530751088914,-0.028064261523235243,0,0
2020-10-12,0.016985849,0.010650108,0.010287514,0.012158182,7.1317234,-0.017068507719073464,-0.02694519923575378,0,0
2020-10-13,-0.007957413,0.010522296,0.0072540203,0.013890413,7.267678,-0.016878497837291236,-0.026583015959499072,0,0
2020-10-14,-0.0067995824,0.010452586,0.0098246215,0.01264794,7.2360487,-0.01676333013038538,-0.026415763143090753,0,0
2020-10-15,-0.0015812552,0.010797455,0.011223628,0.011468939,7.1634445,-0.01730828787822939,-0.02730858348102596,0,0
2020-10-16,-0.0038196868,0.01102097,0.009135136,0.009920793,7.0753345,-0.01765615150280055,-0.02790075215164307,0,0
2020-10-19,-0.011474345,0.011053973,0.0152503885,0.008827285,7.038851,-0.017704568502923252,-0.027995626380366852,0,0
2020-10-20,0.0027717012,0.011467329,0.010448505,0.009944664,7.1552444,-0.018381102142716127,-0.0290053844747702,0,0
2020-10-21,7.2835865e-05,0.011386497,0.007666923,0.008753772,7.084494,-0.01824288496206284,-0.028823210650089644,0,0
2020-10-22,0.0048679574,0.011165629,0.009835848,0.007624426,7.02291,-0.01788141511022733,-0.02828344372187832,0,0
2020-10-23,0.0007245327,0.01110128,0.0063184146,0.007232481,7.052375,-0.01778200642072702,-0.028111212679795366,0,0
2020-10-26,-0.017019512,0.010971272,0.016183786,0.0063878377,7.0216,-0.017569996623713634,-0.02779152826447627,0,0
2020-10-27,-0.0030989475,0.01176503,0.008462907,0.01117387,6.763504,-0.018804968702270046,-0.029890983666221636,0,0
2020-10-28,-0.035962652,0.011727453,0.012428098,0.009794434,6.6715508,-0.018730952877822473,-0.02982841276177065,1,1
2020-10-29,0.011803815,0.013027199,0.017390495,0.02190575,6.2134485,-0.020718158145320756,-0.0333290872693894,0,0
2020-10-30,-0.011420865,0.012627183,0.015439677,0.019486647,6.167208,-0.020072114995669053,-0.03232593521820579,0,0
2020-11-02,0.010890782,0.012837382,0.015486472,0.01758552,6.137502,-0.020399666412338646,-0.03287739764111825,0,0
2020-11-03,0.018313332,0.012720899,0.013505178,0.016053542,6.099101,-0.020205981372128614,-0.03259631709773166,0,0
2020-11-04,0.021629622,0.012213535,0.030778809,0.017005185,6.201615,-0.019421706025275397,-0.03125238491835338,0,0
2020-11-05,0.020102266,0.011589874,0.01627353,0.018746655,6.338921,-0.018455762524217954,-0.02960239228648632,0,0
2020-11-06,-0.00114196,0.011123366,0.01254046,0.019368341,6.4435506,-0.017730604193150954,-0.02837240362312243,0,0
2020-11-09,0.012278802,0.010436215,0.029737322,0.016421728,6.3307257,-0.016617331515695694,-0.02665862755492419,0,0
2020-11-10,-0.0008468596,0.010448021,0.0111540295,0.015568361,6.3488154,-0.016639083864719593,-0.026682463508353495,0,0
2020-11-11,0.0075960415,0.0099615585,0.008271662,0.013390349,6.2560587,-0.015849641029062587,-0.025471314761833726,0,0
2020-11-12,-0.0099993795,0.0098646525,0.009830136,0.012328261,6.2407036,-0.01569297358715263,-0.025228711645489163,0,0
2020-11-13,0.013915468,0.010195103,0.012035625,0.012067088,6.2721066,-0.0162238868365663,-0.026062901119427256,0,0
2020-11-16,0.011381108,0.009950408,0.0076961243,0.012956902,6.3569784,-0.015847865846474733,-0.025408934859059155,0,0
2020-11-17,-0.0044953222,0.009683582,0.008369505,0.012837288,6.3899355,-0.0154277955712474,-0.024716988005107004,0,0
2020-11-18,-0.011643036,0.009525014,0.011223829,0.0114972945,6.3340006,-0.015166937701041664,-0.02432997903915981,0,0
2020-11-19,0.0041987468,0.009683703,0.007403175,0.011857074,6.4111395,-0.015431098910466725,-0.02471053016636768,0,0
2020-11-20,-0.0072187297,0.009530384,0.007825398,0.010672064,6.363946,-0.015179926420237118,-0.024334169275989165,0,0
2020-11-23,0.006100787,0.009490377,0.0066697407,0.010189888,6.3867,-0.015119516083512037,-0.024224855861166045,0,0
2020-11-24,0.01574508,0.009381086,0.008081487,0.009604221,6.396778,-0.014946837271279718,-0.023942758317436454,0,0
2020-11-25,-0.0015151518,0.009277108,0.0076022507,0.012018441,6.481343,-0.014792819762822835,-0.023651762604229368,0,0
2020-11-27,0.0025468953,0.009025755,0.005748948,0.01059798,6.3979716,-0.014380854379530367,-0.02303551519137778,0,0
2020-11-30,-0.0036502674,0.008942272,0.011125024,0.009485454,6.3447833,-0.014240527949002888,-0.02283823945433459,0,0
2020-12-01,0.010228337,0.00892238,0.008611363,0.008688713,6.3230567,-0.014205813079474418,-0.022793932416969188,0,0
2020-12-02,0.0018423123,0.008920858,0.0058081294,0.00964401,6.381409,-0.014211470160249075,-0.02277267970173631,0,0
2020-12-03,-0.000750162,0.008827973,0.005036906,0.008669055,6.309238,-0.014053573344992226,-0.022556857060151366,0,0
2020-12-04,0.009100232,0.0088526085,0.00432165,0.0078335,6.254257,-0.014084952145243636,-0.022636318039621954,0,0
2020-12-07,-0.0019624436,0.008747094,0.006241991,0.008812022,6.3303814,-0.013927737659211611,-0.022343979166667548,0,0
2020-12-08,0.0030435247,0.008777226,0.00774188,0.008034222,6.2539706,-0.013964974273776135,-0.022443650241675404,0,0
2020-12-09,-0.008000585,0.008591264,0.008776262,0.00754779,6.232261,-0.013666033908584844,-0.021974525851450925,0,0
2020-12-10,-0.0010897699,0.00911589,0.0071895556,0.008337799,6.297516,-0.01451021655334762,-0.023296135410656157,0,0
2020-12-11,-0.00197824,0.009260773,0.008881709,0.0076279882,6.2382083,-0.014731923960693146,-0.023685090049258336,0,0
2020-12-14,-0.004036816,0.009552041,0.009228805,0.007141897,6.1839256,-0.015186603091451435,-0.024447928153500952,0,0
2020-12-15,0.011045316,0.009755679,0.0074704764,0.0070623388,6.1918063,-0.015511664253469809,-0.024966459871027896,0,0
2020-12-16,0.001829083,0.009547555,0.004643461,0.009132761,6.21434,-0.015184355646514068,-0.024426394040047473,0,0
2020-12-17,0.0051306398,0.0092771435,0.004087439,0.008296644,6.139092,-0.014742407604794863,-0.023758868947482758,0,0
2020-12-18,-0.0017522582,0.009163153,0.008669645,0.008115211,6.145263,-0.014562245535411604,-0.023464954587453252,0,0
2020-12-21,-0.005546551,0.009323754,0.024122523,0.007521153,6.096718,-0.01480953433562987,-0.023892186228422572,0,0
2020-12-22,-0.0023088425,0.009964167,0.005861416,0.007639248,6.1254373,-0.015831792407504645,-0.02552313153565557,0,0
2020-12-23,0.0011550876,0.009688728,0.009684117,0.007190416,6.1038904,-0.015390477293605752,-0.02482496757522576,0,0
2020-12-24,0.0036602765,0.00956266,0.002926759,0.0067378893,6.083522,-0.01518675345404277,-0.0245088690449561,0,0
2020-12-28,0.008757213,0.009174861,0.0075524645,0.0066699362,6.091861,-0.014572243471559679,-0.023512227115407108,0,0
2020-12-29,-0.0020140994,0.009241395,0.0060283015,0.008015576,6.155437,-0.014688212196006335,-0.023662022503509253,0,0
2020-12-30,0.001141821,0.009364598,0.0041259145,0.0074514006,6.104916,-0.014875771644000436,-0.023994128677409597,0,0
2020-12-31,0.0065569617,0.009149047,0.0060149995,0.006945196,6.067006,-0.014527162028514161,-0.023454173807686423,0,0
2021-01-04,-0.0151864225,0.009173348,0.02097242,0.00749263,6.0989385,-0.014570996098085886,-0.02350604667208483,1,0
2021-01-05,0.0070170993,0.009916116,0.01011569,0.010970291,6.1024184,-0.01575142328819279,-0.02540811060262142,0,0
2021-01-06,0.0059661646,0.009690418,0.016479615,0.010453641,6.098775,-0.015392284603946762,-0.024831057415580237,0,0
2021-01-07,0.014596862,0.009741743,0.009212575,0.0098763,6.080949,-0.015470711204310202,-0.024968746337386206,0,0
2021-01-08,0.0057796035,0.009244911,0.008629188,0.011894766,6.197241,-0.014700382902919753,-0.023657574925422656,0,0
2021-01-11,-0.0067021735,0.0090502,0.007287385,0.010924676,6.1473193,-0.014383060055656417,-0.023175051777211998,0,0
2021-01-12,0.0006590655,0.009294528,0.007234612,0.010366436,6.148878,-0.014771609614061456,-0.023800200286409952,0,0
2021-01-13,0.0024347724,0.009544637,0.006620517,0.009361762,6.0663977,-0.015155188701194417,-0.024468502879429886,0,0
2021-01-14,-0.0032916423,0.009529325,0.0051343055,0.008634634,6.049594,-0.015127969218425906,-0.024434984347805427,0,0
2021-01-15,-0.0076785972,0.009556741,0.009259568,0.008110951,6.0608187,-0.015173443146729259,-0.024501440054708334,0,0
2021-01-19,0.007480754,0.009820742,0.008234339,0.0084356265,6.133576,-0.015605303791414815,-0.025152935481528523,0,0
2021-01-20,0.014275666,0.009683961,0.008872107,0.008619197,6.2245526,-0.015402939157460565,-0.02477196538034844,0,0
2021-01-21,0.0002600442,0.009586111,0.0042098635,0.010653381,6.413641,-0.015275944995488698,-0.02446070890028758,0,0
2021-01-22,-0.0030597986,0.00938633,0.006280642,0.009635839,6.3767457,-0.014952326063200337,-0.023962363073654357,0,0
2021-01-25,0.0037096133,0.009503959,0.011797205,0.008924518,6.3659477,-0.015138130217254615,-0.0242660649737689,0,0
2021-01-26,-0.0015602655,0.009848978,0.0074893087,0.008400161,6.319343,-0.015680524680151624,-0.025162335397282607,0,0
2021-01-27,-0.025901867,0.009705772,0.021855049,0.0077874837,6.1574416,-0.015426625256858412,-0.024850351459328335,1,1
2021-01-28,0.009304248,0.011305658,0.021341084,0.014794331,5.7040496,-0.01793755910312398,-0.029010072194950106,0,0
2021-01-29,-0.019774845,0.011323478,0.0136200925,0.013974381,5.738908,-0.01796583247838415,-0.029055798185469606,1,0
2021-02-01,0.016196312,0.011785092,0.019379407,0.016011985,5.891726,-0.018698227453383523,-0.03024028660877187,0,0
2021-02-02,0.013845158,0.011526405,0.011045619,0.016372828,5.895046,-0.018287795697510496,-0.029576503158608745,0,0
2021-02-03,0.0013740311,0.010751345,0.0065356134,0.016041271,5.9448276,-0.017058085751323147,-0.027587716718232343,0,0
2021-02-04,0.010666074,0.010142289,0.009472424,0.014212055,5.7902474,-0.01609175633012229,-0.026024890577173998,0,0
2021-02-05,0.004067277,0.009751451,0.0044711707,0.013738703,5.8096485,-0.015471653146809417,-0.025022009526703103,0,0
2021-02-08,0.0071261497,0.009465742,0.0035552366,0.012509078,5.8137207,-0.015018347132900888,-0.02428888635680641,0,0
2021-02-09,-0.0006399181,0.0093088,0.0032083294,0.0118452,5.8802013,-0.014769343084459666,-0.02388617685878688,0,0
2021-02-10,-0.00064032787,0.009832166,0.008983366,0.010801896,5.9341264,-0.015599716715068435,-0.025229124292952983,0,0
2021-02-11,0.0023032639,0.0102615105,0.0064743906,0.009902773,6.087627,-0.0162973714726346,-0.026298505603226243,0,0
2021-02-12,0.0048450944,0.010137038,0.007239206,0.009182192,6.215434,-0.016122049395719637,-0.02593414010016832,0,0
2021-02-16,-0.0008271036,0.0099830665,0.00713763,0.008762779,6.446254,-0.01591336973110092,-0.02546295693520218,0,0
2021-02-17,6.364765e-05,0.009996037,0.0064561153,0.008107031,6.605615,-0.015956693858898904,-0.025445108496909678,0,0
2021-02-18,-0.004720902,0.009864136,0.009591181,0.0074989256,6.739195,-0.015763568165890564,-0.025068706092013157,0,0
2021-02-19,-0.0016640003,0.009949316,0.007271103,0.007311684,6.9409523,-0.01592420759167169,-0.02522574719669,0,0
2021-02-22,-0.007586997,0.009682059,0.008225033,0.0068301586,7.0458965,-0.015508006245923233,-0.024519155964763218,0,0
2021-02-23,0.0011610658,0.009881747,0.016758502,0.0073482036,7.316288,-0.015855793427072103,-0.024952016563055283,0,0
2021-02-24,0.011409649,0.009787881,0.011685202,0.0069061965,7.001094,-0.015672585614983855,-0.024799557656329765,0,0
2021-02-25,-0.024386732,0.009458785,0.01674187,0.00836317,6.9395585,-0.01513894154729901,-0.02398242109817569,1,1
2021-02-26,-0.0049101543,0.0104073575,0.013407015,0.013492211,6.9299016,-0.016655975002622274,-0.026390403487965657,0,0
2021-03-01,0.02322367,0.01021519,0.012628545,0.012438533,6.762782,-0.01632764626500424,-0.025953586511060996,0,0
2021-03-02,-0.008047685,0.009751056,0.0047911243,0.015711464,7.1081634,-0.0156251658788225,-0.024676915889249133,0,0
2021-03-03,-0.013209028,0.009520669,0.013253004,0.014430491,6.909563,-0.015234636420695105,-0.02414760775039845,0,0
2021-03-04,-0.01351862,0.009958363,0.021079946,0.014216802,6.9101214,-0.01593508511729531,-0.025257585552967636,0,0
2021-03-05,0.019331262,0.010409238,0.019230014,0.014150711,6.682391,-0.016627002280707397,-0.026472094460021082,0,0
2021-03-08,-0.005157848,0.009930501,0.014072688,0.015430326,6.469806,-0.01583301760134524,-0.025321279389778184,0,0
2021-03-09,0.01403988,0.009855589,0.011936901,0.013904115,6.5427504,-0.01572389906147044,-0.025107171286724767,0,0
2021-03-10,0.0059847664,0.009515118,0.010531146,0.014092886,6.9153414,-0.015226403762522113,-0.024131930900556396,0,0
2021-03-11,0.010276795,0.009941178,0.010866392,0.012884726,6.4257965,-0.015843575349333082,-0.025362764467327412,0,0
2021-03-12,0.0013961165,0.009893993,0.0066621825,0.012560975,5.8374605,-0.01569780938352052,-0.02538776769461262,0,0
2021-03-15,0.0063845473,0.0097310655,0.007796111,0.011588996,5.751858,-0.01543930969403788,-0.024969701077457468,0,0
2021-03-16,-0.0037878833,0.009448389,0.0049353926,0.011191253,5.468144,-0.014990814841118222,-0.024244358906459585,0,0
2021-03-17,0.0027791832,0.009311989,0.008628384,0.009987717,6.7465024,-0.014882068188653546,-0.023663415726419702,0,0
2021-03-18,-0.0146136405,0.009160449,0.010850997,0.009336903,6.428462,-0.014599666281950504,-0.023370102243167178,1,0
2021-03-19,-0.0016013839,0.009382818,0.008619321,0.010860282,6.11257,-0.01490598157155565,-0.02403827006809908,0,0
2021-03-22,0.0077269776,0.009170658,0.009048477,0.009968254,6.338905,-0.014603390272336685,-0.023423331742820564,0,0
2021-03-23,-0.0077269776,0.008830218,0.006906438,0.009903101,6.004143,-0.014010709264939263,-0.02265681722094241,0,0
2021-03-24,-0.0048840144,0.00889141,0.008928138,0.009876976,5.65986,-0.01410711215577178,-0.022815163409269184,0,0
2021-03-25,0.005076316,0.008960117,0.011748064,0.009289171,6.448006,-0.014282982800058464,-0.022853294208126058,0,0
2021-03-26,0.016338052,0.00887476,0.008022953,0.008906806,6.522183,-0.014156468724874954,-0.022614328517971582,0,0
2021-03-29,-0.0014513333,0.008607653,0.007591071,0.010855523,7.2119613,-0.013802392867381072,-0.021758841723892322,0,0
2021-03-30,-0.0028456717,0.008641997,0.00557842,0.009989369,6.822558,-0.01381955048042149,-0.02194112380297158,0,0
2021-03-31,0.004990377,0.00842143,0.006989575,0.009412481,6.445239,-0.013423938661411833,-0.021480103280283738,0,0
2021-04-01,0.010655068,0.0083441995,0.00608616,0.009065666,6.3133206,-0.013283975630550815,-0.021319590286752996,0,0
2021-04-02,0.0042925198,0.00817053,0.004022703,0.009544888,6.4720936,-0.013027223807837803,-0.020833013625994427,0,0
2021-04-05,0.01000626,0.008060123,0.0071661044,0.009185022,6.0985055,-0.012802680813666317,-0.020653610128418307,0,0
2021-04-06,-0.00092231075,0.008008442,0.004037696,0.0094724,6.1403074,-0.01272646978012431,-0.02050936863513111,0,0
2021-04-07,0.0014752892,0.007894714,0.0032723064,0.008908723,6.9546924,-0.012637008700107599,-0.020013328987629864,0,0
2021-04-08,0.0046574418,0.007753828,0.0038994197,0.008369767,7.1575613,-0.012428881199982436,-0.019611986095779115,0,0
2021-04-09,0.0074313553,0.0076517398,0.006179127,0.008153952,7.281154,-0.0122749595602758,-0.019328234926382856,0,0
2021-04-12,0.00018204436,0.007598274,0.0033156679,0.008342747,7.1783724,-0.01218120024742537,-0.01921421566726042,0,0
2021-04-13,0.0030292037,0.007461479,0.0064330525,0.007855351,7.2057076,-0.011964018121966888,-0.01886275044083562,0,0
2021-04-14,-0.0035754363,0.007439324,0.004671826,0.007587129,7.100486,-0.01192021152754945,-0.018828220840112025,0,0
2021-04-15,0.010748247,0.007860719,0.005488,0.007422003,6.7983165,-0.012567838239233688,-0.019963223776963555,0,0
2021-04-16,0.0032978593,0.007905375,0.0045348257,0.008408597,7.1848955,-0.012674070451041686,-0.01998939760921413,0,0
2021-04-19,-0.0049809567,0.007862695,0.0054292087,0.008057735,7.1559877,-0.012603256709027288,-0.019887684967007588,0,0
2021-04-20,-0.007003168,0.008011276,0.008606415,0.007924338,6.9645457,-0.01282449930879746,-0.02030654592661607,0,0
2021-04-21,0.009226659,0.008175893,0.006577698,0.008102396,7.0002284,-0.013091352142251617,-0.02071546430920182,0,0
2021-04-22,-0.008923786,0.0080008,0.008546816,0.008620327,6.9289193,-0.012804418362610943,-0.02028821412464386,0,0
2021-04-23,0.010543219,0.008202607,0.007814278,0.008891366,7.1838584,-0.013150509259956068,-0.020741203055780658,0,0
2021-04-26,0.0019159388,0.008109414,0.0035362681,0.0094129,7.1199493,-0.012995615157557056,-0.020519778759378736,0,0
2021-04-27,-0.000119638695,0.007960633,0.0043404987,0.008840903,6.906692,-0.012738053349501134,-0.020191501264624698,0,0
2021-04-28,-0.00065826875,0.007891293,0.003499474,0.008308255,7.047969,-0.012639869898973527,-0.019983700543655496,0,0
2021-04-29,0.006503797,0.007832101,0.006704689,0.00791951,6.853729,-0.012527414506415922,-0.019877649129067435,0,0
2021-04-30,-0.006922921,0.007878021,0.004280209,0.007998766,6.7950783,-0.012595183289681365,-0.020007927849647722,0,0
2021-05-03,0.0026913087,0.007950788,0.0035714644,0.008208873,6.8843417,-0.012720185745909577,-0.02017171947043968,0,0
2021-05-04,-0.006591587,0.007849531,0.010367195,0.0078238025,6.951269,-0.012564372903164617,-0.019899561908963602,0,0
2021-05-05,0.0004207616,0.00810265,0.0045747827,0.00794525,6.932117,-0.012967720711705688,-0.020545730998282122,0,0
2021-05-06,0.008199465,0.007934424,0.008046559,0.0075338236,6.8587284,-0.012691561571379378,-0.020136174176322474,0,0
2021-05-07,0.0073638908,0.007942832,0.0054273335,0.007984177,6.79616,-0.012698908497064556,-0.020172271916292017,0,0
2021-05-10,-0.009930214,0.007662613,0.009123851,0.008185773,6.6439223,-0.012235817248682578,-0.019496171390850654,0,0
2021-05-11,-0.008943905,0.00782427,0.013182839,0.008738958,6.9833465,-0.012526826091175393,-0.019828317603522064,0,0
2021-05-12,-0.021329267,0.00818622,0.011943026,0.00900724,6.876129,-0.013096039795042628,-0.02077099838294747,1,1
2021-05-13,0.011817791,0.00927533,0.014813079,0.0121313045,6.6733866,-0.01481467441663705,-0.02359098717856269,0,0
2021-05-14,0.014983364,0.00914104,0.009133013,0.01199603,6.64695,-0.014596970201561888,-0.023256909148057482,0,0
2021-05-17,-0.0027021363,0.008583225,0.006986701,0.012659939,7.0927124,-0.013752388677922365,-0.021725181865671874,0,0
2021-05-18,-0.008393009,0.008576982,0.01026377,0.011367398,7.6217456,-0.013786432502088107,-0.021590745415769906,0,0
2021-05-19,-0.0027931284,0.0086837225,0.011666144,0.010845262,7.6034446,-0.013956622689101361,-0.02186334949045835,0,0
2021-05-20,0.010343981,0.008914394,0.01272534,0.009928108,7.3856125,-0.0143096224374754,-0.02249322452687719,0,0
2021-05-21,-0.0006019745,0.008742282,0.0064489134,0.010145263,7.37711,-0.014032631503279432,-0.022060873694483896,0,0
2021-05-24,0.01006539,0.00856043,0.008775632,0.009277756,7.365373,-0.013739765535821664,-0.021604591007530545,0,0
2021-05-25,-0.0019691507,0.008386242,0.005264552,0.009650498,7.281286,-0.01345326305526014,-0.021183552892122218,0,0
2021-05-26,0.0017902971,0.008245828,0.0039365604,0.008962441,6.99442,-0.013202789506481166,-0.02089402507295313,0,0
2021-05-27,0.0014299335,0.00800193,0.005619576,0.008396721,7.0767136,-0.012819618196173652,-0.020257425411894972,0,0
2021-05-28,0.0008331846,0.0078108725,0.0024519027,0.007909065,7.172079,-0.012521513976393667,-0.01975316895822221,0,0
2021-06-01,-0.00095226767,0.007717487,0.0066134036,0.0074680643,7.2412634,-0.012377325354780078,-0.01950254091529674,0,0
2021-06-02,0.0018441958,0.007867762,0.0039156,0.0071069165,7.2284703,-0.01261730950194502,-0.019885002211223152,0,0
2021-06-03,-0.0035724957,0.007716174,0.007713499,0.006909737,6.976682,-0.012353173117986416,-0.019555850242020317,0,0
2021-06-04,0.008789177,0.007812556,0.007409785,0.00678886,7.277549,-0.012532658757044736,-0.019735203448625397,0,0
2021-06-07,-0.00065059884,0.0076298537,0.00293433,0.007905857,6.941018,-0.012211836628776887,-0.019344907643535074,0,0
2021-06-08,5.9162845e-05,0.007401867,0.005186491,0.007458425,6.691942,-0.011824163604000612,-0.01882177391415319,0,0
2021-06-09,-0.0017171452,0.007425889,0.0028300458,0.0070476816,6.8334007,-0.011875840773494444,-0.018851160537642537,0,0
2021-06-10,0.004611845,0.0077267336,0.006632162,0.0067366315,7.185064,-0.012387681224164965,-0.019537651017352897,0,0
2021-06-11,0.0018270228,0.007768876,0.0026837152,0.0068547972,12.828055,-0.012594237104790785,-0.019204587298662413,0,0
2021-06-14,0.0021175232,0.0075801006,0.003873596,0.0065743476,12.384255,-0.01228821115832299,-0.018737937198644767,0,0
2021-06-15,-0.004298549,0.0076214103,0.0047907922,0.006403793,11.743062,-0.012355178625285766,-0.01884005394892952,0,0
2021-06-16,-0.0055624736,0.0077199684,0.0077697574,0.006618697,11.284322,-0.012514952404283096,-0.019083688355782495,0,0
2021-06-17,-0.00017803627,0.0078111216,0.0065825325,0.0069356253,11.5706415,-0.01266272207113096,-0.019309018039784916,0,0
2021-06-18,-0.014045594,0.007785349,0.009671439,0.006459073,11.493628,-0.012620942730652658,-0.019245309933861542,1,0
2021-06-21,0.014401635,0.008145056,0.011661192,0.009554817,11.680488,-0.013204067608203954,-0.020134500166169918,0,0
2021-06-22,0.005325456,0.0080192555,0.0061643743,0.011094451,11.282838,-0.01300013105255381,-0.0198235232206206,0,0
2021-06-23,-0.0011219038,0.007741256,0.0028266036,0.009745293,12.131165,-0.01254946243322773,-0.019136311699144395,0,0
2021-06-24,0.005773212,0.0075348495,0.00421462,0.008442182,11.682504,-0.012214853820511335,-0.01862607671942086,0,0
2021-06-25,0.0035767725,0.00748684,0.0036113912,0.008066767,12.009146,-0.01213702416390055,-0.01850739653082586,0,0
2021-06-28,0.0021633008,0.0073685814,0.0028264394,0.0075209145,12.047682,-0.01194531369055352,-0.018215062783983788,0,0
2021-06-29,0.00035036498,0.0072983583,0.003171846,0.00703623,11.543746,-0.011831474229473275,-0.018041472287778457,0,0
2021-06-30,0.0015168312,0.0073346617,0.004092661,0.006621074,10.983904,-0.01189032670393678,-0.018131214721097164,0,0
2021-07-01,0.0051748813,0.007329924,0.0035507036,0.0063721463,10.828708,-0.011882646367822026,-0.018119503199059615,0,0
2021-07-02,0.007395885,0.007240891,0.004258331,0.0067793126,10.826655,-0.01173831344038727,-0.017899414099423888,0,0
2021-07-06,-0.002016885,0.0072242618,0.0069143786,0.007559388,10.836485,-0.011711355460624484,-0.017858306657072096,0,0
2021-07-07,0.003627469,0.0073327734,0.004386874,0.006974594,10.350989,-0.011887265541399615,-0.01812654684302791,0,0
2021-07-08,-0.008484654,0.007300342,0.010552667,0.006804273,10.128215,-0.011834689842725716,-0.0180463756832689,0,0
2021-07-09,0.01083834,0.0076423828,0.009094202,0.00785348,10.414167,-0.012389177194484737,-0.018891897382142548,0,0
2021-07-12,0.003777261,0.007433527,0.005720615,0.00913492,10.568223,-0.0120505984387921,-0.018375608446411913,0,0
2021-07-13,-0.0034906047,0.0072734547,0.0037975148,0.008119414,10.246054,-0.01179110266928502,-0.017979910865235153,0,0
2021-07-14,0.0014892889,0.0072303787,0.005460972,0.0074906033,9.892886,-0.011718270526733807,-0.0178849366472352,0,0
2021-07-15,-0.003612493,0.007544617,0.0057756337,0.0069135046,9.461647,-0.01221387956487653,-0.018713250283879546,0,0
2021-07-16,-0.0077273897,0.007677297,0.0076844906,0.006768432,9.281454,-0.012422283319272283,-0.01906541329747049,0,0
2021-07-19,-0.015695062,0.007912734,0.012530578,0.007599324,9.491544,-0.012810875248779021,-0.019622444686856613,1,0
2021-07-20,0.015000136,0.008621106,0.009973435,0.010911274,9.524856,-0.013959014964208436,-0.021374449282728407,0,0
2021-07-21,0.008077588,0.0083719585,0.0058149924,0.012201594,10.063157,-0.013571903380535924,-0.02069540227898095,0,0
2021-07-22,0.0020665908,0.008055297,0.004826849,0.010696754,10.157814,-0.013058558154555575,-0.01991261701579569,0,0
2021-07-23,0.0099287545,0.008049406,0.0048727454,0.008875019,9.724512,-0.013040196472823869,-0.019931563913816043,0,0
2021-07-26,0.0025518173,0.008021459,0.0063453657,0.009382806,9.835815,-0.012998556298636726,-0.019848652149316817,0,0
2021-07-27,-0.004484185,0.008015543,0.00769057,0.008109776,9.542207,-0.0129791171335988,-0.019870822564727494,0,0
2021-07-28,-0.00017068244,0.008125268,0.0044628917,0.00757824,9.566624,-0.013157653645079866,-0.02013964708609906,0,0
2021-07-29,0.0040883594,0.007977905,0.0062506567,0.0068693594,9.012172,-0.01289801359208952,-0.01984946807062394,0,0
2021-07-30,-0.0050561107,0.007936789,0.0054783346,0.006846596,9.120328,-0.012835916655829867,-0.01973191564914971,0,0
2021-08-02,-0.0022236803,0.007986445,0.0064072683,0.0070404056,9.187184,-0.01291886783642318,-0.019846050986963317,0,0
2021-08-03,0.008016189,0.008169834,0.007067888,0.006652072,8.884078,-0.013202759251130009,-0.020346064449500025,0,0
2021-08-04,-0.0045971875,0.008016075,0.0031721024,0.007790586,9.217247,-0.012967972736589388,-0.019915519428783116,0,0
2021-08-05,0.006068358,0.007881072,0.0029947697,0.0074232984,9.192181,-0.012748611154675713,-0.01958352359637444,0,0
2021-08-06,0.0018077058,0.007773382,0.0024313764,0.0075783515,9.06383,-0.012569424648717301,-0.019333426576560273,0,0
2021-08-09,-0.0008469552,0.007629435,0.0031422314,0.0069019366,9.046877,-0.012336002637612163,-0.018977714254638373,0,0
2021-08-10,0.00095982844,0.007566219,0.0034522458,0.006433263,9.011495,-0.012232407419149636,-0.01882526284091459,0,0
2021-08-11,0.0023673987,0.0074705957,0.0032250274,0.0061546154,8.805263,-0.01206953249205266,-0.01861565850427115,0,0
2021-08-12,0.0031478384,0.007672181,0.0036074987,0.006096829,8.23814,-0.012368420593634336,-0.019204999005565156,0,0
2021-08-13,0.0017943259,0.007687521,0.0017005026,0.0062034633,8.291419,-0.012395913282669967,-0.019234733100552945,0,0
2021-08-16,0.002573716,0.0076305885,0.006533017,0.0060430556,8.222525,-0.012300555031069024,-0.019103425609199767,0,0
2021-08-17,-0.006840509,0.0078109205,0.008772972,0.0060304403,8.062041,-0.012582399180440853,-0.01958215954746081,0,0
2021-08-18,-0.011088595,0.007951714,0.009170028,0.007094031,8.38021,-0.012826555364776266,-0.01988105957772751,0,0
2021-08-19,0.0015916328,0.008254718,0.010685206,0.009145281,8.779999,-0.013335199799557298,-0.02057350875976489,0,0
2021-08-20,0.00803308,0.00848608,0.009993961,0.0077109365,8.703721,-0.013705275155694249,-0.02116246659451878,0,0
2021-08-23,0.008639605,0.008231747,0.006059258,0.008231631,8.977513,-0.01330691562448152,-0.020486188346163177,0,0
2021-08-24,0.0015628492,0.008005288,0.0023956436,0.008706279,8.929801,-0.012938816073516149,-0.019929556128033925,0,0
2021-08-25,0.0023397035,0.007828629,0.0031649752,0.0074598943,8.83003,-0.012649046369966785,-0.01950419232884114,0,0
2021-08-26,-0.005915526,0.0077558067,0.0026507338,0.006802373,8.433116,-0.012513172731234522,-0.019382836255165743,0,0
2021-08-27,0.008693769,0.007840538,0.005698697,0.007148243,8.658644,-0.012660652527797522,-0.01955944268093274,0,0
2021-08-30,0.0043739513,0.007769432,0.004769877,0.008139475,8.963316,-0.012558986073030484,-0.019337633789652673,0,0
2021-08-31,-0.0010502171,0.0076693534,0.004479054,0.007457887,9.231964,-0.012407612033285031,-0.019052168128250307,0,0
2021-09-01,0.00016589709,0.0076028802,0.0031137334,0.0066723446,9.170947,-0.012297808561724898,-0.01889504951207769,0,0
2021-09-02,0.0030917046,0.007457516,0.0040051127,0.0062570265,8.128062,-0.012016648709108797,-0.018685341869139328,0,0
2021-09-03,-0.00016538493,0.0074199634,0.0047072247,0.0061192927,9.554821,-0.012015137232297963,-0.01839285301384702,0,0
2021-09-07,-0.003368773,0.007460653,0.005500285,0.0058422573,8.88055,-0.012056553789354038,-0.01858041478344782,0,0
2021-09-08,-0.0014947272,0.007547129,0.0050903056,0.005928088,9.123574,-0.012205854590127635,-0.018762738734838774,0,0
2021-09-09,-0.004497634,0.007895765,0.0063986406,0.0057399776,8.779911,-0.012755319535835403,-0.019678890202622864,0,0
2021-09-10,-0.0075973775,0.008113321,0.008583347,0.006083834,8.546811,-0.013095716628435788,-0.02025775257869545,0,0
2021-09-13,0.0024083576,0.008381689,0.0075132106,0.007062147,9.0546665,-0.013552654278406445,-0.02084773336198223,0,0
2021-09-14,-0.0076934258,0.008300266,0.00744905,0.0065557864,8.620811,-0.013401157110000774,-0.020712421165102267,0,0
2021-09-15,0.008364491,0.008346153,0.006311407,0.0073329695,8.915803,-0.01348912583890544,-0.020780296130606057,0,0
2021-09-16,-0.0017345088,0.008218059,0.0069925105,0.007926038,9.1843195,-0.013293412133892948,-0.0204220137161748,0,0
2021-09-17,-0.009565682,0.008162598,0.009108294,0.0069985515,8.962431,-0.013194486023089836,-0.02031633142914345,0,0
2021-09-20,-0.01676208,0.008422699,0.018046845,0.00808917,9.053658,-0.013618920743279425,-0.020949887822939838,1,0
2021-09-21,-0.0011505495,0.009081589,0.010778494,0.0113742445,8.813309,-0.01467266803788801,-0.022628653283742455,0,0
2021-09-22,0.009338634,0.0089454865,0.012040886,0.009207494,8.798151,-0.014452019012982674,-0.022292071616362694,0,0
2021-09-23,0.012242275,0.008736932,0.008310028,0.009213271,8.824858,-0.014116381063371694,-0.02176797826214059,0,0
2021-09-24,0.0017447592,0.008369491,0.00667457,0.010120231,9.397728,-0.013546831685123049,-0.020768038174498942,0,0
2021-09-27,-0.002872028,0.008120481,0.007245832,0.0084222825,8.9251,-0.013124796363561939,-0.02021703249894084,0,0
2021-09-28,-0.020396082,0.00809888,0.012219927,0.0073984363,8.602479,-0.013075125046071424,-0.020212790202836603,1,1
2021-09-29,0.0014378974,0.008574397,0.0055840784,0.012541653,8.196577,-0.013820448512412833,-0.02147104701121751,0,0
2021-09-30,-0.012026742,0.008651584,0.0125805335,0.010151537,8.132953,-0.013941007112284068,-0.02167624230708069,0,0
2021-10-01,0.0106464,0.008829261,0.01621258,0.010491503,8.419709,-0.0142443264026924,-0.02206796507687837,0,0
2021-10-04,-0.012159965,0.008735269,0.01307015,0.010275072,8.513804,-0.014097838201327666,-0.021816415404098895,0,0
2021-10-05,0.009912837,0.008802979,0.013815986,0.01060162,8.553887,-0.014209273828709701,-0.021978490389173665,0,0
2021-10-06,0.0046040597,0.008660557,0.013421036,0.01014935,8.470555,-0.013974934020379758,-0.02163735303354002,0,0
2021-10-07,0.008234264,0.008523999,0.009509479,0.008882276,8.253858,-0.013742557133778269,-0.02133442278654186,0,0
2021-10-08,-0.0017669359,0.008238776,0.00493492,0.008714254,8.253487,-0.013282694001481842,-0.02062061225510883,0,0
2021-10-11,-0.007156587,0.008016752,0.009330649,0.0076592434,7.9745307,-0.012908775287149942,-0.02011388211756409,0,0
2021-10-12,-0.0023585595,0.008109608,0.0077131214,0.007764709,7.870304,-0.013051799774008707,-0.020366187998468392,0,0
2021-10-13,0.0032774662,0.0080051655,0.0063737826,0.0070799333,7.6340446,-0.012868159156897412,-0.0201489055625161,0,0
2021-10-14,0.016849214,0.008179952,0.008303192,0.0067212614,7.501557,-0.013139525677515026,-0.020615773250277934,0,0
2021-10-15,0.007535322,0.008079674,0.0051020356,0.010324704,7.515381,-0.012979462720177767,-0.0203602306289574,0,0
2021-10-18,0.0033557077,0.008001365,0.0066951755,0.009502611,7.6793146,-0.012865143615820644,-0.020130526064554805,0,0
2021-10-19,0.007509422,0.007956174,0.0052625486,0.008417875,7.209643,-0.012757554568853968,-0.020112500884360823,0,0
2021-10-20,0.0037060638,0.007874018,0.0041021057,0.0082871085,7.5449886,-0.01265118590532638,-0.019836144496737117,0,0
2021-10-21,0.0030320594,0.007788048,0.0046150507,0.007568174,7.887684,-0.01253533173105216,-0.019555507511237278,0,0
2021-10-22,-0.0011566107,0.0076842005,0.005583561,0.0069943694,8.112371,-0.012381058056631991,-0.019255952267808685,0,0
2021-10-25,0.0047281412,0.00772101,0.0055074613,0.006388522,8.589685,-0.012464488793785797,-0.019271665227097584,0,0
2021-10-26,0.0015893462,0.0076288274,0.004519979,0.0065650223,7.4302945,-0.012249225188175306,-0.01924062383155007,0,0
2021-10-27,-0.0045555667,0.0076247803,0.004391054,0.006114707,8.116858,-0.012285562101105924,-0.019106301550522644,0,0
2021-10-28,0.009417503,0.007680702,0.004434496,0.006221114,12.251822,-0.01245129760976542,-0.01898662300373921,0,0
2021-10-29,0.0020687035,0.0075927326,0.006269121,0.0076409336,12.52623,-0.012308688959988075,-0.018769163205149934,0,0
2021-11-01,0.0019016061,0.0076225004,0.0050603417,0.0068047387,11.891422,-0.01235694594658514,-0.018842748885978602,0,0
2021-11-02,0.0038464712,0.007530937,0.0045915414,0.0063173226,11.217433,-0.012208511213269317,-0.018616405061386558,0,0
2021-11-03,0.0061989794,0.0074130953,0.0052718176,0.0062883063,10.369251,-0.012017475934306,-0.018325100898899434,0,0
2021-11-04,0.0045037875,0.007281134,0.0025579082,0.006662821,10.609853,-0.011803551565734757,-0.01799889382677953,0,0
2021-11-05,0.0036311247,0.007184614,0.006203496,0.006596315,10.838145,-0.011647082019252731,-0.017760297948363587,0,0
2021-11-08,0.0007992115,0.00739425,0.0041536866,0.0063824872,11.059485,-0.011986925920421852,-0.01827851606777931,0,0
2021-11-09,-0.003360989,0.0073930267,0.0053759185,0.006047405,10.307434,-0.011984942536919691,-0.018275491663736647,0,0
2021-11-10,-0.0077788006,0.0074994806,0.007125741,0.006002695,10.449699,-0.01215751631344629,-0.018538644415998572,0,0
2021-11-11,0.00021540119,0.007911492,0.0035637121,0.0068721995,10.725333,-0.012825434633683406,-0.019557133712542807,0,0
2021-11-12,0.007563399,0.007908998,0.004764706,0.0063042953,10.230299,-0.012821391063317936,-0.019550967789237105,0,0
2021-11-15,0.0001603035,0.007888757,0.004542394,0.0069373064,10.258386,-0.012788577460262384,-0.019500931276567015,0,0
2021-11-16,0.0036266707,0.007850466,0.0055212257,0.0063884873,9.636367,-0.012715007352760831,-0.019449798857659465,0,0
2021-11-17,-0.0020783935,0.007888702,0.0029847561,0.0062407916,9.687486,-0.012778636522441421,-0.01953818771851603,0,0
2021-11-18,0.0032489176,0.007866885,0.005394683,0.006014524,9.111526,-0.012722515122471644,-0.019559341499463246,0,0
2021-11-19,-0.001489996,0.00799736,0.005726441,0.0059573743,9.158134,-0.012935381704858206,-0.019877213635744427,0,0
2021-11-22,-0.003146921,0.008081871,0.00954506,0.005753664,8.889249,-0.013060835291210465,-0.02012623305984698,0,0
2021-11-23,0.0018680121,0.008242195,0.0070296405,0.005759859,8.894567,-0.013320165106989933,-0.020524677029097223,0,0
2021-11-24,0.0022370182,0.0081312675,0.006743126,0.0056241103,8.318809,-0.01311292180791534,-0.020340349124947574,0,0
2021-11-26,-0.022217756,0.008078137,0.016001174,0.005550403,8.391455,-0.013031069191042705,-0.0201952755665878,1,1
2021-11-29,0.011950287,0.0093967505,0.009138737,0.012133242,6.902617,-0.01503557376931072,-0.02383521019762627,0,0
2021-11-30,-0.018389951,0.008740528,0.011687666,0.011367777,7.081243,-0.014003332593242157,-0.0221261283352052,1,0
2021-12-01,-0.012727795,0.009403788,0.02104593,0.013253189,6.8570085,-0.015041694770880637,-0.023865635248010535,0,0
2021-12-02,0.014806116,0.010135917,0.010888479,0.012223313,7.083529,-0.016239160684504452,-0.02565782801087576,0,0
2021-12-03,-0.00839442,0.009783195,0.016457176,0.01235515,7.329876,-0.015698968463671498,-0.024699667734766218,0,0
2021-12-06,0.011503824,0.010489993,0.010575112,0.010656997,7.0900736,-0.016807187629302497,-0.026552212762748665,0,0
2021-12-07,0.020485891,0.009924304,0.011530946,0.010495385,7.310337,-0.015923495953772238,-0.025061034778189495,0,0
2021-12-08,0.0029838043,0.009208303,0.0060457373,0.013972954,7.3633895,-0.014779446547636455,-0.023240152815078664,0,0
2021-12-09,-0.006833253,0.008617756,0.005243518,0.010911998,7.0932207,-0.013807762799585954,-0.02181246135863178,0,0
2021-12-10,0.009383732,0.008566703,0.0047848234,0.009457384,7.2744527,-0.013742172109543739,-0.021640951765520472,0,0
2021-12-13,-0.0090088295,0.00821321,0.008229003,0.009260466,7.512613,-0.013193771815396441,-0.02069730169314542,0,0
2021-12-14,-0.008766561,0.008298561,0.01134916,0.009036799,7.674673,-0.013342670090258786,-0.020879171202908466,0,0
2021-12-15,0.015544076,0.008440937,0.012560091,0.008950984,7.398234,-0.01355063113781405,-0.02129581279855294,0,0
2021-12-16,-0.008814395,0.008593443,0.014121926,0.011326654,7.592988,-0.013810738605381193,-0.021638267019504907,0,0
2021-12-17,-0.010626634,0.008805318,0.009464867,0.010217181,7.6132054,-0.014152801899947826,-0.022167380342847025,0,0
2021-12-20,-0.011234235,0.0089452565,0.013883995,0.01010427,7.8426843,-0.014394766776392348,-0.022470547177389492,0,0
2021-12-21,0.01788237,0.009224026,0.0066059893,0.010276222,7.918678,-0.014848837998471793,-0.023154629157108572,0,0
2021-12-22,0.009703349,0.00895065,0.008523391,0.012933948,8.12904,-0.014422668523209814,-0.022426305729517773,0,0
2021-12-23,0.0063286303,0.008715287,0.006110291,0.011415736,8.335357,-0.01405569401010851,-0.021798263968133804,0,0
2021-12-27,0.014003177,0.008568141,0.006234342,0.009731505,8.415302,-0.013822817671379098,-0.021416089535764966,0,0
2021-12-28,-0.0007844573,0.008414975,0.0040561506,0.011139723,8.327479,-0.013570926566688764,-0.02104852087469419,0,0
2021-12-29,0.0012548366,0.008225861,0.00381678,0.008975033,8.475554,-0.013273752820126616,-0.020550487483144933,0,0
2021-12-30,-0.0025636344,0.008080341,0.0045207655,0.007519921,8.589372,-0.013044561657616723,-0.020168604150684197,0,0
2021-12-31,-0.0028853992,0.008034659,0.003648786,0.006670506,8.539713,-0.012968400351794479,-0.020062479166106168,0,0
