DATE,ES1_CLOSE,ES1_LN_RET,gk_VaR_ret_95,garch_VaR_ret_95,lstm_VaR_ret_95,gk_VaR_price_95,garch_VaR_price_95,lstm_VaR_price_95,sigma_implied,gk_vol_daily,garch_vol,viol_gk_ret,viol_garch_ret,viol_lstm_ret
2006-01-31,1283.5,-0.0038880298,-0.0100414119952016,-0.010051017803525587,-0.00765459654775911,1275.6263834582971,1275.6141300946165,1278.6747046584035,0.004721811134514454,0.0061941410849498,0.0062000665197415,0,0,0
2006-02-01,1287.25,0.0029174385,-0.0071577728037119,-0.010004761991170794,-0.008447158393477573,1274.3457995336103,1270.7229104313694,1272.703735277804,0.0052107104938151514,0.0044153406534255,0.0061715331792251,0,0,0
2006-02-02,1272.0,-0.011917695,-0.0095117974168512,-0.009944855564976422,-0.008161355021115368,1275.0639860995361,1274.5119287960592,1276.7870497508818,0.0050344099484524165,0.0058674432639147,0.0061345793269262,1,1,1
2006-02-03,1265.5,-0.005123164,-0.0106322257432592,-0.010118332022598889,-0.00863619670410478,1258.5474508517673,1259.1943766952404,1261.062056889281,0.005327320584810824,0.0065585901994912,0.0062415899399699,0,0,0
2006-02-06,1268.75,0.0025648628,-0.0053740853110937,-0.01008967713103107,-0.009259594733148586,1258.7173366685508,1252.7957124466773,1253.8360678463375,0.005711869624908194,0.0033150559538218,0.0062239138958807,0,0,0
2006-02-07,1257.5,-0.00890654,-0.0091896461532773,-0.010025377025989558,-0.00814257543906538,1257.1440454273265,1256.0938502385127,1258.461053520816,0.005022825583545409,0.0056687211740109,0.0061842497607377,0,0,1
2006-02-08,1268.25,0.008512374,-0.0093786755830472,-0.010097220716035278,-0.008522899412169441,1245.7614475350388,1244.8666332307798,1246.8279967950673,0.00525743206603223,0.0057853257867647,0.0062285672284822,0,0,0
2006-02-09,1265.75,-0.0019731657,-0.0111262894329433,-0.010142996495765418,-0.00880407221057646,1254.217294163804,1255.4511636990258,1257.1332435884865,0.005430876197536395,0.0068633581146327,0.0062568044562802,0,0,0
2006-02-10,1268.25,0.0019731657,-0.0143880549301482,-0.010095302182022559,-0.009486732798042848,1247.6687087038483,1253.0361542978167,1253.7989458205836,0.005851981913935859,0.0088754093764835,0.0062273837624162,0,0,0
2006-02-13,1265.75,-0.0019731657,-0.0076765112431208,-0.010026518051045664,-0.010877013122169422,1258.5515374209633,1255.5974052148217,1254.5299797947428,0.006709589636772541,0.0047353294240706,0.0061849536129631,0,0,0
2006-02-14,1278.25,0.009827123,-0.0134093849943491,-0.009960418515572835,-0.009597721741056215,1248.8903622591895,1253.2051798076366,1253.6597957230397,0.005920446505591173,0.0082717074607733,0.0061441794819381,0,0,0
2006-02-15,1282.25,0.0031243924,-0.0093487813521607,-0.010042496051688275,-0.010615296438506774,1266.3556059118498,1265.4774210532903,1264.7527626591186,0.006548147195842292,0.0057668852443564,0.006194809795568,0,0,0
2006-02-16,1291.75,0.0073815407,-0.0071605128613352,-0.009999185167968822,-0.00995056017319236,1273.1012264293088,1269.4924337475477,1269.5541643113193,0.00613809826909696,0.0044170308841927,0.0061680930624631,0,0,0
2006-02-17,1289.0,-0.0021311643,-0.0051259819595903,-0.010016798028792814,-0.008971109946832,1285.1454546554194,1278.875389979431,1280.2133941786462,0.005533915023686728,0.0031620110271128,0.0061789577242164,0,0,0
2006-02-20,1288.75,-0.00019396761,-0.0028656233064474,-0.010004661873686184,-0.007904133547051901,1285.3114990092931,1276.1682863534568,1278.8517313279233,0.0048757404205823085,0.001767687160425,0.0061714714207966,0,0,0
2006-02-21,1285.25,-0.0027195043,-0.0097279320239028,-0.009940355170838789,-0.006760706134221464,1276.27390927244,1276.0028279452738,1280.066526251351,0.004170406278446183,0.0060007679646697,0.0061318032157339,0,0,0
2006-02-22,1292.25,0.005431633,-0.0096658849893766,-0.009890319522858156,-0.007753355144142311,1272.8867683621813,1272.6011206699516,1275.3235317448655,0.004782731319807267,0.0059624936576358,0.0061009382474389,0,0,0
2006-02-23,1290.25,-0.001548887,-0.0082879689026434,-0.009894474451601094,-0.00843300996355407,1281.58413242845,1279.5269133176555,1281.3982635858692,0.005201982899417214,0.0051125129329602,0.0061035012549964,0,0,0
2006-02-24,1293.0,0.0021291017,-0.0059988911330235,-0.009836628462176348,-0.00850656086935516,1282.5331002784026,1277.620507772891,1279.3209600137266,0.005247353479538368,0.0037004734044334,0.0060678184028371,0,0,0
2006-02-27,1294.0,0.0007730963,-0.0068110943226185,-0.00977489427717439,-0.007914100642121627,1284.2231788496454,1280.4226330612826,1282.8074534882658,0.00488188871856057,0.0042014887146708,0.0060297370800262,0,0,0
2006-02-28,1282.5,-0.008926898,-0.0096912395295301,-0.009065345743675731,-0.007752945798860719,1281.5201065431265,1282.3224530799223,1284.0064778118492,0.0047824788112529075,0.0059781338483709,0.0055920452768007,0,0,1
2006-03-01,1292.0,0.0073801074,-0.007052874285383,-0.009755727195454394,-0.00834175082712501,1273.4865115924606,1270.0491123535692,1271.8462020067911,0.005145688827766493,0.0043506329985218,0.0060179136822394,0,0,0
2006-03-02,1291.5,-0.0003870718,-0.0077811808038114,-0.009818293190856326,-0.008081297953656431,1281.9857263659715,1279.376835566862,1281.601038192279,0.004985025980249044,0.004799895844264,0.0060565081152559,0,0,0
2006-03-03,1286.5,-0.0038789809,-0.0164319547842401,-0.009738992283479202,-0.008130630998143895,1270.4515376909233,1278.983141194611,1281.041863304178,0.005015457540855409,0.0101362085614789,0.0060075905916354,0,0,0
2006-03-06,1279.5,-0.0054559764,-0.0121240310573243,-0.009693849763242852,-0.010560989819939401,1270.9966057672832,1274.0891140994372,1272.9847792684834,0.00651464763846793,0.0074788245839596,0.0059797439960164,0,0,0
2006-03-07,1277.5,-0.0015643336,-0.0067836162364294,-0.009729671061457048,-0.010814916295754573,1270.849736232258,1267.1112528274148,1265.736872283817,0.0066712846151356425,0.0041845385942414,0.0060018407066275,0,0,0
2006-03-08,1279.5,0.0015643336,-0.011603931918964,-0.00938467036916655,-0.009284637066738415,1262.7616537345289,1265.5671640483474,1265.693769243474,0.0057273172280367084,0.0071579964531445,0.0057890237279522,0,0,0
2006-03-09,1272.0,-0.005878912,-0.0091292644010837,-0.00918232355012449,-0.009836619376598247,1267.8722632980625,1267.8049928593516,1266.9757446601427,0.0060678127983113,0.0056314741123205,0.0056642041561792,0,0,0
2006-03-10,1283.0,0.008610621,-0.0095083711877358,-0.009372328460619292,-0.009395240080407907,1259.9626702391695,1260.13409065688,1260.1052192744585,0.0057955437554829325,0.005865329761696,0.0057814105035535,0,0,0
2006-03-13,1285.5,0.0019466621,-0.0049559768774508,-0.009640423234959748,-0.0093269889818437,1276.6572120040237,1270.6907654375632,1271.0891058720767,0.005753442412174687,0.0030571417652566,0.0059467873307563,0,0,0
2006-03-14,1308.75,0.017924735,-0.0113928647470823,-0.00959959362133642,-0.00803955514201747,1270.9375837005382,1273.2187641482058,1275.2065845478749,0.004959276527413349,0.0070277976482691,0.0059216011928558,0,0,0
2006-03-15,1314.25,0.0041936776,-0.0079086291332396,-0.009924910905898346,-0.009077715484121653,1298.4404027481012,1295.8250185929037,1296.9233007802097,0.00559967566957244,0.0048785135659447,0.0061222762731047,0,0,0
2006-03-16,1316.75,0.0019004187,-0.0084485849145873,-0.00988055018640223,-0.008755901868576681,1303.1932201159022,1301.328428159542,1302.7927882779345,0.005401161861086551,0.0052115904570134,0.0060949119387541,0,0,0
2006-03-17,1317.5,0.00056942203,-0.0051629910955662,-0.009811645470852405,-0.008728367616676596,1309.969151268512,1303.8936897432616,1305.306934231586,0.005384177094300846,0.0031848404668147,0.0060524074055532,0,0,0
2006-03-20,1315.5,-0.0015191799,-0.0063446602890723,-0.009769867022882944,-0.007790754154791722,1309.1673718688292,1304.6908738131983,1307.2755611607772,0.004805801257432642,0.0039137644173322,0.006026635970106,0,0,0
2006-03-21,1307.5,-0.0060999044,-0.0126302169890681,-0.009687300879983584,-0.007552619849910738,1298.9894350430263,1302.817882613856,1305.6019537281895,0.004658905832535812,0.0077910702201247,0.0059757042547055,0,0,0
2006-03-22,1314.5,0.0053394483,-0.0081117774165074,-0.009678156391133471,-0.009056119051489859,1296.936752307521,1294.9068480619899,1295.7125790442428,0.005586353703426954,0.0050038275285953,0.0059700633892461,0,0,0
2006-03-23,1311.75,-0.0020942416,-0.0075221052762497,-0.009653740188531693,-0.008765958580198168,1304.6492881080785,1301.8712141089595,1303.027504620044,0.0054073654398923915,0.0046400826257503,0.0059550020210096,0,0,0
2006-03-24,1312.75,0.0007620499,-0.0076070247628103,-0.009595189961960326,-0.0084353209142469,1301.8093426169637,1299.223701778321,1300.7315053944046,0.005203408431467746,0.0046924660237097,0.0059188847534269,0,0,0
2006-03-27,1311.0,-0.0013339687,-0.0056980831782734,-0.009567801605313534,-0.008241649716979299,1305.2911121707036,1300.2497636919015,1301.975236237786,0.0050839405000114996,0.0035149171388317,0.0059019899835244,0,0,0
2006-03-28,1302.5,-0.0065047103,-0.0117551139427632,-0.009483273319519288,-0.00761895633420942,1295.6792705027465,1298.62619350638,1301.0495025827515,0.004699826127711624,0.0072512545313279,0.0058498479015016,0,0,0
2006-03-29,1310.0,0.005741643,-0.0109658583337582,-0.009501083832660667,-0.008855015462139116,1288.2949968918786,1290.183441288168,1291.0172573238356,0.005462301029786677,0.0067643946557844,0.0058608344869784,0,0,0
2006-03-30,1307.5,-0.0019102202,-0.012456628367677,-0.009486848658879454,-0.00944198985551945,1293.7830309120582,1297.6309924758132,1297.6892039549773,0.005824381801653028,0.0076839904177869,0.0058520533838017,0,0,0
2006-03-31,1307.5,0.0,-0.0078895976856279,-0.009417445319647853,-0.010253174887950795,1297.2249373793716,1295.2444886252263,1294.1624667097326,0.006324769051900346,0.0048667738353556,0.0058092412698109,0,0,0
2006-04-03,1305.75,-0.0013393286,-0.0119828520684921,-0.009332676161386127,-0.009325022910332324,1291.925918234188,1295.3542900640923,1295.3642037736136,0.0057522296221477085,0.0073917369736239,0.0057569506033014,0,0,0
2006-04-04,1314.75,0.006868945,-0.0102461963375129,-0.009257349603495287,-0.010007654444690803,1292.4393374143544,1293.717993925539,1292.7476751145264,0.006173317416859523,0.0063204642662784,0.0057104846951958,0,0,0
2006-04-05,1319.0,0.0032273403,-0.0071283577312792,-0.009315105937307484,-0.00985579500598989,1305.411315957321,1302.5598289823217,1301.8557394853865,0.006079641468811157,0.004397195684495,0.0057461122424325,0,0,0
2006-04-06,1317.5,-0.0011378723,-0.0090791831365262,-0.00924908025925848,-0.008885185018832273,1307.0787569079948,1306.8567068513787,1307.332352324234,0.005480911409553696,0.0056005810050035,0.0057053836710662,0,0,0
2006-04-07,1304.0,-0.010299538,-0.017170626280003,-0.008910786445629041,-0.008909520248920142,1295.070812538427,1305.8121899837206,1305.8138433998647,0.005495922829120089,0.0105918651426821,0.0054967038946774,0,1,1
2006-04-10,1305.5,0.0011496457,-0.0073459221257463,-0.00934817846130932,-0.011258363132519733,1294.4560151508877,1291.866775419301,1289.4014266929535,0.006944829040153827,0.0045314023633002,0.0057665133453651,0,0,0
2006-04-11,1294.0,-0.008847913,-0.0135564878066841,-0.009326247078125592,-0.009662497018297526,1287.921426241415,1293.3811838164834,1292.9463575800505,0.005960403755252989,0.0083624492383272,0.0057529847617662,0,0,0
2006-04-12,1295.5,0.0011585249,-0.00495258708187,-0.009467935548943856,-0.010741962929993772,1287.607195842653,1281.8063070377846,1280.1742905430162,0.006626282633306763,0.0030550507374124,0.0058403866509406,0,0,0
2006-04-13,1294.25,-0.0009653442,-0.0085797036246487,-0.009388368196733077,-0.008686675684112183,1284.4325396100546,1283.3942843767313,1284.2951485646834,0.005358459026709198,0.0052924722881129,0.0057913047682746,0,0,0
2006-04-17,1293.0,-0.00096627703,-0.0112573705668453,-0.009332882365004323,-0.008674224186959123,1279.7618503830622,1282.2271083843875,1283.0719359511866,0.005353271028814588,0.0069474519469676,0.0057597599166303,0,0,0
2006-04-18,1313.5,0.01573023,-0.0129860214172411,-0.009308120287696146,-0.009376964663732987,1276.3176275681192,1281.0204405515744,1280.9322525343134,0.005793959729440638,0.0080239702116138,0.005751421279456,0,0,0
2006-04-19,1315.25,0.0013314314,-0.009059561550469,-0.009664714945294507,-0.010344480711712466,1301.654006678465,1300.8665446291332,1299.9825605705057,0.006384744951475133,0.0055916765165836,0.0059651848820742,0,0,0
2006-04-20,1317.0,0.0013296611,-0.0111619968520368,-0.009591236663115529,-0.009761976160665448,1300.650813254559,1302.6954291519462,1302.4730265759044,0.006027356051421586,0.0068917735676468,0.005921936029201,0,0,0
2006-04-21,1317.0,0.0,-0.010413546776024,-0.009522480036311719,-0.010053762449657475,1303.3565206945202,1304.5184159263176,1303.8255323087883,0.006214566827711162,0.0064369615531648,0.0058861633987802,0,0,0
2006-04-24,1314.5,-0.0019000575,-0.0081452964380366,-0.009462714056155008,-0.009953913133113649,1306.3162149579016,1304.5963840779762,1303.9557248967942,0.006166381336036649,0.0050459556217046,0.0058620868560738,0,0,0
2006-04-25,1309.5,-0.0038109801,-0.0101936584338424,-0.009388859554133188,-0.009217027449233424,1301.168499808624,1302.216100256872,1302.4398820163083,0.0057100528278859215,0.006315086776866,0.005816504761756,0,0,0
2006-04-26,1309.0,-0.00038189805,-0.0075993857224784,-0.009396096566470067,-0.009399764849014884,1299.5863210416633,1297.2534365929168,1297.2486779095073,0.0058306951099724585,0.004713915920513,0.0058284196661247,0,0,0
2006-04-27,1315.0,0.0045731785,-0.0174293472815537,-0.009371838480391689,-0.008763408844757743,1286.3826597068403,1296.7895698899733,1297.5788151712377,0.0054444869696002604,0.0108284180099417,0.0058224891011691,0,0,0
2006-04-28,1316.0,0.00076016726,-0.0096829748057232,-0.009353060480053094,-0.011279527671189168,1302.3283368358314,1302.758064493637,1300.2507597200358,0.007005810384730124,0.0060141778473835,0.005809265259177,0,0,0
2006-05-01,1308.25,-0.005906467,-0.0109171142351145,-0.00926651550855713,-0.010376869289861488,1301.7112157268737,1303.8615928185216,1302.4146486272748,0.006444395728827339,0.0067799065770858,0.0057548275203585,0,0,0
2006-05-02,1318.0,0.00742507,-0.0056170231811825,-0.009303323076279919,-0.010295032900221617,1300.9221291003375,1296.135368131064,1294.8506151097217,0.006398600900842858,0.0034911097356858,0.0057822303234636,0,0,0
2006-05-03,1312.25,-0.004372215,-0.0082398486877511,-0.009351985544604523,-0.008642096364067162,1307.184499665888,1305.7315397000245,1306.6587934775157,0.00535956359847315,0.0051101019039105,0.00579981513591,0,0,0
2006-05-04,1317.0,0.0036132017,-0.0065594960174023,-0.009323782580763473,-0.008529758836492617,1303.6704708075347,1300.0717283113772,1301.1044260719257,0.005286581958654326,0.0040654506145126,0.0057787027420986,0,0,0
2006-05-05,1329.0,0.009070357,-0.0091801576509246,-0.009291246053466708,-0.007991375549276862,1304.965058225706,1304.8200997937638,1306.5172997858897,0.0049566255996274415,0.0056939639666047,0.0057628661995766,0,0,0
2006-05-08,1327.25,-0.0013176473,-0.0033168266403894,-0.009430155298083585,-0.008405608112882072,1324.5992397089287,1316.526230837654,1317.8757652945171,0.005217320133851962,0.0020587381875298,0.0058532515959958,0,0,0
2006-05-09,1329.25,0.0015057409,-0.0042998586885749,-0.009365144721891925,-0.0071325905408348485,1321.555264608374,1314.878134248198,1317.8169502366943,0.0044322850576613984,0.0026719884320172,0.0058196234279866,0,0,0
2006-05-10,1327.75,-0.0011290931,-0.0078419369733779,-0.009341959132678341,-0.006661431809037162,1318.8668704120473,1316.890023908712,1320.4247189068262,0.004149521978573919,0.0048848792209323,0.0058192691684389,0,0,0
2006-05-11,1311.75,-0.012123656,-0.0160876882342133,-0.009257877104434542,-0.007220983103950161,1306.560474199163,1315.5145780804442,1318.196872679585,0.004496682478479485,0.0100181962428986,0.005765106103164,0,1,1
2006-05-12,1294.25,-0.013430747,-0.0105014752125063,-0.009686586986210997,-0.009788202299995474,1298.0467678997036,1299.1049620244553,1298.9729597729388,0.006135511460185217,0.0065826103241872,0.0060718162173667,1,1,1
2006-05-15,1297.25,0.0023152626,-0.0101677577510032,-0.009807068050056216,-0.009936132197444493,1281.1570552749922,1281.6192387775293,1281.4538383570618,0.006249405057926812,0.0063950876914899,0.0061682291919603,0,0,0
2006-05-16,1295.0,-0.0017359441,-0.0082977683683296,-0.00984788002121828,-0.00990112088972821,1286.5302564656943,1284.5375357921382,1284.4691477186352,0.006240464228829569,0.0052299055085162,0.0062069076508271,0,0,0
2006-05-17,1269.0,-0.020281507,-0.0187070803955959,-0.009838033651798065,-0.009268236081423551,1270.9995202593461,1282.3222109321614,1283.0530832172396,0.005841570502434184,0.0117906717163373,0.0062007016952757,1,1,1
2006-05-18,1263.0,-0.0047393455,-0.0135984040193965,-0.010113479039950147,-0.01202891999531035,1251.8604248483734,1256.230675087873,1253.8267424339444,0.007581570387658158,0.0085707825202148,0.0063743090182145,0,0,0
2006-05-19,1270.75,0.006117434,-0.0142720270031832,-0.010130092579647507,-0.012079196217869395,1245.1024508434828,1250.2702785591093,1247.8357455597059,0.00761325841287618,0.0089953526452396,0.0063847801761117,0,0,0
2006-05-22,1262.0,-0.0069095134,-0.0151746326034233,-0.010079408601348077,-0.01232954088633493,1251.612405831646,1258.0059257792761,1255.1784283455968,0.007771045290325392,0.0095642456043068,0.0063528351511923,0,0,0
2006-05-23,1252.5,-0.0075562103,-0.0202019356319613,-0.010030412829140637,-0.012728916471086423,1236.7609543901992,1249.404891676134,1246.0379129710027,0.00802276315926841,0.0127328469239438,0.0063219541663796,0,0,0
2006-05-24,1261.0,0.006763503,-0.0169511736479934,-0.01004619335503346,-0.014738496456984818,1231.4475906308928,1239.980136605177,1234.175403398216,0.009289358341434194,0.0106839613378243,0.0063319002935346,0,0,0
2006-05-25,1276.0,0.0118251275,-0.0120095476281781,-0.010016357431949799,-0.014592428993841347,1245.9465340278691,1248.4324190423429,1242.7325543933482,0.009194680532747086,0.0075672085730561,0.006311300656488,0,0,0
2006-05-26,1282.75,0.0052760257,-0.0062292911132725,-0.01012999737287499,-0.012661573246008685,1268.0761302084836,1263.1393723903939,1259.9456834694174,0.00798031816825859,0.0039261886402853,0.0063847201693241,0,0,0
2006-05-29,1280.0,-0.002146133,-0.0025277000972996,-0.010179483425648854,-0.009927243825480884,1279.5116871662253,1269.758503182433,1270.0788269570578,0.006256928955190571,0.0015931551805181,0.0064159101674668,0,0,0
2006-05-30,1260.0,-0.015748357,-0.0126310922432945,-0.010153389697122213,-0.007748356275067953,1263.9338818432836,1267.0694168980247,1270.1204286156685,0.004883622844859135,0.0079611066457234,0.0063994638497942,1,1,1
2006-05-31,1272.0,0.009478744,-0.0124090634343959,-0.010533060344680531,-0.009210296378939224,1244.4611905036281,1246.7979947827243,1248.4483054879183,0.005805052350114926,0.0078211666475017,0.0066387621192742,0,0,0
2006-06-01,1285.75,0.010751741,-0.0161312415160542,-0.010554297729215267,-0.010156544829214744,1251.645672454853,1258.6455307767294,1259.1462602633696,0.006401452461909935,0.0101671756934088,0.0066521475874428,0,0,0
2006-06-02,1288.25,0.0019425026,-0.0109560647924509,-0.01062832999884852,-0.011952782134291288,1271.7401263744275,1272.1569881685866,1270.473192428559,0.007524360934596508,0.0068969203148714,0.0066906089431603,0,0,0
2006-06-05,1269.5,-0.014661586,-0.0142179668086567,-0.010555293494548298,-0.011303696749299215,1270.0632995801832,1274.723656006385,1273.7700055753774,0.00710954571135742,0.0089424979447519,0.0066388318141087,1,1,1
2006-06-06,1265.75,-0.0029582903,-0.0161865082889771,-0.010772716237389542,-0.011930955264260069,1249.116640476011,1255.8974365641056,1254.443649218474,0.007519825317921617,0.0102020091555298,0.0067898120905184,0,0,0
2006-06-07,1256.0,-0.007732764,-0.0149650781620891,-0.010704649455779711,-0.01291590133406429,1246.9489825424882,1252.2728527147638,1249.5068213401833,0.008125747510278458,0.0094149408137707,0.0067345883507407,0,0,0
2006-06-08,1255.5,-0.00039816843,-0.0234551339185173,-0.010737257173347621,-0.013000298444399316,1226.883156388914,1242.5861478522474,1239.7773035808334,0.008156515169478016,0.0147159818235515,0.0067366608072545,0,0,0
2006-06-09,1251.0,-0.003590668,-0.0118841368385195,-0.010689734475104403,-0.01608442258651696,1240.667774861687,1242.1505167031016,1235.4675445609214,0.010119541469558674,0.0074769246406221,0.0067254643887602,0,0,0
2006-06-12,1236.5,-0.011658424,-0.0172826380535837,-0.01063060827404174,-0.013227919571416134,1229.5651784533943,1237.7715468793103,1234.5608402642729,0.008304966594773738,0.0108506655887697,0.0066742805715888,0,1,0
2006-06-13,1232.5,-0.0032401811,-0.0173480670219657,-0.010763204038640947,-0.01392213751411753,1215.2341095118331,1223.2626640713913,1219.4045556547635,0.008726423217981175,0.0108738025819716,0.0067463974930159,0,0,0
2006-06-14,1241.25,0.0070743095,-0.0105423805749305,-0.010715502508697123,-0.014327383127552192,1219.5747670148762,1219.3636501478452,1214.9673983601942,0.008979078098577058,0.006606988707183,0.0067154855171049,0,0,0
2006-06-15,1267.75,0.02112474,-0.0163997977397293,-0.010722703479800304,-0.012110553013194855,1221.0597614868825,1228.0115471501128,1226.308434003158,0.007563831513282405,0.010242745052193,0.006697028814434,0,0,0
2006-06-16,1260.0,-0.006131955,-0.0080417740566807,-0.012899131013380038,-0.01312196187507002,1257.595924053958,1251.50214355842,1251.2233013258451,0.008188816050583308,0.0050185032617433,0.0080497575047542,0,0,0
2006-06-19,1248.5,-0.00916889,-0.0148143968765482,-0.012636729555498702,-0.011064967072520322,1241.4714434953441,1244.1779011004467,1246.134990884791,0.006889216197010063,0.0092236680183454,0.007867819340121,0,0,0
2006-06-20,1252.5,0.0031987233,-0.0109222890177497,-0.012772549138899811,-0.012193025571945109,1234.937722545689,1232.6548791039193,1233.3694386883428,0.007590231321720245,0.0067991902188867,0.0079509882071725,0,0,0
2006-06-21,1261.75,0.0073580923,-0.0159566072169768,-0.012335903991693008,-0.011522552510296855,1232.6729563188728,1237.144188885994,1238.1508312662659,0.007188046262196123,0.0099541165692954,0.0076954345401386,0,0,0
2006-06-22,1256.0,-0.004567578,-0.0133241704691882,-0.012226426671618058,-0.012708531813231548,1245.049733579526,1246.4172296450674,1245.8164703162765,0.007908384691276272,0.0082914901037407,0.0076083757699033,0,0,0
2006-06-23,1255.5,-0.00039816843,-0.0117205407749534,-0.011954396364454972,-0.012454554313799002,1241.3649337677675,1241.0746675809025,1240.454089426668,0.007767920452260392,0.0073101153283695,0.0074559713398168,0,0,0
2006-06-26,1260.25,0.0037762143,-0.0062700374316733,-0.011507589018210999,-0.01172248382119773,1247.6525954735712,1241.1350335751422,1240.8683487622384,0.007313401754225917,0.0039117394787051,0.007179333577796,0,0,0
2006-06-27,1249.75,-0.008366583,-0.0105391249208776,-0.011052777833973817,-0.009605869909210843,1247.0378125584775,1246.3974324339536,1248.202160078856,0.006052129488410814,0.0066401220627116,0.0069637464685738,0,0,0
2006-06-28,1257.75,0.006380879,-0.0082451449598528,-0.011329214326228397,-0.009719713862111925,1239.4879940858575,1235.671215763127,1237.6616305154478,0.006061631109688133,0.0051420265968274,0.0070653847409937,0,0,0
2006-06-29,1282.5,0.019486887,-0.0138725826711896,-0.011276691948375835,-0.009206348625291325,1240.4222275146328,1243.646411070948,1246.2238532888846,0.005747998185057683,0.0086613687208198,0.0070406202818186,0,0,0
2006-06-30,1279.5,-0.0023419214,-0.0067349229915213,-0.013024229911342356,-0.010528405097176284,1273.8914826536616,1265.90473003254,1269.0681525021573,0.0066250866814337225,0.0042380064406503,0.0081956052531363,0,0,0
2006-07-03,1288.25,0.0068153315,-0.0051969704198229,-0.012557800590096212,-0.009487501187702786,1272.8677251432703,1263.5327606820338,1267.4181461582043,0.005973207831236702,0.0032719452463023,0.0079062285573251,0,0,0
2006-07-04,1287.75,-0.00038819876,-0.0021708618863958,-0.01260361047293807,-0.00841892108527464,1285.4564205095667,1272.1152901909968,1277.4498515020625,0.005306265468640046,0.0013682477063619,0.0079437854750434,0,0,0
2006-07-05,1279.75,-0.006231763,-0.0107504766373733,-0.012232587824768564,-0.007053235373336154,1273.980222165014,1272.0934403808021,1278.699152548551,0.004445503043042623,0.0067757949474181,0.0077099378541756,0,0,0
2006-07-06,1282.75,0.0023414644,-0.0079814906376393,-0.01203062589348649,-0.008214510934249568,1269.5763418438091,1264.446049152038,1269.2805392534055,0.005177430132753481,0.0050305624354712,0.0075826455787062,0,0,0
2006-07-07,1275.0,-0.006060032,-0.0155373603498848,-0.011660304756787952,-0.008363951448767061,1262.9734862730056,1267.8796092020093,1272.0658842761668,0.0052716192852313385,0.0097928651264607,0.007349240105479,0,0,0
2006-07-10,1277.0,0.0015673984,-0.0087907892668217,-0.011524665640293957,-0.010443967225764487,1263.8408643525993,1260.3903983964822,1261.7532365776092,0.006582608636469317,0.0055406460110685,0.0072637496782902,0,0,0
2006-07-11,1282.25,0.0041027702,-0.0124325864060895,-0.011367340192658108,-0.00986462874076549,1261.221871863982,1262.5660995268825,1264.464798304317,0.00621746400968557,0.0078359926722563,0.0071645908215112,0,0,0
2006-07-12,1268.25,-0.0109783495,-0.0132000631609969,-0.011318577346245124,-0.010520762395282152,1265.4354397892564,1267.818579837778,1268.8304680519814,0.006631010985421451,0.0083197168171081,0.0071338566448331,0,0,1
2006-07-13,1247.5,-0.01649645,-0.0122511943950574,-0.011414067460410023,-0.011140516499697096,1252.8072121588461,1253.8564099146438,1254.199450457568,0.007009970580370586,0.0077088447637134,0.0071820976255468,1,1,1
2006-07-14,1242.25,-0.0042172973,-0.0141989803700368,-0.01245389379132518,-0.011232989795859693,1229.9119337865407,1232.0601104271425,1233.565256170878,0.007068535639446687,0.008934931893769,0.0078368086959638,0,0,0
2006-07-17,1240.5,-0.0014097274,-0.0113573134130705,-0.012195421051142016,-0.012016369377914757,1228.221192987625,1227.1922426703309,1227.4119931675125,0.007570772058644012,0.0071555416070155,0.0076835814573975,0,0,0
2006-07-18,1245.75,0.004223234,-0.0135792089861467,-0.011899695210856185,-0.011497576666406722,1223.7688462634537,1225.825909848297,1226.3189362998096,0.007246676078803665,0.0085586843022756,0.0075001227764386,0,0,0
2006-07-19,1262.5,0.013356124,-0.0181660291847967,-0.011656144981273884,-0.011866825659819913,1223.3239817151086,1231.313656893672,1231.0542702217742,0.0074794058031035565,0.0114496587376492,0.007346618288153,0,0,0
2006-07-20,1254.25,-0.006556098,-0.013218825536684,-0.012231388925681997,-0.013578120819702475,1245.921051287998,1247.1519269542941,1245.4734781415318,0.008534827637066911,0.0083089846539256,0.0076883095701392,0,0,0
2006-07-21,1244.75,-0.0076030777,-0.012157780627076,-0.012132961305391958,-0.012936008686508595,1239.093425495139,1239.124179335106,1238.1295033474405,0.008120181958880078,0.0076316732077465,0.0076160936412006,0,0,0
2006-07-24,1267.5,0.01811175,-0.0139345106870097,-0.012137647958736926,-0.012198243242721446,1227.5253053778463,1229.7329826996422,1229.6584689379445,0.0076558217309331085,0.0087455322545058,0.0076177911159757,0,0,0
2006-07-25,1271.5,0.0031508494,-0.0139630689494977,-0.013475658646179911,-0.012385516685450265,1249.924797536622,1250.5341722570083,1251.898175374946,0.007806325636454867,0.0088006230076859,0.0084934187429876,0,0,0
2006-07-26,1273.25,0.0013753809,-0.0113561905460341,-0.013068330684105024,-0.012698703479274227,1257.1422825094699,1254.9917203056045,1255.4556851289947,0.007998919505106176,0.0071532699547345,0.0082317478614155,0,0,0
2006-07-27,1272.25,-0.0007857003,-0.0131711416150433,-0.012721636222182609,-0.011934527531783229,1256.5898017030074,1257.1547725646983,1258.144679542446,0.007522076841556403,0.0083014881867363,0.008018174574464,0,0,0
2006-07-28,1284.25,0.009387904,-0.0095940499590895,-0.012330126161120569,-0.012047144930403493,1260.1023357666265,1256.6593120890905,1257.0149734081829,0.0075930571735269665,0.0060469240044745,0.0077714141764752,0,0,0
2006-07-31,1281.75,-0.0019485587,-0.0043308811044724,-0.012537909489900767,-0.010925618971702194,1278.700092610851,1268.2487107112465,1270.2951453625305,0.006886183405907373,0.0027296615113358,0.007902375553984,0,0,0
2006-08-01,1276.75,-0.0039085452,-0.0103720232579328,-0.012283401011368116,-0.008873008153047512,1268.524366046972,1266.102052509589,1270.4273291614807,0.005592466812383916,0.006537263895936,0.0077419643163165,0,0,0
2006-08-02,1284.25,0.005857104,-0.0091670279584131,-0.012002870568891636,-0.009332984329156508,1265.0994789670483,1261.5169381199935,1264.8895450693053,0.005882379934856739,0.0057777811922795,0.0075651519926544,0,0,0
2006-08-03,1287.25,0.0023332697,-0.012220038587788,-0.011915624588132622,-0.00932128561103824,1268.6519141529495,1269.0381683439161,1272.334757913877,0.005875006483633054,0.0077020283391471,0.0075101627214295,0,0,0
2006-08-04,1286.0,-0.0009715341,-0.0171782931516113,-0.01159990378971096,-0.010178385250135846,1265.3260889574997,1272.404294690045,1274.2143271773543,0.006415218010984497,0.0108271098917893,0.0073111706708535,0,0,0
2006-08-07,1282.25,-0.0029202786,-0.0071739591174914,-0.011324243763104673,-0.012191887694687688,1276.8073020203265,1271.5191694975622,1270.4164220714918,0.007684285434746816,0.0045215926308137,0.0071374280658986,0,0,0
2006-08-08,1276.75,-0.004298561,-0.0131997533170501,-0.01115226882182517,-0.01026189110940933,1265.4358318768284,1268.0294464089911,1269.1589743453892,0.006467849963820713,0.0083195215291111,0.0070290359473433,0,0,0
2006-08-09,1271.5,-0.0041204807,-0.0171220338686557,-0.011026570189286536,-0.010952138027067933,1255.0755282896096,1262.7491589965375,1262.8431516447758,0.006902897797968168,0.0107916508718729,0.0069498107940797,0,0,0
2006-08-10,1275.5,0.0031409527,-0.0124316666238077,-0.010976811794406719,-0.012592651830091587,1255.790982833759,1257.6193060598043,1255.5888353351531,0.007936878477397212,0.0078354129532031,0.0069184491445463,0,0,0
2006-08-11,1272.25,-0.002551272,-0.0096518620847304,-0.010749920612263849,-0.012063546927518133,1263.2482710226382,1261.861911777344,1260.2053850305897,0.007603395000669495,0.0060833617478444,0.0067754444967121,0,0,0
2006-08-14,1273.25,0.0007857003,-0.0109545159469859,-0.01052189613253504,-0.010856862334606076,1258.389175010254,1258.9336968786358,1258.5120672593118,0.006842847571604201,0.0069043965499127,0.006631725555706,0,0,0
2006-08-15,1287.75,0.011323823,-0.0102751161715225,-0.010282128347675735,-0.010603935227885863,1260.2341923176673,1260.2253553644994,1259.8198714217885,0.006683433038687395,0.0064761854369414,0.0064806050612383,0,0,0
2006-08-16,1299.0,0.008698228,-0.0079706193360427,-0.010759218456452092,-0.010270393552029064,1277.5266323607166,1273.9690853090801,1274.5919853575692,0.006473208871121923,0.0050237104871423,0.0067813047285695,0,0,0
2006-08-17,1301.0,0.0015384619,-0.007808400957549,-0.010883548605709491,-0.009516691900382193,1288.8963850302255,1284.9389263466117,1286.696454605035,0.005989673924752343,0.0049144992922976,0.0068499545824085,0,0,0
2006-08-18,1307.0,0.004601235,-0.0082135987342039,-0.010751651350416662,-0.0090739891700823,1290.357872956672,1287.0870293238024,1289.2481388546823,0.005719140838632858,0.0051768551926211,0.0067765353438649,0,0,0
2006-08-21,1302.25,-0.003640897,-0.0063374436010306,-0.010630025392065192,-0.00891287768966902,1298.7431525012196,1293.1801396794563,1295.4026286098697,0.005617595726562173,0.0039943548346617,0.0066998771098283,0,0,0
2006-08-22,1302.0,-0.00019199385,-0.0073172469283346,-0.010532641385324228,-0.008313362038041037,1292.7558929117076,1288.6058483700326,1291.4688003861984,0.005239733864226041,0.0046119038660721,0.0066384980581739,0,0,0
2006-08-23,1297.75,-0.003269548,-0.0105952546058054,-0.010401793730279534,-0.008198639553847047,1288.2778019644697,1288.5270574257706,1291.3690106748259,0.005167426741948827,0.006677961828692,0.0065560275864135,0,0,0
2006-08-24,1296.0,-0.0013493978,-0.0061659880593754,-0.010287524488260499,-0.008970669958471419,1289.7727082132076,1284.4678027015455,1286.1603741364904,0.005654020954592509,0.0038862900825543,0.0064840061329622,0,0,0
2006-08-25,1297.5,0.0011567381,-0.006022203053095,-0.01022666754542472,-0.008266005183062726,1288.2186787086462,1282.8137793315175,1285.3314113332035,0.005209885853806473,0.0037956654756711,0.0064456493065915,0,0,0
2006-08-28,1303.75,0.004805391,-0.0102461322226665,-0.009994021920349844,-0.007801966630845275,1284.2735192892067,1284.5973386918006,1287.416335652765,0.004917412302764884,0.006457917475358,0.0062990177567455,0,0,0
2006-08-29,1305.0,0.00095831347,-0.0089963607708321,-0.009916221465832098,-0.008568230933077955,1292.0735959685085,1290.8856147249228,1292.6268896598347,0.005400372264689291,0.0056702133228437,0.0062499817982099,0,0,0
2006-08-30,1305.0,0.0,-0.0042943426903238,-0.009823812914060023,-0.008741743031569748,1299.4078985828853,1292.2426894607984,1293.6417431563561,0.005509733220480723,0.002706632132237,0.0061917386691547,0,0,0
2006-08-31,1305.5,0.00038306837,-0.0044953755852841,-0.009587817153864708,-0.0075945719595609095,1299.146701106821,1292.5476892445668,1295.1266230844558,0.004786695887743365,0.0028333388560301,0.0060429956009651,0,0,0
2006-09-01,1312.5,0.0053476063,-0.0055569988111356,-0.009363717090685965,-0.00697456360431605,1298.2654578401741,1293.332721715224,1296.426386244477,0.004395917913656108,0.0035024572153761,0.0059017501355758,0,0,0
2006-09-04,1316.25,0.002853069,-0.002946838478182,-0.00953921401216563,-0.006845344052903642,1308.6379676848787,1300.0393086994661,1303.5461669282952,0.0043144736007105795,0.0018573291161722,0.0060123620827443,0,0,0
2006-09-05,1314.5,-0.0013304193,-0.0053833937453165,-0.009367974941256055,-0.006191826045355797,1309.1831468761686,1303.9769794137146,1308.1251886349944,0.0039025752111828613,0.0033930376642714,0.005904433767507,0,0,0
2006-09-06,1302.75,-0.008978951,-0.0083216638048391,-0.009117070669170169,-0.006342230371433198,1303.606561558957,1302.570076219929,1306.1895195242214,0.003997371833423982,0.0052449662898591,0.0057462941838931,1,0,1
2006-09-07,1296.25,-0.0050019342,-0.0068345092662486,-0.009665382198522861,-0.007141068844802739,1293.8766999188838,1290.2190789640945,1293.480110415317,0.004500862597065419,0.0043076446669665,0.0060918831857131,0,0,0
2006-09-08,1299.25,0.0023116944,-0.0048969368479929,-0.009604359631205268,-0.007373141023585568,1289.9178623037067,1283.8599433499433,1286.7277136666426,0.004647132716007533,0.0030864343109314,0.0060534219697823,0,0,0
2006-09-11,1300.5,0.000961631,-0.0103690560923449,-0.009492825904966216,-0.0070108230393298426,1285.8476090261302,1286.9748012853502,1290.1730438118457,0.004418771458187201,0.0065353937550783,0.005983124653281,0,0,0
2006-09-12,1325.0,0.018663654,-0.0119761772470426,-0.009261985918636693,-0.008131247906922792,1285.0178748756834,1288.510396790797,1289.9681885098678,0.005124951231687254,0.0075483277641652,0.0058376311588255,0,0,0
2006-09-13,1329.0,0.0030143203,-0.0074477254502267,-0.011599138431261567,-0.009296849779143879,1315.168420675523,1309.7199307127048,1312.7387578188825,0.005859605102664496,0.0046941416811202,0.0073106882818312,0,0,0
2006-09-14,1329.5,0.00037615196,-0.0054797111108903,-0.011625746668153957,-0.00895571208872556,1321.7373806346639,1313.6388481229558,1317.1509959638834,0.005644593329970193,0.0034537444348657,0.0073274588830963,0,0,0
2006-09-15,1332.25,0.0020663105,-0.0070243800957018,-0.011245586791638678,-0.008138937007063885,1320.1938100359448,1314.6327445460524,1318.7231985929432,0.005129797506661248,0.0044273161801717,0.0070878522630932,0,0,0
2006-09-18,1334.25,0.0015000941,-0.0059766313154191,-0.010851637247569589,-0.007989329979211505,1324.3113796641762,1317.8710648735716,1321.6486204846956,0.0050355034043982555,0.0037669425864165,0.0068395543112646,0,0,0
2006-09-19,1330.5,-0.0028145248,-0.0096257058988641,-0.01051106106034268,-0.007579666125232201,1321.4685159954736,1320.299064790326,1324.175061044016,0.004777301059928902,0.0060668760646497,0.0066248964419939,0,0,0
2006-09-20,1336.5,0.004499445,-0.0074942126670175,-0.010232701831343387,-0.008256211539383506,1320.566219471186,1316.9548103476925,1319.560332791994,0.005203713130159246,0.0047234415772342,0.0064494525876383,0,0,0
2006-09-21,1330.25,-0.004687362,-0.0112970315403463,-0.010053141475225796,-0.00812630222960819,1321.4864811165949,1323.1312877889072,1325.6832068606886,0.005121834077305155,0.0071202767852909,0.0063362795447326,0,0,0
2006-09-22,1326.0,-0.0032000027,-0.0083708162576191,-0.010025463835459068,-0.009073397700840678,1319.1611975868725,1316.9802555493275,1318.2347049152206,0.005718768048250243,0.0052759460270776,0.0063188349217625,0,0,0
2006-09-25,1335.75,0.00732604,-0.0137239806526773,-0.009814570551532354,-0.008859469693847287,1307.926306839417,1313.049535029883,1314.3042288511658,0.005583933811798081,0.0086499307799617,0.0061859134061985,0,0,0
2006-09-26,1346.75,0.00820135,-0.0081882290585398,-0.00988395173741269,-0.010249235084158297,1324.8572301430374,1322.6125434125915,1322.1295033049107,0.006459873142434745,0.005160865229945,0.0062296428802108,0,0,0
2006-09-27,1347.75,0.0007422528,-0.0059703998575486,-0.010150260947691822,-0.009456717034915938,1338.7333192001179,1333.1492782768125,1334.0741965422253,0.00596036600661848,0.0037630150321156,0.0063974918661048,0,0,0
2006-09-28,1347.25,-0.0003710575,-0.0062451310563823,-0.010068537932829141,-0.008430016770725253,1339.3593522369745,1334.2482136871415,1336.4361996619118,0.005313258841301592,0.0039361722168384,0.0063459836018787,0,0,0
2006-09-29,1345.5,-0.0012997866,-0.0046120825630456,-0.009831083973639044,-0.007921650402979012,1341.0506786468623,1334.0699652848034,1336.6197167779903,0.0049928464184665535,0.0029068967620579,0.0061963214621247,0,0,0
2006-10-02,1340.5,-0.0037230125,-0.006930307520901,-0.009592881683759755,-0.007202050884676528,1336.207508335582,1332.6544889355323,1335.8444521438544,0.004539298269417248,0.0043680242530761,0.0060461876655806,0,0,0
2006-10-03,1343.25,0.0020493718,-0.0096137215827348,-0.009552299743555339,-0.007341101660902765,1327.6745551274757,1327.7561058449555,1330.6952859575767,0.004626938992593453,0.0060593226071225,0.0060206097386971,0,0,0
2006-10-04,1358.25,0.011105056,-0.0118417636896957,-0.009314338410811902,-0.008133885524401073,1327.4373604740736,1330.79660254353,1332.3684728110961,0.00512661366543651,0.0074636097806324,0.0058706278122699,0,0,0
2006-10-05,1360.75,0.0018389119,-0.0051991756496377,-0.009978983990334624,-0.009264199289395196,1351.2065456183466,1344.7634479544568,1345.725007906669,0.0058390261989626135,0.0032769289479765,0.0062895396718518,0,0,0
2006-10-06,1358.75,-0.0014708589,-0.0073316968405674,-0.009730967667513392,-0.00817537914420901,1350.8098770348247,1347.5728031654055,1349.6707032639338,0.0051527662044288085,0.0046210113359639,0.0061332203007453,0,0,0
2006-10-09,1359.25,0.0003679176,-0.0060996328708316,-0.009615789215794137,-0.008077719073299008,1350.4873490235095,1345.7471628639857,1347.8186090009003,0.0050912131554471446,0.0038444678297895,0.0060606257919123,0,0,0
2006-10-10,1360.75,0.0011029413,-0.0050392707548716,-0.009389828731771424,-0.007667142286834345,1352.4176008397092,1346.546609961566,1348.868286740421,0.00483243540920443,0.0031761443209716,0.0059182077431502,0,0,0
2006-10-11,1359.0,-0.0012868831,-0.0094243451053374,-0.009290887396082125,-0.007146919360204476,1347.9860627451487,1348.1659738821877,1351.059499341933,0.004504550051495214,0.0059399626734198,0.0058558471404469,0,0,0
2006-10-12,1370.75,0.0086089,-0.0071415558706458,-0.009219221059076207,-0.007922291016781277,1349.3291989571096,1346.5286549565171,1348.276141360806,0.004993250183612142,0.0045011695590131,0.005810677384671,0,0,0
2006-10-13,1373.5,0.0020041913,-0.0051562699264084,-0.009601925047611414,-0.007836121522320938,1363.7002338663349,1357.6511489732418,1360.050612024898,0.004938939398622743,0.0032498863904715,0.0060518875039376,0,0,0
2006-10-16,1376.0,0.0018185129,-0.0051425926669459,-0.009435825889146961,-0.007319508119127481,1366.4547798473334,1360.600845933205,1363.4833587620678,0.004613329046151714,0.0032412659070561,0.005947198765321,0,0,0
2006-10-17,1371.75,-0.0030934426,-0.0093414260151234,-0.009381078614283472,-0.006983603312617875,1363.2060477181406,1363.1519941268475,1366.4240381202346,0.004401615447998418,0.0058877005485422,0.0059126927316894,0,0,0
2006-10-18,1372.5,0.00054659747,-0.0102049637929708,-0.009236480412484272,-0.007819562118069416,1357.8225264670984,1359.1381920149038,1361.0653447703835,0.004928502361136456,0.0064319698967218,0.0058215555851046,0,0,0
2006-10-19,1374.25,0.0012742333,-0.005203878234294,-0.009012626012930834,-0.008598014271341587,1365.376228818507,1360.1857460345468,1360.7498119416887,0.005419144064278381,0.0032798928862677,0.0056804649562316,0,0,0
2006-10-20,1375.0,0.00054560334,-0.0057075020996705,-0.008954283413997592,-0.0077074281067930645,1366.4288062111627,1361.9995050728721,1363.6987805393512,0.004857826697845524,0.0035973162115326,0.0056436928669182,0,0,0
2006-10-23,1380.75,0.0041730986,-0.0222881295656267,-0.008860980218509555,-0.007321756049148428,1344.6928216141705,1362.8699735294922,1364.9693512244007,0.004614745868251036,0.0140477302348775,0.0055848858631089,0,0,0
2006-10-24,1384.75,0.002892788,-0.0053800765374355,-0.008977027051139532,-0.011568774487281374,1373.3414065909976,1368.4104390526047,1364.868456750046,0.007291550538906441,0.0033909468992609,0.0056580276938129,0,0,0
2006-10-25,1389.25,0.0032444152,-0.0057821642457536,-0.008832297687275672,-0.009169818172479869,1376.7662519755363,1372.5733289273032,1372.1101354843802,0.005779539804387014,0.0036443741615433,0.0055668078785907,0,0,0
2006-10-26,1393.0,0.0026956615,-0.0077710484354322,-0.008936427308291346,-0.008138246092358373,1378.4959103560063,1376.890376055339,1377.989822810408,0.005129362037934733,0.0048979252270444,0.0056324385463047,0,0,0
2006-10-27,1384.75,-0.005940077,-0.0084796089993057,-0.008902488426056893,-0.008070644569251606,1381.2378443828038,1380.6538707988739,1381.8028370536792,0.005086754247214813,0.0053445157597789,0.0056110475964406,0,0,0
2006-10-30,1383.25,-0.0010838151,-0.0066550140141845,-0.008969822250412023,-0.008227460236893377,1375.5650661749519,1372.3845793590183,1373.4037637937715,0.005185591800592606,0.0041945126577499,0.0056534866623765,0,0,0
2006-10-31,1383.25,0.0,-0.0083201470199129,-0.008673046665327167,-0.007865453308797957,1371.7889017618684,1371.304883354839,1372.4127873761606,0.00495742659480145,0.0052440102928381,0.0054664353736044,0,0,0
2006-11-01,1373.0,-0.007437676,-0.0117037444747593,-0.008343156602164954,-0.008086894651856729,1367.1551640976315,1371.7573378354386,1372.1089120918102,0.005096996325898853,0.0073766192284217,0.0052585127392342,0,0,0
2006-11-02,1371.25,-0.0012753942,-0.0070752584382546,-0.008676485638081387,-0.009130568435493768,1363.3199549557755,1361.1387167568455,1360.5207873868403,0.005754801536631205,0.0044593837087131,0.005468602884404,0,0,0
2006-11-03,1368.5,-0.002007483,-0.0094064602562375,-0.008609097169434636,-0.008487840260777944,1358.4118667301134,1359.4954461550258,1359.660304365056,0.005349703747416642,0.0059286902364615,0.0054261293773426,0,0,0
2006-11-06,1383.75,0.011081955,-0.0115910658310277,-0.008425032422517346,-0.008776388212309241,1352.7292031529762,1357.0187758849756,1356.5420632339913,0.005531569335150369,0.0073056002949705,0.0053101173134845,0,0,0
2006-11-07,1389.0,0.0037868586,-0.0076230180783422,-0.009255129753745657,-0.009534563753488538,1373.2417519031972,1371.002296024927,1370.6192448909399,0.006009431124396009,0.0048046248665611,0.0058333098650825,0,0,0
2006-11-08,1391.5,0.0017982383,-0.0103666473190168,-0.00918174704304283,-0.008901663479101561,1374.6751057253039,1376.3049240328464,1376.6904584094402,0.005610527650060512,0.0065338755568908,0.0057870583157624,0,0,0
2006-11-09,1384.0,-0.005404445,-0.0087980484674718,-0.008959229324763734,-0.009326215677727697,1379.3112129504448,1379.0889123024547,1378.5828983479028,0.0058781137989727976,0.0055452213296098,0.0056468101684398,0,0,0
2006-11-10,1384.75,0.00054176076,-0.0056542872008623,-0.009136619227970546,-0.00906151743693368,1376.1965487814905,1371.4125101041493,1371.5155095075797,0.005711280172608043,0.0035637760016764,0.0057586152214077,0,0,0
2006-11-13,1388.0,0.0023442442,-0.0075901352304664,-0.008961798363280083,-0.00804812942242144,1374.2793473423665,1372.3955912621636,1373.650079494669,0.005072563432865069,0.0047838995125132,0.0056484293783396,0,0,0
2006-11-14,1397.75,0.0069999387,-0.0111399885475465,-0.00888699220130364,-0.007988109459593652,1372.6235019197127,1375.7195039853689,1376.956670455428,0.005034734137049576,0.0070212959537395,0.0056012806581988,0,0,0
2006-11-15,1401.5,0.0026792907,-0.0070660902646159,-0.00914754499863183,-0.008912145146629784,1387.9081848595247,1385.0223212369247,1385.348393663558,0.005617134020389373,0.004453605205423,0.0057655015004203,0,0,0
2006-11-16,1405.0,0.002494211,-0.0064781850401264,-0.009095163663070192,-0.008374422131040553,1392.450168557009,1388.8109202268952,1389.8122547455798,0.005278218731789652,0.0040830611463989,0.0057324866676078,0,0,0
2006-11-17,1404.75,-0.00017795178,-0.0057924658596171,-0.008846071002020528,-0.007913609774686498,1396.8851107663227,1392.6260812154535,1393.9252566615921,0.004987778582835054,0.0036508670479074,0.0055754889035913,0,0,0
2006-11-20,1405.25,0.0003558719,-0.007192085818417,-0.008566119156330992,-0.0074335356414168465,1394.6831616224963,1392.7681364181287,1394.3464562703412,0.004685198148839579,0.0045330175017927,0.0053990412570796,0,0,0
2006-11-21,1406.25,0.0007113641,-0.0032786900172004,-0.00846879367778402,-0.0075060423698470975,1400.6501656893574,1393.3994783228168,1394.741621464415,0.004730897585313268,0.0020664880267229,0.0053376990944911,0,0,0
2006-11-22,1408.5,0.0015987214,-0.0051931747264117,-0.008122521264210213,-0.006560841565970228,1398.9660278810932,1394.8739680476624,1397.0540162305938,0.0041351577825830665,0.0032731466947197,0.0051194510158741,0,0,0
2006-11-23,1407.25,-0.000887863,-0.0022256601861783,-0.008011896009684516,-0.00645420307291638,1405.3686435880295,1397.2603301267138,1399.438528715624,0.004067945826610565,0.001402785899906,0.0050497262896172,0,0,0
2006-11-24,1403.0,-0.0030246442,-0.0058288049775407,-0.008013256878500744,-0.005704076109884994,1399.0712734523454,1396.0184051853992,1399.2457889113844,0.003595156883619846,0.0036737708148683,0.0050505840160567,0,0,0
2006-11-27,1383.5,-0.013996281,-0.0131066567500922,-0.0077605411660077875,-0.00607484117685832,1384.7313426123114,1392.1541002037247,1394.5028334289418,0.003828842156581921,0.0082608447588345,0.0048913027203893,1,1,1
2006-11-28,1388.5,0.0036075076,-0.0091179114273659,-0.00966118739136777,-0.008113939770835589,1370.942704690583,1370.1981067504967,1372.3197834671798,0.005114042284576835,0.005746824095759,0.0060892392886948,0,0,0
2006-11-29,1402.25,0.0098540615,-0.0071341113402237,-0.009405612146888965,-0.008643775373527252,1378.6295367594828,1375.5015326315586,1376.54983954961,0.00544798630592374,0.0044964774310897,0.0059281556913216,0,0,0
2006-11-30,1403.0,0.0005347117,-0.0105785873053371,-0.010189184201703618,-0.00833526432329142,1387.4943604657071,1388.0347602858014,1390.6104523454521,0.005253538405061053,0.0066674567865335,0.0064220243586413,0,0,0
2006-12-01,1400.5,-0.0017834854,-0.015156964532588,-0.009788352102408289,-0.009136444968604081,1381.89512571624,1389.333935241234,1390.239947230607,0.005758505389464926,0.0095531097980412,0.0061693884798072,0,0,0
2006-12-04,1410.75,0.007292162,-0.0096374668962376,-0.009483832988191544,-0.010906254641651965,1387.067558932673,1387.2806759130538,1385.3087806059746,0.006873978483824352,0.0060742887691528,0.0059774566106351,0,0,0
2006-12-05,1416.75,0.0042440384,-0.004444606095756,-0.00957499292874007,-0.01015416738882222,1404.4936856760085,1397.306541942112,1396.497491993263,0.006399954012199951,0.0028013399352166,0.0060349127668048,0,0,0
2006-12-06,1414.75,-0.001412679,-0.0043413182572692,-0.009703118511591186,-0.00821157902757873,1410.6127688349195,1403.0695855248368,1405.1638806841618,0.005175582214835358,0.0027362398249838,0.0061156675748195,0,0,0
2006-12-07,1408.75,-0.0042500505,-0.0089286064440659,-0.009528730892557808,-0.007223508556195916,1402.174478517614,1401.3332517776182,1404.5673627305205,0.004552822579749589,0.0056275092232532,0.0060057547972008,0,0,0
2006-12-08,1410.0,0.00088691805,-0.0089093106526769,-0.009434611216438406,-0.007807851258353812,1396.2547532869569,1395.521492485918,1397.7935184899566,0.004921121257324272,0.0056153474996189,0.0059464331831539,0,0,0
2006-12-11,1414.5,0.0031864073,-0.0049442277918589,-0.009177004522842204,-0.008200978256762359,1403.045844444476,1397.119615691247,1398.4839068166984,0.005168900776257408,0.00311624077899,0.0057840692069538,0,0,0
2006-12-12,1425.0,0.007395702,-0.0077962128438145,-0.009153896246193323,-0.007404936397979061,1403.515132753135,1401.6108965198798,1404.0644026171274,0.004667172658833671,0.0049137858141535,0.0057695045555953,0,0,0
2006-12-13,1426.5,0.001052078,-0.0061719667151273,-0.009266449173199978,-0.007690559959066441,1416.2320330642763,1411.856301685163,1414.0829848450655,0.004847195065965965,0.0038900583010997,0.00584044425249,0,0,0
2006-12-14,1438.25,0.008203205,-0.0090541473638751,-0.008972468406297885,-0.007451950975546775,1413.6425532294065,1413.7580227951937,1415.9093016257234,0.004696804939139351,0.0057066349735646,0.005655154477701,0,0,0
2006-12-15,1438.25,0.0,-0.0060308461873733,-0.009337890952542812,-0.008036194232240782,1429.6022383419281,1424.8822885875693,1426.7382608839002,0.005065040938370134,0.0038011130579084,0.0058854724743851,0,0,0
2006-12-18,1434.75,-0.0024364789,-0.0088458551536246,-0.009031449910800154,-0.007635611714897024,1425.5835541925421,1425.3189979098572,1427.3099017750656,0.004812562365689375,0.0055753528589748,0.0056923292554972,0,0,0
2006-12-19,1436.25,0.0010449322,-0.0109083038816383,-0.00904398010222556,-0.008105967944927973,1419.1843627040648,1421.8326497240027,1423.1669717423886,0.005109017813613498,0.0068752700758545,0.0057002267665206,0,0,0
2006-12-20,1435.25,-0.0006965001,-0.0050006599473053,-0.008740144296322314,-0.008958726673892537,1429.0857301189021,1423.751665938326,1423.4404929238233,0.0056464933583719075,0.0031518087567312,0.0055087255719292,0,0,0
2006-12-21,1429.75,-0.0038394462,-0.0091629112121742,-0.008540555171008936,-0.007807228567861898,1422.1589991142116,1423.0443638362724,1424.0883028530754,0.004920728788856944,0.0057751864953831,0.0053829288251918,0,0,0
2006-12-22,1420.25,-0.0066666915,-0.0066066374670751,-0.008489848910133891,-0.008250895254264524,1420.3352940999505,1417.6630194399957,1418.0018156779697,0.005200362389623426,0.0041640219572411,0.0053509697560427,1,0,0
2006-12-26,1428.75,0.005967024,-0.0046302434702028,-0.00885787585714477,-0.007824252821839975,1413.6890977205924,1407.7251554664463,1409.1809648639658,0.004931458811160067,0.0029183431924913,0.0055829292506944,0,0,0
2006-12-27,1437.0,0.005757671,-0.0056660555558992,-0.00901241290692507,-0.007131752192447407,1420.6775142974448,1415.9313652384244,1418.5967572948912,0.004494990510823527,0.0035711933435569,0.0056803306400849,0,0,0
2006-12-28,1433.75,-0.0022642177,-0.0041253950549952,-0.008972541106049897,-0.006992466100501384,1431.084018576508,1424.1641297315412,1426.9868752302652,0.0044072014731940225,0.0026001480597208,0.0056552002987961,0,0,0
2006-12-29,1428.5,-0.0036684468,-0.0085297235650659,-0.009000168515466986,-0.006525804385088194,1421.5725179485664,1420.9039036213169,1424.4240905893137,0.004113074598627581,0.0053761018961823,0.0056726132626537,0,0,0
2007-01-03,1424.75,-0.002628583,-0.0175597643118383,-0.00885271984198392,-0.0073186570509714026,1403.634828871155,1415.9097011257727,1418.083462430569,0.0046127926361388015,0.0110675429858036,0.0055796795248772,0,0,0
2007-01-04,1427.5,0.0019283028,-0.0115152554954886,-0.00860884963260854,-0.010302753366155826,1408.437739905733,1412.537186051919,1410.1465093983786,0.00649360456821104,0.0072578186657614,0.005425973360188,0,0,0
2007-01-05,1416.5,-0.007735622,-0.0081028498473153,-0.00840454810524954,-0.010453619940188922,1415.979917622136,1415.5527833837873,1412.6551837532263,0.0065886925354286035,0.0051070525435365,0.0052972064874694,0,0,0
2007-01-08,1422.5,0.0042268466,-0.0083308592636925,-0.00879821835333439,-0.009428029331268994,1404.7483564639301,1404.091987942722,1403.207953811108,0.005942284762039217,0.0052507619904349,0.0055453284050269,0,0,0
2007-01-09,1420.5,-0.0014069647,-0.0101731587422087,-0.008656040929740863,-0.008967182429179663,1408.1020422182105,1410.2399202045658,1409.8012042961268,0.0056518228396482935,0.006411923855088,0.0054557170230466,0,0,0
2007-01-10,1424.5,0.0028119527,-0.0095385108645183,-0.0084105839396567,-0.009214322474798498,1407.01496115422,1408.6028665648753,1407.4711730140866,0.005807589912020438,0.0060119189038568,0.0053010107444953,0,0,0
2007-01-11,1431.0,0.0045526256,-0.0108938710797839,-0.008285835542721894,-0.009162917697994273,1409.0659018230676,1412.7455920648179,1411.5070413508415,0.005775190583256507,0.0068661733902674,0.0052223845043609,0,0,0
2007-01-12,1440.75,0.0067903106,-0.0080479243215964,-0.008297916045569044,-0.009544832075806442,1419.5296385067506,1419.1748121988583,1417.4063231836067,0.0060159030278126675,0.0050724341622122,0.0052299985863142,0,0,0
2007-01-16,1438.75,-0.0013891303,-0.0062383764454852,-0.00849877799907691,-0.008943668202340185,1431.7900360084711,1428.557270637056,1427.9218608568226,0.005637002326587739,0.0039319149304005,0.0053565975693747,0,0,0
2007-01-17,1438.75,0.0,-0.0060392351057137,-0.008382838111844648,-0.00814620866752516,1430.0872350580041,1426.7396026078616,1427.077251154434,0.005134380678354451,0.0038064004132902,0.0052835231440621,0,0,0
2007-01-18,1433.25,-0.0038300883,-0.0080115020387949,-0.008180662577104226,-0.007642084920790674,1427.2695008682392,1427.0280836108723,1427.7968560548845,0.004816642288586496,0.0050494779782117,0.0051560962389123,0,0,0
2007-01-19,1436.75,0.0024390256,-0.0052092452685581,-0.00806554298342296,-0.007841986492005218,1425.803262000879,1421.736554030951,1422.054427996761,0.004942635963276942,0.0032832756129017,0.0050835388270388,0,0,0
2007-01-22,1431.0,-0.0040101176,-0.0087922130710952,-0.007870919631062652,-0.007232585267461049,1424.1731580261765,1425.4858440057785,1426.3960710885403,0.0045585434362663746,0.0055415434043775,0.0049608719005336,0,0,0
2007-01-23,1435.5,0.00313972,-0.0074738915070792,-0.007869855777539216,-0.007796327147968652,1420.3447290224026,1419.7824345895729,1419.8868330843686,0.004913857857611389,0.004710633585786,0.0049602013764655,0,0,0
2007-01-24,1446.25,0.007460779,-0.0049426348231337,-0.007872730694439603,-0.00779195559475662,1428.4223532317733,1424.2430646403043,1424.3581126622685,0.004911102561342619,0.0031152367649538,0.0049620133749531,0,0,0
2007-01-25,1429.25,-0.011824168,-0.0100837208578953,-0.008167308670307637,-0.0071442135185125965,1431.739700565918,1434.4861347869883,1435.9545016082127,0.004502844617486771,0.0063555530740444,0.0051476795577499,1,1,1
2007-01-26,1427.5,-0.0012251686,-0.0084342316839352,-0.009077906616842457,-0.008113335003654028,1417.2460674991426,1416.3341152636156,1417.7009300353802,0.005113661112787769,0.0053159154107352,0.0057216099213405,0,0,0
2007-01-29,1426.25,-0.0008760404,-0.007166543398517,-0.008866140667959892,-0.008342473541252114,1417.3063296175249,1414.8995255279362,1415.640655932928,0.005258082220584831,0.0045169186621281,0.0055881383837637,0,0,0
2007-01-30,1434.0,0.00541912,-0.0046151376420074,-0.008765941300949227,-0.0080921733558411,1419.6828258009648,1413.8022142083205,1414.755109800181,0.005100323379851222,0.0029088223128303,0.0055249848708892,0,0,0
2007-01-31,1443.0,0.0062565375,-0.0123993959489559,-0.008826686145879021,-0.0072308680986950475,1416.329047180767,1421.398229819238,1423.6683336211663,0.00455746114160717,0.0078150734386879,0.005563271044353,0,0,0
2007-02-01,1450.75,0.0053563844,-0.006452067009786,-0.008887685244578277,-0.008775143409496715,1433.7196382572547,1430.2318936940408,1430.3928636737078,0.0055307847626246895,0.004066599511814,0.0056017174685168,0,0,0
2007-02-02,1453.0,0.0015497205,-0.0043776637999011,-0.008999148241172305,-0.0080909366474268,1444.4129850230038,1437.7530541230954,1439.0594312594264,0.005099543909051209,0.0027591476413005,0.0056719702056392,0,0,0
2007-02-05,1453.75,0.00051604025,-0.004756975351954,-0.008968002474964194,-0.007184958406484852,1446.104528610355,1440.0277469437128,1442.5976703388112,0.004528525246854938,0.002998219580582,0.0056523396969255,0,0,0
2007-02-06,1453.25,-0.00034399726,-0.0063760710182318,-0.008738621807219963,-0.006747997350839154,1444.5102746326563,1441.101573943386,1443.9731231203864,0.004253118061393996,0.0040187008675989,0.0055077659796883,0,0,0
2007-02-07,1455.75,0.0017188041,-0.0052736528046713,-0.008512011879055587,-0.0068624191859562676,1445.6062370528766,1440.9324168157352,1443.3113299812026,0.004325235691003604,0.0033238703020948,0.005364938600207,0,0,0
2007-02-08,1454.0,-0.0012028526,-0.0068828161123002,-0.008307756464741812,-0.00666486845925437,1445.7647432070864,1443.7060817675667,1446.0798785799848,0.004200723703210239,0.0043380914363929,0.0052362007915522,0,0,0
2007-02-09,1443.0,-0.0075940993,-0.0136707911618957,-0.008274882113211531,-0.0069435759352310085,1434.2579220294508,1442.0179647430907,1443.9390106347093,0.0043763870501696694,0.0086164065842399,0.0052154807925687,0,0,1
2007-02-12,1438.0,-0.0034710206,-0.0068656389388466,-0.008574784883775282,-0.008916646788384695,1433.1268146567786,1430.6794837915093,1430.1904725702109,0.005619971308677779,0.0043272650322228,0.0054045030793051,0,0,0
2007-02-13,1449.5,0.00796541,-0.0056210446805414,-0.00862699772976194,-0.008315529024079747,1429.9396128705644,1425.6477353539042,1426.0918491689806,0.0052410996690687005,0.0035428239537972,0.0054374117167507,0,0,0
2007-02-14,1458.5,0.006189841,-0.0074234547169823,-0.00888699917307084,-0.007645357948529506,1438.7795430327358,1436.675365363367,1438.4603086235363,0.004818705207800556,0.0046788443582912,0.0056012850523542,0,0,0
2007-02-15,1459.5,0.00068540097,-0.0041748643902165,-0.008890480873509701,-0.0077313279738907646,1452.4236530747041,1445.5907036021636,1447.267335806715,0.004872890271693179,0.0026313275211485,0.0056034794934974,0,0,0
2007-02-16,1459.0,-0.00034264178,-0.0040280314679624,-0.008685549163779064,-0.006929899293089681,1453.6329124120311,1446.878333395188,1449.4207763208644,0.004367766955838531,0.0025387818781707,0.0054743154303403,0,0,0
2007-02-19,1459.5,0.00034264178,-0.0035859289890522,-0.008571552266766763,-0.006423690082470021,1453.7774989602044,1446.5475498978349,1449.657873755804,0.0040487141428935565,0.0022601341638519,0.005402465630108,0,0,0
2007-02-20,1461.75,0.0015404368,-0.0087701194809642,-0.008332660002566028,-0.0060127380628305655,1446.755975609596,1447.3890111776648,1450.7507386649593,0.003789699895225312,0.0055276182881775,0.0052518969575413,0,0,0
2007-02-21,1460.5,-0.00085550523,-0.0066769637581187,-0.008126043667058578,-0.006977054366283703,1452.0224595832606,1449.919886775676,1451.5867866542415,0.004397487787525418,0.004208347110776,0.0051216711108734,0,0,0
2007-02-22,1459.25,-0.0008562377,-0.0092042569871922,-0.007885945099846312,-0.00709827954310773,1447.1188588699565,1449.0278709241693,1450.169669887676,0.004473893417557539,0.005801245850974,0.0049703421313802,0,0,0
2007-02-23,1453.75,-0.0037761803,-0.0058364123209608,-0.007811469030447026,-0.00782554214384273,1450.7580207724131,1447.895519141687,1447.87514288724,0.004932271443176911,0.0036785655603338,0.004923401461514,0,0,0
2007-02-26,1452.5,-0.0008602151,-0.0092046518874527,-0.007884987136282816,-0.007379368506676004,1440.4301337290783,1442.3322734203844,1443.061727885252,0.004651057765089786,0.005801494748142,0.0049697383474837,0,0,0
2007-02-27,1395.25,-0.040212598,-0.030799347917342,-0.007616400873552423,-0.008010595697858735,1408.4458491348628,1441.4792004208643,1440.9110887614079,0.005048906730950512,0.0194121686918142,0.0048004541842469,1,1,1
2007-02-28,1409.0,0.009806622,-0.0205510750119435,-0.017097372557260893,-0.01467999766285176,1366.868744135763,1371.597663512274,1374.9173401041044,0.009252487805634986,0.0129529019900238,0.0107761073760092,0,0,0
2007-03-01,1405.0,-0.0028429301,-0.0262287726533391,-0.017607019056010642,-0.01734840045026236,1372.5241093568723,1384.4088339973866,1384.7669141809238,0.010934324875235907,0.016531433090477,0.0110973266379713,0,0,0
2007-03-02,1385.75,-0.013795793,-0.0149158691434062,-0.01650729692240665,-0.021048318078835587,1384.1987240681124,1381.997623677676,1375.7361706853906,0.01326630363480047,0.0094011525430313,0.0104041953538631,0,0,0
2007-03-05,1372.25,-0.009789781,-0.0151576105214293,-0.01719539361977038,-0.01642300316981076,1364.9037301626026,1362.1251844087087,1363.17768331052,0.010351066808757246,0.0095535169509588,0.0108378879502568,0,0,0
2007-03-06,1395.5,0.016801046,-0.0190877878810391,-0.017503422583425955,-0.014473447699839154,1346.3051853702898,1348.439915235394,1352.5318504104011,0.009122303792127641,0.0120306234825076,0.0110320320022833,0,0,0
2007-03-07,1393.25,-0.0016136265,-0.0091281142977604,-0.019430777126944423,-0.01542649313193727,1382.8196782567668,1368.6460915713708,1374.1375265055842,0.009722987895846424,0.0057532547462316,0.0122468022509303,0,0,0
2007-03-08,1404.75,0.008220203,-0.0126625851260518,-0.01830094383262523,-0.012563484533349899,1375.7190808941095,1367.9841099987157,1375.8554222260593,0.007918494955572224,0.0079809559345563,0.0115346925477699,0,0,0
2007-03-09,1405.0,0.00017795178,-0.0127681516952539,-0.01868536496051642,-0.012413101021439358,1386.927958292354,1378.7454424998814,1387.4204754275743,0.007823711452054244,0.0080474922799058,0.0117769849431592,0,0,0
2007-03-12,1407.0,0.0014224753,-0.0094546825167274,-0.01807280066280064,-0.012508616076820113,1391.7787708143321,1379.8357938464546,1387.534854535503,0.007883912543734344,0.0059590836934218,0.011390898798941,0,0,0
2007-03-13,1392.0,-0.010718216,-0.0155262652357081,-0.01710803179199912,-0.011472071723504135,1385.3232596798955,1383.1337337940054,1390.9510285752738,0.007230600860087059,0.0097858721138608,0.0107828256631437,0,0,0
2007-03-14,1401.75,0.006979894,-0.0205458203383173,-0.01687275101673654,-0.01258603791175739,1363.692019231287,1368.7101649078456,1374.5900263442313,0.007932709866465517,0.012949590081891,0.0106345332346288,0,0,0
2007-03-15,1403.5,0.0012476608,-0.0094956055111229,-0.016308071446685692,-0.014960111251434094,1388.5025308848565,1379.0755516378306,1380.9357440386755,0.009429037395224445,0.0059848765794502,0.0102786278076676,0,0,0
2007-03-16,1399.0,-0.0032114212,-0.0112521365170182,-0.015998806565365724,-0.012604054090874919,1387.7961430586206,1381.2243420975765,1385.9212247169796,0.00794406507791837,0.0070919804145818,0.0100837047832338,0,0,0
2007-03-19,1415.75,0.011901731,-0.0113386080428301,-0.01579725447519041,-0.011786672381042805,1383.226878954297,1377.0732879029001,1382.6072431469008,0.007428886909878965,0.0071464815634569,0.0099566708218275,0,0,0
2007-03-20,1423.5,0.0054592015,-0.0072020716259447,-0.015981240390077936,-0.011444787675234856,1405.5902964669817,1393.304390969981,1399.6394088472864,0.007213404309399677,0.0045393113421939,0.0100726331995473,0,0,0
2007-03-21,1445.0,0.014990694,-0.016925209153885,-0.015261706881591055,-0.010245563407306955,1399.6097091577922,1401.9399006914066,1408.9898994958592,0.006457558963231622,0.0106675964738349,0.0096191266550696,0,0,0
2007-03-22,1445.0,0.0,-0.0077586454313972,-0.01603130227334189,-0.012054777152942783,1433.8321371180004,1422.0194643412392,1427.6854184010215,0.007597867599767931,0.0048901078795065,0.0101041861313028,0,0,0
2007-03-23,1447.0,0.0013831261,-0.0056077781110232,-0.015740413696542742,-0.01092304849436632,1436.9194388025664,1422.4331737281523,1429.3020855461739,0.006884563289150473,0.003534462319449,0.0099208452976429,0,0,0
2007-03-26,1445.25,-0.0012101306,-0.0120442124749646,-0.01553079586689048,-0.009609046960513595,1429.6765575748586,1424.70055070565,1433.1622990808917,0.006056376292954711,0.0075912089097321,0.0097887276735639,0,0,0
2007-03-27,1440.5,-0.0032920414,-0.0071522670502884,-0.014711584327181929,-0.010378759476389518,1434.9500639000312,1424.1437168526054,1430.3276694573783,0.006541509590012956,0.0045079205859072,0.0092723962029827,0,0,0
2007-03-28,1429.5,-0.007665543,-0.0104809916059024,-0.013941583711471698,-0.009693506946977681,1425.4809762107081,1420.5564937249098,1426.603962720354,0.00610960961170384,0.0066059443095126,0.0087870813227754,0,0,0
2007-03-29,1431.5,0.0013981127,-0.0117000581977114,-0.013674728270705627,-0.00995566658212883,1412.8722294307975,1410.0850257319253,1415.3389827681183,0.006274843209356506,0.0073742958470277,0.008618888059516,0,0,0
2007-03-30,1431.25,-0.00017465724,-0.0170740884763396,-0.013447952700920826,-0.010496460988215432,1407.2659185047578,1412.3781189622275,1416.5528991594804,0.00661569432953985,0.0107614319189868,0.0084759562796725,0,0,0
2007-04-02,1433.25,0.0013964045,-0.007970065977444,-0.012902679743472586,-0.012347406885456847,1419.8881804392272,1412.901665509579,1413.6864293143383,0.007782305846546686,0.0050233617170809,0.0081322824245806,0,0,0
2007-04-03,1447.25,0.009720611,-0.0095674057463718,-0.012224555113242549,-0.010831998583677057,1419.6029034679473,1415.835813588477,1417.8088184370347,0.00682717648244216,0.006030130728418,0.0077048750083123,0,0,0
2007-04-04,1448.5,0.0008633342,-0.0043390759028412,-0.012986921343430772,-0.010284397872755622,1440.9838768229786,1428.5761981434102,1432.4421804495244,0.006482035494240302,0.0027348265170611,0.008185378098997,0,0,0
2007-04-05,1452.75,0.0029297736,-0.005726480534289,-0.012294432103778204,-0.008718178503827025,1440.2288977017888,1430.8005404429716,1435.9266066194955,0.005494881003839243,0.0036092779119981,0.0077489169773694,0,0,0
2007-04-06,1452.75,0.0,-0.0053929226903042,-0.012414955461687803,-0.008108366199487358,1444.9365192474938,1434.825668565434,1441.0181981526018,0.0051105293820466234,0.0033990435540082,0.0078248802659859,0,0,0
2007-04-09,1454.5,0.0012038869,-0.0046501471047462,-0.011645638307516654,-0.00771294848638154,1446.0101815123678,1435.9299292743965,1441.5881149432305,0.0048613060747499295,0.0029308880266343,0.0073399961569341,0,0,0
2007-04-10,1456.0,0.0010307508,-0.0053018204068472,-0.01097764419436109,-0.007262780263691481,1446.8089086267619,1438.620336635912,1443.9745543721367,0.0045775746950464935,0.0033416237378672,0.0069189737883919,0,0,0
2007-04-11,1448.5,-0.0051644114,-0.0094196114366674,-0.010366153510201181,-0.007093013558891994,1442.3494381756839,1440.9848396745438,1445.7091121071646,0.0044705743806026455,0.0059369791435412,0.006533564319781,0,0,0
2007-04-12,1455.5,0.004820946,-0.0103784260343577,-0.010441270228435514,-0.007910642599566257,1433.544590931817,1433.4545038080817,1437.086637230369,0.0049859084359693846,0.0065412994286489,0.0065809087768732,0,0,0
2007-04-13,1461.25,0.0039427495,-0.006086686084324,-0.010187628147405491,-0.00877993529324507,1446.6677352835802,1440.7471829352505,1442.7767406110913,0.00553380498421913,0.0038363077478172,0.0064210436109771,0,0,0
2007-04-16,1475.5,0.009704682,-0.0081000534015249,-0.009906686041055029,-0.008218552351648336,1449.4616047364289,1446.8453241321445,1449.2898552342922,0.005179977351496861,0.0051052900037071,0.0062439718244008,0,0,0
2007-04-17,1479.0,0.0023692683,-0.0082613963912727,-0.010477544216919423,-0.008329010822492409,1463.3605231835327,1460.1210907982825,1463.261582239044,0.005249596957574872,0.0052069810311481,0.0066037714941445,0,0,0
2007-04-18,1480.25,0.0008448087,-0.0086673740809094,-0.010124958857759292,-0.008493170422008166,1466.2363473145208,1464.1007403276287,1466.4917933002037,0.0053530632337678895,0.0054628600652591,0.0063815445012663,0,0,0
2007-04-19,1480.25,0.0,-0.0102669187394953,-0.009801038230940156,-0.008667999016553895,1465.130143519409,1465.8128781197943,1467.4746428361727,0.005463253948798046,0.0064710187712776,0.0061773842746457,0,0,0
2007-04-20,1493.0,0.008576526,-0.006834876407935,-0.00940182943667796,-0.009166338159415035,1470.167170894576,1466.398160328612,1466.7435249679477,0.005777346426759488,0.0043078760685004,0.0059257715301723,0,0,0
2007-04-23,1488.25,-0.0031865856,-0.005014774234426,-0.00983375529882,-0.008496401821413277,1485.5316836792024,1478.3901558889766,1480.3686087554547,0.005355099915535666,0.0031607046893102,0.0061980051411163,0,0,0
2007-04-24,1488.5,0.00016796842,-0.0084877818398068,-0.00954805879492632,-0.007685628157863079,1475.6715159066378,1474.1077245774497,1476.85570613424,0.004844086657399294,0.005349666925931,0.006017936759697,0,0,0
2007-04-25,1500.75,0.008196082,-0.0094840539479979,-0.009287912580675784,-0.008049574850675648,1474.4497178306744,1474.7389467783307,1476.5663028665042,0.005073474455305476,0.0059775958768639,0.0058539721780727,0,0,0
2007-04-26,1502.75,0.0013317798,-0.0056412807092221,-0.009680650046132963,-0.008540128916959617,1492.3076831044034,1486.2918594545943,1487.987973767669,0.005382660166402882,0.0035555782888389,0.0061015061827377,0,0,0
2007-04-27,1502.0,-0.0004992096,-0.0069224165841204,-0.00941558723061535,-0.007880593302503847,1492.3832613177833,1488.6671295775568,1490.9539792836204,0.004966969008251257,0.0043630507647954,0.0059344427727407,0,0,0
2007-04-30,1488.5,-0.009028652,-0.0097171036776813,-0.009118905142045405,-0.007797299632098084,1487.4755921498402,1488.365664064174,1490.333996719762,0.0049144707935092945,0.0061244821251812,0.0057474504128175,0,0,1
2007-05-01,1492.75,0.002851155,-0.0074731959068247,-0.009687495791151256,-0.008434017716132905,1477.4176099068347,1474.1497835730654,1475.9987565875415,0.0053157805514166415,0.0047101951638584,0.0061058209090583,0,0,0
2007-05-02,1501.0,0.005511496,-0.0077313996125813,-0.009361124023002147,-0.008297735224099129,1481.253452695685,1478.8413838234385,1480.4148036165745,0.005229884618418304,0.0048729354240239,0.0059001157806069,0,0,0
2007-05-03,1508.25,0.0048184856,-0.0060976526101471,-0.009242451719878775,-0.008239731922771614,1491.8752714171721,1487.190992809918,1488.6829765562986,0.005193326381111668,0.0038432197139345,0.0058253191721378,0,0,0
2007-05-04,1514.25,0.0039702286,-0.006087771261837,-0.009084750677152649,-0.007751807379567703,1499.0960109613184,1494.6099767087944,1496.6035354149406,0.004885798002037852,0.0038369917119387,0.0057259235858257,0,0,0
2007-05-07,1514.25,0.0,-0.0032691933070101,-0.009029388144672034,-0.007446527728736982,1509.307707092088,1500.6387919188924,1503.0159745390472,0.004693386782942941,0.0020605024538879,0.0056910297685084,0,0,0
2007-05-08,1512.25,-0.0013216588,-0.0060230585964237,-0.00888245374835885,-0.0065709728616896316,1505.1569948608244,1500.8593035738436,1504.3325237622398,0.004141543321072373,0.0037962047062894,0.0055984201686066,0,0,0
2007-05-09,1515.5,0.0021468096,-0.0079740266972639,-0.00860519367472772,-0.006697080695156377,1500.2392288739773,1499.2926261780226,1502.156177018648,0.0042210263849081905,0.0050258580738704,0.005423669088315,0,0,0
2007-05-10,1499.25,-0.010780434,-0.0101732770745782,-0.008354159354207785,-0.007250824259343963,1500.160557091714,1502.8920094079347,1504.551118013771,0.004570039081828416,0.0064119984374436,0.0052654475379612,1,1,1
2007-05-11,1512.25,0.008633625,-0.00898485272459,-0.00904363681377088,-0.008187413201682255,1485.839794129368,1485.7524529575621,1487.0251340615569,0.005160351012858669,0.0056629600480158,0.0057000103991673,0,0,0
2007-05-14,1508.75,-0.0023171145,-0.0098066458242635,-0.009314943930225195,-0.008544080139635323,1497.4923795011905,1498.2288803951026,1499.3842560504304,0.005385150537345981,0.0061809186204974,0.0058710094581745,0,0,0
2007-05-15,1508.5,-0.0001657138,-0.0124326001337296,-0.00912679284079592,-0.009000801934029967,1490.1084362199601,1495.0425987574033,1495.2309723965082,0.005673012492794225,0.0078360013244936,0.0057524218602373,0,0,0
2007-05-16,1518.0,0.0062778993,-0.006596776657441,-0.008933890887319468,-0.009987999800375714,1498.5815134016061,1495.0832467387254,1493.5080964983827,0.00629522214363272,0.0041578069003325,0.0056308398945439,0,0,0
2007-05-17,1515.25,-0.0018132371,-0.0062618971243808,-0.009021782776161433,-0.00878478036875318,1508.5241395602336,1504.3665253410456,1504.7231060827537,0.0055368587314393765,0.0039467395100537,0.005686236267786,0,0,0
2007-05-18,1528.0,0.008379249,-0.0069840543638745,-0.008862536529091504,-0.00806437603599875,1504.7042804302223,1501.8803734353635,1503.07959353618,0.005082803325095251,0.0044018997359355,0.0055858667723033,0,0,0
2007-05-21,1528.0,0.0,-0.0056731803456908,-0.009215180364999485,-0.007821124336926565,1519.3559233188553,1513.9838841069795,1516.0959342831186,0.004929486994190048,0.0035756839458158,0.005808130621822,0,0,0
2007-05-22,1525.25,-0.0018013597,-0.0058757791832565,-0.009010547376551601,-0.0073811192093775025,1519.0481347547977,1514.2937268545886,1516.763171051094,0.004652161195469608,0.0037033776496612,0.0056791548362852,0,0,0
2007-05-23,1525.5,0.00016389412,-0.0086166116723437,-0.008750705528601783,-0.007173684066102019,1512.163972620219,1511.9612143164609,1514.3474907118957,0.004521419271819757,0.0054308656074244,0.005515382090215,0,0,0
2007-05-24,1511.5,-0.00921969,-0.0159349768019496,-0.008609304520762669,-0.0077313730712522954,1501.3838483497896,1512.422879184307,1513.7512658257842,0.0048729186955933194,0.010043474251785,0.0054262600664393,0,1,1
2007-05-25,1517.25,0.0037969504,-0.0065052717856934,-0.009076889042955508,-0.010106207067547777,1501.6991947099632,1497.8423604219433,1496.301397488878,0.006369725649911513,0.0041001333414229,0.0057209685663351,0,0,0
2007-05-29,1522.5,0.003454235,-0.0068381886873596,-0.009088398302140803,-0.008873959244838782,1506.9101514235083,1503.5230999292614,1503.8455485769982,0.005593066265149704,0.0043099637272105,0.0057282226056551,0,0,0
2007-05-30,1534.0,0.0075249826,-0.0143497408211668,-0.008870136530322766,-0.0083124907338894,1500.8085253350105,1509.0549350673234,1509.8966878865983,0.0052391846998989635,0.0090443339986252,0.0055906568901446,0,0,0
2007-05-31,1533.0,-0.00065210304,-0.0056652551564075,-0.009158304011020081,-0.010037975337722176,1525.3340691226904,1520.0152974722835,1518.678771536906,0.0063267206534075755,0.0035706888689169,0.0057722826752685,0,0,0
2007-06-01,1539.5,0.0042310883,-0.0065922140616154,-0.008905851315423305,-0.008539742698530093,1522.9273727783416,1519.4079441843255,1519.9643143650117,0.005382416741206805,0.0041549311940001,0.005613167153512,0,0,0
2007-06-04,1540.25,0.00048705254,-0.00690014932303,-0.008919741473629342,-0.00801160691946538,1528.9137853507093,1525.829119003309,1527.2154065225511,0.005049544082249821,0.004349016187513,0.0056219218224412,0,0,0
2007-06-05,1533.75,-0.004229024,-0.0096836928253435,-0.008633360376150142,-0.0077718092157494515,1525.4066772078274,1527.0097030467716,1528.3258669182176,0.004898404730568216,0.0061034239812406,0.0054414219563618,0,0,0
2007-06-06,1516.5,-0.011310669,-0.0108481194038493,-0.008540018707755375,-0.008356853817867592,1517.2016185597276,1520.7075170986466,1520.9860828345197,0.00526714580063996,0.006837337089786,0.0053825907039042,1,1,1
2007-06-07,1489.25,-0.018132411,-0.0198486531306018,-0.009280930312708598,-0.009061466557859133,1486.6962778709158,1502.4905799653932,1502.8203583755787,0.005711248104618142,0.0125101805372833,0.0058495714042643,0,1,1
2007-06-08,1508.0,0.012511632,-0.0181454060311552,-0.011062261695209418,-0.01233043734093819,1462.4706499255178,1472.8663141578254,1470.9996448512484,0.007771610306442932,0.0114366604060442,0.0069723063850805,0,0,0
2007-06-11,1510.5,0.0016564523,-0.0091902354843647,-0.012017958162239273,-0.014119547889735944,1494.204613412133,1489.9853853562486,1486.857335466321,0.008899248329000246,0.0057924083983457,0.0075746613792818,0,0,0
2007-06-12,1507.5,-0.0019880722,-0.0100196364987314,-0.011249531811212075,-0.011766188440334717,1495.4409083663013,1493.6028031731898,1492.8313226960668,0.0074159763212013835,0.006315162076354,0.0070903387243539,0,0,0
2007-06-13,1530.25,0.014978471,-0.0144992807329242,-0.010878058031215793,-0.010744948028424364,1485.8000314257258,1491.190197835992,1491.3887033786323,0.0067723103837242105,0.0091385857990524,0.0068562067647674,0,0,0
2007-06-14,1539.5,0.0060265674,-0.0074850912263722,-0.012182672531459408,-0.011577351441727614,1518.8386997405416,1511.720563560735,1512.635916913034,0.007296956409414456,0.004717692528748,0.0076784773149259,0,0,0
2007-06-15,1547.75,0.005344575,-0.0101407961997398,-0.01184584741090091,-0.009942268474012089,1523.9671351697405,1521.3709071400024,1524.269714933412,0.0062663986690496346,0.0063915264383833,0.007466183662558,0,0,0
2007-06-18,1546.0,-0.0011313133,-0.0066718290436243,-0.011685364310062717,-0.009910953126341817,1537.4580478477433,1529.7692378693705,1532.4860872046393,0.006246661276775955,0.0042051108103121,0.0073650346046618,0,0,0
2007-06-19,1549.0,0.0019386113,-0.0070977426565441,-0.011237533587291086,-0.008859731027275648,1535.0657400384187,1528.7240245547844,1532.3633535421054,0.005584098524655306,0.0044735550294666,0.0070827765010438,0,0,0
2007-06-20,1527.0,-0.014304535,-0.0158743133630962,-0.010681158635029046,-0.00838767555178905,1524.6048291775369,1532.5429320126277,1536.061827022158,0.005286572078750239,0.0100052393868259,0.006732105296634,0,1,1
2007-06-21,1535.75,0.005713835,-0.0128369878206759,-0.011649208198863503,-0.010491087319594758,1507.5231987893987,1509.3148679677563,1511.0638496003294,0.006612307421413146,0.0080908782139966,0.0073422461829159,0,0,0
2007-06-22,1520.5,-0.009979633,-0.0134303692361154,-0.011503641486125713,-0.011123572177901477,1515.2621977760284,1518.1845098468377,1518.761634850055,0.00701094906789927,0.0084648737987737,0.0072504986046502,0,0,0
2007-06-25,1513.5,-0.004614379,-0.0165996083223099,-0.01185425244836618,-0.011663570369834246,1495.468625823502,1502.5820210988593,1502.8685638802253,0.007351298351371316,0.0104623772501782,0.0074714811774786,0,0,0
2007-06-26,1497.75,-0.010460868,-0.0128094801086425,-0.011480662612305544,-0.01300807398115001,1494.2364930104677,1496.223380419058,1493.9397762629178,0.008198710153064661,0.0080735406928338,0.0072360155131204,0,0,0
2007-06-27,1519.0,0.014088241,-0.0159867398992538,-0.011740414084473122,-0.012364509048017825,1473.9962388218435,1480.2686149530725,1479.345074984085,0.007793084972959346,0.0100760994222781,0.0073997312972726,0,0,0
2007-06-28,1517.25,-0.0011527379,-0.0091797069604091,-0.012944073160396934,-0.013116758044269216,1505.1198305411413,1499.4646590703176,1499.2057465455784,0.008267211387994827,0.0057857724954152,0.0081583718078436,0,0,0
2007-06-29,1515.5,-0.0011540683,-0.018982844877088,-0.012094385453233693,-0.01132390275222187,1488.7199263171524,1499.0103148945286,1500.165721464022,0.007137213134050029,0.0119644801569673,0.0076228318622876,0,0,0
2007-07-02,1531.0,0.010175699,-0.0084654245990093,-0.011640868523356477,-0.013495452297016656,1502.7247990631201,1497.9605490377048,1495.185030221485,0.008505894256758247,0.0053355756363683,0.0073369898642363,0,0,0
2007-07-03,1536.25,0.0034232652,-0.0030824639007965,-0.011847347766717189,-0.011119919219346026,1526.2880137625632,1512.9687328203331,1514.0697098603823,0.00700864668643675,0.0019428109124024,0.0074671293046632,0,0,0
2007-07-05,1534.5,-0.0011397868,-0.0089194046051987,-0.011479635701546042,-0.00851754207688804,1522.608492177389,1518.7152484965363,1523.2204944378343,0.005368424165340094,0.0056217095014914,0.0072353682732844,0,0,0
2007-07-06,1542.5,0.0051998817,-0.0076534926058793,-0.010855528877825671,-0.00870029335278074,1522.80054355681,1517.9322793202748,1521.2073088555583,0.005483608376570612,0.004823832307931,0.0068420071223832,0,0,0
2007-07-09,1542.5,0.0,-0.0058182883363362,-0.010589147342137577,-0.008464907096096659,1533.5513484032963,1526.2524160747266,1529.4979888502828,0.005335249465377132,0.0036671424013811,0.0066741125513345,0,0,0
2007-07-10,1520.0,-0.014694142,-0.0114039283106373,-0.01030282194797523,-0.007897078700828756,1525.0093611305065,1526.6894834681111,1530.3667278628545,0.0049773594013885975,0.0071876515278688,0.0064936477938615,1,1,1
2007-07-11,1531.0,0.007210782,-0.0099677571950703,-0.011656640086460225,-0.008956301823453276,1504.9242694961406,1502.384773703672,1506.4472032923484,0.005644965027125879,0.0062824636634855,0.0073469303423375,0,0,0
2007-07-12,1555.75,0.016036628,-0.0143703301768273,-0.01157783407818451,-0.009440264881440875,1509.156350629276,1513.3765535583173,1516.614960588757,0.005949996566997269,0.0090573110280873,0.0072972606048261,0,0,0
2007-07-13,1560.0,0.002728077,-0.0082829278954939,-0.012865501941999544,-0.010982012644125821,1542.9170554726443,1535.8626997172337,1538.7582066473199,0.0069217271286243715,0.0052205518766495,0.0081088500533589,0,0,0
2007-07-16,1559.75,-0.00016026925,-0.0069985625621307,-0.012298662014964212,-0.010180978637509549,1549.1203577385127,1540.9315856007142,1544.198248463356,0.006416852567447076,0.0044110439422582,0.0077515829997058,0,0,0
2007-07-17,1558.75,-0.000641334,-0.0075434124000302,-0.01291247013356561,-0.009210716709475547,1548.028428416002,1539.7392468703492,1545.4495444357678,0.0058053172754405965,0.0047544511141697,0.0081384530975622,0,0,0
2007-07-18,1554.75,-0.002569457,-0.0110810466640696,-0.012911195100278192,-0.008832175961208702,1541.5727651479754,1538.7540382935742,1545.0434640896976,0.005566731157260348,0.0069841461482262,0.0081376494714163,0,0,0
2007-07-19,1559.75,0.003210791,-0.0115826821157439,-0.013039965344151278,-0.009559158004319562,1536.8457149688186,1534.6077265712863,1539.9587078744808,0.006024932353424037,0.0073003162189638,0.0082188105954524,0,0,0
2007-07-20,1545.0,-0.009501642,-0.0153477620772866,-0.012897616249887892,-0.010210093320662784,1535.994094407756,1539.7621181478794,1543.905829811916,0.0064352029280552335,0.0096733653999979,0.0081290910131293,0,0,0
2007-07-23,1549.0,0.0025856511,-0.0086006662889545,-0.01294084149723095,-0.011722653225389124,1531.7689500660392,1525.1352106532,1526.9942445765541,0.007388537008563132,0.0054208155741237,0.008156334959833,0,0,0
2007-07-24,1522.5,-0.01725584,-0.0192243634294961,-0.012733085806284513,-0.010511357860888963,1519.5058723174295,1529.401489637028,1532.803181083508,0.00662508350901518,0.0121167041226867,0.0080253910018583,0,1,1
2007-07-25,1524.75,0.0014767416,-0.0159729613340295,-0.013326563107412247,-0.01303047826363308,1498.374358280226,1502.3449050314432,1502.7897924469123,0.008212831091993226,0.0100674150880128,0.008399447021329,0,0,0
2007-07-26,1488.0,-0.024397526,-0.0370633627340906,-0.01341668014109999,-0.013654937670643953,1469.2720873273875,1504.4295383404428,1504.0711393725867,0.008606414468583474,0.0233602429379666,0.008456245855663,0,1,1
2007-07-27,1458.0,-0.020367302,-0.0209238437058764,-0.015219420053748668,-0.02152158424502791,1457.1887891517954,1465.5249652811578,1456.3180286096865,0.013564593153101621,0.0131878501061031,0.0095924741740586,0,1,0
2007-07-30,1480.75,0.015483082,-0.0179437417128312,-0.018827207355043132,-0.019732355677013202,1432.0713487933824,1430.8067216690893,1429.512215314416,0.01243688074556205,0.0113095557096419,0.0118663851635013,0,0,0
2007-07-31,1462.0,-0.012743355,-0.0273453628534709,-0.02068804559236257,-0.017721037057739236,1440.806971243893,1450.4308795246654,1454.7407108145362,0.011169189740053823,0.0172351959552869,0.0130392316103796,0,0,0
2007-08-01,1470.0,0.0054570395,-0.0246804231576343,-0.020696907350979905,-0.02117742141781636,1426.3588498139277,1432.052104895359,1431.3641490139903,0.01334767470154179,0.0155555415980605,0.0130448169868508,0,0,0
2007-08-02,1481.75,0.007961421,-0.0114597056297572,-0.019272525389392458,-0.021890923541571287,1453.250388833896,1441.9406435101778,1438.1700074611833,0.01379737979352848,0.0072228067763123,0.0121470595734757,0,0,0
2007-08-03,1443.0,-0.026499541,-0.0263562485608438,-0.018626537301702974,-0.015425767526953656,1443.2067870951073,1454.4055848238656,1459.0682603547207,0.00972253056258134,0.0166117784220491,0.0117399071310024,1,1,1
2007-08-06,1467.75,0.017006336,-0.0254449737344176,-0.023317365663276683,-0.018613443305545457,1406.7460987023017,1409.742289285338,1416.3892286455457,0.01173165426594364,0.0160374214355744,0.0146964356816586,0,0,0
2007-08-07,1482.5,0.009999236,-0.0239922652905271,-0.02430899331125376,-0.021549109824358474,1432.9544339405422,1432.5006489858874,1436.4596445422628,0.013581941935638797,0.015121810447689,0.0153214373288902,0,0,0
2007-08-08,1504.0,0.014398374,-0.0171865220389914,-0.02360630872773677,-0.022561283100965876,1457.2386799907783,1447.9134834241452,1449.427381012784,0.014219893052122852,0.0108322963830877,0.0148785503006006,0,0,0
2007-08-09,1458.0,-0.031062592,-0.0213074734979778,-0.023456982201711947,-0.019124627680216107,1472.292562165964,1469.1312553346247,1475.5098599828657,0.0120538428181285,0.0134296437395094,0.0147844329926259,1,1,1
2007-08-10,1451.0,-0.0048126597,-0.0270409711754662,-0.028305212598044523,-0.0189331859114878,1419.1025466519443,1417.3095920321375,1430.6550948729118,0.011933181175577274,0.0170433444064271,0.0178401686712828,0,0,0
2007-08-13,1455.0,0.0027529267,-0.0145663357189697,-0.026809527839485193,-0.02235338195162124,1430.017437399424,1412.616199888404,1418.9250699416157,0.014088857414838216,0.0091808491191797,0.0168974706336214,0,0,0
2007-08-14,1434.25,-0.0143638365,-0.0207359080740822,-0.025534764613710317,-0.018951075687904495,1425.1399116990538,1418.3172532866404,1427.6858189012428,0.01194445671811771,0.0130693983064942,0.0160940147017856,0,0,0
2007-08-15,1414.5,-0.013865952,-0.0271868956226146,-0.025205920852215936,-0.018571821331708552,1395.7824706435533,1398.5502210195812,1407.8591865304727,0.011705420828158637,0.0171353174570225,0.0158867515289252,0,0,0
2007-08-16,1424.5,0.0070447633,-0.0462418370435321,-0.024966455302316254,-0.021053940216573162,1350.5801956995545,1379.6221487957766,1385.030514522645,0.01326984714768468,0.0291452385199035,0.015735821526673,0,0,0
2007-08-17,1450.0,0.017742682,-0.0535501378568589,-0.023824498481495655,-0.029703630925250094,1350.2243139094107,1390.9630882641927,1382.8094237660498,0.018721561762535685,0.03375150384148,0.0150160706246724,0,0,0
2007-08-20,1449.0,-0.0006898931,-0.0174594246272595,-0.024355329560498906,-0.038949744069091,1424.903556534345,1415.1113589058286,1394.6086138552516,0.02454918865170035,0.0110043010337741,0.0153506420733967,0,0,0
2007-08-21,1450.25,0.000862292,-0.0152457974815021,-0.023011092267523754,-0.02158512295839775,1427.076385590406,1416.0376318321287,1418.0582983975419,0.013604640241946044,0.0096090993012717,0.0145033981264439,0,0,0
2007-08-22,1468.75,0.012675744,-0.0099149269145138,-0.02170872819411135,-0.015597350267811732,1435.9419262088554,1419.1061863125337,1427.8054356592274,0.009830675485619316,0.0062491658702675,0.0136825459720707,0,0,0
2007-08-23,1466.5,-0.0015330894,-0.0203858928087194,-0.021600942422485624,-0.014074953537237079,1439.1113515326283,1437.3638217234882,1448.2222146902004,0.008871141464668783,0.0128487911886367,0.0136146109110106,0,0,0
2007-08-24,1483.5,0.011525551,-0.0143328103887554,-0.020453087968212588,-0.016180289170049142,1445.6308476271813,1436.8102054849155,1442.9625408895965,0.010198089378199875,0.0090336631100441,0.012891142857083,0,0,0
2007-08-27,1469.75,-0.009311843,-0.0075866508316811,-0.020333794499798517,-0.016114555718418112,1472.2877888354174,1453.6394340124393,1459.7856429301946,0.010156658992881935,0.0047817033706601,0.0128159547414482,1,0,0
2007-08-28,1438.25,-0.021665221,-0.0176952855890545,-0.019859752330837508,-0.014069519305172553,1443.9711090843593,1440.8490616454521,1449.2161136810093,0.008867716384701827,0.0111529591414219,0.0125171761252385,1,1,1
2007-08-29,1465.5,0.018769385,-0.0168954359938927,-0.02193343297782899,-0.01484648960539851,1414.1542663308487,1407.047677919011,1417.0547630740502,0.009357424107637846,0.010648831089392,0.0138241725798512,0,0,0
2007-08-30,1461.5,-0.0027331756,-0.0143595919812857,-0.022952097298718048,-0.01575063446514282,1444.6063888340684,1432.2467768160097,1442.5982769830052,0.009927287228970705,0.0090505429736513,0.0144662148623859,0,0,0
2007-08-31,1476.75,0.010380422,-0.0146829870501177,-0.021830653503810155,-0.015665091708373505,1440.1975886555958,1429.940238393552,1438.7838582242214,0.009873371463311466,0.0092543719523398,0.0137593928808438,0,0,0
2007-09-04,1489.5,0.008596766,-0.0214460796444162,-0.02135259049981297,-0.015281257657296921,1445.4166911333484,1445.5518282202247,1454.3549508130789,0.0096314490898522,0.0135170042220626,0.0134580800185126,0,0,0
2007-09-05,1476.5,-0.008766071,-0.0139103020581308,-0.020777559553473227,-0.016611965739997448,1468.9240457340977,1458.8711235807496,1464.9608629923573,0.010470165865618684,0.0087673651673151,0.0130956503409974,0,0,0
2007-09-06,1479.5,0.0020297708,-0.0111854830067692,-0.020225117589266668,-0.015579229222874361,1460.0766570856101,1446.937573372436,1453.6755235742123,0.009819254179488411,0.0070499701360419,0.0127474580146405,0,0,0
2007-09-07,1459.75,-0.013439004,-0.018879189301894,-0.019149763370535908,-0.013913300165771294,1451.830252470096,1451.4374779913983,1459.057811323667,0.008769254810285189,0.0118991482701718,0.0120696853048585,0,0,0
2007-09-10,1455.25,-0.003087481,-0.0189818335857296,-0.019450135883658452,-0.014709479773867216,1432.30259359987,1431.6320000364667,1438.4349875959263,0.009271069748147495,0.011963842761705,0.012259003660259,0,0,0
2007-09-11,1472.75,0.011953694,-0.0108711088914467,-0.018518230125614654,-0.015777015843467346,1439.5154994796003,1428.5493331785324,1432.4706651635238,0.009943914846144052,0.006851826870952,0.0116716434398878,0,0,0
2007-09-12,1476.25,0.0023736872,-0.0114539557965905,-0.018675693417618287,-0.014063558937223495,1455.97742613052,1445.5006151005334,1452.1828561808552,0.00886395969256656,0.0072191827797368,0.0117708891770166,0,0,0
2007-09-13,1485.0,0.0059096836,-0.0138412058917486,-0.017699565814161225,-0.01307397842694351,1455.957678863888,1450.3508935605398,1457.0751582083124,0.008240248312337299,0.008723815334982,0.0111556568755439,0,0,0
2007-09-14,1485.0,0.0,-0.0104208893120231,-0.017014946459130324,-0.013089196618317953,1469.605331753538,1459.9465504883171,1465.6892001542562,0.008249840012101132,0.0065680631222005,0.0107241559734726,0,0,0
2007-09-17,1477.0,-0.0054017687,-0.0078404692779579,-0.015964012317791605,-0.012316317313679884,1473.402427738104,1461.4816646734191,1466.8224388760536,0.007762710755978199,0.0049416796957901,0.0100617747149341,0,0,0
2007-09-18,1533.0,0.037213597,-0.0237065674151582,-0.015088957357223634,-0.01112940794993502,1442.3971775535508,1454.8809066764843,1460.6529994101193,0.0070146272299001725,0.0149417412018582,0.0095102463334001,0,0,0
2007-09-19,1541.5,0.0055293683,-0.0136860761810765,-0.024921798884420365,-0.014198329511303369,1512.1621645738956,1495.2670221166834,1511.3877528336802,0.00894890269609223,0.0086260404041374,0.0157076755438524,0,0,0
2007-09-20,1531.75,-0.0063450956,-0.0079948494384775,-0.02373128579260266,-0.015301462431605562,1529.2250730688656,1505.348875878115,1518.0923381017324,0.009644183725933198,0.0050389822012431,0.0149573206652296,0,0,0
2007-09-21,1534.5,0.0017937225,-0.0110932349605485,-0.022701626626166736,-0.013482481168406207,1514.8518382784675,1497.3685177699979,1511.23680459086,0.008497718832480272,0.0069918281701946,0.0143083485672628,0,0,0
2007-09-24,1531.75,-0.0017937225,-0.0107345747816025,-0.02157468365980266,-0.01280707207767695,1518.1158905512893,1501.7482229347995,1514.9728575616884,0.008072022962541454,0.0067657723486421,0.0135980605758474,0,0,0
2007-09-25,1529.0,-0.0017969457,-0.0092662991924408,-0.020573303470993932,-0.012234452882731882,1517.6219048816113,1500.558795625044,1513.124048291141,0.007711113360225311,0.0058403497228329,0.0129669121112122,0,0,0
2007-09-26,1536.25,0.004730455,-0.0084857513456824,-0.0195132574115181,-0.011442901969534415,1516.080180905992,1499.4534417403695,1511.6035257872195,0.007212215789523922,0.0053483871490157,0.0122987878060203,0,0,0
2007-09-27,1544.5,0.0053558513,-0.0039714917199185,-0.018634783044330094,-0.010709410729366375,1530.1608952632869,1507.8874007401507,1519.885451508498,0.006749911986004345,0.0025031460871219,0.0117451042458016,0,0,0
2007-09-28,1538.0,-0.0042173625,-0.0082622351775145,-0.01785395170625624,-0.009257457233846262,1531.791550163588,1517.1692782819073,1530.2678357700142,0.005834776825891575,0.0052075097001338,0.011252962993486,0,0,0
2007-10-01,1556.5,0.01195684,-0.0156336670473837,-0.017053557723841355,-0.009166236401265938,1514.1423969135487,1511.9940058425132,1523.966742747504,0.005777282290779683,0.009853565173196,0.0107484918258415,0,0,0
2007-10-02,1554.5,-0.0012857604,-0.0061817101209084,-0.01746170796492352,-0.010857881433796707,1546.9078466982046,1529.556773532945,1539.6911270608723,0.00684348988797581,0.0038961993608768,0.0110057401725518,0,0,0
2007-10-03,1550.75,-0.0024152657,-0.0068808438629434,-0.016627917628441943,-0.010084436460811353,1543.8404436437795,1528.865615890123,1538.9025215946551,0.0063560041032208235,0.004336848369906,0.0104802199989162,0,0,0
2007-10-04,1552.25,0.0009668064,-0.004787344204138,-0.015800913443528863,-0.009488678922644316,1543.343768210921,1526.4393048720503,1536.1050217886675,0.005980510899229753,0.0030173604170424,0.0099589769911274,0,0,0
2007-10-05,1570.75,0.011847721,-0.0118361864038268,-0.014918769290633196,-0.008616752803229157,1533.9855834037803,1529.2642264215422,1538.932106362476,0.005430954559195828,0.0074600945369194,0.0094029804436529,0,0,0
2007-10-08,1562.75,-0.0051061227,-0.0060899824828165,-0.015786687108262334,-0.009521980433278695,1561.2132288745368,1546.1477660536616,1555.8643322241883,0.006001500127438796,0.0038383853971162,0.0099500104370042,0,0,0
2007-10-09,1576.25,0.008601518,-0.0088582420503923,-0.015226890257938852,-0.009107635270812483,1548.9679148801808,1539.1344293873074,1548.581660950119,0.005740347254591695,0.0055831600544475,0.0095971824836076,0,0,0
2007-10-10,1573.25,-0.0019050649,-0.0076656174510146,-0.015229780559920216,-0.009331949402526496,1564.213263941353,1552.4259365119112,1561.6089358408435,0.005881727642789407,0.0048314743378778,0.0095990041789819,0,0,0
2007-10-11,1565.25,-0.0050979876,-0.0212229740032392,-0.014614487166404202,-0.009249862375627345,1540.2127703111282,1550.4249524998474,1558.7647505789803,0.005829989949580696,0.0133763855195419,0.0092111979441893,0,0,0
2007-10-12,1574.5,0.005892206,-0.0097779650316045,-0.014209367060907021,-0.012522716518525575,1550.0196226290184,1543.1660591907726,1545.7710372878,0.00789279974984501,0.0061628417317657,0.0089558594269758,0,0,0
2007-10-15,1560.25,-0.009091697,-0.0163682948601808,-0.013938753416693702,-0.011687053736780497,1548.9378944990424,1552.7056784474094,1556.205844509105,0.007366099414102768,0.010316585334077,0.0087852974486549,0,0,0
2007-10-16,1547.5,-0.008205339,-0.008747549608086,-0.014270166607041525,-0.012882042466295087,1546.661156914474,1538.1430823988303,1540.279698544571,0.008119275191213696,0.005513392981173,0.0089941800774362,0,0,0
2007-10-17,1552.5,0.0032258092,-0.0196286523231899,-0.01429858442362594,-0.011396054338930062,1517.4208330307613,1525.5303821275945,1529.9647122319532,0.007182688732310109,0.0123715187449207,0.009012091217986,0,0,0
2007-10-18,1546.75,-0.0037105794,-0.0099909969652616,-0.013725120022021732,-0.013699574374190667,1537.06620509373,1531.33731358727,1531.3764330906579,0.00863454802587244,0.0062971111924047,0.0086506489000328,0,0,0
2007-10-19,1505.75,-0.026864842,-0.0189325689924415,-0.013166066883418025,-0.012103879398673757,1517.7415179383654,1526.5188605624835,1528.141171237917,0.007628815692559852,0.0119327923447284,0.0082982896921889,1,1,1
2007-10-22,1513.5,0.0051337364,-0.0164831659936931,-0.01915304598230776,-0.013897914015633712,1481.1339057251519,1477.1847302080353,1484.9679639525875,0.00875955724971378,0.0103889861468327,0.0120717542646831,0,0,0
2007-10-23,1525.5,0.007897376,-0.010084652123513,-0.01840458175004845,-0.015148615909949849,1498.313582584316,1485.899433054106,1490.7453556480723,0.009547847840176763,0.0063561400307981,0.0116000133052511,0,0,0
2007-10-24,1522.0,-0.0022969658,-0.021719481739595,-0.017997739981255596,-0.01327289305974608,1492.724156228081,1498.2900410223385,1505.3859825279633,0.008365619940905435,0.0136893237012461,0.0113435896605727,0,0,0
2007-10-25,1525.0,0.0019691507,-0.0178384838467069,-0.017205792698460173,-0.015889544167571445,1495.0905530237696,1496.0367828865596,1498.0072356224632,0.010014839036356726,0.0112432139332241,0.0108444422666114,0,0,0
2007-10-26,1542.5,0.011410067,-0.0126884124014352,-0.016564663670543205,-0.016082775954649766,1505.7724128282916,1499.9469583588284,1500.6699385562006,0.010136628889098154,0.0079972343125251,0.0104403523853404,0,0,0
2007-10-29,1547.0,0.0029130948,-0.0067189941047571,-0.016807108919467347,-0.014024373521794706,1532.1706917336735,1516.7916809198275,1521.0183889988118,0.008839261965309349,0.0042348379371827,0.0105931604280066,0,0,0
2007-10-30,1536.0,-0.007135937,-0.0064205924981312,-0.016092091613195404,-0.011149801786259312,1537.0991620410152,1522.3047661684056,1529.847060276981,0.007027481027716375,0.0040467618018932,0.0101425003489631,1,0,0
2007-10-31,1555.0,0.012293911,-0.013635639139466,-0.015897171702698897,-0.009709263271291166,1515.197806198567,1511.775008862759,1521.1587370698794,0.006119540485122237,0.008594251018119,0.0100196465082225,0,0,0
2007-11-01,1515.75,-0.025565179,-0.0213798648406796,-0.016410582228621347,-0.010821125783263243,1522.1071850702726,1529.6897902892797,1538.263864631952,0.0068203235894409246,0.0134752704508322,0.0103432381558154,1,1,1
2007-11-02,1517.5,0.0011538779,-0.0209466809921111,-0.020638041217654248,-0.014047804925595217,1484.3302864545356,1484.788480524186,1494.6059014846714,0.008854030276784068,0.0132022439580133,0.0130077149250338,0,0,0
2007-11-05,1505.5,-0.007939175,-0.0149700833503533,-0.019779497165688307,-0.016974512680088642,1494.9520916366228,1487.7795101754484,1491.9585669741798,0.010698671429393578,0.0094353225953836,0.0124665930152179,0,0,0
2007-11-06,1525.0,0.012869341,-0.0108012067508473,-0.019282700732601025,-0.01605404893535431,1489.3262882820025,1476.7479931008352,1481.5236034057482,0.010118522864708514,0.0068077690503489,0.0121534728741531,0,0,0
2007-11-07,1482.75,-0.028095938,-0.020859457873362,-0.019499156892354926,-0.013547864392771239,1493.518808528583,1495.5518260733625,1504.4788296955135,0.008538928477060899,0.0131472690962231,0.0122899005510897,1,1,1
2007-11-08,1475.5,-0.0049015563,-0.0278565108263753,-0.02403178659313822,-0.015458548105245218,1442.0157496785998,1447.5416229956224,1460.0050923592455,0.00974319145830286,0.0175573615642188,0.0151467198774362,0,0,0
2007-11-09,1455.0,-0.013991015,-0.0163245807250911,-0.022737860900023273,-0.020279209751969927,1451.608620089437,1442.3288360385611,1445.8793824761178,0.012781551145122316,0.0102890332519077,0.0143311862532559,0,0,0
2007-11-12,1440.25,-0.010189191,-0.0210249554771533,-0.022782087718422276,-0.018281590901689355,1424.728038236909,1422.2268008118947,1428.6419528593492,0.011522494810304275,0.0132515786878258,0.0143590614687237,0,0,0
2007-11-13,1483.25,0.029418917,-0.0245462134480881,-0.022359091337498062,-0.018357421536932983,1405.327674926494,1408.4046618034015,1414.0519239086577,0.011570289233981922,0.0154709520954262,0.0140924559183541,0,0,0
2007-11-14,1478.0,-0.0035458037,-0.019955935442758,-0.026534536299913408,-0.01991782204533861,1453.9437481582324,1444.4102255728844,1453.9991639501668,0.012553776221344631,0.0125777982786333,0.0167241493617128,0,0,0
2007-11-15,1458.0,-0.0136241885,-0.0234284498199757,-0.024983468671470783,-0.01986171514588062,1443.7752332428406,1441.5318802179995,1448.9339909198202,0.012518413245479811,0.014766449644117,0.0157465446885052,0,0,0
2007-11-16,1460.25,0.0015420204,-0.0147248873602629,-0.024663805210458006,-0.020672684809502087,1436.68840471646,1422.4800017218452,1428.1686351359006,0.013029550038259102,0.0092807808195328,0.0155450676622239,0,0,0
2007-11-19,1437.5,-0.01570216,-0.0198254895494533,-0.023315746342944532,-0.017666668141214106,1431.5849174277234,1426.597028015159,1434.6787919548747,0.011134922177571348,0.0124955810286843,0.0146954150587695,0,0,0
2007-11-20,1446.0,0.00589563,-0.0264006290055836,-0.02355507582456255,-0.017586099970324478,1400.045680032822,1404.0352580574088,1412.440972407226,0.011084141786743017,0.0166397504649059,0.0148462593001009,0,0,0
2007-11-21,1417.75,-0.019730017,-0.0138126679632144,-0.022517199654925876,-0.020321450369099638,1426.164190223808,1413.8039718319933,1416.9117415864232,0.012808174500511818,0.0087058284904453,0.0141921082011792,1,0,0
2007-11-23,1442.0,0.016959932,-0.0130106820878726,-0.02373986530108117,-0.017539003292431923,1399.4235835794798,1384.4891718429776,1393.1008705338709,0.011054457760362721,0.0082003539868173,0.0149627281454894,0,0,0
2007-11-26,1409.25,-0.02297339,-0.0295770477355084,-0.024233432508959263,-0.015650113602632087,1399.9744565414776,1407.47540460574,1419.6082102376415,0.009863931084374986,0.0186417790918308,0.0152738129751355,0,0,1
2007-11-27,1426.5,0.012166244,-0.0172891551356207,-0.026125162504479646,-0.0195850064080939,1385.0946724239502,1372.9098774382317,1381.9183486364568,0.012344009660350977,0.0108969838235646,0.0164661298349262,0,0,0
2007-11-28,1470.5,0.030378588,-0.0297770247652476,-0.02551876372797243,-0.019334668063376977,1384.6492616827136,1390.558031297207,1399.1840196682479,0.012186226768624941,0.0187678203264116,0.0160839296865445,0,0,0
2007-11-29,1471.5,0.00067980966,-0.0124070076292919,-0.029497906402019946,-0.022314267506719727,1452.3682085095618,1427.7568447170934,1438.0502621510955,0.014064204418782826,0.0078198709176186,0.0185918980060268,0,0,0
2007-11-30,1483.75,0.008290378,-0.0156756790155,-0.027641463038198887,-0.01889296600305747,1448.6130909078574,1431.3825933239907,1443.9599760770463,0.011907831429559462,0.0098800444160143,0.0174218215536938,0,0,0
2007-12-03,1475.5,-0.0055757514,-0.0092053129672686,-0.026392572032340827,-0.017030222375862377,1470.1542892766597,1445.1022711025228,1458.6953561715372,0.010733784056291775,0.0058019114125772,0.0166346723274027,0,0,0
2007-12-04,1463.25,-0.008336926,-0.0062190780998844,-0.02507791137077474,-0.014700560903367443,1466.3522251108286,1438.957659666573,1453.9679765641326,0.009265448375281203,0.0039197515969014,0.0158060698971401,1,0,0
2007-12-05,1487.0,0.016100679,-0.0119921414946786,-0.024075814887536885,-0.012727443362881147,1445.807295684903,1428.4417635462328,1444.7445816350196,0.008021834690748268,0.0075583896871962,0.0151744699674827,0,0,0
2007-12-06,1507.5,0.013691982,-0.0169351681109363,-0.02433513949514432,-0.012627376364842235,1462.029442110194,1451.2503975742143,1468.3411454647128,0.007958764607198836,0.0106738733909565,0.0153379167080541,0,0,0
2007-12-07,1507.25,-0.00016585123,-0.0107863015319666,-0.024131630155879002,-0.013941207482703789,1491.3270305058077,1471.5569934345936,1486.6294480945428,0.008786844193848875,0.0067983746104381,0.0152096491345074,0,0,0
2007-12-10,1518.75,0.00760083,-0.0123003943857058,-0.02274135726928172,-0.013781026713543393,1488.823787723943,1473.359903219232,1486.6210182416612,0.008685885689127567,0.0077526748758443,0.0143333899398416,0,0,0
2007-12-11,1478.0,-0.027197806,-0.0277642328576983,-0.02183048020474174,-0.013500402021530371,1477.1630575405097,1485.9542342918876,1498.3840480247873,0.00850901396200318,0.0174992007388889,0.0137592836541563,0,1,1
2007-12-12,1490.25,0.008254069,-0.0352187263979587,-0.02551796268502735,-0.016694199044235924,1426.852680747718,1440.76159593218,1453.530789038942,0.010521995754298364,0.0221976082020578,0.0160834248063496,0,0,0
2007-12-13,1488.0,-0.0015109547,-0.0169931153662006,-0.02446256581135491,-0.02287110660005653,1465.1399629445614,1454.2369430718063,1456.553144431401,0.01441516816136143,0.010710396303631,0.0154182307832967,0,0,0
2007-12-14,1468.0,-0.013532006,-0.0148535219952075,-0.023142642228724225,-0.020338855637965524,1466.0612961359234,1453.9591650864388,1458.0414765878138,0.01281914466833023,0.0093618564721686,0.0145863112467177,0,0,0
2007-12-17,1446.5,-0.014754085,-0.0104456917117796,-0.02304135392325963,-0.016731744332224664,1452.7455349905833,1434.5620001856312,1443.6421422925605,0.010545659744392446,0.0065836955430337,0.0145224713992812,1,0,0
2007-12-18,1466.5,0.013731764,-0.0192528187051369,-0.02317918541798481,-0.014108033608262913,1418.9171733312633,1413.356907138905,1426.236008030762,0.008891991124239957,0.0121346388728767,0.0146093436354672,0,0,0
2007-12-19,1465.0,-0.0010233669,-0.0150845925601375,-0.023106108732316576,-0.015346677161911133,1444.5444565454252,1433.0033702150688,1444.1659132941327,0.009672681601096082,0.0095074952953726,0.0145632849671656,0,0,0
2007-12-20,1474.75,0.0066332417,-0.0114888916634034,-0.02180647529059117,-0.015670002695410006,1448.2650905699456,1433.3993156960894,1442.222374858227,0.009876466753154995,0.0072412021076065,0.0137441538714033,0,0,0
2007-12-21,1498.0,0.0156424,-0.0136311403842195,-0.020890637249947462,-0.014546184540447475,1454.7838654644147,1444.2611077288266,1453.45328285351,0.009168148263373841,0.008591415549135,0.0131669207888371,0,0,0
2007-12-24,1506.5,0.0056581944,-0.0090778694120058,-0.02155681057449127,-0.014188089519379247,1484.462888648751,1466.0534675432114,1476.8963064631005,0.008942448648715406,0.0057215864719296,0.0135867955533528,0,0,0
2007-12-26,1509.75,0.0021549945,-0.0084965851238875,-0.020607561472657437,-0.013066388483180657,1493.75411941961,1475.7724064482577,1486.9435302056447,0.008235464533502717,0.0053552154471553,0.0129885041952109,0,0,0
2007-12-27,1489.75,-0.013335753,-0.0143612893253872,-0.019507979888439782,-0.012052764285691677,1488.2229912297742,1480.5832445748304,1491.6625599073502,0.00759659893269298,0.0090516127732494,0.0122954614963677,0,0,1
2007-12-28,1485.5,-0.0028569046,-0.0163013485590706,-0.019884252281551593,-0.01263785109431484,1465.6619333848862,1460.420004059549,1471.0412296647835,0.007965366604619984,0.0102743905157343,0.0125326179189245,0,0,0
2007-12-31,1477.25,-0.0055691646,-0.0125625263401857,-0.018850729203853816,-0.01379886156368643,1466.9550964326422,1457.759527296994,1465.1425688523486,0.00869712661281527,0.0079178910269633,0.0118812104805269,0,0,0
2008-01-02,1458.5,-0.012773741,-0.0219631653299819,-0.018062013581401495,-0.01353780334486499,1445.1586181898463,1450.8074124979955,1457.3860405718942,0.008532587214262196,0.0138429122439878,0.011384099932797,0,0,0
2008-01-03,1458.75,0.00017139429,-0.0105799273919469,-0.018534900728483617,-0.015577864738602388,1443.1505172834222,1431.7158349945364,1435.9557359262265,0.009818394174304666,0.0066683014143938,0.0116821505634787,0,0,0
2008-01-04,1423.0,-0.024812585,-0.0259100734312562,-0.017555540005457556,-0.013969709159734415,1421.4391313632586,1433.364337502513,1438.513365812097,0.008804808189840056,0.016330563803321,0.0110648804960558,0,1,1
2008-01-07,1421.5,-0.001054667,-0.0175517475631825,-0.02161453860154085,-0.016876170945213955,1398.2417738747158,1392.5725339930175,1399.1867124766852,0.010636688742229016,0.0110624902009952,0.0136231802911836,0,0,0
2008-01-08,1397.0,-0.017385572,-0.0309597670826293,-0.020466907358297596,-0.017334501790341184,1378.1649736096829,1392.7019994642121,1397.0713466729442,0.010925564847857921,0.0195132774525033,0.0128998529223827,0,0,1
2008-01-09,1411.5,0.010325888,-0.023161221775323,-0.021546477350095048,-0.021621026239889703,1365.0156018515834,1367.2215337137986,1367.1196126654547,0.013627269310547821,0.014598021536616,0.0135802827435476,0,0,0
2008-01-10,1421.0,0.00670788,-0.0268334936234165,-0.021148621149920218,-0.021663418916071757,1374.128174467529,1381.9621644204533,1381.250916475438,0.013653988505498054,0.0169125757534361,0.0133295225101295,0,0,0
2008-01-11,1407.75,-0.0093681635,-0.0164195293211272,-0.02038347094552874,-0.022436439728135915,1397.8583561992214,1392.3282949371524,1389.4728205153388,0.014141206950717904,0.0103488773164071,0.0128472647401895,0,0,0
2008-01-14,1420.25,0.0088402275,-0.0194091437877273,-0.019944035648256066,-0.018276296587079837,1380.6902307880125,1379.9519083006003,1382.2552281349847,0.011519157917309548,0.0122331672210141,0.0125702980932758,0,0,0
2008-01-15,1388.0,-0.02296905,-0.018691172492141,-0.019470895177789452,-0.017556481989053126,1393.9504129906977,1392.863941859159,1395.5330129968897,0.01106547420812111,0.0117806453058357,0.0122720877982958,1,1,1
2008-01-16,1376.0,-0.008683123,-0.0231636109935884,-0.022327016083975533,-0.017466681578818213,1356.2184170815717,1357.3534972405644,1363.9667475646218,0.011008874934761406,0.0145995274096668,0.0140722395737132,0,0,0
2008-01-17,1339.75,-0.02669771,-0.0364941153484718,-0.021631878323865008,-0.019631140430769148,1326.689344282848,1346.554167980803,1349.2509668240098,0.012373086945785958,0.0230014585147813,0.013634109146422,0,1,1
2008-01-18,1325.25,-0.010881908,-0.0357273014744356,-0.025270814118180305,-0.02593904078938443,1292.7293105087374,1306.3176374737234,1305.4450127753187,0.016348821308124446,0.0225181521695313,0.01592765236323,0,0,0
2008-01-22,1309.25,-0.012146667,-0.0644681974154049,-0.024580950252701975,-0.030464395662061158,1242.5092498029755,1293.0712085611992,1285.4858306542253,0.01920105546627883,0.0406329227113397,0.0154928459586596,0,0,0
2008-01-23,1341.5,0.024333937,-0.0684489108030647,-0.024163038148814892,-0.04347572452311615,1222.6315493089674,1277.9936867892734,1253.5490015740545,0.027401817100366942,0.0431418810179376,0.0152294449191058,0,0,0
2008-01-24,1352.25,0.007981481,-0.0186294409316467,-0.026706148944063902,-0.05085481152493039,1316.7399539870726,1306.147862046975,1274.98393605518,0.03205269743897748,0.0117417372267056,0.0168323131321549,0,0,0
2008-01-25,1334.0,-0.013587925,-0.0314384881584134,-0.025449084490563517,-0.02055948175948892,1310.3986234180775,1318.2706806709987,1324.7322850569492,0.012958200582771244,0.0198150050833736,0.0160400123570436,0,0,0
2008-01-28,1354.5,0.015250435,-0.0380185674114609,-0.02511453011696527,-0.021243476332691122,1284.2352180037844,1300.9144202326156,1305.960089650118,0.013389307698250474,0.0239622879676889,0.0158291499078027,0,0,0
2008-01-29,1362.0,0.005521825,-0.0124666744558832,-0.025148840355683353,-0.028840914930127932,1337.7187102300345,1320.8606638398253,1315.9929392969848,0.018177810366389796,0.0078574776392351,0.015850774915697,0,0,0
2008-01-30,1350.5,-0.008479314,-0.0320430267842152,-0.02389237400644067,-0.02148711945373455,1319.0492091251788,1329.8442547977218,1333.04671857233,0.013542870734032542,0.020196032818645,0.0150588511128767,0,0,0
2008-01-31,1379.5,0.02124622,-0.0406861789578795,-0.023028705380632244,-0.02482092109077129,1296.656094118199,1319.7550997195883,1317.3919321818767,0.015644094433212356,0.0256436263350558,0.0145144992940325,0,0,0
2008-02-01,1397.0,0.012605965,-0.0138920820877053,-0.024707782212084414,-0.031064863561823013,1360.468373295297,1345.8332426005559,1337.304807892025,0.0195795175101987,0.0087558815105699,0.0155727854235357,0,0,0
2008-02-04,1378.75,-0.013149789,-0.0123354450321837,-0.0242861757205461,-0.021728596166910565,1379.873233604187,1363.4808855694089,1366.972559617876,0.013695068329380923,0.0077747665468762,0.0153070558906485,1,0,0
2008-02-05,1343.25,-0.02608524,-0.0249748884996072,-0.024001234535863943,-0.016923585617322434,1344.7423092821061,1346.0522605779013,1355.6129395585895,0.0106665731935462,0.015741136790128,0.0151274635707351,1,1,1
2008-02-06,1330.0,-0.009913108,-0.0217874276087238,-0.026722419123374416,-0.018756804348825748,1314.3005500507581,1307.8304660245476,1318.2897416834278,0.011822011658037142,0.0137321485258813,0.0168425678773615,0,0,0
2008-02-07,1340.25,0.0076772217,-0.0294837300477425,-0.025740000526513374,-0.02029153462960792,1291.3590774424079,1296.2026373752112,1303.2842276233746,0.012789319251267186,0.0185829629538495,0.0162233704976175,0,0,0
2008-02-08,1330.25,-0.007489269,-0.0175977801131366,-0.024699527632914782,-0.02299226123998175,1316.8708887701503,1307.551933801244,1309.786179958836,0.014491529333498458,0.0110915035303495,0.0155675827392532,0,0,0
2008-02-11,1338.25,0.0059958957,-0.0175983785737921,-0.02370210592012018,-0.020521595928603493,1307.0445449900242,1299.0909992878542,1303.2293487333532,0.012934321955790204,0.0110918807272703,0.0149389292171848,0,0,0
2008-02-12,1349.75,0.0085566,-0.0240280202893936,-0.02270901399425347,-0.018211345401219988,1306.4777426861992,1308.2021320434671,1314.0992433712395,0.011478220577336358,0.0151443460569309,0.0143130046669917,0,0,0
2008-02-13,1363.75,0.010318868,-0.0197742026702231,-0.022015346138187293,-0.018683159201102483,1323.321928121727,1320.3594946856326,1324.7665177807046,0.01177559470028939,0.0124632560082337,0.0138758006887067,0,0,0
2008-02-14,1351.0,-0.009393199,-0.0176461046695178,-0.021571712481339794,-0.018456679095149538,1339.896206993939,1334.6466106464766,1338.810561453246,0.011632849144964725,0.0111219614622169,0.0135961879057607,0,0,0
2008-02-15,1351.25,0.000185031,-0.016848858446599,-0.021038436941473358,-0.017609726940567783,1328.4278834232591,1322.8739729266474,1327.417508930056,0.011099033359553923,0.0106194742598986,0.0132600757657606,0,0,0
2008-02-19,1355.5,0.0031403,-0.0198474818648927,-0.019769380084281207,-0.01684246934003881,1324.695481983645,1324.7989470999082,1328.6821955607045,0.010615447343008465,0.0125094423136173,0.0124602164357049,0,0,0
2008-02-20,1359.0,0.0025787451,-0.026459795248664,-0.01855151811268125,-0.017059232120924358,1320.1040968091093,1330.5852351033052,1332.57233109949,0.010752068276670758,0.0166770416794674,0.011692624144482,0,0,0
2008-02-21,1347.0,-0.008869238,-0.0234615198958519,-0.01733812759462613,-0.0191631188564544,1327.4869124267996,1335.6405741235485,1333.2052646320194,0.012078102981307584,0.0147872930039597,0.0109278501145659,0,0,0
2008-02-22,1355.5,0.0062904926,-0.0246330645377591,-0.01689588570148261,-0.01979862509344089,1314.224598648905,1324.432428378404,1320.593520566546,0.01247864893800089,0.0155256924752643,0.0106491145304448,0,0,0
2008-02-25,1371.6,0.011807552,-0.020699160699595,-0.016124514546406055,-0.0202704446750364,1327.7306799661567,1333.818492190291,1328.3000214191381,0.012776026705043683,0.0130462372241738,0.0101629358286576,0,0,0
2008-02-26,1382.75,0.008096328,-0.0184030597520502,-0.016463359204241978,-0.019159526099985738,1346.5892066746605,1349.2037213645624,1345.5709424451873,0.012034176019427162,0.0115590364394437,0.0103407026614845,0,0,0
2008-02-27,1380.5,-0.0016285175,-0.0156531580986129,-0.01701752512216162,-0.01785437318881963,1361.2741168387397,1359.4181057517892,1358.2809552156882,0.01108217535036347,0.0097158853464773,0.0105627453531164,0,0,0
2008-02-28,1365.75,-0.0107420245,-0.0107155040273579,-0.016106314790451066,-0.016466763221121297,1365.786220261818,1358.4433350404145,1357.9537745081077,0.010237579589718746,0.0066619543774893,0.0100134845780019,1,0,0
2008-02-29,1331.25,-0.025585378,-0.0241360483882517,-0.016280651472489152,-0.014279742968636057,1333.180818661647,1343.6947245393121,1346.3860263666659,0.00886539671586076,0.014984558516567,0.0101076352994094,1,1,1
2008-03-03,1332.0,0.00056322163,-0.0133389808552119,-0.020613270355954894,-0.016794472449429537,1313.6103904914605,1304.0894791360402,1309.0790543348783,0.01045700463836989,0.0083054579471959,0.0128347624120527,0,0,0
2008-03-04,1327.0,-0.0037608168,-0.0258146990623031,-0.019625599964269862,-0.016070386321825985,1298.0548478554306,1306.1135502734255,1310.7653271164916,0.010027393667390947,0.0161075250289022,0.0122457303053874,0,0,0
2008-03-05,1335.5,0.006384998,-0.0202165566241594,-0.01891451819839951,-0.018997766489543266,1300.4419896554027,1302.1363178972772,1302.0279217859343,0.011894876116162906,0.0126579846463598,0.0118427527199425,0,0,0
2008-03-06,1308.0,-0.0208065,-0.0278793856052242,-0.018289326241193348,-0.01897456100617889,1298.7813061374045,1311.2966113054727,1310.3983730673795,0.01187531603971295,0.0174484413603692,0.0114464587189585,0,1,1
2008-03-07,1292.75,-0.011727521,-0.0295874359172627,-0.020428577398052306,-0.021153872500698778,1269.8665511537492,1281.5505033915117,1280.6213380878623,0.013225370828001667,0.0184980226122951,0.0127719173673213,0,0,0
2008-03-10,1275.5,-0.013433474,-0.0200448766587546,-0.020393526874966417,-0.02363753279025368,1267.0949706527706,1266.6532747204571,1262.5509016635126,0.014756934463713527,0.0125140357841588,0.0127316984495923,0,0,0
2008-03-11,1324.0,0.0373192,-0.0268072302172322,-0.020642709581595347,-0.02044632033780948,1241.7616146104237,1249.4401225524603,1249.6855232495238,0.012744102628743023,0.0167088301188843,0.0128665111910974,0,0,0
2008-03-12,1309.5,-0.011012073,-0.0200058036264265,-0.027693423204605442,-0.021425726912236563,1297.7755116320332,1287.8369580571596,1295.934077620218,0.013409604666854678,0.0125209249035977,0.0173323340938118,0,0,0
2008-03-13,1313.25,0.002859596,-0.0350326938046298,-0.02686476980971896,-0.020999182190761998,1264.418953247289,1274.7889240692516,1282.2882827704818,0.013150495544649397,0.0219388202649874,0.0168237521100302,0,0,0
2008-03-14,1291.5,-0.016700648,-0.0488764697130634,-0.02548305447968173,-0.026612228762786856,1250.60634679586,1280.2071827697814,1278.7624215890467,0.01667984830852539,0.0306344916818894,0.015972111428463,0,0,0
2008-03-17,1279.5,-0.009334957,-0.053148573261617,-0.025821564687037817,-0.036116484985746114,1224.6508222367372,1258.5783230118066,1245.687826653179,0.022603066829884066,0.0332623939959671,0.0161601150417499,0,0,0
2008-03-18,1334.0,0.04171257,-0.0270533687951933,-0.024933610868728095,-0.04224837785853153,1245.3492439680924,1247.9918827869724,1226.569193775187,0.026492440834445435,0.0169641962249767,0.0156349721388291,0,0,0
2008-03-19,1299.5,-0.026202373,-0.0311846904857438,-0.03281945416512087,-0.02565170121587365,1293.0415799513764,1290.9294893953836,1300.2157942615531,0.016109369093102757,0.019584108081617,0.0206107460916835,0,0,1
2008-03-20,1324.75,0.019244187,-0.0349641152975579,-0.03445108441861813,-0.0251145893273503,1254.8492675113494,1255.4932091008338,1267.2700067427766,0.015778042544518676,0.0219659295043917,0.0216436219034568,0,0,0
2008-03-24,1351.5,0.019991325,-0.0239994984426575,-0.034152254982860696,-0.03161886036504073,1293.335142683365,1280.2706583412928,1283.5182010531832,0.019837579496922542,0.0150572143570638,0.0214270237889643,0,0,0
2008-03-25,1351.5,0.0,-0.014621415985803,-0.0340435721907833,-0.029521989160085325,1331.8829205214447,1306.2644704728564,1312.1842269858073,0.0184973848653856,0.0091612376557595,0.0213304413056575,0,0,0
2008-03-26,1335.5,-0.011909333,-0.0093315840617505,-0.031887877437988724,-0.02203045593449183,1338.947024803196,1309.0834152381954,1322.051412747339,0.013818338669896046,0.0058531239333085,0.0200012878177607,1,0,0
2008-03-27,1329.75,-0.004314799,-0.0176977666071534,-0.03072400691289499,-0.01764452186767441,1312.0725509336278,1295.0920149658718,1312.1424137546771,0.011068636171987922,0.0111020372838902,0.0192735658588463,0,0,0
2008-03-28,1319.0,-0.008117081,-0.021057017911106,-0.029007232598576113,-0.017868708946244878,1302.0421762946376,1291.7317010138206,1306.2001139106053,0.011235017331150256,0.0132396784728722,0.018238405581182,0,0,0
2008-03-31,1324.0,0.0037835839,-0.017489015841501,-0.027722266798763804,-0.01897922164504176,1296.1325356892492,1282.936520402096,1294.2024699171914,0.011938518571631397,0.0110011329404471,0.0174381649160636,0,0,0
2008-04-01,1370.5,0.03451818,-0.0313624861865638,-0.026235662484063716,-0.018707215174451636,1283.1204610010623,1289.7156852237097,1299.46188263867,0.011781008488399669,0.0197507599359751,0.01652210441486,0,0,0
2008-04-02,1371.0,0.0003647638,-0.0139419788521452,-0.03114595088197535,-0.02066379137853959,1351.5250991749817,1328.4723670370229,1342.4708653560115,0.012980818356240605,0.0087582327797889,0.019565621987028,0,0,0
2008-04-03,1373.5,0.001821826,-0.0147470999255919,-0.02934439023653112,-0.019613104955184427,1350.9300763145654,1331.353388713864,1344.3724115228833,0.012361719572183526,0.0092947809232493,0.0184951400581187,0,0,0
2008-04-04,1372.0,-0.0010926973,-0.019332831634902,-0.0277796917911199,-0.01786365226004035,1347.2013881722523,1335.869692444443,1349.1821233368828,0.011259077044568072,0.0121850693071279,0.0175089441732039,0,0,0
2008-04-07,1372.25,0.00018219915,-0.0156559459446652,-0.026322858106297805,-0.017597459880059958,1350.6873126298333,1336.3562198481084,1348.0674784352502,0.011091301694306669,0.0098676070845201,0.0165907331343994,0,0,0
2008-04-08,1371.0,-0.0009113279,-0.008203556725276,-0.024921742391995436,-0.01709412071178186,1361.0387183512103,1338.473768437905,1348.9919471826474,0.010774057807519371,0.0051705259296823,0.0157076399378881,0,0,0
2008-04-09,1360.25,-0.007871894,-0.0202097579743283,-0.02321281071264599,-0.015252627192608845,1343.5705269119205,1339.5417660803012,1350.2473169164416,0.00961340392176158,0.0127377771786363,0.0146305369378068,0,0,0
2008-04-10,1362.75,0.0018362106,-0.0146279169503247,-0.021984406154749815,-0.015484267477429318,1340.4971993494883,1330.6720298603334,1339.3497552435474,0.0097594018271985,0.0092196624490761,0.0138562998804616,0,0,0
2008-04-11,1335.5,-0.020198964,-0.0238389071649724,-0.02032757189097232,-0.015413591817511499,1330.647691516814,1335.3282543970024,1341.9061794905215,0.00971485647395232,0.0150251521089631,0.0128120327645102,0,0,1
2008-04-14,1331.25,-0.003187403,-0.0092270288570101,-0.022649087442091563,-0.016774173433198723,1323.2339794495635,1305.5921153723432,1313.2849319726467,0.010572401897108176,0.005815598472319,0.0142752342459163,0,0,0
2008-04-15,1336.0,0.0035617247,-0.0109762872715595,-0.021225554895451477,-0.01539816042546956,1316.7177187192183,1303.2912497065518,1310.908213900317,0.009705130398378526,0.0069181185490408,0.0133780122005721,0,0,0
2008-04-16,1371.0,0.025860326,-0.0195819933614461,-0.02013636949162544,-0.014134450833208145,1310.0929406441082,1309.366857669629,1317.249201975927,0.008908641334769827,0.0123421106016449,0.0126915219913483,0,0,0
2008-04-17,1372.25,0.0009113279,-0.0131053640972488,-0.02402152088704314,-0.015084080429255912,1353.1497681977228,1338.4589029452766,1350.4749159114322,0.009507172510257436,0.0082600300274602,0.0151402496229687,0,0,0
2008-04-18,1388.0,0.011412133,-0.0207715448460143,-0.022551532892935842,-0.015267590844067721,1344.040241979645,1341.6499943515398,1351.4581728972923,0.009622835190473657,0.013091859399834,0.0142137477050341,0,0,0
2008-04-21,1388.25,0.00018009906,-0.0107013994455572,-0.022044045680816388,-0.016770510139831253,1373.225651667295,1357.7376424552078,1364.9166328611473,0.010570093001835205,0.0067448626455716,0.0138938893951426,0,0,0
2008-04-22,1380.75,-0.0054171314,-0.0155768962955499,-0.020930713476946618,-0.015157186143154706,1366.7929248943308,1359.4949189764613,1367.3667021627803,0.009553249474430429,0.0098177837854109,0.0131921799755292,0,0,0
2008-04-23,1378.5,-0.0016308783,-0.0137339088738414,-0.01994326515536232,-0.014835694569024773,1361.916529933506,1353.4861058139468,1360.4168161161194,0.009350620227643904,0.0086561883249124,0.0125698124681233,0,0,0
2008-04-24,1386.0,0.005425949,-0.0249447470876049,-0.018827802156940687,-0.014314352591840496,1344.5390013743881,1352.7886780888307,1358.9082212958895,0.009022029556361324,0.0157221393043381,0.0118667600543855,0,0,0
2008-04-25,1397.0,0.00790518,-0.0145448122280945,-0.01818742848588479,-0.016784150935351877,1365.9867872800323,1361.0200730096335,1362.931302603073,0.010578690502809822,0.0091672833243184,0.0114631462583501,0,0,0
2008-04-28,1397.5,0.00035784577,-0.0089777337743311,-0.01780461173494281,-0.015808551040775082,1384.5142367089468,1372.3470765248358,1375.0891002955677,0.009963790804930917,0.0056584731262892,0.011221865067356,0,0,0
2008-04-29,1391.25,-0.0044823023,-0.0086831253294772,-0.016959055544282307,-0.013297829009816397,1385.417863616924,1373.9995557895504,1379.0392996138235,0.008381336535638372,0.0054727877395439,0.010688929128077,0,0,0
2008-04-30,1386.0,-0.0037807229,-0.0188428021659397,-0.016491141168572164,-0.011807145553310397,1365.2803899725461,1368.4948447887139,1374.9199043696178,0.007441790711439364,0.0118762142384756,0.0103940127285809,0,0,0
2008-05-01,1411.5,0.018231068,-0.0132542143679722,-0.015975763719921293,-0.013441848301123653,1367.7508650172674,1364.0335242945453,1367.4942526182426,0.008472108807351235,0.0083538471619287,0.0100691813717607,0,0,0
2008-05-02,1415.75,0.0030064574,-0.0163337533546961,-0.01831806645094519,-0.013396973824629121,1388.6321742620582,1385.8794253139367,1392.7162749224967,0.008443825386870824,0.0102948145636978,0.0115454845670089,0,0,0
2008-05-05,1408.25,-0.0053116274,-0.0126151997105699,-0.017699413778093212,-0.014443311098910193,1398.0022123221956,1390.9125078673856,1395.448843189631,0.009103309338654116,0.0079510899230636,0.0111555610504697,0,0,0
2008-05-06,1420.75,0.008837102,-0.0183522939257749,-0.017291325583098618,-0.013887377855460304,1382.6410919497885,1384.1088088405306,1388.828270718978,0.008752916533838915,0.0115670574105987,0.0108983518100782,0,0,0
2008-05-07,1395.25,-0.01811129,-0.0195693091050855,-0.01732398712911832,-0.015018682895151163,1393.217181856821,1396.3489175743412,1399.5716398965844,0.009452230197804654,0.0123162341041891,0.0109031075115847,0,1,1
2008-05-08,1392.0,-0.0023320487,-0.0110188672819235,-0.019059273100653213,-0.016234924045373043,1379.9603176153607,1368.9093632620588,1372.7811061318866,0.010176192565456292,0.0069067225076434,0.0119465192869285,0,0,0
2008-05-09,1389.0,-0.0021574982,-0.0092130655210362,-0.01840473271569269,-0.014259864861112869,1379.2343086665312,1366.614931323572,1372.2911250320415,0.0089365465645585,0.0057737566122098,0.0115341030594595,0,0,0
2008-05-12,1404.75,0.011275287,-0.008892808128797,-0.017835530348429718,-0.012406912709454612,1376.7026495396885,1364.4460654613495,1371.8732629073934,0.007802490033899392,0.0055925312302264,0.0112164525576847,0,0,0
2008-05-13,1404.75,0.0,-0.0113881808530044,-0.018183277075596155,-0.01130954907148627,1388.843199619756,1379.4378676975548,1388.952411128483,0.007108036169800801,0.0071574561372631,0.0114281648474126,0,0,0
2008-05-14,1407.75,0.002133334,-0.0179606825221721,-0.017653644387736533,-0.01143506872406067,1379.744957230652,1380.1686565909188,1388.7780812455378,0.007186200634925766,0.0112871265804426,0.0110941729839343,0,0,0
2008-05-15,1424.5,0.01182819,-0.0111706314185998,-0.017223397459015143,-0.013334204079090526,1392.1120491253528,1383.7113699101308,1389.103369477688,0.008375564994688228,0.0070165679873538,0.0108184698532954,0,0,0
2008-05-16,1425.75,0.0008771161,-0.0116550857706958,-0.017795938638954085,-0.012693465247280971,1407.9937082946428,1399.3739196073361,1406.532435334014,0.007955600655826879,0.0073047986656699,0.0111535643221968,0,0,0
2008-05-19,1429.75,0.0028016127,-0.0148494560663944,-0.01735500750400233,-0.012348409145408315,1404.734806275188,1401.2195765952451,1408.2525110759325,0.007738389237982592,0.0093057226773872,0.0108758789664835,0,0,0
2008-05-20,1417.5,-0.008604847,-0.0140343249472138,-0.01698532979793435,-0.012970025105957506,1409.8245709253104,1405.670304422906,1411.3258457539143,0.008144740188236693,0.0088130847456757,0.0106662166869782,0,0,0
2008-05-21,1393.0,-0.017435063,-0.0204065233885453,-0.01717498140282435,-0.013151732782650668,1388.866897756308,1393.3623391406684,1398.9794742377076,0.008236631569245258,0.0127801421712552,0.0107563008131003,0,1,1
2008-05-22,1393.25,0.00017945268,-0.0077163179574331,-0.018700670733238705,-0.015211393749886667,1382.2925333222202,1367.192030949643,1371.9708751420255,0.009490267355340002,0.0048141492896005,0.0116671994625042,0,0,0
2008-05-23,1373.5,-0.014276921,-0.010933489475916,-0.01820133606608879,-0.012637816620850976,1378.0998885015588,1368.1203786271642,1375.7531558213102,0.00788301417165315,0.0068199163724265,0.0113533369296775,1,0,1
2008-05-26,1374.75,0.00090966985,-0.0041108792629232,-0.01888464289543392,-0.011951834150170766,1367.8652970593332,1347.8053239927344,1357.1818658595325,0.0074467577709169145,0.0025613409382891,0.0117663414222121,0,0,0
2008-05-27,1384.75,0.0072477213,-0.0119927018870942,-0.01839593326193307,-0.009939750537993255,1358.3615006963632,1349.6913857167256,1361.1530152131027,0.006193779628091209,0.0074730399269207,0.0114631002299269,0,0,0
2008-05-28,1391.5,0.004862684,-0.0118175540107697,-0.018246904851541734,-0.010619750670214945,1368.4819556550726,1359.7117286868577,1370.1221100081282,0.006610397461860661,0.0073559852264038,0.0113580155752379,0,0,0
2008-05-29,1397.75,0.004481499,-0.0154957801378037,-0.017951765583478243,-0.011227963825005568,1370.103825282175,1366.7429989877883,1375.963672218721,0.006992800283805693,0.009650805563169,0.0111803986389222,0,0,0
2008-05-30,1400.5,0.0019655148,-0.0078744862730116,-0.01765308688987591,-0.01259566757160117,1386.7866588025352,1373.2919133201758,1380.2548186971835,0.007839132630437284,0.004900823393424,0.0109867054429398,0,0,0
2008-06-02,1385.5,-0.01076823,-0.0158046056046915,-0.017249991989979875,-0.011302410679510032,1378.5396443437444,1376.5485611991023,1384.760090858794,0.007035467855896375,0.0098379715496011,0.0107376884101361,0,0,0
2008-06-03,1378.5,-0.005065134,-0.0192848148978323,-0.017603761054943295,-0.01247100906904492,1359.036877310599,1361.3234128320244,1368.3287111324441,0.007745731775665896,0.0119777800428955,0.01093367911286,0,0,0
2008-06-04,1377.5,-0.00072568946,-0.0144331175406647,-0.01732756386961202,-0.014514733177978485,1358.7468402139282,1354.819706590786,1358.6359497498756,0.009012975423538273,0.0089622959019607,0.0107596126908861,0,0,0
2008-06-05,1405.25,0.01994496,-0.0138667864868501,-0.016868271130863883,-0.014244700006041007,1358.5303297664454,1354.4588351641314,1358.0170197880952,0.00886275378273095,0.0086276239119485,0.0104950847479971,0,0,0
2008-06-06,1359.5,-0.03309824,-0.0282402361732528,-0.018845783012003604,-0.013665884187898731,1366.1205214562754,1379.0149499260526,1386.1766402460858,0.008509588966336915,0.017584870385442,0.0117350524105081,1,1,1
2008-06-09,1363.5,0.0029379383,-0.0170043079410221,-0.02105076926307318,-0.018271837730001253,1336.5780813492115,1331.1805975586249,1334.8850020567033,0.01149006671155317,0.0106929929826015,0.0132375706667469,0,0,0
2008-06-10,1356.25,-0.005331385,-0.016056554221961,-0.0209326783743948,-0.017723364775399812,1341.781715328625,1335.254946698313,1339.547082277446,0.01112932250687235,0.0100826548767603,0.0131445993192349,0,0,0
2008-06-11,1335.75,-0.015230606,-0.0184305587269162,-0.02083967336820504,-0.01647908462973148,1331.4824952944891,1328.2786620707618,1334.0833858547865,0.010330623769662211,0.0115539893356042,0.0130642465820678,0,0,0
2008-06-12,1341.0,0.0039226725,-0.0183989839253752,-0.020939104697660093,-0.016601033098853912,1311.3982677505726,1308.0713849008507,1313.7582182517137,0.010420107074933951,0.0115486416677065,0.0131430201785414,0,0,0
2008-06-13,1357.5,0.012229169,-0.0163526329209507,-0.020854806961007513,-0.01682267275466916,1319.249443375496,1313.3233030467677,1318.6294892994683,0.01055771690762172,0.0102627252869633,0.0130882381930841,0,0,0
2008-06-16,1357.75,0.0001841451,-0.0130977184442367,-0.020850414319364848,-0.01623486391555767,1339.8357802248806,1329.4886019869718,1335.6391067041593,0.01016302469450284,0.0081991716519941,0.0130523592141266,0,0,0
2008-06-17,1353.0,-0.0035045687,-0.0163912886033995,-0.020748363738045096,-0.014791585302248021,1335.6761316930315,1329.8691503454024,1337.8145271532867,0.009250762527317368,0.0102512283361356,0.0129761740779663,0,0,0
2008-06-18,1338.75,-0.010588006,-0.0143238728008271,-0.020663775699075505,-0.015070672636769866,1333.7579395092755,1325.3287919053507,1332.7622611313623,0.009415676310611095,0.0089490995563063,0.0129100689814511,0,0,0
2008-06-19,1341.5,0.002052048,-0.0146048367772425,-0.020684813289602453,-0.014743460057609773,1319.339860738369,1311.3426414614385,1319.1569821948588,0.009226031588453264,0.0091392851423296,0.0129439588851892,0,0,0
2008-06-20,1319.0,-0.016914517,-0.0164005643164578,-0.02060933518970634,-0.014601566991264458,1319.678078020418,1314.1355272084036,1322.0543121314292,0.009137683170903136,0.0102634984750245,0.0128973537866961,1,0,1
2008-06-23,1318.25,-0.0005687743,-0.0096589955619157,-0.02068849999507478,-0.01506002965944847,1306.3211160697883,1291.9922071700646,1299.284650380279,0.009413260615204323,0.0060373481700529,0.0129313319160106,0,0,0
2008-06-24,1315.5,-0.0020882778,-0.0194779195635501,-0.02060826673409606,-0.013359487799198808,1292.8216818342935,1291.3611701023697,1300.7559710297933,0.00834863001299337,0.0121721690459328,0.0128785471986707,0,0,0
2008-06-25,1322.5,0.0053070635,-0.0189776667884011,-0.020552430526036867,-0.014943813758782233,1290.7702777542522,1288.7392191656656,1295.987571172509,0.00935711453651094,0.011882923906921,0.0128689670214066,0,0,0
2008-06-26,1284.5,-0.029154347,-0.018117036300586,-0.018785403812674368,-0.016189083155547748,1298.755954806339,1297.8881985423661,1301.2623107260897,0.010185474586810364,0.0113984597555608,0.0118189678376812,1,1,1
2008-06-27,1280.0,-0.0035094596,-0.0162523349149063,-0.020756694947150156,-0.01634231705197559,1263.792603373922,1258.1128279621173,1263.678889730833,0.010250296981271329,0.0101938580060002,0.0130191016904927,0,0,0
2008-06-30,1281.0,0.000780945,-0.0146872320858597,-0.02091405687989815,-0.015994448724891544,1261.3377269738392,1253.5080004083256,1259.6899625368887,0.01004059244676915,0.0092199808872267,0.0131289002297908,0,0,0
2008-07-01,1286.25,0.004089985,-0.0227749984344179,-0.020270684622873892,-0.015277039897651138,1252.154946843723,1255.29466555084,1261.578838540959,0.009546456307670375,0.0142318491617515,0.0126669306603424,0,0,0
2008-07-02,1262.75,-0.018439125,-0.0236257090669201,-0.020041576055623445,-0.017255464617058416,1256.2175970495523,1260.7281263484642,1264.2455530983448,0.010770671552843322,0.0147469081945942,0.012509731721918,0,0,1
2008-07-03,1265.0,0.0017802399,-0.0196429879084275,-0.020656598098161078,-0.0190990077534959,1238.1878438511415,1236.933439881531,1238.8615766983096,0.011957080063007386,0.0122976430047661,0.0129322214262083,0,0,0
2008-07-04,1265.0,0.0,-0.0114623805968267,-0.020022539444634342,-0.018737951339020446,1250.5828736900232,1239.9233742338417,1241.5171885305276,0.011663492388818857,0.0071347921888574,0.0124630879967653,0,0,0
2008-07-07,1251.75,-0.01052955,-0.0304826794397413,-0.0198245405374856,-0.015282051486494133,1227.0211990755854,1240.1689020132021,1245.8151700184217,0.009506461359661838,0.0189622718186076,0.0123321943234659,0,0,0
2008-07-08,1273.75,0.017422734,-0.0310479575723627,-0.019842191344756194,-0.01939431915291429,1213.4828515107688,1227.157330080267,1227.7070628192391,0.012075053492754442,0.019330699137779,0.0123539021923024,0,0,0
2008-07-09,1248.0,-0.020423036,-0.022321872364169,-0.01999980391981056,-0.02345123443342515,1245.6325001869382,1248.5283049361221,1244.2265241664268,0.014578715584660586,0.0138766353403762,0.0124330961734074,0,1,0
2008-07-10,1254.5,0.0051948167,-0.0196586393832449,-0.021199078596876246,-0.02178159713013591,1223.7055978951526,1221.8220049588983,1221.1104782555312,0.013635358074154832,0.0123063788958966,0.0132706993790935,0,0,0
2008-07-11,1239.75,-0.01182734,-0.0309076209299503,-0.02014077412416228,-0.01948008624014866,1216.319463695004,1229.4861436451304,1230.2987186434696,0.01210720173957325,0.0192096070456775,0.0125178303887503,0,0,0
2008-07-14,1228.25,-0.009319355,-0.031378204123734,-0.020116843355258658,-0.022683749033403318,1201.4528613566094,1215.0593253290974,1211.9443822405426,0.014071573190813357,0.0194650670518884,0.0124792261290143,0,0,0
2008-07-15,1211.5,-0.01373113,-0.0294705382621659,-0.02003701061626036,-0.025422495610404567,1192.5809854535646,1203.8844631585923,1197.4183885496548,0.015748866874354332,0.018256570516093,0.0124126371223115,0,0,0
2008-07-16,1241.0,0.024058245,-0.0336753242043703,-0.020066082001710905,-0.025657241253286382,1171.38163539925,1187.4322222202786,1180.811625218713,0.015867158136673915,0.0208257656846121,0.0124094283232353,0,0,0
2008-07-17,1253.5,0.010022133,-0.0201306696812104,-0.02037504101229868,-0.027250691767810156,1216.267613888237,1215.9704292656515,1207.6385177457973,0.016829366604580318,0.0124322135726841,0.0125831313825355,0,0,0
2008-07-18,1260.5,0.005568829,-0.018369171974246,-0.02033432083680605,-0.021667195531014358,1230.6844359841755,1228.268332643541,1226.6322954237767,0.013378345132755985,0.011341990343081,0.0125553656358335,0,0,0
2008-07-21,1261.5,0.00079302146,-0.0125836244529958,-0.020198025449819045,-0.018858548043639543,1244.7377226589797,1235.2957834778904,1236.9515429484445,0.011637837053920276,0.0077655061562963,0.0124644446885299,0,0,0
2008-07-22,1274.25,0.010056281,-0.0246870682305859,-0.02008399432834501,-0.016273877180481382,1230.7385309553745,1236.4167700187081,1241.1366486915272,0.010061387315484623,0.0152628751217092,0.0124170069331627,0,0,0
2008-07-23,1282.5,0.0064535276,-0.0154341089209455,-0.020022972689709095,-0.018771367327572556,1254.7340795370844,1248.9894664840933,1250.553687086846,0.011591599736441801,0.009530792817498,0.0123644847443741,0,0,0
2008-07-24,1253.75,-0.022672238,-0.0215518062955774,-0.020004050874627886,-0.017572086832485567,1255.1555282115114,1257.099706152295,1260.1606479766226,0.010868281005189743,0.013329725104518,0.0123724431947173,1,1,1
2008-07-25,1253.75,0.0,-0.0122701129838398,-0.02036354198343199,-0.018408291360740327,1238.4603405989435,1228.4774023575612,1230.8817333323204,0.01139638367189598,0.007596300630029,0.0126068592035051,0,0,0
2008-07-28,1235.0,-0.0150680905,-0.0185522622740717,-0.020253576828411116,-0.016066181281948838,1230.7045349209845,1228.6124994934037,1233.76797247128,0.009965772621604483,0.0115078763394447,0.012563193325406,0,0,0
2008-07-29,1261.75,0.021428676,-0.0192952689032078,-0.02036068958549818,-0.016246286845965036,1211.3987711710279,1210.108809163844,1215.097940773654,0.010076562385236514,0.0119676565289364,0.0126284707859669,0,0,0
2008-07-30,1284.75,0.0180645,-0.0133246605566565,-0.020587326119698567,-0.016828402432268845,1245.0491233964037,1236.0395045299342,1240.694425968362,0.010420831752925437,0.0082511721706573,0.0127485102997422,0,0,0
2008-07-31,1267.0,-0.013912246,-0.0176244115207811,-0.020727574785899358,-0.015460431209174803,1262.3054046660884,1258.3943363851854,1265.0399664107888,0.009561420641516017,0.0108997226422356,0.0128188572960924,0,0,0
2008-08-01,1260.25,-0.0053417874,-0.019139659741553,-0.020902643282409494,-0.015664628014989555,1242.980645483296,1240.7912215899305,1247.3075563839254,0.00969954448462052,0.0118512856421517,0.012942925817956,0,0,0
2008-08-04,1248.75,-0.009167063,-0.0117801038751647,-0.020872871710181807,-0.016424903618879397,1245.4912247178552,1234.2175940976183,1239.719581835704,0.010194654751132437,0.007311707558621,0.0129554319274904,0,0,0
2008-08-05,1283.0,0.027058035,-0.0202816442665773,-0.02084969742045277,-0.014794396949288108,1223.6784027477631,1222.9834857653314,1230.411484929684,0.009183564261167867,0.0125897516527851,0.0129423684346828,0,0,0
2008-08-06,1287.75,0.0036954237,-0.0140966675604221,-0.02112412908719242,-0.015968450674140034,1265.0408549651163,1256.181993140415,1262.6751875534767,0.009926397769903417,0.0087628494642533,0.0131312994692612,0,0,0
2008-08-07,1268.0,-0.015455654,-0.0162696874091472,-0.021093898168171574,-0.015285108856337437,1266.9682249448717,1260.8708226051394,1268.2162689841205,0.00951855894879686,0.0101316896162147,0.013135890300867,0,0,1
2008-08-08,1292.25,0.018944029,-0.0258073847849818,-0.021131696709868232,-0.015296735303042996,1235.6948843386856,1241.4861366678736,1248.7513358277565,0.009500808258047215,0.0160289767474097,0.0131249050617831,0,0,0
2008-08-11,1305.0,0.009818155,-0.0198021592380974,-0.021234477370821764,-0.018273690190851847,1266.9123576943123,1265.099035089246,1268.8502746643903,0.01131720088225518,0.0122638072364904,0.0131508657269235,0,0,0
2008-08-12,1291.5,-0.010398707,-0.0173813445987169,-0.021228097293915928,-0.01854339207063346,1282.5133356494505,1277.589300862907,1281.0238598584585,0.01149873227534675,0.0107781482139239,0.0131635143434366,0,0,0
2008-08-13,1284.5,-0.005434796,-0.0169412659578419,-0.02123266947805115,-0.017394219947749492,1269.8046472754995,1264.3670788871827,1269.229614435654,0.010798313616648717,0.0105171202517478,0.013181219084924,0,0,0
2008-08-14,1293.75,0.0071754404,-0.0214420170349083,-0.021158454074801172,-0.01655638497642399,1257.2509108313811,1257.6074711725175,1263.4084055657638,0.010277706562897861,0.0133105602168139,0.0131345328472983,0,0,0
2008-08-15,1299.75,0.00462696,-0.0093452097053925,-0.021160355034095014,-0.01769110628579367,1281.7159528712632,1266.6614035930088,1271.0633984744766,0.011015493243006626,0.0058188613363821,0.013175645668065,0,0,0
2008-08-18,1282.0,-0.01375058,-0.0247387256069841,-0.021074474891437885,-0.014606415535800377,1267.9903082815,1272.6450655666015,1280.9032879348179,0.009083654682478258,0.0153848861924844,0.0131061075223539,0,0,0
2008-08-19,1268.5,-0.010586258,-0.0147135616633434,-0.021073691847435697,-0.017244405934571112,1263.275305229319,1255.2662062838447,1260.082194497466,0.01069419533465272,0.0091246809599165,0.0130689440908456,0,0,0
2008-08-20,1273.75,0.0041302056,-0.0138735263835797,-0.021081222210612507,-0.016352541433274564,1251.022946288688,1242.0383713571682,1247.9254824932996,0.010148460643573864,0.0086099727718683,0.0130831011678406,0,0,0
2008-08-21,1275.5,0.0013729531,-0.0165220250162564,-0.021004635156741912,-0.015236169546506417,1252.877969537334,1247.2743747947231,1254.4900257409186,0.009447519507444145,0.0102448422595398,0.0130243825250401,0,0,0
2008-08-22,1292.25,0.013046627,-0.0149371228963744,-0.02095833462430078,-0.015381898779438404,1256.5892871746012,1249.045830187967,1256.03051083908,0.009555186518745073,0.009278893157135,0.0130192507003858,0,0,0
2008-08-25,1266.5,-0.020127695,-0.0159595718558938,-0.02097580969490065,-0.015128457967516645,1271.7899444092727,1265.4263176433465,1272.8473860615225,0.009389849378953385,0.0099057006471642,0.0130191519888949,1,0,1
2008-08-26,1271.75,0.004136714,-0.0112045074774751,-0.021132302927479293,-0.01524248491163471,1252.3886940250663,1240.0167499279364,1247.3417732734617,0.009474584779712943,0.0069646161125102,0.0131356400769109,0,0,0
2008-08-27,1282.0,0.008027454,-0.0155109735231586,-0.021144473928530368,-0.013999413288529718,1252.1761168525068,1245.1418146662963,1254.070287693501,0.008740305138572255,0.0096840230940106,0.0132012071021121,0,0,0
2008-08-28,1298.0,0.01240326,-0.0175567488915319,-0.021089496308374506,-0.01432950790708588,1259.6886781580508,1255.2463676348896,1263.760564032248,0.008929013421730499,0.0109399741785216,0.0131413023263621,0,0,0
2008-08-29,1282.5,-0.01201332,-0.0092227673651179,-0.021111368730017364,-0.015270762113657457,1286.0838822159228,1270.8846713176354,1278.329127645484,0.00951292685483992,0.0057453263098837,0.0131513348868552,1,0,0
2008-09-02,1276.5,-0.0046893405,-0.027911071801431,-0.02111796354463006,-0.013511413872142239,1247.1989866503204,1255.7001864782148,1265.2881517578858,0.008409222943694887,0.0173712705122321,0.0131433812363457,0,0,0
2008-09-03,1275.25,-0.0009797199,-0.0140212219786814,-0.02108259540285467,-0.01725789987458111,1258.7268022947294,1249.8697705122804,1254.6592952328263,0.010750473186965323,0.0087342476214222,0.0131329929039543,0,0,0
2008-09-04,1236.5,-0.03085743,-0.0219503861820313,-0.021010561744498932,-0.016155773550515146,1247.5627545650334,1248.735795669134,1254.8128830174244,0.010056586331839819,0.0136635954302406,0.0130785769807517,1,1,1
2008-09-05,1241.0,0.0036326982,-0.0261868620178027,-0.021307215984601585,-0.017444983966208624,1204.5402344514596,1210.4323284034158,1215.1163384424976,0.010899830041115922,0.0163618577040307,0.0133129977838541,0,0,0
2008-09-08,1267.0,0.020734396,-0.0314641880652753,-0.021237386322894104,-0.020047813455438768,1202.5608422183452,1214.9222948599993,1216.3683934073,0.012513796350695867,0.0196398695879741,0.0132563248384403,0,0,0
2008-09-09,1226.5,-0.032487318,-0.0337050615783639,-0.021363797074469153,-0.023769968708617355,1225.0073448328549,1240.2191579277417,1237.238565116798,0.01483131797308374,0.0210303383945918,0.0133299825257666,0,1,1
2008-09-10,1233.25,0.0054883766,-0.0221662174859082,-0.02185810448004163,-0.026837542119053003,1199.6122351879983,1199.9819082672736,1194.0215251805942,0.0167133023984866,0.0138041961603329,0.0136123162252364,0,0,0
2008-09-11,1251.0,0.01429027,-0.0351030839487529,-0.021565579890387397,-0.022389015805286606,1190.7101301709665,1206.9389745677586,1205.9455467372177,0.013964245545663207,0.0218941327271147,0.0134506606071035,0,0,0
2008-09-12,1257.25,0.0049835644,-0.0216155159001745,-0.021702912788103764,-0.025662023886293912,1224.249147903088,1224.1421570129146,1219.3052235099444,0.015924568827128532,0.0134135083114028,0.013467742449882,0,0,0
2008-09-15,1195.0,-0.05078061,-0.0281635690415549,-0.0214996799935037,-0.022440928650122184,1222.3353215912769,1230.5080293185858,1229.3503602017518,0.013939645874017673,0.0174943820333204,0.0133549698493655,1,1,1
2008-09-16,1216.25,0.017626168,-0.0522057732701607,-0.031062540378237757,-0.023533315100439982,1134.2145808194275,1158.4508576054754,1167.2060134959488,0.01474449060009029,0.0327088440352349,0.0194618281643324,0,0,0
2008-09-17,1163.0,-0.04476948,-0.0513074641496211,-0.030146574978048256,-0.03636267726405866,1155.4211278415328,1180.1313897681007,1172.818325264867,0.02273944742039483,0.0320851892953791,0.0188521997882673,0,1,1
2008-09-18,1203.25,0.034023356,-0.0731449375467808,-0.03670642494761667,-0.044600045687111144,1080.9690809588076,1121.0844195217983,1112.2698395419134,0.02790891659184834,0.0457711630035168,0.0229694058933223,0,0,0
2008-09-19,1246.0,0.03491219,-0.0728770310680457,-0.038748551954526436,-0.05421609133125095,1118.679753125344,1157.5175597187533,1139.7513651459733,0.033801805950122776,0.0454362386128567,0.0241583449093126,0,0,0
2008-09-22,1213.75,-0.02622368,-0.0336633126628113,-0.04060583722544184,-0.055504812035851905,1204.7536518005384,1196.418586656453,1178.7253094112662,0.03449752592442478,0.0209225283122702,0.0252374680858813,0,0,0
2008-09-23,1187.0,-0.022285625,-0.0278002598596934,-0.03980596825658721,-0.0316723828387802,1180.4721443301864,1166.384475429603,1175.9100492107102,0.019641185341268966,0.0172399424198393,0.0246851146058706,0,0,0
2008-09-24,1193.0,0.0050420277,-0.0283492922781477,-0.03832305723963691,-0.025382210946788452,1153.8218999188093,1142.3711499487483,1157.2504672415173,0.015718426038260076,0.0175558486549992,0.023732295899836,0,0,0
2008-09-25,1213.5,0.017037602,-0.0321425238352095,-0.03480934940635922,-0.029874175270450345,1155.2636880749617,1152.186905774536,1157.887203202191,0.01850149496827919,0.019906314990163,0.0215579174005803,0,0,0
2008-09-26,1214.5,0.00082372327,-0.0346337157868486,-0.03308119467314495,-0.03349987131451253,1172.19144922778,1174.0127146126713,1173.5212857944564,0.020723454498593464,0.0214248653819469,0.0204644557028803,0,0,0
2008-09-29,1118.75,-0.08212048,-0.0596500209295497,-0.030153433982572433,-0.033715166118463105,1144.173392714421,1178.4252761394353,1174.2355068109543,0.02089134940284806,0.0369616873530394,0.0186843488420679,1,1,1
2008-09-30,1169.0,0.043936692,-0.044720851655365,-0.052109352136307845,-0.040291679660298924,1069.8207798221529,1061.9455374177783,1074.5697092088708,0.02536875562971589,0.0281574847899829,0.0328094889941106,0,0,0
2008-10-01,1168.5,-0.0004278075,-0.0284454180801359,-0.05440059254937939,-0.04616944774451269,1136.2157970039457,1107.104545825334,1116.2548909012203,0.028969046289463743,0.0178480937793877,0.0341336827864598,0,0,0
2008-10-02,1124.5,-0.03838238,-0.043802287882399,-0.04938720117282634,-0.037614748846188484,1118.4218029921367,1112.1929242646347,1125.3635355302538,0.023596391244633197,0.027477942934288,0.0309814569310757,0,0,1
2008-10-03,1108.25,-0.014556298,-0.0564529812735697,-0.05082957509371362,-0.03502551505511744,1062.7772310719222,1068.7704946049487,1085.7955860939687,0.021954586370119714,0.0353856853003009,0.0318608390139398,0,0,0
2008-10-06,1053.25,-0.050901573,-0.0903133154884461,-0.047276313428560424,-0.044864926774579324,1012.5469397335077,1057.0752339402984,1059.627326856419,0.02810572804217976,0.056576967047321,0.0296163462995517,0,1,1
2008-10-07,1005.75,-0.04614709,-0.0717293448538926,-0.05279263599751827,-0.05610281230049818,980.3469660604563,999.0884016379465,995.7867104909518,0.03506636098447133,0.0448335296696685,0.0329973766964679,0,0,0
2008-10-08,981.0,-0.02491635,-0.0898350980544081,-0.05575886186906836,-0.05904224907436947,919.3378776922953,951.2053301442794,948.0872764237304,0.03677847110316937,0.0559598865158867,0.0347331905905897,0,0,0
2008-10-09,912.5,-0.07238437,-0.100719870321954,-0.05355264470363331,-0.05755367999031372,887.0067473759702,929.8467753282779,926.1338582781682,0.03580439503975847,0.0626582700874629,0.0333153335584348,0,1,1
2008-10-10,891.0,-0.023843657,-0.1333941354541049,-0.06505071862351865,-0.05847439697407819,798.5470987934434,855.0306932523026,860.6721798947385,0.036331122770695196,0.0828800118147816,0.0404171016193752,0,0,0
2008-10-13,1016.75,0.13202211,-0.0628932668731513,-0.06195102296483572,-0.06347488492808039,836.6879326106736,837.4766682506582,836.2014412925071,0.03942851989514969,0.0390672378057669,0.0384819467457327,0,0,0
2008-10-14,1002.25,-0.014363794,-0.1023051451687407,-0.09616017750778272,-0.06206324963011189,917.8751687484141,923.5328472999239,955.5654840700068,0.03883820920285693,0.0640209569152887,0.0601755324332731,0,0,0
2008-10-15,903.25,-0.104003385,-0.0800795518221245,-0.08947771090175129,-0.060366487998375455,925.119760276008,916.4660656953639,943.5376451891949,0.03777625949806093,0.0501123393198293,0.055993537778908,1,1,1
2008-10-16,941.0,0.040943768,-0.0978205291571787,-0.1042016182864782,-0.06558332302809727,819.0776096743062,813.8676427532067,845.9126020495737,0.04093006032218429,0.0610490590334375,0.065031448929594,0,0,0
2008-10-17,933.5,-0.008002177,-0.0947991962321134,-0.10016422330120658,-0.06639417821380102,855.8917803744632,851.3121935927765,880.5519804740751,0.04154561798698624,0.0593198274018859,0.0626769495336582,0,0,0
2008-10-20,990.5,0.059268903,-0.0574133695831223,-0.09299741011439137,-0.06249960244954821,881.4141386426619,850.6013354837519,876.9424427651746,0.039127107752995306,0.0359429341963375,0.0582198853061919,0,0,0
2008-10-21,959.25,-0.03205814,-0.0346154025882532,-0.09337077249209047,-0.05751264370400542,956.8000768826961,902.2025881197887,935.1409087081504,0.03593539066019949,0.021628600856377,0.0583404790608539,0,0,0
2008-10-22,902.75,-0.060706068,-0.10305676440137,-0.08918991748690272,-0.04656345067244328,865.3161787631253,877.3989672201269,915.6079569430294,0.029079211494942463,0.0643596942394443,0.0556997481149526,0,0,1
2008-10-23,915.25,0.013751592,-0.0850011559261894,-0.09044804566352953,-0.04972574704357638,829.1860062650411,824.6817996117902,858.9579024120287,0.030988483589700386,0.0529716913697841,0.0563661271153659,0,0,0
2008-10-24,866.0,-0.055312343,-0.0832275663268944,-0.0850117287519619,-0.06500490658178165,842.1597184915454,840.6585083654822,857.646787731741,0.040560997250479874,0.051931358207588,0.0530446188985564,0,0,0
2008-10-27,834.75,-0.03675263,-0.0843426262734119,-0.08565706366421993,-0.06514259923362023,795.954706058639,794.9091607340764,811.3847121967408,0.040575648951414287,0.0525348517801245,0.0533535810105436,0,0,0
2008-10-28,938.75,0.117416926,-0.0937016601858276,-0.08234720877300304,-0.058768764797932235,760.0852656544348,768.7647992949127,787.1064612339427,0.03658746708958347,0.0583355192180069,0.0512666175860704,0,0,0
2008-10-29,927.0,-0.012595638,-0.0675447467694138,-0.10231488071340715,-0.06001823460920449,877.4363844062807,847.4521032895057,884.0653351693383,0.0373582146838069,0.0420430751921541,0.0636856665966207,0,0,0
2008-10-30,961.5,0.036541,-0.035023428379968,-0.09566726295626389,-0.06448888638234371,895.0952499934838,842.4264027375015,869.1056367749977,0.04024120330483181,0.0218546943657005,0.0596965771034595,0,0,0
2008-10-31,967.25,0.0059624286,-0.0512666555824124,-0.09197897007147643,-0.047037953547049906,913.4493328746812,877.0075444996495,917.3202165664472,0.029345332587700553,0.0319834717558485,0.0573824595732421,0,0,0
2008-11-03,969.5,0.002323481,-0.0263131859289815,-0.08610669453967841,-0.03985941798099331,942.1305071964846,887.4483292053046,929.4542403896598,0.024899275287209505,0.0164372510517252,0.0537889010932739,0,0,0
2008-11-04,1003.25,0.034219533,-0.035348927403024,-0.07953887061699079,-0.044184775306019414,935.8278581022025,895.3740859399757,927.5954492012131,0.027642539989398873,0.0221147246433395,0.0497604977396425,0,0,0
2008-11-05,958.0,-0.04615223,-0.0548757863054628,-0.07698987103711057,-0.042223525743299954,949.6791805179532,928.908404461822,961.7711027300834,0.026465896242595988,0.0343963901882757,0.0482575981690099,0,0,1
2008-11-06,904.5,-0.05746547,-0.0482483532573135,-0.07651377636422749,-0.04471830253247233,912.8754242800004,887.4338661923105,916.1036153199539,0.027985351599875915,0.0301945076971661,0.0478834126638035,1,0,1
2008-11-07,936.25,0.03450023,-0.0276457333755229,-0.07937039474760971,-0.04915866275477374,879.8369194218847,835.4845952367062,861.1111946986565,0.030734527534728568,0.0172844114553393,0.0496232290732074,0,0,0
2008-11-10,921.5,-0.015879758,-0.0658498305321756,-0.07616613878057363,-0.040248987491382594,876.5841479846619,867.5875214840819,899.3151663004105,0.025156637535234422,0.0411578134433625,0.0476057676276078,0,0,0
2008-11-11,893.0,-0.031416196,-0.0473024141815475,-0.0714057389067164,-0.04042185377253041,878.9256970893654,857.9939414390316,884.9940513415274,0.025335996549523586,0.0296486600845174,0.0447563727467192,0,0,0
2008-11-12,853.5,-0.04524104,-0.0661394619604492,-0.06826956850241396,-0.0492773590103242,835.8482846431499,834.0697336679681,850.0619437815088,0.030857560972318183,0.0414166367904028,0.0427505129115326,0,0,0
2008-11-13,907.75,0.06162347,-0.1113825968835276,-0.06921194862409098,-0.05312201083901922,763.5380390461141,796.4255022674844,809.3435859392159,0.033241648349307165,0.0696988133422703,0.0433100935260986,0,0,0
2008-11-14,861.5,-0.052293953,-0.0522628201251582,-0.0746110640068872,-0.05743368863104749,861.5268225319692,842.4867594254715,857.0834784926991,0.03587241376186441,0.0326427494485892,0.0466012025879382,1,0,0
2008-11-17,851.0,-0.012262927,-0.0437263324448598,-0.0759738674913658,-0.05180448332748318,824.6414811035263,798.4730277815611,818.0067371066264,0.03232892628267248,0.0272877034461523,0.0474119883796787,0,0,0
2008-11-18,866.5,0.018049981,-0.0562910046630535,-0.07059214147397318,-0.04246815695909796,804.4196807006641,792.9974350175387,815.6162574466675,0.026520612451512087,0.0351527362162884,0.0440835430639635,0,0,0
2008-11-19,812.5,-0.064346194,-0.0555659059232057,-0.066001954815135,-0.04629019766452673,819.6653959256088,811.155808247487,827.3037437850218,0.02895038468622472,0.0347515118335329,0.0412783284225476,1,0,1
2008-11-20,748.25,-0.08237877,-0.0754267839317286,-0.07297862480131623,-0.054255656749767775,753.4699451463449,755.3168192704871,769.591810039361,0.033903051949402775,0.0471323789482047,0.0456025833259421,1,1,1
2008-11-21,792.0,0.056824245,-0.0753344910698716,-0.08339430461422269,-0.0583989571826345,693.9519041050143,688.3812604796458,705.8044312444055,0.03645125386915302,0.0470220153161894,0.0520527611345504,0,0,0
2008-11-24,848.0,0.068319246,-0.0990860093248456,-0.08472945270549714,-0.06079580562941289,717.286528771413,727.6585686746429,745.2841731988732,0.0379046990062425,0.0617777052266078,0.052826743037874,0,0,0
2008-11-25,853.25,0.006171952,-0.0533678356485223,-0.08876952500776698,-0.06144290420099814,803.930481901014,775.9678669716211,797.464828578784,0.0382947930548271,0.0332619404717361,0.0553263331861275,0,0,0
2008-11-26,886.25,0.03794649,-0.0668244401057762,-0.0824702386316718,-0.05509949545188996,798.0954067873608,785.7057426813624,807.5081051104542,0.03437560700290949,0.0416905939414883,0.0514517327134848,0,0,0
2008-11-28,895.25,0.010103931,-0.0263946585366865,-0.07995075506049035,-0.05511238173386189,863.1637509928318,818.1521508463146,838.7281993478715,0.03437606614025119,0.0164635332217731,0.0498688744245249,0,0,0
2008-12-01,815.75,-0.09299507,-0.0591725737746844,-0.07450383971548968,-0.046278476975899,843.8126025961243,830.9745504393262,854.76325161954,0.028898771041360464,0.0369505388505581,0.0465242062041375,1,1,1
2008-12-02,849.0,0.03995125,-0.0329931688523687,-0.08872746412079184,-0.042796752524011675,789.2749716201902,746.4886938753573,781.5750534619339,0.026673667103569214,0.0205634481767318,0.0553006174843295,0,0,0
2008-12-03,868.5,0.0227084,-0.0593533219583942,-0.08580112351833409,-0.04628506812873819,800.075312892818,779.1924499506631,810.5995168731417,0.028858947484529066,0.0370070623352097,0.0534973851792124,0,0,0
2008-12-04,847.5,-0.024476746,-0.0520647115427723,-0.08080436941858532,-0.04783326748816438,824.4387684221833,801.0819218135339,827.9347262058075,0.029857278025021302,0.0324985235058368,0.0504376692218275,0,0,0
2008-12-05,872.5,0.029071815,-0.0782974144283589,-0.07648476213256993,-0.0506439408877803,783.6742408057777,785.0960579582816,805.6479805177406,0.03162407334022369,0.048891992463994,0.0477601009062383,0,0,0
2008-12-08,904.75,0.03629601,-0.054570673744756,-0.07312770298306807,-0.0548417281841177,826.1629088886037,810.9731538935862,825.9390041110764,0.0342530280716825,0.0340837329814687,0.0456740760372701,0,0,0
2008-12-09,889.5,-0.016999155,-0.0353144015929953,-0.07122824790763561,-0.05468928060066015,873.356872397626,842.5478151777198,856.5985580538153,0.034190492437640926,0.0220777594319013,0.0445302780487303,0,0,0
2008-12-10,895.75,0.007001849,-0.0300008107360604,-0.06688618017675899,-0.0416035179662264,863.2106022551515,831.9508186954548,853.2529022092524,0.02603378083350783,0.0187732809558121,0.0418546373151867,0,0,0
2008-12-11,875.0,-0.02343747,-0.0388880679547906,-0.06207437789337089,-0.034433833046455975,861.5846312506528,841.8374794162282,865.4308913053405,0.02157334302418851,0.0243639919031029,0.0388905831511727,0,0,0
2008-12-12,886.0,0.012493065,-0.0751789904691856,-0.05921712798400569,-0.03727038308085004,811.6302634537093,824.6893404373265,842.9886577430519,0.023365038978075542,0.0471301848128154,0.037123592223738,0,0,0
2008-12-15,873.25,-0.014495067,-0.0458306078676174,-0.055072990033951844,-0.046358801158499316,846.3105247042084,838.5246349115218,845.8636271975791,0.029113583456548797,0.0287818751493666,0.0345861422531885,0,0,0
2008-12-16,912.75,0.044240136,-0.0381110095658033,-0.051401850760214814,-0.04671221877373692,840.5957562837444,829.4974478781467,833.3966213406198,0.02937677671390649,0.0239675752457646,0.0323260322910064,0,0,0
2008-12-17,903.0,-0.010739467,-0.0376760706804208,-0.05571576993363497,-0.03597953008048847,879.000924858047,863.2861833054014,880.4934513223296,0.02255036232702788,0.0236136781942836,0.0349201558920343,0,0,0
2008-12-18,892.5,-0.01169604,-0.0452617887917692,-0.051993932261561064,-0.03249284723151792,863.0397623825531,857.2491683070787,874.130524628574,0.020385284797285894,0.0283962328195058,0.032619828891283,0,0,0
2008-12-19,881.25,-0.012685159,-0.0323567500093426,-0.04848337725831938,-0.03688073956453414,864.0838076064891,850.2608088787753,860.1835305444894,0.023177030643272638,0.0203340116097999,0.0304684974779087,0,0,0
2008-12-22,871.25,-0.011412392,-0.0477817968537853,-0.04533603228430881,-0.03592340352320623,840.1324494067527,842.1897303721124,850.1543749679827,0.02258815055438159,0.0300445479893061,0.0285066842877162,0,0,0
2008-12-23,858.5,-0.014742281,-0.0256906626817401,-0.041791414440062194,-0.03382042567296244,849.1520806257258,835.5895700660026,842.276661100415,0.021253554124642183,0.0161446190856432,0.0262627116919257,0,0,0
2008-12-24,865.0,0.0075428267,-0.012026194568996,-0.039291826605400614,-0.031010725913818555,848.237345989269,825.4220685308406,832.2858524115675,0.019491112016498963,0.0075588009815682,0.0246960163340599,0,0,0
2008-12-26,869.0,0.0046136184,-0.0113251762888307,-0.03576583965806194,-0.02538127893465014,855.2589859753641,834.609263373926,843.321471885998,0.01594868757245511,0.0071163355794083,0.0224739739845902,0,0,0
2008-12-29,870.5,0.001724634,-0.0263341732385918,-0.032215118192593116,-0.021936565540468803,846.4142965977695,841.4511888970867,850.144691018074,0.01378702366100682,0.016550898492461,0.0202470435011369,0,0,0
2008-12-30,888.25,0.020185476,-0.0161717952773694,-0.028833823486666788,-0.021086343827176026,856.5356706845467,845.7585658507646,852.3365114839861,0.01326870130878068,0.0101761937925728,0.0181438467744991,0,0,0
2008-12-31,900.0,0.013141529,-0.0234862729521351,-0.030031409527819228,-0.02086001115490501,867.6313929355161,861.9711706418018,869.9130148737164,0.013099274446790257,0.0147484645548669,0.0188585553721698,0,0,0
2009-01-02,925.5,0.027939368,-0.0396695284250311,-0.028986529228131996,-0.020425421757938822,864.9963046996945,874.2865952558919,881.8035877362856,0.012847117946960434,0.0249512160197422,0.0182318565697224,0,0,0
2009-01-05,927.5,0.0021586625,-0.0214094661892921,-0.032692510614068304,-0.022143052482809525,905.8961419151109,895.7323227402463,905.2318326159414,0.013898013849835654,0.0134375808325147,0.0205193464475125,0,0,0
2009-01-06,930.5,0.0032292816,-0.0229381082806715,-0.03010010139787021,-0.023272533247500747,906.4670547681351,899.998136785397,906.1639602374264,0.014635158870948529,0.0144248524780902,0.0189287415041849,0,0,0
2009-01-07,905.25,-0.027510928,-0.0302884270222765,-0.027703844025176946,-0.02220508101273936,902.7391570468154,905.0753791023254,910.0658823431557,0.013976764821721893,0.0190647456349009,0.0174379058727782,0,0,1
2009-01-08,906.75,0.0016556295,-0.0202418115077821,-0.031316194658460444,-0.02220140384326065,887.110309591404,877.3403083454682,885.3736371687245,0.013947371488683,0.0127163159003855,0.019673467659841,0,0,0
2009-01-09,885.5,-0.02371432,-0.032460382059701,-0.028853539150065652,-0.022010211844534673,877.7891318930876,880.9608959884912,887.0102750754053,0.013842341698313068,0.0204145104691368,0.0181461473856753,0,0,1
2009-01-12,868.0,-0.019960742,-0.0263259209107139,-0.03074276905526792,-0.022821592009780338,862.4925716702325,858.6914735713916,865.5203313503653,0.01432674805278626,0.0165266663247568,0.0192994382912052,0,0,0
2009-01-13,868.5,0.00057587103,-0.0221180425625681,-0.03123230271280636,-0.023886215830533887,849.0122985217597,841.3093362866639,847.5124240810569,0.01499966215228736,0.0138893145847045,0.0196127336474625,0,0,0
2009-01-14,839.75,-0.03366336,-0.0448260595545761,-0.028784601348986506,-0.023190025890065274,830.4282454692662,843.856945462315,848.5911975372613,0.014580004533987737,0.0281829849886677,0.0180974191303963,0,1,1
2009-01-15,839.25,-0.00059559266,-0.0483531404484863,-0.03452490283839313,-0.02687082281552052,800.1114960696774,811.2524805107614,817.4856962503617,0.01691497471206409,0.0304379271729117,0.0217331587669351,0,0,0
2009-01-16,848.5,0.010961449,-0.0412305206537155,-0.03180938014552009,-0.0349487524077355,805.3509258870578,812.9741032460771,810.425876904864,0.02202744938393349,0.0259867132359186,0.0200487703513747,0,0,0
2009-01-20,806.0,-0.05138634,-0.074315430432737,-0.030222127168014982,-0.03695339950835934,787.7294192005293,823.2401509015577,817.7173059842877,0.02329093547426577,0.0468394225694883,0.0190483588284228,0,1,1
2009-01-21,836.75,0.037441596,-0.0375624485446138,-0.0438803078005737,-0.04523225750402064,776.286221224543,771.397214427118,770.3550288418195,0.02850892218030449,0.0236748060245478,0.027656817266376,0,0,0
2009-01-22,825.5,-0.013536077,-0.0476851795409902,-0.04744619680080547,-0.041101198113953165,797.7858161030251,797.9764959271239,803.0557526440448,0.025905204011624067,0.0300549463525471,0.0299043206549074,0,0,0
2009-01-23,823.5,-0.0024257137,-0.0500757109756455,-0.04434372567232261,-0.04131518625076193,785.1804408976577,789.6940071350007,792.0892517822232,0.02604007614660975,0.0315616470657295,0.0279488996158249,0,0,0
2009-01-26,830.75,0.008765358,-0.051661175379168,-0.04072828027646125,-0.04694052011929017,782.0372504352757,790.6340902041733,785.7377061108133,0.02958560348364013,0.032560931288845,0.0256701618935569,0,0,0
2009-01-27,839.25,0.010179728,-0.020635043359877,-0.0379008621316225,-0.04758788464967419,813.7830961719907,799.8530674430107,792.1422803488998,0.029993623468434545,0.0130058254395472,0.0238881008532645,0,0,0
2009-01-28,871.5,0.03770723,-0.0348165900536619,-0.03551403827708276,-0.028908127343948663,810.5329917746786,809.9678840691313,815.3361714623933,0.018220172909868756,0.0219441502855607,0.0223837369483429,0,0,0
2009-01-29,842.75,-0.033545513,-0.0247092732620441,-0.04109462553190681,-0.026118928382819886,850.2297369225281,836.4119370803367,849.0320505807114,0.01646220060169603,0.015573725200359,0.0259010614540684,1,0,1
2009-01-30,822.5,-0.02432187,-0.0347828180225285,-0.043779805984250415,-0.02984573039875011,813.9407186112838,806.6505477298674,817.9691514398643,0.018811124014243202,0.0219228644983685,0.0275934731261839,0,0,0
2009-02-02,821.25,-0.0015209129,-0.0290320711975219,-0.04324502427011468,-0.03297167020209073,798.9644178672276,787.6890917382182,795.8230104476846,0.020781336855948757,0.0182982920635708,0.0272564116768324,0,0,0
2009-02-03,831.5,0.012403728,-0.0300119810036051,-0.03973481977517061,-0.03235360276790562,796.9688458828962,789.2575946621843,795.1048295502441,0.020391782202794483,0.0189159082062729,0.0250440050381759,0,0,0
2009-02-04,829.75,-0.002106848,-0.031383060927178,-0.037469610547456185,-0.029340923253537033,805.8102054801734,800.9204975004847,807.4574622486749,0.018492954893065423,0.0197800704878182,0.0236162922252729,0,0,0
2009-02-05,840.5,0.012872502,-0.0418127733915361,-0.03464893740191406,-0.027795590467424587,795.7711760218864,801.4924187664276,807.004189844084,0.0175189647680305,0.0263536946537778,0.0218384824134326,0,0,0
2009-02-06,867.75,0.0319067,-0.029869789877899,-0.03318284874502609,-0.029235060088198744,815.7656849817471,813.0674773739813,816.2836401268108,0.018426231609529956,0.0188262881881448,0.0209144381641503,0,0,0
2009-02-09,865.0,-0.0031741478,-0.0261076315676341,-0.03695043362655058,-0.028710005384000703,845.3882786454033,836.2714163632003,843.1911224752293,0.018095300886006943,0.0164550804612744,0.0232890661425466,0,0,0
2009-02-10,827.0,-0.04492481,-0.0441171360266436,-0.034368402271523574,-0.026503028392695246,827.6682177693997,835.7763928669762,842.3760068685292,0.01670429060328433,0.0278060850199593,0.0216616671350788,1,1,1
2009-02-11,831.5,0.005426604,-0.0219065181146673,-0.04234592127333619,-0.027953796637046908,809.080305204556,792.7110454852262,804.202335338646,0.017618678724995965,0.0138072087186222,0.0266897263336355,0,0,0
2009-02-12,835.5,0.0047990493,-0.0423683565661034,-0.03939471609312859,-0.028265036655826685,797.0065858587116,799.3801241754416,808.3266624070861,0.01781484663622614,0.0267038668176813,0.0248296449787933,0,0,0
2009-02-13,820.0,-0.018726008,-0.023359095296418,-0.03679865072877021,-0.029300384194548175,816.2096555132019,805.3135440561157,811.374695318414,0.018467403993292768,0.0147227369747951,0.023193400636116,0,0,0
2009-02-17,785.5,-0.042983882,-0.0304662019232525,-0.036109240899204115,-0.027726741828820088,795.3944366430385,790.9186352738313,797.5763752638903,0.017475570947148994,0.0192021939139837,0.0227588804006471,1,1,1
2009-02-18,779.5,-0.007667769,-0.0266583034493805,-0.04229530310117083,-0.02576695619583649,764.8365525844255,752.9698254809413,765.5185914665673,0.01624036007809516,0.016802157142605,0.0266578227849116,0,0,0
2009-02-19,779.5,0.0,-0.0310372579390384,-0.03968205749955345,-0.02630021052543501,755.6780536814002,749.1735240607425,759.2662284182668,0.016576458849718118,0.0195621182779885,0.0250107501070133,0,0,0
2009-02-20,769.5,-0.012911735,-0.0378499576446379,-0.03707913979585206,-0.027252596264077902,750.5473428678205,751.1261011860264,758.5434583230852,0.017176727162795096,0.0238560168464482,0.0233701868817539,0,0,0
2009-02-23,745.0,-0.032356735,-0.0605576480267656,-0.03550677783228094,-0.029063648486045965,724.2838005242171,742.6569103689461,747.4573933615255,0.01831819455154892,0.0381681872690937,0.0223791608456394,0,0,1
2009-02-24,768.75,0.0313816,-0.0347979321951086,-0.0382546772393995,-0.03558670662201331,719.5214125357473,717.038504321409,718.9540962176444,0.022429538248231868,0.0219323906373163,0.0241111029303316,0,0,0
2009-02-25,761.5,-0.009475647,-0.0404224635980507,-0.04037815686924832,-0.03552903750369817,738.2949127300413,738.3276248871949,741.9165582217233,0.022308939332818935,0.0253815569306691,0.0253537364155543,0,0,0
2009-02-26,752.0,-0.012553848,-0.0406481050774205,-0.03809191999991913,-0.032952128012093816,731.1671311913555,733.038520490983,736.8158851239126,0.02070580080274818,0.025541645335723,0.0239354407528119,0,0,0
2009-02-27,734.25,-0.023886753,-0.0321569150531531,-0.03632351594327586,-0.033407176578741385,728.202674796641,725.1748571179448,727.2927999188115,0.021036110374847018,0.0202488352398858,0.0228724953389657,0,0,0
2009-03-02,705.5,-0.039942797,-0.0420903907931538,-0.03681916390533374,-0.03188721973105984,703.9864996112315,707.7071698098844,711.206163391146,0.020014745623326884,0.0264190002143969,0.0231103936261658,0,1,1
2009-03-03,689.5,-0.022940073,-0.0365214623120338,-0.04201740848973869,-0.03261310223689772,680.1989364453761,676.470853755467,682.8626007005599,0.02039758228482634,0.0228420322378615,0.0262794241663694,0,0,0
2009-03-04,708.5,0.027183361,-0.0631191178112317,-0.04155878930597555,-0.03447613205888715,647.3244126488232,661.4324804184336,666.1338092666292,0.021526236149903087,0.0394103675336132,0.0259485116014889,0,0,0
2009-03-05,686.0,-0.032272432,-0.04728945391497,-0.04214444881568275,-0.04157317091094362,675.7752870781289,679.2611139852617,679.6492717136402,0.025939406139016147,0.0295060570150012,0.0262958525987057,0,0,0
2009-03-06,687.75,0.0025477721,-0.0557153249914921,-0.044020957564830425,-0.04473623971893576,648.8245250601735,656.4566569493984,655.9872731086937,0.027852686899533585,0.0346882418424841,0.0274073537645118,0,0,0
2009-03-09,676.0,-0.017232323,-0.0352772034698489,-0.04075679148161643,-0.044333922687686954,663.9110610709358,660.2830510577454,657.9253513656062,0.027621961454544406,0.021979231599529,0.025393253181018,0,0,0
2009-03-10,716.0,0.05748709,-0.0521156155398058,-0.03939529630097951,-0.03700669071357813,641.6721224282146,649.8865308591843,651.4407088781828,0.0231112110474007,0.0325469520884157,0.0246029296197717,0,0,0
2009-03-11,720.5,0.0062652486,-0.031506943782067,-0.05106717385670571,-0.03658657294429308,693.7927072587927,680.3538245758726,690.2774332931426,0.02281338173445551,0.0196460033816434,0.0318426908436243,0,0,0
2009-03-12,751.5,0.042125795,-0.0500450561759067,-0.047489158511402674,-0.03884120975233893,685.3299213116352,687.0837948628057,693.0514270107385,0.024231794402014936,0.0312215175537583,0.0296269743581741,0,0,0
2009-03-13,757.75,0.008282307,-0.0271732358904876,-0.05146160735188944,-0.04062663510953116,731.3542652232903,713.8048472788483,721.580953861156,0.02529136559773271,0.0169161989794848,0.0320364785878676,0,0,0
2009-03-16,757.25,-0.000660066,-0.0367035412611792,-0.047854990334104085,-0.036530825667384734,730.4421054107997,722.3418661163831,730.5682750481865,0.022757985103558094,0.0228655835177444,0.0298127167195897,0,0,0
2009-03-17,775.25,0.023492107,-0.0363465875628249,-0.0441268646531441,-0.0322251007270786,730.220732952739,724.5614572274873,733.2365386234422,0.020140480237184063,0.0227163829431579,0.0275790059743318,0,0,0
2009-03-18,791.5,0.020744322,-0.0525493285237077,-0.043423024446301334,-0.032536198515718165,735.5630272653423,742.3067248310654,750.4322392068499,0.020346409422195077,0.0328615573355402,0.0271544517810713,0,0,0
2009-03-19,780.0,-0.01463596,-0.0319625015320369,-0.0422673979565685,-0.03638742762114114,766.6017055662155,758.7425179961523,763.2170436413608,0.022756666702762777,0.0199893216394475,0.0264339952168485,0,0,0
2009-03-20,764.0,-0.020726131,-0.0283729233450215,-0.04019086288386627,-0.03500398858121315,758.1801303073495,749.2727405343894,753.1692205983072,0.021913495979107286,0.0177622598691609,0.0251606273427693,0,0,0
2009-03-23,817.25,0.067377254,-0.0474185140396456,-0.039462812908650856,-0.02905249324895128,728.6177711732105,734.4375559374868,742.1232213709807,0.018154033494823814,0.0296304101948831,0.0246591306709786,0,0,0
2009-03-24,803.5,-0.016967861,-0.0191907990639651,-0.05599590912978535,-0.029720266069942138,801.7158525648244,772.7450199995461,793.3184993580139,0.018581616299874367,0.0119984142758141,0.0350095956531364,0,0,0
2009-03-25,808.25,0.0058942316,-0.0509068975803495,-0.052825343534710564,-0.031401509583941375,763.6200033333595,762.1564439559564,778.6609203720734,0.0196304038452626,0.0318240419410515,0.0330233431637761,0,0,0
2009-03-26,827.25,0.02323553,-0.0212961760500973,-0.048897776900413956,-0.034128401336572904,791.219353184072,769.6790730380815,781.1311139047085,0.021354949475853993,0.0133255220217821,0.0305964977641926,0,0,0
2009-03-27,816.0,-0.013692592,-0.0251206998600364,-0.047554327740615715,-0.031918538114129445,806.7277469226717,788.831407306739,801.2623397077541,0.019951066862454986,0.0157019961486703,0.0297244055777145,0,0,0
2009-03-30,784.25,-0.03968651,-0.0441386925541839,-0.044685384364974275,-0.026563320096034824,780.7661353388664,780.3394135398186,794.6096874150779,0.016651677727038974,0.0276691046543853,0.0280118078939044,0,0,1
2009-03-31,794.75,0.013299753,-0.0300683597968684,-0.048483282613669625,-0.027833102221477824,761.0198847424967,747.134008374059,762.7228627931246,0.01738998874885007,0.0187865669591233,0.0302921223962029,0,0,0
2009-04-01,809.25,0.018080292,-0.03790960484305,-0.04554245577263886,-0.03076773554817473,765.1852756901936,759.3669639485036,770.6696900893155,0.0192269127534486,0.0236899028104873,0.0284597097614571,0,0,0
2009-04-02,835.5,0.031922456,-0.0357777521110615,-0.04361246487302345,-0.03097950581987024,780.8086712978263,774.7151612562579,784.5641863467705,0.019350529422716978,0.022347627135476,0.0272413733656577,0,0,0
2009-04-03,840.5,0.0059666047,-0.0289348755734433,-0.04524479859646285,-0.030671434179823685,811.671313969534,798.540390575964,810.2630223081185,0.019116736272343057,0.0180343828126056,0.028199949092463,0,0,0
2009-04-06,830.5,-0.011969023,-0.0381421987122948,-0.04186426772614288,-0.029124407351797305,809.0451734571732,806.0394487137685,816.3739691427548,0.018167554426955283,0.0237927749979295,0.0261145695866801,0,0,0
2009-04-07,814.0,-0.020067563,-0.0241003358930189,-0.03933615805273558,-0.029146197471815162,810.7239331630843,798.4655082163894,806.6434358876344,0.01819019038245784,0.015041059767715,0.0245497617514478,0,0,0
2009-04-08,822.5,0.010388116,-0.0307243936004328,-0.03856381521851317,-0.027736214587426873,789.3706421073765,783.2066255614681,791.7329506361925,0.0172957319769626,0.0191590988450414,0.02404760065315,0,0,0
2009-04-09,852.5,0.035824727,-0.0262723910092465,-0.03615519944925064,-0.02622535815603383,801.172349333445,793.2935131190658,801.2100316410955,0.0163773138251046,0.0164066850845006,0.0225783397987033,0,0,0
2009-04-13,854.0,0.0017579846,-0.0256041325582095,-0.04095786996878239,-0.02562445084608269,830.9495446610713,818.2888070872898,830.9326613605352,0.01596267820151472,0.0159500209823269,0.025514587690417,0,0,0
2009-04-14,840.25,-0.016231727,-0.0241726238033966,-0.03775738921191016,-0.025493193240831852,833.6040838047918,822.3563398407961,832.5039782715438,0.015897651337962653,0.0150741392621867,0.0235456501448115,0,0,0
2009-04-15,848.5,0.009770618,-0.0222187547613849,-0.036446506620392415,-0.024926184114298432,821.7865681129869,810.1771763524731,819.5646482394452,0.015562005499869677,0.0138716934052727,0.022754414950832,0,0,0
2009-04-16,861.5,0.015204972,-0.0320947878610384,-0.034287691994502,-0.023842159177345584,821.6999440225936,819.9000090825627,828.5091869811538,0.014890261270646214,0.0200443161679299,0.0214138614027331,0,0,0
2009-04-17,866.75,0.0060755285,-0.0231753416417979,-0.03329232833963618,-0.024212535713204177,841.7640205446656,833.2908389503051,840.8914005094255,0.015119140596078039,0.0144714809219011,0.0207888756014618,0,0,0
2009-04-20,833.0,-0.039716944,-0.0310107539279225,-0.031054088323061953,-0.02404818705167277,840.283916562384,840.2475041560748,846.1548642421033,0.015025514186011828,0.0193757858778178,0.01940286158076,1,1,1
2009-04-21,847.75,0.01755214,-0.0291128419685727,-0.038986080090527016,-0.023942582907077632,809.0986094693744,801.1494925697178,813.2926917898214,0.014936963307267237,0.0181625121208745,0.0243220896453173,0,0,0
2009-04-22,837.0,-0.01276171,-0.0287786198364924,-0.03785542698801203,-0.02563725155870197,823.7006385506522,816.257895973057,826.2922540851916,0.01598633872721752,0.0179451671625007,0.0236050918760986,0,0,0
2009-04-23,848.75,0.013940608,-0.0202980715110649,-0.03602805734669968,-0.026382107333975904,820.1817802963412,807.3812723513026,815.206913941861,0.016454516870289385,0.0126599045286661,0.0224706946230774,0,0,0
2009-04-24,866.5,0.02069743,-0.0294579022141891,-0.03462057595275879,-0.02448310253725311,824.1122749697541,819.8686159093152,828.2222832064367,0.015270996178011758,0.0183739585879951,0.0215941048423376,0,0,0
2009-04-27,856.75,-0.011315948,-0.0240320898800559,-0.03488710156961493,-0.02380738911160493,845.9244214564532,836.7915603082045,846.1145226811516,0.014831520188928138,0.0149715042068364,0.0217339561611445,0,0,0
2009-04-28,851.75,-0.0058531044,-0.0304712913414719,-0.033201623299764615,-0.023845047721168796,831.0374578017208,828.7715444276407,836.5623990427048,0.014858642820087456,0.0189876757473548,0.0206890364585152,0,0,0
2009-04-29,869.0,0.02005007,-0.0328153636820678,-0.031052935995437507,-0.0245260571959404,824.2531411462182,825.7071085828456,831.1140247531054,0.015295010702805303,0.0204644119812601,0.0193653217314669,0,0,0
2009-04-30,870.0,0.0011500864,-0.0290980285375152,-0.03182394001034877,-0.025793741715900896,844.0781598181673,841.7804106315886,846.8718491916935,0.016076962203470744,0.0181364886934864,0.019835520039983,0,0,0
2009-05-01,876.0,0.0068728793,-0.0170251861938348,-0.02960189927336726,-0.026081275554969037,855.3134632704121,844.6237926118947,847.6026357854083,0.016271215921431,0.0106214314586954,0.0184676126651192,0,0,0
2009-05-04,902.75,0.03007957,-0.0210049194389141,-0.02795290067686293,-0.02265016768785892,857.7915930991237,851.852330041213,856.3814732992645,0.01413774400640121,0.0131108156899707,0.0174475950664895,0,0,0
2009-05-05,903.5,0.00083044986,-0.0144887045790775,-0.032932204640033894,-0.020657447683017513,889.7646197697997,873.5046522239678,884.2927849309905,0.012872023834312577,0.0090281700591462,0.0205206436703924,0,0,0
2009-05-06,917.25,0.015103953,-0.0300058483551771,-0.030669479687129686,-0.019939948661054047,876.792411752642,876.2107378664404,885.6626849658498,0.012448234704084373,0.0187322369364949,0.019146532816467,0,0,0
2009-05-07,907.0,-0.011237613,-0.0376075910601867,-0.030317353857461673,-0.021494842665982436,883.3950291334742,889.8587207346272,897.7442431635608,0.013406113680063884,0.0234554701711827,0.018908623738618,0,0,0
2009-05-08,924.75,0.019380981,-0.0240440908188165,-0.02926083308121692,-0.02555976272816511,885.4520975817463,880.844949802617,884.1110592541554,0.015930328980352244,0.0149856741962295,0.0182370510313584,0,0,0
2009-05-11,909.0,-0.017178336,-0.0169699055878275,-0.030177804774489135,-0.025121521601257486,909.189483477481,897.259955860803,901.8082453072075,0.015632872638890037,0.0105602031978515,0.0187793472883132,1,0,0
2009-05-12,906.75,-0.002478316,-0.0266467682559109,-0.030339309239009713,-0.021563846254495787,885.097958029512,881.8357242181276,889.6082950486345,0.01339665047910638,0.0165544419353184,0.0188484520273278,0,0,0
2009-05-13,885.25,-0.023996687,-0.0309912260383539,-0.0284357128624006,-0.02130561991870999,879.0796888643238,881.3290615185023,887.6354755830968,0.013238216004552857,0.0192563533052312,0.0176684889034993,0,0,1
2009-05-14,889.5,0.004789416,-0.0225501780509366,-0.030848893431531493,-0.02333392925802654,865.5108519881579,858.3579447900732,864.8327725706539,0.014473079314090323,0.013986950584664,0.0191343033763974,0,0,0
2009-05-15,883.0,-0.0073343064,-0.0227885970679331,-0.02904223790284042,-0.023488400441039985,869.4587660215695,864.0384492002266,868.85052869242,0.014568910911744637,0.0141348510010187,0.0180137331082321,0,0,0
2009-05-18,907.0,0.02681725,-0.0326420570107936,-0.027663291442401875,-0.022375572166179858,854.6424066316264,858.9080809036518,863.4617744359917,0.013874903627655423,0.0202410643119889,0.0171537737643739,0,0,0
2009-05-19,906.5,-0.0005514199,-0.015324020051443,-0.031118512059922877,-0.02383511473820587,893.2070653272011,879.2101416004247,885.6371552263046,0.014751841633116288,0.0094842218912935,0.0192596245836556,0,0,0
2009-05-20,900.0,-0.0071962667,-0.0296881649472878,-0.029198599811338745,-0.021749958440165175,879.9832430018677,880.4141575896335,886.9965313446401,0.013476329188629926,0.0183948619918814,0.0180915261970349,0,0,0
2009-05-21,888.75,-0.012578783,-0.0270455687879984,-0.027812303178582135,-0.02240971202520168,875.9851988785739,875.3138083229571,880.0555683220139,0.013880272001110198,0.0167516588691538,0.0172265637622618,0,0,0
2009-05-22,885.0,-0.0042283363,-0.0174769248575376,-0.027379581257175326,-0.023448410644787726,873.3523269441861,864.7464995362667,868.15265626744,0.014518600992691987,0.0108212237677717,0.016952672044247,0,0,0
2009-05-26,908.75,0.026482385,-0.0347687763182738,-0.025918795131267425,-0.021182142186494606,854.7584109268993,862.3565790133304,866.4509519996201,0.013113786393448573,0.0215252216600709,0.0160462308266303,0,0,0
2009-05-27,892.5,-0.018043514,-0.0242565151283209,-0.02967125355576618,-0.023084746677741685,886.9720877996992,882.1823452560126,888.0120228712915,0.014266392090982386,0.014990545939806,0.0183368586611203,0,0,0
2009-05-28,905.0,0.01390843,-0.0249147271117709,-0.03011352486172724,-0.023950921293590516,870.5383266377587,866.0243178202844,871.377761002803,0.014783934620371808,0.0153788529547461,0.0185878604537795,0,0,0
2009-05-29,918.0,0.014262447,-0.0285336657237462,-0.02962066786393602,-0.023759429802130264,879.5419652869934,878.5864207219205,883.751145947891,0.014656308090539428,0.0176013565680012,0.0182718877379146,0,0,0
2009-06-01,939.0,0.022618089,-0.0319065256705321,-0.029249239599793572,-0.024418484956234332,889.1721532350808,891.5380800924182,895.8553011349126,0.015062776128687666,0.0196818457034022,0.018042673360599,0,0,0
2009-06-02,942.5,0.0037204402,-0.0172471261563565,-0.0309788866517219,-0.02602057566269047,922.9438081313157,910.3567835953127,914.8818246491275,0.016051041112876977,0.01063905482351,0.0191096226971994,0,0,0
2009-06-03,931.75,-0.011471381,-0.0259665390105728,-0.02917773449302933,-0.022737558280108417,918.3415500590442,915.3973056243884,921.3116498450582,0.014025880422152057,0.0160177080868907,0.0179985647511919,0,0,0
2009-06-04,940.5,0.00934711,-0.0137830838916085,-0.028384323369691565,-0.022005274261618295,918.9957102210064,905.6747219114284,911.470531662246,0.013574164017432349,0.0085022272018238,0.0175091415068642,0,0,0
2009-06-05,940.5,0.0,-0.029400729848282,-0.027391902229563992,-0.019633128183704336,913.2511445015178,915.0875525194397,922.21512492775,0.012110883007975621,0.0181361215701317,0.0168969570291658,0,0,0
2009-06-08,938.75,-0.0018624456,-0.0256898176046717,-0.025842245042765357,-0.021029474319771112,916.6464352718435,916.5067238522747,920.9282920425853,0.012980798586736298,0.0158574742756511,0.0159515626890322,0,0,0
2009-06-09,939.5,0.0007986158,-0.0155052937522843,-0.02439135885494479,-0.02224337445439248,924.3066688996981,916.1296044351031,918.0995514846622,0.01373165457296908,0.0095719891015339,0.015057684482549,0,0,0
2009-06-10,940.5,0.0010638299,-0.034052814171417,-0.02299812169524682,-0.019684637464971344,908.0459696449968,918.1398280497773,921.1871156728914,0.012154147554386326,0.0210256820232529,0.0142000361985417,0,0,0
2009-06-11,942.0,0.0015936259,-0.0237568906862189,-0.02165362232312516,-0.021581594957114876,918.419959335298,920.3536758293097,920.4199688678054,0.013334251772593952,0.0146782646219389,0.0133787540920382,0,0,0
2009-06-12,944.75,0.0029150676,-0.013401142934253,-0.020338488306146044,-0.021684790440067193,929.460333951119,923.0346609320633,921.7928135368402,0.013399085791107782,0.0082805994538537,0.0125672023637342,0,0,0
2009-06-15,923.5,-0.022749543,-0.0200889514343463,-0.01908518841190527,-0.018184875562686303,925.9603274439099,926.8902388080893,927.7251057642351,0.011240526014563332,0.0124174828925643,0.0117970318849503,1,1,1
2009-06-16,907.75,-0.017201789,-0.0186114571876779,-0.02414706130577145,-0.017412963105007475,906.471275515818,901.467272258754,907.5583272580557,0.010750298839082632,0.0114902171096195,0.0149077514009113,0,0,0
2009-06-17,905.25,-0.0027578617,-0.0187153374743818,-0.02544858167957786,-0.017956833816047513,890.9191412753935,884.9405154913294,891.5951630534157,0.011076844785250086,0.0115447350257281,0.0156982011504459,0,0,0
2009-06-18,913.25,0.008798517,-0.0164675393629922,-0.024013350491009562,-0.01851723213191748,890.4648317799456,883.7708399049347,888.6415217043498,0.01142335181498194,0.0101588884521395,0.0148139283971306,0,0,0
2009-06-19,915.75,0.002733736,-0.0148215397396257,-0.023355155275135393,-0.01798388298222548,899.8140455635412,892.1680488435009,896.9730192148147,0.011093530322265862,0.0091428086296332,0.0144068510389006,0,0,0
2009-06-22,888.5,-0.030208753,-0.0274224054517266,-0.022042211764084947,-0.016865135389578716,890.9791229887098,895.7856817561952,900.4352578662816,0.010410363013650557,0.0169270621827552,0.0136060233604573,1,1,1
2009-06-23,890.25,0.0019676746,-0.0130984753681162,-0.028894488928737076,-0.01890460979490208,876.9378929315566,863.1946004609563,871.8610263883246,0.011664172709503132,0.0080817790254565,0.0178279431775683,0,0,0
2009-06-24,898.0,0.008667747,-0.0217125962001897,-0.027132999495046117,-0.01805753853703218,871.1286989779697,866.41960423385,874.318550599352,0.011146768623655495,0.0134030053745162,0.0167489753277718,0,0,0
2009-06-25,916.5,0.020391999,-0.0269532433825409,-0.026143415564209068,-0.01875054737899893,874.1192647934554,874.8274376009418,881.3188871819216,0.011575563288732452,0.01663945954776,0.0161395161074648,0,0,0
2009-06-26,914.0,-0.0027314958,-0.0127417453666866,-0.027969076122689774,-0.020974478087383654,904.8962732276856,891.2214977714691,897.477086067384,0.012948634566567087,0.0078661411171283,0.0172667631761026,0,0,0
2009-06-29,921.25,0.007900872,-0.0188864810334935,-0.02633235255483548,-0.01817816819741547,896.8997464434453,890.2463470815502,897.5352570901306,0.011227703470063698,0.0116651912521745,0.0162641165459621,0,0,0
2009-06-30,915.5,-0.0062610796,-0.0214818416736445,-0.025322673050026525,-0.01741480168974683,901.670903804338,898.2143801173653,905.3455027277304,0.01075716207189014,0.0132693817938869,0.0156418719515479,0,0,0
2009-07-01,919.25,0.004087756,-0.0178639977331691,-0.02421799424465051,-0.018154689817196697,899.2907223842678,893.5947475373328,899.0293436822316,0.01121721576235288,0.0110376062036229,0.0149635421761016,0,0,0
2009-07-02,893.25,-0.028691623,-0.0181379266997687,-0.022984271987358047,-0.017747530023124986,902.7270102510196,898.3626675568638,903.0795006768066,0.010978097047736932,0.0112195848828173,0.0142173907084547,1,1,1
2009-07-06,895.5,0.0025157246,-0.0179140532672358,-0.028607805181906903,-0.017264570236888634,877.3907477817014,868.0581380361112,877.9607832775218,0.010667290464360496,0.011068587689911,0.017675955047592,0,0,0
2009-07-07,879.25,-0.01831295,-0.023039360481304,-0.026948938047466318,-0.017858027809617573,875.104109022162,871.6895008165898,879.6500814609542,0.011040447160388376,0.0142437252710508,0.0166607606233761,0,0,1
2009-07-08,873.75,-0.0062749777,-0.0229645260859732,-0.027964481210814355,-0.019511487879885703,859.288520644102,855.0028396362877,862.260805489174,0.012052173899051487,0.0141851028276924,0.0172735566156868,0,0,0
2009-07-09,879.0,0.005990604,-0.0127557282838286,-0.02663810378734022,-0.02079823586400531,862.6754644549238,850.782223940259,855.7652156045043,0.012858659134301712,0.0078863208920228,0.016469199542946,0,0,0
2009-07-10,874.25,-0.005418522,-0.0141104082247607,-0.025411839522692898,-0.017771790669114936,866.684047077366,856.944416409559,863.5165875015431,0.011000571935899133,0.0087342105031171,0.0157296906033628,0,0,0
2009-07-13,895.5,0.024015846,-0.0345169272346465,-0.02423192263671988,-0.015946720683937553,844.5884343033068,853.3198546141996,860.419150881011,0.009875146970641893,0.0213749106272626,0.0150058311148488,0,0,0
2009-07-14,901.5,0.0066778213,-0.0130109037242356,-0.02760271646080929,-0.02023640657416368,883.9242047923476,871.1197952886984,877.560426367669,0.012513527598424376,0.0080455145154837,0.0170686111171936,0,0,0
2009-07-15,927.25,0.028163174,-0.0201496018596996,-0.026356869627403693,-0.018593920195201504,883.5169183246186,878.0496781017525,884.8924590690701,0.01150341525829486,0.0124658616928587,0.0163060835504182,0,0,0
2009-07-16,935.75,0.00912513,-0.02174275791711,-0.03060108630423196,-0.018388962515953736,907.3066253801185,899.3048986308389,910.3546545438485,0.011362581224490112,0.0134348989326206,0.0189084799312526,0,0,0
2009-07-17,937.0,0.0013349354,-0.0130294149758201,-0.02933001836129587,-0.019783803093950926,923.6368101912078,908.7030184537412,917.4192303068907,0.012239442164475537,0.0080607742746015,0.0181453010683193,0,0,0
2009-07-20,949.0,0.012725516,-0.0137958336269828,-0.027622805551574037,-0.017906069797588377,924.1620625306562,911.4716369021465,920.3713339253801,0.01108702131752791,0.0085420588238758,0.0171033977563003,0,0,0
2009-07-21,953.5,0.0047306265,-0.0192548723713908,-0.02727330388703528,-0.016303114725036226,930.9019233494578,923.4673964852383,933.6537796280691,0.010089923574176228,0.0119167529600647,0.0168793237658369,0,0,0
2009-07-22,949.5,-0.0042038946,-0.0157481543337413,-0.02592385390457481,-0.016861395777599427,938.6017526929817,929.0992525287887,937.5574437144752,0.01044008475473407,0.0097507981037557,0.0160512946557285,0,0,0
2009-07-23,969.0,0.020329082,-0.026423589604007,-0.024643929040072707,-0.016634321889719653,924.7393746241468,926.3865621036355,933.8363496435827,0.01030738278183068,0.0163732585147835,0.0152704998465425,0,0,0
2009-07-24,977.75,0.008989402,-0.0142661934578687,-0.026711638179252994,-0.01880401434829343,955.2741988006517,943.4590613880861,950.9491561414211,0.011633843271514975,0.0088263418489159,0.0165262058593913,0,0,0
2009-07-27,980.0,0.0022985581,-0.0172659208887677,-0.02586512674230396,-0.017792512906738583,961.0131501992494,952.7846303663692,960.5072215658705,0.011019759962111656,0.0106936161696963,0.016019518411131,0,0,0
2009-07-28,976.0,-0.004089985,-0.0179796670817203,-0.024485858361712524,-0.017169314780422336,962.5373827061101,956.2952586260603,963.3176932097768,0.010640767152718741,0.0111429869710433,0.0151752309683628,0,0,0
2009-07-29,975.0,-0.0010251154,-0.0140961595837917,-0.02328477101431155,-0.01704334166086888,962.3386606661225,953.5366059092984,959.5066486906734,0.010575037929175371,0.0087463729367441,0.0144477146294534,0,0,0
2009-07-30,982.25,0.0074083875,-0.0221480922383879,-0.02195675542692329,-0.015997911392817327,953.6429915918452,953.8254760585733,959.5261411250004,0.00994747511129693,0.0137716474916212,0.0136526745755209,0,0,0
2009-07-31,984.5,0.0022880395,-0.013951395851147,-0.02128140508826395,-0.01710531295183985,968.6413916984606,961.5671999693133,965.5911896194046,0.01064714112601548,0.0086839966594176,0.0132465348031109,0,0,0
2009-08-03,1000.75,0.0163711,-0.0125437101332752,-0.020008227404230788,-0.01612198232878824,972.2278474486694,964.9976544120555,968.7551683752835,0.010052922973809874,0.007821677831171,0.0124762057689417,0,0,0
2009-08-04,1004.75,0.0039890353,-0.0141058591986785,-0.022064048476917508,-0.014762273751766562,986.7326571637198,978.9112154472202,986.08516402276,0.009181692886068836,0.0087734226606451,0.0137231784442521,0,0,0
2009-08-05,1000.75,-0.0039890353,-0.0169334643636999,-0.02089390226820285,-0.014643554369364032,987.879344131057,983.9746465913419,990.1440909579421,0.009116825958981393,0.0105424846722627,0.0130081854294672,0,0,0
2009-08-06,995.0,-0.005762261,-0.0197306630466553,-0.019778259923996767,-0.01526143389787609,981.1980596217082,981.1513587694329,985.5930724346819,0.009527305300551249,0.0123173256121072,0.0123470390705423,0,0,0
2009-08-07,1006.5,0.011491508,-0.0269475069308417,-0.018961198821259004,-0.016383107615480678,968.545275896465,976.3113467277391,978.8316137680617,0.010223039169577433,0.0168152114569609,0.0118317649374843,0,0,0
2009-08-10,1007.5,0.0009930488,-0.0105995097710127,-0.019487119505248708,-0.01916279623686806,995.8879341184105,987.0760869538685,987.396270615229,0.011949708311141966,0.0066097373493443,0.0121519527230618,0,0,0
2009-08-11,993.0,-0.01449663,-0.0189196579760402,-0.018274887148836856,-0.015953177701034757,988.6176318104898,989.2552691616307,991.5547007394487,0.009956234545630138,0.0118075881722511,0.0114051925051233,0,0,0
2009-08-12,1002.25,0.009272087,-0.0272890079565765,-0.01972397725564701,-0.015950910113189554,966.2684132160966,973.605982903523,977.2864025162577,0.009940614114315648,0.0170065216175037,0.0122919911971543,0,0,0
2009-08-13,1013.5,0.011162214,-0.0159589807199927,-0.019404467398813907,-0.019172711296520633,986.3820663777618,982.9893482467445,983.2171884273463,0.01193577109162436,0.0099350966998625,0.012080048431604,0,0,0
2009-08-14,1005.75,-0.007676155,-0.0256432901484963,-0.019500324054641322,-0.01765570254430637,987.8409230675293,993.9278731867205,995.7629859452057,0.010973605970305722,0.0159381571571937,0.012120099550381,0,0,0
2009-08-17,978.25,-0.027723549,-0.0201203516069811,-0.01879426208905849,-0.01962793273638741,985.7161760133647,987.0241909828128,986.2016807855287,0.01218597291609703,0.01249169044127,0.0116683897316763,1,1,1
2009-08-18,989.5,0.011434504,-0.0110825520421333,-0.02490796471746635,-0.01900803134283336,967.4683479275221,954.1847360624055,959.8310023512272,0.011795853458329635,0.0068775223207218,0.015457187356925,0,0,0
2009-08-19,997.0,0.007551005,-0.0242435846157185,-0.024325001615784488,-0.016144940354835498,965.7994272686591,965.7207979775493,973.6528513773386,0.010012144893621039,0.0150344489715402,0.0150849390187965,0,0,0
2009-08-20,1004.75,0.007743263,-0.0131316660878546,-0.023182811992659834,-0.018656481220900193,983.993315535287,974.1525932660362,978.5719242571065,0.011564708868347137,0.0081400074035535,0.0143704736316724,0,0,0
2009-08-21,1025.25,0.02019773,-0.0276363632038163,-0.022182728524394027,-0.016652388586554667,977.3625519193092,982.7072911073311,988.1570521120993,0.010313313081508742,0.0171160109958865,0.0137384149478056,0,0,0
2009-08-24,1024.5,-0.0007317966,-0.0152992425575529,-0.024053544903996166,-0.019613189368194475,1009.6838304951445,1000.8833302926444,1005.3374898365322,0.012117223957880027,0.0094520246032205,0.0148605198833848,0,0,0
2009-08-25,1026.0,0.001463058,-0.0219148435412325,-0.022591613976383654,-0.017860414500750925,1002.2924688532414,1001.6143764252822,1006.3644417305021,0.011036816484448904,0.013542244858865,0.0139604541392012,0,0,0
2009-08-26,1026.75,0.0007307271,-0.0130562037112029,-0.02130775338118774,-0.018388604049746692,1012.6914039161079,1004.3695119671215,1007.3057000572063,0.011372107575320355,0.0080743787145246,0.0131774039499535,0,0,0
2009-08-27,1029.25,0.002431908,-0.0198948318843574,-0.02003493552608164,-0.015836947346085976,1006.5248365720662,1006.3838286550686,1010.6174962981343,0.009791118941395898,0.0122998871589328,0.0123865055829427,0,0,0
2009-08-28,1027.5,-0.0017017142,-0.0185176442168669,-0.018891878442230243,-0.016272266973406193,1010.3660969977973,1009.9880541668491,1012.6372989379062,0.010058431408608891,0.0114463740368064,0.0116777007039956,0,0,0
2009-08-31,1019.75,-0.0075711682,-0.0187230372119499,-0.01776710599830408,-0.016420993446366106,1008.4410566767522,1009.4055178657849,1010.7652062448612,0.010151754002289903,0.0115749189336348,0.0109839450345379,0,0,0
2009-09-01,996.5,-0.02306364,-0.0274897850974806,-0.017271786290266666,-0.016490167595413455,992.099091677636,1002.2883271584686,1003.0720406952853,0.010186815763915995,0.0169818393025651,0.0106696614109376,0,1,1
2009-09-02,994.25,-0.0022604556,-0.0113296417656755,-0.020833599225530068,-0.01930606939811049,985.273726891025,975.9540841979709,977.446022371705,0.011909133666149123,0.0069887979471482,0.0128514050585616,0,0,0
2009-09-03,1001.75,0.0075150654,-0.0127216672517295,-0.01972560055840192,-0.01625047396253183,981.681597359364,974.8299870427577,978.2235377511569,0.010024260379847619,0.0078474821898209,0.0121679254772629,0,0,0
2009-09-04,1014.0,0.012154435,-0.0136069066297481,-0.01918423209050552,-0.014627456345811252,988.2115980525128,982.7153617428423,987.2035934336121,0.009025027771857264,0.0083953564665883,0.0118365232686644,0,0,0
2009-09-08,1025.0,0.010789707,-0.0120727584804148,-0.019351785864894694,-0.014096974925775607,1001.8318224291553,994.5659375280544,999.8059490735329,0.008695853890168094,0.0074471966042175,0.0119373343061888,0,0,0
2009-09-09,1032.5,0.007290433,-0.0178818057061515,-0.019282144999793447,-0.013506545958867713,1006.8340531747918,1005.4251306030095,1011.2488646105373,0.008331642131561207,0.0110305629776462,0.0118943756720922,0,0,0
2009-09-10,1041.75,0.008918946,-0.0158974031557248,-0.01876602991311465,-0.01471088877732942,1016.2157131341348,1013.3047467823411,1017.4221832948755,0.009074552524617753,0.0098064652738023,0.011576005141684,0,0,0
2009-09-11,1041.5,-0.0002400096,-0.0112613263155327,-0.018434036350823416,-0.015020944123112048,1030.084322097622,1022.7222604734065,1026.2188696020653,0.009265813131874806,0.0069466569079528,0.0113712117356262,0,0,0
2009-09-14,1048.0,0.006221604,-0.0172598844202315,-0.01747135131178525,-0.013675813990919498,1023.6780749916771,1023.4616238581377,1027.3535920308505,0.00843605673701725,0.0106469248806771,0.0107773702564575,0,0,0
2009-09-15,1046.0,-0.0019102202,-0.0148462402611598,-0.016893975007792467,-0.014315286049407063,1032.556066049814,1030.4438285047138,1033.1044516128832,0.0088305211960045,0.0091580453827241,0.010421210157883,0,0,0
2009-09-16,1063.5,0.01659199,-0.0127275946625125,-0.016050948478515098,-0.01414938326341673,1032.771299330816,1029.3447318938886,1031.303960240266,0.008728182474786664,0.0078511385698873,0.009901181175585,0,0,0
2009-09-17,1062.75,-0.0007054674,-0.016424972895665,-0.017737392133419218,-0.013304227920697782,1046.1747144970175,1044.802595270444,1049.44465865728,0.00820684031354461,0.0101319017166951,0.0109414800832771,0,0,0
2009-09-18,1061.0,-0.0016480286,-0.0125409880121978,-0.016877007009305018,-0.014093872458570774,1049.505289457661,1044.9644662472151,1047.8767937773355,0.008694366944762862,0.007736408282992,0.0104112544156734,0,0,0
2009-09-21,1060.5,-0.00047136462,-0.0121184864931283,-0.015976210505296046,-0.013420774824434234,1048.2198800905933,1044.1839268911858,1046.8556840532,0.008294195015350945,0.0074893656722342,0.0098734840030229,0,0,0
2009-09-22,1067.25,0.0063447515,-0.007909846847814,-0.015022311119007401,-0.012750038225079533,1052.1446955699919,1044.687903532889,1047.0644185615022,0.007898076609489758,0.0048997952218277,0.0093056477145401,0,0,0
2009-09-23,1059.0,-0.00776018,-0.0205293725143236,-0.014587031241460416,-0.011135640419752934,1045.5633950356007,1051.7949863352196,1055.4314136535206,0.006900390483184087,0.0127213776113222,0.0090391039726762,0,0,0
2009-09-24,1044.25,-0.014026143,-0.0209213731101035,-0.014448736078472678,-0.013503694128922158,1037.0744222098567,1043.8087995984492,1044.7957089633037,0.008361616846301914,0.0129547147747171,0.0089467958803041,0,0,1
2009-09-25,1041.0,-0.0031171348,-0.0142658266685635,-0.015820293710752203,-0.015602569420152031,1029.4586666527505,1027.8596502153034,1028.0834645925122,0.00962924394708202,0.0088042630286882,0.0097636141428452,0,0,0
2009-09-28,1059.0,0.017143277,-0.0224535737316204,-0.015056958710552012,-0.01481529957635788,1017.8862934835461,1025.4431195455031,1025.6909571868466,0.009139824295248835,0.0138520127554434,0.0092889081537623,0,0,0
2009-09-29,1054.75,-0.0040212944,-0.0128259430332735,-0.017077296600843235,-0.0168449728217751,1045.504060415654,1041.0686878474041,1041.310580956907,0.010390982690490208,0.0079118057035792,0.010534293836933,0,0,0
2009-09-30,1053.0,-0.0016605388,-0.0236329140009928,-0.016504649568133516,-0.014868752669541144,1030.115423920005,1037.4845925457967,1039.1831993670835,0.009171932377276523,0.01457818916708,0.0101810510346083,0,0,0
2009-10-01,1027.5,-0.024514565,-0.0238979983480146,-0.015663260668002273,-0.017370739833016815,1028.1337183644705,1036.6350850571025,1034.866562534999,0.010715307102933381,0.0147417089833818,0.0096620322395211,1,1,1
2009-10-02,1021.75,-0.005611824,-0.0169328744303286,-0.01984215586851148,-0.019016909741342014,1010.2479471553738,1007.3131227398599,1008.1447470934396,0.011730762764630939,0.0104452056389395,0.0122398237357313,0,0,0
2009-10-05,1036.5,0.0143328095,-0.0154695810748068,-0.019016834121341503,-0.017635089581058742,1006.065583991865,1002.5031369700848,1003.8892976456419,0.010882102362088392,0.0095458298627234,0.0117347368472437,0,0,0
2009-10-06,1048.5,0.011510919,-0.0203294606985978,-0.019706980147926132,-0.01602276061719239,1015.6412558776508,1016.2736696181004,1020.0247505802165,0.009883793223571948,0.012540422383648,0.0121564392988647,0,0,0
2009-10-07,1053.5,0.004757383,-0.0090614057713626,-0.019612119743968665,-0.017113624164301556,1039.0420320069331,1028.1370256827192,1030.7090332334524,0.01056432702961096,0.0055936517594188,0.012106661028081,0,0,0
2009-10-08,1063.75,0.009682447,-0.0115250821934128,-0.018710093454095026,-0.013711177838586983,1041.4280247864406,1033.9721699768427,1039.153850203961,0.008493197371526252,0.0071390509950387,0.0115897057434496,0,0,0
2009-10-09,1068.0,0.00398734,-0.0097609144684688,-0.018572155251954454,-0.012705026288358026,1053.417337389447,1044.1761963322324,1050.3205198805597,0.007867304808092758,0.006044229078025,0.0115003938594156,0,0,0
2009-10-12,1071.5,0.0032717953,-0.0097236339443264,-0.017625498785275737,-0.011774262530291318,1057.6654848948233,1049.3408884195849,1055.498828080556,0.00732794288141569,0.0060516940199443,0.0109695743595558,0,0,0
2009-10-13,1068.75,-0.0025697947,-0.0117692029551817,-0.01696098223061061,-0.01120527081822872,1058.9632177109042,1053.4795617070097,1059.5605695183324,0.00697736280534153,0.0073285153281981,0.0105613624585852,0,0,0
2009-10-14,1087.75,0.017621601,-0.0113188993816179,-0.016285873620097573,-0.011373219174284412,1056.7211314875021,1051.4854383905845,1056.6637321737069,0.007042179820101043,0.0070085455656401,0.0100840447020914,0,0,0
2009-10-15,1089.75,0.0018369695,-0.0132660103692249,-0.01789531601063552,-0.011351410119156425,1073.4151903155994,1068.4575074878232,1075.472319969479,0.007012275281816171,0.0081950097497971,0.0110547395261404,0,0,0
2009-10-16,1082.0,-0.007137132,-0.0173807626403484,-0.017323688160984705,-0.01205571697039367,1070.9729661917584,1071.0340931605947,1076.6911574506853,0.0074366843856747055,0.0107214897675535,0.0106862828287587,0,0,0
2009-10-19,1091.0,0.008283527,-0.0191903415503938,-0.016916255367311797,-0.013615574901168373,1061.4340157214756,1063.8505548185458,1067.3677870003057,0.008398897678019797,0.0118377458357765,0.0104349540108742,0,0,0
2009-10-20,1089.5,-0.0013758314,-0.0178687593954975,-0.016734100614363017,-0.015178640923817585,1071.6783247851415,1072.8950041343296,1074.5651476491691,0.009363089912538928,0.0110225152360668,0.0103225901083077,0,0,0
2009-10-21,1078.0,-0.010611403,-0.0254810772404619,-0.015939282391836885,-0.015610434284368833,1062.089079349281,1072.2718190038902,1072.624491546932,0.009629445779231494,0.0157182463481577,0.0098322988813798,0,0,0
2009-10-22,1090.75,0.01175806,-0.0191954487616048,-0.01613065961497666,-0.018276333590043145,1057.50464432485,1060.750644693848,1058.4770596998524,0.01127393127843294,0.0118408962678877,0.0099503517529421,0,0,0
2009-10-23,1077.0,-0.012686135,-0.0217443696349563,-0.016406827874206945,-0.01759485695285978,1067.2883328192208,1073.0002591282582,1071.7262605425396,0.010867235769473979,0.013430128594666,0.010133464978765,0,0,0
2009-10-26,1066.5,-0.009797139,-0.0274990146210172,-0.01695136265243912,-0.01809314174761856,1047.787065576914,1058.8972490528922,1057.6889122680927,0.011160927637298406,0.0169630303328928,0.0104566102756796,0,0,0
2009-10-27,1060.5,-0.005641764,-0.0125902822283587,-0.01678234096977536,-0.020856156486836683,1053.1566386063741,1048.750984944737,1044.4872576247178,0.012894170243872918,0.0077838523398751,0.0103755628076335,0,0,0
2009-10-28,1038.5,-0.02096313,-0.0165941147412356,-0.0162913551936553,-0.016076786099964324,1043.047149111689,1043.3629894040782,1043.586886874985,0.009961737587871786,0.0102822924636405,0.0100946920846553,1,1,1
2009-10-29,1061.5,0.021905638,-0.0193757043847166,-0.019337609004498168,-0.01542218055219801,1018.5720138207608,1018.6108174480221,1022.606933372243,0.00951331966296501,0.0119520886740397,0.0119285891741815,0,0,0
2009-10-30,1033.0,-0.027215812,-0.024262518683853,-0.021726375737092688,-0.016772852889945677,1036.0552613408674,1038.6861803675604,1043.8441004837769,0.010346494820357812,0.0149665668409814,0.0134021227935366,1,1,1
2009-11-02,1039.0,0.005791522,-0.0248390043252354,-0.025591905380844434,-0.01986349649166111,1007.6573545426531,1006.8989737853867,1012.6834549359723,0.01225298790334963,0.0153221775258011,0.0157866117471714,0,0,0
2009-11-03,1041.75,0.0026432793,-0.019225867965747,-0.02425785778485866,-0.022507862385375506,1019.2151233234428,1014.0993253158621,1015.8755482074237,0.013884190311310144,0.0118596606450728,0.0149636917208322,0,0,0
2009-11-04,1047.0,0.0050269407,-0.0187119532308001,-0.022997253304093433,-0.02045372960304056,1022.4380681864392,1018.0659887846551,1020.6587597457299,0.012617078846599471,0.0115426474226877,0.014186075782963,0,0,0
2009-11-05,1063.25,0.015401323,-0.0222377890063826,-0.021946019149624154,-0.018300724902747277,1023.9740073849503,1024.2728157239226,1028.0134051587554,0.011288977293097881,0.0137175929628923,0.0135376119345309,0,0,0
2009-11-06,1066.25,0.0028175646,-0.0170437238171175,-0.022294991526360983,-0.018601333507631695,1045.2818179778371,1039.8071503733308,1043.65494423491,0.01147441058782713,0.0105135841440023,0.0137528788847657,0,0,0
2009-11-09,1091.75,0.023634093,-0.0152918941576024,-0.021473677275801937,-0.0173272960414083,1050.0690518420047,1043.5977753263485,1047.9339129857162,0.010688508384325193,0.0094329512536257,0.0132462433293803,0,0,0
2009-11-10,1092.0,0.00022896394,-0.0099823929521168,-0.023824518360351352,-0.015979951657673127,1080.9059373907073,1066.0469788871333,1074.442542246328,0.009857386107213317,0.0061577346234143,0.0146963821497926,0,0,0
2009-11-11,1096.25,0.0038843874,-0.0118316924109478,-0.02261042255636874,-0.014114067982138585,1079.1559252932184,1067.5864588803333,1076.6956948247773,0.00870639790556512,0.0072984926922789,0.013947455534282,0,0,0
2009-11-12,1087.25,-0.008243692,-0.0176663203189652,-0.02159984481326849,-0.013482913495997041,1077.0533625912353,1072.8250683092706,1081.5685528308416,0.008317064220678181,0.0108976387543781,0.0133240709822823,0,0,0
2009-11-13,1091.5,0.0039013245,-0.0134428793917512,-0.0209937245188287,-0.014605947795217315,1072.7320296724754,1064.6625004766563,1071.4850942195542,0.009009818675523005,0.0082923688003501,0.0129501798781223,0,0,0
2009-11-16,1106.25,0.01342302,-0.017841426313474,-0.020195411184283297,-0.0143293431282649,1072.1987758518248,1069.67780448331,1075.9710475321706,0.008839192439623358,0.0110056545628447,0.0124577326578973,0,0,0
2009-11-17,1107.5,0.0011293056,-0.0092453899742105,-0.02029338166060148,-0.015072866218688453,1096.0694215671224,1084.0267021344207,1089.70067792504,0.009323701203784838,0.0057189689327387,0.0125529825762813,0,0,0
2009-11-18,1108.5,0.0009025271,-0.0103035253581984,-0.019606180251177878,-0.013346802142668564,1096.1474318374683,1085.9976337977937,1092.8166226636165,0.008251731822608339,0.0063702096707862,0.0121216258223554,0,0,0
2009-11-19,1094.25,-0.012938553,-0.0201061831642817,-0.018941403163718586,-0.01236824981633972,1086.4348621441702,1087.701057019589,1094.8742322265914,0.0076520896239331984,0.0124394573082639,0.0117188217220794,0,0,1
2009-11-20,1090.0,-0.0038915009,-0.0114563741487803,-0.01893291846079239,-0.014171300581120955,1081.7853984867047,1073.7275420146016,1078.8524139344192,0.008794797781011266,0.0071098974554499,0.0117498876206797,0,0,0
2009-11-23,1103.75,0.012535777,-0.0195185196184209,-0.01826840507685614,-0.013505074512904927,1068.9310993762574,1070.2682212911568,1075.3784237507937,0.008365179442947,0.0120899680274071,0.0113156344645354,0,0,0
2009-11-24,1103.0,-0.00067973265,-0.0124109765794778,-0.018359517842272743,-0.014933585908455449,1090.1360406146634,1083.670570517955,1087.3895189258421,0.009267255060678038,0.0077018129616812,0.0113932672084523,0,0,0
2009-11-25,1109.0,0.005424968,-0.0076668662432513,-0.017865368479949396,-0.014065035586727996,1094.5757814771812,1083.4694780151076,1087.5948566522015,0.008726171881709764,0.0047566458129561,0.011083958879793,0,0,0
2009-11-27,1089.5,-0.017739832,-0.0429084233262346,-0.01749473177134522,-0.01206273101940434,1062.4210201127496,1089.7670704795512,1095.7027928547816,0.007475479989691315,0.0265910811945063,0.0108417834295841,0,1,1
2009-11-30,1094.75,0.0048071514,-0.0137716037194553,-0.018339632272190497,-0.019840584141146683,1074.598680790147,1069.7010780446299,1068.0967125512077,0.012318495796605673,0.0085504258001561,0.0113865943386088,0,0,0
2009-12-01,1108.5,0.012481723,-0.0141845086234159,-0.017936855850137667,-0.016973488160542057,1079.331122308983,1075.288686220556,1076.3250837336327,0.010531583592012063,0.0088010983285329,0.011129326805243,0,0,0
2009-12-02,1108.0,-0.00045116176,-0.0116171004288191,-0.018119625968685417,-0.014952603118910428,1095.69695529082,1088.5952723158066,1092.048343508872,0.009223656329413731,0.0071661195744705,0.0111772646825159,0,0,0
2009-12-03,1098.0,-0.0090662455,-0.0181169218427282,-0.017657482969372373,-0.013261253893271884,1088.1071929170228,1088.6072265184682,1093.4035283561668,0.008180331373468084,0.0111755966165408,0.0108921873507089,0,0,0
2009-12-04,1108.0,0.0090662455,-0.0227386214634499,-0.017529875593731002,-0.014415554829230261,1073.3147119511657,1078.9199209055246,1082.2852612730933,0.00889237295240464,0.0140265362569708,0.0108134715198496,0,0,0
2009-12-07,1103.75,-0.0038431154,-0.011834059779494,-0.017419240093487654,-0.016921467775844367,1094.9651415333194,1088.866610331769,1089.4087529085875,0.010438169334959953,0.0072999530262222,0.0107452249527494,0,0,0
2009-12-08,1090.0,-0.012535777,-0.015557455947207,-0.017025696699677725,-0.014629229019022215,1086.7113407540492,1085.1169576329405,1087.7205237866742,0.009024179921226972,0.0095967655849537,0.0105024639440911,0,0,0
2009-12-09,1095.5,0.005033184,-0.0121119229859671,-0.017375738497574646,-0.01441842805151398,1076.8776329141647,1071.2240405136379,1074.3966714738244,0.008894145327066916,0.0074713556042693,0.0107183905770028,0,0,0
2009-12-10,1102.0,0.005915831,-0.0128190813369259,-0.01698824055434314,-0.01336363328743188,1081.5463241304562,1077.0465719137067,1080.9575263001418,0.008243485082520331,0.0079075730005212,0.0104793587623884,0,0,0
2009-12-11,1108.0,0.0054298774,-0.0081727770645804,-0.01661649468070155,-0.012966720567882733,1093.0303032676818,1083.839919148521,1087.8029176533366,0.00799864567303555,0.005041455745272,0.0102500437626469,0,0,0
2009-12-14,1113.5,0.0049516195,-0.0128178620585018,-0.016302878238503633,-0.011427340199863946,1093.8884420481902,1090.0828582407812,1095.4105758726866,0.007049064161245491,0.0079068208769569,0.0100565864589866,0,0,0
2009-12-15,1104.0,-0.00856826,-0.0104516473592138,-0.015908088435054025,-0.011765699433888466,1101.9226969985832,1095.926494571835,1100.4756641389467,0.007257784292831065,0.0064471986951686,0.009813056590614,0,0,0
2009-12-16,1105.75,0.0015838899,-0.0091350328834718,-0.015808132629621188,-0.011398495522708595,1093.9608475035957,1086.6850407413951,1091.4875082079923,0.007031271046100384,0.0056350324558856,0.0097513978954617,0,0,0
2009-12-17,1094.25,-0.010454641,-0.0129808444644848,-0.015364616310742102,-0.010803192282641856,1091.4891901583783,1088.8904276154708,1093.8686638675197,0.006664052545448961,0.0080073581338194,0.0094778106097366,0,0,0
2009-12-18,1097.75,0.0031934334,-0.0145579822195032,-0.01551940844184529,-0.01139683472564451,1078.4353221614886,1077.3989844246278,1081.8498092827592,0.007030246567537675,0.008980230651116,0.009573295617159,0,0,0
2009-12-21,1108.25,0.009519564,-0.0150587648051415,-0.015021550167301539,-0.012323609643765195,1081.343084916447,1081.383327456534,1084.304774530307,0.007601936544960727,0.0092891431815263,0.0092661869760329,0,0,0
2009-12-22,1113.5,0.004726013,-0.0070451842810513,-0.01508415695125718,-0.013005766354942166,1100.4696138290512,1091.6584325537112,1093.9296846312031,0.008022731440448998,0.004345889345757,0.0093048065698591,0,0,0
2009-12-23,1115.5,0.0017945272,-0.0088503791419963,-0.014674374319987457,-0.011001319735217183,1103.6885842433578,1097.2793889280977,1101.3171669683634,0.006786269360637874,0.0054594410713373,0.0090520282321652,0,0,0
2009-12-24,1122.0,0.005810072,-0.0051095132052536,-0.014139089611749167,-0.01028102352049617,1109.8148744999658,1099.8388238310388,1104.0902706109866,0.0063419477473957014,0.0031518521183952,0.0087218327372459,0,0,0
2009-12-28,1123.0,0.00089086866,-0.0086539680172331,-0.013812124177758678,-0.00893418850567778,1112.3321408927775,1106.6093302718043,1112.0204863049835,0.005511139679374773,0.0053382829893844,0.0085201409802493,0,0,0
2009-12-29,1121.75,-0.0011137099,-0.0081055621390929,-0.01319560354147978,-0.009012061820130257,1113.934244873615,1108.2786791900203,1112.9249213807695,0.005559176578637726,0.0049999935752423,0.0081398343256952,0,0,0
2009-12-30,1122.0,0.00022284122,-0.0097193974234964,-0.012546054471432913,-0.008940590018330022,1110.9000787016241,1107.7643790262532,1111.7655929000027,0.0055150885137164,0.0059955033147333,0.0077391537656912,0,0,0
2009-12-31,1110.75,-0.010077344,-0.01241835373499,-0.011911662667387139,-0.009272021947106978,1108.1527649950224,1108.7143983778778,1111.6448720482563,0.005719535470766119,0.007660380344328,0.0073478231102741,0,0,1
2010-01-04,1128.75,0.016075363,-0.010136190833528,-0.012458627465212598,-0.01016895224080605,1099.5480942677852,1096.9974265239243,1099.5120721149187,0.0062728155060034355,0.0062526063183992,0.007685223580233,0,0,0
2010-01-05,1132.25,0.0030959777,-0.0074029881083654,-0.014222134640574586,-0.010240866343652077,1120.4247311275433,1112.8103818953168,1117.2496096038499,0.006317176408557652,0.0045666040607967,0.0087730598580128,0,0,0
2010-01-06,1133.0,0.0006621786,-0.0083113963323178,-0.01373260569141603,-0.009686159112447409,1122.8784209052465,1116.8075325474597,1121.335790064268,0.005974999944474164,0.0051269643671539,0.0084710892409617,0,0,0
2010-01-07,1137.5,0.00396389,-0.0111984746870618,-0.013174549592410361,-0.009463033267301182,1120.3829061371732,1118.1711316277508,1122.3289531753746,0.005837362631594776,0.0069078862794442,0.0081268469957267,0,0,0
2010-01-08,1141.5,0.0035103152,-0.0101718642375147,-0.012807784161652387,-0.010023069214307817,1125.9881521641696,1123.0240458492192,1126.1557060626856,0.0061828261650161975,0.0062746117990408,0.0079006042298405,0,0,0
2010-01-11,1142.5,0.0008756568,-0.0102594834269029,-0.012331017129877825,-0.010074052215147462,1129.8486701792783,1127.5105731392637,1130.0581988132637,0.006214275516988389,0.0063286605345253,0.0076065059236585,0,0,0
2010-01-12,1134.0,-0.0074676387,-0.0139941402481227,-0.0117583535971793,-0.010073396279805703,1126.6230460324866,1129.1447527481107,1131.048917229059,0.006213870896995563,0.0086324193351362,0.0072532529431578,0,0,0
2010-01-13,1141.5,0.0065919817,-0.0147948144710846,-0.011846247234747377,-0.011081660251156773,1117.346179257502,1120.6456115017625,1121.5027701939666,0.006835828176749123,0.0091263228919745,0.0073074709746285,0,0,0
2010-01-14,1145.25,0.0032797668,-0.0081324321869612,-0.011733986478367375,-0.01202254811393732,1132.254473920988,1128.1839324994173,1127.858428864821,0.007416223859145643,0.0050165686214146,0.0072382218527268,0,0,0
2010-01-15,1132.25,-0.01141615,-0.015226385723395,-0.011313891077273201,-0.010484755910212844,1127.9440694902592,1132.3657889596434,1133.3050625958376,0.006467622021699166,0.0093925417490731,0.0069790819842741,0,1,1
2010-01-19,1145.75,0.011852641,-0.0168672054922329,-0.012202926935502317,-0.011697737619721484,1113.3122688667597,1118.5171965894517,1119.0824022826039,0.007215861397371681,0.0104046971260274,0.0075274922614425,0,0,0
2010-01-20,1134.0,-0.010308239,-0.0191131659969381,-0.012955458700545526,-0.01313952989915733,1124.0590418296824,1131.0020228773828,1130.7938571386458,0.008105244762807207,0.0117901393570619,0.0079916986823932,0,0,0
2010-01-21,1111.0,-0.020490695,-0.0207087444858609,-0.013334811780976105,-0.014907223609783877,1110.757773039946,1118.9786991367168,1117.2205863948877,0.00919566354492984,0.0127743872175443,0.008225706260443,0,1,1
2010-01-22,1091.0,-0.018165804,-0.025469129924778,-0.01594287629187935,-0.016520635488498282,1083.0610966924107,1093.4279114543285,1092.7963558837334,0.010190912102569602,0.0157108765321431,0.0098345158130144,0,1,1
2010-01-25,1092.5,0.0013739411,-0.0137843904406493,-0.017433747201343778,-0.01961828421370491,1076.0644055531316,1072.1446193391887,1069.8050361191208,0.012101726363025575,0.0085030331591031,0.0107541738010626,0,0,0
2010-01-26,1087.25,-0.0048170756,-0.0189742776549505,-0.0167480133845978,-0.016082374703766396,1071.9660263756532,1074.355164478839,1075.0705348959639,0.009920566743378349,0.0117044647541538,0.0103311723337714,0,0,0
2010-01-27,1094.5,0.0066460655,-0.0175601325717242,-0.016269468536010884,-0.016275202927276144,1068.324400201701,1069.704138281143,1069.6980041966638,0.010039514678404856,0.0108321358262821,0.0100359773642751,0,0,0
2010-01-28,1079.25,-0.014031283,-0.027357491135393,-0.01596236232173987,-0.015844916859308382,1064.9630959228687,1077.167893136158,1077.2944090466979,0.009774088599567113,0.0168757302164143,0.009846535957014,0,0,0
2010-01-29,1070.5,-0.008140527,-0.0266395695297675,-0.016672706799603386,-0.019478492221869915,1050.8788204108398,1061.4051554893801,1058.4312543921483,0.012015494335061192,0.0164328734035176,0.0102847187461381,0,0,0
2010-02-01,1086.25,0.014605569,-0.0125265071590435,-0.016597440593610957,-0.021506573761693598,1057.1740123776133,1052.879075477068,1047.723018126642,0.013266535841519964,0.0077270958189771,0.0102382900666786,0,0,0
2010-02-02,1097.25,0.010075652,-0.01764647934841,-0.01733752471246778,-0.015798195992761926,1067.2496495078153,1067.5794321760573,1069.2240533381184,0.009745268385922046,0.0108853996618142,0.010694818037956,0,0,0
2010-02-03,1096.5,-0.00068376074,-0.010193018694059,-0.017262965131920497,-0.015647132551400607,1086.1225178975726,1078.470770465475,1080.214807329864,0.009652083456450255,0.006287661128007,0.0106488252471647,0,0,0
2010-02-04,1061.75,-0.0322048,-0.0260726944069955,-0.01664739280943765,-0.013167554151235591,1068.2807648965638,1078.3972337894227,1082.1564190581548,0.008122531790892092,0.0160831910590748,0.010269103569051,1,1,1
2010-02-05,1059.75,-0.001885459,-0.0263345404042423,-0.02139890484952574,-0.017148055421659425,1034.154257132539,1039.2710826587368,1043.6982705338758,0.010577942092711132,0.0162447132683269,0.0132001192426642,0,0,0
2010-02-08,1056.0,-0.0035448459,-0.0157476251373549,-0.020456961143987103,-0.020947206325254535,1043.1921696898644,1038.2909769831065,1037.782084586102,0.012921484685239756,0.0097140732698042,0.012619072253558,0,0,0
2010-02-09,1066.25,0.009659635,-0.0225406362082725,-0.019716771746434342,-0.018040689468958513,1032.463350227964,1035.383007208454,1037.1198494558885,0.0111285719472418,0.0139044071576077,0.0121624793401095,0,0,0
2010-02-10,1063.25,-0.0028175646,-0.0172288421502799,-0.019458679206926364,-0.018635100446163927,1048.0370912361618,1045.7027428688616,1046.5643161759986,0.01149524004700831,0.0106277761593848,0.0120032724871839,0,0,0
2010-02-11,1076.5,0.012384783,-0.0182901796711444,-0.019042733245031536,-0.01700206254261387,1043.9797320016369,1043.194376871223,1045.32536665773,0.010487884988128797,0.0112824723660664,0.0117466922400112,0,0,0
2010-02-12,1079.0,0.0023196484,-0.0210046456782186,-0.01910743216755386,-0.016535034844766712,1054.124318225263,1056.1261154416404,1058.8463887453543,0.010199794483284758,0.0129569166998068,0.0117866023895339,0,0,0
2010-02-16,1093.25,0.013120225,-0.0160128577222198,-0.018455184905315114,-0.0174532165473733,1061.859725154496,1059.269480682918,1060.3313670845437,0.010766183653481382,0.009877684528038,0.0113842574238548,0,0,0
2010-02-17,1099.5,0.00570062,-0.0053398059764646,-0.018665179507275996,-0.016219553361317782,1087.4278156179546,1073.0335512549148,1075.6610017345652,0.010005186711080437,0.0032939104182047,0.0115137946037101,0,0,0
2010-02-18,1105.5,0.0054421904,-0.0133325892057886,-0.01838549996266425,-0.012182713850643873,1084.9381077390415,1079.4698392747803,1086.1863688658025,0.00751502362660956,0.0082243352436686,0.0113412716000999,0,0,0
2010-02-19,1106.25,0.000678196,-0.0192363971138141,-0.017893598650684538,-0.012354947106487754,1084.4373967851916,1085.8945557714276,1091.925633931999,0.007621267358738773,0.0118661556508213,0.0110378375683392,0,0,0
2010-02-22,1107.5,0.0011293056,-0.0094707846971896,-0.017287150025674276,-0.014275393964104792,1095.8224011430782,1087.29044081874,1090.5700305777232,0.008805913381420933,0.0058421441753021,0.0106637439303247,0,0,0
2010-02-23,1097.25,-0.009298174,-0.0216530799494722,-0.016742504106037476,-0.012755729960187546,1083.7769790729092,1089.1120365074112,1093.4627471041063,0.00786849409751133,0.0133569095855066,0.010327773882568,0,0,0
2010-02-24,1103.5,0.005679897,-0.0120684113127133,-0.016737049335892585,-0.015025047404840099,1084.0875205504954,1079.038104451093,1080.8870019760734,0.009268344280476912,0.0074445150122186,0.0103244090554023,0,0,0
2010-02-25,1102.25,-0.0011334014,-0.0198970374549361,-0.016477815615561928,-0.013808645956624824,1081.760611085842,1085.46572127936,1088.3668835731642,0.008517995406256515,0.0122736779675308,0.0101644982541652,0,0,0
2010-02-26,1103.5,0.0011334014,-0.0118836460733331,-0.01597882068751717,-0.015245093620547906,1089.2287741741445,1084.7773131253332,1085.5735356709029,0.009404081894465342,0.0073305408061147,0.0098566884574493,0,0,0
2010-03-01,1114.5,0.009918927,-0.0082624557635423,-0.015508471546217234,-0.013669882820621175,1094.4199435040107,1086.5184211705282,1088.5179192539013,0.008432398037857787,0.0050967749089465,0.0095665490884254,0,0,0
2010-03-02,1117.5,0.0026881737,-0.0098214458223494,-0.015681549625558937,-0.01164333899964573,1103.607575865268,1097.1592333443896,1101.5987512399827,0.007186136997447837,0.0060616851570294,0.0096784748726265,0,0,0
2010-03-03,1118.5,0.0008944544,-0.010171774944791,-0.01536178289703967,-0.011023060132503095,1106.1906570547367,1100.4643912840022,1105.249374040589,0.0068153018728484725,0.0062889720275603,0.0094978333139794,0,0,0
2010-03-04,1122.25,0.0033470967,-0.0089978542412286,-0.015003282461755358,-0.010816391499830819,1108.4810421878376,1101.8440876790114,1106.4670599180959,0.006706986791622994,0.0055793551435165,0.0093031781720878,0,0,0
2010-03-05,1136.5,0.012617766,-0.0116771929737077,-0.014743297513722192,-0.010425497688075026,1109.2214864621974,1105.8257059959362,1110.6107630616234,0.006487721738667103,0.0072666438542103,0.0091746614541788,0,0,0
2010-03-08,1137.0,0.00043985047,-0.0054420967974546,-0.015229454568856696,-0.010864203881523444,1130.3318560311488,1119.3228561474202,1124.2196611293375,0.006774618589494058,0.0033935418123515,0.0094966687992203,0,0,0
2010-03-09,1140.5,0.003073548,-0.0134151428750049,-0.014835563684619482,-0.009634159252830926,1121.8488372813208,1120.2564710304134,1126.098558361763,0.006000037946270475,0.0083547888499993,0.0092394097633245,0,0,0
2010-03-10,1145.75,0.004592682,-0.0088405596799942,-0.014528968943677726,-0.010729922946264684,1130.4617788101489,1124.0495046658348,1128.3279422822802,0.006696402241857661,0.0055172757490302,0.0090673363353642,0,0,0
2010-03-11,1150.5,0.004137186,-0.0116333835527073,-0.014286037456313112,-0.010331216161166414,1132.4982814091532,1129.4981363546194,1133.9739443137219,0.006421779075005594,0.0072311931049418,0.0088800558395576,0,0,0
2010-03-12,1151.25,0.00065167807,-0.0125810735113664,-0.01398733293831367,-0.010721594822292407,1136.1161468089708,1134.5195956131056,1138.2306959425175,0.00665895086437812,0.007813832897241,0.0086872302398771,0,0,0
2010-03-15,1150.25,-0.0008689985,-0.0096634801217574,-0.013677712952572823,-0.011224571766250004,1140.1784992806083,1135.6107314912922,1138.3999647410476,0.006971228211619458,0.0060016833292274,0.0084947969856728,0,0,0
2010-03-16,1154.75,0.0039045603,-0.0079175366225109,-0.01326489851983942,-0.010684889906290667,1141.1788116204339,1135.0928020749923,1138.0251323736627,0.006637467859822435,0.0049183843092237,0.0082401726514191,0,0,0
2010-03-17,1161.0,0.0053978325,-0.0099216300249148,-0.012894036063742646,-0.0098240269501904,1143.3496462940946,1139.9561927603322,1143.4612461812153,0.006096406179200784,0.0061569748228818,0.0080015335393919,0,0,0
2010-03-18,1161.25,0.00021530844,-0.0075855748636206,-0.012805439076630332,-0.009815842935415068,1152.226465803318,1146.2276701792387,1149.6595554183025,0.006102731681716316,0.0047161235513688,0.0079614312561263,0,0,0
2010-03-19,1156.25,-0.0043150014,-0.0137976496269596,-0.012398094355806626,-0.009257206307501332,1145.3375093007862,1146.9415946904244,1150.549673156363,0.005770899895278216,0.008601391407123,0.0077289150790122,0,0,0
2010-03-22,1162.0,0.0049606487,-0.0129641422605578,-0.01212720753506073,-0.010540252260776258,1141.3569568638204,1142.3125979840445,1144.1268361629682,0.006579127738489223,0.0080920974035468,0.0075696905074317,0,0,0
2010-03-23,1169.5,0.0064336485,-0.0089961669168787,-0.011843023744178942,-0.011200103412219923,1151.5933342786032,1148.3195751055055,1149.0580904857654,0.007005812059758234,0.0056272207816494,0.0074079671872,0,0,0
2010-03-24,1164.5,-0.004284497,-0.0078442255843129,-0.011231773302258974,-0.010412713453337847,1160.3620650468608,1156.4379335254173,1157.385513413883,0.006423181942733838,0.0048387856204511,0.0069284268488944,0,0,0
2010-03-25,1162.75,-0.0015039212,-0.0158902438280108,-0.010989035166942086,-0.009536723801471629,1146.1420534655235,1151.7733235668932,1153.4472723083206,0.005882819342811803,0.0098020489739876,0.0067786915071348,0,0,0
2010-03-26,1163.5,0.00064481463,-0.0130134965588816,-0.01026298585401742,-0.011255387718458444,1147.7165876658016,1150.8777398248292,1149.736173150222,0.006942993627515587,0.0080274998907266,0.0063308210402089,0,0,0
2010-03-29,1168.75,0.004502098,-0.0059279762298916,-0.009644893377001732,-0.011492443227961897,1156.6232025405204,1152.3321096848483,1150.205084165224,0.007105762759857159,0.0036652600234904,0.005963425080434,0,0,0
2010-03-30,1169.5,0.0006415054,-0.0092454264637971,-0.009439098111542367,-0.00946569372254588,1157.9942053896302,1157.7699564598238,1157.7391652698875,0.005858077411584508,0.0057217596000421,0.0058416180634761,0,0,0
2010-03-31,1165.25,-0.0036406508,-0.0084990672973868,-0.008342597725860093,-0.0093147300157341,1159.60246030198,1159.7839169979404,1158.657001447196,0.005745880351612411,0.0052427309979566,0.005146211245356,0,0,0
2010-04-01,1173.75,0.0072680954,-0.0099118365739141,-0.008087225751252225,-0.008939475882231677,1153.7572834873772,1155.864363229229,1154.879697324695,0.00551856504525145,0.0061188279460285,0.0049924494379615,0,0,0
2010-04-02,1173.7,-4.2599415e-05,-0.0082761988471366,-0.00907886982620305,-0.009137855128408888,1164.0758992133372,1163.1419041671134,1163.0732979137877,0.00564901999521308,0.0051163442749803,0.0056125552945911,0,0,0
2010-04-05,1183.0,0.007892433,-0.008205193049196,-0.008405832647974698,-0.008950595272705659,1164.1089668671427,1163.875423940859,1163.2415607782089,0.005537270557791283,0.0050761287387059,0.0052002540855901,0,0,0
2010-04-06,1185.75,0.0023219008,-0.0101429438989316,-0.009252783563201309,-0.008757950907669848,1171.061545257402,1172.104441899437,1172.6845809770246,0.0054082431787316814,0.0062635093222108,0.0057138141235914,0,0,0
2010-04-07,1179.0,-0.0057088644,-0.0112217247318886,-0.00875091886414147,-0.00925173593973045,1172.518220446114,1175.4188673372366,1174.8303448808533,0.005719307141458449,0.006937129509172,0.00540970830556,0,0,0
2010-04-08,1183.75,0.004020744,-0.0128132585413586,-0.009068407876579246,-0.009787379562233177,1163.9895399991867,1168.3566790399243,1167.5169655702264,0.00606241050410352,0.0079366732105363,0.0056170715375756,0,0,0
2010-04-09,1192.5,0.007364578,-0.0058775017054204,-0.008821554750426466,-0.01060892686981895,1176.8129136946447,1173.3534090340509,1171.25806300392,0.006572102729777768,0.0036410416884253,0.0054648471770596,0,0,0
2010-04-12,1192.5,0.0,-0.0071800639282395,-0.009222582434254079,-0.008936066406065648,1183.9684389947786,1181.5526295552108,1181.891211824034,0.005519853282523695,0.0044351616966634,0.0056968356780012,0,0,0
2010-04-13,1193.0,0.00041919932,-0.0103261126343838,-0.008633457316591996,-0.008449927255841335,1180.24946971582,1182.2489169671849,1182.465915094969,0.005215713129264649,0.0063737875618029,0.0053289969621888,0,0,0
2010-04-14,1206.5,0.011252463,-0.0079112553940028,-0.00824522125241808,-0.008934488576583353,1183.5991077764497,1183.2038920823493,1182.3886293009866,0.0055277958293304605,0.0048947182815091,0.0051013439952769,0,0,0
2010-04-15,1208.5,0.001656315,-0.0088523650827941,-0.009711125345514243,-0.00853189575762364,1195.8667556469877,1194.8402336289746,1196.2500556738337,0.005277111909812979,0.0054753272350618,0.006006483983669,0,0,0
2010-04-16,1190.25,-0.015216552,-0.0195752293870601,-0.009375634991241994,-0.008724440677195562,1185.0733741384233,1197.2224946101426,1198.0023729899053,0.00540901966957755,0.012136342570116,0.0058127501760616,0,1,1
2010-04-19,1195.5,0.004401139,-0.0139624796435151,-0.010902068311842188,-0.011951196391089302,1173.746640625074,1177.3442904807484,1176.109753233744,0.007402344722211449,0.0086480954806516,0.0067525346574945,0,0,0
2010-04-20,1205.5,0.008329911,-0.0076851639168682,-0.010785059244148913,-0.01235513226584712,1186.3476004291972,1182.6757411761148,1180.8203108631726,0.007621381576061562,0.0047406669086772,0.0066528670071225,0,0,0
2010-04-21,1200.5,-0.004156282,-0.0133015163266134,-0.010978437524725338,-0.010332414999360455,1189.571195551189,1192.3378755424862,1193.1084015297067,0.0063736490729465025,0.0082051676407838,0.0067721542501146,0,0,0
2010-04-22,1201.75,0.0010406912,-0.0196897019062754,-0.010830242078828958,-0.011058846767934937,1177.0937005738651,1187.5684467100339,1187.2969940233422,0.006821755461300069,0.0121457810501507,0.0066807384710919,0,0,0
2010-04-23,1212.25,0.008699309,-0.012409198492067,-0.010581863616434066,-0.013550586423259566,1186.9293918291928,1189.1002921786755,1185.5754177979832,0.008369132190208326,0.0076641865754516,0.0065355854468909,0,0,0
2010-04-26,1208.25,-0.0033051053,-0.0083663058514452,-0.010831883345357503,-0.012357724930506695,1202.1502534269848,1199.1899097958283,1197.3615312257332,0.007638460613267826,0.0051713157627466,0.0066953193056412,0,0,0
2010-04-27,1181.0,-0.022811495,-0.0214903393471024,-0.010633317495522265,-0.010447923651981909,1182.561315411313,1195.4703595365088,1195.692012927254,0.006465570916208594,0.0132990360276724,0.0065802996491862,1,1,1
2010-04-28,1190.0,0.00759177,-0.0127712220787856,-0.012229630744319797,-0.013715501114495323,1166.0130909981776,1166.6447646231763,1164.9125689627028,0.008527314220871047,0.0079402292881034,0.0076035066667615,0,0,0
2010-04-29,1205.25,0.012733707,-0.0117546425945727,-0.012252486399330211,-0.012782145739704523,1176.0938662475778,1175.508500924793,1174.8860467264806,0.007958994689376641,0.0073192044505578,0.0076291943598339,0,0,0
2010-04-30,1183.5,-0.018210864,-0.015456328362914,-0.0124821245240983,-0.011992946032376765,1186.764487328834,1190.2994210236984,1190.881832339102,0.0074450430755471616,0.0095950594742142,0.0077487178300792,1,1,1
2010-05-03,1198.5,0.012594625,-0.0128756678946927,-0.018130159888889816,-0.012815604079304484,1168.3593293415317,1162.236295403479,1168.4295075681614,0.007944236972049473,0.0079814698000876,0.0112386654274906,0,0,0
2010-05-04,1172.5,-0.021932553,-0.0265339534443116,-0.0186280014846173,-0.013067839693147882,1167.1172522135055,1176.380996246719,1182.9400828074456,0.00807421388065199,0.0163945089807745,0.0115096658428377,0,1,1
2010-05-05,1164.0,-0.007275872,-0.0187724398425047,-0.021379054660205517,-0.018105405339098574,1150.6946246884033,1147.6991127979509,1151.4624337550554,0.011168492551064686,0.0115799591679708,0.0131878744634169,0,0,0
2010-05-06,1122.5,-0.03630401,-0.1103422475492437,-0.020318975177083243,-0.018281827373751742,1042.3941155972086,1140.5873786371887,1142.913292020384,0.011289059641441869,0.0681365264034065,0.0125470018908726,0,1,1
2010-05-07,1107.0,-0.013904687,-0.043326473108756,-0.028153646437105002,-0.03612281943052736,1074.904550629563,1091.338248618428,1082.6757476498271,0.022390146813103695,0.0268552153207403,0.017450583508946,0,0,0
2010-05-10,1156.5,0.04374455,-0.0296500898648216,-0.027115739176419938,-0.0378138502283215,1074.6591739936364,1077.386191360594,1065.921628167396,0.02349504622617781,0.0184226210179082,0.0168479417345819,0,0,0
2010-05-11,1152.25,-0.0036816502,-0.0277758588525371,-0.036569497833783327,-0.025677680765143505,1124.8192362270097,1114.9713448052146,1127.181784957998,0.016026002776835333,0.0173355216606634,0.0228238242850672,0,0,0
2010-05-12,1169.75,0.015073498,-0.0253380022858849,-0.033577468477231906,-0.023911565173084903,1123.4210630671616,1114.202702536236,1125.0246960336988,0.014904695041906769,0.015793830069616,0.0209297017702423,0,0,0
2010-05-13,1156.75,-0.011175702,-0.0174966269010504,-0.032141126626337065,-0.02488373709001402,1149.4613299094847,1132.7507018212398,1141.0014180291046,0.015567371318302122,0.0109459638960641,0.0201076249508178,0,0,0
2010-05-14,1135.25,-0.018761458,-0.0307828442377541,-0.030396507773938465,-0.021771237456752343,1121.6844229460455,1122.1178542592932,1131.8382844863986,0.013597700476626647,0.0192260957419217,0.0189848008900053,0,0,0
2010-05-17,1134.5,-0.00066086574,-0.0276907548417439,-0.030291948029588827,-0.02554119649132544,1104.2453231353566,1101.37670026172,1106.6215158581142,0.015918105472346976,0.0172577802425773,0.0188789285522162,0,0,0
2010-05-18,1118.75,-0.013980035,-0.0286525279798896,-0.027930479623070565,-0.02684019939435554,1102.4549846522227,1103.2512979161029,1104.4548069553616,0.016783549103978015,0.0179168233155791,0.0174653164592378,0,0,0
2010-05-19,1110.0,-0.007851975,-0.0234379744828363,-0.027158846666268,-0.02630188259683948,1092.8336656319416,1088.774926951034,1089.7083678486554,0.01639812152870377,0.0146125948414959,0.0169324027119796,0,0,0
2010-05-20,1070.0,-0.036701366,-0.0357640870051789,-0.02544204706203696,-0.023376271055134047,1071.0033595753166,1082.1155506102152,1084.3532694685505,0.014575690097020876,0.0222998034015306,0.0158637531424682,1,1,1
2010-05-21,1084.5,0.013460402,-0.0371202891968172,-0.03212972406855901,-0.026079887943844995,1031.0094380668813,1036.1676182267315,1042.4552629472478,0.01627784555614069,0.023168747344548,0.0200538701422163,0,0,0
2010-05-24,1071.0,-0.01252626,-0.0144513633687309,-0.03077459444080434,-0.0309895544370935,1068.9401974012183,1051.6332762741483,1051.407241484072,0.019302760321107507,0.0090014589911609,0.0191688661311985,0,0,0
2010-05-25,1073.0,0.0018656722,-0.0407295077024258,-0.029438965604760774,-0.023329761799284005,1028.2550956440982,1039.9304395422537,1046.3030324553633,0.014533462479555812,0.025372773931286,0.0183392400546008,0,0,0
2010-05-26,1061.25,-0.011011005,-0.0286370413359335,-0.027104388414981764,-0.025795610365547936,1042.7082576945324,1044.307592851165,1045.6752544930914,0.016137816024957567,0.0179154242923293,0.0169565917422197,0,0,0
2010-05-27,1101.0,0.036771398,-0.0323777685780805,-0.025871846340823516,-0.026728270055719983,1027.4394025876609,1034.145634902809,1033.2603472012229,0.016766294604303924,0.0203101512173587,0.0162290711970227,0,0,0
2010-05-28,1088.5,-0.011418256,-0.0216721624159756,-0.032309486053555755,-0.026748568493779497,1077.3956516873106,1065.9957849839277,1071.9402125805095,0.016822652387238023,0.0136300099531871,0.0203200127444459,0,0,0
2010-06-01,1069.5,-0.017609352,-0.0226102309166018,-0.03111385257421271,-0.024602727335914076,1064.164911345859,1055.1540224526786,1062.0466775578534,0.01550657158733406,0.0142507438109366,0.0196103942344432,0,0,0
2010-06-02,1096.75,0.02516001,-0.0201202854121389,-0.030605755607321244,-0.023031817407757747,1048.196390783446,1037.2629799187805,1045.1489719354797,0.014516460738011636,0.012681384540871,0.0192901516091913,0,0,0
2010-06-03,1103.5,0.006135686,-0.013622341891648,-0.03231961005594591,-0.021878411914602852,1081.9109969864046,1061.8701552745165,1073.015435753622,0.01378949398328431,0.0085858700478961,0.0203703573252086,0,0,0
2010-06-04,1066.0,-0.034573622,-0.0364654981327004,-0.03021462091414121,-0.019998612234008083,1063.9851654563154,1070.6568362617138,1081.650737071071,0.012604696545219807,0.0229834216971989,0.0190436277975311,0,1,1
2010-06-07,1048.0,-0.01702974,-0.0203408836748526,-0.03490051141191572,-0.022706701277737558,1044.5356598954459,1029.4377859479025,1042.0673999221274,0.014246702018385612,0.0127623341216186,0.0218973764745969,0,0,0
2010-06-08,1059.25,0.010677525,-0.0212685113069268,-0.033939932380945684,-0.02359254181224186,1025.9459597904925,1013.027785199674,1023.5643985655275,0.014736353744416108,0.0132847197529754,0.0211995321914681,0,0,0
2010-06-09,1055.5,-0.0035465222,-0.0280669109521589,-0.032091046117172284,-0.02240115508993676,1029.9334614000618,1025.797197963761,1035.7853750494744,0.013953929512886735,0.0174831920719495,0.0199898707774664,0,0,0
2010-06-10,1083.75,0.02641266,-0.026479152907719,-0.02979185085923399,-0.022689500681512466,1027.918039147261,1024.5184911114366,1031.8208815695339,0.014112062546197445,0.016469091464341,0.0185294717849415,0,0,0
2010-06-11,1089.25,0.005062137,-0.0180693446700822,-0.031937498650839134,-0.022944610673982187,1064.3432097304715,1049.6846129826242,1059.1668817042869,0.014208593630871487,0.0111895546732671,0.0197774957424249,0,0,0
2010-06-14,1090.5,0.0011469206,-0.0179651990702506,-0.02970088842670576,-0.021258030060697104,1069.8561358366578,1057.3740229295586,1066.3390741200437,0.013152822687353844,0.0111154738816035,0.0183766095926073,0,0,0
2010-06-15,1109.25,0.017047804,-0.0184120884792091,-0.027494793105021995,-0.01953817106362971,1070.6053307482107,1060.925365437117,1069.4004192727066,0.01214276243449609,0.0114429142624378,0.017087717154928,0,0,0
2010-06-16,1109.5,0.00022535211,-0.0151140177987806,-0.0274951465079341,-0.01865859617152175,1092.6108348201149,1079.1664793356535,1088.7448457834546,0.011626252210758942,0.009417610051217,0.0171323450561039,0,0,0
2010-06-17,1111.75,0.002025887,-0.0170901628226674,-0.025427369333396763,-0.017833080874292525,1090.6995731167738,1081.64398713342,1089.8895736338793,0.011096208627457964,0.0106339456145749,0.0158215732300934,0,0,0
2010-06-18,1110.25,-0.0013501352,-0.0086030785454636,-0.02349681520660969,-0.017347656921968393,1102.226551652305,1085.9319248013962,1092.630064949428,0.010802478013620621,0.0053571826590099,0.0146315915054831,0,0,0
2010-06-21,1110.5,0.00022514917,-0.0262857617324214,-0.021558872361711716,-0.015630476014370398,1081.4464530666253,1086.570431509613,1093.0311837143972,0.00971719521335671,0.0163414011096583,0.0134027761615187,0,0,0
2010-06-22,1090.5,-0.018174058,-0.0217096302946549,-0.019837094621164824,-0.01673036365915624,1086.6512658264085,1088.6879653874819,1092.0754853294295,0.010427966467511207,0.0135315227658443,0.0123643790258643,0,0,1
2010-06-23,1087.5,-0.0027548226,-0.0180610011700371,-0.02164536640301352,-0.017764713274211027,1070.981272683328,1067.149356240989,1071.2986384845813,0.011027011408681503,0.0112109248756256,0.0134358319544407,0,0,0
2010-06-24,1070.5,-0.015755655,-0.0211656880684489,-0.020049176095656485,-0.017800277747320195,1064.7241972581157,1065.9136384611854,1068.3134673563727,0.011058553482896645,0.0131493393996331,0.0124556981238795,0,0,0
2010-06-25,1074.75,0.003962247,-0.0172526817996242,-0.021000002198890245,-0.01807950673381095,1052.1894116946057,1048.2538992666114,1051.3197948135316,0.011260881584355368,0.0107458908928528,0.0130799220086387,0,0,0
2010-06-28,1071.0,-0.0034952848,-0.013708578426324,-0.019592169610266445,-0.01761990102096351,1060.1172317167905,1053.8982482365234,1055.978869745625,0.010957765309158205,0.0085253251388374,0.0121843134210059,0,0,0
2010-06-29,1035.25,-0.03394985,-0.0345179321067179,-0.01826502456967455,-0.016099417459226127,1034.662057967438,1051.615724715867,1053.895578950026,0.010014208357552344,0.0214709485646901,0.0113612658445423,0,1,1
2010-06-30,1026.5,-0.008487986,-0.022010060797001,-0.02618808097146769,-0.019998886865376382,1012.7130145854518,1008.4907057672796,1014.7518060955596,0.01247381431972471,0.0137282346460474,0.0163341720780246,0,0,0
2010-07-01,1021.75,-0.004638114,-0.0263640387200061,-0.024837006855421808,-0.021673260547969017,999.790940612805,1001.3188195000208,1004.4917547523222,0.013494246930590684,0.0164148282067672,0.0154640647069249,0,0,0
2010-07-02,1014.25,-0.0073674205,-0.0228228668608781,-0.02332328007495857,-0.023028633996570673,998.6948290787716,998.1951940118879,998.4893516453375,0.014369040782683296,0.0142406494779735,0.0145528893564825,0,0,0
2010-07-06,1024.25,0.009811214,-0.038714703422614,-0.02212235754559416,-0.021879903596561195,975.7339906139267,992.0587650985653,992.2993228247432,0.013631870760211858,0.0241204825811002,0.0137829272255173,0,0,0
2010-07-07,1059.25,0.033600472,-0.0334020445757741,-0.02140812502945509,-0.026478442236262445,990.6030230157293,1002.5557728487123,997.4853622205345,0.016550448111195347,0.0208780713240786,0.0133812276151481,0,0,0
2010-07-08,1067.0,0.007289862,-0.0133963239473932,-0.027879960574147447,-0.02805564960623672,1045.1545681427024,1030.1260258494347,1029.9450599023546,0.017530730556209562,0.0083707684142605,0.0174209502757147,0,0,0
2010-07-09,1072.5,0.0051413993,-0.0112346164631774,-0.026226778003379587,-0.0198731785482791,1055.079749333517,1039.379805406743,1046.004631832777,0.012411644156208858,0.0070164951939466,0.0163797368977003,0,0,0
2010-07-12,1076.5,0.003722666,-0.0115253021903255,-0.02454885697734417,-0.015835871947464844,1060.2100720094832,1046.4918916853383,1055.6497982870667,0.009886059280180553,0.0071950455935451,0.0153254242105406,0,0,0
2010-07-13,1089.75,0.012233274,-0.0203327403421733,-0.02297443387182814,-0.014758989160601695,1054.8328279786206,1052.0499602822395,1060.728619273216,0.009256537879217298,0.012752281278723,0.0144090977419947,0,0,0
2010-07-14,1091.0,0.0011463948,-0.0156286793498967,-0.022562650116181443,-0.016434597238923425,1072.8510448250008,1065.4376588473426,1071.986763292469,0.010287365405215654,0.0097828947637702,0.0141232683028863,0,0,0
2010-07-15,1090.5,-0.0004584002,-0.0238471568883451,-0.021220312955011394,-0.016465334559834836,1065.2905192211524,1068.0925497960752,1073.183400645374,0.010319447602572807,0.0149459147085851,0.0132995723138002,0,0,0
2010-07-16,1063.0,-0.025541207,-0.02752766636041,-0.019800996442705467,-0.01821309783843539,1060.8904899398701,1069.1193906344743,1070.818392386925,0.011443529839842299,0.0172959962226633,0.0124412274979673,0,1,1
2010-07-19,1063.75,0.0007053015,-0.0147416207517032,-0.023651043627517198,-0.020499164038440768,1047.444594784485,1038.1539166965717,1041.4312149485108,0.012835400908480505,0.0092303574933136,0.0148089271491208,0,0,0
2010-07-20,1080.0,0.01516064,-0.0276298507494071,-0.02208752647307011,-0.018212987985888072,1034.7610703417524,1040.511973706742,1044.5512975999768,0.011452650719206576,0.0173741414809009,0.0138890294191871,0,0,0
2010-07-21,1064.0,-0.01492565,-0.0241577082086136,-0.022429941267114523,-0.020102205498815966,1054.2222939181538,1056.045318774112,1058.5063764703407,0.012597607644133002,0.0151391015086126,0.0140563481743682,0,0,0
2010-07-22,1087.75,0.022075951,-0.0265610999743367,-0.022676030191109763,-0.020977780601858873,1036.111010350819,1040.144203474564,1041.9121287051257,0.01310649014105499,0.0165948343896004,0.0141675219022793,0,0,0
2010-07-23,1100.5,0.011653279,-0.0135319733431794,-0.024955930236006636,-0.02211764763581354,1073.1297395806407,1060.9401111588945,1063.9556364483392,0.013826565678204877,0.0084593407610956,0.0156008818908084,0,0,0
2010-07-26,1109.5,0.0081448415,-0.0131557358935592,-0.024266369408580908,-0.018359234103963763,1086.1169300273752,1074.116273762902,1080.4800011193997,0.01148032299342038,0.0082264922610026,0.0151741492651928,0,0,0
2010-07-27,1111.0,0.0013510473,-0.012882328867376,-0.02311053079789621,-0.01601202860149054,1095.2987252638454,1084.152886840004,1091.8761277795302,0.010000092270498393,0.008045481340239,0.0144333642008136,0,0,0
2010-07-28,1102.0,-0.0081338,-0.0150316371046086,-0.02157789130329519,-0.014934166392442338,1094.4247399213052,1087.2837562210084,1094.5314194790997,0.009329493212483187,0.0093903839460986,0.0134798813113311,0,0,0
2010-07-29,1097.0,-0.0045475294,-0.0244685386877705,-0.020714042856472565,-0.014869208268526871,1075.3628849833701,1079.4079192326396,1085.7353533632145,0.00927539383352076,0.0152634443449285,0.0129213944621979,0,0,0
2010-07-30,1098.25,0.0011388225,-0.0206369683701864,-0.019549587552478192,-0.017267467453281372,1074.5932446668862,1075.762372276246,1078.2201946642035,0.01077999414411204,0.0128835568264273,0.0122047103841781,0,0,0
2010-08-02,1121.75,0.021171963,-0.0169218314961804,-0.018276626181234098,-0.01808785668374987,1079.821956418074,1078.3600099130051,1078.5635906044913,0.011290804880614659,0.01056294844583,0.0114086386074498,0,0,0
2010-08-03,1118.25,-0.0031250026,-0.0091009961690732,-0.021084320011033046,-0.01692933668726028,1111.5872731628906,1098.3462570326242,1102.9193614214319,0.010576825118327467,0.0056859667133499,0.0131727054411627,0,0,0
2010-08-04,1124.5,0.0055735293,-0.0126538634989498,-0.019816965684667853,-0.01430766170445176,1104.1889679532298,1096.307810011787,1102.3643713926158,0.008938750344946568,0.0079055354433597,0.0123807029065066,0,0,0
2010-08-05,1123.5,-0.00088967977,-0.0123189370436579,-0.01884024708136491,-0.013584237293902988,1110.7323309290011,1103.512468098946,1109.32780979058,0.008481911086192149,0.0076918656837364,0.0117637300592321,0,0,0
2010-08-06,1119.5,-0.0035666556,-0.0233245804355598,-0.017661691632107134,-0.013170261438355726,1097.5980838315725,1103.8312920563644,1108.8002237019632,0.008228406225015939,0.0145725370563188,0.0110345245650709,0,0,0
2010-08-09,1125.5,0.0053452244,-0.0091014619952864,-0.01671104385847998,-0.015584758275032362,1109.357140736907,1100.9474345137396,1102.1881142860846,0.009759851479803875,0.0056997301950704,0.0104651803546125,0,0,0
2010-08-10,1119.75,-0.005121935,-0.0170348834647866,-0.015951088179520977,-0.013525799641385082,1106.4896181917306,1107.689476506067,1110.379203460808,0.008457479540145446,0.0106516569956703,0.0099739760678238,0,0,0
2010-08-11,1085.0,-0.03152546,-0.018765532632887,-0.015318791682527096,-0.014008975952773917,1098.9332246466613,1102.7274979760552,1104.1728141408253,0.00878384755326102,0.0117662831643583,0.009605122550934,1,1,1
2010-08-12,1079.25,-0.0053136316,-0.0168817104008997,-0.022710090265237508,-0.015013319778156745,1066.8370860965697,1060.6372393870265,1068.8322177664809,0.00946257358889176,0.0106401801423885,0.014313683017519,0,0,0
2010-08-13,1076.0,-0.0030158937,-0.0168264804257895,-0.021515232419241418,-0.01626097875691212,1061.2419519182918,1056.2776987712916,1061.8422557335914,0.010248946294913196,0.0106053698731399,0.0135605897334838,0,0,0
2010-08-16,1077.0,0.0009289364,-0.0159256289638085,-0.02028160105522538,-0.016585194096044285,1058.999752359778,1054.3968114130364,1058.3015033437407,0.010453292272386427,0.0100375825098108,0.0127830583322976,0,0,0
2010-08-17,1089.0,0.011080446,-0.0223550908604945,-0.019271902152523442,-0.015983633452522246,1053.1906883563463,1056.4428849856931,1059.922470829027,0.010074141495501607,0.0140899345034641,0.0121466667606386,0,0,0
2010-08-18,1086.75,-0.002068253,-0.0150284310720853,-0.019223464221243707,-0.01746869303677677,1072.7564021795624,1068.2655796719932,1070.1417870044027,0.011010142713589476,0.0094720979134872,0.0121161373710032,0,0,0
2010-08-19,1071.25,-0.0143654,-0.0234150715327374,-0.01821131961318505,-0.016000654237472517,1061.5992731420142,1067.1379709034331,1069.4996653630942,0.010084869331350875,0.0147580175964849,0.0114782043236908,0,0,0
2010-08-20,1070.25,-0.00093392486,-0.0149499877066297,-0.018879123425036743,-0.017676966528439694,1055.353944651051,1051.2154514465033,1052.479937254152,0.011141413030254763,0.0094226567419707,0.011899106749401,0,0,0
2010-08-23,1065.5,-0.0044480935,-0.0162170624159401,-0.018192218184813723,-0.016114685806960995,1053.0336654484695,1050.9558126463323,1053.1414769828746,0.010156740984901574,0.0102212667667113,0.0114661651028997,0,0,0
2010-08-24,1049.75,-0.014892132,-0.0178735155033838,-0.017274610836688666,-0.015484150108655077,1046.6249534363792,1047.2519697480275,1049.1287128882977,0.009759327852176338,0.0112652936353915,0.0108878168637598,0,0,0
2010-08-25,1054.5,0.0045146802,-0.021823357645879,-0.01816193095241494,-0.015706927605592037,1027.0890981582572,1030.8566026105607,1033.390468071515,0.009899739732417654,0.0137547944580041,0.0114470757096401,0,0,0
2010-08-26,1044.75,-0.009289099,-0.0173874473270261,-0.017276036141742293,-0.017436192871566523,1036.3234169155787,1036.4388813676908,1036.2729019974997,0.010989658556221395,0.0109589352845426,0.0108887152029783,0,0,0
2010-08-27,1063.75,0.01802278,-0.0222732538813993,-0.017030797442435523,-0.0168769075354523,1021.7372537505423,1027.1077317439765,1027.265805419936,0.010637152999264647,0.0140383544100255,0.0107341465084241,0,0,0
2010-08-30,1045.0,-0.017783515,-0.0237709195891313,-0.018794030211897017,-0.01806900829931498,1038.7618564939512,1043.9445454802103,1044.7017025957869,0.011378105570516764,0.0149686152174524,0.0118346539170361,0,0,0
2010-08-31,1048.25,0.0031052215,-0.0177671077832089,-0.020265288884749277,-0.01971805518803736,1026.597337505573,1024.0359122223776,1024.5964525394752,0.012384446514119227,0.011159102353321,0.0127281511230689,0,0,0
2010-09-01,1081.75,0.031457994,-0.0186117159553456,-0.01924674506521774,-0.01842770114950915,1028.9207024106627,1028.2675152312686,1029.1100564753792,0.011611743593585442,0.0117276958073456,0.0121278431256938,0,0,0
2010-09-02,1089.5,0.007138775,-0.0125429540330266,-0.025413964235135342,-0.017640765488727374,1068.2663983485843,1054.6048382770205,1062.8344349915299,0.011118596291030266,0.0079055550213673,0.0160178768129827,0,0,0
2010-09-03,1103.5,0.012768071,-0.0140185835651931,-0.024043578267244237,-0.016077862654928058,1074.3333093457836,1063.6169291885028,1072.123233588848,0.010133532141618721,0.0088356126797929,0.0151541519168261,0,0,0
2010-09-07,1091.25,-0.011163118,-0.0139032835155041,-0.023741862250098708,-0.0154498541433818,1088.2638880618365,1077.6094164876822,1086.5821119251852,0.009737711840528294,0.0087629415303666,0.014963986779643,0,0,0
2010-09-08,1099.25,0.007304301,-0.015685960698269,-0.023193948988579703,-0.015021371391703993,1074.2662468654778,1066.230870963494,1074.9804300185049,0.009467648348293809,0.0098865247402369,0.0146186487975002,0,0,0
2010-09-09,1102.5,0.0029521992,-0.0152161975388134,-0.02212387695152313,-0.015194632563850856,1082.6502079941988,1075.1973779565149,1082.6735555705716,0.009576851150589587,0.0095904430919816,0.0139442053335839,0,0,0
2010-09-10,1109.75,0.0065544364,-0.0081727439578196,-0.020890454129960996,-0.015042016154373214,1093.5262697354344,1079.7071794220192,1086.0402812176276,0.009480660299605665,0.0051511053029428,0.0131668053722355,0,0,0
2010-09-13,1121.25,0.010309369,-0.0092370521702764,-0.019911959190526782,-0.012822121370759889,1099.5463795913577,1087.8712505516514,1095.6114873763304,0.008081508209333127,0.0058219159517832,0.0125500809896492,0,0,0
2010-09-14,1115.75,-0.00491731,-0.0123107017909679,-0.01957493905756748,-0.011662092419444318,1107.5312426421629,1099.5150240231708,1108.2498308017107,0.0073503668309259996,0.0077591714124028,0.0123376644251459,0,0,0
2010-09-15,1120.75,0.0044712797,-0.0116911330987686,-0.018585850387382395,-0.011797187419895848,1102.7815737565368,1095.2043579712947,1102.6646252069395,0.007435514313438419,0.0073686705485073,0.011714263041184,0,0,0
2010-09-16,1122.5,0.0015602366,-0.0112082097645347,-0.017844947532240984,-0.01186102230151497,1108.2585331653656,1100.9276653337354,1107.5352841993815,0.00747574807078088,0.0070642943242275,0.0112472878556427,0,0,0
2010-09-17,1119.75,-0.0024528946,-0.0154853785847964,-0.016801181044463834,-0.011760481130737266,1105.25155655259,1103.7982201973869,1109.376182396791,0.007412379126319873,0.0097601021343512,0.0105894242154783,0,0,0
2010-09-20,1136.5,0.014847918,-0.0169211813458372,-0.015853942340490035,-0.012652310580398647,1100.961913786562,1102.1375305047798,1105.6718237601942,0.007974480108704846,0.0106650578327737,0.0099923999680071,0,0,0
2010-09-21,1134.75,-0.001541002,-0.0134806355948333,-0.017090265122363158,-0.013682948335696624,1121.2820618450269,1117.2419450550306,1121.0552351435538,0.008624068990251648,0.0084965556070241,0.0107716277121679,0,0,0
2010-09-22,1129.75,-0.004415993,-0.0128200769088237,-0.01615415474637253,-0.013614360163263534,1120.295271070282,1116.5663391643652,1119.4057925921363,0.008580839335613906,0.0080802196288055,0.0101816174112467,0,0,0
2010-09-23,1120.5,-0.008221355,-0.0150386990847336,-0.01545659873604062,-0.013156949911391411,1112.887145219277,1112.4221672331819,1114.9832912768377,0.008292543460177295,0.0094785696217257,0.0097419628126853,0,0,0
2010-09-24,1143.25,0.02010007,-0.0164851942545881,-0.015401315123682412,-0.01342571443095017,1102.1797610793853,1103.3750383719653,1105.5570215161324,0.008461939974871404,0.0103902645161913,0.0097071187370292,0,0,0
2010-09-27,1137.75,-0.004822456,-0.0112841353064652,-0.018244888594293168,-0.014112993739860058,1130.421925294335,1122.5806593804043,1127.2286405024843,0.00889511738884646,0.0071121485655552,0.0114993621328052,0,0,0
2010-09-28,1141.75,0.0035095452,-0.0181809845152831,-0.01755368065143981,-0.013387965626663239,1117.2514910469895,1117.9525670950748,1122.6193524010143,0.008438147712817715,0.0114590847618307,0.0110637085850807,0,0,0
2010-09-29,1141.0,-0.0006571022,-0.0110415163378699,-0.01666830125152106,-0.014789539154011362,1129.2126915429756,1122.8766969620895,1124.9882981175085,0.009321529459076803,0.0069592310311045,0.0105056729307673,0,0,0
2010-09-30,1136.75,-0.0037317572,-0.0215397288773506,-0.015730717441548314,-0.013358492332760133,1116.6859682311351,1123.1916873948953,1125.859313771857,0.008419571327542091,0.0135760293258558,0.0099147339559958,0,0,0
2010-10-01,1142.25,0.0048266877,-0.0103766017275881,-0.015126684237097234,-0.015472736428988536,1125.0153859865995,1119.6841420272324,1119.2967399102,0.009752134054577902,0.0065401496072029,0.0095340247769661,0,0,0
2010-10-04,1134.75,-0.006587639,-0.0150987053740899,-0.014572403491487642,-0.013247716156785785,1125.1330508517872,1125.725366349337,1127.2175886302584,0.008349751478731678,0.0095163902994453,0.0091846735061121,0,0,0
2010-10-05,1154.75,0.017471507,-0.0187447571914625,-0.014392775039280893,-0.013328156696360565,1113.677503204406,1118.5347695235212,1119.7262162618429,0.008400451426278521,0.0118144185930274,0.0090714575437013,0,0,0
2010-10-06,1155.75,0.0008656136,-0.0087148277156193,-0.016853196168988317,-0.014646066523669846,1144.7302761936908,1135.4518462784552,1137.9607033771722,0.009231101736050901,0.0054927690738687,0.0106222082333252,0,0,0
2010-10-07,1156.5,0.0006487188,-0.0160076407262592,-0.01594359990773989,-0.012608019767833167,1137.396459585699,1137.4693017183617,1141.2697565681024,0.007946564559085871,0.0100892727654513,0.0100489092104957,0,0,0
2010-10-08,1160.5,0.003452744,-0.0176486033151325,-0.015202964278997028,-0.013481869607711852,1136.2684447421896,1139.0507480742185,1141.012850244508,0.008497333378885735,0.0111235363049799,0.0095821024520244,0,0,0
2010-10-11,1162.25,0.0015068349,-0.0069745817191404,-0.014526617111305993,-0.014533622612575793,1152.4341585468492,1143.7637159476294,1143.7557033375313,0.009160230749548746,0.0043959293310415,0.0091558153322878,0,0,0
2010-10-12,1164.5,0.0019340287,-0.0165919151854882,-0.013790792564256185,-0.011636954109418412,1143.1251443081958,1146.3316668436132,1148.8033409074706,0.007334522693051403,0.010457528430971,0.0086920408954639,0,0,0
2010-10-13,1174.25,0.008337836,-0.0141158265821451,-0.013101844541497437,-0.012752052429351774,1148.1775931056416,1149.342415018973,1149.744516251721,0.008037345257756309,0.008896902868606,0.0082578117269251,0,0,0
2010-10-14,1173.5,-0.00063890964,-0.0174441739674453,-0.013433301706173286,-0.012790821344629113,1153.9438060360683,1158.581421463157,1159.3260264451228,0.008061780473897317,0.0109946888698488,0.0084667220717826,0,0,0
2010-10-15,1175.0,0.0012774112,-0.0162587976489044,-0.012731248067468583,-0.01394011618437186,1154.5745702327586,1158.6545812644863,1157.2547669486096,0.008786156371906367,0.0102475715892962,0.0080242327144815,0,0,0
2010-10-18,1178.25,0.0027621393,-0.0163912377688766,-0.012126530200601473,-0.014196982372170444,1155.897281914935,1160.8373723343489,1158.4364004823549,0.00894805362317777,0.0103310457575599,0.0076430920074093,0,0,0
2010-10-19,1163.75,-0.012382737,-0.0192982362104109,-0.011648997251972748,-0.014288308576470501,1155.7298516681542,1164.6042032223334,1161.534502889588,0.009005614571825568,0.0121632645527549,0.0073421132276131,0,1,0
2010-10-20,1174.75,0.009407809,-0.0163496568927949,-0.01315559693540434,-0.01528098938581294,1144.877784311142,1148.5404388533495,1146.1019319856193,0.00963128000408726,0.0103048382228089,0.0082916907084188,0,0,0
2010-10-21,1175.75,0.00085088285,-0.0180952632123502,-0.013585347141351366,-0.015046544970179302,1153.6837639064756,1158.8985310966045,1157.2063876583677,0.009483514715115951,0.0114050564623524,0.0085625530499065,0,0,0
2010-10-22,1180.75,0.004243588,-0.0063719707474839,-0.012990687685288901,-0.015583253873305381,1168.2819736843153,1160.5749793392347,1157.5700088646997,0.009821790830371482,0.0040161165548513,0.0081877519435244,0,0,0
2010-10-25,1182.75,0.0016924058,-0.0116985581929431,-0.012668199411699669,-0.011618476983230616,1167.0174097821427,1165.8863700386064,1167.110869690215,0.007322876956542304,0.0073733504261805,0.0079844944984367,0,0,0
2010-10-26,1182.75,0.0,-0.0097324932402841,-0.012145323275883453,-0.011394710741096362,1171.2947282191362,1168.4719998696564,1169.3493988514479,0.007181841891400628,0.0061341818365562,0.0076549368798589,0,0,0
2010-10-27,1178.75,-0.0033876805,-0.0172292805308315,-0.01152830940977877,-0.010682297819802393,1162.5466131377443,1169.1931857636994,1170.1827552843963,0.006732823300373908,0.0108592461438045,0.0072660462680785,0,0,0
2010-10-28,1179.25,0.0004240882,-0.0132903456885882,-0.011322964262623423,-0.01243071493787374,1163.1876486029082,1165.478334965724,1164.1879903751715,0.007834813125961931,0.0083766199587015,0.0071366216241762,0,0,0
2010-10-29,1179.75,0.00042390844,-0.0099976205496842,-0.010991279469543199,-0.012362162684332767,1167.5190444989605,1166.3595049750909,1164.7616577884933,0.007791606110231833,0.0063012858956647,0.0069275678100155,0,0,0
2010-11-01,1183.0,0.0027510333,-0.0178939988671994,-0.010607838666605005,-0.011239562302674408,1158.8273084219175,1167.3015446672537,1166.564365562315,0.007084055156856723,0.0112782038604662,0.0066858932924271,0,0,0
2010-11-02,1192.75,0.008207981,-0.0087327739677748,-0.010199125098046158,-0.012969024291434293,1172.7141059579085,1170.9957554636444,1167.7567032600937,0.008174097970814604,0.0055040802118565,0.0064282898924853,0,0,0
2010-11-03,1197.25,0.0037656948,-0.0170604724299189,-0.010935738085299514,-0.011038743896318218,1172.5737193221778,1179.7774598318617,1179.655942156411,0.0069574836206323255,0.0107528500168393,0.0068925612662663,0,0,0
2010-11-04,1218.5,0.017593333,-0.0135374229456144,-0.01062629096547475,-0.012672509717537096,1181.1515321147588,1184.5950299196998,1182.1735676215499,0.007987211191798326,0.0085323474567698,0.0066975233808099,0,0,0
2010-11-05,1222.0,0.0028682668,-0.010624897661366,-0.014597239728691608,-0.012472974417842168,1205.622096549737,1200.8424526536046,1203.3960719417396,0.00786144837019428,0.0066966452111009,0.0092003272539631,0,0,0
2010-11-08,1220.0,-0.001638002,-0.0068935798391677,-0.01387268471048325,-0.011898319680490257,1213.6050144332894,1205.1646252054381,1207.546410579998,0.00749925580913865,0.0043448755826763,0.008743655759563,0,0,0
2010-11-09,1211.0,-0.007404394,-0.0157083761933799,-0.013496580356199217,-0.010228137613359858,1200.985515371527,1203.6447899370405,1207.5852701246836,0.006446575858894553,0.0099006527462444,0.0085066052482768,0,0,0
2010-11-10,1214.0,0.0024742282,-0.0138576383099072,-0.013405093927520739,-0.01181978253504418,1194.3341414271133,1194.8747529496359,1196.7705037887356,0.007449755530104679,0.0087341723358564,0.0084489433136383,0,0,0
2010-11-11,1211.0,-0.0024742282,-0.0107225468548728,-0.01280193041156175,-0.012240289955650855,1201.052367965873,1198.5575141990967,1199.2308616596943,0.007714792342146409,0.0067581914042885,0.0080687822806201,0,0,0
2010-11-12,1195.5,-0.012881957,-0.0143624826329457,-0.012344918574746335,-0.011371138191226827,1193.7313407890456,1196.1422014524826,1197.307548568151,0.007166984618584603,0.0090523648894205,0.0077807375176522,0,1,1
2010-11-15,1195.75,0.00020909566,-0.012395048354461,-0.013833419654925986,-0.011949677318265541,1180.7731780756917,1179.0760086964601,1181.2991773732545,0.007531625427183244,0.0078123332430849,0.0087189078368402,0,0,0
2010-11-16,1174.75,-0.017718244,-0.0154198554520219,-0.013360804687805322,-0.01187496687185107,1177.4531378665072,1179.8800713820617,1181.6344848745975,0.007484537034509129,0.0097188043084995,0.008421028755353,1,1,1
2010-11-17,1177.5,0.002338188,-0.0082059201895956,-0.01617007937874586,-0.012744500138994943,1165.1495394360827,1155.906956578478,1159.8733972517166,0.0080325852110563,0.0051720155705732,0.0101916543656269,0,0,0
2010-11-18,1197.75,0.01705125,-0.0124872178758115,-0.015269567325625075,-0.011221646508549133,1162.8877241618554,1159.6566611998967,1164.3603732435931,0.007072763215912356,0.00787042571639,0.0096240809244259,0,0,0
2010-11-19,1198.25,0.0004173623,-0.011731470193225,-0.01757786522576426,-0.011538750268399177,1183.780731815193,1176.8800736674073,1184.0088919336329,0.007272626917427657,0.007394094154365,0.0110789516037896,0,0,0
2010-11-22,1198.0,-0.00020865936,-0.0217293579300389,-0.016522141851519116,-0.011756764754017162,1172.4936448201393,1178.614996347709,1184.2449450181841,0.0074100367737477794,0.0136955484523494,0.0104135517944255,0,0,0
2010-11-23,1178.25,-0.016623212,-0.0151920867403759,-0.01583666602571432,-0.014900204032010134,1179.9374315397413,1179.1771133823675,1180.2818851405407,0.009391279159159304,0.0095752465726327,0.0099815110771871,1,1,1
2010-11-24,1196.5,0.015370342,-0.0140226293454892,-0.01762834303683035,-0.014497339472538631,1161.8431394804247,1157.6614093566047,1161.2917316658622,0.00913736226424963,0.008838162648377,0.0111107666859218,0,0,0
2010-11-26,1183.25,-0.011135738,-0.0134117466982226,-0.018812858756709856,-0.013918064008211517,1180.559975792631,1174.2008277662408,1179.962389138407,0.008772257358044286,0.0084531364123844,0.0118573415495883,0,0,0
2010-11-29,1186.5,0.002742907,-0.0203222910651912,-0.018996603057234985,-0.013494192750835939,1159.4463407708165,1160.9844241647418,1167.3902443892935,0.008505100391803676,0.0128087043732348,0.0119731516429554,0,0,0
2010-11-30,1179.5,-0.005917177,-0.0132649623185405,-0.01790840301510553,-0.01561930574482187,1170.8650499792923,1165.440810868593,1168.1116740139278,0.009844513552080134,0.0083606213647489,0.011287282486084,0,0,0
2010-12-01,1204.5,0.020973923,-0.0197126782817448,-0.01741977394533161,-0.014272541845073585,1156.4765682688562,1159.1313007679448,1162.7851026715252,0.0089956771390456,0.0124244785051838,0.0109793100590173,0,0,0
2010-12-02,1222.75,0.0150378775,-0.0124228292982957,-0.0204845651968428,-0.015555974016778037,1189.6292616775531,1180.0773390244287,1185.9078140007714,0.009804596921649178,0.0078298429763944,0.0129109822794552,0,0,0
2010-12-03,1223.5,0.0006131835,-0.0130889561358019,-0.021307695424433934,-0.014318727324994686,1206.849764629342,1196.9716295653734,1205.3665277670261,0.009024786856879463,0.0082496884411269,0.0134297836149969,0,0,0
2010-12-06,1222.0,-0.0012267431,-0.009591017392716,-0.02010493295075645,-0.013882554750461658,1211.8214841673453,1199.1472401304263,1206.632050286413,0.008749876634159763,0.0060450126429039,0.0126717082135997,0,0,0
2010-12-07,1223.25,0.0010223904,-0.0146240975814402,-0.01885351505064766,-0.012408531805913564,1204.2593891400452,1199.1768291525475,1206.930462904657,0.007820831573466748,0.0092172551827509,0.0118829663400359,0,0,0
2010-12-08,1228.75,0.0044861413,-0.0098908012500485,-0.018150932487128103,-0.012881257454210227,1211.2107146084352,1201.2471619272226,1207.5940524425587,0.008118780414926311,0.0062339599811799,0.0114401436127635,0,0,0
2010-12-09,1233.0,0.0034528316,-0.0098298029579477,-0.01733959872238131,-0.011911319302105167,1216.730799580812,1207.627624052809,1214.2007885781547,0.007507449191946482,0.0061955140653979,0.0109287773348508,0,0,0
2010-12-10,1241.0,0.006467282,-0.0062498342087709,-0.016587848189949427,-0.011237752265143074,1225.3179850856036,1212.71588321385,1219.2214166148474,0.007082914329005722,0.003939136512959,0.0104549650908743,0,0,0
2010-12-13,1241.25,0.00020143016,-0.0092406067522786,-0.016159293132120153,-0.009957339954418729,1229.5852279546123,1221.107474661117,1228.7042591443876,0.006275897900035766,0.0058241563286132,0.0101848560256227,0,0,0
2010-12-14,1236.75,-0.0036319653,-0.008591775875913,-0.01533454812826512,-0.00988635685191124,1230.6311409449258,1222.361187972343,1229.0390200684449,0.0062311587723165125,0.0054152121373833,0.0096650369312207,0,0,0
2010-12-15,1232.0,-0.003848106,-0.0090056510954289,-0.014907742983132332,-0.009734167566482717,1225.6622620933865,1218.4495966439074,1224.7696721202285,0.006135237128463732,0.0056760688152638,0.0093960307984257,0,0,0
2010-12-16,1238.5,0.005262105,-0.0098583547541279,-0.014217783473713833,-0.00974663944417416,1219.9141779854383,1214.6076242579425,1220.0504686886861,0.00614309788559079,0.0062135096504145,0.0089611641115303,0,0,0
2010-12-17,1238.5,0.0,-0.0058916085931913,-0.014141798630526559,-0.009924872889515504,1231.2246954252519,1221.108644759098,1226.2688416726019,0.00625543460508157,0.0037133545873799,0.0089132724938918,0,0,0
2010-12-20,1241.25,0.0022179664,-0.0105854912141905,-0.013377505218034604,-0.009138647223092194,1225.459013527923,1222.0422867950047,1227.2333448187405,0.005759893423255132,0.0066718081722724,0.0084315547415175,0,0,0
2010-12-21,1250.75,0.0076244352,-0.0054614601722589,-0.013007227668053735,-0.009617457184810713,1234.4894406282926,1225.2093271556168,1229.3695526898591,0.006061677077024224,0.0034422412595242,0.008198176740064,0,0,0
2010-12-22,1254.5,0.0029937155,-0.0040434517154781,-0.013426826145007906,-0.008777994950356619,1245.7028635696065,1234.0686366900995,1239.818969271258,0.005532582027695126,0.0025485009295885,0.0084626406644082,0,0,0
2010-12-23,1253.0,-0.0011964109,-0.0057014381623045,-0.012795183701144726,-0.007948218530633983,1247.3678967680655,1238.5506967759575,1244.5684810792548,0.005009591739739201,0.0035934942418142,0.0080645299736855,0,0,0
2010-12-27,1253.25,0.00019950124,-0.0072769584900255,-0.012209614042546455,-0.007717473254988517,1243.9150664445388,1237.7943699392413,1243.3672241665752,0.004864157939397382,0.0045865109271409,0.0076954579717709,0,0,0
2010-12-28,1254.0,0.00059826503,-0.004455953716101,-0.011432327475636613,-0.00790393754698063,1247.6779995130137,1239.0040230876466,1243.3834339954751,0.004981682385072821,0.0028084920970409,0.0072055509127244,0,0,0
2010-12-29,1255.75,0.0013945615,-0.0044837756641109,-0.010691102686508889,-0.007379359255935177,1248.389931859551,1240.664768413716,1244.7803429119456,0.004651051934546167,0.0028260276744029,0.0067383728190934,0,0,0
2010-12-30,1254.5,-0.0009959168,-0.005275152710637,-0.010017783982067829,-0.00698181271609656,1249.1431683274357,1243.2329689010928,1247.0131237888831,0.00440048687339924,0.0033248156606688,0.0063139944748167,0,0,0
2010-12-31,1253.0,-0.0011964109,-0.0073173602484598,-0.00960342995639106,-0.006870921773118829,1245.3538751233975,1242.5101610565807,1245.9099731312049,0.00433059468940706,0.0046119752893176,0.006052836015678,0,0,0
2011-01-03,1265.25,0.009729055,-0.0134949731713384,-0.009385541520722431,-0.0072488110668715005,1236.204381718118,1241.2949316005272,1243.9500799410491,0.004568770209773416,0.0085055922741151,0.0059155056059386,0,0,0
2011-01-04,1265.25,0.0,-0.0104207713622497,-0.011371055469440127,-0.009037204755526579,1252.1335793394787,1250.9442618831915,1253.8671885523697,0.005695956410751409,0.006567988780987,0.0071669324808159,0,0,0
2011-01-05,1271.75,0.0051241736,-0.0152101327689446,-0.010605065661392798,-0.009726573430977926,1246.1509969089593,1251.9028395217103,1253.0031096580865,0.006130450707664073,0.0095866205975546,0.0066841455266917,0,0,0
2011-01-06,1270.25,-0.0011801732,-0.0094126092274185,-0.010591584074807384,-0.011394537072891618,1259.8356746240547,1258.3512352820985,1257.3412439271435,0.007181732432054413,0.0059325658011704,0.0066756483716957,0,0,0
2011-01-07,1267.5,-0.002167275,-0.0142953505163975,-0.009961468074753496,-0.010567960975866627,1252.2205070043315,1257.6592604188716,1256.8967302633453,0.006660759238883794,0.0090100529555909,0.0062784997657809,0,0,0
2011-01-10,1265.5,-0.0015791554,-0.0088635961071116,-0.009428856535551295,-0.011460730965693023,1256.315034669072,1255.6050901649903,1253.0564484247618,0.007223453023570742,0.0055865346016133,0.0059428061311641,0,0,0
2011-01-11,1270.5,0.0039432226,-0.0076938668904759,-0.008982442530319087,-0.010207888464403814,1255.8007715822096,1254.1836194346477,1252.6476265479537,0.006433813254424636,0.0048492793539367,0.0056614409542385,0,0,0
2011-01-12,1283.5,0.010180198,-0.0080630277293738,-0.008952131167513947,-0.009205246919875967,1260.2971116318886,1259.1770751247961,1258.8583979048824,0.0058018697843216045,0.0050819535163356,0.0056423363521011,0,0,0
2011-01-13,1281.25,-0.0017545575,-0.0070633485212235,-0.010918085347639698,-0.008792952241931178,1274.4661344025508,1269.5628593491854,1272.2637182372184,0.005542009287908467,0.0044518771433424,0.0068814351241725,0,0,0
2011-01-14,1289.5,0.0064183823,-0.0122425695890744,-0.010457833155886378,-0.008508008610294578,1265.6598342797126,1267.9207204407953,1270.3953551511163,0.00536241542573214,0.0077162291462207,0.0065913480349565,0,0,0
2011-01-18,1294.75,0.00406308,-0.0098816560142264,-0.01087275422671428,-0.009708642748941634,1276.8203556887886,1275.555528204261,1277.0412816587188,0.00611914938318857,0.006228195935104,0.0068528638904972,0,0,0
2011-01-19,1278.5,-0.012630111,-0.0139094481550162,-0.010710560793321673,-0.00981474845714098,1276.8654127184998,1280.9565013270183,1282.104512087347,0.006186025536289537,0.0087668269704886,0.0067506368466594,0,1,1
2011-01-20,1276.25,-0.0017614253,-0.0121043723055142,-0.013199734262211256,-0.01103696255053773,1263.1178434923409,1261.735029738804,1264.4668276315022,0.006956360876576768,0.0076291263611741,0.0083195095192547,0,0,0
2011-01-21,1279.75,0.0027386558,-0.0125937321728553,-0.012664248695611556,-0.01145117061413403,1260.2780337454133,1260.1891664541106,1261.7188019064924,0.007217427338945396,0.00793755939428,0.0079820044467849,0,0,0
2011-01-24,1288.5,0.006814005,-0.0078869229341426,-0.01201247761798306,-0.011663406385998807,1269.6964084399929,1264.4689968755276,1264.9104636732695,0.007351194995875452,0.0049709584393735,0.0075712071097333,0,0,0
2011-01-25,1287.5,-0.00077639753,-0.0128614311535758,-0.012155184278323839,-0.010106118173710144,1272.0341600680065,1272.9328475290197,1275.5438452202147,0.006369669622031429,0.0081062843226881,0.0076611520582892,0,0,0
2011-01-26,1293.5,0.004649369,-0.0080254703974591,-0.011539748818691966,-0.010767969364229156,1277.208558928789,1272.7279700804127,1273.7106145224611,0.0067868202381325855,0.0050582819352132,0.0072732562822695,0,0,0
2011-01-27,1295.75,0.0017379555,-0.0076544296214414,-0.011478004623998976,-0.00963666172276744,1283.6367920574908,1278.7380817682686,1281.0948461975,0.006073781285576459,0.0048244228887513,0.0072343402400748,0,0,0
2011-01-28,1271.5,-0.018892372,-0.0175518419373232,-0.011004839249878858,-0.008960043748117773,1273.2056272057387,1281.5686543772224,1284.1918812641431,0.005647323482019607,0.0110625496829928,0.0069361142488559,1,1,1
2011-01-31,1282.5,0.0086139925,-0.0160656884598976,-0.01609377065933629,-0.011357971279359344,1251.235693005069,1251.2005560481568,1257.140043876306,0.007158685796317074,0.0101258590074909,0.010143558615749,0,0,0
2011-02-01,1302.75,0.015666116,-0.0149027401582663,-0.016202579630587674,-0.01321933820841372,1263.5289471903898,1261.8876293463663,1265.6577656095965,0.008331865466261397,0.0093928776251671,0.010212138577597,0,0,0
2011-02-02,1300.0,-0.0021131504,-0.0062347970965998,-0.018183957565201764,-0.013835823476831769,1294.652886242779,1279.2749309563478,1284.8495005973211,0.008720422914252403,0.003929658943535,0.0114609586114559,0,0,0
2011-02-03,1303.25,0.0024968802,-0.0120992685621025,-0.01682492904611291,-0.01114770649346201,1284.3657232535104,1278.3105654865828,1285.5884586200552,0.0070261604095867595,0.0076259095811197,0.0106043920717895,0,0,0
2011-02-04,1307.25,0.0030645495,-0.0085187780805268,-0.015852407382962952,-0.011298549290200324,1292.1950566255057,1282.7532407990807,1288.608037865334,0.007121233390485177,0.0053692031919352,0.0099914325171854,0,0,0
2011-02-07,1315.75,0.006481151,-0.0101120369051282,-0.015042049769569795,-0.010239754086610462,1294.0976503506872,1287.733433013488,1293.9323824002247,0.006453897472941379,0.0063734000715538,0.0094806814865434,0,0,0
2011-02-08,1321.75,0.004549771,-0.0060448369238666,-0.014837626110799005,-0.010060895059920697,1307.8204962413363,1296.3715143286868,1302.5787457295296,0.0063411664629383895,0.0038099311191758,0.0093518376370143,0,0,0
2011-02-09,1319.25,-0.0018932228,-0.008569200545151,-0.01425350343124336,-0.008925079416819751,1310.4720497010705,1303.0440611159404,1310.0057633623187,0.005625286213595118,0.0054009833903916,0.0089836776349688,0,0,0
2011-02-10,1318.75,-0.00037907506,-0.0102400898629434,-0.013701434644747537,-0.008903961710025754,1305.8096938646606,1301.2976496699519,1307.5555890691169,0.005611976175740761,0.0064541091055654,0.0086357205145225,0,0,0
2011-02-11,1327.25,0.0064248145,-0.0144633291283046,-0.012943409273129862,-0.00935608400717268,1299.8137553828274,1301.7908702651252,1306.4692038801259,0.005896939166681385,0.0091159262734192,0.0081579533739321,0,0,0
2011-02-14,1327.75,0.00037664783,-0.0055526760102989,-0.013143671519303136,-0.010782511528809106,1319.9006339726368,1309.9192066030998,1313.015789749987,0.006795985852701041,0.0034997326466843,0.0082841743743166,0,0,0
2011-02-15,1326.25,-0.0011303694,-0.0057791742920117,-0.012556520280778406,-0.009299744393765758,1320.098831347383,1311.1823141188524,1315.4595022039312,0.005861429516203657,0.0036424896578008,0.0079141055364815,0,0,0
2011-02-16,1333.0,0.00507663,-0.0070425634229385,-0.01201986997611514,-0.008441493471063675,1316.9426126618614,1310.404071226853,1315.1015901004835,0.005320492359478431,0.0044387767415006,0.0075758663545808,0,0,0
2011-02-17,1337.75,0.0035570571,-0.0090111386165901,-0.011870730847417894,-0.008222908294235222,1321.042110240738,1317.269864598418,1322.0838061833676,0.005182722808723275,0.005679527482206,0.0074818671591241,0,0,0
2011-02-18,1342.5,0.003544449,-0.0057194706346796,-0.011479830330293627,-0.008608806416858817,1330.1206169724564,1322.480669328938,1326.2829986330032,0.005425946122227442,0.003604859722558,0.0072354909436114,0,0,0
2011-02-22,1314.5,-0.021077182,-0.0178823879298554,-0.011373782157826412,-0.008065283186771093,1318.7062725954413,1327.3172040339332,1331.7159041727775,0.005083375082778852,0.0112708857355826,0.0071686510540489,1,1,1
2011-02-23,1305.5,-0.006870256,-0.0186452349821263,-0.017614891163064236,-0.010810313618564694,1290.217914667063,1291.5479678090342,1300.3663748496954,0.006813508913831064,0.0117516918781177,0.0111022882582788,0,0,0
2011-02-24,1302.75,-0.0021086943,-0.0155658912462712,-0.01707151550358293,-0.013993135793621688,1285.3360708784949,1283.402293847493,1287.3591807039372,0.008819573494940721,0.0098108475387854,0.0107598102294197,0,0,0
2011-02-25,1318.75,0.012206904,-0.0100622540543266,-0.016077020927823468,-0.014708095053599685,1289.7071289198343,1281.973123640022,1283.7292515492566,0.009270196988649585,0.0063420230079772,0.0101330016190703,0,0,0
2011-02-28,1326.0,0.0054825735,-0.0122978593276032,-0.01721623096208773,-0.012586950193800033,1302.631512599625,1296.2404164943496,1302.2549881548236,0.007933284858278778,0.0077510770830708,0.0108510212803922,0,0,0
2011-03-01,1301.0,-0.019033693,-0.0236407495659444,-0.01654739839875582,-0.01221474266170042,1295.0200040793634,1304.2386927813186,1309.9017692575874,0.0076986904304723,0.0149002576225532,0.0104294704546792,0,1,1
2011-03-02,1305.75,0.0036443889,-0.0146545831428404,-0.019822140164336612,-0.015659414644362272,1282.0734067152982,1275.465307849221,1280.7857859982375,0.00986979333157452,0.0092364695785281,0.012493469983052,0,0,0
2011-03-03,1329.75,0.018213367,-0.0147878932928811,-0.018659498555052337,-0.015204563812299877,1286.5827790342414,1281.6112684499483,1286.0468095885142,0.00958311060357314,0.0093204921080916,0.0117606819023394,0,0,0
2011-03-04,1320.25,-0.0071698423,-0.0184070525416549,-0.021307759674223457,-0.014540861317272873,1305.4971186884234,1301.7157408709072,1310.5541896947404,0.009164793149930309,0.0116015705922299,0.0134298241102618,0,0,0
2011-03-07,1309.0,-0.008557626,-0.0191236961819016,-0.020325471831578675,-0.01581303938459005,1295.2418266229809,1293.6861714967586,1299.5370338358143,0.00996661971181287,0.0120532557147111,0.0128107091420971,0,0,0
2011-03-08,1320.0,0.00836825,-0.0145707767928084,-0.019740496085460274,-0.016697697558782414,1290.0651360165743,1283.413070864159,1287.3241856147763,0.010524200793013128,0.009183648232809,0.0124420114704858,0,0,0
2011-03-09,1315.5,-0.0034149152,-0.0110402126086301,-0.019242223693172657,-0.015269987942284503,1305.507069083102,1294.8430784991615,1299.9967294491692,0.00962434603008883,0.0069584093185151,0.0121279610639798,0,0,0
2011-03-10,1294.25,-0.016285446,-0.0134051023611256,-0.018206225865762173,-0.0131969171589629,1297.9832570180174,1291.7664149493344,1298.2535060547325,0.008317733959472523,0.0084489486291586,0.0114749938438939,1,0,1
2011-03-11,1306.0,0.009037654,-0.0202643269495465,-0.019983339512397665,-0.012866207510684574,1268.2868462233523,1268.6432689666537,1277.7045775908318,0.008109294758174542,0.0127721708338239,0.0125950704762173,0,0,0
2011-03-14,1295.5,-0.00807231,-0.0163127528959342,-0.01949825590996771,-0.015232044872440207,1284.8683708424778,1280.7819309134493,1286.257688988396,0.00960043132661915,0.0102815784247644,0.012289332681207,0,0,0
2011-03-15,1275.25,-0.015754484,-0.0353721584808802,-0.018956955267094726,-0.01556077862029503,1250.4763547736673,1271.1725798921045,1275.4970456903259,0.009807625160241093,0.0222943131545264,0.0119481624908303,0,0,1
2011-03-16,1254.0,-0.016803795,-0.0318721842707703,-0.020429725646715198,-0.021958684061786013,1235.2458925614424,1249.4613171799976,1247.5524024822598,0.013840087796716843,0.020088354445076,0.0128764180867029,0,0,0
2011-03-17,1268.75,0.011693722,-0.0275651108763347,-0.02182644613761183,-0.0256462930015177,1219.9054202251693,1226.9261740535717,1222.2484437499031,0.01616430865358787,0.0173736984229681,0.0137567410681298,0,0,0
2011-03-18,1274.25,0.0043256064,-0.0224489139987761,-0.02163131686563071,-0.02486609245822924,1240.585257110209,1241.5999708168285,1237.5901624470584,0.01567256497770203,0.0141490692160692,0.0136337552713339,0,0,0
2011-03-21,1293.0,0.01460733,-0.013666270118089,-0.020374475602122265,-0.02126317694162469,1256.954208967428,1248.550520199019,1247.441424579659,0.013401724569704255,0.0086135570672542,0.0128415951680896,0,0,0
2011-03-22,1288.25,-0.0036803915,-0.0071082325972272,-0.02118759350667722,-0.01628988905651021,1283.8416436772281,1265.8926256759723,1272.1078012448236,0.010267167836948282,0.0044801666141877,0.0133540859510736,0,0,0
2011-03-23,1292.0,0.002906697,-0.0144528780352048,-0.019941318855648066,-0.012992177305753042,1269.7649824930734,1262.815042145011,1271.6210844039188,0.0081886908193673,0.0091093391734971,0.0125685857571397,0,0,0
2011-03-24,1305.25,0.010203188,-0.0112942640346397,-0.01874762698235471,-0.013587082474878573,1277.4899055287685,1268.0037055617254,1274.5642084439694,0.008563646793425262,0.007118532485776,0.011816227360702,0,0,0
2011-03-25,1310.0,0.0036325438,-0.007983835965024,-0.018630539933594214,-0.013171845627722339,1294.8705870053727,1281.1576117150091,1288.170181800211,0.008301931910834674,0.0050320406450408,0.0117424299040719,0,0,0
2011-03-28,1302.25,-0.0059335995,-0.010054356022523,-0.01766786711701568,-0.012018703852952424,1296.894786253276,1287.0583558103642,1294.3497342956246,0.0075751313721516,0.0063370450478556,0.0111356778663145,0,0,0
2011-03-29,1316.5,0.010883163,-0.0108522021446689,-0.016972282824935455,-0.011636237357682854,1288.1941262952446,1280.3343500753347,1287.1845325692648,0.0073340709397987655,0.0068399103537956,0.0106972659994959,0,0,0
2011-03-30,1324.0,0.0056807576,-0.0093987581867547,-0.01729459360348601,-0.011548321135448717,1304.1845007060786,1293.9274219274707,1301.384084938392,0.007278659229741256,0.0059238357871895,0.010900411573266,0,0,0
2011-03-31,1321.0,-0.002268432,-0.0036066722042581,-0.016714500575652123,-0.011201818991014844,1319.2333670099813,1302.053921041441,1309.251550606366,0.007060266356688306,0.002273208167687,0.0105347913743099,0,0,0
2011-04-01,1327.75,0.005096755,-0.0101017231699183,-0.015779214373538353,-0.009624516800947096,1307.7227979081456,1300.3192499026823,1308.3470004810322,0.00606612660172542,0.0063668995453649,0.009945300532514,0,0,0
2011-04-04,1329.25,0.0011290931,-0.0067630746137192,-0.015292694739129378,-0.009771573948816224,1318.80062444036,1307.599594269205,1314.838975935148,0.006158813569301288,0.0042626209369491,0.0096386576373341,0,0,0
2011-04-05,1326.75,-0.0018825306,-0.0092348096625172,-0.014416105490421367,-0.009314234812014207,1317.0311355369174,1310.2248555109686,1316.9265342961248,0.005870562516168745,0.0058205025472192,0.0090861622268787,0,0,0
2011-04-06,1329.0,0.001694437,-0.0087232858369126,-0.013674245703375222,-0.00942709731913068,1315.2267140470817,1308.7311722222014,1314.3013680567797,0.0059416973347696436,0.005498100046388,0.0086185839076733,0,0,0
2011-04-07,1328.5,-0.00037629352,-0.0109700269482314,-0.01291380299442887,-0.009410877012347595,1314.5005094938288,1311.9478965484136,1316.5516114511577,0.005931474023147875,0.0069141728014608,0.0081392931711894,0,0,0
2011-04-08,1323.75,-0.0035818683,-0.0139290671758595,-0.012202392824329862,-0.009871678527989744,1310.1235150182624,1312.3876258174841,1315.4499937854284,0.0062219073394341705,0.0087791924187183,0.0076909065927431,0,0,0
2011-04-11,1319.5,-0.003215741,-0.0102183485268184,-0.011676873425706516,-0.010922964876341815,1310.2923357871666,1308.382634802358,1309.3694075780534,0.006884510586502296,0.0064404060075135,0.0073596829822863,0,0,0
2011-04-12,1308.25,-0.008562511,-0.0094210556123507,-0.011130831064810123,-0.010650787339317805,1307.1272906239024,1304.8943059643118,1305.5208626635947,0.006712962920070774,0.005937889376513,0.0070155241886961,0,0,0
2011-04-13,1308.75,0.00038211694,-0.0117528607415664,-0.012121557439933171,-0.010196916507611762,1292.9643211126577,1292.4876973065684,1294.9776674138998,0.0064268978652839885,0.0074075761583973,0.00763995778297,0,0,0
2011-04-14,1310.25,0.0011454755,-0.0128660768023829,-0.011361787048698344,-0.010677837372752729,1292.019381488814,1293.9644155865983,1294.849724848304,0.006730011976225053,0.0081092123755342,0.007161090793926,0,0,0
2011-04-15,1318.75,0.0064663594,-0.0097399056410746,-0.010903774395155037,-0.011238880205081247,1297.5502362814943,1296.040936588387,1295.6066985025502,0.007083625245367094,0.0061388537138616,0.0068724152376308,0,0,0
2011-04-18,1301.0,-0.013551119,-0.0207870574266702,-0.011187607252577022,-0.010634806684539266,1291.6200211351606,1304.0785650873531,1304.799659751306,0.0067028906559696245,0.0131016366468506,0.0070513090026333,0,1,1
2011-04-19,1308.5,0.0057482435,-0.0120963576823913,-0.013797160911558904,-0.013577187362135906,1285.3574384022259,1283.1731563638739,1283.4554515652042,0.008557410116002718,0.0076240749160435,0.0086960547282392,0,0,0
2011-04-20,1328.25,0.014980843,-0.0117132832036488,-0.01340692277989273,-0.012960920064298592,1293.2625832323124,1291.0741162990985,1291.650067289307,0.008168990050195725,0.007382631284742,0.00845009600008,0,0,0
2011-04-21,1331.0,0.002068253,-0.0079945691658285,-0.015470575716864096,-0.01230254079244619,1317.6735469294197,1307.859342100414,1312.00925623801,0.007754027709996428,0.0050388055514011,0.0097507722040489,0,0,0
2011-04-25,1330.75,-0.00018784634,-0.0067393822846235,-0.01458653923943213,-0.01092625452650557,1322.0600409172782,1311.7262268308612,1316.5363160641823,0.00688658398247442,0.0042476881698548,0.0091935829649883,0,0,0
2011-04-26,1341.0,0.007672911,-0.0133126700406373,-0.013593641560772349,-0.00967256326974549,1313.1515653297372,1312.7826589667764,1317.9402876765232,0.006096409260951307,0.0083906905191912,0.0085677808446453,0,0,0
2011-04-27,1351.0,0.0074294545,-0.0090687475874863,-0.01368870648078843,-0.010662587815585168,1328.8937865521846,1322.7685120378103,1326.7774291920757,0.006720400507274262,0.0057158371814957,0.0086276982256554,0,0,0
2011-04-28,1355.0,0.0029563953,-0.0094061158346252,-0.013605953297976127,-0.01015023524579947,1338.3519154348264,1332.7428417648005,1337.3563922355736,0.006397475666753067,0.0059284731549032,0.0085755406686562,0,0,0
2011-04-29,1359.75,0.003499405,-0.0084050845542618,-0.013079531624222398,-0.00993276232601263,1343.658838904654,1337.3926337143043,1341.6077282806034,0.006260407147765804,0.005297544599781,0.0082437483735284,0,0,0
2011-05-02,1357.75,-0.0014719414,-0.0148965893892063,-0.01270919168366676,-0.009474131554522652,1339.6444861671578,1342.5780286848458,1346.9283823694925,0.005971342004980513,0.0093890009272936,0.0080103310486332,0,0,0
2011-05-03,1352.0,-0.00424394,-0.009716133611199,-0.012243359213042143,-0.01097293492106091,1344.621800537983,1341.2279282456916,1342.9329396014198,0.006916005634391878,0.0061238707130744,0.007716726829279,0,0,0
2011-05-04,1343.0,-0.00667906,-0.013102552932775,-0.012134378988086381,-0.010421102140753976,1334.4008968047076,1335.6934545941838,1337.9838287273126,0.00656819726358675,0.0082582582107603,0.0076480389298926,0,0,0
2011-05-05,1335.0,-0.0059746257,-0.0187605465822298,-0.012184345620001657,-0.011069215186159442,1318.0394547604697,1326.7357099117314,1328.2160184946965,0.006976689021351928,0.0118243703075228,0.0076795318267651,0,0,0
2011-05-06,1334.5,-0.00037460198,-0.0167221608175881,-0.012104665882119411,-0.013260793958001395,1312.861532694243,1318.9376816700667,1317.413701913591,0.008357994136465756,0.0105396194605759,0.0076293113962144,0,0,0
2011-05-09,1342.75,0.0061630597,-0.0089633546381195,-0.011760068184556343,-0.013976354082504666,1322.5918514413977,1318.8981084721474,1315.9782899649613,0.008808996342203099,0.0056494102650062,0.0074121188551951,0,0,0
2011-05-10,1353.75,0.008158769,-0.012020666436005,-0.011664981475633189,-0.011582776495322725,1326.7058738799963,1327.1778471380912,1327.286952251314,0.007300375704388916,0.0075763683461742,0.007352187741104,0,0,0
2011-05-11,1338.75,-0.011142177,-0.0179577704253129,-0.012013216748163849,-0.011357095711194358,1329.6566472041447,1337.5844026538139,1338.462307893671,0.0071581339444737975,0.0113183977063606,0.0075716729676402,0,0,0
2011-05-12,1347.5,0.006514681,-0.0156283302751377,-0.013263119214401218,-0.013191689334053076,1317.9902157636345,1321.1112302739505,1321.205600461441,0.008314438973510056,0.0098502015200632,0.0083594596957239,0,0,0
2011-05-13,1334.0,-0.010069076,-0.0156055523256236,-0.013225239047749447,-0.013760418520209004,1326.6347485745214,1329.7963161493233,1329.0848268625803,0.008672896786683454,0.009835845066816,0.0083355846387879,0,0,0
2011-05-16,1325.5,-0.006392201,-0.0130223587511752,-0.014093509178412157,-0.014018635460711146,1316.7407951081327,1315.3311227632435,1315.4296101814261,0.008835645388425418,0.0082077135373634,0.0088828366874911,0,0,0
2011-05-17,1325.5,0.0,-0.0135565404369247,-0.013626127473132608,-0.013274240777050304,1307.6520571702927,1307.5610647052276,1308.021259011591,0.00836646937822887,0.008544396801687,0.0085882560187476,0,0,0
2011-05-18,1338.5,0.009759837,-0.0099637050960276,-0.013113161984784271,-0.012949524886113707,1312.3586857026094,1308.2319704663685,1308.4460632666883,0.008161807913684527,0.0062799097123309,0.0082649448687966,0,0,0
2011-05-19,1341.75,0.0024251482,-0.0088421405498415,-0.013642470216245567,-0.011517398510635116,1326.7169652683958,1320.3635479102422,1323.1723985745143,0.007259169362264636,0.005573011623847,0.0085985564993632,0,0,0
2011-05-20,1327.75,-0.010488952,-0.0100366933879527,-0.012989246107454425,-0.010526919919645083,1328.3506218539817,1324.4343809119043,1327.699588725653,0.006634891941017587,0.0063259126679513,0.008186843347921,1,0,0
2011-05-23,1315.25,-0.009459019,-0.0112537074650559,-0.01383293070493203,-0.010272266104332392,1312.8916524736178,1309.5097749954095,1314.180811156851,0.006474389100693471,0.0070929705494507,0.0087185996621415,0,0,0
2011-05-24,1313.5,-0.0013314314,-0.0091084743150214,-0.014329292316204228,-0.010599197114068565,1303.324473283369,1296.5377848597707,1301.38302521647,0.006680446707127738,0.0057408760861685,0.0090314457443383,0,0,0
2011-05-25,1316.5,0.0022813699,-0.0188244253359452,-0.01343005766982078,-0.010260498872914874,1289.005389127511,1295.9775464029558,1300.0917400808312,0.006466972467006111,0.0118646317165069,0.0084646774252178,0,0,0
2011-05-26,1326.5,0.0075671948,-0.0103369580690001,-0.012955070526702552,-0.012743531123893322,1302.9614887656287,1299.5546507485296,1299.8295868421503,0.008031974461612251,0.0065151630591066,0.0081653032120559,0,0,0
2011-05-27,1330.0,0.0026350475,-0.0073627563334502,-0.012908872362582546,-0.011616242423421021,1316.7691705459038,1309.4864300720303,1311.1802059133054,0.007321468561400556,0.0046405874684503,0.0081361854996434,0,0,0
2011-05-31,1344.0,0.0104713,-0.0102544640653336,-0.012524385365132316,-0.010049520840445499,1316.431251813957,1313.4464453951884,1316.7010731281282,0.006333997536252577,0.0064631688571665,0.0078938515880832,0,0,0
2011-06-01,1312.0,-0.02409755,-0.0189119722713919,-0.013384425510503808,-0.00997029171429057,1318.8211505751126,1326.131180808727,1330.6665077924738,0.00628406111661304,0.0119198106730194,0.0084359164534982,1,1,1
2011-06-02,1312.5,0.00038102496,-0.0115390607336156,-0.018211513449813352,-0.012580394598495893,1296.947763668736,1288.3227480446942,1295.597910987081,0.007929153007102554,0.0072728225969975,0.011478326494762,0,0,0
2011-06-03,1296.25,-0.012458235,-0.0109943406156109,-0.017036747728266518,-0.012631520985818356,1298.1489625958561,1290.3286685647943,1296.0253974006419,0.007961376872944462,0.0069294971847547,0.0107378968460165,1,0,0
2011-06-06,1285.0,-0.008716762,-0.008782969905834,-0.017083791036220024,-0.012112463291175617,1284.914925932839,1274.2932223849582,1280.6439242676397,0.007634225935975581,0.0055357176354755,0.0107675472344684,0,0,0
2011-06-07,1284.75,-0.00019457146,-0.011308284407255,-0.016991897940218603,-0.011006006391788632,1270.5507068724787,1263.349870450569,1270.9348244709295,0.00693684987337953,0.0071273692260557,0.0107096289861347,0,0,0
2011-06-08,1277.0,-0.00605057,-0.0079596163361263,-0.016488984615456396,-0.011058601695574434,1274.5644731308903,1263.7394741717674,1270.6207304456195,0.006969999565776502,0.0050167755321859,0.0103926534993859,0,0,0
2011-06-09,1287.5,0.008188777,-0.0145586472815434,-0.01580199110700513,-0.010129074898871972,1258.5432858144102,1256.9794561813364,1264.1304596555785,0.006384138753736716,0.0091760032619006,0.0099596562193127,0,0,0
2011-06-10,1269.25,-0.014276179,-0.0126896616373465,-0.016090793323597835,-0.01133634463727704,1271.2652850142863,1266.9488888485737,1272.9868746015693,0.007145054987461449,0.0079980216791379,0.0101416820648635,1,0,1
2011-06-13,1271.5,0.0017711311,-0.0107490993265072,-0.016919356103988925,-0.011734410898912312,1255.679770215739,1247.9557576793154,1254.443143738147,0.007395947618114605,0.0067749268579071,0.0106639074219677,0,0,0
2011-06-14,1284.5,0.010172232,-0.0138937028454258,-0.015836897935314124,-0.011477734224825707,1253.9563124341726,1251.521996626178,1256.98949409711,0.007234169813272917,0.0087569030394141,0.009981657244836,0,0,0
2011-06-15,1260.0,-0.019257817,-0.0165228568336839,-0.016792055233132923,-0.012069940743264923,1263.4507660132542,1263.1106928648883,1269.0893510145909,0.007607424885659078,0.0104140024323556,0.0105836724122427,1,1,1
2011-06-16,1263.5,0.0027739268,-0.0147784148639288,-0.018618727303473012,-0.013422178624354722,1241.5161149401702,1236.7574483916414,1243.20104641156,0.00845971143177768,0.009314518057529,0.0117349846565549,0,0,0
2011-06-17,1266.0,0.0019766758,-0.0164984953778372,-0.017240962006027195,-0.013943200583723519,1242.8251718410058,1241.9027580993236,1246.0050175239226,0.008788100402691953,0.0103986479290154,0.0108666087271838,0,0,0
2011-06-20,1273.75,0.006102982,-0.0154081725606935,-0.01612102811127291,-0.014482819856639448,1246.642766304795,1245.7544067628794,1247.7968844604088,0.009128210861631245,0.0097114408325622,0.0101607384033381,0,0,0
2011-06-21,1288.0,0.011125322,-0.014443260793029,-0.015415913154008573,-0.014221366746818957,1255.485116319359,1254.2645594417863,1255.763731902202,0.00896342257174745,0.0091032776319357,0.0097163195625798,0,0,0
2011-06-22,1279.75,-0.0064258813,-0.0107996990035454,-0.015855514006346768,-0.01366341640824032,1274.1648299894175,1267.739145549193,1270.5212016403652,0.008611758435116662,0.0068068187495488,0.009993390555302,0,0,0
2011-06-23,1277.0,-0.0021511693,-0.0208716736218309,-0.015265319540907754,-0.012341568294838207,1253.316293129212,1260.3625615256244,1264.052940381395,0.007778625908052025,0.0131549684205923,0.0096214036367859,0,0,0
2011-06-24,1264.0,-0.010232281,-0.0191202415041915,-0.014869104333141581,-0.014703402037143917,1252.815396119382,1258.1526228217658,1258.361118873743,0.009267239080990069,0.0120510783054145,0.0093716776857021,0,0,0
2011-06-27,1276.25,0.009644795,-0.0183733987521328,-0.014927985501452377,-0.015801647675432975,1240.9880749781232,1245.2711660078817,1244.1836948041907,0.009959439761755527,0.0115803593301904,0.0094087892237479,0,0,0
2011-06-28,1294.5,0.01419843,-0.01555564706662,-0.014851509714219502,-0.016127062141844836,1256.5507201847106,1257.4358160599415,1255.8329132627919,0.010164541523445321,0.0098043908519739,0.0093605881746027,0,0,0
2011-06-29,1304.25,0.0075036427,-0.0089276937655082,-0.015653229257546666,-0.015201384448311919,1282.9945354714416,1274.3946619805904,1274.9706207057038,0.009581106718613218,0.005626933981525,0.0098658948148718,0,0,0
2011-06-30,1315.5,0.008588659,-0.0097794607664968,-0.015350051556744914,-0.012589880365956967,1291.5573033182668,1284.3825684089734,1287.9325812399902,0.007935131682969974,0.0061637844614016,0.0096748084098169,0,0,0
2011-07-01,1334.75,0.014527187,-0.0138432544411257,-0.015118872838016197,-0.011553298937406269,1297.41466752758,1295.760716638653,1300.3890937381282,0.007281796631597093,0.008725106491736,0.0095291014195922,0,0,0
2011-07-05,1336.75,0.0014972865,-0.0078210630529678,-0.016014887283124713,-0.012169244085421428,1324.3515525518128,1313.5443851910707,1318.6055336690401,0.007670013653277681,0.0049294483682247,0.0100938401148863,0,0,0
2011-07-06,1335.75,-0.000748363,-0.0119863310463082,-0.015250320688232007,-0.011009005872230354,1320.822916312073,1316.5187921240092,1322.1144208058106,0.006938740381596743,0.0075547274861572,0.0096119501815015,0,0,0
2011-07-07,1351.75,0.011907117,-0.0082301624937916,-0.014484845242476285,-0.011330078850337868,1324.8016754929663,1316.5413211850903,1320.7012598662325,0.007141105796284525,0.0051872949751824,0.0091294874189024,0,0,0
2011-07-08,1341.75,-0.007425317,-0.0198672940083757,-0.01503267676923439,-0.01045011463212964,1325.159401566756,1331.5815518644329,1337.6976099715946,0.006586483214908371,0.0125219294829064,0.0094747738853777,0,0,0
2011-07-11,1318.5,-0.017480005,-0.0177339275620446,-0.014697745522479233,-0.013113645748152252,1318.165245952054,1322.1735174387875,1324.2696319983563,0.008265249774476142,0.0111773143485608,0.0092636739010657,0,1,1
2011-07-12,1310.75,-0.005895234,-0.0233694328852985,-0.016411590052196803,-0.014426133051365867,1288.044650895877,1297.03791371197,1299.6156848982105,0.009092482383563333,0.0147292525354411,0.0103438733654085,0,0,0
2011-07-13,1312.25,0.0011437287,-0.0174203212524528,-0.015866422525337178,-0.017313145876970894,1288.1140491233086,1290.117203851344,1288.2521106284516,0.010912104673505386,0.0109796550149622,0.0100002659609563,0,0,0
2011-07-14,1306.75,-0.0042000827,-0.0176841521245512,-0.014897562076811177,-0.01656510379965338,1289.2479566393704,1292.845572376533,1290.691494949548,0.010440629789282712,0.0111459419574334,0.0093896139914377,0,0,0
2011-07-15,1315.0,0.006293527,-0.0116537478332514,-0.014184415664135577,-0.015834279663700008,1291.6098560766072,1288.345352992483,1286.2215108826606,0.009980007004370175,0.0073451074171464,0.0089401330965183,0,0,0
2011-07-18,1300.5,-0.01108786,-0.0172608336421964,-0.013851924585788858,-0.013254646118007767,1292.4967746828306,1296.9102970175502,1297.685144989572,0.00835411928471997,0.0108791333934376,0.0087305710980399,0,0,0
2011-07-19,1321.25,0.015829451,-0.014182670768254,-0.0142069392800792,-0.01394960527631792,1282.1856170884557,1282.154500729221,1282.4844851366174,0.008777159120618182,0.008923805055591,0.0089390749206296,0,0,0
2011-07-20,1321.25,0.0,-0.0088989160197786,-0.015475766341040023,-0.01358653046582829,1309.5444677305293,1300.9600499358935,1303.4201934984567,0.008558468799336034,0.0056056323794173,0.0097485420364478,0,0,0
2011-07-21,1342.5,0.01595529,-0.0185121512441233,-0.014712066013314032,-0.011935170241456463,1297.0158256027214,1301.9539730337779,1305.5743879476186,0.007522481927684529,0.0116678120512076,0.009272699799425,0,0,0
2011-07-22,1341.0,-0.0011179431,-0.012554976350377,-0.015879855046724595,-0.013856413891398632,1325.7503102459573,1321.3496711323853,1324.0260512732314,0.0087334006111205,0.0079131324302495,0.0100087321912099,0,0,0
2011-07-25,1333.5,-0.0056085396,-0.0151617624835084,-0.015208799927147253,-0.01335445770887416,1320.8214343702464,1320.75930776762,1323.2107196880506,0.008417028390604181,0.0095561338436442,0.0095857805359443,0,0,0
2011-07-26,1326.25,-0.0054516536,-0.010724791395917,-0.0148082690235874,-0.013711971378698543,1319.2749075964655,1313.8986623857124,1315.3398762502454,0.008642361592037084,0.0067596060903885,0.009333334494325,0,0,0
2011-07-27,1299.0,-0.020760674,-0.0163531809828665,-0.014307987978082306,-0.012395172073916971,1304.7379682013245,1307.4091397665818,1309.912366104707,0.00781241122080567,0.0103070593812289,0.0090180180767591,1,1,1
2011-07-28,1296.75,-0.0017336034,-0.0151513960372375,-0.016784789705969902,-0.013282529440831243,1279.466688694018,1277.3785217689335,1281.8600770148676,0.008371693545311145,0.0095496000948036,0.0105790931062359,0,0,0
2011-07-29,1288.5,-0.006382383,-0.0180255827004455,-0.015862430377537744,-0.013836553851728621,1273.5847365570512,1276.3426761846915,1278.9310097881587,0.00872088325389154,0.0113611383295641,0.0099977497957851,0,0,0
2011-08-01,1279.75,-0.006814005,-0.0279176231792765,-0.015293515644559032,-0.014928382944911596,1253.0256266394522,1268.9442245305434,1269.4076421602647,0.009409039723839541,0.0175958793700781,0.0096391750364272,0,0,0
2011-08-02,1247.25,-0.02572362,-0.0224921323668701,-0.01511975409574346,-0.01895799003850133,1251.286990426426,1260.5460401167088,1255.7170403466969,0.011948814685063647,0.0141763088269298,0.0095296568574446,1,1,1
2011-08-03,1254.5,0.005795959,-0.024535282017202,-0.019159988342173275,-0.019240260784210247,1217.020727799735,1223.5801853315932,1223.4819695041535,0.01212672388454317,0.0154640622488953,0.0120761298852706,0,0,0
2011-08-04,1198.75,-0.04545774,-0.0470412806693131,-0.01806309724265356,-0.020648326452562153,1196.8532323548304,1232.0432741074671,1228.8622734269718,0.01301419748809335,0.0296491106981362,0.0113847829412518,0,1,1
2011-08-05,1197.75,-0.0008345504,-0.0524996072813521,-0.030528626136089653,-0.030435142506881167,1137.4395640592818,1162.7067836615493,1162.8154827921069,0.01918261782972088,0.0330893769418334,0.0192415385570359,0,0,0
2011-08-08,1111.25,-0.074959286,-0.0606402368490543,-0.02717933824926264,-0.04198970401815823,1127.276515050073,1165.634365463584,1148.4981045354486,0.02646521023456069,0.0382202412331786,0.0171305542066196,1,1,1
2011-08-09,1171.75,0.05301285,-0.0840633336902208,-0.05404545835013435,-0.04794894568952006,1021.6532762145497,1052.7860693445791,1059.2239974602785,0.0302211925011407,0.0529833170095135,0.0340636937293238,0,0,0
2011-08-10,1123.5,-0.042049546,-0.0488068387589646,-0.062208807655698126,-0.058009214220854706,1115.9337730596305,1101.0778351104495,1105.7116375908997,0.03656196407654331,0.0307619041106296,0.0392088777843596,0,0,0
2011-08-11,1168.5,0.039272062,-0.0691864482861967,-0.06571446724290447,-0.050156838504167384,1048.3970350136015,1052.0433759954485,1068.5386572790865,0.03161278000768156,0.0436067350816509,0.0414184198651063,0,0,0
2011-08-12,1176.75,0.0070355264,-0.0377958805346164,-0.06463910690399698,-0.05574385580419044,1125.1597149927043,1095.3585669777005,1105.1455206474466,0.03513415723304365,0.023821933203349,0.0407406432979081,0,0,0
2011-08-15,1198.5,0.018314373,-0.0183627146995072,-0.0564600878216713,-0.046880265418913894,1155.3388604315319,1112.15137312779,1122.8567818523402,0.029547626237780313,0.0115736254008735,0.0355855829185202,0,0,0
2011-08-16,1192.25,-0.0052284966,-0.0223631312828819,-0.05100947135324717,-0.025886054858612922,1171.9952562863905,1138.8981996748685,1167.8736708453796,0.016315425411912953,0.014095002209318,0.0321501762130473,0,0,0
2011-08-17,1190.0,-0.0018889711,-0.0236792819386037,-0.04476899646595813,-0.02506611660175974,1164.3500056593061,1140.05132318443,1162.7363638972045,0.01579863590709542,0.0149245437509533,0.0282169386797658,0,0,0
2011-08-18,1143.5,-0.039859574,-0.0454003181890732,-0.03808491438995461,-0.029530083558308898,1137.1816777400213,1145.5311234539888,1155.3729861396007,0.01861217857779671,0.0286148472270768,0.0240041050458351,0,1,1
2011-08-19,1124.0,-0.017199984,-0.0308717250746192,-0.04547217824027929,-0.03516214618444613,1108.7375319151622,1092.6670650386825,1103.9907710858242,0.022161946906491675,0.0194577864623679,0.0286601390767601,0,0,0
2011-08-22,1123.25,-0.0006674825,-0.0350177015816408,-0.041577824268453335,-0.034476539091483537,1085.321275800293,1078.2247376071005,1085.9087699150773,0.021729823454377926,0.0220709065700597,0.0262056112585216,0,0,0
2011-08-23,1158.5,0.030899797,-0.0285519293312812,-0.03590275762555988,-0.03176218209267251,1091.6325626787593,1083.6375800229164,1088.1337652468565,0.020019022430533606,0.0179956689389357,0.0226287384200189,0,0,0
2011-08-24,1172.0,0.011585626,-0.0312593638377214,-0.039191089105011054,-0.028681693491699852,1122.8461879421282,1113.975307661795,1125.7442487820215,0.018077456507262186,0.0197021068642485,0.0247013032536973,0,0,0
2011-08-25,1157.5,-0.012449184,-0.0318887196456932,-0.03509947175043303,-0.027723983951711058,1135.2160344107342,1131.5769823122348,1139.9537680057247,0.017473832716332696,0.0200987763373916,0.0221224445543967,0,0,0
2011-08-26,1176.0,0.015856342,-0.0426879563099398,-0.031840951944643994,-0.027722440234335562,1109.1284765521573,1121.2246831814912,1125.8519824213752,0.017472859744366343,0.0269053036843924,0.0200686693795016,0,0,0
2011-08-29,1208.0,0.02684725,-0.0214485107531573,-0.030597313489912376,-0.02891278856098284,1151.045130424799,1140.5624705958726,1142.4853956634877,0.018223110775034586,0.0135185364977822,0.0192848307235772,0,0,0
2011-08-30,1204.75,-0.002694023,-0.0233368077825296,-0.03382432269510521,-0.026228399337080682,1180.1355346211208,1167.823519670706,1176.7279936586087,0.016531197797242752,0.0147086896326083,0.0213187454424654,0,0,0
2011-08-31,1217.75,0.010732817,-0.0238993888630521,-0.0294739435390525,-0.023620377291390122,1176.2985516121084,1169.7594542326717,1176.6267983099215,0.01488741741465845,0.0150632724266089,0.018576794727233,0,0,0
2011-09-01,1201.25,-0.013642212,-0.0216924976087226,-0.027660186055640548,-0.022506819364347272,1191.6184154132545,1184.5283845516956,1190.6484495989132,0.014185565726568289,0.0136723161820641,0.0174336222701886,0,0,0
2011-09-02,1169.25,-0.027000163,-0.019568312442166,-0.026380249916766275,-0.021687104281616534,1177.9720624483773,1169.9750588796842,1175.4788271114396,0.013668916883615554,0.0123334878115249,0.0166269059621272,1,1,1
2011-09-06,1164.5,-0.004070707,-0.029961480251212,-0.03077767358752082,-0.020728966316693187,1134.7371490496807,1133.8113620121642,1145.262136876897,0.013065023065634724,0.0188840786647141,0.0193985078263991,0,0,0
2011-09-07,1199.0,0.029196065,-0.0184207413924705,-0.0279479281031772,-0.02194110071615921,1143.2454103106297,1132.4052180925084,1139.2278514456923,0.013829005390933772,0.0116101983814266,0.0176149799139121,0,0,0
2011-09-08,1185.75,-0.01111239,-0.017141651587696,-0.03255429051118576,-0.02175045219845681,1178.622312330233,1160.5959062922675,1173.2027754727462,0.013708843717497839,0.010804015499604,0.0205182713848833,0,0,0
2011-09-09,1158.0,-0.023681106,-0.0388158281185054,-0.0301340760094985,-0.02087713543251828,1140.6059515713691,1150.551519706823,1161.2515551437023,0.013158410882773999,0.024464784299041,0.0189928620709194,0,0,1
2011-09-12,1163.25,0.004523433,-0.0292273922884326,-0.03169705806825092,-0.023356388900411747,1124.6445012871648,1121.8704321696382,1131.2667134580208,0.01472103119141418,0.0184213987597256,0.0199779761541204,0,0,0
2011-09-13,1165.25,0.0017178445,-0.0297419617640605,-0.028976398330571227,-0.025640756433132777,1129.1620963070434,1130.0268724967364,1133.8025310995572,0.016160819073232132,0.0187457208684714,0.0182632026490902,0,0,0
2011-09-14,1182.25,0.014483746,-0.0439933565981857,-0.026003013369914372,-0.025477604586195853,1115.098006964983,1135.3405419604087,1135.9372165889856,0.016057987961884568,0.0277280694998824,0.0163891418541383,0,0,0
2011-09-15,1204.25,0.018437564,-0.0213388051937134,-0.025354633632572097,-0.02808268258361824,1157.2894587534597,1152.651302086976,1149.5110981739065,0.017699912773962247,0.0134493914356182,0.0159804820061629,0,0,0
2011-09-16,1211.75,0.0062086293,-0.0169489960437707,-0.025964519781514202,-0.024509664883195066,1184.011169935457,1173.3846628669962,1175.0930096884272,0.015447916318530847,0.0106825888405679,0.0163648801706253,0,0,0
2011-09-19,1197.75,-0.011620799,-0.0208946394543103,-0.023559455505702365,-0.020314553941813154,1186.6936044163513,1183.5354940117434,1187.3821878833837,0.012803827830244145,0.0131694432924446,0.0148490197192283,0,0,0
2011-09-20,1196.0,-0.0014621413,-0.0273434228317391,-0.02299987175821462,-0.019313978781517527,1165.4431185261726,1170.5162900485318,1174.8386488034603,0.01217318675782192,0.017233973201181,0.0144963260799804,0,0,0
2011-09-21,1155.75,-0.03423317,-0.0313621055271469,-0.020493126391300798,-0.020905940504939463,1159.073002660059,1171.7396550357291,1171.2560441961782,0.013176566102375421,0.0197668627484368,0.0129163782167805,1,1,1
2011-09-22,1123.5,-0.02830067,-0.0438537173515332,-0.03011884136714729,-0.023241529389619257,1106.1613367248592,1121.4591417414347,1129.1983480938295,0.014648637704209615,0.0276400578764126,0.0189832600024576,0,0,1
2011-09-23,1129.75,0.0055475566,-0.0362387062154742,-0.03375675244570206,-0.030501665740510293,1083.514697163372,1086.2072705897742,1089.7487301873932,0.019224545997700255,0.0228404796139135,0.0212761573628904,0,0,0
2011-09-26,1158.5,0.025129696,-0.0298126334959896,-0.03131869389093254,-0.03443023450827429,1096.566282070175,1094.9160300238711,1091.5144491468236,0.021700638668294973,0.0187902637459905,0.0197395013248235,0,0,0
2011-09-27,1169.5,0.009450242,-0.0319103038698087,-0.03330982780560648,-0.029799381874521934,1122.1155202447471,1120.5461911284146,1124.4867204064687,0.01878191153307806,0.0201123804111121,0.0209944703437578,0,0,0
2011-09-28,1148.75,-0.017901912,-0.0326445467926491,-0.030717762880846947,-0.02762572373898991,1131.9386251541655,1134.1217287953496,1137.6339046668095,0.017411901410833777,0.0205751579841049,0.0193607473923951,0,0,0
2011-09-29,1156.25,0.006507615,-0.0356238449575436,-0.03025025906523677,-0.028632991810273827,1108.547444433957,1114.5203529382416,1116.324288539837,0.018046760881564063,0.0224529457449159,0.0190660897601281,0,0,0
2011-09-30,1126.0,-0.02651048,-0.0262098208293607,-0.027418315337903693,-0.030787478941784626,1126.3385932671972,1124.9782414169058,1121.194383468304,0.019404687930976734,0.0165194881621274,0.0172811763422125,1,0,0
2011-10-03,1086.25,-0.035940133,-0.0361268498248411,-0.03116168852273697,-0.027419077221369922,1086.0471968272138,1091.4530055916998,1095.5455435576985,0.01728165654102741,0.0227699789289622,0.0196405442072536,0,1,1
2011-10-04,1113.5,0.02477681,-0.0476995571061454,-0.038403361988339726,-0.028474377451712517,1035.6526839649414,1045.3252025417994,1055.7559178266683,0.017946789651861424,0.0300640082236269,0.0242048157399688,0,0,0
2011-10-05,1135.0,0.019124443,-0.0296724128887989,-0.038886275300990585,-0.03642390097953656,1080.9451473108672,1071.0312104107877,1073.6717398124854,0.022957203903351972,0.0187018857034371,0.0245091856478597,0,0,0
2011-10-06,1157.5,0.019629857,-0.024050840993319,-0.037336476911756025,-0.03479316882313761,1108.0279459017888,1093.4044463669907,1096.1888500368652,0.0219293883860839,0.015158729457367,0.023532380948914,0,0,0
2011-10-07,1155.0,-0.002162163,-0.0280013122176958,-0.03624811442915057,-0.026915084141349615,1125.5380576205177,1116.294136661428,1126.7613129065437,0.01696400050768807,0.0176486267768028,0.0228464094092931,0,0,0
2011-10-10,1191.0,0.030692946,-0.0196711135445191,-0.032393825701972585,-0.025027923761913116,1132.5018709529108,1118.1846457225688,1126.45149319025,0.015774563778948036,0.0123982811424077,0.0204171338558062,0,0,0
2011-10-11,1189.5,-0.0012602396,-0.0131979391093756,-0.03658771028550503,-0.023939732522560334,1175.3845272154333,1148.2115754486401,1162.826358821268,0.015088700170278054,0.0083183780729083,0.023060449397032,0,0,0
2011-10-12,1198.25,0.007329108,-0.0317837584861968,-0.0326854114708613,-0.021750656871097607,1152.2877248864006,1151.2492294716658,1163.9069356122893,0.013708972718275403,0.0200326215688004,0.0206009141146932,0,0,0
2011-10-13,1198.0,-0.00020865936,-0.0178370345211934,-0.02971805301573837,-0.022507120013424146,1177.066262561134,1163.1642650032138,1171.582078257094,0.014185755219235893,0.0112423004544247,0.0187306516969784,0,0,0
2011-10-14,1219.25,0.017582417,-0.0196586338320353,-0.026493290263711035,-0.021759245027612818,1174.6789378337037,1166.6777845889776,1172.2139839669235,0.01371438564920733,0.012390415447179,0.0166981528693592,0,0,0
2011-10-17,1194.0,-0.0209269,-0.0282089393322738,-0.02702725971946865,-0.01998132780294425,1185.3368268621725,1186.7383431332992,1195.1295479153468,0.012593802538877413,0.017779489695849,0.0170347023696688,0,0,1
2011-10-18,1223.0,0.023997841,-0.0336197902498046,-0.028705230820783568,-0.020364958915893943,1154.5252548577314,1160.213203266915,1169.9301615609215,0.012835597004786045,0.0211898330271188,0.018092291581172,0,0,0
2011-10-19,1206.5,-0.01358325,-0.0197965887496846,-0.031078651405006187,-0.02286239934025317,1199.0268482006484,1185.5753750358858,1195.356488180238,0.014409680162180413,0.012477365474188,0.0195882076921625,0,0,0
2011-10-20,1210.0,0.0028967536,-0.0219646966284949,-0.02956499813262909,-0.0227113173974102,1180.288511017568,1171.3519657092859,1179.407611991605,0.01431445645261923,0.0138438773886113,0.0186341844854648,0,0,0
2011-10-21,1235.25,0.020653019,-0.0138534011911612,-0.026784071236003428,-0.02153149641382398,1193.352959857829,1178.0214434979189,1184.2253682980115,0.013570840580588963,0.0087315017707495,0.0168814258822054,0,0,0
2011-10-24,1247.0,0.009467288,-0.0188479741730302,-0.028316281474321567,-0.019123088588211025,1212.186076793969,1200.7628909689015,1211.8526328000894,0.012039377966932703,0.0118661733920945,0.0178271628934238,0,0,0
2011-10-25,1224.5,-0.01820807,-0.0230964650648281,-0.026563830554580097,-0.018422194067860612,1218.5287661391585,1214.3109980446638,1224.2378322761379,0.011587922661313733,0.0145281311191856,0.0167091722582458,0,0,0
2011-10-26,1237.5,0.010560618,-0.0216231328870384,-0.027238760233806007,-0.019144159463129588,1198.3066851147148,1191.5963004682078,1201.2809405677754,0.012002847493942717,0.0135570938428629,0.0170779336455129,0,0,0
2011-10-27,1282.5,0.035718083,-0.0302029302158737,-0.02573589568522927,-0.019893469470111693,1200.682668249083,1206.0581564955899,1213.125086191878,0.01245238440044195,0.0189056261720882,0.0161094708212479,0,0,0
2011-10-28,1281.0,-0.0011702752,-0.0101301460138295,-0.033793311828032545,-0.021892700840152664,1269.573671078278,1239.8841976137562,1254.7277254613055,0.01368318619609149,0.0063314560918221,0.0211212029663091,0,0,0
2011-10-31,1249.25,-0.025097651,-0.0206445145514292,-0.03076751975573888,-0.019909325239889065,1254.8254865377437,1242.1869594724674,1255.7483600250882,0.012449804616874326,0.0129095370877041,0.0192397082718462,1,0,1
2011-11-01,1224.5,-0.020010773,-0.0313970984308205,-0.032826295308434485,-0.01922722302135728,1210.6365223383555,1208.9075202372117,1225.459833957975,0.011991519485674852,0.0195815546118452,0.0204729075746593,0,0,1
2011-11-02,1234.25,0.007930901,-0.0186259983072216,-0.032862103421352346,-0.022509587648539733,1201.9035589829184,1184.9143505863744,1197.2449111247893,0.014025673047306264,0.0116058173306305,0.0204763021620502,0,0,0
2011-11-03,1255.75,0.017269505,-0.0388007958934121,-0.03033204993360413,-0.02220140268691805,1187.2772997222978,1197.3747455606083,1207.1498624016763,0.013831641780689817,0.0241731892877007,0.0188970965065563,0,0,0
2011-11-04,1251.0,-0.0037897723,-0.0217296966311374,-0.030053512190476476,-0.025549372989873854,1228.7572675096176,1218.571768564196,1224.072764762029,0.01593451166317142,0.0135522740438001,0.0187436318186052,0,0,0
2011-11-07,1257.5,0.0051823915,-0.0244870148591839,-0.0274488424870984,-0.023917416266657943,1220.738760198712,1217.1284915482393,1221.43428934577,0.014918834523430017,0.015274129888612,0.0171216127343816,0,0,0
2011-11-08,1273.25,0.012447064,-0.0205972685726557,-0.025077030989674065,-0.021877142250424354,1231.8638583498696,1226.3577431864185,1230.28823673637,0.013637582536026843,0.0128397460217116,0.0156323013291898,0,0,0
2011-11-09,1225.75,-0.038019784,-0.0270795832758726,-0.02430485688463159,-0.020124666297543774,1239.2335745789799,1242.676883594275,1247.8823822139645,0.01253590054114183,0.0168682033094551,0.015139792335817,1,1,1
2011-11-10,1237.5,0.009540314,-0.0229001448558734,-0.03408696818972818,-0.021098337990829455,1197.99910988642,1184.6719885509149,1200.1596187322561,0.013148230250763664,0.0142710945986238,0.0212425882315379,0,0,0
2011-11-11,1261.5,0.019208273,-0.0206355109442637,-0.03175892743754025,-0.02299511046815645,1212.225230970827,1198.815862102421,1209.3682368994787,0.0143311487139837,0.0128605851466035,0.0197929865453043,0,0,0
2011-11-14,1252.5,-0.0071599353,-0.0227660480685831,-0.03172663806418952,-0.022718317895530984,1233.1050768509076,1222.1050846468017,1233.1639345742506,0.014157288429104183,0.014187032260922,0.0197709693132203,0,0,0
2011-11-15,1254.0,0.0011968883,-0.0256080281318691,-0.029261241273563436,-0.02242635295160674,1220.8331382074812,1216.3813112307337,1224.7236185429567,0.013974569589206527,0.0159571719906212,0.0182336046046523,0,0,0
2011-11-16,1231.0,-0.018511595,-0.0174977665873017,-0.02667564614328334,-0.022678409043260968,1232.2486556407234,1220.9909657797925,1225.881323615415,0.014166685246408631,0.010930455980601,0.0166636681583608,1,0,0
2011-11-17,1214.75,-0.013288553,-0.0297623182935542,-0.027344169335888267,-0.020382241612443872,1194.9024244966095,1197.7953729293408,1206.1634328584853,0.012708227909070625,0.0185566598202757,0.0170489557778833,0,0,0
2011-11-18,1214.0,-0.0006176017,-0.0194947460309387,-0.0265482875075263,-0.02168592134313329,1191.298094457321,1182.9247893804206,1188.690609255148,0.013536264865518241,0.0121685420501792,0.016571334265288,0,0,0
2011-11-21,1190.75,-0.019337332,-0.0229177493090702,-0.02397859180206624,-0.02100435393305556,1186.494241258575,1185.2362251462066,1188.766647165656,0.013110654477482848,0.0143049718906103,0.0149671364792014,0,0,0
2011-11-22,1182.75,-0.006741125,-0.0176106486302978,-0.025601320232362692,-0.02037684958688437,1169.9636875763906,1160.652144250802,1166.7318049838327,0.012695128307624414,0.0109717374606339,0.0159500635173565,0,0,0
2011-11-23,1160.0,-0.019422231,-0.0168045374408385,-0.023756104886896265,-0.019303102222990254,1163.0405016589125,1154.983583718745,1160.1381969293254,0.01204961498558297,0.0104899307807504,0.0148293219471892,1,0,1
2011-11-25,1153.5,-0.0056192065,-0.0249618988796913,-0.025513262963449263,-0.01812073959836183,1131.4026048384148,1130.7789620207614,1139.1692463945853,0.01130779083653781,0.0155768438634742,0.0159209087235243,0,0,0
2011-11-28,1191.0,0.03199249,-0.0202871920835518,-0.023502904211209957,-0.019500047604339286,1130.3344999201418,1126.7055075849944,1131.2245867489262,0.012184222269602104,0.012676054058304,0.0146853287079579,0,0,0
2011-11-29,1196.5,0.004607338,-0.0180939984914171,-0.03088128816923076,-0.019600518744118077,1169.6438396148344,1154.782485740006,1167.8830741294598,0.012224978185548617,0.011285351154969,0.0192608715687067,0,0,0
2011-11-30,1246.0,0.040537793,-0.0424672365052947,-0.028174490335139083,-0.019817738280331954,1146.7517629756458,1163.2596855954562,1173.0214900432027,0.012370634336972334,0.026508910687861,0.0175870885282843,0,0,0
2011-12-01,1243.5,-0.002008436,-0.013891619813345,-0.038200540322955535,-0.02549190160614389,1228.810711669113,1199.2997922653883,1214.638520772617,0.01591337995089911,0.008671876568436,0.0238467777681333,0,0,0
2011-12-02,1243.5,0.0,-0.0187162877193547,-0.03431185310394032,-0.023314672684652663,1220.4427424290855,1201.5568983352377,1214.8435603349615,0.014594467672127728,0.0117159807369791,0.0214784585513778,0,0,0
2011-12-05,1255.0,0.009205588,-0.0154087993345159,-0.03106260532013281,-0.02046207781846557,1224.486025493967,1205.4674040848763,1218.313964313371,0.012826472881697446,0.0096588698643951,0.0194713199855982,0,0,0
2011-12-06,1255.0,0.0,-0.0183576013947302,-0.028930228919498705,-0.018226176073279476,1232.171390608174,1219.2127257273269,1232.3333397711444,0.011430961473860909,0.011513387857769,0.0181442520295626,0,0,0
2011-12-07,1264.0,0.0071457233,-0.020453426276431,-0.02630636177547816,-0.01769192266367165,1229.591679404959,1222.4159785570812,1232.9918939614374,0.011110517035134592,0.0128447396809949,0.0165203797345905,0,0,0
2011-12-08,1236.0,-0.022400936,-0.0298920877735593,-0.02442501226280333,-0.018017553366150338,1226.775531341571,1233.5007727566463,1241.429753438624,0.011324183414804482,0.0187874278888036,0.0153513250746059,0,0,1
2011-12-09,1258.75,0.018238805,-0.0223438847327463,-0.02717185382400107,-0.020441512265264677,1208.6892092815913,1202.8677593362631,1210.9907748784647,0.012819530463524253,0.0140125694854606,0.0170403443408202,0,0,0
2011-12-12,1235.25,-0.018845785,-0.0266121602019765,-0.027764689586867147,-0.02119148370021591,1225.6937434103102,1224.2819091006984,1232.3558729950364,0.013274131779014106,0.0166695888991327,0.0173915216882969,0,0,0
2011-12-13,1220.25,-0.012217623,-0.0280673438202374,-0.02844116393438587,-0.022306931669243968,1201.0618432747897,1200.61294610806,1208.000419854794,0.013948992487575163,0.0175510990888309,0.0177848566508873,0,0,0
2011-12-14,1206.25,-0.011539382,-0.0194194966319654,-0.027282889797078047,-0.02378119332626824,1196.7819654550485,1187.408101816481,1191.5733330075748,0.014868555864399615,0.0121415215195261,0.0170578980425693,0,0,0
2011-12-15,1211.75,0.004549222,-0.0205549072369213,-0.02617951667008983,-0.021569700817096638,1181.7087289798899,1175.0807363243352,1180.5101468076898,0.01348420992305952,0.0128498158820994,0.0163660173804508,0,0,0
2011-12-16,1211.0,-0.0006191312,-0.0155216329131934,-0.02422322681171551,-0.02001419741961627,1193.0868770823943,1182.750157781832,1187.73887943249,0.012525833863685226,0.0097141739480002,0.0151600440589504,0,0,0
2011-12-19,1199.0,-0.0099585885,-0.0199831595101319,-0.022283219441420667,-0.01811014865645759,1187.0405835510783,1184.3134565480834,1189.266006918285,0.011344953712358634,0.0125182859605235,0.0139591395918832,0,0,0
2011-12-20,1236.0,0.030392483,-0.0190885200113985,-0.02164606378149944,-0.01794520332214284,1176.3299219821477,1173.3252506456315,1177.675608740498,0.011235430747624722,0.0119512574370267,0.0135525268903258,0,0,0
2011-12-21,1236.25,0.00020224492,-0.0237553261315215,-0.028138147598266994,-0.018024601852489164,1206.9844186823912,1201.705997101356,1213.9211709179126,0.011286130578822395,0.014874431893531,0.0176187419083747,0,0,0
2011-12-22,1249.0,0.010260628,-0.0135082303433008,-0.026055099417756345,-0.02020741475241205,1219.6627347634694,1204.4553879098648,1211.5192968383653,0.012670373629650433,0.0084698774000554,0.016336965842761,0,0,0
2011-12-23,1260.25,0.008966883,-0.0066516843763412,-0.025091076535458792,-0.018632200338914683,1240.7196159947864,1218.051139193637,1225.9438422603712,0.011678827376409868,0.0041693343878126,0.0157273078979238,0,0,0
2011-12-27,1260.25,0.0,-0.0071613835222544,-0.024079129343348413,-0.015295199680065723,1251.257105632509,1230.2667116736368,1241.1208893125836,0.009585181144792714,0.0044878889941924,0.0150898858068322,0,0,0
2011-12-28,1244.5,-0.012576271,-0.01494642748004,-0.022523650458255533,-0.013354757779779732,1241.553833270667,1232.1818546627755,1243.5315504070156,0.00837512334087567,0.0093733016888048,0.0141251794892361,0,0,0
2011-12-29,1257.5,0.01039178,-0.0079059567446234,-0.02241077344567941,-0.013469628275826952,1234.699827746182,1216.9199914207895,1227.849437795565,0.008431704647524341,0.0049489630197441,0.0140286738985712,0,0,0
2011-12-30,1252.5,-0.003984069,-0.0081120551968801,-0.021872583117283226,-0.01280732430490731,1247.3403541073235,1230.2938457970295,1241.4974831353818,0.008006197036268096,0.0050710601784651,0.0136731299965616,0,0,0
2012-01-03,1272.0,0.015448911,-0.0083811288522802,-0.02056915727147772,-0.012050313489815253,1242.0465033543128,1227.0002834083584,1237.497555972533,0.007530465345527851,0.0052375235243334,0.0128540494942717,0,0,0
2012-01-04,1273.0,0.00078585465,-0.0106782422364331,-0.021502151211004412,-0.01146940678743185,1258.4895382440639,1244.9412172066288,1257.494259700069,0.007164293246089675,0.0066700972554585,0.0134311843282255,0,0,0
2012-01-05,1273.0,0.0,-0.016283808514221,-0.020146196057953116,-0.011607614156271756,1252.438575254154,1247.6105020488205,1258.308936230714,0.007249235704952594,0.0101696321487495,0.0125817865597625,0,0,0
2012-01-06,1274.25,0.0009814507,-0.0137448384418583,-0.01887189220540906,-0.012763104173783459,1255.6225195734598,1249.2013503148178,1256.8558125126078,0.007972575840955775,0.0085858240603011,0.0117884794969408,0,0,0
2012-01-09,1275.5,0.0009804884,-0.0093254499311612,-0.01764114815115857,-0.013167909437500475,1262.4222805433888,1251.9678858718787,1257.5807816391011,0.008222652123321609,0.0058232425611174,0.0110159494178971,0,0,0
2012-01-10,1286.0,0.008198367,-0.0128634601581149,-0.01644564495245524,-0.012168224516466614,1259.1977331406035,1254.6951235724518,1260.0734766733497,0.007596139549393034,0.0080301475631772,0.010266363335881,0,0,0
2012-01-11,1288.25,0.0017480825,-0.0088830778306784,-0.016241970531642093,-0.012070424817187257,1274.6269505378195,1265.281535701287,1270.5707398774932,0.007524473945790641,0.0055375422744189,0.0101249364413107,0,0,0
2012-01-12,1291.75,0.00271318,-0.0144901963517887,-0.015176634545006432,-0.011258507097173853,1269.717597885632,1268.8463143072174,1273.8275680994223,0.007017404136820768,0.0090317093505152,0.0094595648534857,0,0,0
2012-01-13,1289.0,-0.0021311643,-0.0195059133302791,-0.014268893173265565,-0.011932531178549926,1266.7973893464512,1273.449035007974,1276.4277512603314,0.007444400712739312,0.0121692399479829,0.0089019971470938,0,0,0
2012-01-17,1289.25,0.00019393,-0.0183939533290272,-0.013333838777552951,-0.013856086357356228,1265.5069218293438,1271.926760681284,1271.262673432904,0.008640279044949191,0.0114699696150631,0.0083146196412999,0,0,0
2012-01-18,1302.25,0.010032884,-0.0117245948285954,-0.012358642937560633,-0.01492130728452159,1274.2223349086198,1273.4146727221685,1270.1555161872539,0.009307054830932575,0.0073131291286657,0.0077086119374481,0,0,0
2012-01-19,1310.5,0.006315206,-0.0088628157651371,-0.013583818441189013,-0.01328578743611623,1290.759392951525,1284.6800759304701,1285.0630074846003,0.008271007769217872,0.005517506463435,0.0084565456434521,0,0,0
2012-01-20,1310.75,0.00019074869,-0.0060466370402873,-0.013458783423963016,-0.011683822662596743,1302.5997910771393,1292.9804248621379,1295.2774523452454,0.007278405150466153,0.0037667358918339,0.0083841120685248,0,0,0
2012-01-23,1311.0,0.00019071231,-0.0111562795413419,-0.012611986382590435,-0.010091769841059084,1296.2081737562744,1294.3226473698505,1297.5887346106656,0.0062844141659721,0.0069473127403187,0.0078538202051862,0,0,0
2012-01-24,1311.5,0.00038131553,-0.0089076273016296,-0.011791051315693546,-0.010395839090269731,1299.3739577064925,1295.6327080302758,1297.4416522612883,0.006472298542700383,0.0055457594815234,0.0073409374255223,0,0,0
2012-01-25,1320.25,0.0066495924,-0.0175118475210787,-0.010998234568044912,-0.010022738500323255,1288.733138691272,1297.1548456504897,1298.4208324838448,0.006242209016379653,0.0109064615909132,0.0068497525883464,0,0,0
2012-01-26,1315.25,-0.003794351,-0.0171709878268887,-0.011405177993598038,-0.012022769372867333,1297.7735271915535,1305.277856032698,1304.471976558984,0.007474705705661604,0.0106754173436233,0.0070907414405889,0,0,0
2012-01-27,1312.5,-0.0020930462,-0.0104757204163972,-0.01102046213270108,-0.013449920728837762,1301.5437256160026,1300.83491353035,1297.6784247993962,0.008358410723798162,0.0065101033406233,0.0068486313583753,0,0,0
2012-01-30,1309.0,-0.0026702285,-0.0156725667475549,-0.010393967737288559,-0.012055553456322412,1292.0901115836807,1298.928570029183,1296.772080959047,0.007490782692376103,0.0097382332684299,0.0064583475087794,0,0,0
2012-01-31,1308.25,-0.00057312066,-0.0132060166348035,-0.009884971232689957,-0.012760583346908118,1291.8269674806734,1296.1243153853586,1292.4025183894407,0.007947337633484782,0.0082247551022524,0.0061563959693509,0,0,0
2012-02-01,1319.75,0.008751959,-0.0178762262211828,-0.009266385129312271,-0.012327995217631291,1285.0712188603482,1296.1832455947972,1292.2209065574266,0.007679121154306366,0.0111351200670426,0.0057720410183712,0,0,0
2012-02-02,1322.75,0.0022705782,-0.0074882354718733,-0.011047174771281065,-0.013558307033736599,1309.9043106630163,1305.2507265568893,1301.9771812196823,0.008455539557910643,0.0046699835823031,0.0068894901885089,0,0,0
2012-02-03,1339.0,0.012210164,-0.0142644195223476,-0.010425037451392996,-0.011032857967924253,1304.0156738811831,1309.0319117446165,1308.2364970510375,0.006875340992889208,0.0088891517109068,0.0064965657629555,0,0,0
2012-02-06,1339.0,0.0,-0.0085218259842592,-0.013149698085039439,-0.011813469880093864,1327.6377572964916,1321.507814795011,1323.2748311158011,0.007349758273714929,0.0053018597982382,0.008181093554928,0,0,0
2012-02-07,1344.75,0.0042850557,-0.0110916393219018,-0.012182076215091051,-0.010735059131023192,1324.2303561478818,1322.7871535161576,1324.7026346586208,0.006676617756605529,0.0068983910701026,0.0075765829863898,0,0,0
2012-02-08,1347.0,0.0016717752,-0.0082193806586378,-0.011742792936563629,-0.01078756792592798,1333.7422881180796,1329.051233277711,1330.3213827988693,0.006704852575934613,0.0051086339349204,0.007298558489736,0,0,0
2012-02-09,1348.25,0.0009275578,-0.0100993300267847,-0.011012588749201684,-0.009873722941712498,1333.4646664005975,1332.2474240761599,1333.7655394152966,0.0061340155333508865,0.0062741731387887,0.0068415318972169,0,0,0
2012-02-10,1340.5,-0.0057647764,-0.0109758691297433,-0.0102822171617283,-0.009807859401538593,1333.532699775198,1334.4580282476654,1335.091188929481,0.006089156074553354,0.0068143085507929,0.0063836585055851,0,0,0
2012-02-13,1349.0,0.0063208984,-0.0079380663493848,-0.010423704536307678,-0.009958358114080993,1329.9011449213926,1326.5995967776707,1327.2170688118167,0.00617150784535708,0.0049194694738806,0.0064598976645101,0,0,0
2012-02-14,1347.75,-0.00092704187,-0.0120529980109571,-0.010697309926122445,-0.009235979904502617,1332.838101010599,1334.646239101856,1336.598023472512,0.005716801395432282,0.0074604532015699,0.0066213219328482,0,0,0
2012-02-15,1342.25,-0.004089225,-0.0164964365436095,-0.00998776780935625,-0.01001928436042417,1325.6993066370278,1334.3559854324144,1334.313931796553,0.006199320082419494,0.0102069855165611,0.0061798195691158,0,0,0
2012-02-16,1354.75,0.009269625,-0.0169765163151956,-0.00974341857731267,-0.011773757660269977,1319.6556007135036,1329.2354027098172,1326.539342006112,0.007278483912572644,0.0104948058603786,0.0060233374437236,0,0,0
2012-02-17,1359.75,0.0036839237,-0.0058925807027265,-0.01120412060708855,-0.013031000207775676,1346.790500321222,1339.6559333780897,1337.2107774642484,0.008045116045151622,0.003637978267437,0.0069172319108794,0,0,0
2012-02-21,1360.0,0.00018384043,-0.0104307184901173,-0.01076864686980625,-0.010153626220483845,1345.640544338458,1345.1858910341198,1346.0134625949968,0.006266707651169891,0.0064377259857515,0.0066462917056785,0,0,0
2012-02-22,1356.0,-0.0029455102,-0.0088490431796708,-0.010054400065493112,-0.010079514633062945,1348.0183923428522,1346.3945279560942,1346.3607142643561,0.006221786826359606,0.0054622531228403,0.0062062843452041,0,0,0
2012-02-23,1363.0,0.005148963,-0.0101375122260642,-0.00961433134201461,-0.009470197676985995,1342.3229760513527,1343.0254375138247,1343.2190266433804,0.005852204099597634,0.0062645778507102,0.0059412729505489,0,0,0
2012-02-24,1363.25,0.00018340211,-0.0058679491549107,-0.009690632474222666,-0.00951794075039383,1355.0254054418624,1349.85546025451,1350.088589250006,0.005878862689131299,0.0036244045065206,0.005985527666206,0,0,0
2012-02-27,1367.25,0.0029298684,-0.0146246515781363,-0.009013192069871643,-0.008398840039624562,1343.4580218865624,1351.0179735210693,1351.848229164509,0.0051884626114677155,0.0090345163809423,0.0055679843697317,0,0,0
2012-02-28,1371.5,0.0031036083,-0.0070712691706029,-0.008640208459494727,-0.010122175147100504,1357.6159099926158,1355.4875631123136,1353.4802634413131,0.006256267990334158,0.0043705778965652,0.005340300758423,0,0,0
2012-02-29,1364.5,-0.0051169703,-0.0164278945022842,-0.008346748244665482,-0.008990731924468542,1349.1532006901616,1360.1000771098988,1359.2244768237488,0.005555482434333711,0.0101509955037306,0.0051575570984212,0,0,0
2012-03-01,1374.5,0.0073019676,-0.0104709422801937,-0.008647283633800044,-0.01107103172811792,1350.2869411784407,1352.7516503448444,1349.476891308868,0.006843010786336353,0.0064720951692776,0.0053448907592159,0,0,0
2012-03-02,1368.75,-0.004192114,-0.0090913799895965,-0.009652961117489424,-0.010529060598889566,1362.0605298592982,1361.295837109287,1360.1037288113444,0.006501780585317917,0.0056140011119643,0.0059607820275192,0,0,0
2012-03-05,1364.5,-0.0031098535,-0.0094348310759585,-0.009471374962768246,-0.009935200618934655,1355.8968041753828,1355.8472553414042,1355.2185244205718,0.006139213170907898,0.0058300221030692,0.0058526035002471,0,0,0
2012-03-06,1342.0,-0.016627023,-0.0162583348910805,-0.00909667460005228,-0.009659402356405264,1342.4948701485391,1352.1438725487508,1351.3831977075813,0.005969554832204733,0.0100477253179431,0.0056217865052207,1,1,1
2012-03-07,1352.75,0.007978519,-0.0071375790394005,-0.014351187187987625,-0.011493868637034787,1332.4554718616073,1322.878244923424,1326.6635347874267,0.007125531689049363,0.0044248848872753,0.0088969034110926,0,0,0
2012-03-08,1366.5,0.0101131685,-0.0111968461009171,-0.014389324269628804,-0.010240699974860016,1337.687947538337,1333.4242175230659,1338.9675843496505,0.006346124437665031,0.0069386447059519,0.0089170117875879,0,0,0
2012-03-09,1372.5,0.004381168,-0.0081947303467934,-0.015092657888916375,-0.010737658444652735,1355.34765860626,1346.0307393225216,1351.9054854171786,0.006645834608050023,0.0050719458830876,0.0093412645450247,0,0,0
2012-03-12,1372.5,0.0,-0.0056209922970522,-0.01421443342003233,-0.010025067085240785,1364.8068299529036,1353.1286923757311,1358.809335004393,0.006213157949980134,0.0034836787305516,0.0088095689791602,0,0,0
2012-03-13,1390.75,0.013209276,-0.0114737468358989,-0.013161347650398064,-0.008717426302963535,1356.8422805957293,1354.5544035124524,1360.587331743354,0.0054088014328198975,0.0071189839947055,0.0081660703004869,0,0,0
2012-03-14,1388.75,-0.001439108,-0.008115401235796,-0.0152456238180417,-0.009447016476816289,1379.5091793094355,1369.7079557839081,1377.6734263906853,0.005854562614735951,0.005029325903609,0.009448110889028,0,0,0
2012-03-15,1396.0,0.0052069426,-0.0088250429236169,-0.014091470454711208,-0.009218477502858048,1376.5481417924047,1369.31770675316,1376.006666677935,0.0057242131432882785,0.0054799099610309,0.0087500978724641,0,0,0
2012-03-16,1398.5,0.0017892293,-0.0049096470620251,-0.013553205088471557,-0.009158437448577526,1389.1629302349054,1377.2073635906102,1383.2731891295014,0.005696011632626508,0.003053512887368,0.0084292996787675,0,0,0
2012-03-19,1404.0,0.003925072,-0.0107217349077363,-0.012658964080591134,-0.00804007087081857,1383.5857499221447,1380.9080217682251,1387.30104142502,0.0050083607447828,0.006678836180757,0.0078855845662954,0,0,0
2012-03-20,1400.0,-0.002853069,-0.0103711911589345,-0.01209224595904939,-0.008789643945742942,1389.514095498898,1387.124722305897,1391.7134163507783,0.0054758798184247085,0.0064611714320623,0.0075333751873597,0,0,0
2012-03-21,1397.5,-0.0017873106,-0.0091362516751484,-0.011469816253143594,-0.009223506436840093,1387.2674998837372,1384.0339958483878,1387.1464594693853,0.005755642801864313,0.0057011941770926,0.0071573826947671,0,0,0
2012-03-22,1389.0,-0.0061008623,-0.0134748403622325,-0.010788259591080101,-0.009150634448690003,1378.7952156058213,1382.5044406547602,1384.7703195099448,0.0057124205834597685,0.008411870879081,0.0067347326016958,0,0,0
2012-03-23,1394.0,0.0035932485,-0.0115042787402268,-0.010953157737013611,-0.010284349450909105,1373.1121213497124,1373.8690808485344,1374.788243211269,0.006414617156286796,0.0071755188920813,0.0068317703390711,0,0,0
2012-03-26,1415.0,0.014952219,-0.0108348981948555,-0.010563198349485515,-0.010499711178187847,1378.9776815238672,1379.3524004499377,1379.439974411947,0.006553870262194391,0.0067630924192167,0.0065934986554842,0,0,0
2012-03-27,1406.5,-0.006025182,-0.0092385446211647,-0.014207914650613888,-0.010414880294833732,1401.987659456328,1395.0379461499926,1400.339420989384,0.006508546490005811,0.0057734218219167,0.0088789184716243,0,0,0
2012-03-28,1400.25,-0.0044535566,-0.0157789900668725,-0.013793409342724643,-0.010307399550736156,1384.4810259064432,1387.2327557312153,1392.0771015140658,0.0064413204017773115,0.0098606375096741,0.0086198044979262,0,0,0
2012-03-29,1398.25,-0.0014293374,-0.0143503168522227,-0.013186556439139093,-0.012103772942882835,1380.2994594859256,1381.90673241398,1383.40384859728,0.00757366803885297,0.0089793931697141,0.0082511958475199,0,0,0
2012-03-30,1403.25,0.00356952,-0.0075995654721443,-0.012341134211523686,-0.012657122844685387,1387.6641823329862,1381.100051661829,1380.6637086875855,0.007927826159757118,0.004760010208651,0.0077299057490204,0,0,0
2012-04-02,1412.5,0.0065702093,-0.0145705206484819,-0.011788434545412625,-0.010595784747046028,1382.9521511147962,1386.805000069301,1388.4599594703357,0.0066358197958413965,0.0091250767794115,0.0073827403241877,0,0,0
2012-04-03,1408.75,-0.0026583977,-0.0116259841143355,-0.011865551133732876,-0.011524856269984122,1396.1733878019609,1395.8389507665245,1396.3145869464722,0.007210606520644127,0.0072738778601573,0.0074237646328624,0,0,0
2012-04-04,1393.25,-0.011063639,-0.0122347446437883,-0.01125846182299025,-0.011244064667143444,1391.6193119689428,1392.9785894079512,1392.998644482162,0.007034567143084787,0.007654361231728,0.0070435743626688,0,0,0
2012-04-05,1390.25,-0.0021555603,-0.0109840849910304,-0.012786810692228886,-0.011234974657938372,1378.0301645916943,1375.5481920269876,1377.684474429569,0.007017544025743297,0.006860834345772,0.0079868455171066,0,0,0
2012-04-06,1390.25,0.0,-0.018609806308194,-0.01204834439942374,-0.011057025239248982,1364.6169694225423,1373.6002913199648,1374.9626427581468,0.0069089597186541155,0.0116282995989616,0.0075283834784612,0,0,0
2012-04-09,1375.0,-0.011029856,-0.0090342425380884,-0.011299706844776604,-0.01324307329669044,1377.74670823712,1374.6290051019603,1371.960191291167,0.008278740163547684,0.0056476427239887,0.0070638691485265,1,0,0
2012-04-10,1357.0,-0.01317735,-0.019757105566779,-0.012787563260939197,-0.011284103897041995,1348.100582159416,1357.5290440661522,1359.5715688609882,0.007042207574557942,0.0123300564885958,0.0079804896939961,0,1,1
2012-04-11,1364.0,0.0051451786,-0.0098021392508786,-0.01471038743300099,-0.01386114795801682,1343.7634761439726,1337.1841112913385,1338.3201831542262,0.00863302180195239,0.0061049836647668,0.0091619464570259,0,0,0
2012-04-12,1386.0,0.016000342,-0.0105593681650294,-0.014114031718880956,-0.012189458074335188,1349.672798046643,1344.8836822323135,1347.474502234368,0.007597427625906899,0.0065814275679759,0.0087969730762457,0,0,0
2012-04-13,1365.0,-0.015267472,-0.013812113400428,-0.016837172892323053,-0.011434264126422965,1366.9880109505932,1362.859039233981,1370.2423700543309,0.007112499529607008,0.0085916023083993,0.0104732917617168,1,0,1
2012-04-16,1364.0,-0.0007328692,-0.0121957179373014,-0.018708531302404522,-0.0123144080474989,1348.453945603462,1339.7002532484923,1348.2939069537524,0.00764401058584761,0.0075703352248164,0.0116130804476864,0,0,0
2012-04-17,1383.5,0.014194961,-0.0200080929588495,-0.01721615802722734,-0.012500724761266256,1336.9801702211305,1340.7181475278687,1347.0551435799089,0.007769989421830295,0.0124362925838477,0.010700928810992,0,0,0
2012-04-18,1378.25,-0.0038019419,-0.0062494709508101,-0.018566031698285915,-0.014881137676994512,1374.880817656857,1358.050870831642,1363.0643758104752,0.009243893316513043,0.003882058214087,0.0115328827711388,0,0,0
2012-04-19,1372.5,-0.004180684,-0.0197038725939675,-0.017312304313457243,-0.011590387180981026,1351.3589366561087,1354.5946715227765,1362.3677672784097,0.007207784321248279,0.0122533666678296,0.0107661076068258,0,0,0
2012-04-20,1375.25,0.0020016383,-0.0098280961111238,-0.016294595010973367,-0.013798071926231156,1359.0770073637254,1350.3168915561894,1353.6922003627667,0.008597206190053433,0.0061236214142617,0.0101527223398826,0,0,0
2012-04-23,1362.75,-0.009130816,-0.0157900760208255,-0.015204630775339945,-0.011965860730492437,1353.7052422716115,1354.4979946033873,1358.892013902186,0.007463924522833243,0.009849348766772,0.0094841665853163,0,0,0
2012-04-24,1370.0,0.0053060227,-0.0068100689908673,-0.015351617330044505,-0.012670073086857563,1353.5011070269754,1341.9893460152991,1345.5927790438107,0.007895776331367236,0.0042439203929173,0.0095668695777694,0,0,0
2012-04-25,1387.25,0.012512631,-0.0091158060892824,-0.014727161657256708,-0.010507577487832905,1357.5680951632569,1349.97163103687,1355.6799849305103,0.006552754596338247,0.0056848155838052,0.0091841793555508,0,0,0
2012-04-26,1396.75,0.0068247393,-0.0123370346620541,-0.015915288449928972,-0.009994558286536365,1370.2405872612756,1365.3462804477388,1373.454105791897,0.00622565351254747,0.0076847921615208,0.0099137018966592,0,0,0
2012-04-27,1398.5,0.0012521243,-0.0133730127690336,-0.01546098809088986,-0.010792921936724396,1378.1955851461278,1375.3209489047822,1381.7560461217267,0.006722021046953641,0.0083289468618083,0.0096293745070117,0,0,0
2012-04-30,1393.5,-0.0035816657,-0.0091714821833255,-0.014458584458367084,-0.0116346216579803,1385.7323209342958,1378.4251463391192,1382.3232691618691,0.007252044037697526,0.0057167301730704,0.0090122647987377,0,0,0
2012-05-01,1400.5,0.005010748,-0.0159802149803038,-0.01372314215684961,-0.010842097646346392,1371.4085535738686,1374.507418416237,1378.4731454436535,0.006759323369481053,0.0099625961773272,0.00855546209868,0,0,0
2012-05-02,1397.5,-0.0021443898,-0.0124027126162148,-0.013249117430255773,-0.012183953847407452,1383.2372745814353,1382.0669912298658,1383.5399029646903,0.007595170596973155,0.0077315393151647,0.0082591668026989,0,0,0
2012-05-03,1386.0,-0.008263025,-0.0123502159980452,-0.012513013627319346,-0.011994734460755697,1380.3467145617547,1380.1220156797667,1380.8374895593968,0.007483488882041273,0.0077052730441484,0.007806842132875,0,0,0
2012-05-04,1362.5,-0.017100653,-0.0145433692190171,-0.012862039902378341,-0.011768641006860753,1365.9887584127882,1368.2873671761686,1369.784269278611,0.007334859216971078,0.0090642212384364,0.0080163250686304,1,1,1
2012-05-07,1365.75,0.0023824808,-0.0215661515598523,-0.016060044177725462,-0.012382250378952816,1333.430701613217,1340.7929643472505,1345.7332034187355,0.007712860067532715,0.0134334797056826,0.010003744846877,0,0,0
2012-05-08,1358.5,-0.0053225784,-0.0196747693923131,-0.015077589541955611,-0.015476102542306941,1339.1417971530184,1345.3122453023957,1344.7762276951973,0.009648487004218172,0.0122661216720282,0.0094000363691574,0,0,0
2012-05-09,1351.0,-0.005536091,-0.0170707315083144,-0.01451279584773922,-0.016639941136600715,1335.5062298657112,1338.9267417356061,1336.081677030551,0.010378262273119485,0.010646944441264,0.0090515705787434,0,0,0
2012-05-10,1357.5,0.004799714,-0.0143327208250293,-0.014056970192463452,-0.01593489708081812,1331.7745994316542,1332.1418877575495,1329.6425701897672,0.009946775380962511,0.0089466755838808,0.0087745483596271,0,0,0
2012-05-11,1350.0,-0.0055401805,-0.0151357513932766,-0.01353382471965419,-0.014356150907924418,1337.1079314255408,1339.2515968253776,1338.1507478551289,0.008961430039632939,0.009448074074873,0.008448115666358,0,0,0
2012-05-14,1334.0,-0.011922645,-0.0120345218128536,-0.013185193307754492,-0.013844104046214483,1333.8507646223143,1332.3168232695568,1331.4392345657354,0.00864514225103064,0.0075151235968715,0.0082336763269302,0,0,0
2012-05-15,1328.25,-0.0043196613,-0.0176431259188827,-0.014359249588015316,-0.012630874084403184,1310.6704780354846,1314.9816325708066,1317.2563798547071,0.00787283696710954,0.0109969787539143,0.0089501352179635,0,0,0
2012-05-16,1322.5,-0.0043384014,-0.0155150512456098,-0.013735974735489962,-0.014053591263982469,1307.8011756581502,1310.1299249069846,1309.713872064489,0.008754910038497505,0.0096653499697343,0.0085570457288375,0,0,0
2012-05-17,1301.25,-0.016198544,-0.0201796317638724,-0.013198382198634576,-0.014145883592527638,1296.079907416368,1305.159822404887,1303.9237673283326,0.008817340090748119,0.0125782652602991,0.0082267483492166,0,1,1
2012-05-18,1290.75,-0.008101896,-0.0159308805690839,-0.01577413165199591,-0.015735162601109763,1280.6841923253353,1280.8849539197843,1280.9348697633131,0.009791568190319348,0.0099133582142339,0.0098158175818723,0,0,0
2012-05-21,1315.75,0.019183401,-0.0170881511350531,-0.015589869853477453,-0.01542784605278321,1268.8808527249528,1270.7834180882617,1270.9893319285407,0.009599157687725764,0.0106321943306838,0.0096999683910934,0,0,0
2012-05-22,1314.75,-0.0007603118,-0.0164094861990744,-0.018752960110093957,-0.015520645437559957,1294.3354003481131,1291.3057104914124,1295.4863698495421,0.009646251784224054,0.0101986760900394,0.0116551708915216,0,0,0
2012-05-23,1315.75,0.0007603118,-0.0217669177233274,-0.017444350040412716,-0.015674217564199282,1286.4411607263726,1292.013925362794,1294.302986544862,0.00974319152035898,0.0135304519870054,0.0108435169217077,0,0,0
2012-05-24,1322.5,0.0051170397,-0.0142482284270437,-0.016307480815184714,-0.01742510585868544,1297.1358179137737,1294.4674362615804,1293.021515186127,0.010833630321983173,0.0088584850372558,0.0101387744824795,0,0,0
2012-05-25,1315.0,-0.005687219,-0.0141850048248757,-0.015596259910327249,-0.01522461537121357,1303.8727572214625,1302.0339579746317,1302.5179417142397,0.009466813387911128,0.0088203734747627,0.0096979055641429,0,0,0
2012-05-29,1333.5,0.013970399,-0.0114722652659283,-0.015027711110419442,-0.01394492310057406,1300.000176665213,1295.3863034877638,1296.7896918942536,0.008665427871465651,0.0071289089561297,0.0093382764294485,0,0,0
2012-05-30,1308.5,-0.018925622,-0.0123795659603128,-0.016432128491128215,-0.012480699364603965,1317.0936103113117,1311.766806988654,1316.9604148860976,0.00774701358595819,0.0076842381088675,0.0101997427346108,1,1,1
2012-05-31,1309.25,0.0005730112,-0.0189451985206762,-0.01940179661917032,-0.012289454752289531,1283.9435555729895,1283.35744320602,1292.5176567502626,0.007626343219830519,0.0117566311279664,0.0120399776134555,0,0,0
2012-06-01,1274.0,-0.027292898,-0.0165556510533906,-0.018009365529388307,-0.014657564616346432,1287.7529536647114,1285.8822885903471,1290.1995412631616,0.009102065218375123,0.0102807403252085,0.0111834690059793,1,1,1
2012-06-04,1273.0,-0.0007852376,-0.0173732021599054,-0.023991898891683832,-0.01522415803771394,1252.0576963842047,1243.7980703336539,1254.7513169352876,0.009462679529167971,0.0107984325982023,0.0149123288096328,0,0,0
2012-06-05,1285.0,0.009382399,-0.0144536244458007,-0.02213102223338504,-0.016492501672958352,1254.7328672291615,1245.1366679450978,1252.1772271634877,0.01026982280794841,0.0090002211268158,0.0137809097371983,0,0,0
2012-06-06,1315.5,0.023458103,-0.0167460808858216,-0.021350264338200357,-0.015604705184940452,1263.6604615671286,1257.8557103047435,1265.1035963349352,0.009711078995395635,0.010421376912807,0.0132866402218821,0,0,0
2012-06-07,1316.75,0.0009497579,-0.0150439782905177,-0.024782047628734722,-0.015468169453876537,1295.8577656853688,1283.2998570419245,1295.308190842832,0.009605943009115181,0.0093425145438177,0.0153899876698819,0,0,0
2012-06-08,1328.75,0.009072071,-0.0184314598126391,-0.022909057863684884,-0.015330077863839794,1292.7026697655967,1286.9274061144697,1296.718057898385,0.009534724369285194,0.011463665781607,0.0142485611769443,0,0,0
2012-06-11,1307.0,-0.016504217,-0.0253255027865441,-0.02201393924335871,-0.016062863735019778,1295.521281181571,1299.8185937103158,1307.5769747672728,0.01000330248796962,0.0157716998172248,0.0137093918516536,0,0,1
2012-06-12,1320.0,0.009897302,-0.0143920512366183,-0.022929297971265455,-0.01880158255979855,1288.3243021923702,1277.3723759175255,1282.6559025051033,0.011685903299512988,0.0089452107820098,0.0142514364397631,0,0,0
2012-06-13,1308.75,-0.008559253,-0.0129076432958711,-0.022158438460731903,-0.01665818591019665,1303.07140004926,1291.0725385163128,1298.1933286593214,0.010357185600457413,0.0080252950711761,0.0137769539247149,0,0,0
2012-06-14,1326.25,0.013282928,-0.0143514713266105,-0.021305072965310853,-0.014624500734117044,1290.101647622653,1281.161912392002,1289.7494600151542,0.009105545340150636,0.0089355510480757,0.0132650208979984,0,0,0
2012-06-15,1337.5,0.008446788,-0.0076399560078736,-0.02146818666261751,-0.014114707439598247,1316.156115857342,1298.081265133815,1307.6618609313894,0.008777850613822025,0.0047512421224648,0.0133509345681108,0,0,0
2012-06-18,1341.0,0.0026134045,-0.0169262059308798,-0.020640864017064012,-0.01229113506263505,1315.051717636028,1310.1758119074377,1321.1612236012493,0.007642662729385901,0.0105247629741782,0.0128345479340716,0,0,0
2012-06-19,1350.5,0.00705929,-0.0157093417808727,-0.019256739284179706,-0.013489719439474811,1320.0983778807195,1315.423760456122,1323.0317520201675,0.008394965909782979,0.0097762884771078,0.011983916385333,0,0,0
2012-06-20,1350.75,0.00018509949,-0.0141063255323029,-0.018479201370450338,-0.014168373299820531,1331.5831447132082,1325.773009711159,1331.5005255150095,0.008824063327001823,0.008785419975483,0.0115088471820077,0,0,0
2012-06-21,1318.25,-0.024354894,-0.018240286933313,-0.01722285159268355,-0.014019773012747209,1326.3352751292548,1327.6854222389172,1331.9449210887792,0.008738755554297725,0.0113694714319229,0.0107352872175294,1,1,1
2012-06-22,1326.75,0.0064272434,-0.0097411234847163,-0.021916810990569364,-0.014888552145767302,1305.471105409776,1289.6724719692825,1298.7685512844646,0.009281389605151964,0.0060725288374834,0.0136627430064636,0,0,0
2012-06-25,1306.5,-0.015380537,-0.014874585406251,-0.02077696198455812,-0.013707968554234161,1307.1611926786857,1299.46855981199,1308.6870388202224,0.00855422941812658,0.0092822372302047,0.0129655170074567,1,0,1
2012-06-26,1315.5,0.0068650157,-0.0108952157633149,-0.0215399460977313,-0.014038405594743744,1292.3426642650868,1278.6589838565214,1288.2869632022896,0.00875082358411903,0.0067915199067463,0.0134269000165699,0,0,0
2012-06-27,1325.5,0.007572925,-0.0120968642615183,-0.020527747961943916,-0.01336203666738228,1299.682439392717,1288.7710289466138,1298.0391567711201,0.008342490949441303,0.0075525897084749,0.0128163509686341,0,0,0
2012-06-28,1322.5,-0.002265862,-0.0178895706625863,-0.019692689597798064,-0.013026171176521188,1301.9982192531868,1299.652676891855,1308.3457795729764,0.008132964583921001,0.0111694559090864,0.0122952435439908,0,0,0
2012-06-29,1356.5,0.025383968,-0.0264077309307406,-0.018453076821003278,-0.01428795473563387,1288.032878084614,1298.3195935010372,1303.738530546897,0.00892984651695032,0.0165046004439188,0.011533011324993,0,0,0
2012-07-02,1357.5,0.0007369197,-0.0105899409891369,-0.022957696072548606,-0.017680088653468786,1342.2105408556915,1325.7126409035868,1332.7277269251304,0.011060035161259963,0.0066246907462504,0.0143615188113941,0,0,0
2012-07-03,1368.0,0.0077050463,-0.0094425755749123,-0.021441055394926665,-0.01545298551915172,1344.7420324871998,1328.7035832641202,1336.6838224341934,0.009673505135810917,0.0059110133252886,0.0134220121557077,0,0,0
2012-07-05,1361.5,-0.004762786,-0.0144475661096641,-0.020543558517978733,-0.013178820252677375,1348.3778172669772,1340.1831191152385,1350.0896517481099,0.008241535555613721,0.0090349612106354,0.0128471642164143,0,0,0
2012-07-06,1351.75,-0.0071869837,-0.0166889718229672,-0.019447053424951205,-0.013269198978756797,1338.9665181875791,1335.2786273578365,1343.5533179622805,0.008310002655342413,0.0104516783858482,0.0121789616583978,0,0,0
2012-07-09,1349.25,-0.0018511667,-0.0077651002333641,-0.01870469581093753,-0.014120154391431411,1341.294173567357,1326.7009254111258,1332.7972043990937,0.00883887062649621,0.0048607624578192,0.0117086812082713,0,0,0
2012-07-10,1335.5,-0.010243129,-0.0193777529745942,-0.017630418513080708,-0.012185193013049786,1323.3562583115017,1325.6706257046123,1332.908890307009,0.007654949348537172,0.0121734401211473,0.0110757343413936,0,0,0
2012-07-11,1336.25,0.00056142977,-0.0124286073332987,-0.017602408520577994,-0.013876962966717424,1319.0043164337742,1312.1976736271683,1317.0953118940188,0.008698095752333091,0.0077902648376638,0.0110332091503656,0,0,0
2012-07-12,1329.25,-0.00525231,-0.0158774086034072,-0.016521878189172234,-0.013389919267491628,1315.2013539122047,1314.35401971034,1318.4769756026342,0.008386493252474286,0.0099444796834982,0.0103481296028495,0,0,0
2012-07-13,1351.75,0.016785176,-0.0121815245518699,-0.015816467049962275,-0.01381498387043388,1313.1559326431961,1308.3913510731502,1311.0126967691442,0.00864216101528361,0.007620327144514,0.0098942174830356,0,0,0
2012-07-16,1347.5,-0.0031490254,-0.0074927754155394,-0.01775640679229684,-0.013026305745891654,1341.6594909990667,1327.959618037588,1334.2558804558766,0.008128272495147765,0.0046754100134381,0.0110798038797762,0,0,0
2012-07-17,1358.5,0.008130126,-0.0157869583608347,-0.016803462450731093,-0.011502393339249637,1326.3941108518368,1325.0465108498356,1332.0893247085828,0.0071833225611583895,0.0098590624421169,0.0104938761323727,0,0,0
2012-07-18,1367.25,0.0064202733,-0.0135214376600392,-0.01651174457647,-0.012634051063434524,1340.2547558838423,1336.2529690848914,1341.4446078415094,0.007899347276131041,0.008454179202927,0.0103238465547924,0,0,0
2012-07-19,1372.0,0.003468106,-0.0075121512510254,-0.01595660886527415,-0.012931864065532477,1357.0174933910746,1345.6064644702471,1349.6827423684906,0.008066062706926279,0.0046855954213273,0.0099527034188553,0,0,0
2012-07-20,1358.25,-0.010072423,-0.007839207037855,-0.015189445280247581,-0.011316178672717026,1361.2866548733468,1351.3175561516766,1356.5617187819282,0.007074623988914016,0.0049008984188084,0.0094961043887561,1,0,0
2012-07-23,1343.75,-0.010732894,-0.0190119519755073,-0.015409380241825796,-0.010348179418072163,1332.6709406206635,1337.4806417263674,1344.267059075974,0.006444694362596525,0.0118403648379469,0.0095967360019065,0,0,1
2012-07-24,1329.5,-0.010661282,-0.0162064722464503,-0.015731571524646354,-0.012642169961667005,1322.1480712578298,1322.776109447293,1326.8690150864697,0.007850214272600199,0.0100634843641041,0.009768592550778,0,0,0
2012-07-25,1335.0,0.00412836,-0.0158050173694892,-0.0159854382124627,-0.013760869060195842,1308.6524116284402,1308.4163247553117,1311.3302272368003,0.008522056886558669,0.0097879906077616,0.0098997245891414,0,0,0
2012-07-26,1354.75,0.014685644,-0.0216488358880547,-0.015278178961120341,-0.01425023715259723,1306.4093973479069,1314.7586502995714,1316.1108405517107,0.008852820365233665,0.0134491274202017,0.0094914191534026,0,0,0
2012-07-27,1382.5,0.020276519,-0.0176079145460506,-0.01657916795513067,-0.016267087714885713,1331.1044629823891,1332.4745367693781,1332.8904406372471,0.010066606199948466,0.010896353720109,0.0102597316650836,0,0,0
2012-07-30,1380.5,-0.0014477021,-0.0097003551031758,-0.01938990275668713,-0.016243117310889205,1369.154093735354,1355.9516759221988,1360.225285460813,0.01002548068049353,0.0059871957346278,0.0119677209591718,0,0,0
2012-07-31,1374.5,-0.004355724,-0.0122426691739823,-0.01816105979719372,-0.01360151261876882,1363.702031004159,1355.6549460759907,1361.8502318761787,0.008390223224546436,0.0075520076415797,0.0112028235361505,0,0,0
2012-08-01,1370.5,-0.002914392,-0.0113620567093702,-0.017189704519068663,-0.012828201131082743,1358.9712394404994,1351.0746652484436,1356.9802512333017,0.007948775104715085,0.0070403038264633,0.0106513059736419,0,0,0
2012-08-02,1362.0,-0.006221429,-0.027631828828052,-0.016271528367319755,-0.012149700413860558,1333.1489933852915,1348.3803189182881,1353.9495804928229,0.007512917764346055,0.017086483665623,0.0100617011415719,0,0,0
2012-08-03,1389.0,0.019629857,-0.0160308737803786,-0.015804695511511684,-0.01663978098315015,1340.3400279128377,1340.6432179862545,1339.5241336428364,0.01037289991289012,0.0099933195880659,0.0098523246706567,0,0,0
2012-08-06,1390.0,0.00071968336,-0.0069535341816625,-0.01821896801843015,-0.015823671376656714,1379.3750435353936,1363.9229857318128,1367.193901722326,0.009826034120381773,0.0043179400342611,0.0113134428241054,0,0,0
2012-08-07,1397.0,0.0050233332,-0.0119077551503629,-0.017229203997121162,-0.012322924944401176,1373.5463776135055,1366.2565342932464,1372.9762410067478,0.0076015141816055,0.0073454127210029,0.0106279993680717,0,0,0
2012-08-08,1398.25,0.00089437445,-0.0079096445318738,-0.016502851575498162,-0.011943838799918312,1385.9938114894978,1374.134706554322,1380.4137063815494,0.007367671265549609,0.0048791399243095,0.0101799419256445,0,0,0
2012-08-09,1400.5,0.001607861,-0.0080677312668986,-0.015722490936128385,-0.010677221909402086,1387.0146774780537,1376.4379462775294,1383.399993948747,0.006586346515187103,0.0049766572396901,0.0096985689972448,0,0,0
2012-08-10,1402.5,0.0014270426,-0.0086688827916346,-0.015048423203001567,-0.009985225156298934,1388.411701374683,1379.582465994828,1386.585278595137,0.006159481695668056,0.0053474833107075,0.0092827638652778,0,0,0
2012-08-13,1402.5,0.0,-0.0078577255714015,-0.01428566973976453,-0.009722624087358949,1391.522724576556,1382.6067804887784,1388.9300941602773,0.005997493713215968,0.0048471132166808,0.0088122520919752,0,0,0
2012-08-14,1401.5,-0.0007132668,-0.0099996197961527,-0.013625068297975643,-0.009348880860010652,1388.5454197634185,1383.5204342686723,1389.4492943939717,0.005766946626725931,0.0061683611670177,0.0084047537706916,0,0,0
2012-08-15,1403.5,0.0014260252,-0.0069724286889497,-0.012883508969296612,-0.00961507815444711,1391.7621289485062,1383.5595781250304,1388.0890449766493,0.005931152975291181,0.0043010093625024,0.0079473158021177,0,0,0
2012-08-16,1413.0,0.006745987,-0.0088884620559786,-0.01215674533493434,-0.00903549163395969,1391.080321194043,1386.5412980876245,1390.8758062767195,0.005573629483520323,0.0054829328812784,0.007499004699177,0,0,0
2012-08-17,1415.25,0.0015910902,-0.0047461639703946,-0.012099668815528103,-0.009070084201110728,1406.309559831975,1396.006185056869,1400.2419169310435,0.005594968239616231,0.0029277166656421,0.0074637965019624,0,0,0
2012-08-20,1414.75,-0.00035335688,-0.0068897167695716,-0.011519263769025448,-0.008157357544735528,1405.5328410164357,1399.0408996385224,1403.7522590838987,0.0050319440668919035,0.0042499877234859,0.0071057680945858,0,0,0
2012-08-21,1412.5,-0.001591653,-0.0134610814603431,-0.01083383053437195,-0.008034101830299989,1395.833538656353,1399.505565168653,1403.4292911921475,0.0049559125998925565,0.0083035969205538,0.0066829520442349,0,0,0
2012-08-22,1412.25,-0.00017700682,-0.0081263325349204,-0.01019903297974858,-0.009522031312353242,1401.0680680457854,1398.1670811149377,1399.1139630443067,0.0058737561402928875,0.0050128059926799,0.006291371097691,0,0,0
2012-08-23,1400.0,-0.008711941,-0.0137143810121335,-0.009573381510584416,-0.009178586284812728,1393.0140713399812,1398.794502035191,1399.34684845112,0.005661898788306234,0.0084598471731372,0.0059054320014901,0,0,0
2012-08-24,1409.75,0.006940147,-0.011648195653575,-0.010576662274725684,-0.0103881969665469,1383.7871347121572,1385.270703521022,1385.531803594452,0.006408058713235537,0.0071853009614406,0.0065243153421873,0,0,0
2012-08-27,1408.25,-0.0010645849,-0.0072011576771947,-0.010843790587044875,-0.01072416132470058,1399.6346328538675,1394.5455521320812,1394.7123905669687,0.006615301542721364,0.004442103027824,0.0066890959980433,0,0,0
2012-08-28,1407.75,-0.00035511365,-0.007116606837208,-0.010312723044521228,-0.009616675930839313,1398.2636151564093,1393.801736293818,1394.7722256833974,0.0059321385789493355,0.0043899470330317,0.0063615019021531,0,0,0
2012-08-29,1407.25,-0.00035523978,-0.0063067570527236,-0.009732929148792868,-0.008893571971734498,1398.8996007534647,1394.1149312072694,1395.2855828091053,0.005486084981714069,0.0038903834432588,0.0060038504889803,0,0,0
2012-08-30,1397.0,-0.007310365,-0.0072719360433089,-0.009190416689861605,-0.008210246342728348,1397.0536864058317,1394.376035278473,1395.743431352073,0.005064569028076395,0.0044857633403063,0.0056691964868769,1,0,0
2012-08-31,1405.0,0.0057102223,-0.012407980168794,-0.009832428057715649,-0.008042363320029746,1379.77314794059,1383.331405856956,1385.8098762765446,0.004961008778894317,0.0076539813107456,0.0060652273431479,0,0,0
2012-09-04,1406.0,0.0007114906,-0.0122630853543396,-0.009982217759149146,-0.009364888399754719,1387.8755787982293,1391.0447520904686,1391.9037499711912,0.005776821030808252,0.0075646015578147,0.0061576265539556,0,0,0
2012-09-05,1403.5,-0.0017796765,-0.0087700038391167,-0.009432770851379363,-0.010234054763004114,1393.7232867000248,1392.7998789172875,1391.6842977904917,0.006312974619848539,0.0054098607965691,0.0058186949707239,0,0,0
2012-09-06,1431.0,0.019404383,-0.0129451393145718,-0.008998885879804297,-0.009658239509374751,1385.4485880752904,1390.92672126643,1390.00991096861,0.005957777470129871,0.0079853330703994,0.0055510488737547,0,0,0
2012-09-07,1438.25,0.005053596,-0.0041644090876329,-0.014266040361016736,-0.010480229262549138,1425.0531218067706,1410.730224733482,1416.0811051956453,0.006499245243843179,0.0025825309044463,0.0088469910955231,0,0,0
2012-09-10,1426.5,-0.008203205,-0.0065867749047283,-0.013835104251212408,-0.008879038479724074,1428.8077022764096,1418.4886765047954,1425.5362493734513,0.005524244143111192,0.0040980735439461,0.0086077443862444,1,0,0
2012-09-11,1430.5,0.002800142,-0.012261571493194,-0.013856223945927306,-0.008553756992711603,1409.115665698983,1406.8704066262271,1414.3501033621828,0.0053084149099847265,0.0076094643546427,0.0085990969644475,0,0,0
2012-09-12,1439.5,0.0062717977,-0.0069119259506383,-0.013132688687375365,-0.009827145606191683,1420.6465822033563,1411.8365079843386,1416.5111161880016,0.006091645715341987,0.004284560928398,0.0081406839767354,0,0,0
2012-09-13,1457.25,0.012255267,-0.0188604916275359,-0.012912567938557043,-0.008998513532017903,1412.604748392071,1421.0318506744995,1426.6047458442677,0.00558537999616183,0.0117067127008691,0.0080148347175874,0,0,0
2012-09-14,1465.75,0.005815959,-0.0126699737023542,-0.014088692263840205,-0.011879326193126498,1438.9031532865195,1436.8632020752566,1440.041268345315,0.007385404427419693,0.0078769518031082,0.0087589723971149,0,0,0
2012-09-17,1460.75,-0.0034170544,-0.0054450458820641,-0.013672320048367511,-0.011973162311318576,1457.7906132766452,1445.846172692451,1448.3049817640165,0.0074306386750274175,0.0033792382886446,0.0084851493270673,0,0,0
2012-09-18,1453.0,-0.0053196177,-0.0056378358513158,-0.013041899607254333,-0.009563471740401425,1452.5377028243524,1441.8227371588346,1446.8467463078948,0.0059424021200155785,0.0035031512221264,0.0081037738155041,0,0,0
2012-09-19,1453.25,0.00017204302,-0.0062742443562021,-0.012690193666611805,-0.008340363216000969,1443.912062733058,1434.6776515642575,1440.9318485868541,0.005167280179819903,0.0038872142214323,0.0078622218857035,0,0,0
2012-09-20,1453.75,0.00034399726,-0.0090564776413142,-0.01204361736279196,-0.007841497937255297,1440.1480919874339,1435.8525872475307,1441.8989060764538,0.004857386980175144,0.005610001677379,0.0074603743621864,0,0,0
2012-09-21,1452.0,-0.0012045085,-0.0090550872966526,-0.011445852600013922,-0.00825608896706755,1440.645587184308,1437.205455612208,1441.7971205773597,0.005127019539112307,0.0056231963685822,0.0071078582311976,0,0,0
2012-09-24,1451.5,-0.0003444119,-0.0076122230846636,-0.010862969212978336,-0.008567187333878415,1440.9890142909767,1436.3123303063503,1439.6135781495168,0.005318535069872814,0.0047256904579849,0.0067437632061232,0,0,0
2012-09-25,1437.25,-0.009865939,-0.0140721741546773,-0.010318411895881816,-0.008385438607022835,1431.217284872076,1436.5998303779206,1439.3794250524807,0.0052227255190960085,0.0087646104766951,0.0064266445263856,0,0,1
2012-09-26,1427.0,-0.007157227,-0.0105007257923057,-0.011394552853208494,-0.009979492009671439,1422.2367945843162,1420.9661288126285,1422.9783056820881,0.006201823268855253,0.0065257475526286,0.0070812224665087,0,0,0
2012-09-27,1441.0,0.009762978,-0.0096138278012735,-0.011579409788509106,-0.010158743036503746,1413.3468026304877,1410.5714820671146,1412.5768582213416,0.006326951328313414,0.0059875734979096,0.0072117546313788,0,0,0
2012-09-28,1434.25,-0.0046952525,-0.0104958107728102,-0.012304213043445552,-0.010002181764234714,1425.954631465744,1423.3782621305852,1426.6586977962336,0.006208707187013997,0.0065151201322596,0.0076376592381629,0,0,0
2012-10-01,1437.0,0.0019155426,-0.0184853125872202,-0.011953098739872688,-0.010203382486364142,1407.98098392931,1417.2083214696515,1419.6902045667398,0.006358437093064099,0.0115194836014962,0.0074488069526194,0,0,0
2012-10-02,1441.0,0.0027797099,-0.0104201121150252,-0.011434834061565032,-0.012685215393248659,1422.1040424463704,1420.6617341589308,1418.8864753544299,0.007876836915882932,0.0064703295317282,0.0071004173181851,0,0,0
2012-10-03,1444.75,0.0025989793,-0.0099618770613719,-0.011014379290227796,-0.011494528836389897,1426.716200009932,1425.2153679825506,1424.531215731271,0.0071547515622636,0.006200754853238,0.006855883225473,0,0,0
2012-10-04,1455.75,0.0075849355,-0.0070692923647451,-0.0106192047392818,-0.010644257039008112,1434.5726555520087,1429.4890767980075,1429.4532652577827,0.006655277608346857,0.0044200457589034,0.0066396137617491,0,0,0
2012-10-05,1455.5,-0.00017174752,-0.0113945513877792,-0.011046136113964695,-0.009322089847318882,1439.2565281268596,1439.758074452323,1442.242424937685,0.0058493111705965285,0.0071497140456807,0.0069310946817281,0,0,0
2012-10-08,1449.75,-0.0039583566,-0.0055899978789571,-0.01049985185151645,-0.009882480936047577,1447.3864565601953,1440.2974177304397,1441.186890004676,0.0061871245114309865,0.0034997297864331,0.0065736418999755,0,0,0
2012-10-09,1436.0,-0.009529657,-0.011709162358384,-0.010312466890207683,-0.008573165046966523,1432.8736387163692,1434.8763250799548,1437.3741797489013,0.0053640094335790965,0.0073261225003366,0.0064522459767783,0,0,1
2012-10-10,1426.25,-0.0068128486,-0.0067925666996492,-0.011261800882581378,-0.009494168370068152,1426.278927113945,1419.918775668114,1422.4308898543713,0.005912133302407874,0.0042298133157643,0.0070128594151441,1,0,0
2012-10-11,1428.5,0.0015763205,-0.0141827716042603,-0.011383486191389803,-0.008810032000354216,1406.1645920583442,1410.1063625853815,1413.739880054064,0.005477705997929458,0.0088182486829556,0.0070777711801065,0,0,0
2012-10-12,1421.5,-0.0049122907,-0.0105506192652582,-0.010839792694529025,-0.010475546219548324,1413.5076686426676,1413.098978876784,1413.6137889518245,0.006506118802022144,0.006552744929575,0.0067323438398173,0,0,0
2012-10-15,1435.5,0.009800568,-0.0135427311916075,-0.010713766046452576,-0.010375113383618274,1402.3787766490873,1406.351674273379,1406.8280196660185,0.006458298392051137,0.008430076457462,0.0066691028302272,0,0,0
2012-10-16,1449.25,0.009532961,-0.009736545697453,-0.011628878912270227,-0.011180920555687009,1421.5910112846332,1418.903431096724,1419.5391831304553,0.006967189943221242,0.0060671536772976,0.0072463271521321,0,0,0
2012-10-17,1457.0,0.005333346,-0.0072435294164954,-0.012316506101145229,-0.010540444069105592,1438.7902435042054,1431.5097765779099,1434.0544858524274,0.0065685970720104235,0.0045140248175759,0.0076754039377248,0,0,0
2012-10-18,1451.5,-0.0037820227,-0.0085543922829483,-0.01206976545257273,-0.009486237016151654,1444.5894086585201,1439.5200533685113,1443.2439026251384,0.005924586670748191,0.0053426072329433,0.0075381177381101,0,0,0
2012-10-19,1424.0,-0.019127691,-0.0142314229953739,-0.011645067377690194,-0.009224964006691637,1430.9893833256854,1434.6952209973674,1438.1715365628654,0.005749873307623599,0.0088703738194798,0.0072583114722062,1,1,1
2012-10-22,1430.0,0.0042046313,-0.0108345561351011,-0.015212674870534768,-0.01063955376001174,1408.654871004736,1402.5010935360365,1408.9295888347074,0.006667997467189963,0.0067902089219672,0.0095340537577018,0,0,0
2012-10-23,1406.75,-0.016392365,-0.0183453170322468,-0.01444791791135502,-0.01094559833147459,1404.005365587126,1409.4880119552736,1414.433144078834,0.006866290621952494,0.0115082131173264,0.0090633330638684,0,1,1
2012-10-24,1405.25,-0.0010668564,-0.0105340596855042,-0.016256784810314447,-0.01334524006835424,1392.0089891940836,1384.0656548156676,1388.1012960195626,0.008398714118452822,0.006629521488719,0.0102310702098801,0,0,0
2012-10-25,1408.25,0.002132576,-0.0136721250199357,-0.015225591350012625,-0.012276521782984993,1386.1679893774947,1384.0162958026428,1388.1038804641482,0.007737628486148891,0.0086172472863662,0.0095963638097887,0,0,0
2012-10-26,1407.5,-0.00053271774,-0.0143040421439485,-0.01447111257070999,-0.012424104054938875,1388.249716115618,1388.0178000167953,1390.861994325301,0.007829596808813153,0.0090143226608656,0.0091196094545398,0,0,0
2012-10-29,1407.5,0.0,-0.0083774639449348,-0.01367120948602902,-0.012583281046448135,1395.7579723771023,1388.3887075503164,1389.8999970488044,0.007909650071539496,0.0052659404210062,0.0085935045629235,0,0,0
2012-10-30,1407.5,0.0,-0.0142644705413221,-0.013012679460435118,-0.010690159648619862,1387.5652748799369,1389.3033043130965,1392.533738683791,0.006737778442529529,0.0089905899693299,0.0082016128879222,0,0,0
2012-10-31,1406.75,-0.0005330017,-0.0135449456372307,-0.012516130956582959,-0.01144126245640137,1388.5640219198606,1389.993332092203,1391.488195387142,0.007211182439545328,0.0085370888480183,0.007888649011339,0,0,0
2012-11-01,1423.25,0.011660909,-0.0149484769544511,-0.011974926821104551,-0.011742756801652116,1385.8776238330859,1390.004733468949,1390.3274883605125,0.00740120786168552,0.0094217045472612,0.0075475396475041,0,0,0
2012-11-02,1405.5,-0.012549877,-0.0169204491045877,-0.013061647066472401,-0.012384026954820064,1399.3705659104346,1404.7808918772116,1405.7331222508024,0.007805386691176661,0.0106645963168125,0.0082324761202017,0,0,1
2012-11-05,1412.0,0.0046140277,-0.0080708799265438,-0.013920938453908849,-0.013619387940902977,1394.2020318635898,1386.0696789414014,1386.4877119900204,0.008584008236070622,0.0050869025878703,0.0087740690595427,0,0,0
2012-11-06,1425.25,0.009340098,-0.0118042600215184,-0.01339710835200875,-0.011450964134707918,1395.4303733416837,1393.2094336807806,1395.9234602505753,0.007217297199389784,0.0074399720226131,0.0084439101765941,0,0,0
2012-11-07,1389.0,-0.025763173,-0.0284860110317969,-0.01362860063344158,-0.011397866978232253,1385.2231224384577,1405.957599767478,1409.0974174495411,0.007183831200001502,0.0179541220479788,0.0085898147986688,0,1,1
2012-11-08,1375.25,-0.009948531,-0.01721228703929,-0.018813514840665263,-0.016672053927038834,1365.2967123948004,1363.1123106708935,1366.0344901549279,0.0104977617476107,0.0108379261044081,0.0118461586854716,0,0,0
2012-11-09,1375.75,0.0003635042,-0.0199917842061925,-0.018305717843206386,-0.016951169591954463,1348.0293005503997,1350.3040845899034,1352.1343759554757,0.010677538763704477,0.0125928213778565,0.0115307684704567,0,0,0
2012-11-12,1378.25,0.0018155415,-0.0072228250256376,-0.017095093032576093,-0.0176938630065601,1365.848998116978,1352.4313112267425,1351.6217583578664,0.011152062518174155,0.0045523917650927,0.0107746706404706,0,0,0
2012-11-13,1371.0,-0.005274178,-0.0158848371345075,-0.016037972205656535,-0.012557704916204029,1356.529691717488,1356.3219753513674,1361.0505619559692,0.00791485218679313,0.0100118722943296,0.0101083900466455,0,0,0
2012-11-14,1353.0,-0.013216051,-0.0220771058376137,-0.015280607328638578,-0.013000595046277081,1341.0639544090877,1350.209537341382,1353.2915438414798,0.008193996340753504,0.0139147265032025,0.0096310392016411,0,0,1
2012-11-15,1351.25,-0.0012942592,-0.0112313199623848,-0.015942302362822736,-0.015485204114938044,1337.8890409431856,1331.6010920550561,1332.2099037138867,0.009759992169739884,0.0070788601864779,0.0100480913957522,0,0,0
2012-11-16,1359.75,0.0062707695,-0.0157173297238834,-0.015138758727586783,-0.013394229390002855,1330.1779898671275,1330.9478149497347,1333.2717189296657,0.008442095628563222,0.0099062959645679,0.0095416350694593,0,0,0
2012-11-19,1382.5,0.016592596,-0.0137715882848309,-0.01458099736832954,-0.013682448940234794,1341.1524357570013,1340.0673339979949,1341.2719905345664,0.008623754231998487,0.0086799368498585,0.0091900900424433,0,0,0
2012-11-20,1386.25,0.0027088053,-0.0100233311645507,-0.016107180873198013,-0.013223241587414211,1368.7119611417095,1360.4102022087532,1364.3392054158749,0.008334325682361718,0.0063174907450108,0.0101520107860474,0,0,0
2012-11-21,1388.25,0.0014417014,-0.0102156586130377,-0.015267658838986443,-0.01204276141627266,1372.1606318650968,1365.2459572185758,1369.655842278977,0.007590294338547503,0.006438710612526,0.0096228780462132,0,0,0
2012-11-23,1405.25,0.012171262,-0.0115228512837251,-0.014666555914211753,-0.011360710727258135,1372.3452119400492,1368.0377382027336,1372.5677427965288,0.007160412411597258,0.0072626061282424,0.0092440157596419,0,0,0
2012-11-26,1403.25,-0.0014242481,-0.0080135744860037,-0.01503241130013375,-0.011311475682806306,1394.0339249023395,1384.2836859660902,1389.4441112888837,0.007129380618618624,0.0050507841972567,0.0094746065658949,0,0,0
2012-11-27,1397.5,-0.004106049,-0.0086720284387187,-0.014457456680597199,-0.010403594969196166,1391.1335889574668,1383.1085220121865,1388.7268329258534,0.006557162868686286,0.0054657936072026,0.0091122249955274,0,0,0
2012-11-28,1407.0,0.006774852,-0.0195885077080843,-0.013937455692492011,-0.00997963684158251,1370.3914354533133,1378.1575113190563,1383.622817308218,0.006289951149997009,0.0123462164546713,0.0087844795209122,0,0,0
2012-11-29,1415.75,0.0061996477,-0.0091801760966891,-0.01355663328047752,-0.012621983905654256,1394.1425991310264,1388.0545255517707,1389.352476316246,0.007955365855780407,0.0057860681819548,0.0085444553189879,0,0,0
2012-11-30,1414.5,-0.00088331423,-0.0074436196174564,-0.013250006866389694,-0.011387698607278129,1405.250819955567,1397.1150321379196,1399.719315237482,0.007177422293786599,0.0046915538627491,0.008351195263885,0,0,0
2012-12-03,1407.0,-0.005316334,-0.0148649593823147,-0.012661775582123192,-0.010093637189820696,1393.629022386024,1396.7028281077478,1400.2943640699966,0.00635065321211754,0.0093526446685142,0.0079664588947991,0,0,0
2012-12-04,1405.5,-0.0010666668,-0.0081692351577163,-0.012432200742192374,-0.011282131682460539,1395.5527076073529,1389.6161770465528,1391.2152509631424,0.007109550740940481,0.0051479271385168,0.0078342785287273,0,0,0
2012-12-05,1408.25,0.0019546875,-0.0138712538576012,-0.011878753495907548,-0.010231464844658223,1386.1385469646798,1388.9031818742465,1391.1929917945847,0.00643302037661713,0.0087215330424329,0.0074687509998025,0,0,0
2012-12-06,1413.0,0.0033673048,-0.006055533747979,-0.011421704829472832,-0.011129264274366552,1399.7480624643697,1392.256892316676,1392.664104234853,0.007004603230698504,0.003811268221242,0.0071886612247029,0,0,0
2012-12-07,1416.0,0.0021208916,-0.0105825182757913,-0.011328148347519875,-0.00952189948929646,1398.125744032469,1397.083647991014,1399.6094091249238,0.00600039190958017,0.0066687594336006,0.0071386312963491,0,0,0
2012-12-10,1420.25,0.002996917,-0.0075650615252457,-0.011215901044113291,-0.009794906918952623,1405.3282898474483,1400.2070159527468,1402.1981162322845,0.006173519840147816,0.0047680960936622,0.0070691419728542,0,0,0
2012-12-11,1431.5,0.007889933,-0.0116570943492707,-0.011174406551596787,-0.009195745252704097,1403.7901352395713,1404.4678911674455,1407.249608559952,0.00579588108720734,0.0073472166544481,0.0070429888838124,0,0,0
2012-12-12,1427.25,-0.0029733297,-0.0098019881757453,-0.011610260662028303,-0.009929591634594196,1417.5369983108733,1414.976021328481,1417.3561272269758,0.006258408728940526,0.0061779830044907,0.0073176983854364,0,0,0
2012-12-13,1418.0,-0.0065020877,-0.0111878759799303,-0.011495947584373408,-0.00996306818659016,1411.371095244167,1410.9363588547974,1413.1008126303475,0.006279508281967102,0.0070514783757229,0.0072456493033236,0,0,0
2012-12-14,1415.0,-0.002117897,-0.0110054447081574,-0.01150983017297468,-0.01035050438941906,1402.4798391892637,1401.7726271124166,1403.398680642479,0.0065237010144501084,0.0069364958562286,0.0072543992012932,0,0,0
2012-12-17,1432.5,0.012291638,-0.0130140618586525,-0.011094409297955453,-0.0105036780114887,1396.704410655615,1399.3881729755185,1400.2150795669572,0.006620243064584807,0.0082024841838816,0.0069925683298859,0,0,0
2012-12-18,1441.0,0.0059161475,-0.0112672873721581,-0.012203493122103214,-0.011122197214274659,1416.4501994921927,1415.124731223237,1416.6557273849476,0.007010082457802832,0.0071015296737606,0.0076916000868406,0,0,0
2012-12-19,1433.0,-0.0055671684,-0.0129043585110048,-0.011930305000187156,-0.01107578747615992,1422.5242843990095,1423.9105742230795,1425.127850779404,0.006959613892495963,0.0081086200832444,0.0074965609984604,0,0,0
2012-12-20,1440.5,0.005220127,-0.0076246333438763,-0.011808783415952677,-0.011466698849869002,1422.115448506447,1416.1775352730926,1416.6620706220513,0.007184699297790075,0.0047773730302754,0.0073990395167062,0,0,0
2012-12-21,1426.0,-0.010116953,-0.0383692458560889,-0.011717026121811034,-0.010026324174193472,1386.2760201621293,1423.720120985442,1426.1292433469212,0.006298831758237784,0.0241046888310298,0.0073609804516521,0,0,1
2012-12-24,1419.75,-0.0043925224,-0.0045742418727898,-0.012176866849900084,-0.01849404399369215,1419.4920269583615,1408.7410809084722,1399.8698639768052,0.011623286448369895,0.002874856553261,0.0076530158297624,0,0,0
2012-12-26,1413.5,-0.004411902,-0.0091527571960986,-0.011964139588671973,-0.011428426113975626,1406.8146602851882,1402.865120753984,1403.616855841683,0.007165588884024891,0.005738751300351,0.0075014796253241,0,0,0
2012-12-27,1410.75,-0.0019474203,-0.0178671097158427,-0.011811672248893998,-0.010302916555005726,1388.4691210349763,1396.902416850366,1399.0115920405335,0.006488501444059369,0.0112522281019627,0.0074386754502509,0,0,0
2012-12-28,1384.0,-0.01914362,-0.0184289610983001,-0.011638247499242938,-0.012347966555276877,1384.989442364612,1394.4265149691582,1393.4372150032905,0.007782658594435612,0.0116153790857906,0.0073353378889291,1,1,1
2012-12-31,1420.0,0.025679015,-0.0253319094537446,-0.013782533697235328,-0.013907555166632113,1349.3809716112821,1365.0558226271226,1364.8851720100868,0.008765633860493545,0.0159661594434266,0.0086868355086407,0,0,0
2013-01-02,1457.0,0.025722656,-0.0119778336576564,-0.01817720827935968,-0.017787132444605114,1403.092933357542,1394.4215410111567,1394.9655772585647,0.011210848245390837,0.0075493717642637,0.0114567046812861,0,0,0
2013-01-03,1453.5,-0.0024050863,-0.0079154245301122,-0.022878747822102793,-0.01500821857276199,1445.5127496678913,1424.0440968380383,1435.2962998661133,0.009459358408495074,0.0049889223842737,0.0144199842597987,0,0,0
2013-01-04,1457.75,0.00291971,-0.0086829323736064,-0.020593791092375077,-0.012580475542478129,1440.93399164466,1423.8730374551885,1435.3288195045286,0.007929204024359216,0.0054726661235953,0.0129798250197391,0,0,0
2013-01-07,1455.75,-0.0013729194,-0.0070802307743644,-0.01896164796855657,-0.011257697946437146,1447.4652457696147,1430.3690718171324,1441.4311196797642,0.007095485664314275,0.0044625176655622,0.0119511201999559,0,0,0
2013-01-08,1452.25,-0.0024071538,-0.007935939326819,-0.017662224789044022,-0.00991602383320041,1444.2429762379886,1430.2639489809678,1441.3860824762535,0.006249857234599149,0.0050018524208257,0.0111321216279586,0,0,0
2013-01-09,1455.75,0.0024071538,-0.0056685655347272,-0.016982753535142288,-0.009341161116790571,1444.0411139874402,1427.7950402156916,1438.7474616440425,0.005887533588802126,0.0035727753294013,0.01070386546366,0,0,0
2013-01-10,1467.0,0.007698267,-0.0095500628568822,-0.01617275657811615,-0.008472376491143113,1441.9136700665945,1432.3958689856072,1443.4684383952363,0.005339957264940185,0.0060191998769831,0.0101933417469941,0,0,0
2013-01-11,1467.25,0.0001704013,-0.0068725412757415,-0.01575878357344101,-0.008870944659671804,1456.9525472619116,1444.0630682458611,1454.0438756788144,0.00559116623674799,0.00433161542719,0.0099324234372241,0,0,0
2013-01-14,1464.25,-0.0020467346,-0.0082497552881129,-0.015046431307030723,-0.008572345778232036,1455.195338923893,1445.3383828743729,1454.7259824553273,0.005402965763372643,0.0051996438933976,0.0094834430756702,0,0,0
2013-01-15,1465.25,0.0006827104,-0.0090127690483064,-0.014193691888131195,-0.008676483102234801,1451.1123451762599,1443.613685844903,1451.6004159251809,0.005468601286114263,0.0056805551083623,0.0089459797016318,0,0,0
2013-01-16,1465.5,0.00017060479,-0.0068203627203011,-0.013749425588861067,-0.008917409974502917,1455.2904659490177,1445.2415219066766,1452.241850735632,0.005620452328526314,0.0042987284023405,0.0086659681777299,0,0,0
2013-01-17,1475.75,0.006969854,-0.013448315824642,-0.012882061014190928,-0.008564725480475845,1445.9234241922663,1446.7424171442246,1453.0019922099393,0.005398162853066813,0.008476185148769,0.0081192868815548,0,0,0
2013-01-18,1479.0,0.0021998486,-0.0076327790963708,-0.012995684621088386,-0.009901335102195484,1464.528805177379,1456.6956984365236,1461.2102051988688,0.006240599242355238,0.0048107770269602,0.0081909014050306,0,0,0
2013-01-22,1489.5,0.0070743095,-0.009866253765342,-0.012453888119538256,-0.009412649685558556,1464.4795596440938,1460.6949207671103,1465.1440042331033,0.005932591301068791,0.0062184882278376,0.0078494186855603,0,0,0
2013-01-23,1490.25,0.00050339795,-0.0050869920425714,-0.01257336339375765,-0.009601573518268031,1481.9421649740498,1470.8892204521849,1475.2668956891664,0.006051665942528827,0.0032062220255225,0.0079247213894965,0,0,0
2013-01-24,1491.75,0.0010060363,-0.009786054244431,-0.012337640399660179,-0.008580817144144307,1475.7374587384297,1471.9767873488354,1477.5171445302253,0.005408305083691385,0.0061679401891874,0.0077761502399306,0,0,0
2013-01-25,1495.75,0.002677826,-0.0077628588942751,-0.012058673313128562,-0.00906488239390948,1480.214587064759,1473.8694983182095,1478.2885670216704,0.005713401032849313,0.0048927635348269,0.0076003232660041,0,0,0
2013-01-28,1497.0,0.00083535217,-0.0065116565175637,-0.011815696769622143,-0.008905941368562719,1486.0418321944567,1478.1806728826846,1482.4880807919424,0.005613223912075143,0.0041041575010399,0.007447180359753,0,0,0
2013-01-29,1505.0,0.005329793,-0.0091092527262416,-0.011478646285703793,-0.008483506866871824,1483.4253699036465,1479.9147120936664,1484.3539076705813,0.005346972502140299,0.0057413667020724,0.0072347446656909,0,0,0
2013-01-30,1495.25,-0.0064994814,-0.0068086902882201,-0.011536639839802517,-0.0088345100387536,1494.7877266712535,1487.7371262844945,1491.7626213653182,0.005568202276297118,0.0042913715186426,0.0072712967595282,0,0,0
2013-01-31,1493.25,-0.0013384643,-0.0065302700488906,-0.011948850823168142,-0.008519106608430397,1485.5174264627744,1477.489799111104,1482.565911108899,0.005369410256029591,0.0041158892107838,0.0075311045050424,0,0,0
2013-02-01,1506.75,0.009000061,-0.0084467379456914,-0.011578075204678972,-0.008266749867699295,1480.6900286326365,1476.0607404908071,1480.9565591704322,0.0052103552125677705,0.0053237978394011,0.0072974125816861,0,0,0
2013-02-04,1493.5,-0.008832655,-0.0097825032155776,-0.012553522848033516,-0.00852397365444797,1492.082074766113,1487.953209269351,1493.961086312613,0.005372477850790932,0.0061657020518308,0.0079122163188837,0,0,1
2013-02-05,1506.0,0.008334771,-0.0108350321937669,-0.013023144808487487,-0.009144770057177025,1477.405230548588,1474.1760357359276,1479.904544322862,0.0057637525143127,0.0068290885018449,0.0082082089724353,0,0,0
2013-02-06,1506.75,0.000497884,-0.0083820094472856,-0.0132906540104191,-0.009861478140799788,1493.4294506027622,1486.1166987826325,1491.2216021087036,0.006215478254072213,0.0052830008545561,0.0083768142873415,0,0,0
2013-02-07,1505.25,-0.000996016,-0.0122486066829213,-0.012998822876663312,-0.009598225906431283,1488.406979433201,1487.2907711654632,1492.3570569715887,0.006049556014556842,0.0077200341970445,0.0081928793802391,0,0,0
2013-02-08,1512.5,0.0048049134,-0.0067744767865846,-0.012795539960518463,-0.010419950712606672,1495.0871815730295,1486.1122137406512,1489.6468026402315,0.0065674715431107205,0.0042698074820575,0.008064754516331,0,0,0
2013-02-11,1513.0,0.00033052388,-0.0053646972309518,-0.012726471189643837,-0.009315015921442783,1504.407621426843,1493.3731789467286,1498.4764545943958,0.005871054832695542,0.0033812536520978,0.008021221950799,0,0,0
2013-02-12,1516.25,0.0021457465,-0.0073889249859257,-0.012603072940628634,-0.008287688919561073,1501.8617569927662,1494.0512079590926,1500.5125442149883,0.0052235526480484944,0.0046570810090816,0.0079434466799528,0,0,0
2013-02-13,1517.25,0.00065930444,-0.0066517825279838,-0.012410590695378315,-0.008198267789700064,1506.1977046478767,1497.5487288037855,1503.8701922920618,0.005167192426977154,0.0041924759212768,0.0078221292473563,0,0,0
2013-02-14,1518.5,0.0008235198,-0.0078232300732084,-0.012240240337440223,-0.007988130273760512,1505.4265134019922,1498.7916928625584,1505.178288734727,0.005034747255772717,0.0049308141946241,0.007714761068852,0,0,0
2013-02-15,1517.0,-0.0009883051,-0.0076842035786414,-0.01123871135007944,-0.008164056237436835,1506.876253677917,1501.5295583880152,1506.1533485589568,0.00514562961903963,0.0048431887756571,0.0070835188196795,0,0,0
2013-02-19,1528.0,0.0072249905,-0.006500878342912,-0.011059794153424889,-0.008183341719375799,1507.1701534905271,1500.3147301709512,1504.6365268698373,0.005157784844848528,0.0040973642486279,0.0069707511463948,0,0,0
2013-02-20,1507.0,-0.013838771,-0.0100939359601014,-0.011932957358741187,-0.007908578528019246,1512.6540466845404,1509.874799854429,1515.9633511371273,0.004984607495924482,0.0063619914339657,0.0075210871951506,1,1,1
2013-02-21,1501.0,-0.003989367,-0.0100868596113637,-0.012156021698297603,-0.008749509028493963,1491.8755101050265,1488.7917693410648,1493.872005397544,0.0055146279618485455,0.0063575313630645,0.0076616798661454,0,0,0
2013-02-22,1514.5,0.008953799,-0.0054166329007982,-0.012054846743379723,-0.009335133391884867,1492.8916139162536,1483.0143002703855,1487.05316384932,0.005883734443021138,0.0034139875913646,0.0075979114611284,0,0,0
2013-02-25,1487.25,-0.018156575,-0.0259601387591322,-0.01207247208745762,-0.008401617574557851,1475.6893148473166,1496.326163319221,1501.8290529428514,0.0052953594368014365,0.0163621189061417,0.0076090203376348,0,1,1
2013-02-26,1492.5,0.003523789,-0.0102970011268527,-0.012414668772389264,-0.013469151862674365,1472.014360390293,1468.9004215130435,1467.352307230862,0.008489317656841563,0.0064899790550993,0.0078246995718673,0,0,0
2013-02-27,1515.75,0.0154578,-0.0160685518975632,-0.012281805348290261,-0.0119760207902341,1468.7093389192835,1474.2815124863444,1474.7323939398702,0.007548229152793091,0.0101276637708629,0.0077409586040876,0,0,0
2013-02-28,1513.25,-0.0016507101,-0.0114860220984334,-0.01255270063774653,-0.012959119060693847,1498.4396657555424,1496.8421644832574,1496.233943855773,0.008167854916234979,0.0072393934823259,0.007911698097367,0,0,0
2013-03-01,1516.5,0.0021453924,-0.014259561253338,-0.012450230901946968,-0.011943325781295188,1491.8248386728962,1494.526485981677,1495.2842611542023,0.007527622189600043,0.0089874957503627,0.0078471136197188,0,0,0
2013-03-04,1525.75,0.006081044,-0.013374175233244,-0.0123071938194262,-0.01230295570262656,1496.3530877295514,1497.9505207267769,1497.9568692294965,0.007754289218987947,0.0084294559234948,0.0077569604131467,0,0,0
2013-03-05,1537.0,0.007346372,-0.0116061198336213,-0.012241122031356997,-0.012227146604263918,1508.1443270649652,1507.186956101279,1507.2080198298868,0.0077065083695446596,0.0073150885100658,0.0077153167816253,0,0,0
2013-03-06,1539.0,0.0013003903,-0.0056427092911436,-0.01235808027272645,-0.011638932033441471,1528.351579029447,1518.12251560479,1519.2146633999187,0.007335769336158857,0.003556478693397,0.0077890330537183,0,0,0
2013-03-07,1542.75,0.0024336833,-0.0054968855774374,-0.012262735068832936,-0.009550165127893173,1530.5635015725063,1520.2428924979445,1524.3722557323542,0.006019264336208796,0.0034645691329306,0.0077289390157892,0,0,0
2013-03-08,1549.5,0.00436576,-0.0085915481671466,-0.012211768281622229,-0.008479357331439641,1529.5521651647307,1524.0248607163664,1529.7237765268292,0.005344357138918378,0.0054150686174297,0.0076968157424761,0,0,0
2013-03-11,1556.0,0.0041861273,-0.0064248079030541,-0.01211104152816174,-0.008672774711505802,1539.5766720269112,1530.8471220375573,1536.1196418694528,0.005466263966941153,0.004049418681243,0.0076333298292288,0,0,0
2013-03-12,1546.75,-0.0059624705,-0.0063935757511029,-0.011974283650491361,-0.008264788710643983,1546.0833313981882,1537.479123055268,1543.192985301846,0.005209119137320625,0.0040297337254474,0.0075471342708554,0,0,0
2013-03-13,1550.0,0.0020989755,-0.0063688261030233,-0.01204003812516486,-0.00801111952105806,1536.9303213301505,1528.2387328305851,1534.408302293934,0.005049236885482915,0.0040141345528651,0.0075885779065463,0,0,0
2013-03-14,1556.0,0.0038634948,-0.0049403040908313,-0.011885428162328605,-0.007856206036998829,1542.3614126673274,1531.6866330356597,1537.870588605677,0.004951598237636698,0.0031137677543516,0.0074911305616198,0,0,0
2013-03-15,1553.5,-0.0016079759,-0.0070108507856023,-0.011853701410896767,-0.007397898896894967,1545.1292672467453,1537.664526909237,1544.5313436022275,0.004662737072775813,0.0044187889460679,0.0074711338703752,0,0,0
2013-03-18,1546.75,-0.0043544946,-0.0166528217896331,-0.011701225626678611,-0.007593786802933223,1527.8440561785387,1535.4280839705436,1541.7477307901402,0.004786201020353735,0.0104959165578001,0.0073750316524775,0,0,0
2013-03-19,1542.25,-0.0029135663,-0.0138286098861515,-0.011612948010281945,-0.010196023811121963,1525.5078111417213,1528.8915678863343,1531.059426829967,0.006426335217824793,0.0087158763426972,0.0073193921634272,0,0,0
2013-03-20,1549.0,0.0043671723,-0.012503742368167,-0.011488500029048467,-0.011275093964562206,1523.0861628518514,1524.6332496116106,1524.9586503132018,0.00710645000158907,0.0078808407496567,0.0072409552688688,0,0,0
2013-03-21,1539.0,-0.0064767064,-0.0078935112426961,-0.01138917123578592,-0.011433900781895564,1536.821081536423,1531.4582563328972,1531.3897564322017,0.007206542533929649,0.0049751109090095,0.0071783504599637,0,0,0
2013-03-22,1552.0,0.008411567,-0.0107822873375486,-0.011380513625257887,-0.010011616218992764,1522.495199439125,1521.5846751648419,1523.6689947644543,0.006310107065979811,0.0067958445497559,0.0071728937536565,0,0,0
2013-03-25,1547.0,-0.0032268502,-0.0154468449805711,-0.011405272163092695,-0.010074791118071014,1528.210704389465,1534.3995771975156,1536.442425434544,0.006349924850475982,0.0097358152297215,0.0071884985292609,0,0,0
2013-03-26,1557.25,0.0066038733,-0.0065195887671732,-0.011393644454176927,-0.011561114440248191,1536.9470024905638,1529.4740637663776,1529.2179442129898,0.0072867225754835,0.004109157027911,0.0071811698336152,0,0,0
2013-03-27,1556.75,-0.00032113038,-0.0106122923058897,-0.011387697409197239,-0.00972403728256309,1540.8113877628462,1539.6170978386308,1542.1806292458107,0.006128852227690134,0.0066887003257877,0.0071774215386619,0,0,0
2013-03-28,1562.75,0.003846775,-0.0099272680647998,-0.011256720491527872,-0.009950641839888722,1541.3721815938684,1539.3243621474408,1541.3361543282158,0.006271676222046916,0.0062569442327136,0.0070948695954404,0,0,0
2013-04-01,1556.0,-0.004328664,-0.0078326530492088,-0.01114828176040182,-0.009875901057548766,1550.5573342430596,1545.42477535911,1547.3923955365033,0.006224568709289334,0.00493675329438,0.0070265229880059,0,0,0
2013-04-02,1564.5,0.0054478585,-0.008394009139316,-0.011063695810419766,-0.00925806402462738,1542.9935861262625,1538.8797704585515,1541.660930806748,0.0058351592731120585,0.0052905640031841,0.0069732102771519,0,0,0
2013-04-03,1548.5,-0.010279563,-0.0130569888067904,-0.01103263976730614,-0.009060554781716378,1544.2051243241415,1547.3343006883063,1550.3887862930435,0.005710673431662732,0.0082295401189915,0.0069536363189811,0,0,1
2013-04-04,1554.5,0.0038672301,-0.0073882441378691,-0.01111216449355891,-0.010241984671492357,1537.1014633883003,1531.3880646834812,1532.7212276387497,0.006455303362771415,0.0046566518851481,0.007003759049025,0,0,0
2013-04-05,1546.0,-0.0054830005,-0.0149829893674269,-0.01108546581448792,-0.009353645280622177,1531.382559677452,1537.3628057770309,1540.0275490145966,0.005895402089619929,0.0094434569812558,0.0069869314439937,0,0,0
2013-04-08,1559.25,0.008533986,-0.0112831477444744,-0.011020443392797166,-0.0109957538246387,1528.654294687185,1529.0559315761789,1529.0936837728605,0.0069303879001074735,0.0071115261264045,0.0069459492056035,0,0,0
2013-04-09,1563.25,0.002562051,-0.0095797467522467,-0.011053906186151078,-0.010883887506675028,1544.3840993470278,1542.1091082192108,1542.3713178630353,0.006849648256525002,0.0060289024118666,0.0069566475387884,0,0,0
2013-04-10,1582.75,0.012396853,-0.0117977832720637,-0.01098751375539387,-0.01027817154600779,1544.9154813000716,1546.1677865042514,1547.2649376598201,0.006478111173976001,0.0074358898662855,0.0069251943611195,0,0,0
2013-04-11,1587.75,0.0031540792,-0.0082474215894031,-0.011217572586902662,-0.010573884774480851,1569.7500750978056,1565.0945975046102,1566.1023541278437,0.0066644928821513166,0.0051981730131324,0.0070701955104385,0,0,0
2013-04-12,1582.0,-0.0036280504,-0.0097080769204835,-0.011124199917883564,-0.00971160125149235,1572.4105794806921,1570.185428613253,1572.4050377950937,0.006121014063919597,0.0061187927536421,0.007011344718952,0,0,0
2013-04-15,1543.5,-0.024637304,-0.0203433822200506,-0.011128140459440931,-0.009648388915822315,1550.1419185977613,1564.4928733420336,1566.8096477888773,0.006081172683942218,0.012821997675974,0.0070138283578152,1,1,1
2013-04-16,1568.75,0.016226558,-0.0120460845928989,-0.011695318469767069,-0.012789312028446067,1525.0184073304906,1525.5534259526528,1523.8853929063057,0.008060829184265043,0.0075923888655301,0.0073713084981184,0,0,0
2013-04-17,1546.0,-0.014608174,-0.0173405711937432,-0.011935440785912934,-0.012155889376288018,1541.7814794872586,1550.1375719851942,1549.795884006263,0.0076615964664195815,0.0109293902627016,0.0075226524460553,0,1,1
2013-04-18,1534.0,-0.007792247,-0.0151222735983659,-0.012271873896880274,-0.013578422046950651,1522.7968493919748,1527.143621152323,1525.1496373807743,0.008558188311371315,0.0095312448459324,0.0077346990231821,0,0,0
2013-04-19,1547.5,0.0087620225,-0.0090519477416121,-0.012266709706865612,-0.013576782642224727,1520.1769692260157,1515.2978089963096,1513.3139581261398,0.008557155029719404,0.0057052485988095,0.0077314441449298,0,0,0
2013-04-22,1556.0,0.0054777004,-0.0123032448580343,-0.012305949354003193,-0.011393233730234797,1528.5773721364908,1528.5732381107398,1529.96902766981,0.007180910963119897,0.0077544714674423,0.0077561760532704,0,0,0
2013-04-23,1573.5,0.011184012,-0.0175062217072074,-0.012226310376977145,-0.011377002004568502,1528.99736569133,1537.0916860491352,1538.397705415342,0.0071706804544208495,0.011033796229993,0.0077059813134135,0,0,0
2013-04-24,1574.0,0.00031771246,-0.0058687193893712,-0.01241983947604528,-0.013067075061601405,1564.29261424908,1554.0782398101978,1553.0727105129286,0.00823589726916191,0.0036989280129287,0.0078279585555281,0,0,0
2013-04-25,1581.75,0.004911679,-0.0111617706018395,-0.012292203793650562,-0.010238169608158198,1556.5290577819032,1554.7704998243794,1557.9673336606377,0.006452898810142204,0.0070350247155797,0.0077475125212682,0,0,0
2013-04-26,1576.5,-0.003324629,-0.0063897029221772,-0.01231285065289267,-0.010431846008967514,1571.675308822364,1562.393559506168,1565.3351947947212,0.006574968893386301,0.0040272927644043,0.007760525794005,0,0,0
2013-04-29,1588.25,0.007425581,-0.0107691658102942,-0.012233004043160304,-0.009163366937095681,1559.6135000595534,1557.3321483619684,1562.119937539225,0.0057754737290309855,0.006787574332437,0.0077102001877047,0,0,0
2013-04-30,1592.25,0.002515329,-0.0088866233874212,-0.01221219432295732,-0.009670709652552293,1574.198348745148,1568.9719356902267,1572.9645252165583,0.006095240965773729,0.0056010482027156,0.0076970842671958,0,0,0
2013-05-01,1577.25,-0.009465286,-0.0092204750315751,-0.012076921156193002,-0.009476892900659492,1577.63617536888,1573.1361726970201,1577.2316931230555,0.005973082422250667,0.0058114677366534,0.0076118244902761,1,0,0
2013-05-02,1592.25,0.009465286,-0.0074018628625868,-0.01216772339113218,-0.00945369262083683,1565.6185122436495,1558.1747448414603,1562.4094229684536,0.00595845978326417,0.0046652354753688,0.007669055192269,0,0,0
2013-05-03,1608.5,0.010153958,-0.0141499372339409,-0.012216251255046134,-0.008944896238184962,1569.8784139782895,1572.9170027474088,1578.0709983537417,0.00563777633125311,0.0089184020811421,0.0076996412645157,0,0,0
2013-05-06,1613.5,0.0031036648,-0.0045496949889016,-0.012334325344491462,-0.010487948861226393,1601.1984381450652,1588.782091216735,1591.7182909378962,0.006610329318388288,0.0028675752115885,0.0077740608317285,0,0,0
2013-05-07,1620.5,0.0043290113,-0.0071790500617653,-0.012336182231641703,-0.008749685370740978,1601.9580822991345,1593.7178390131112,1599.4439652689043,0.005514739106586276,0.0045248013438459,0.0077752311878899,0,0,0
2013-05-08,1628.75,0.0050781057,-0.0071457802675751,-0.012239799708661157,-0.008451072613189971,1608.9615378322394,1600.7862965758038,1606.862742721107,0.005326529887395502,0.0045038321058316,0.0077144833499791,0,0,0
2013-05-09,1624.5,-0.0026127733,-0.0081399624649132,-0.012189802336276362,-0.008255620648313186,1615.5458496869608,1609.016378271984,1615.3590093937992,0.005203340704185608,0.0051304438307591,0.0076829710780477,0,0,0
2013-05-10,1629.5,0.003073143,-0.0071094913511114,-0.012098169269639868,-0.00840348159883448,1612.9915892476906,1604.9649315751342,1610.9057436845003,0.0052965342913405865,0.0044809599797747,0.007625216720648,0,0,0
2013-05-13,1630.75,0.0007668124,-0.0074501570141451,-0.01200261347223189,-0.008246610426747746,1617.405079617246,1610.0586482594483,1616.1174046766428,0.005197661754701081,0.0046956742437282,0.0075649899501416,0,0,0
2013-05-14,1648.0,0.0105224,-0.0111663123195245,-0.011884201696891472,-0.00824164277892368,1612.6418251065352,1611.4845421210764,1617.3651732817536,0.005194530752777888,0.0070378872628677,0.0074903575467487,0,0,0
2013-05-15,1654.25,0.0037853024,-0.0108236845543432,-0.012079291129486578,-0.009193831794781174,1630.2587538819853,1628.213074824223,1632.918002113661,0.005794675075700728,0.0068219363279957,0.0076133182336337,0,0,0
2013-05-16,1648.0,-0.0037853024,-0.007496828666375,-0.011994586827804988,-0.009772859223619867,1641.8947416723063,1634.5264789511887,1638.1619886098997,0.006159623650455299,0.0047250903855454,0.0075599309282408,0,0,0
2013-05-17,1663.0,0.009060768,-0.0087055389482175,-0.011910661843334428,-0.009162166075302085,1633.7155389930485,1628.4876623838356,1632.969710455735,0.005774716851587495,0.0054869145629152,0.0075070348097784,0,0,0
2013-05-20,1664.5,0.0009015778,-0.0073153873860765,-0.012059467198991872,-0.009092052976060805,1650.878900102501,1643.0655470782624,1647.9484443582414,0.005730526068275122,0.0046107318364532,0.0076008236352438,0,0,0
2013-05-21,1665.5,0.0006006006,-0.00884028861754,-0.011987634247084763,-0.008697146944556977,1649.8501892812042,1644.6657034626567,1650.08636850061,0.005481625262922333,0.0055718443906205,0.0075555488656677,0,0,0
2013-05-22,1655.5,-0.0060223006,-0.0257200560505808,-0.011940294088740158,-0.008868336528929908,1623.2094358051631,1645.731694748779,1650.7950859494183,0.005589522387856518,0.0162107999220224,0.0075257113787784,0,0,0
2013-05-23,1650.0,-0.0033277902,-0.0173255670676806,-0.011885921813201797,-0.01379563493419456,1627.064565034897,1635.939334991458,1632.8181414190199,0.008695092937421548,0.0109199334837145,0.0074914416991819,0,0,0
2013-05-24,1650.5,0.0003029844,-0.0141457422569102,-0.011760608655962419,-0.01455964668103588,1626.8238337782284,1630.7086570365539,1626.1506235281158,0.009176633161974824,0.0089157580770549,0.0074124595027353,0,0,0
2013-05-28,1654.5,0.002420576,-0.0190913699285922,-0.011615299463937986,-0.013609619014046902,1619.288576340669,1631.4398571596328,1628.189486973387,0.008577851090907125,0.0120328811702856,0.0073208742342543,0,0,0
2013-05-29,1647.0,-0.004543397,-0.0120122490174758,-0.011480409154813367,-0.014804849708251248,1634.7446247919488,1635.6142783864118,1630.1858042688923,0.009331179373174578,0.0075710630277345,0.0072358557642969,0,0,0
2013-05-30,1653.5,0.003938802,-0.0127531462992035,-0.011464763538665906,-0.012826947511157868,1626.1289367830013,1628.225363481579,1626.008930925016,0.008084550022159406,0.0080380347004726,0.0072259946678621,0,0,0
2013-05-31,1629.0,-0.014927924,-0.0157937745458601,-0.01148527433127387,-0.012224804576863622,1627.5901396196496,1634.6177404240348,1633.4093380451409,0.007705032239884466,0.009954477496976,0.0072389221807165,0,1,1
2013-06-03,1636.25,0.0044407086,-0.0118824087903507,-0.011857280818107187,-0.012992011515132285,1609.7581025254196,1609.7985529905557,1607.9729011639301,0.008188586325093386,0.0074892275161938,0.0074733898940018,0,0,0
2013-06-04,1631.25,-0.0030604461,-0.0164309946574551,-0.011773092803704309,-0.012206742649941848,1609.5844556225818,1617.0992299961993,1616.3981271913092,0.007693648194571375,0.0103561036720917,0.0074203279934121,0,0,0
2013-06-05,1608.0,-0.014355421,-0.0132690075794392,-0.011629475808183177,-0.013313655871028687,1609.747902615065,1612.389300181043,1609.6760317257917,0.008391311866951861,0.0083631710059679,0.0073298092801085,1,1,1
2013-06-06,1622.75,0.00913107,-0.0172660074906613,-0.011984082522073567,-0.012818714496364717,1580.4745708961395,1588.844604479626,1587.51905721956,0.008079360929441086,0.010882394359204,0.0075533102895378,0,0,0
2013-06-07,1638.5,0.0096589485,-0.0148407426640391,-0.012058731172471943,-0.013950783444887926,1598.8450075127848,1603.2992056393025,1600.2685477196233,0.008792879717516576,0.0093538019337064,0.0076003597335078,0,0,0
2013-06-10,1642.0,0.0021338218,-0.0089782327737433,-0.012072307621955733,-0.01369546025175071,1623.8550070540182,1618.838442934071,1616.2129524205568,0.008631954982700307,0.0056587876349208,0.0076089166785549,0,0,0
2013-06-11,1627.0,-0.009177183,-0.0112476941305065,-0.012054540332665347,-0.011509595257797647,1623.634763137197,1622.3252679465177,1623.209587041902,0.007254251139293412,0.0070891804736028,0.0075977183370242,0,0,0
2013-06-12,1610.0,-0.010503649,-0.0167598963056416,-0.012152006035418945,-0.011142810755693589,1599.9588848251149,1607.3483316084325,1608.9712787551218,0.007023074731029976,0.0105634033296931,0.0076591488799239,0,0,0
2013-06-13,1636.75,0.01647839,-0.0244609242065848,-0.012246137791327615,-0.012672523087748447,1571.095669769012,1590.4039510115674,1589.7259707021756,0.0079872196187559,0.0154171961150041,0.007718478107603,0,0,0
2013-06-14,1624.25,-0.0076663974,-0.0088376918385225,-0.012420153516953187,-0.01631902831194377,1622.3486390130201,1616.5470354008378,1610.256591704321,0.010285533684937927,0.0055702076964775,0.0078281564887797,0,0,0
2013-06-17,1639.75,0.00949762,-0.0125970635075092,-0.012489076184805652,-0.012553414234702822,1603.9175530329755,1604.0907651475527,1603.9875643957682,0.007912147862229902,0.0079396590630925,0.0078715969687091,0,0,0
2013-06-18,1645.25,0.0033485573,-0.0093524433002053,-0.012946452579190745,-0.012083951098654441,1624.485821043284,1618.657883033757,1620.054580094412,0.007616255312296145,0.0058946445071322,0.0081598715044975,0,0,0
2013-06-19,1623.75,-0.01315406,-0.0141819168468273,-0.012457074390159799,-0.010850601245308731,1622.0818738366845,1624.8821238216528,1627.4945511524595,0.006838901341250209,0.0089385581455405,0.0078514269236233,0,1,1
2013-06-20,1584.0,-0.024784995,-0.0229990937483841,-0.013029117841832175,-0.011649370988564783,1586.831396094724,1602.731195486299,1604.9440850725696,0.007342348785774604,0.0144958357170638,0.0082119736472979,1,1,1
2013-06-21,1584.0,0.0,-0.0189474611202542,-0.013522601343604992,-0.015150942471267824,1554.2697672398842,1562.7243745775997,1560.1817968610096,0.009549314221896844,0.0119421785336196,0.0085230057187804,0,0,0
2013-06-24,1566.25,-0.0112690665,-0.0208863383307477,-0.013461968748223656,-0.016003656102870856,1551.259148562333,1562.819129484885,1558.8519756339695,0.010086761342755112,0.0131642112722291,0.0084847902938005,0,0,0
2013-06-25,1581.5,0.009689537,-0.0188253264297253,-0.013604670245288381,-0.017038506414272903,1537.0406330409778,1545.085976440335,1539.7895031453545,0.01073900530810224,0.0118651996565982,0.0085747319880542,0,0,0
2013-06-26,1595.5,0.008813403,-0.0175810590421352,-0.013840435688763707,-0.016604076014414673,1553.9385448290648,1559.7621287661693,1555.457458268993,0.010465193140729964,0.0110809645977766,0.0087233298925529,0,0,0
2013-06-27,1606.5,0.0068707326,-0.0122423265449324,-0.013935959591039224,-0.015850143527875605,1576.0864440093849,1573.4193910663025,1570.4104576867403,0.00999000565785814,0.0077160759607085,0.0087835365602411,0,0,0
2013-06-28,1599.25,-0.00452313,-0.013489614351465,-0.014018645357736628,-0.013518554576803683,1584.9744466664988,1584.1361677973719,1584.9285778125868,0.008520455128423284,0.0085022147248355,0.0088356516263084,0,0,0
2013-07-01,1606.75,0.004678736,-0.0186013324356488,-0.013852971087860457,-0.013000646503522931,1569.7767894257126,1577.2483817288726,1578.5932823647468,0.008194028773152381,0.01172402104429,0.0087312306858599,0,0,0
2013-07-02,1607.25,0.00031113878,-0.012718514992082,-0.013767278167087183,-0.01451737252997067,1586.443931282304,1584.7809994712097,1583.592709897472,0.009149988670864705,0.0080162073300469,0.0086772202750483,0,0,0
2013-07-03,1609.0,0.001088224,-0.0132368853623336,-0.01357212958988255,-0.013375391123565745,1586.1152040308639,1585.5835571852322,1585.8955331503203,0.008430222273097386,0.0083429250611875,0.0085542223105839,0,0,0
2013-07-05,1627.25,0.011278605,-0.0109203692568461,-0.013589438630206254,-0.012924162245622747,1591.524717799755,1587.282491834673,1588.3388247298576,0.00814582238512718,0.006882874623181,0.0085651318276152,0,0,0
2013-07-08,1635.5,0.0050570946,-0.0082557527517379,-0.013674123496720356,-0.011941910417948665,1613.8711286507767,1605.1502244235114,1607.9330962032495,0.007526730116426394,0.0052034239661421,0.0086185068834387,0,0,0
2013-07-09,1645.5,0.0060957214,-0.0073673669139744,-0.013709826980985298,-0.01064330695901662,1623.4949485226173,1613.230581719429,1618.185178400722,0.006708248196737175,0.0046434934185095,0.0086410100241317,0,0,0
2013-07-10,1648.5,0.0018214941,-0.0118650945664907,-0.013568420802519575,-0.00970515897776334,1626.091357277446,1623.3239507735618,1629.6074057226779,0.0061169536369026995,0.0074783147320907,0.0085518847414209,0,0,0
2013-07-11,1670.0,0.012957843,-0.0066149547771604,-0.013667294567723502,-0.010348148774993174,1637.6312348773213,1626.1227315935334,1631.5290372115223,0.006522216321178975,0.0041692641794749,0.0086142027558959,0,0,0
2013-07-12,1670.25,0.0001496894,-0.005322598845153,-0.013691483721433764,-0.009396386015927845,1661.134873613447,1647.291036630908,1654.3815288607288,0.0059223406587738114,0.0033547199420669,0.0086294486608935,0,0,0
2013-07-15,1677.5,0.004331274,-0.0048104811024893,-0.013619839343147293,-0.008510412646566979,1662.2345883884761,1647.6556781236438,1656.0957977568671,0.005363930638255026,0.0030319431080463,0.0085842927452277,0,0,0
2013-07-16,1671.25,-0.0037327404,-0.0078323607648636,-0.013753044078115074,-0.007831765001562753,1664.4125345973068,1654.5871901556452,1664.4135261935078,0.004936193576987355,0.0049365690738234,0.0086682488339307,0,0,0
2013-07-17,1675.5,0.0025397788,-0.0096405531913662,-0.013612309719935578,-0.008124737119894532,1655.2156397168123,1648.6545643156026,1657.7265447395648,0.0051208476222066816,0.0060762339948059,0.0085795469851433,0,0,0
2013-07-18,1680.5,0.00297974,-0.0109657365234265,-0.013668968036271222,-0.008787480428732043,1657.227278483394,1652.7534590893906,1660.8410783649567,0.005538560521358059,0.0069114686386878,0.0086152575072444,0,0,0
2013-07-19,1689.5,0.005341259,-0.0085111219084237,-0.013665153676689084,-0.009604272566447117,1666.2577543520056,1657.6919022508466,1664.4372787997088,0.006053367094731801,0.0053643776707976,0.008612853398175,0,0,0
2013-07-22,1690.25,0.00044381982,-0.0058072424229819,-0.01354778442320921,-0.009469988378974786,1679.7170972635224,1666.7653678941438,1673.5759738114782,0.005968730650257327,0.0036601803990048,0.0085388780739604,0,0,0
2013-07-23,1688.25,-0.0011839576,-0.0061653987542836,-0.013673187191899899,-0.008612335574484294,1679.8609938473785,1667.2961789070368,1675.7555051129564,0.005428170474617942,0.003885918656189,0.0086179167505836,0,0,0
2013-07-24,1683.75,-0.0026690408,-0.0114943276595585,-0.013848765747851629,-0.008182093447535461,1668.9558006811726,1665.0309697751275,1674.4929382685411,0.00515699808586899,0.007244628299442,0.0087285801502097,0,0,0
2013-07-25,1684.0,0.00014846708,-0.0098551730020196,-0.014073721920014713,-0.009275285724104982,1667.2378511438665,1660.2193410834318,1668.2049415376102,0.005846013741080541,0.0062115042602735,0.0088703652027379,0,0,0
2013-07-26,1686.5,0.0014834597,-0.0123483838558363,-0.013926379605861676,-0.009662427059570022,1663.333185078745,1660.7105222014698,1667.806831472588,0.006090020624985704,0.0077829216100318,0.0087774985009669,0,0,0
2013-07-29,1682.5,-0.002374593,-0.0073031874361738,-0.014207172411746459,-0.01054845969148931,1674.2280411420443,1662.7090052801213,1668.8035221124321,0.006648467997424544,0.0046030424695816,0.0089544761866605,0,0,0
2013-07-30,1684.75,0.0013364023,-0.0073555356869629,-0.014270563357431409,-0.009683194250012375,1670.169714726364,1658.6602848105692,1666.2866508647608,0.006103109739898263,0.0046360364497712,0.0089944301407011,0,0,0
2013-07-31,1680.5,-0.0025258167,-0.0089103014794694,-0.01389052417410781,-0.00915345245561441,1669.8050504629384,1661.5097228898003,1669.3990850923847,0.005769224843907741,0.0056159719965041,0.0087548995910292,0,0,0
2013-08-01,1700.25,0.011683931,-0.0094174597313623,-0.013787360866098915,-0.009205880884708265,1664.7482460920185,1657.4893327605412,1665.1005088702582,0.005802269358763969,0.0059356229698174,0.0086898779696868,0,0,0
2013-08-02,1704.0,0.0022031292,-0.006018401711837,-0.013828553271242447,-0.009405061476309609,1690.0479433213134,1676.8998239782338,1684.3340069920835,0.005927808615461138,0.0037932695717723,0.0087158406595338,0,0,0
2013-08-05,1702.5,-0.00088066934,-0.0041175317857911,-0.013871856178826879,-0.008666871582515612,1696.9981508976139,1680.5255505923183,1689.2954640296016,0.0054625433512945284,0.0025951920097203,0.0087431335538227,0,0,0
2013-08-06,1694.0,-0.0050051627,-0.0088006585490274,-0.014325325766982934,-0.007761686014428271,1687.5826165007245,1678.2849909337967,1689.336879646944,0.004892024293804575,0.0055468664080573,0.0090289457134021,0,0,0
2013-08-07,1688.25,-0.0034001067,-0.0082372154050276,-0.013799451314492664,-0.00836229961335815,1680.1034700344344,1670.7842799753653,1679.893328764923,0.00527057816878644,0.0051917402739287,0.0086974983201049,0,0,0
2013-08-08,1693.75,0.0032525163,-0.0077651718293441,-0.013915108381942105,-0.008631941941495691,1675.1912161274668,1664.9205108988572,1673.7398395449773,0.00544052794740861,0.0048942213282144,0.0087703944901717,0,0,0
2013-08-09,1686.25,-0.0044378773,-0.0079330723997655,-0.013521870044888739,-0.008694920985045495,1680.3665148902753,1671.0014804861503,1679.086817567848,0.005480222288364105,0.0050000454581673,0.0085225447968777,0,0,0
2013-08-12,1687.0,0.000444675,-0.0087607146437642,-0.013250352769158114,-0.00871968464006791,1671.5417663224732,1664.0539700056415,1671.610351094331,0.005495830289222147,0.0055216906209186,0.0083514132789842,0,0,0
2013-08-13,1690.75,0.0022204139,-0.010014606029437,-0.013066842251800567,-0.008916542139379091,1670.1896745171384,1665.0996330504586,1672.0246567677707,0.005619905350653095,0.0063119914794049,0.0082357505341356,0,0,0
2013-08-14,1682.0,-0.005188656,-0.0059590913695859,-0.01288233737882796,-0.009364099774099223,1680.7046266422738,1669.1088814580357,1674.991545327825,0.005901991332726911,0.0037558875345929,0.0081194610682606,0,0,0
2013-08-15,1655.75,-0.015729483,-0.0115870199762009,-0.012714182488393353,-0.008578842110977756,1662.623109402309,1660.7501187422167,1667.6321056367651,0.005407060262628813,0.0073030502794114,0.0080134766458556,1,1,1
2013-08-16,1651.0,-0.0028729134,-0.0081689060908241,-0.012737369871626797,-0.00951532741611022,1642.2794285653097,1634.7938463028818,1640.069716456187,0.005997306873350087,0.0051486863776547,0.0080280911563984,0,0,0
2013-08-19,1645.0,-0.0036407807,-0.0093669407640602,-0.012825925892524261,-0.009261738592335231,1635.6073842036922,1629.9596159899515,1635.779462703957,0.005837475274360064,0.0059037819477919,0.0080839061178369,0,0,0
2013-08-20,1650.5,0.003337888,-0.0100421231366377,-0.01270505757800503,-0.009420633942149158,1628.5633748749706,1624.2323865024498,1629.5758239955012,0.005937623606825116,0.0063293349221402,0.0080077254104648,0,0,0
2013-08-21,1636.5,-0.008518457,-0.0111693605068327,-0.01258484658979165,-0.009694446041714442,1632.1675419875621,1629.8588658817425,1634.5766256641962,0.006110201502983374,0.0070398084699786,0.007931959001771,0,0,0
2013-08-22,1654.75,0.011090125,-0.0134338250782483,-0.012492089194581247,-0.01017509690085752,1614.6625538868054,1616.1838557736698,1619.9328828689763,0.0064131454349325686,0.008467051941981,0.0078734960041754,0,0,0
2013-08-23,1661.5,0.0040708687,-0.007489716713551,-0.012433815128728227,-0.011124160611743764,1642.4026879224355,1634.3025278902771,1636.4443017638316,0.00701131994513476,0.004720607874152,0.0078367671097932,0,0,0
2013-08-26,1654.25,-0.004373075,-0.0088179163260727,-0.012507242147476444,-0.00993113665285512,1646.9134380809828,1640.8486322097726,1645.0810806632521,0.006259382520827078,0.0055577436149433,0.0078830465855244,0,0,0
2013-08-27,1628.25,-0.015841916,-0.0122983258937356,-0.011359601630297887,-0.009613894348706912,1634.030084796198,1635.5647086656213,1638.4224195246416,0.006059431497810863,0.0077513711497014,0.0071597133715609,1,1,1
2013-08-28,1632.25,0.0024536126,-0.0096697793069366,-0.012584650094774809,-0.010282063506125073,1612.5810615249973,1607.8874400690406,1611.5940058312542,0.006480564192999043,0.0060946545888776,0.0079318351551745,0,0,0
2013-08-29,1636.75,0.0027531371,-0.0110287224131411,-0.013072158788436242,-0.01013647910510416,1614.3472714159068,1611.0518236447758,1615.7883047462476,0.0063888054661877065,0.0069511672946342,0.008239101433197,0,0,0
2013-08-30,1631.25,-0.0033659763,-0.0125461927018927,-0.011677776912933691,-0.01048572955068488,1616.3432999696731,1617.7475676676133,1619.6771492362548,0.006603315057248374,0.0079008773570873,0.007353998570307,0,0,0
2013-09-03,1639.0,0.004739708,-0.0131442515415952,-0.011026818516017018,-0.010960039605162394,1609.9487409129576,1613.3613112159578,1613.469053324546,0.006907877993240902,0.0082845399499323,0.0069499673090941,0,0,0
2013-09-04,1653.5,0.008807953,-0.0102201007970582,-0.010945027922379613,-0.011360190228543794,1622.3345610855329,1621.1589129369572,1620.4860085559362,0.007160084352416466,0.0064415104258791,0.0068984164514151,0,0,0
2013-09-05,1653.0,-0.0003024346,-0.0051509636318311,-0.012352703266031904,-0.010708204230402587,1645.004779703389,1633.2004404910763,1635.8884466464367,0.006749151555573337,0.00324654194676,0.0077856440416752,0,0,0
2013-09-06,1653.5,0.0003024346,-0.0171310803421427,-0.012060510693798088,-0.009053050696391824,1624.9235012126376,1633.1837132911328,1638.102841309924,0.005705943767561111,0.0107973526701663,0.0076014813276489,0,0,0
2013-09-09,1669.0,0.009330391,-0.0087727016696738,-0.010147904011501866,-0.011405074100321978,1639.0577790600837,1636.8052921315668,1634.748842401469,0.0071359824067375064,0.0054889467813788,0.00634939009202,0,0,0
2013-09-10,1682.5,0.008056138,-0.0067869554837763,-0.011994331936683963,-0.010218486633449328,1657.7109238599899,1649.1010359491581,1652.0321861427472,0.0063822903454507935,0.004239015229253,0.0074914526647269,0,0,0
2013-09-11,1688.75,0.0037078278,-0.0076603980448115,-0.012346927501639758,-0.009236439550687457,1669.6606204549082,1661.8540140081748,1667.0312385681004,0.005771575833024591,0.0047867544614084,0.0077152270622793,0,0,0
2013-09-12,1685.0,-0.0022230465,-0.0051681026050342,-0.01129374831337293,-0.008935189898372296,1680.0448805765507,1669.784977212835,1673.7279106136464,0.005578764597930937,0.0032267504305299,0.0070513513406206,0,0,0
2013-09-13,1688.5,0.002074997,-0.0063386930040063,-0.010505576196916147,-0.008000832697258504,1674.3530817100348,1667.390763651753,1671.5723845861255,0.004999812281436425,0.0039611220892727,0.0065650552736724,0,0,0
2013-09-16,1698.0,0.005610527,-0.0104240097235372,-0.010066667627051731,-0.007693727759628366,1670.9904778448124,1671.587699785288,1675.558986829204,0.004825936977334107,0.0065385227484756,0.0063143777707918,0,0,0
2013-09-17,1698.25,0.0001472212,-0.0058725718671145,-0.01062246896878714,-0.008514612482902409,1688.057595286455,1680.0585078675144,1683.603565013263,0.005341993087182231,0.0036844000101121,0.0066644437329373,0,0,0
2013-09-18,1717.75,0.011416986,-0.0166187802790327,-0.010025343467431789,-0.007973984156522215,1670.2603772734262,1681.3095194115267,1684.7620293071511,0.005007672247548832,0.0104366152675829,0.0062959285181097,0,0,0
2013-09-19,1717.5,-0.00014554981,-0.008823316059205,-0.01297105035061308,-0.01042615506884504,1702.6604168148065,1695.6128596183562,1699.933512256872,0.006544255881939567,0.005538190985784,0.0081416276653688,0,0,0
2013-09-20,1702.5,-0.008771986,-0.0084226326501704,-0.011941795769187243,-0.01012843356235558,1703.094878107391,1697.11194306099,1700.192213698413,0.006383734533079908,0.0053086047884224,0.00752665785577,1,0,0
2013-09-23,1692.75,-0.0057433336,-0.0088156780270235,-0.011916827193805634,-0.009632334255117163,1687.5572700810949,1682.3320096028401,1686.1796785121485,0.006071053775492122,0.005556332863039,0.0075109206980028,0,0,0
2013-09-24,1692.5,-0.00014769958,-0.0089287731287947,-0.011822842116706126,-0.009386789239576847,1677.7030944544113,1672.8547250995377,1676.9348553544144,0.005916292016382967,0.0056276142810642,0.0074516839188325,0,0,0
2013-09-25,1685.75,-0.003996157,-0.0058479577610062,-0.01166647252665876,-0.009247471637294884,1682.6312157311513,1672.8692288308155,1676.9207993838631,0.0058284831184642625,0.0036858424036743,0.0073531275185991,0,0,0
2013-09-26,1692.5,0.003996157,-0.006961461780793,-0.011690882257772973,-0.008322835374819124,1674.0554685481798,1666.1568490047703,1671.7780042299978,0.005245704705300474,0.0043876601151766,0.0073685124488055,0,0,0
2013-09-27,1686.5,-0.0035513502,-0.0091859682472941,-0.011671189023842881,-0.008089666983248303,1677.0239388694697,1672.861338766415,1678.8634704896667,0.005098743666939556,0.0057897188503045,0.0073561002256583,0,0,0
2013-09-30,1674.25,-0.007290072,-0.009540741558052,-0.011698388424026592,-0.008541761672715573,1670.4860532990185,1666.885619930151,1672.1556690824405,0.005383689257351568,0.0060133248621677,0.0073732434244721,0,0,0
2013-10-01,1689.5,0.009067323,-0.009317564259868,-0.01169920369317839,-0.008963051395229132,1658.7225195237634,1654.7767411381503,1659.3106622417206,0.005649219137513608,0.0058726609957717,0.0073737572711401,0,0,0
2013-10-02,1683.0,-0.003854712,-0.011291453367439,-0.011700204888178868,-0.009175043684704487,1670.5303883253487,1669.847696023942,1674.0696589667416,0.0057828333327135766,0.0071167609824967,0.0073743883028845,0,0,0
2013-10-03,1669.75,-0.007904001,-0.0121192581322603,-0.011589784499134793,-0.00984683999978376,1662.7263872786875,1663.6069901672865,1666.5090931874474,0.006206252147613715,0.0076385085786381,0.0073047926989486,0,0,0
2013-10-04,1684.75,0.00894327,-0.0074925145454973,-0.011569841624270705,-0.01047935289939861,1657.2861250277128,1650.542584585272,1652.3434644047904,0.006604911467935183,0.0047223712876456,0.0072922231324727,0,0,0
2013-10-07,1667.75,-0.010141772,-0.0069160329407638,-0.011670518355598378,-0.009480450677764403,1673.138412845951,1665.2023814873291,1668.8532838023898,0.005975324812885487,0.0043590272912452,0.0073556775178421,1,0,1
2013-10-08,1650.5,-0.01039714,-0.0141955718717075,-0.011701426542183854,-0.008763426189896794,1644.2425803985595,1648.3486788255839,1653.1986489429396,0.005519748590495825,0.0089412503890858,0.0073702831818762,0,0,1
2013-10-09,1648.75,-0.0010608473,-0.0124344615209456,-0.011784626129264848,-0.010346518621008077,1630.1039907505954,1631.1636342755485,1633.5111105022106,0.006507021127215997,0.0078201477024418,0.0074114602223561,0,0,0
2013-10-10,1685.0,0.021748139,-0.0157672661444946,-0.011751824603107605,-0.010903221338189092,1622.9575921685205,1629.487585132523,1630.8709605028214,0.006872066657682033,0.0099377698199032,0.0074069231025403,0,0,0
2013-10-11,1699.0,0.008274279,-0.0155404336241736,-0.012280037363973697,-0.012276420747550023,1659.016787459225,1664.4346670063521,1664.4406866389904,0.007737564805680307,0.0097948021453577,0.0077398442814763,0,0,0
2013-10-14,1704.25,0.0030852887,-0.0125563014124531,-0.012186234903321396,-0.013072811532713887,1677.8002178577883,1678.4212304283212,1676.9338408310014,0.008239512843921158,0.0079139675884683,0.0076807226015376,0,0,0
2013-10-15,1692.0,-0.00721387,-0.0105012372149431,-0.0121468791850732,-0.012416069497445028,1686.446907330237,1683.6739018320607,1683.2207341254089,0.00782558241884011,0.0066187046828498,0.0076559175360644,0,0,0
2013-10-16,1713.25,0.01248089,-0.0129017173531078,-0.012191409636605666,-0.011340200967587857,1670.310510925572,1671.4973668369921,1672.9207656046253,0.0071474855497813345,0.0081316758505661,0.0076839841249867,0,0,0
2013-10-17,1727.75,0.008427832,-0.0115959892343209,-0.012513834650704646,-0.011558557007902313,1693.4979152583894,1691.9442590763886,1693.5613078422482,0.007285110680704126,0.0073087034105145,0.0078872016989739,0,0,0
2013-10-18,1736.5,0.005051609,-0.0068751207752288,-0.012539628622126533,-0.011333750165832147,1715.9122496902987,1706.2199283187342,1708.2786632145485,0.007143419747732039,0.0043332412304155,0.0079034590861698,0,0,0
2013-10-21,1738.25,0.0010072668,-0.0049988974171528,-0.012453034562861728,-0.009803584113848293,1727.8410752049747,1715.0093948321364,1719.5592518922422,0.006178988890062072,0.0031506978717626,0.0078488807070863,0,0,0
2013-10-22,1749.5,0.0064511728,-0.0098625653825451,-0.012491620020192976,-0.008497674954619585,1721.1906584397852,1716.6714973206965,1723.5414990490935,0.005355902344101177,0.0062161635192351,0.007873200293617,0,0,0
2013-10-23,1741.75,-0.004439678,-0.0086114801278409,-0.012442254404811512,-0.009020232536965652,1734.4988990613333,1727.8671357994315,1733.7900633367422,0.005685259185256139,0.0054276313049383,0.0078420862045807,0,0,0
2013-10-24,1748.5,0.0038679226,-0.0068161578558739,-0.0125457222293474,-0.009048878612278875,1729.9183261411617,1720.0349883780807,1726.060210237969,0.005703314192389118,0.0042960781664392,0.0079072997561616,0,0,0
2013-10-25,1754.0,0.0031406165,-0.0076222887237864,-0.012392028113782682,-0.008614234289039024,1735.2230926585241,1726.9662378996293,1733.5026992164262,0.005429367193695662,0.0048041651700211,0.0078104296501357,0,0,0
2013-10-28,1759.0,0.0028465718,-0.006199654095169,-0.012252940201025814,-0.008529894128577211,1743.159445283807,1732.639474752054,1739.102194379946,0.0053762093987068426,0.0039075090631563,0.0077227655206004,0,0,0
2013-10-29,1767.5,0.0048206532,-0.0077305578280485,-0.012107768801780548,-0.008100978326594442,1745.454373862421,1737.8308488838084,1744.8079415163531,0.00510587296414921,0.0048724048652798,0.007631267099954,0,0,0
2013-10-30,1760.5,-0.0039682593,-0.0129821667740149,-0.011984951983175562,-0.008202672876847592,1744.7023220417173,1746.4430327898688,1753.061075535977,0.005169968858966541,0.0081823813958264,0.0075538582922302,0,0,0
2013-10-31,1751.0,-0.0054108063,-0.0079222536988062,-0.011869004004035368,-0.009641126217016216,1746.6079731016514,1739.728132986744,1743.6083553753745,0.0060725754661216345,0.0049899236214595,0.007475830198654,0,0,0
2013-11-01,1754.75,0.0021393434,-0.0091308024816588,-0.011801143707121814,-0.009205907769673793,1735.0847349984126,1730.4576474017958,1734.9544258531744,0.005785417452401396,0.0057382178220205,0.0074163835299752,0,0,0
2013-11-04,1763.0,0.004690507,-0.00464314338848,-0.011788362075943543,-0.00922937082835307,1746.6213300328513,1734.1858187962093,1738.6292680773106,0.005817074566647523,0.0029264737344229,0.0074299518883499,0,0,0
2013-11-05,1756.5,-0.0036937108,-0.007875179323863,-0.011857472850849768,-0.008051146320273624,1749.1705848871748,1742.2187255488675,1748.8628156725483,0.005074464918902687,0.004963556693583,0.0074735109281225,0,0,0
2013-11-06,1765.5,0.0051107435,-0.0078044318384116,-0.011780705744888638,-0.008187534039484306,1742.8448700514275,1735.9286010741534,1742.1773102255665,0.005160427174334686,0.0049189660702429,0.0074251262670284,0,0,0
2013-11-07,1745.25,-0.011536124,-0.0177565897811426,-0.011826537033430243,-0.008278391925029998,1734.4274286115974,1744.7432311468942,1750.9448288860797,0.005217692951711791,0.0111915978594079,0.0074540127456292,0,0,1
2013-11-08,1766.0,0.01181929,-0.0162563513935586,-0.011958254877638817,-0.011055312262224918,1717.1079658809554,1724.5041450062427,1726.0619764996059,0.006967926306457745,0.0102460297669965,0.0075370316789638,0,0,0
2013-11-11,1767.5,0.0008490166,-0.0047550432428146,-0.012135854741997796,-0.012622526953049364,1757.6225270411358,1744.6976033701549,1743.8487141120675,0.007955708126911269,0.0029970018136135,0.0076489690659446,0,0,0
2013-11-12,1765.0,-0.0014154284,-0.0069878030603041,-0.01201586680767622,-0.00975247478257923,1755.192110726267,1746.389042644562,1750.3462823794362,0.00614677577428496,0.0044042624589276,0.0075733432433368,0,0,0
2013-11-13,1778.75,0.00776018,-0.0159731504873428,-0.011933261009803605,-0.008909762502695547,1737.031357716899,1744.0629663184957,1749.3441178471878,0.005612906962703923,0.0100626484218406,0.0075176284204462,0,0,0
2013-11-14,1787.75,0.0050469753,-0.0059327851222564,-0.0119488344137868,-0.010909320539521967,1768.2283008158029,1757.6224867374185,1759.450509661086,0.0068657391402189025,0.0037337756166223,0.0075199532195912,0,0,0
2013-11-15,1793.5,0.003211172,-0.0050374518903172,-0.012002081829811984,-0.00927788460410605,1778.7669402448678,1766.4215272760925,1771.2401683844666,0.005847651759428394,0.0031749979296372,0.0075646548673221,0,0,0
2013-11-18,1788.75,-0.0026519662,-0.0090180861039798,-0.011918224019496956,-0.008192580896776703,1777.3987728194463,1772.2515386995105,1778.8666305404242,0.005163608100287613,0.005683906334562,0.0075118010872898,0,0,0
2013-11-19,1785.25,-0.0019585905,-0.0069904089878233,-0.011908517432612625,-0.008569369930542272,1776.289508629433,1767.5749712819556,1773.4870299567715,0.0054010901503723325,0.004405904919175,0.007505683233674,0,0,0
2013-11-20,1779.75,-0.0030855564,-0.0120033127017667,-0.01195951357939946,-0.008317204564512027,1763.9491819395112,1764.0264430575528,1770.463287846349,0.005242155726281622,0.0075654306595268,0.0075378250116985,0,0,0
2013-11-21,1793.75,0.007835495,-0.0095978938786982,-0.01189654194329421,-0.00950200779474768,1762.749861634944,1758.7025735047262,1762.918892919905,0.005988911801561729,0.006049346744595,0.0074981353394965,0,0,0
2013-11-22,1801.25,0.0041724676,-0.0054798879822129,-0.011849350520543622,-0.009606697561429204,1783.9473342175957,1772.6206592116334,1776.600493203596,0.0060548955170800734,0.0034538559130683,0.0074683915974634,0,0,0
2013-11-25,1802.5,0.0006937219,-0.0066802372578538,-0.011918772174667795,-0.008502133233526868,1789.257324197449,1779.9087450374775,1786.0004512218136,0.005358712301716371,0.0042104103274791,0.0075121465777422,0,0,0
2013-11-26,1802.0,-0.00027743098,-0.0051173920227836,-0.011846261050787846,-0.008163969511741583,1793.2994623363575,1781.273092437413,1787.8443504932754,0.005145574957693206,0.0032253824813117,0.0074664443709108,0,0,0
2013-11-27,1804.25,0.0012478338,-0.0036860662466615,-0.01181065614975407,-0.007568687230384529,1795.3699355588262,1780.842386210726,1788.4127094493863,0.004770381297880541,0.0023232485305024,0.0074440033651149,0,0,0
2013-11-29,1804.0,-0.00013857133,-0.0060451418572927,-0.011825008714171316,-0.006887048705236693,1793.375953495661,1783.0403771609276,1791.8667333999872,0.0043407591489791775,0.0038101233121769,0.0074530494787656,0,0,0
2013-12-02,1799.75,-0.0023586552,-0.0065662835607995,-0.011438241751296398,-0.007018133437268332,1792.1932301773859,1783.4829749192543,1791.3836108147013,0.004423379045281808,0.0041385877552542,0.0072092785538779,0,0,0
2013-12-03,1791.5,-0.0045945086,-0.0084222125326042,-0.011299316017834545,-0.0072259299376073675,1784.6557756013437,1779.5285156150494,1786.7920057564709,0.004552385444281171,0.0053060516878973,0.0071186466259809,0,0,0
2013-12-04,1791.75,0.00013953813,-0.0136505344669791,-0.011258910979239707,-0.00781834795833588,1767.2112220598049,1771.4427840608196,1777.5480413359455,0.0049246296149802185,0.0085982136705389,0.007091775236439,0,0,0
2013-12-05,1784.0,-0.0043347618,-0.0061887308137526,-0.008984782844694327,-0.00959670011236614,1780.6955832515875,1775.7236199228248,1774.6373563627915,0.005953222675802519,0.0038391209669451,0.0055736255527326,0,0,0
2013-12-06,1805.0,0.011702558,-0.0077377278510452,-0.009394111692877903,-0.008454411552457195,1770.2491622418238,1767.3193772275956,1768.9809080426487,0.005240333437814692,0.004796108367679,0.0058227917244514,0,0,0
2013-12-09,1809.0,0.0022136145,-0.0039788410677555,-0.011179252180342722,-0.008272525799003116,1797.8324605786827,1784.9338212324421,1790.129683275857,0.0051892612703871846,0.0024958817120181,0.0070126176431308,0,0,0
2013-12-10,1803.0,-0.003322262,-0.0055905060682498,-0.011067616324251881,-0.007396443639728629,1798.9149909408968,1789.0890685881443,1795.669194505882,0.004634534493998955,0.0035029528343928,0.0069348530347178,0,0,0
2013-12-11,1780.75,-0.01241732,-0.0125858168447869,-0.010977278383644597,-0.007245241437254905,1780.4499751350243,1783.3162019982374,1789.9840385181233,0.004535469082172352,0.0078786309148922,0.0068716973956747,0,1,1
2013-12-12,1775.0,-0.0032342009,-0.0070803563995744,-0.011185843820190881,-0.00890467112621292,1768.1861859688013,1760.9418008663088,1764.963398453482,0.005581693376011083,0.0044381626064735,0.0070115953156832,0,0,0
2013-12-13,1774.75,-0.00014085499,-0.0071129430778421,-0.011094373039393526,-0.008576344989125784,1762.4193219025722,1755.4163230351214,1759.8420803284794,0.00537061526466288,0.0044542145539823,0.0069474361482402,0,0,0
2013-12-16,1786.5,0.0065988307,-0.019407889513336,-0.011013364633411871,-0.008338570306794447,1740.6379403600208,1755.3112705081696,1760.0126519471605,0.005226707727513848,0.0121650789478183,0.006903298277461,0,0,0
2013-12-17,1773.0,-0.0075853714,-0.0072189977755946,-0.010988971312043487,-0.011574690697397265,1773.6496994261186,1766.9756753480863,1765.941026478116,0.007241998995096758,0.004516749173109,0.0068755287963644,1,0,0
2013-12-18,1804.75,0.01774905,-0.0227343340006294,-0.011093361127530565,-0.009925489798294402,1733.1467607403013,1753.440163476016,1755.4891522151834,0.006220447187276263,0.0142479340428233,0.0069523689435503,0,0,0
2013-12-19,1802.0,-0.0015249188,-0.0072505401984491,-0.01142911774162282,-0.0137816129792433,1791.7119112880132,1784.2407244692904,1780.0482399956024,0.008670945974443348,0.0045618058235252,0.0071908319165849,0,0,0
2013-12-20,1814.5,0.0069127884,-0.0070418735740256,-0.01134682226171389,-0.010855839549573398,1789.355117902956,1781.6685928552167,1782.5435761163224,0.006833645946259556,0.0044327912717818,0.007142714812392,0,0,0
2013-12-23,1822.75,0.004536402,-0.0036263862392375,-0.01135711257685142,-0.00942549636279632,1807.9318387117391,1794.0090982178833,1797.4777842867763,0.005929127470081049,0.0022811855673782,0.0071442145398309,0,0,0
2013-12-24,1829.0,0.0034230198,-0.0043836394206447,-0.011380456611910597,-0.007755279876405615,1814.7772089339126,1802.1238627559721,1808.6687362516254,0.004887986642348688,0.0027629139469452,0.007172857819366,0,0,0
2013-12-26,1836.5,0.004092217,-0.0034257892463527,-0.011300171580633822,-0.007085980683178314,1822.7449518242613,1808.4483236069154,1816.08555113543,0.004465158026485847,0.002158725945544,0.0071206871835985,0,0,0
2013-12-27,1836.5,0.0,-0.0041270230446196,-0.01123540289411566,-0.006486292158331128,1828.9363406124053,1815.9816643116978,1824.62647366016,0.004084401102784727,0.0025987755505295,0.0070749036353558,0,0,0
2013-12-30,1834.75,-0.0009533538,-0.0029870620005969,-0.011104857262782515,-0.006301063418410713,1831.0224456060043,1816.218748259355,1824.9644782258151,0.003962759968372406,0.0018785733348479,0.0069838820677262,0,0,0
2013-12-31,1841.0,0.00340067,-0.0068681526038713,-0.011109098887506729,-0.005946291147813262,1822.1918320825055,1814.4803778935966,1823.872415011342,0.0037434163490910775,0.0043237631838527,0.006993600105581,0,0,0
2014-01-02,1826.5,-0.007907335,-0.0100038800914278,-0.011122617699781573,-0.0065884769978481065,1822.6746717741285,1820.6367172517591,1828.9104833300187,0.004126621052025755,0.0062658217067026,0.0069665308641958,0,0,1
2014-01-03,1825.5,-0.00054764515,-0.0077607898207541,-0.010356040575837673,-0.007815470977938702,1812.3797802925772,1807.6822985074389,1812.2806799784175,0.004835619569260645,0.0048017870242358,0.0064075309869279,0,0,0
2014-01-06,1820.75,-0.002605418,-0.0093783494002822,-0.009679576993540676,-0.007996990170787513,1808.4598522940748,1807.9151763250977,1810.9597112062927,0.004949329410207404,0.0058042512888879,0.0059906807523036,0,0,0
2014-01-07,1830.75,0.0054772147,-0.007369181284508,-0.009374962456098418,-0.008447821555960603,1807.3818797231818,1803.7603004409093,1805.433415876519,0.005228492974518752,0.0045609051184112,0.0058023154269283,0,0,0
2014-01-08,1832.5,0.0009554358,-0.0057010731491118,-0.009736450531424863,-0.00816945231019545,1820.342455607229,1813.0114883917386,1815.854701242068,0.005050147087225258,0.0035242580365043,0.006018825427235,0,0,0
2014-01-09,1833.0,0.00027281407,-0.0091841820410128,-0.009266725464845535,-0.0076107757884618975,1815.7470353066774,1815.5971635151193,1818.6061917625564,0.004705697820308148,0.0056785256343021,0.0057295617468361,0,0,0
2014-01-10,1837.75,0.0025880283,-0.0098234367384196,-0.008895003598330118,-0.00813516848651951,1815.0817937332156,1816.7677583540974,1818.1487268746437,0.005031655555395168,0.006075860643802,0.0055016186013802,0,0,0
2014-01-13,1815.0,-0.01245653,-0.0129766901111819,-0.008784553277475295,-0.008641792824133777,1814.0561540879644,1821.6768881292971,1821.9369701119574,0.005354027636389473,0.0080397157046049,0.0054424749560752,0,1,1
2014-01-14,1833.0,0.009868501,-0.0095407310817181,-0.010897278128011861,-0.009868199671267513,1797.7659166921155,1795.3288160424765,1797.1773012048382,0.0061168203970033705,0.0059138384332551,0.0067546964335674,0,0,0
2014-01-15,1841.5,0.004626488,-0.0075377644153896,-0.010970892056527277,-0.009845896568762239,1819.2352208316413,1813.0002629363753,1815.0410277618707,0.006093982949166325,0.004665396137509,0.0067902835117865,0,0,0
2014-01-16,1836.25,-0.0028550085,-0.0049847083270865,-0.010911762768297787,-0.009209226183859807,1832.3434998165567,1821.5152217347345,1824.619059487772,0.005694245267053099,0.003082142976236,0.0067469570469974,0,0,0
2014-01-17,1834.25,-0.0010897699,-0.0081597438225375,-0.010825555601014855,-0.008084104975326105,1821.3276345414802,1816.4787838140944,1821.4654028744044,0.0049952668351212065,0.0050420049992192,0.0066892425358849,0,0,0
2014-01-21,1838.5,0.0023143431,-0.0107812019350716,-0.01075530962106862,-0.008265370350973477,1814.5807996801695,1814.6277839842824,1819.1517267983706,0.005111761515358791,0.0066676907144904,0.0066516774774976,0,0,0
2014-01-22,1838.5,0.0,-0.0052584507054183,-0.010664527509520651,-0.009067118760504393,1828.8577123437276,1818.997443785987,1821.9054482346367,0.005605281194695545,0.0032507674853346,0.0065927972356352,0,0,0
2014-01-23,1824.25,-0.007781078,-0.0170833743471178,-0.010588997116218265,-0.008046908902803584,1807.3589705451993,1819.1348385670076,1823.7651226004843,0.0049792959473779945,0.0105709133384756,0.0065522986608203,0,0,0
2014-01-24,1782.0,-0.023432614,-0.0194458696436607,-0.010608471092019438,-0.010672892418152252,1789.1185600520164,1804.9997848200583,1804.8835080856416,0.006595057655130103,0.0120161083265457,0.006555250043152,1,1,1
2014-01-27,1775.75,-0.00351346,-0.0156237693669117,-0.011016628125412202,-0.013275582712641513,1754.3748097339994,1762.4761098602573,1758.4992498312276,0.008251042268723911,0.0097104876097399,0.0068470564561382,0,0,0
2014-01-28,1788.25,0.007014619,-0.0135612881150753,-0.010942590773187641,-0.013559522349812739,1751.831094785274,1756.4246221204974,1751.834188110498,0.008422606329739265,0.0084237031490293,0.0067970782400952,0,0,0
2014-01-29,1771.25,-0.009551976,-0.0193431784377941,-0.010942421662759645,-0.012830806949139432,1753.9919590134045,1768.7888845110067,1765.4518813722439,0.00795871023457912,0.0119982128023902,0.0067873800629762,0,0,0
2014-01-30,1781.25,0.005629853,-0.0153960349464927,-0.01102858973565628,-0.014468651190720386,1744.188626571988,1751.8229339103214,1745.8069090397278,0.00896899686468833,0.0095438743628216,0.0068365313018587,0,0,0
2014-01-31,1776.5,-0.0026702285,-0.0168982790870897,-0.011017156205634406,-0.013890684706220284,1751.4028334903276,1761.7333966489277,1756.6782720239814,0.008611758579019793,0.0104763662106411,0.0068302672961677,0,0,0
2014-02-03,1732.75,-0.024935395,-0.0215322823088979,-0.010928943238838596,-0.014197773310511148,1738.656787962466,1757.1904410699508,1751.4558619032236,0.008797074683926643,0.0133416058591759,0.0067716766415252,1,1,1
2014-02-04,1743.75,0.0063282247,-0.0122513847113758,-0.011376700052707826,-0.0161114254989908,1711.6509235003296,1713.1487332642268,1705.0566164564198,0.010073259466617825,0.0076598670322979,0.0071129926716906,0,0,0
2014-02-05,1744.0,0.0001433589,-0.0121657716297593,-0.011402493782868272,-0.013537991250538037,1722.664456737551,1723.9798302888908,1720.3022039055145,0.008471942542860062,0.0076132209224748,0.0071355691096299,0,0,0
2014-02-06,1766.5,0.012818863,-0.0110649912051162,-0.01133690864110763,-0.012445694850400476,1724.8090251243527,1724.3400832362936,1722.4292182979852,0.0078026866704331245,0.0069370702417504,0.0071075457819892,0,0,0
2014-02-07,1793.5,0.01516883,-0.0177440869797691,-0.011490598781715426,-0.01154756304446509,1735.4315263611163,1746.3180307657676,1746.2185558799024,0.007228347024793763,0.0111071416396703,0.0071926895048841,0,0,0
2014-02-10,1794.75,0.00069671846,-0.0060749053595768,-0.011743526463021446,-0.013311239548616126,1782.6376844128386,1772.561173758238,1769.784483506636,0.008328901231310965,0.0038010950478866,0.0073479762467321,0,0,0
2014-02-11,1813.5,0.010392943,-0.0121826300010952,-0.011609424240605255,-0.010422943327264187,1773.017870833089,1774.0344662214338,1776.1405734361504,0.00652285676050838,0.0076240988719137,0.0072653768725152,0,0,0
2014-02-12,1817.0,0.0019281097,-0.0071897542206676,-0.011692690824628291,-0.01088648248401981,1800.5081408231579,1792.4187933880412,1793.8644390366214,0.006797526719398776,0.0044892871956243,0.0073009237298411,0,0,0
2014-02-13,1824.25,0.003982154,-0.0149000095860409,-0.011603460230296002,-0.009609727901764155,1790.1273808879967,1796.0383617191878,1799.6227534357322,0.005996980581622253,0.0092983973185202,0.0072411754413917,0,0,0
2014-02-14,1835.0,0.0058755376,-0.0127215582029878,-0.011536041539849712,-0.011113979376478178,1801.1896899883106,1803.3262966204056,1804.0875730601117,0.006928121166217002,0.0079302375564881,0.0071912220510092,0,0,0
2014-02-18,1837.5,0.0013614706,-0.004957568973277,-0.011510668504223921,-0.011377328888168193,1825.9253735632244,1813.999022815451,1814.2409168753509,0.007082204634964644,0.0030860071204597,0.0071652064059547,0,0,0
2014-02-19,1825.5,-0.00655203,-0.0115042917271998,-0.011408020460644139,-0.009168536366704037,1816.4819943936282,1816.656877833894,1820.7298109481678,0.0057045637703288885,0.0071578453927069,0.0070979464560226,0,0,0
2014-02-20,1836.25,0.0058715264,-0.0131524700929407,-0.011420762117354046,-0.009790742061980945,1801.647370194926,1804.7700002764473,1807.7142104811853,0.006092619446960634,0.0081845680906035,0.0071069543998613,0,0,0
2014-02-21,1834.25,-0.0010897699,-0.0068799988318953,-0.011442433919060692,-0.010657480539391745,1823.6599615316804,1815.3585829864937,1816.7841142561185,0.006639851720628518,0.0042863950736793,0.0071288954518691,0,0,0
2014-02-24,1846.0,0.0063854572,-0.0159000214963938,-0.011341229649343141,-0.009368380265331237,1805.316020583282,1813.5648686438842,1817.1462906193083,0.00583731017600465,0.0099070868870533,0.0070665657632948,0,0,0
2014-02-25,1846.25,0.00013541878,-0.0084164633914749,-0.011361940501149671,-0.011223097284887884,1830.528407953176,1825.1445613198973,1825.3979878538041,0.006998092557831055,0.005248033437476,0.0070846673823882,0,0,0
2014-02-26,1842.0,-0.002304617,-0.0088789859337106,-0.011424230680926423,-0.010097331415352805,1829.9297331488938,1825.278036472334,1827.701604117871,0.006301394757348154,0.0055410675466372,0.0071294666242279,0,0,0
2014-02-27,1854.0,0.0064935293,-0.0130129839531771,-0.011253702377665278,-0.009631819393573013,1818.1853693204089,1821.3868846992862,1824.3433579737925,0.0060083636143826785,0.008117546239601,0.0070201000589955,0,0,0
2014-02-28,1857.5,0.0018860304,-0.0128707544582819,-0.011317254797401066,-0.01053746431875954,1830.2905279320942,1833.1360933667374,1834.5661129237533,0.0065775308069883085,0.0080339806045955,0.0070642793966969,0,0,0
2014-03-03,1843.0,-0.007836819,-0.0104948984741959,-0.011304704657345769,-0.011084367682819733,1838.1076643746346,1836.6197559627572,1837.0244757888745,0.006916266461273129,0.0065484578289524,0.0070537492000905,0,0,0
2014-03-04,1871.5,0.01534557,-0.011913377160157,-0.011244925733796833,-0.010673598220768783,1821.173915228516,1822.3916884955947,1823.4331684915044,0.006648664392962,0.0074209319937243,0.0070045485862791,0,0,0
2014-03-05,1872.5,0.00053418806,-0.0046024032499789,-0.011486159633314372,-0.01086342971015049,1862.9063931090323,1850.1266361658281,1851.279124190957,0.006773663767712028,0.0028697320248367,0.0071619539513972,0,0,0
2014-03-06,1876.25,0.0020006676,-0.0058894225692951,-0.011412528450503572,-0.008822177066717386,1861.5044666919355,1851.2515205412185,1856.0531287205174,0.005508046417676779,0.0036770076863874,0.0071253088634527,0,0,0
2014-03-07,1878.0,0.00093227683,-0.0109722792040825,-0.01131666070767437,-0.008113939192664288,1855.7757909212323,1855.1368060976179,1861.087817288746,0.005062368281870499,0.0068457153675483,0.0070605784518345,0,0,0
2014-03-10,1877.25,-0.0003994408,-0.0078170507874456,-0.011215219004249882,-0.009002345073234162,1863.376808201657,1857.0554868956497,1861.1694667516572,0.005614756628192662,0.0048754893713445,0.0069949246255811,0,0,0
2014-03-11,1865.25,-0.0064128474,-0.0100719428704344,-0.011118285470613698,-0.00875729583958504,1858.4373442790122,1856.4937991003083,1860.882140085351,0.005463245023661685,0.0062833884767004,0.0069361500264057,0,0,0
2014-03-12,1867.75,0.0013394055,-0.0091541845442769,-0.011115342155737163,-0.009213210073214058,1848.2530724781602,1844.6319088940525,1848.1439815825531,0.005743257081130789,0.0057064622198021,0.0069289929392502,0,0,0
2014-03-13,1846.75,-0.01130716,-0.0166849491854242,-0.011030120955518525,-0.009242113434756529,1836.8452254110528,1847.2616935573994,1850.5675659399053,0.005765364533768586,0.0104083135270358,0.0068807495827711,0,1,1
2014-03-14,1840.0,-0.0036617657,-0.0076629360988553,-0.01115718473555495,-0.011410262031411987,1832.6525556511597,1826.259987073367,1825.7978606136305,0.007107592265991667,0.0047733369488862,0.0069499473121966,0,0,0
2014-03-17,1857.75,0.009600506,-0.0172101612040846,-0.011091420340211683,-0.009994387436916717,1808.6042413393898,1819.704547333392,1821.701918486713,0.006223787040138577,0.0107172529518949,0.0069069403808739,0,0,0
2014-03-18,1863.75,0.003224509,-0.0114816822080937,-0.011166620842778615,-0.01206325686620322,1836.5418902526171,1837.1206048085303,1835.4741145564285,0.007500261681625487,0.0071386709295091,0.0069427833087909,0,0,0
2014-03-19,1852.25,-0.0061894706,-0.0143024361159999,-0.011096092296804272,-0.011454351531957363,1837.2835531836597,1843.183970276453,1842.523750868927,0.0071212481820322835,0.0088919217212371,0.0068985159810943,0,0,0
2014-03-20,1866.0,0.007395986,-0.0107236373203988,-0.01108147496657086,-0.012024855776280872,1832.4932641373953,1831.8376463704851,1830.1103407699768,0.0074689171175734235,0.0066607001227375,0.0068829613931038,0,0,0
2014-03-21,1857.0,-0.00483482,-0.0122854267813581,-0.01111538996914347,-0.011159625061217742,1843.2156380043557,1845.373530314213,1845.2919018516227,0.006925974690992625,0.0076246786508475,0.0068985211585953,0,0,0
2014-03-24,1849.5,-0.00404695,-0.0148595303641446,-0.0110767162666621,-0.011211684472478297,1829.6098584236292,1836.5440394790671,1836.2961811520295,0.0069599794525539785,0.0092244859604212,0.0068761940105417,0,0,0
2014-03-25,1859.25,0.005257848,-0.0088755632789848,-0.011034249971338384,-0.012083687235726635,1833.1572784291102,1829.2043343261257,1827.2857060495933,0.007507911089070484,0.005514619723607,0.0068558682547203,0,0,0
2014-03-26,1842.5,-0.009049836,-0.0141496867394029,-0.010998098156380655,-0.010646139131137917,1833.1274437630977,1838.913820636295,1839.5611568633428,0.006610100227621002,0.0087854241227538,0.0068286286917161,0,0,0
2014-03-27,1840.5,-0.0010860713,-0.0086325006514588,-0.011105083497612533,-0.011536959093706561,1826.663072042432,1822.1520754693972,1821.365302361911,0.007160360268856663,0.0053577215784099,0.0068923186788464,0,0,0
2014-03-28,1850.5,0.005418599,-0.010415966624262,-0.010984980162102838,-0.010323960111330284,1821.4289077800775,1820.392784885269,1821.5964988120504,0.006405147421731552,0.0064622297111565,0.0068152546701383,0,0,0
2014-03-31,1864.5,0.007537048,-0.0060998160426593,-0.01096220024641246,-0.01022224387965332,1839.2466469972946,1830.325230408927,1831.6800924239753,0.006338462433986798,0.003782286481893,0.0067972839695234,0,0,0
2014-04-01,1877.75,0.0070813308,-0.0071341391024975,-0.011018915273405108,-0.008912583400476463,1851.2457327521697,1844.068008396224,1847.9563212191877,0.005521818644227916,0.0044199779723329,0.0068268030785107,0,0,0
2014-04-02,1883.0,0.002791998,-0.0053841002914036,-0.011052428223527928,-0.008498748618726812,1867.667173509526,1857.1105709099388,1861.8590968250849,0.005262952656373696,0.003334169087951,0.0068443495728563,0,0,0
2014-04-03,1883.0,0.0,-0.0072716662047235,-0.01098016499095046,-0.007800940954956087,1869.3571159024452,1862.4374460312508,1868.3679741687934,0.004837309031842906,0.0045091094538163,0.0068087236640479,0,0,0
2014-04-04,1860.0,-0.012289762,-0.0182033928261368,-0.010846478050557211,-0.007862194735341669,1849.033105613122,1862.6864462387516,1868.2535330722346,0.00487607743362782,0.0112896151727194,0.0067269087878123,0,1,1
2014-04-07,1838.0,-0.011898464,-0.0112904934789517,-0.011092456736689578,-0.010825275535509665,1839.117789191566,1839.4820381533223,1839.9735788361158,0.006709177229944686,0.0069975051919318,0.0068747680294902,1,1,1
2014-04-08,1845.0,0.0038012536,-0.0109846377956837,-0.011243013242200478,-0.010833110623904433,1817.9207194441394,1817.451074041554,1818.1962047004995,0.006714230950494357,0.0068081456590136,0.0069682836360064,0,0,0
2014-04-09,1864.75,0.010647719,-0.0090459948087608,-0.011195585661253745,-0.010702069688348897,1828.3854006651009,1824.459341355364,1825.359963399641,0.006629510204732045,0.0056036371134755,0.0069352238913223,0,0,0
2014-04-10,1827.0,-0.020451719,-0.0169862162594304,-0.011299533748263372,-0.009967162362120209,1833.3424560655785,1843.7977924610952,1846.256053176061,0.006177210447783778,0.0105273124620544,0.0070029558452994,1,1,1
2014-04-11,1811.75,-0.008382048,-0.0119910936536222,-0.01622485318319029,-0.011962261650275164,1805.223097269343,1797.5963730287367,1805.2751462180597,0.0074511679200184415,0.0074691270739552,0.010106291692994,0,0,0
2014-04-14,1824.5,0.0070127477,-0.0116930568466553,-0.015317005841073712,-0.012172315295240266,1790.6884810011977,1784.2108616514377,1789.8304840354645,0.007563525305601967,0.0072657279420048,0.009517545222503,0,0,0
2014-04-15,1839.5,0.008187818,-0.0202645089379482,-0.011553017187645571,-0.011934331531711957,1787.8995014991856,1803.5428126138302,1802.8552269707084,0.0073740056126397144,0.0125210701788156,0.0071383984396821,0,0,0
2014-04-16,1852.75,0.0071772262,-0.008641050500202,-0.01158574215337566,-0.014045763980900274,1823.6732658880037,1818.3110094145372,1813.8434220763772,0.008679675684135264,0.0053397961131895,0.007159488411457,0,0,0
2014-04-17,1858.0,0.0028296185,-0.0097127012221933,-0.01179513237723839,-0.011242175492415192,1834.8419015973554,1831.02494531059,1832.0377031402847,0.006958670501036318,0.00601195805259,0.0073009391985282,0,0,0
2014-04-21,1864.5,0.0034922801,-0.0047391598741113,-0.01174972714708806,-0.010351045846843085,1849.21547303419,1836.296760221636,1838.8669511818682,0.0064136102716788315,0.0029364302793614,0.0072802470238281,0,0,0
2014-04-22,1874.0,0.005082263,-0.0096486276441732,-0.011718300678327919,-0.008539423547971563,1846.5966440590098,1842.778745044005,1848.6460330058203,0.005297587707471247,0.0059857027719254,0.0072696623228986,0,0,0
2014-04-23,1873.0,-0.00053376035,-0.0080587096122913,-0.011691664886336014,-0.008930401483651752,1858.958666458269,1852.2174055309144,1857.338933356174,0.005539998060077065,0.0049992417138857,0.0072529550779935,0,0,0
2014-04-24,1873.0,0.0,-0.0109282861111525,-0.011654093472271934,-0.008793297988369584,1852.6427575992104,1851.29858371288,1856.602353223215,0.0054661737384133924,0.0067933454121149,0.007244528704407,0,0,0
2014-04-25,1860.0,-0.006964936,-0.0107583916593001,-0.011561110097819405,-0.009531129126870888,1852.9575380639615,1851.4707317056393,1855.2329994332476,0.005921343402609719,0.0066837969170818,0.0071824966479121,0,0,0
2014-04-28,1866.0,0.0032206147,-0.0168702838746647,-0.011468691599902697,-0.00994721357315539,1828.884473842575,1838.7900910557876,1841.589899158278,0.006171252955275274,0.0104663269218248,0.0071151781761321,0,0,0
2014-04-29,1871.75,0.0030767198,-0.0054351040830754,-0.011430092878092667,-0.011993886319591834,1855.8856070686927,1844.7928772675189,1843.7530882830388,0.007438909298619591,0.003370987953797,0.0070892304570236,0,0,0
2014-04-30,1878.0,0.0033335586,-0.0075102848187383,-0.011401687612541933,-0.009647225490620503,1857.7452799360021,1850.5300924687901,1853.7796271807424,0.0059896059993117465,0.004662858461284,0.0070788867320201,0,0,0
2014-05-01,1877.75,-0.0001331292,-0.006765233993256,-0.011360282793463945,-0.009000408777544823,1865.3377703280883,1856.7861149284713,1861.1730705295618,0.005585135758026825,0.0041981149102274,0.0070495377731477,0,0,0
2014-05-02,1874.5,-0.0017322944,-0.0081657823304023,-0.011324764090584926,-0.008412969389895109,1862.4791363583406,1856.6048819541352,1862.0188125126501,0.005230693034305012,0.005077006556875,0.0070410769252197,0,0,0
2014-05-05,1875.75,0.00066662225,-0.0118334389420619,-0.011293570527420126,-0.008456824261299121,1852.4489459214624,1853.449294601133,1858.714524496829,0.005268570522863656,0.0073721890946185,0.0070358530507653,0,0,0
2014-05-06,1864.25,-0.006149752,-0.0096472143291754,-0.01125924769992027,-0.009502138461461862,1857.7412445546456,1854.7489161888066,1858.0107775285787,0.005934412758217735,0.0060250176345579,0.0070317879990207,0,0,0
2014-05-07,1874.25,0.005349752,-0.0117034349718183,-0.01124767110144566,-0.009579222861173194,1842.559048259651,1843.3990115007853,1846.4771945180964,0.005974944414093454,0.0072999004641601,0.0070156223101915,0,0,0
2014-05-08,1872.25,-0.0010676633,-0.0118748536487908,-0.011227038892701685,-0.010197650785164901,1852.1251800367122,1853.325402777491,1855.2341761722712,0.00635692117996955,0.0074024410385628,0.0069986120165227,0,0,0
2014-05-09,1873.5,0.0006674231,-0.0073827428196828,-0.011131210008711026,-0.010603479917985787,1858.478557814661,1851.5251523671263,1852.5025157731216,0.0066140621675479724,0.0046050844019211,0.0069432408574441,0,0,0
2014-05-12,1892.75,0.010222459,-0.0068156555012255,-0.011034362074536697,-0.009483219251042516,1860.7742857231449,1852.9407603031912,1855.8171663474618,0.005913061124196104,0.0042497580740611,0.0068802434791407,0,0,0
2014-05-13,1894.25,0.00079218386,-0.0038755049481786,-0.011165632181422452,-0.008686482574897422,1885.4288337806656,1871.733797624128,1876.3798624973485,0.005407537395373428,0.0024125919499099,0.0069508656747337,0,0,0
2014-05-14,1885.25,-0.004762544,-0.0074943476644293,-0.011082711778560713,-0.007497346673469774,1880.1068948061975,1873.372476692518,1880.1012563570778,0.00466479192843455,0.0046629259678788,0.0068955787562469,0,0,0
2014-05-15,1867.25,-0.009593678,-0.0149155756999353,-0.011026237096917614,-0.007717532228461289,1857.3390820697894,1864.5769688328428,1870.7565212472434,0.004809240116950667,0.0092947567823562,0.0068710852401686,0,0,1
2014-05-16,1874.75,0.0040085567,-0.0077876544286574,-0.01115188634896395,-0.009824085345491871,1852.7649776490196,1846.5423196717165,1848.9957889157256,0.006113000044351863,0.0048458385888947,0.006939219209563,0,0,0
2014-05-19,1882.25,0.0039925524,-0.0099641627531973,-0.011111000020386959,-0.009253784111566667,1856.1624443809499,1854.0349482948545,1857.4814909926351,0.005755811466560919,0.0061976637382156,0.0069109912821896,0,0,0
2014-05-20,1868.0,-0.00759953,-0.0095608494566479,-0.011070230080318225,-0.009495678264422498,1864.3398456849575,1861.5279698752174,1864.461350894691,0.005914886607237395,0.0059554819392755,0.0068956796784535,0,0,0
2014-05-21,1885.0,0.009059481,-0.0083484138448985,-0.01110905333600244,-0.00949621769824697,1852.470078242334,1847.3631286549985,1850.3450257533375,0.005903965696852264,0.0051903558374095,0.0069066940022203,0,0,0
2014-05-22,1890.25,0.0027812745,-0.005846668427034,-0.01114824999312902,-0.00914426357911675,1874.0111852960545,1864.1022518598518,1867.8416330300054,0.005674257646522971,0.0036280125503542,0.0069177842722434,0,0,0
2014-05-23,1897.0,0.0035645955,-0.0046503641544637,-0.011109793255035628,-0.00826108205442889,1881.4800566768695,1869.3659369164707,1874.6988129043505,0.005129117077445959,0.0028873048401952,0.0068978167673262,0,0,0
2014-05-27,1909.25,0.006436804,-0.005051729412944,-0.011071211248691681,-0.007457693372915098,1887.4410342864726,1876.113743677461,1882.9053776825194,0.004628461434783543,0.0031352502171369,0.0068711157376106,0,0,0
2014-05-28,1909.0,-0.00013095004,-0.0056633304659682,-0.011067229370119691,-0.007094823235066264,1898.4678465751058,1888.2363880415578,1895.7521477956955,0.004397120486017747,0.0035099319018855,0.00685907729826,0,0,0
2014-05-29,1918.0,0.004703432,-0.0047373685972453,-0.011013764991583888,-0.007026578207300725,1899.977751080812,1888.0900824592104,1895.6332783557627,0.004354066918198913,0.0029355426325645,0.0068247542943231,0,0,0
2014-05-30,1921.5,0.0018231545,-0.0041385651902476,-0.01099429698617864,-0.00678318659077353,1910.078634814455,1897.0284334396829,1905.0338736620533,0.004202026178332195,0.0025637447882989,0.0068107110323517,0,0,0
2014-06-02,1921.75,0.00013009823,-0.0062245028946745,-0.009894249960633334,-0.006497558404315737,1909.5767642920343,1902.5819430264203,1909.0554150173468,0.004035210242875793,0.0038656332539801,0.0061446740917638,0,0,0
2014-06-03,1922.0,0.0001300813,-0.004443893294403,-0.010694196063895092,-0.006710824983340002,1913.228895524028,1901.3079292927503,1908.8966486217453,0.0041645596114571574,0.00275776206017,0.0066365338263576,0,0,0
2014-06-04,1925.75,0.0019491917,-0.0063320135210525,-0.010603962694768149,-0.006534835998991795,1909.8683195292629,1901.726861468753,1909.4809945845886,0.004056186363697278,0.0039302940277005,0.0065819018090598,0,0,0
2014-06-05,1938.5,0.006598976,-0.0095092576969576,-0.01051540999258709,-0.006848711322564648,1907.5243405753888,1905.606045791331,1912.6061547472705,0.004250006783860413,0.0059010239763489,0.006525397508919,0,0,0
2014-06-06,1949.25,0.005530205,-0.0043339709273596,-0.010579106711020705,-0.007834705002631814,1930.1167768021703,1918.1004961594426,1923.371764368218,0.004865109467482839,0.0026912618896831,0.0065692980399401,0,0,0
2014-06-09,1950.25,0.00051288627,-0.0052255609547858,-0.010589678869190565,-0.007179901142109024,1939.0906425975875,1928.7169793943851,1935.304700542266,0.004462121145097853,0.0032475497322096,0.0065812089981132,0,0,0
2014-06-10,1950.5,0.00012818047,-0.0050634867354377,-0.01053683690634386,-0.006974476300449495,1940.3998939802789,1929.8084177592486,1936.6953508299634,0.0043417417009233945,0.003152115021153,0.0065593776824725,0,0,0
2014-06-11,1944.0,-0.0033380438,-0.006431323063518,-0.010433641005553638,-0.006795613804731921,1937.9959562363683,1930.2549815034247,1937.2900908309234,0.004228651716691534,0.0040019674593936,0.0064924575199897,0,0,0
2014-06-12,1930.5,-0.006968669,-0.0116265296575394,-0.010404278059234407,-0.0070029448771731,1921.528909872773,1923.8789375240221,1930.4338321633118,0.004363394633995401,0.0072442576672365,0.0064826971867563,0,0,0
2014-06-13,1935.75,0.0027158116,-0.005597442769006,-0.010469424100695287,-0.00846079687631299,1919.7243229868316,1910.3942084502883,1914.235334670588,0.0052770921032916085,0.0034911866419633,0.0065298950034439,0,0,0
2014-06-16,1936.5,0.0003873717,-0.0082671259075317,-0.010472822750631373,-0.007847380830249929,1919.8128788868528,1915.5830202883185,1920.6188800377415,0.004898737616190554,0.0051607640226782,0.0065376731250827,0,0,0
2014-06-17,1933.75,-0.0014210971,-0.0065947322804374,-0.010411010788683981,-0.008149640692371955,1923.7713181946822,1916.4436621397522,1920.782354374088,0.0050949492677244,0.0041228598500671,0.0065087006650152,0,0,0
2014-06-18,1949.0,0.007855298,-0.0093044726669916,-0.010371155729977013,-0.007882251497797076,1915.8409224451818,1913.7984169285214,1918.5676104790055,0.0049379335942388814,0.0058289015735993,0.0064971383245573,0,0,0
2014-06-19,1950.25,0.00064114894,-0.0046469216687653,-0.010410107360896141,-0.008427198763800848,1939.9641603470138,1928.8159421373748,1932.644402340143,0.005272334577992913,0.0029072680593101,0.0065129078520413,0,0,0
2014-06-20,1953.25,0.0015370824,-0.0044087588903468,-0.010391810433944125,-0.0075416455804334795,1941.6707438064655,1930.0883113619839,1935.5972281624433,0.004729196095485017,0.0027646334089548,0.0065164702855745,0,0,0
2014-06-23,1953.0,-0.000128,-0.0056479131196807,-0.009401241733810047,-0.006971626494103497,1942.2493084166451,1934.9730721065464,1939.6800279012825,0.004352182281186451,0.0035258267817338,0.0058689199327653,0,0,0
2014-06-24,1943.25,-0.0050048227,-0.0110362646339589,-0.009117435237399678,-0.006836437324001205,1931.5646756922245,1935.2745769688197,1939.6939726407334,0.004265136808085041,0.0068853375352113,0.0056882125562449,0,0,0
2014-06-25,1949.5,0.0032111004,-0.0085441347082964,-0.009320171984987304,-0.00808989940811158,1926.7173394441866,1925.2227149842884,1927.5927212728527,0.005051580772028948,0.0053352191947873,0.005819800620037,0,0,0
2014-06-26,1948.75,-0.00038478806,-0.0094451438520891,-0.009252054529018115,-0.008337622684030987,1931.1733770992628,1931.5463020621353,1933.3133773226198,0.005216683968507956,0.00590963784051,0.0057888257080441,0,0,0
2014-06-27,1952.0,0.0016663466,-0.0062196632687031,-0.009037640934398378,-0.008738434157210213,1936.6670461089648,1931.2172439439387,1931.7951636859896,0.005485041975436379,0.0039040305720868,0.0056728515649677,0,0,0
2014-06-30,1952.5,0.00025611473,-0.0050205972232794,-0.008882098219760529,-0.008068567777935957,1942.2243545434337,1934.7389150803456,1936.3135244942484,0.005078497306483794,0.0031600514709795,0.0055905475576878,0,0,0
2014-07-01,1965.75,0.006763249,-0.0087636035011199,-0.008677612144532163,-0.007366322649424812,1935.463822349572,1935.630262665394,1938.170099161764,0.004642835240951641,0.0055235114057763,0.005469312897269,0,0,0
2014-07-02,1967.75,0.0010169061,-0.0030495477231434,-0.00926082021252413,-0.007880740158014475,1959.7644827621093,1947.6295771609257,1950.3193174955213,0.004959813249643321,0.0019192597268017,0.0058283787907828,0,0,0
2014-07-03,1977.5,0.0049426625,-0.0051131515126832,-0.008986914413005174,-0.006809825255327306,1957.7142750667356,1950.1452239583589,1954.3954889054485,0.004281295584391761,0.0032146071555142,0.0056500182532006,0,0,0
2014-07-07,1971.0,-0.0032923925,-0.0053532657394391,-0.009121541102069513,-0.00666962102735421,1966.9422015638752,1959.5441693914615,1964.3547101984257,0.004181687380173435,0.0033563651807976,0.0057189806074167,0,0,0
2014-07-08,1960.5,-0.0053414856,-0.0090099926946882,-0.00902743494453059,-0.006639730149228463,1953.3210675227742,1953.2869975058218,1957.9564426462166,0.004174945914282245,0.0056653254489224,0.0056762928298368,0,0,0
2014-07-09,1967.25,0.0034370858,-0.0046144315428873,-0.009227240098993441,-0.007520629631788578,1951.4742473344925,1942.4932000800661,1945.811109692144,0.004726128975028012,0.0028998102134882,0.0057986005064076,0,0,0
2014-07-10,1957.75,-0.004840774,-0.0122631279779107,-0.009128800647396908,-0.00699814778988303,1943.2726804382621,1949.3730884547836,1953.5309537068522,0.004403693916848307,0.0077167650211572,0.0057444405414214,0,0,0
2014-07-11,1962.5,0.002423316,-0.0054271015080912,-0.009221571220829498,-0.008618612202135372,1947.1538711636113,1939.7794546216176,1940.9494148216404,0.005409536994309827,0.0034063612205013,0.005787988772993,0,0,0
2014-07-14,1971.0,0.0043218574,-0.0050852102210006,-0.008945104277889401,-0.007800100872054742,1952.5456064842917,1945.023513881451,1947.2518479108487,0.004916236354998806,0.0032050989815865,0.0056379074542187,0,0,0
2014-07-15,1968.0,-0.0015232295,-0.0098639126379717,-0.009026618095027679,-0.0072139808713154695,1951.653799665529,1953.2885930479863,1956.8324075150938,0.004538215880593101,0.0062052514106907,0.0056785209605683,0,0,0
2014-07-16,1974.75,0.0034240095,-0.0052683944075939,-0.008804498046109537,-0.008079638023849296,1957.659063789662,1950.7488033502702,1952.1633357783587,0.005091224180501972,0.0033197745890582,0.0055479803943221,0,0,0
2014-07-17,1953.5,-0.0108191725,-0.012948577716788,-0.00880134390528486,-0.007393706576786459,1949.3446328058644,1957.445807899564,1960.2031218810312,0.0046599620370583695,0.0081609785251118,0.0055471404021484,0,1,1
2014-07-18,1971.5,0.009172039,-0.0143652859125951,-0.010350735349219512,-0.009039717488003696,1925.6380157893338,1933.3841251408892,1935.9204885070926,0.005686632769274212,0.0090367985193082,0.0065113573406546,0,0,0
2014-07-21,1966.25,-0.002666499,-0.0068772958525159,-0.010978741151478101,-0.01072320965473801,1957.9879277428993,1949.973793362503,1950.4721367530294,0.0067304770040183225,0.0043165696722843,0.0068908626458165,0,0,0
2014-07-22,1975.0,0.004440223,-0.0073474358605511,-0.010439510770892772,-0.009429061077956848,1951.8560483121032,1945.830084363636,1947.7972414641572,0.0059313545273991216,0.0046219073771975,0.0065669782985629,0,0,0
2014-07-23,1980.75,0.0029071625,-0.0047317918309324,-0.010200418997713354,-0.008775848200313468,1965.6767862826043,1954.9565719521324,1957.7435306333741,0.005511068024400072,0.0029714764957577,0.0064056717585171,0,0,0
2014-07-24,1980.75,0.0,-0.0051177965751853,-0.009898589099843143,-0.007645837252538602,1970.6388199841224,1961.2400892370147,1965.6632567498532,0.004797350758876638,0.003211141497367,0.0062108311178313,0,0,0
2014-07-25,1971.5,-0.0046808864,-0.0063018777467671,-0.009574492138136588,-0.007103251238130908,1968.3068045816224,1961.8758242054348,1966.7300875395608,0.004458575180417217,0.0039555683404424,0.0060097259101634,0,0,0
2014-07-28,1973.0,0.0007605527,-0.008671955695701,-0.009594624232674698,-0.007069211402744279,1954.4771566977367,1952.6746538032473,1957.6121954679923,0.004428261626913142,0.0054322450482462,0.0060102186642361,0,0,0
2014-07-29,1963.0,-0.005081312,-0.0088085570387889,-0.009328533886423617,-0.007680785973211478,1955.697035914427,1954.6803830756392,1957.9038586060572,0.004809499327576803,0.0055156789035307,0.0058412742667887,0,0,0
2014-07-30,1965.0,0.00101833,-0.0102086337831217,-0.009439785146932188,-0.008119486746303943,1943.0623928999396,1944.5568882174755,1947.1259791770615,0.00507576940023476,0.0063817668029521,0.0059011331738918,0,0,0
2014-07-31,1924.75,-0.020696156,-0.0131817361937633,-0.009176507882933806,-0.008806875763218324,1939.2678581285888,1947.0506441695513,1947.770469653463,0.0055022177346959475,0.0082354724432837,0.005733150526198,1,1,1
2014-08-01,1918.5,-0.0032524585,-0.0122802218259647,-0.013110406272127928,-0.0100582431327027,1901.2581806375622,1899.680440666064,1905.4874327192845,0.006327586357550648,0.0077254211365231,0.0082476856817809,0,0,0
2014-08-04,1932.0,0.007012105,-0.011602701723807,-0.012332565465917048,-0.01101220330407149,1896.3688555557274,1894.9852696623993,1897.488989054151,0.0069407556543371685,0.0073129341487299,0.0077729516179927,0,0,0
2014-08-05,1913.0,-0.009883045,-0.0118751111049912,-0.011960268785146234,-0.011140043555572318,1909.192971361355,1909.0303958393206,1910.596873078265,0.007021330624118937,0.0074846279415652,0.00753830100169,0,0,0
2014-08-06,1914.75,0.00091437536,-0.0120503515294686,-0.012178752412609075,-0.011142942795564612,1890.0860155871756,1889.8433424536183,1891.801874520505,0.007006021746413265,0.0075765465565331,0.007657277418752,0,0,0
2014-08-07,1905.25,-0.004973832,-0.0144545910377908,-0.011397070517083505,-0.011159888273702834,1887.2721408414277,1893.0513446551295,1893.5003960712957,0.007026687385318986,0.0091011567512306,0.0071760262887838,0,0,0
2014-08-08,1923.75,0.009663173,-0.0202332788859244,-0.011048015456051972,-0.011843196160077164,1867.087919321438,1884.316617642863,1882.8188410087005,0.0074502706005181146,0.0127282703755287,0.0069500414950281,0,0,0
2014-08-11,1932.5,0.004538095,-0.0092596678855376,-0.011423505933774121,-0.014167481181502033,1906.0189324938165,1901.899075166544,1896.687464715674,0.008892745684249345,0.0058121744134878,0.0071703877203101,0,0,0
2014-08-12,1930.5,-0.0010354648,-0.0087159919673013,-0.011044326825190121,-0.011617133457668329,1915.729537301072,1911.2742661353866,1910.1797890510513,0.0072898394389673705,0.0054693511290442,0.0069303989284871,0,0,0
2014-08-13,1944.75,0.0073543973,-0.0065666040462623,-0.010544432908352438,-0.010260694583900495,1917.8647017919693,1910.2509174326688,1910.7930057292397,0.006431253430618314,0.0041158514615862,0.0066090964662538,0,0,0
2014-08-14,1953.5,0.0044892016,-0.0065050398153691,-0.01064571205221074,-0.008932842522887459,1932.1403813200527,1924.156561882175,1927.4552153016361,0.005584919853118657,0.0040670285989144,0.0066558263440379,0,0,0
2014-08-15,1952.5,-0.00051203277,-0.0137570041746932,-0.010390736455396038,-0.008290460094610043,1926.80970254985,1933.3067891839914,1937.3715347818206,0.005181557055005821,0.0085981599602017,0.0064942347195142,0,0,0
2014-08-18,1967.5,0.0076530986,-0.0047738906044996,-0.009982055180686998,-0.009870164875521937,1943.2011920007888,1933.1069893396425,1933.3232973717566,0.006180162955387425,0.0029891518773074,0.0062502226076596,0,0,0
2014-08-19,1977.25,0.0049432893,-0.0049245264519382,-0.009735528322947646,-0.008352859232344259,1957.8348119753568,1948.4382865067414,1951.1341952457874,0.005192355232519003,0.0030612141278985,0.0060518584143321,0,0,0
2014-08-20,1983.25,0.0030299227,-0.0069053355760612,-0.010161686499131182,-0.0075774297586372885,1963.643458168354,1957.2595457514676,1962.3241482233973,0.004730725961362853,0.004311125450468,0.0063441240188171,0,0,0
2014-08-21,1989.5,0.0031464377,-0.0054525875366065,-0.009868254010941557,-0.007629892444380768,1972.46558397325,1963.775035225463,1968.1755969764997,0.0047610347222768355,0.0034024016429165,0.0061577670113741,0,0,0
2014-08-22,1987.75,-0.0008800051,-0.0056074685280476,-0.00967213028620932,-0.00728741787737013,1978.375161604535,1970.3500564597357,1975.0543816911093,0.004554108438952197,0.003504261752855,0.0060443810002792,0,0,0
2014-08-25,1995.0,0.0036407046,-0.0057031451744932,-0.009425770675869072,-0.007107867935974853,1976.4458384563666,1969.1019485329255,1973.6714290944574,0.004455414808896569,0.0035748944263747,0.0059083425061935,0,0,0
2014-08-26,1998.5,0.0017528489,-0.0055901383467716,-0.009332151939373989,-0.0070048910017745675,1983.8787875175194,1976.4689586152333,1981.074074191296,0.004388505886132095,0.0035021751277621,0.0058465154855153,0,0,0
2014-08-27,1997.0,-0.0007508447,-0.0037953938769154,-0.009096131148159131,-0.006911965575654055,1990.9292813546037,1980.403809334653,1984.7340664324101,0.0043301957200679,0.0023777315066034,0.0056985278262483,0,0,0
2014-08-28,1996.75,-0.00012519561,-0.0067805303401243,-0.008829882192253892,-0.006418312511193061,1983.505083957626,1979.4443465012275,1984.2236749981978,0.004029104349806992,0.0042564870812616,0.0055429704750354,0,0,0
2014-08-29,2001.5,0.0023760407,-0.006385822172493,-0.008621806514383448,-0.0067892585457838125,1984.039735513797,1979.608409765241,1983.2394631587795,0.004262760368324889,0.0040094554497381,0.0054133591856953,0,0,0
2014-09-02,1999.75,-0.0008747267,-0.0075968680313241,-0.008533919895539175,-0.006932249559431025,1986.352478346726,1984.4920348560563,1987.6730836962695,0.00435131120021698,0.0047684862854222,0.005356665380388,0,0,0
2014-09-03,1998.75,-0.00050018757,-0.0082441740266594,-0.008330830622873523,-0.007328489432127836,1983.331484531762,1983.159623222714,1985.1484223620323,0.004601991847067605,0.0051770043482859,0.0052314211490421,0,0,0
2014-09-04,1997.75,-0.0005004379,-0.0108107182054791,-0.008125264923355947,-0.007738002383397401,1977.2584558130404,1982.5754270664127,1983.3433529468239,0.004865503825243395,0.0067975671466894,0.0051090068995749,0,0,0
2014-09-05,2006.0,0.0041211424,-0.010392763732801,-0.007949972268077095,-0.008670804303709664,1977.095371497543,1981.9309068937164,1980.5027823844034,0.005465022061150389,0.0065503361725949,0.0050106970828516,0,0,0
2014-09-08,2000.5,-0.00274554,-0.0065185328069623,-0.008185583828738918,-0.009133726407143564,1992.9663494798197,1989.6467406379911,1987.761165885319,0.0057514370045456875,0.0041046697842828,0.0051543989427578,0,0,0
2014-09-09,1989.75,-0.0053881467,-0.00985357048895,-0.008110824557012522,-0.008332419142315833,1980.884731162207,1984.3399198525965,1983.9002495870302,0.005239790225025825,0.0061963568380039,0.005100441841062,0,0,0
2014-09-10,1995.0,0.0026350475,-0.007872287803996,-0.008594485874536147,-0.008783610728209873,1974.147609174557,1972.7223982844728,1972.349342727709,0.005529114701386884,0.0049554543771879,0.005410064228728,0,0,0
2014-09-11,1997.0,0.0010020041,-0.0080714439903819,-0.008465210941244902,-0.008526308310164168,1978.9622800871582,1978.1831835455569,1978.062325449895,0.0053739493342366785,0.0050872581052146,0.00533544097246,0,0,0
2014-09-12,1984.75,-0.0061530927,-0.0085164571714393,-0.008185171403482842,-0.008427127648730739,1980.0648511224883,1980.720927095612,1980.241737271031,0.005311437889647705,0.0053677403726948,0.005158938055515,0,0,0
2014-09-15,1984.25,-0.00025195265,-0.008555446830014,-0.008769863294732895,-0.008456699954469259,1967.8420077510004,1967.420115256538,1968.0363355953075,0.005328339815702871,0.0053905575733949,0.0055256556367358,0,0,0
2014-09-16,1991.5,0.0036471146,-0.0116095512015309,-0.008372298787823447,-0.008550014489875805,1961.3469523227266,1967.7066158422897,1967.3569545506934,0.005385461138373275,0.0073125942539434,0.0052735220290051,0,0,0
2014-09-17,1993.75,0.0011291639,-0.011204245515632,-0.008370459447465955,-0.009419344620146403,1969.3112811041792,1974.899802573784,1972.829445426602,0.005935535371719684,0.0070602784220493,0.0052745875781756,0,0,0
2014-09-18,2004.5,0.0053773657,-0.0063171741558964,-0.008043932773217626,-0.009820581771946493,1981.1948323698232,1977.7767390807662,1974.266043577848,0.006181984320086109,0.0039766148773958,0.0050635967838392,0,0,0
2014-09-19,2003.75,-0.00037422817,-0.0090205265523002,-0.008512479016416708,-0.008565016300640592,1986.4996628425235,1987.5091555146828,1987.4047399241617,0.005397338994668589,0.0056843837774753,0.0053642320485914,0,0,0
2014-09-22,1986.25,-0.008771986,-0.0085227387125162,-0.008124951304464782,-0.008703396976328178,1986.7451292717058,1987.5355886741127,1986.3862397651683,0.0054819568022977435,0.0053681666579565,0.0051176146730974,1,1,1
2014-09-23,1972.25,-0.007073416,-0.0095477452208274,-0.009545140655000152,-0.008577999715391202,1967.3760363314489,1967.3811604985158,1969.2848157657372,0.005406529318750543,0.0060177391206651,0.0060160975186629,0,0,0
2014-09-24,1991.0,0.009462002,-0.0075968022170846,-0.009964669390299169,-0.008952217621378183,1957.3239736458302,1952.6947732899835,1954.6727837184776,0.005641978542536368,0.0047877516961083,0.0062800585577009,0,0,0
2014-09-25,1961.5,-0.014927538,-0.0124719667168215,-0.010924564593096786,-0.008632080124436793,1966.3225224867863,1969.3675694825022,1973.8874929963185,0.005424922410105901,0.007838139911218,0.006865658616162,1,1,1
2014-09-26,1976.0,0.0073651127,-0.0106021825543454,-0.013867235091101464,-0.009914182646690198,1940.81367280071,1934.4871480331929,1942.1494118698622,0.0062306564368961505,0.006663036110136,0.0087149874741483,0,0,0
2014-09-29,1969.5,-0.0032948959,-0.0120290032143575,-0.013112630612044403,-0.010401553012701445,1952.3730786991046,1950.2585796120036,1955.553055584881,0.006530991294033365,0.0075528447697124,0.008233239427282,0,0,0
2014-09-30,1965.5,-0.0020330376,-0.0100207346810536,-0.011799881807681368,-0.010927603327880986,1949.8627173682914,1946.3967089011344,1948.0952495559961,0.006859170857058534,0.006289936523888,0.0074066932138246,0,0,0
2014-10-01,1940.75,-0.012672169,-0.0161997160898014,-0.010706617868107154,-0.010326216135749453,1933.915974861006,1944.568395875273,1945.3082537744435,0.006491260353803578,0.0101834566906409,0.0067303882832707,0,1,1
2014-10-02,1938.5,-0.0011600181,-0.0159567349585731,-0.012581893310716154,-0.011769378247541814,1910.0277320386178,1916.484662607901,1918.0424680491035,0.00740474860924133,0.010039239839811,0.007915945518499,0,0,0
2014-10-03,1960.25,0.011157538,-0.0123720985757851,-0.011280516625731566,-0.012839786383083057,1914.6644389059047,1916.7555931733073,1913.7691830592019,0.008077984651432325,0.0077837449486602,0.0070969903582622,0,0,0
2014-10-06,1956.0,-0.0021704445,-0.0114784499370379,-0.012337052828181472,-0.012010300891932287,1937.8780120171664,1936.2148584497684,1936.8476237767793,0.007555281401674942,0.0072207116299321,0.0077608301925935,0,0,0
2014-10-07,1928.0,-0.014418376,-0.0133323710349565,-0.011148724392358334,-0.011415700382947036,1930.0949538212224,1934.3142041864182,1933.7978576647747,0.007195071212666765,0.0084031076335452,0.0070268019694386,1,1,1
2014-10-08,1961.75,0.017353736,-0.0195624372295752,-0.013315438120486557,-0.011587270476307887,1890.6501392816167,1902.49799726625,1905.7886753509522,0.0073032081642583875,0.0123297847909863,0.0083924351805759,0,0,0
2014-10-09,1925.0,-0.018910965,-0.0245659906012291,-0.016145391342712534,-0.014096032217468213,1914.144796501813,1930.3310962852088,1934.2910942751748,0.008884426904917251,0.0154834172110529,0.0101760940257965,0,1,1
2014-10-10,1894.25,-0.016102986,-0.0189332157811592,-0.01922792017172102,-0.01798400613271274,1888.896416576784,1888.3398325274122,1890.6902264964713,0.011334933510273116,0.0119332000017908,0.0121189458610589,0,0,0
2014-10-13,1865.5,-0.015293868,-0.0210827064922957,-0.020247577219856292,-0.018222852166466096,1854.7321189043,1856.2817069524378,1860.0439745240712,0.011414204098362805,0.0132055241764938,0.0126824262620147,0,0,0
2014-10-14,1874.75,0.0049462034,-0.0162025150023559,-0.020495333300209966,-0.018873627907530055,1835.5177580380737,1827.655102370994,1830.6214251071556,0.011826871328560088,0.0101530591294255,0.0128430883010482,0,0,0
2014-10-15,1846.75,-0.01504798,-0.0395008733691614,-0.01763348149863516,-0.016741586542293223,1802.1392723103218,1841.9813919661308,1843.624978723718,0.010485871459252474,0.0247408499565358,0.0110444980770901,0,0,0
2014-10-16,1850.5,0.0020285354,-0.0333421468633594,-0.01862423382330941,-0.024420418361067165,1786.1905908513654,1812.6740008418294,1802.1977981578057,0.015292372592736574,0.0208792709992685,0.0116627290601359,0,0,0
2014-10-17,1881.0,0.016347678,-0.0195356485236897,-0.016061259968332707,-0.026934642520142972,1814.7001080137468,1821.0160469599255,1801.3227035059142,0.016898184711994304,0.0122562234481126,0.0100764707550611,0,0,0
2014-10-20,1900.0,0.010050336,-0.0173126475242539,-0.018404025416024608,-0.019369583828285658,1848.71518420891,1846.6986379358536,1844.91640309547,0.012164360586958403,0.0108725767712365,0.0115579768464176,0,0,0
2014-10-21,1938.0,0.019802628,-0.0263518976629595,-0.017483095717510614,-0.016590440422435765,1850.5853390064692,1867.0708089892612,1868.7382037268362,0.010419957890035487,0.0165508363237441,0.0109806078998097,0,0,0
2014-10-22,1925.0,-0.006730546,-0.0119102782679467,-0.020994206518077298,-0.019639105896792446,1915.054793851648,1897.7373478107831,1900.3107160625061,0.012317508358814606,0.0074700423172117,0.013167417887152,0,0,0
2014-10-23,1946.0,0.010850016,-0.0163905015691967,-0.01874053454310011,-0.016364178287063554,1893.7054517501535,1889.260406542788,1893.7553009491314,0.010280245750044908,0.0102967824685119,0.0117731118062052,0,0,0
2014-10-24,1959.75,0.0070409304,-0.0155768404661271,-0.018075634288548217,-0.01611343926963456,1915.9223341172699,1911.1408157268183,1914.8945282695254,0.010119484322155986,0.009782492132685,0.0113517725629618,0,0,0
2014-10-27,1957.0,-0.0014042257,-0.0121269533734051,-0.01648565260324317,-0.015614887937905705,1936.127725731944,1927.707092140946,1929.3864023978108,0.009806524060771217,0.0076160175156593,0.0103533851510242,0,0,0
2014-10-28,1980.0,0.011684156,-0.0079528984869191,-0.014327125983918953,-0.01398929731434981,1941.4979026713631,1929.1617119668415,1929.8135481996633,0.008790012872891132,0.004997111613684,0.0090022836029798,0,0,0
2014-10-29,1972.25,-0.0039218217,-0.0134322486448866,-0.015271830245993528,-0.011713012435747785,1953.5819716514054,1949.9915016938685,1956.94352934244,0.00734737061204723,0.0084258178234274,0.0095797556228261,0,0,0
2014-10-30,1988.5,0.008205563,-0.0181004240807996,-0.013695899165822048,-0.01200126317109431,1936.8725776534186,1945.4223963013687,1948.7219741211193,0.0075340017492128986,0.0113628561212365,0.0085978389775564,0,0,0
2014-10-31,2011.5,0.011500127,-0.0121235945780463,-0.013500002265846243,-0.013398274999143561,1964.5377798026138,1961.8356349525934,1962.0352172807673,0.008402871581492064,0.0076034421111604,0.0084666709256982,0,0,0
2014-11-03,2011.0,-0.00024860163,-0.0068645942195471,-0.014552564890817025,-0.012731905399901891,1997.7391540763285,1982.4394811264551,1986.0521160740545,0.007979215573646965,0.0043021115365654,0.0091202415322855,0,0,0
2014-11-04,2005.5,-0.0027387047,-0.010118603261695,-0.012870934495023408,-0.01099554264757076,1990.7540917388067,1985.2824104680155,1989.0090863119904,0.006889397975215993,0.0063399403792533,0.0080644487399394,0,0,0
2014-11-05,2018.75,0.0065851016,-0.0070891008671649,-0.011618125545095693,-0.01059180331491981,1991.333082893307,1982.334678597777,1984.3702371368827,0.00663931796971996,0.0044436998476195,0.0072826531434322,0,0,0
2014-11-06,2028.0,0.0045715775,-0.0092351173486764,-0.011417252795573561,-0.009579707657809656,2000.1924294170922,1995.832497327488,1999.50330122978,0.005996911224540661,0.0057811971791309,0.0071472172104726,0,0,0
2014-11-07,2026.0,-0.0009866799,-0.0072197181039958,-0.010751822165382867,-0.009474557666771993,2013.4111387872993,2006.3121057689086,2008.876334245132,0.005930039372158524,0.0045187558214701,0.0067294675915873,0,0,0
2014-11-10,2034.0,0.003940892,-0.006654600334408,-0.00985389698931421,-0.008936391338337193,2012.5625397744857,2006.1340439889645,2007.9755279677374,0.005609248469083108,0.0041770000131936,0.0061851539966353,0,0,0
2014-11-11,2036.5,0.0012283504,-0.0042084938299321,-0.009519965326795282,-0.008412021767131649,2025.4579108224245,2014.7282691790092,2016.9617114248247,0.005296630535056367,0.0026498786550115,0.005994247332978,0,0,0
2014-11-12,2036.0,-0.00024554943,-0.0057999389893436,-0.00878428414872309,-0.007532002261292697,2024.722611331301,2018.6891476541416,2021.218699035218,0.004740884960156356,0.0036506685168844,0.0055291115379025,0,0,0
2014-11-13,2034.0,-0.0009828011,-0.0093752493245578,-0.008137983088936587,-0.007305627382516658,2017.001190820297,2019.4983027685028,2021.1799434694453,0.004599030821327078,0.0059018970368584,0.0051230145050958,0,0,0
2014-11-14,2038.0,0.001964637,-0.0035173540201565,-0.007707595748856871,-0.007967598254495119,2026.8582692836162,2018.3830122740926,2017.858295850312,0.005021806364211212,0.0022169128311208,0.0048579323590443,0,0,0
2014-11-17,2039.75,0.00085831655,-0.0083944167993309,-0.007486849904797709,-0.007036464936559516,2020.9637831551222,2022.798775542982,2023.7100188950078,0.004434932996280036,0.0052908209425517,0.0047188009860557,0,0,0
2014-11-18,2048.5,0.0042805667,-0.0089630919205122,-0.007171164265733932,-0.007567309448172617,2021.5492227245236,2025.174940223764,2024.3728358129874,0.0047695129112903445,0.0056492446797307,0.0045198310956692,0,0,0
2014-11-19,2047.25,-0.0006103888,-0.006960348425943,-0.007671508951693529,-0.0080704705396898,2034.2912325990117,2032.84503927526,2032.0341739530543,0.005086644560112988,0.0043869583914836,0.0048351876244492,0,0,0
2014-11-20,2052.0,0.0023174982,-0.0092991809966891,-0.007291050751517619,-0.007923509223713925,2028.3004956939988,2032.3776796537775,2031.0926915652126,0.004994017993324917,0.0058610744191048,0.0045953929774385,0,0,0
2014-11-21,2061.75,0.0047402093,-0.0113696811526303,-0.0072086617703726805,-0.008397385938800827,2028.8015437046129,2037.2610140551078,2034.840711471396,0.005292692327504899,0.0071660662783943,0.0045434649689422,0,0,0
2014-11-24,2067.5,0.0027850112,-0.003715642679067,-0.007886155767059144,-0.009244125181800737,2054.1034883562484,2045.5546617615046,2042.7787463253646,0.00582637391931023,0.0023418899217648,0.004970474910408,0,0,0
2014-11-25,2067.5,0.0,-0.0055597218834872,-0.007762663115119169,-0.007673468637217368,2056.037169607191,2051.5128258139407,2051.6958175901545,0.004836422772221607,0.0035041735095,0.0048926401394222,0,0,0
2014-11-26,2072.25,0.0022948256,-0.0050731567991524,-0.007325041098468147,-0.007277382558086805,2057.0378089243522,2052.4108094683365,2052.508626702673,0.004586778208148469,0.0031975019682063,0.0046168163644098,0,0,0
2014-11-28,2066.25,-0.0028996035,-0.004855839966088,-0.007189592016582926,-0.0068453388493619274,2062.2118771136415,2057.4047973647553,2058.113187408266,0.004314470321029794,0.0030605318273338,0.0045314457119608,0,0,0
2014-12-01,2050.75,-0.00752979,-0.0061598857803049,-0.007193707575314902,-0.006539303528639905,2053.5612567330395,2051.439337380668,2052.7822469393586,0.004121582819403037,0.0038824439468816,0.004534039660397,1,1,1
2014-12-02,2066.0,0.0074087908,-0.0060629007311977,-0.008883624860120985,-0.00667387925899111,2038.354121786447,2032.6125885793288,2037.109111561983,0.004201737028048091,0.0038170775213431,0.0055929473803069,0,0,0
2014-12-03,2072.5,0.0031412374,-0.0063185204447902,-0.009847938935908336,-0.006874058930601765,2052.9870912197443,2045.7540124074342,2051.846894620568,0.00431470039488637,0.0039660007185663,0.0061813415399191,0,0,0
2014-12-04,2072.0,-0.00024128363,-0.0086981462996218,-0.009236495913155942,-0.007124227871127295,2054.551265317378,2053.445496109627,2057.7875075387096,0.004471477196878555,0.0054593372836232,0.0057972290614286,0,0,0
2014-12-05,2076.0,0.0019286409,-0.0053362001618799,-0.008464339021550105,-0.00779499735397478,2060.9728409949653,2054.5359048263267,2055.9115516524676,0.004887867537490568,0.0033460742012317,0.0053075794706528,0,0,0
2014-12-08,2059.5,-0.00797973,-0.010364693622023,-0.007979136617064519,-0.007217554548131177,2054.594020879421,2059.5012229161803,2061.070299532968,0.004525775650034562,0.0064991927254316,0.005003326537956,0,1,1
2014-12-09,2057.5,-0.0009715813,-0.0158939590558026,-0.009524564891606047,-0.00814109242967656,2027.0251519186575,2039.9772789049175,2042.8014844480824,0.0051117132581921364,0.0099796632862866,0.0059803822466696,0,0,0
2014-12-10,2026.5,-0.0151814865,-0.0134827934425187,-0.008720215924387912,-0.010496750362951925,2029.945326894189,2039.6361572190142,2036.0158900603692,0.006585475576000244,0.0084588662054256,0.0054709092816184,1,1,1
2014-12-11,2031.0,0.0022181156,-0.017916794112833,-0.013692950102160166,-0.01113481081620643,1990.514947746048,1998.9403536600244,2004.0604676992352,0.00699636784758185,0.0112577110048714,0.0086037308953521,0,0,0
2014-12-12,1997.25,-0.016757049,-0.012122428082235,-0.01215896841240003,-0.013629670717503421,2006.5279784120614,2006.4546605567823,2003.505931944899,0.008590489249711682,0.0076405065301473,0.0076635371168702,1,1,1
2014-12-15,1990.0,-0.0036365956,-0.0207274868120141,-0.016561686044186733,-0.012531077453719223,1956.278115938944,1964.444578935324,1972.3784645834755,0.007897385302071349,0.0130629588958046,0.0104375714240008,0,0,0
2014-12-16,1965.0,-0.012642394,-0.0264040577993618,-0.014475285583068945,-0.015574518861279543,1938.1435480699402,1961.4016655769638,1959.246812154498,0.009799495136603404,0.0166134465081115,0.0091078570025614,0,0,0
2014-12-17,2008.25,0.021771451,-0.0148920646871612,-0.01579543004965564,-0.01918328662779973,1935.9539078341452,1934.2058238285726,1927.6640993738686,0.012059792061224027,0.0093620664161478,0.0099299773606263,0,0,0
2014-12-18,2060.0,0.025442287,-0.0199487544080922,-0.021727195191905597,-0.015886634231410072,1968.5848643800705,1965.0869640970645,1976.597756323928,0.010003079705998274,0.0125608091350775,0.0136806111430894,0,0,0
2014-12-19,2067.0,0.003392298,-0.0102448552736919,-0.028192021386574624,-0.01732035625127419,2039.0033356751715,2002.7354306512257,2024.627284437895,0.010896885670414858,0.0064454226580446,0.0177366579191923,0,0,0
2014-12-22,2072.5,0.0026573273,-0.0054418790867873,-0.02363739040686416,-0.014932651005460625,2055.782186603397,2018.714434589365,2036.3635215769716,0.0093964594064862,0.0034243347624815,0.0148739684167362,0,0,0
2014-12-23,2079.0,0.0031314008,-0.0064139141071402,-0.020074106955613548,-0.011312388470748839,2059.2497015754716,2031.3112105605753,2049.18718531388,0.007129955929289741,0.0040425525552281,0.0126522792497329,0,0,0
2014-12-24,2078.75,-0.00012025735,-0.0035055054490304,-0.017180740860304085,-0.009611456344870538,2071.724813225041,2043.5863274238602,2059.11350444375,0.006057894876260628,0.0022094449307589,0.0108286526301025,0,0,0
2014-12-26,2084.25,0.0026423268,-0.004865146942358,-0.014551392865227098,-0.007942229832291143,2068.6611375926027,2048.720308877604,2062.3054792596486,0.005005817191564103,0.0030663978149466,0.0091714309588223,0,0,0
2014-12-29,2085.75,0.0007194245,-0.0068681658584027,-0.01257438616870188,-0.007201436288582838,2069.984071769197,2058.205922931887,2069.294322230079,0.004538910902675586,0.0043288576954449,0.0079253660226168,0,0,0
2014-12-30,2076.75,-0.004324331,-0.006627453996364,-0.01069790270325246,-0.007157661204818458,2071.972493152742,2063.555776924188,2070.874209585814,0.004511320405863348,0.0041771421693709,0.0067426587238628,0,0,0
2014-12-31,2052.5,-0.011745609,-0.0131544352751498,-0.009985174660238825,-0.0071230223839632845,2049.6104208109714,2056.116474637953,2062.009822893037,0.00448948829969244,0.0082909585388649,0.006293441518372,0,1,1
2015-01-02,2046.25,-0.0030497126,-0.0149953773274476,-0.013114289452159531,-0.008606521483874563,2021.9516028338592,2025.7586510518904,2034.910913650864,0.005424505977953646,0.009451264846874,0.0082656554873117,0,0,0
2015-01-05,2016.0,-0.014893499,-0.0158266315534505,-0.011752447370301273,-0.010708670381014569,2014.1196831967036,2022.342316640575,2024.4542930395842,0.006749445360310368,0.0099751865644461,0.0074073156193511,0,1,1
2015-01-06,1994.5,-0.010721958,-0.0183839039813058,-0.015699228244034556,-0.012267899080734508,1979.2766431771072,1984.5974983479507,1991.4190023411968,0.007732193781780639,0.0115869805509188,0.0098948869898929,0,0,0
2015-01-07,2019.5,0.012456563,-0.0108221148898208,-0.01597233967972067,-0.014571449469988451,1973.0316677584985,1962.8962334378657,1965.647962539167,0.00916895737627927,0.0068097213218447,0.0100504553115627,0,0,0
2015-01-08,2055.0,0.017425891,-0.0128470449410541,-0.017009697509515222,-0.01319081484995928,1993.7213371174955,1985.4394172092025,1993.0360735083054,0.00828860250027684,0.0080725906648533,0.0106882420009675,0,0,0
2015-01-09,2035.25,-0.009657186,-0.0144012191587787,-0.020372221678000537,-0.012979564787892462,2025.6175738206675,2013.5586439626197,2028.4993498576196,0.008123849594422219,0.0090136564926555,0.0127508793646676,0,0,0
2015-01-12,2022.5,-0.0062842914,-0.017426043143141,-0.01898372653915949,-0.013722864848736391,2000.0908776023496,1996.977794480185,2007.5113018240647,0.008568509317845953,0.0108807610284771,0.0118533731499371,0,0,0
2015-01-13,2016.0,-0.0032190199,-0.0281363270564888,-0.016884767570384044,-0.014889321691769843,1966.387381778297,1988.6372444728447,1992.6094242832658,0.009286630731006211,0.0175489310332291,0.0105312118745946,0,0,0
2015-01-14,2007.5,-0.0042251833,-0.0210723373785779,-0.014607599856812323,-0.019010364842206955,1973.9626361248245,1986.7651242200702,1978.0370921329068,0.011891849012181944,0.0131817067436521,0.0091377189953718,0,0,0
2015-01-15,1989.0,-0.009258167,-0.0255742371337418,-0.012960035147041683,-0.018360016947906243,1956.8106523673441,1981.6505958453904,1970.9785590273127,0.011525171722119403,0.0160537692021134,0.0081354298864845,0,0,0
2015-01-16,2013.0,0.011994147,-0.0190946178594766,-0.01365357445901082,-0.019323662572649426,1951.3811072623655,1962.0275942911055,1950.9342049186248,0.012107824999008003,0.0119643101092391,0.0085550598670986,0,0,0
2015-01-20,2016.75,0.0018611582,-0.016244658797484,-0.015377397320567124,-0.017436368635642237,1980.5636736634974,1982.2820852886412,1978.20482226087,0.010886726812692739,0.0101426602172259,0.0096011690976205,0,0,0
2015-01-21,2026.5,0.0048228623,-0.0145195505386965,-0.01328893133197579,-0.01596695147595477,1987.6792542484843,1990.1268362273697,1984.8043664924326,0.009948061916792605,0.0090462721065115,0.0082795461549178,0,0,0
2015-01-22,2056.5,0.014695342,-0.0169026399452111,-0.012158581706207365,-0.014577408681594906,1992.5346607530923,2002.0098188070322,1997.1731553365125,0.009060101563689915,0.0105052714061207,0.0075567604321709,0,0,0
2015-01-23,2044.0,-0.006096836,-0.0094575433913771,-0.015897791177002376,-0.014721602291549618,2037.1422447088044,2024.064700392411,2026.4467834116172,0.009118635569392191,0.0058580506292568,0.0098471729659886,0,0,0
2015-01-26,2053.5,0.004636982,-0.0137781719396884,-0.014437838713089617,-0.012897841141656421,2016.030543019743,2014.7010732080923,2017.8060982198308,0.007992501888494017,0.0085380230721164,0.0089468037257374,0,0,0
2015-01-27,2030.0,-0.011509862,-0.0200812328840982,-0.013078831939287997,-0.013103551455396156,2012.674473642398,2026.817487013108,2026.7673856848326,0.008118544041576508,0.0124416936991206,0.0081032286149997,0,0,0
2015-01-28,1991.5,-0.01914767,-0.0217920720239346,-0.01469511314107163,-0.015000038605185768,1986.2406292143369,2000.3870361497727,1999.777160192447,0.009277019485787021,0.0134776637662668,0.0090884333396606,0,1,1
2015-01-29,2018.5,0.013466538,-0.0177355028835575,-0.020222653742120948,-0.01704580235792885,1956.491113768715,1951.6310715497411,1957.840972163782,0.010542961565609677,0.0109695467143047,0.0125078688982124,0,0,0
2015-01-30,1988.5,-0.014974075,-0.0119945670649464,-0.020363488917248877,-0.01745569921494273,1994.4335880105245,1977.811978660802,1983.571409514199,0.010810363952241865,0.0074282693477352,0.0126111663487223,1,0,0
2015-02-02,2017.0,0.014230673,-0.0219326488519857,-0.021202857509940862,-0.015078006161560423,1945.3617253326818,1946.7819516483755,1958.7422919734167,0.009318864079209172,0.0135553316107363,0.013104288797129,0,0,0
2015-02-03,2042.0,0.012318461,-0.0160819835011253,-0.021437742464986632,-0.017161245821736035,1984.822075218204,1974.2202623164158,1982.6810870910315,0.010586078717229726,0.0099203254262854,0.0132240765974349,0,0,0
2015-02-04,2030.0,-0.0058939266,-0.0139853591481057,-0.020769558129503877,-0.016359182887017005,2013.6406665837164,2000.0259622745577,2008.86630755312,0.010091318520254177,0.0086270026295561,0.0128119006956084,0,0,0
2015-02-05,2055.0,0.012240055,-0.0153791874484609,-0.01803597723563435,-0.014822132404801179,1999.019090715016,1993.7151660367247,2000.132964597599,0.009143174220818541,0.0094867989554833,0.01112566516102,0,0,0
2015-02-06,2053.0,-0.0009737099,-0.0130034205380227,-0.018282767210138794,-0.014116662814940542,2028.450959061192,2017.770281547763,2026.1940581687375,0.008707998553011402,0.0080212844008328,0.0112778999185583,0,0,0
2015-02-09,2042.5,-0.00512759,-0.0077134377165622,-0.015419315073151488,-0.013223348549105023,2037.225229435727,2021.5869523765316,2026.0311675373257,0.008156949099166888,0.004758107872597,0.0095115520647927,0,0,0
2015-02-10,2062.25,0.009623072,-0.0113232628313961,-0.013889310788878022,-0.011032290637334475,2019.502683713908,2014.3271861046517,2020.0903883394074,0.006805374057998599,0.0069848630404919,0.0085677542799895,0,0,0
2015-02-11,2065.75,0.0016957369,-0.0144883140149924,-0.014332681641782398,-0.010739440946775827,2032.5868776218474,2032.9032385587302,2040.2210887294207,0.006624726923823546,0.008937255152443,0.008841251833636,0,0,0
2015-02-12,2084.0,0.008795767,-0.0136523352612468,-0.012335492410640622,-0.01166934756588779,2037.7393290351922,2040.4244790743262,2041.7841501408254,0.007198348720973257,0.0084215736579286,0.0076092665434252,0,0,0
2015-02-13,2093.5,0.0045481827,-0.0054083581043176,-0.012994364681001397,-0.011985643837243619,2072.759405689522,2057.0949297357556,2059.171011186247,0.007393459102895421,0.0033361974543105,0.0080156982087653,0,0,0
2015-02-17,2096.0,0.00119346,-0.0096054250427202,-0.011802528176313824,-0.010079097627011606,2073.4873117325633,2068.936647232709,2072.505390212131,0.006217387827581074,0.0059251983609427,0.007280502455045,0,0,0
2015-02-18,2095.5,-0.00023857808,-0.0054543929646163,-0.010274625402207293,-0.009910277099547324,2084.5987141588603,2074.574642404227,2075.330647870219,0.006113249269612423,0.0033645944984366,0.0063380010068996,0,0,0
2015-02-19,2095.25,-0.00011931039,-0.0067079372314479,-0.008994549680357702,-0.008732985470863146,2081.4905572938546,2076.7364325651024,2077.2797035354383,0.005387025661848407,0.004137855275775,0.0055483740476289,0,0,0
2015-02-20,2107.0,0.005592257,-0.0135030871827258,-0.008016369587159266,-0.00825169775603126,2067.1478166918473,2078.520844755735,2078.031767800426,0.005090138729059833,0.0083295085523978,0.0049449742960147,0,0,0
2015-02-23,2106.75,-0.000118659154,-0.0046247989035062,-0.008794118507276223,-0.00952824202847593,2097.278047077295,2088.5520280227393,2087.019335515364,0.005877587279969347,0.0028528514626755,0.0054247361603993,0,0,0
2015-02-24,2113.75,0.0033171456,-0.0060900389831108,-0.007907511461756693,-0.008341120620406175,2093.958799361522,2090.156543166895,2089.250428610749,0.00514530007872094,0.0037566988280392,0.0048778241195944,0,0,0
2015-02-25,2110.25,-0.0016571974,-0.0054474460592499,-0.00778848924771558,-0.007905849559475297,2102.26676643672,2097.3510253689396,2097.10489404204,0.004876798959267816,0.0033603092333799,0.0048044041278277,0,0,0
2015-02-26,2110.0,-0.0001184764,-0.0072008058115999,-0.007271125278562163,-0.007482684249259075,2095.1090783776435,2094.961756603879,2094.5185955300058,0.0046157653879943345,0.0044418859761645,0.0044852632123133,0,0,0
2015-02-27,2102.75,-0.0034419356,-0.0045500053236782,-0.0067191455154381975,-0.007590361716142049,2100.421296867454,2095.8701264606166,2094.0449656221626,0.004682187263907988,0.0028067143271885,0.0041447692130171,0,0,0
2015-03-02,2114.0,0.005335876,-0.0066113293268379,-0.007002886849338296,-0.006991411516047113,2088.893881410087,2088.0761194079955,2088.100080914886,0.004312719101061984,0.0040782617652846,0.0043197977702209,0,0,0
2015-03-03,2104.75,-0.0043851924,-0.0093559015340132,-0.008006653215925886,-0.007125601606140095,2094.3138585560973,2097.141515183803,2098.9900192858863,0.004395495542326943,0.0057712773966718,0.0049389806594343,0,0,0
2015-03-04,2096.5,-0.003927408,-0.0099087756064416,-0.008184730344532636,-0.007978226777533971,2083.9974903196576,2087.593495265608,2088.0246352832673,0.004921445538872939,0.0061123230592209,0.0050488292404028,0,0,0
2015-03-05,2099.75,0.0015490024,-0.0053774775255891,-0.008217220706518187,-0.008683761122580395,2085.256376628153,2079.3431840000903,2078.3733126255797,0.005356661151536136,0.0033171484737966,0.0050688712311244,0,0,0
2015-03-06,2070.75,-0.01390743,-0.0156107515161316,-0.007508738575649002,-0.00784367995574785,2067.2258482264147,2084.0425714632474,2083.3446562550434,0.004838449044249166,0.0096296414666802,0.0046318372485663,0,1,1
2015-03-09,2077.75,0.003374717,-0.0088820586631224,-0.013929385885926621,-0.010055292869093032,2052.438917459419,2042.1056861749846,2050.032337932551,0.006202703634848899,0.005478982887115,0.0085924749871202,0,0,0
2015-03-10,2042.0,-0.017355857,-0.010807109564799,-0.012079960532695133,-0.010086347027877767,2055.41642615929,2052.8018517066353,2056.898427338345,0.006221859689881697,0.0066664689584357,0.0074516392590898,1,1,1
2015-03-11,2039.5,-0.00122504,-0.0074883541962707,-0.01847935406152769,-0.010349785433405416,2026.7658911210146,2004.6116789785885,2020.974729346802,0.006384364191421146,0.0046192629490695,0.0113991663991619,0,0,0
2015-03-12,2064.0,0.0119411675,-0.0115058048047381,-0.015273150045423574,-0.01003320527994046,2016.1683929518101,2008.5870802301288,2019.1395887229914,0.006189078694103233,0.0070974658036636,0.0094213887686482,0,0,0
2015-03-13,2049.75,-0.006928013,-0.0143842733519901,-0.01655590189661158,-0.010516887924846743,2034.5233680100034,2030.1099328946407,2042.4068885148533,0.0064874429624275365,0.0088730766738072,0.0102126665239117,0,0,0
2015-03-16,2076.5,0.012965949,-0.0164408999012796,-0.015095967672669526,-0.011776963060034364,2016.3257804374432,2019.039426388833,2025.7517605302933,0.007264732368411388,0.010141726442529,0.0093120921263902,0,0,0
2015-03-17,2066.25,-0.004948414,-0.0079156326227967,-0.017081385248263012,-0.012976657453501947,2060.1280714296063,2041.331720094939,2049.728051683564,0.008004775336025161,0.0048828337355009,0.010536815958222,0,0,0
2015-03-18,2092.5,0.012624153,-0.0229385666834008,-0.014866939389579337,-0.010933504939171508,2019.392661274663,2035.7584064401779,2043.7816978896415,0.006744437154713574,0.0141498743793613,0.0091708138381791,0,0,0
2015-03-19,2081.5,-0.005270736,-0.0109120821061349,-0.016772264747415527,-0.014343468142250685,2069.7905969684393,2057.696716824629,2062.7005177724827,0.008847905589676025,0.0067312222751397,0.0103461320190096,0,0,0
2015-03-20,2099.25,0.00849135,-0.0127178256700869,-0.014693033061093022,-0.01259751699705243,2055.1954686368776,2051.1400378342146,2055.4427413507638,0.007770898917112878,0.0078451124734209,0.0090635380551792,0,0,0
2015-03-23,2094.75,-0.0021459237,-0.0073652996473407,-0.014460598489195307,-0.01202067299599884,2083.8451948577235,2069.1120204074764,2074.166663543047,0.007415067174700525,0.0045433555729374,0.0089201585651192,0,0,0
2015-03-24,2085.0,-0.0046653594,-0.0088569734909415,-0.012277980795491078,-0.010121529618842174,2076.278775103762,2069.1879460523423,2073.6548634469154,0.0062435624078133745,0.0054635088585916,0.0075737899532375,0,0,0
2015-03-25,2053.75,-0.015101464,-0.0135767090001455,-0.011222333189999443,-0.009465613934906247,2056.8838559666806,2061.7322387794716,2065.35730668321,0.005838954541103795,0.0083749228750295,0.0069226036253058,1,1,1
2015-03-26,2048.5,-0.0025595725,-0.0138042716042067,-0.01648967793240077,-0.01040905073814168,2025.5942590473776,2020.1620125648296,2032.4832872101736,0.006420922561813118,0.0085152970451051,0.0101718156378289,0,0,0
2015-03-27,2052.5,0.0019507443,-0.0092882027761474,-0.014007712650660453,-0.01184582084097257,2029.561206445566,2020.005239767646,2024.3769964808246,0.007307207949547948,0.0057295167700093,0.0086407916015287,0,0,0
2015-03-30,2075.5,0.011143526,-0.0156090614380204,-0.011963599057216707,-0.011017892148322994,2020.711143926744,2028.0910137304395,2030.0099006232708,0.0067964922122591915,0.0096285989258234,0.0073798605693686,0,0,0
2015-03-31,2060.75,-0.0071320944,-0.0090980560439505,-0.014145857463752185,-0.012120720227806376,2056.7026241323065,2046.3469563720964,2050.4952888446333,0.007476782267087003,0.0056122229385608,0.0087260075515219,0,0,0
2015-04-01,2053.0,-0.0037678562,-0.0150609240983522,-0.013499721566114892,-0.01108932470674613,2029.9457531548987,2033.117384740461,2038.0239154669105,0.006840556069527797,0.0092904751622076,0.0083274324395826,0,0,0
2015-04-02,2059.5,0.003161097,-0.0113895766823469,-0.011940914748634832,-0.012169133040395798,2029.7498550637392,2028.6310851421624,2028.1681672464729,0.007506646173840497,0.0070257693740705,0.0073658675365324,0,0,0
2015-04-03,2059.5,0.0,-0.014390627298314,-0.010591957495788427,-0.011525348004676203,2030.0747348958935,2037.8009839319197,2035.8998072426825,0.007109521213572737,0.0088769961664039,0.0065337503456742,0,0,0
2015-04-06,2073.25,0.0066541894,-0.0159300038522097,-0.009146667907806189,-0.011944632123215636,2026.9520895265118,2040.7483258446168,2035.04636571631,0.00736816063461762,0.0098265753254157,0.0056422096319928,0,0,0
2015-04-07,2067.75,-0.0026563648,-0.0090742870391582,-0.009986981779681383,-0.01256946528183734,2054.5218352777065,2052.6475394644335,2047.3534499497284,0.00775359494812922,0.0055975608004867,0.0061605652856123,0,0,0
2015-04-08,2076.0,0.0039819055,-0.0079103828085111,-0.0090752281881309,-0.010956175686353242,2051.457829555845,2049.0695896167745,2045.2190197936034,0.006759778750210441,0.0048805750424035,0.0055992653290372,0,0,0
2015-04-09,2085.75,0.0046855374,-0.0104846612827497,-0.008748416223581499,-0.009745537305130326,2054.3475508255065,2057.9174998668186,2055.8665296463673,0.00601162795087636,0.0064675636498429,0.0053965442693341,0,0,0
2015-04-10,2095.5,0.004663686,-0.0056420399916139,-0.008812689926106444,-0.009805900990796965,2074.015250180343,2067.4496879133185,2065.3972934067774,0.006052589696366907,0.0034824900997656,0.0054395405678773,0,0,0
2015-04-13,2086.5,-0.0043041673,-0.0076806510583244,-0.00885030034523729,-0.008576974039502016,2079.4668470532933,2077.0360220219904,2077.603808196683,0.005290788517393265,0.0047378831086967,0.0054593924648024,0,0,0
2015-04-14,2091.0,0.0021543994,-0.0091485410102436,-0.00873719863257424,-0.008453887151086567,2067.498619165833,2068.3492439006754,2068.9353140054736,0.005214861192340066,0.0056433650731567,0.0053896245909696,0,0,0
2015-04-15,2099.75,0.0041758697,-0.0092082321829499,-0.008055937865716857,-0.008734430899117355,2071.8339645838014,2074.222703088033,2072.8158347634167,0.005387917288099677,0.0056801861442816,0.004969382367309,0,0,0
2015-04-16,2100.75,0.0004761338,-0.0086025962997101,-0.008156973013877352,-0.008886891780514845,2081.7641717489237,2082.692061068656,2081.1724197229933,0.005481964241831197,0.0053065938538061,0.0050317068653521,0,0,0
2015-04-17,2075.5,-0.012092335,-0.0162862899938229,-0.007403329566190873,-0.00881711402062854,2066.813674823808,2085.2548839123156,2082.3088659817818,0.005445048627074454,0.0100576720187044,0.0045719596452824,0,1,1
2015-04-20,2091.0,0.007440332,-0.0092286669189485,-0.01240421874162326,-0.01086937417838875,2056.4340139450455,2049.914058870467,2053.0627740949126,0.006716938121435678,0.0057030316208239,0.0076654247397146,0,0,0
2015-04-21,2091.0,0.0,-0.0098043714406729,-0.012447558113539446,-0.01051850926171949,2070.5992310951483,2065.133477488393,2069.121065741707,0.006496458117617574,0.0060553912012704,0.0076878802821913,0,0,0
2015-04-22,2100.25,0.0044139647,-0.0122256115385771,-0.01073148524477849,-0.010394993370198193,2065.5918776588537,2068.680439571724,2069.376650858894,0.0064255680807801755,0.0075571476068004,0.006633567390808,0,0,0
2015-04-23,2107.0,0.0032087495,-0.0142329771437153,-0.010120393169501342,-0.010744299609309527,2070.568915908286,2079.1018386032333,2077.805078147776,0.006638339577974209,0.0087938105712969,0.0062528604901849,0,0,0
2015-04-24,2111.75,0.0022518528,-0.0060468498469649,-0.009337697640960232,-0.011458286312886678,2094.29773043504,2087.417043225666,2082.9951804233538,0.007078519884052655,0.0037355277838958,0.005768495970333,0,0,0
2015-04-27,2104.75,-0.0033202923,-0.0097573242889431,-0.008561243138965797,-0.00918733025849374,2091.2451692549466,2093.7479646566976,2092.4375062978443,0.005683161939001236,0.0060357527666046,0.0052958726625642,0,0,0
2015-04-28,2112.0,0.0034386707,-0.0126003134395945,-0.008254170344542225,-0.009100342218013044,2078.3958740929515,2087.4485378062577,2085.6829446692227,0.005628492474057295,0.0077931980651389,0.0051051416035634,0,0,0
2015-04-29,2099.0,-0.006174325,-0.0105760021899469,-0.008071289009862929,-0.009860213969248658,2089.7811836011506,2095.022046764811,2091.2775598365615,0.006096562367403333,0.0065391336486097,0.0049904715037047,0,0,0
2015-04-30,2079.0,-0.009574032,-0.0147540756060517,-0.009054682444475775,-0.009777622054260313,2068.258533915532,2080.080008074783,2078.576779282714,0.00603784293498374,0.0091108851074275,0.0055914157984945,0,1,0
2015-05-01,2101.5,0.010764367,-0.0079905339764988,-0.01145063917847136,-0.0111796639003628,2062.453874090688,2055.329898671867,2055.886917728553,0.006896282665650897,0.0049290373523335,0.0070634363591693,0,0,0
2015-05-04,2109.25,0.0036810585,-0.0085264097395225,-0.013526920435568815,-0.010092874437330951,2083.657922456883,2073.264576405005,2080.396500996746,0.0062258861848698095,0.0052595974450535,0.0083442103224968,0,0,0
2015-05-05,2084.0,-0.01204331,-0.0111078464020674,-0.011967961617458354,-0.009871113510085175,2085.9504186282857,2084.1570323046667,2088.531778019062,0.006089090834659497,0.0068519813545382,0.0073825516564031,1,1,1
2015-05-06,2074.25,-0.004689481,-0.0170846844261277,-0.01458413027554551,-0.010222014923817854,2048.6979386236335,2053.827229118977,2062.805829012029,0.006305547729825956,0.0105388510876607,0.0089963603297211,0,0,0
2015-05-07,2084.25,0.004809436,-0.0166594789456527,-0.013027129085201152,-0.012559575589450627,2039.9803258462503,2047.4037221223743,2048.361216712394,0.007747494396736714,0.0102765590178388,0.0080359092450493,0,0,0
2015-05-08,2108.5,0.011567716,-0.0116105964896458,-0.011893841730701226,-0.013608330703843926,2060.1905567889694,2059.607100252636,2056.0789519401765,0.00839442902557368,0.0071621075573491,0.0073368300949341,0,0,0
2015-05-11,2097.75,-0.0051114527,-0.0076842420466908,-0.014257208280476951,-0.01210082047499508,2092.3598674068717,2078.6519568190724,2083.1391729008187,0.007464506914125916,0.0047400982442361,0.0087946953684392,0,0,0
2015-05-12,2095.0,-0.0013117885,-0.0118551536721167,-0.012926147896592593,-0.010312670449407957,2073.0276843583088,2070.8086721679083,2076.2277621803346,0.006361469458354146,0.0073129649957538,0.0079736180324722,0,0,0
2015-05-13,2094.5,-0.00023869197,-0.0081484653972697,-0.0111214103033104,-0.010528883678471252,2077.9983278336485,2071.8297272883183,2073.0577053327856,0.006494842657849457,0.0050264588606303,0.0068603483768257,0,0,0
2015-05-14,2117.5,0.010921286,-0.0099291907555988,-0.009649240321999559,-0.009427556098058567,2073.8062162399824,2074.386860461428,2074.8467702782345,0.00581547820023309,0.0061249163393503,0.0059522262352758,0,0,0
2015-05-15,2119.0,0.00070813176,-0.0050737487056125,-0.012698463259314981,-0.009281910989050976,2106.7835464015484,2090.7810081541866,2097.9364873281397,0.0057256356209268115,0.0031297904445275,0.0078331685850392,0,0,0
2015-05-18,2126.0,0.0032980007,-0.0083242746025128,-0.010946051925249358,-0.008275621906323631,2101.4340753411816,2095.93179916044,2101.5363182619876,0.005104896570120363,0.005134908451368,0.0067521768831496,0,0,0
2015-05-19,2124.5,-0.0007057993,-0.0067860434888797,-0.009959374975574966,-0.008392182397085675,2111.6217125616663,2104.9314577056552,2108.2328769685682,0.005176798024323826,0.0041860358681441,0.0061435357643038,0,0,0
2015-05-20,2122.5,-0.0009418414,-0.0069608571218854,-0.00882917950918579,-0.00801075932033711,2109.7630095917616,2105.824972036425,2107.5491271531614,0.004941513549235536,0.0042938713306196,0.0054463638749589,0,0,0
2015-05-21,2128.0,0.0025879322,-0.0084974460997466,-0.00796767104770979,-0.007777185630683809,2104.5405833065124,2105.655811787577,2106.0569467169626,0.004803595260061225,0.0052484656719939,0.004921248983373,0,0,0
2015-05-22,2124.5,-0.0016460909,-0.0038294777653626,-0.007603508924403698,-0.007995651704224116,2119.8664548702222,2111.881090801109,2111.05309423656,0.004939308268266502,0.0023656572208624,0.0046970623393093,0,0,0
2015-05-26,2105.0,-0.009221014,-0.014004452940829,-0.007128912287092268,-0.00699040087261177,2094.9549040554525,2109.4084828115,2109.700680200041,0.0043208452878215125,0.0086563096452708,0.0044064607487191,0,1,1
2015-05-27,2121.0,0.0075722085,-0.0101257983329073,-0.010487221788524797,-0.008902110405517763,2083.792745899509,2083.0397504078082,2086.344218710702,0.005500306514102678,0.0062563810146028,0.0064796920831839,0,0,0
2015-05-28,2121.75,0.00035354428,-0.0065801999029109,-0.011299248693759716,-0.009511411172798266,2107.089214075613,2097.1691822342927,2100.9219336413853,0.005868770574560779,0.0040601423767037,0.0069719095351728,0,0,0
2015-05-29,2106.0,-0.007450806,-0.0082007793682096,-0.009837069538089474,-0.008898564480924537,2104.4211485369583,2100.9805205988314,2102.9532269950873,0.0054945502679388915,0.0050636925283281,0.0060740440980237,0,0,0
2015-06-01,2109.25,0.0015420204,-0.0094508142516791,-0.010812141435573496,-0.008761655829371037,2086.1903413343725,2083.352285911228,2087.6285524993878,0.005404711246867608,0.0058298252148731,0.0066695729160777,0,0,0
2015-06-02,2106.75,-0.0011859584,-0.0118071233880978,-0.00957200712419501,-0.009064518724160722,2084.4922713903597,2089.156564645179,2090.2170564384733,0.005591535121898339,0.0072833370554098,0.005904584198093,0,0,0
2015-06-03,2116.0,0.0043810382,-0.0062609580003819,-0.008601270647663407,-0.009762659125515563,2093.6009325653204,2088.706980746852,2086.2825886288456,0.006022189709635786,0.0038621318595276,0.0053057761126547,0,0,0
2015-06-04,2099.0,-0.0080664735,-0.0110122065825127,-0.00865650737189631,-0.008493148451498702,2092.826003479467,2097.761883485574,2098.1045995942163,0.0052390799012275785,0.0067929850165786,0.0053398494146099,0,0,0
2015-06-05,2092.25,-0.003220999,-0.0100684291525754,-0.010458706012906022,-0.00913557944616546,2077.9724022837254,2077.161575972374,2079.9117426450316,0.005635369608313804,0.0062108068770284,0.0064515528932495,0,0,0
2015-06-08,2078.25,-0.0067138486,-0.0065749609530567,-0.009630738000202215,-0.009452953717913277,2078.5386630935373,2072.196806939388,2072.5652437116346,0.005831144965094165,0.0040558275858745,0.005940812901009,1,0,0
2015-06-09,2080.0,0.0008417003,-0.0088315433930543,-0.010316504821293902,-0.008551927658713076,2059.9766546353876,2056.919938874381,2060.552737057501,0.005275338417711248,0.0054478220593454,0.0063638347273467,0,0,0
2015-06-10,2107.0,0.012897241,-0.008682873469627,-0.009143895918750453,-0.00872564558618827,2062.017804722759,2061.0673873230016,2061.9296097430206,0.005382497983744454,0.005356113594317,0.005640499704016,0,0,0
2015-06-11,2109.25,0.0010672993,-0.0060544150524894,-0.013744759022214042,-0.008659480818766187,2094.2818867022106,2078.2379095472375,2088.8332447708867,0.005341683613767292,0.0037347238655165,0.0084785861393711,0,0,0
2015-06-12,2093.0,-0.0077339904,-0.0069796071332034,-0.011824381572307198,-0.008349213862287142,2094.5795203025464,2084.456297149183,2091.712733730161,0.005150292472427053,0.0043054374545376,0.0072939829314992,1,0,0
2015-06-15,2084.0,-0.0043093194,-0.0100895105931539,-0.012209418830294496,-0.008165216627239315,2071.9888287871495,2067.6010550837736,2075.97978304091,0.005036792017145312,0.0062238111653974,0.0075314968488721,0,0,0
2015-06-16,2089.0,0.0023963586,-0.0139559148604798,-0.01119523580306172,-0.008883025549020485,2055.117880405261,2060.7992398950005,2065.56975411957,0.005479579319934298,0.008608839638954,0.0069058883428529,0,0,0
2015-06-17,2089.25,0.000119667326,-0.0109733882292158,-0.010011477093170596,-0.01033442530097641,2066.201906921665,2068.1903657522744,2067.522555220165,0.006374889146736769,0.0067690395438581,0.0061756754541568,0,0,0
2015-06-18,2114.75,0.012131453,-0.0161507072396251,-0.008924712398957505,-0.010210746798776513,2055.7781594265352,2070.687002539768,2068.025739427983,0.006298596879058925,0.0099627183220611,0.0055052942522586,0,0,0
2015-06-19,2097.75,-0.0080712605,-0.0078269906253797,-0.013118932524768789,-0.011626715273836893,2098.2624795800143,2087.1879252423723,2090.304788010188,0.007172050583633187,0.0048281540710957,0.0080925390753,1,0,0
2015-06-22,2112.75,0.0071250745,-0.0094641448169854,-0.013199429698828088,-0.010287361723390879,2077.9902423043245,2070.2428351618933,2076.280309524867,0.006345857528507523,0.0058380483016549,0.0081421945274716,0,0,0
2015-06-23,2116.5,0.0017733645,-0.0049415174028034,-0.012853896791873346,-0.010055216405938386,2102.335561863027,2085.7667212130277,2091.6122917516213,0.006202656467820207,0.003048222299944,0.0079290492470874,0,0,0
2015-06-24,2099.5,-0.00806456,-0.0061949122364481,-0.011260374851693504,-0.008548042925737064,2103.428996912106,2092.801096306044,2098.485172600342,0.005272942082998333,0.003821390897991,0.0069460699883782,1,0,0
2015-06-25,2094.0,-0.0026231087,-0.0107645556982065,-0.01198340568197571,-0.007922187524118277,2077.021020488572,2074.490985631151,2082.9330770745432,0.0048868771891111785,0.0066402191985902,0.0073920784753994,0,0,0
2015-06-26,2095.75,0.0008353721,-0.0079249660264258,-0.010718956577111633,-0.008828964797799151,2077.470704702728,2071.6743724039966,2075.5935223512206,0.0054462314281852765,0.0048885911348496,0.006612090944362,0,0,0
2015-06-29,2050.5,-0.021827819,-0.0188564380350553,-0.00956314616546362,-0.008576494157321618,2056.6018770346295,2075.803563780744,2077.8526702467307,0.005290492497477843,0.0116317742569034,0.0058991182309007,1,1,1
2015-06-30,2054.5,0.0019488435,-0.0123454812399467,-0.02003532997187847,-0.011394834831111984,2025.3412089476694,2009.8263712519704,2027.2675077640756,0.007056677462992902,0.0076454007914068,0.0124076271022512,0,0,0
2015-07-01,2071.0,0.007999073,-0.00984364276159,-0.017004551821225497,-0.012593695140205476,2034.3754478981,2019.859506022125,2028.7884945868107,0.00780856249319501,0.0061034270568589,0.0105434587773137,0,0,0
2015-07-02,2068.75,-0.0010870222,-0.0091358101585461,-0.015940265654359922,-0.011758820839573069,2052.165900535987,2038.2494296940692,2046.79010093174,0.007285266130321584,0.0056601600814525,0.0098759117996948,0,0,0
2015-07-06,2064.5,-0.002056494,-0.0207416903519446,-0.013755032809077146,-0.010717457139371906,2026.2825736966504,2040.4890863546098,2046.6966495560653,0.006644999441376546,0.0128601886631808,0.0085283462433133,0,0,0
2015-07-07,2073.75,0.004470496,-0.023662641057086,-0.012103642016500646,-0.013394530472708206,2016.221923570747,2039.6626454988275,2037.0313672439527,0.00830728963446693,0.0146755732258152,0.0075066804370519,0,0,0
2015-07-08,2039.25,-0.016776469,-0.0122800064162669,-0.01129999320760992,-0.016122616004534886,2048.440057877858,2050.448540200574,2040.5838063909953,0.010003284614574786,0.0076191357045389,0.0070110860524551,1,1,1
2015-07-09,2041.25,0.0009802721,-0.0164934312676774,-0.016843653001504914,-0.013283068151941586,2005.8916235442966,2005.1892397042513,2012.3416118893306,0.008243646586375476,0.0102360401085146,0.0104533923171698,0,0,0
2015-07-10,2069.0,0.013503034,-0.0116551882387186,-0.014559744233187307,-0.014235393182597804,2017.5969551116013,2011.7452342206823,2012.3978517337866,0.008839290062907987,0.0072371439452596,0.00904069180725,0,0,0
2015-07-13,2094.5,0.012249462,-0.0135719088692707,-0.016660459911545217,-0.012739035625208492,2041.1094129141502,2034.8150675165737,2042.8101064651364,0.007895494698930744,0.0084116991022186,0.0103259443480205,0,0,0
2015-07-14,2102.0,0.0035744112,-0.0072132166994241,-0.01745473147269622,-0.012917514431995987,2079.446275781521,2058.2582798127332,2067.618262433076,0.007997191207437727,0.0044656790181781,0.0108061675329643,0,0,0
2015-07-15,2104.25,0.0010698367,-0.0068825051666688,-0.01531306876871612,-0.011065900457815478,2087.5826448115654,2070.0571253543685,2078.867703138225,0.006847870547320303,0.0042590754003506,0.0094761301179355,0,0,0
2015-07-16,2117.0,0.0060408833,-0.0058670943991044,-0.013337937331726177,-0.009782256241786132,2091.940312969734,2076.36998960669,2083.7660403210134,0.006054436507505764,0.0036312635495259,0.0082551195470711,0,0,0
2015-07-17,2118.75,0.0008263,-0.0038188039207577,-0.012712903506858959,-0.008668325105168044,2108.9310088532857,2090.2571331948043,2098.728461978156,0.005373430505725149,0.0023672482554845,0.0078806346890899,0,0,0
2015-07-20,2122.0,0.001532748,-0.0048754488066251,-0.011249475122875625,-0.007581764308886012,2108.4452833122214,2095.0487379129186,2102.7468794736415,0.004713435470700016,0.0030309717375144,0.0069935799783138,0,0,0
2015-07-21,2114.5,-0.0035406624,-0.0092812030863258,-0.010128723759778106,-0.007089972377845138,2102.396400268149,2100.615330708377,2107.008286830217,0.00440650027149549,0.0057683756353546,0.0062951195884532,0,0,0
2015-07-22,2108.0,-0.0030787473,-0.005265125768745,-0.009626600917299801,-0.007732402794340594,2103.39614879985,2094.2422156062216,2098.2128847098006,0.004803917757627216,0.0032710700476089,0.005980728154262,0,0,0
2015-07-23,2098.5,-0.004516827,-0.01091941509811,-0.00913854239972931,-0.007321656603684538,2085.1070890385936,2088.8237077567915,2092.6223116516308,0.004542972186820443,0.0067753244616931,0.0056703211031718,0,0,0
2015-07-24,2077.5,-0.010057556,-0.0149699639982239,-0.009163705219825458,-0.008365986033577686,2067.3194983366325,2079.3578052639996,2081.017210662097,0.005176848177540044,0.0092633708125979,0.0056704745234293,0,1,1
2015-07-27,2064.5,-0.006277181,-0.011652738682495,-0.011626462152556935,-0.010235935554248492,2053.431937152781,2053.4858949274617,2056.3433078775483,0.006315501460729917,0.0071896591943915,0.0071734467571084,0,0,0
2015-07-28,2087.25,0.010959344,-0.0109248589844319,-0.011454642362554474,-0.010840211290203235,2042.0683828591057,2040.9868154963797,2042.2412465553252,0.0066868880745328775,0.0067391038147911,0.0070659057615812,0,0,0
2015-07-29,2101.5,0.006803965,-0.0086420560599807,-0.013380757040078529,-0.010869208893667881,2069.2895877148953,2059.507039708218,2064.6860917932486,0.006704775523735368,0.0053309349845566,0.0082540480332137,0,0,0
2015-07-30,2103.75,0.001070091,-0.008790844075596,-0.012917963151958102,-0.01029197119409355,2083.107004601563,2074.527490460988,2079.982342030839,0.006348700924622824,0.0054227162958812,0.0079685691944169,0,0,0
2015-07-31,2098.5,-0.0024986628,-0.0074729211932926,-0.011417640088472672,-0.009855238660654844,2088.08743747632,2079.8667443287627,2083.1188710018882,0.006079298281867042,0.0046097429534895,0.0070430805547043,0,0,0
2015-08-03,2091.0,-0.0035803833,-0.0117565379403025,-0.010346738073629787,-0.009043892462973154,2073.9733618060577,2076.899311191922,2079.606953780418,0.005578811615292708,0.0072521329378376,0.0063824843983805,0,0,0
2015-08-04,2083.0,-0.003833258,-0.0072390697446112,-0.009745925926402853,-0.009669913366127048,2075.917761715682,2070.720251868583,2070.8776585989112,0.005964978600385633,0.0044654894494261,0.0060118676756274,0,0,0
2015-08-05,2093.75,0.0051475544,-0.0124094479030573,-0.009377328755378925,-0.008811637582058992,2057.3108438053314,2063.558322170471,2064.7259891372632,0.005435542969335545,0.007654886696672,0.0057844949832285,0,0,0
2015-08-06,2079.5,-0.006829236,-0.0144806718044411,-0.009506857312074379,-0.009736449753153287,2063.6495567076568,2073.939335291816,2073.4632291544535,0.006006022207471997,0.008932540981729,0.0058643959130066,0,0,0
2015-08-07,2073.5,-0.0028894795,-0.0110358917384103,-0.010275886006339406,-0.010998736321298434,2056.6770306746607,2058.2407111347825,2056.7534487872645,0.006784675757038978,0.0068075954316595,0.0063387786226224,0,0,0
2015-08-10,2099.75,0.0125802895,-0.0091099843406056,-0.009545060518760941,-0.010821537007601566,2054.696228547904,2053.8024736053576,2051.1825155482534,0.006675368664598275,0.0056195810225055,0.0058879619266536,0,0,0
2015-08-11,2079.75,-0.009570596,-0.0136991969489579,-0.013450306456973815,-0.010034855091749815,2071.181242509544,2071.6968039844937,2078.784680921285,0.006190096396306433,0.0084504807384567,0.0082969502566093,0,0,0
2015-08-12,2084.25,0.002161384,-0.0214352269563497,-0.014117143162481922,-0.011395134034760607,2035.6444813850799,2050.596140293617,2056.1854853778245,0.00702919748009043,0.0132225248818589,0.0087082948599892,0,0,0
2015-08-13,2080.5,-0.0018008288,-0.0108133986163334,-0.012385811297814282,-0.0148308969035634,2061.833591144191,2058.5940854457617,2053.566795261405,0.009148580685755745,0.0066703484200606,0.007640306230527,0,0,0
2015-08-14,2089.5,0.0043165535,-0.0077774958677706,-0.010995135307090948,-0.012627956270657825,2064.381681175059,2057.749920289252,2054.3927246771987,0.007789675674338387,0.0047976227562027,0.0067824544369636,0,0,0
2015-08-17,2099.25,0.004655335,-0.0133386466119175,-0.010419700156251254,-0.010302145419032105,2061.813955575097,2067.8410722490157,2068.084171051303,0.006354976992642893,0.0082280718126083,0.0064274917572883,0,0,0
2015-08-18,2094.0,-0.0025040256,-0.007091246750381,-0.010140476290215472,-0.010812159574988146,2084.4163569309253,2078.070173404323,2076.674837068769,0.00666958410554922,0.004374303420778,0.0062552498433685,0,0,0
2015-08-19,2072.75,-0.010199885,-0.0142265870783987,-0.009402040475621968,-0.009280266958954638,2064.4204336923412,2074.4043909502006,2074.6570138489537,0.005724621485228617,0.0087758063868941,0.0057997386443501,0,1,1
2015-08-20,2025.5,-0.023059644,-0.0181338400262052,-0.012049741190187382,-0.010528238150212922,2035.501829970463,2047.9237741351137,2051.042068028352,0.006494444457565639,0.0111860327599246,0.0074329981684666,1,1,1
2015-08-21,1971.5,-0.02702191,-0.0222131863725478,-0.02252505865595876,-0.012914237357058045,1981.003228184062,1980.3855045142964,1999.510391426131,0.007966270902177166,0.0137024165927656,0.0138947979953867,1,1,1
2015-08-24,1871.25,-0.052188016,-0.0642693392033234,-0.030655742679441617,-0.017448733407100046,1848.7788408901436,1911.979191868648,1937.3982038727418,0.010763418185500442,0.0396451569412863,0.0189102882454299,0,1,1
2015-08-25,1872.75,0.0008012821,-0.0532839228025467,-0.05670921388040864,-0.03649716453420071,1774.1523045471579,1768.0857123411192,1804.1859489037972,0.022513625218594374,0.0328686977046921,0.0349816212859011,0,0,0
2015-08-26,1938.0,0.034248576,-0.0453106784933165,-0.043111052193839906,-0.051327533631927824,1789.7881490323111,1793.729347107807,1779.0515855751757,0.03166188032226894,0.0279503256490742,0.0265934651159505,0,0,0
2015-08-27,1989.25,0.02610117,-0.0213308101421421,-0.046601550557410776,-0.041184144881577914,1897.0986700386434,1849.7582648635769,1859.8063484846987,0.02540483389999444,0.0131581143707523,0.0287466124353789,0,0,0
2015-08-28,1989.75,0.00025131943,-0.014743604729186,-0.04340164339302962,-0.01989545722304688,1960.1364311437453,1904.7600447475065,1950.0640653321482,0.012272703186367223,0.0090947336726102,0.026772719078111,0,0,0
2015-08-31,1969.25,-0.010356243,-0.0141081916590021,-0.032994288609167165,-0.016815933589976732,1961.8753186688311,1925.170844313989,1956.570252221896,0.010373069562451681,0.0087027730394023,0.0203528426819252,0,0,0
2015-09-01,1916.0,-0.02741308,-0.0307076376893172,-0.02660773966364904,-0.017645560841503538,1909.6980143957053,1917.543653685182,1934.8062625574291,0.010884833072038963,0.0189423001789037,0.0164132388459925,0,1,1
2015-09-02,1947.0,0.016050046,-0.0176163971690747,-0.03358912477411832,-0.022288677644907207,1882.5425481578907,1852.712080015257,1873.7672975450503,0.01374898410656747,0.0108668431816066,0.0207197730628217,0,0,0
2015-09-03,1946.0,-0.0005137426,-0.0184279204856115,-0.030027264706395752,-0.021829095058911833,1911.449406609918,1889.405939018491,1904.9592767787635,0.013465486190218479,0.0113674391056417,0.0185226055932601,0,0,0
2015-09-04,1921.75,-0.012539755,-0.0207879072531621,-0.023274641142398127,-0.020209415803287174,1905.9643033913665,1901.230565578961,1907.067206423875,0.012466371541153204,0.0128232195281369,0.0143571851256062,0,0,0
2015-09-08,1965.75,0.022637622,-0.0182125199441634,-0.021626088655975307,-0.018932740719585502,1887.0668819687269,1880.6362314813944,1885.708266505991,0.01167884229806795,0.0112345672202792,0.013340259747808,0,0,0
2015-09-09,1942.75,-0.011769357,-0.0306267455096971,-0.027332008633641675,-0.017689815807448314,1906.4580690227222,1912.7497056775721,1931.2820096102666,0.010912132171299365,0.0188924010637718,0.016860011091343,0,0,0
2015-09-10,1949.5,0.0034684343,-0.0226096215176646,-0.024154060536658663,-0.02060160096064528,1899.3179985234758,1896.3868817452699,1903.135699837393,0.012708294708657954,0.0139469614058914,0.0148996633949466,0,0,0
2015-09-11,1960.25,0.005499087,-0.0137714814936699,-0.019474999284505738,-0.021137233886978926,1922.8365160669,1911.900799460747,1908.7254116462773,0.0130387050052418,0.0084950701516211,0.0120133396832209,0,0,0
2015-09-14,1954.0,-0.0031934625,-0.0154322702496719,-0.016532561864322868,-0.01785152338247363,1930.2311177545726,1928.108468622037,1925.567044138086,0.011011883036485513,0.0095195435894096,0.0101982690016317,0,0,0
2015-09-15,1970.0,0.008154989,-0.0174414278063426,-0.013899624356716515,-0.015898826129648675,1920.2149363968933,1927.0280184592716,1923.1793490435034,0.009807343048885003,0.010758911655759,0.0085741163030109,0,0,0
2015-09-16,1988.0,0.009095565,-0.0122583700448174,-0.01400353627890772,-0.01526101819271018,1945.9984216803446,1942.6052925915692,1940.1640368096632,0.00941390511920084,0.0075616928740107,0.0086382153666454,0,0,0
2015-09-17,1977.25,-0.0054221177,-0.022387859963396,-0.014475095175102879,-0.014292644861233128,1943.9874461409795,1959.430780712804,1959.7883120886154,0.008816554762404597,0.0138101656688961,0.0089291009845537,0,0,0
2015-09-18,1950.5,-0.013621241,-0.0204194317901141,-0.013227107577727758,-0.015587912199483047,1937.2850974090582,1951.268907688804,1946.667776356297,0.009615552815634696,0.0125959219124677,0.0081592678919465,0,1,0
2015-09-21,1963.0,0.0063881655,-0.0164341226511744,-0.016572815777351597,-0.016492201602052777,1918.7072026818564,1918.4411096347626,1918.5957694164767,0.010173372387605108,0.0101375458309437,0.010223100013111,0,0,0
2015-09-22,1932.0,-0.01591818,-0.0223655504240394,-0.014952512161047952,-0.016570949689684703,1919.5837484824424,1933.8665704045704,1930.739259532915,0.01022194889907533,0.013796403816043,0.0092236002211858,0,1,0
2015-09-23,1928.5,-0.0018132371,-0.0185689761347313,-0.018870604028361625,-0.017859718960674998,1896.455769411184,1895.8838317126113,1897.8013213857087,0.011016938557330217,0.0114544506326954,0.0116405126854421,0,0,0
2015-09-24,1918.75,-0.005068566,-0.0223102267882126,-0.0156314781749966,-0.018143020007643514,1885.951129972505,1898.5890793327887,1893.8266764274717,0.011191695519326752,0.0137622769018394,0.009642426904554,0,0,0
2015-09-25,1919.25,0.00026055236,-0.0239895006613038,-0.013965892931879706,-0.01870281008730411,1873.2678735686113,1892.139197274318,1883.1974854441726,0.011537007387122832,0.0147981530610058,0.0086149947077866,0,0,0
2015-09-28,1872.0,-0.024927106,-0.0286359494496511,-0.012022860467939506,-0.01929626823820435,1865.0699055766206,1896.313283805721,1882.5706624616862,0.011903087726864508,0.0176643594623337,0.0074164165377011,0,1,1
2015-09-29,1874.5,0.0013345792,-0.0175482766408827,-0.023909085518391843,-0.02107821069147524,1839.4361812215086,1827.7730121492552,1832.9545394259,0.013002295982246916,0.010824822381882,0.0147485482105325,0,0,0
2015-09-30,1908.75,0.01810662,-0.0155923137084817,-0.019767909168873738,-0.019684380756913394,1845.4988926955925,1837.8089022150598,1837.9624178855192,0.012142498648243677,0.0096182679285827,0.0121940239485233,0,0,0
2015-10-01,1916.75,0.004182466,-0.0223265553795974,-0.022737765122970488,-0.017197922696429644,1866.6063987560833,1865.8389898117032,1876.2041279157681,0.010608703198379968,0.0137723493496988,0.014026008015151,0,0,0
2015-10-02,1943.0,0.013602127,-0.0337726945887073,-0.019171769746265277,-0.018838268107061684,1853.0971026439709,1880.3525271610747,1880.9797323923367,0.011620565962935406,0.020833009859703,0.0118262896406688,0,0,0
2015-10-05,1974.75,0.016208638,-0.01801000625045,-0.01982665369315797,-0.023878937810188287,1908.3197906508788,1904.8561934034142,1897.1527936293962,0.01472995130821538,0.0111096447102682,0.0122302610705096,0,0,0
2015-10-06,1968.5,-0.0031699766,-0.0112454314933523,-0.021587160397912235,-0.019728470944037194,1952.6674806000212,1932.57758405993,1936.172985966927,0.012169696102111435,0.0069368520347784,0.0133162464792807,0,0,0
2015-10-07,1987.25,0.009479942,-0.0117797132256879,-0.018140956368282817,-0.015082824063017353,1945.4476759626543,1933.1114886172875,1939.0322479286388,0.0093039843649927,0.0072664288344137,0.0111904225436382,0,0,0
2015-10-08,2006.5,0.009640138,-0.0195820310214961,-0.01729301465039032,-0.01322018161580005,1948.7141453950119,1953.1798931113499,1961.151090361426,0.008154995546050354,0.0120793632344707,0.0106673615802049,0,0,0
2015-10-09,2007.5,0.0004982561,-0.0085335775535595,-0.01679615522656791,-0.014692607578941481,1989.4502278814446,1973.0799642676193,1977.234800400855,0.009063275592442183,0.0052640189797378,0.0103608690897052,0,0,0
2015-10-12,2011.0,0.001741944,-0.006370772749599,-0.014389445508354182,-0.012535864133925862,1994.7513262756602,1978.8200274550354,1982.4913328818066,0.007732867758479057,0.0039298721385027,0.0088762671679576,0,0,0
2015-10-13,1994.0,-0.008489439,-0.0099302757835382,-0.01260037352446773,-0.01058746515110045,1991.129040742026,1985.8196230749236,1989.8209217950189,0.006540266739204388,0.0061342966887075,0.0077837142968128,0,0,0
2015-10-14,1984.0,-0.0050276625,-0.0104032049615708,-0.013212173841056987,-0.010196777168328057,1973.3635380956969,1967.8281992661541,1973.7709372239365,0.006290482567568547,0.0064178297100449,0.0081507076064193,0,0,0
2015-10-15,2019.0,0.01748733,-0.0104805242733735,-0.01240517873592455,-0.010263786354936247,1963.3152228329295,1959.540153445312,1963.7407938045799,0.0063417669750204225,0.0064756845494757,0.0076648860475234,0,0,0
2015-10-16,2025.5,0.0032142443,-0.0072330271628366,-0.018137469987273214,-0.01034814704047927,2004.4492047442843,1982.7105424028907,1998.21482065129,0.006387207773462192,0.0044644560170449,0.0111950273648492,0,0,0
2015-10-19,2027.5,0.0009869233,-0.007635896814114,-0.015615383962410145,-0.010240341219567323,2010.0923913221316,1994.116708563487,2004.8640288841475,0.006332187042297665,0.0047217105197884,0.0096558825401576,0,0,0
2015-10-20,2020.5,-0.0034585015,-0.0066996243701268,-0.013572504432490227,-0.009857232050760225,2013.9619122787924,2000.1676510563173,2007.6126402066518,0.0061037934396900115,0.0041485401853366,0.0084043637289444,0,0,0
2015-10-21,2008.5,-0.005956831,-0.0140270729270925,-0.012417906613364416,-0.009150866295381978,1992.3561485402122,1995.5647618432429,2002.0950138672397,0.005670672115914007,0.0086923935666831,0.0076952142559406,0,0,0
2015-10-22,2053.0,0.021913962,-0.0164684127318213,-0.01212942963503381,-0.010298664249624667,1975.6940652988258,1984.2851933536886,1987.921281396934,0.006381624902368131,0.0102047440565603,0.0075160689128471,0,0,0
2015-10-23,2066.0,0.0063122325,-0.0102076688872938,-0.020502531250587836,-0.011909933100273674,2032.1502504830485,2011.3368626581255,2028.6939364507105,0.007419743019841901,0.0063592531828424,0.0127728268374693,0,0,0
2015-10-26,2062.25,-0.001816751,-0.0054812054048811,-0.018207691936784186,-0.012216984737736938,2054.7068080598756,2028.7232996224782,2040.9132636944835,0.007617640104987693,0.0034176886533159,0.0113530177285464,0,0,0
2015-10-27,2060.5,-0.00084894797,-0.0072710060578875,-0.01577039736611988,-0.010437021075746058,2047.3097489063475,2029.9826016325007,2040.838185434396,0.006508041565835443,0.0045338616552319,0.0098336872967475,0,0,0
2015-10-28,2084.5,0.011580346,-0.0121463417991002,-0.013893381525126132,-0.009468653092353547,2035.623845697693,2032.070634676162,2041.0819169271429,0.005923816354092924,0.0075990425977289,0.008692032529807,0,0,0
2015-10-29,2083.0,-0.00071985606,-0.0071517663086179,-0.015334570096511785,-0.009998044081314215,2069.645325026912,2052.778924755686,2063.7629149986415,0.006241923112616746,0.0044649508498594,0.0095735932677421,0,0,0
2015-10-30,2073.75,-0.0044505997,-0.0125068284962647,-0.013507996185484341,-0.009350897232425274,2057.110511409352,2055.05202944693,2063.612865880463,0.005852108202233172,0.0078271968782969,0.0084537615276844,0,0,0
2015-11-02,2095.5,0.010433625,-0.0161001311002209,-0.012662121522714648,-0.010165009257071395,2040.6296892384605,2047.6574675164125,2052.777087567084,0.006388694734699268,0.0101189108820923,0.0079581264567973,0,0,0
2015-11-03,2103.0,0.0035727082,-0.0104532661323325,-0.01409907522522766,-0.011735400583637968,2073.709271386191,2066.1626883281656,2071.052201012078,0.007351009031351874,0.0065478850251637,0.0088316055830988,0,0,0
2015-11-04,2094.75,-0.0039306823,-0.0096768142355543,-0.01285723412210049,-0.011298236354983287,2082.7478060575627,2076.134315928938,2079.37352899861,0.0070771113184448075,0.0060614674185607,0.0080536531782926,0,0,0
2015-11-05,2094.0,-0.00035810206,-0.011142554081073,-0.012048436436372078,-0.01061269206587834,2071.5386916205534,2069.6629709908775,2072.63661213375,0.006659089959873593,0.0069915596860843,0.0075599689134088,0,0,0
2015-11-06,2093.75,-0.00011939586,-0.0115758647632327,-0.011047918886783015,-0.010577274159194147,2069.8998980646816,2070.992981699638,2071.967913032498,0.006646667835094488,0.0072741735561711,0.0069424169218195,0,0,0
2015-11-09,2073.0,-0.009959883,-0.0171085903219594,-0.010330928449077915,-0.010636022000615405,2058.233573322309,2072.2309657513993,2071.598837880424,0.006683367392344556,0.0107505413847535,0.006491655463407,0,0,0
2015-11-10,2078.0,0.0024090593,-0.007405647024742,-0.012675659838630208,-0.012293471814222218,2057.704799051013,2046.8891926169038,2047.6716386648425,0.007701930458581714,0.0046396802504056,0.0079413734434908,0,0,0
2015-11-11,2069.0,-0.004340494,-0.0099696757287042,-0.011757119286048038,-0.010661030511184083,2057.3859423143094,2053.7117657366116,2055.964050276249,0.006677561019745706,0.0062445293591141,0.0073640987488643,0,0,0
2015-11-12,2040.5,-0.013870523,-0.0158779324021118,-0.011481573924693159,-0.010395059281726585,2036.4079894548481,2045.3804776684226,2047.6040212454316,0.006502321125491476,0.0099319698415638,0.0071819581457956,0,1,1
2015-11-13,2018.5,-0.010840215,-0.0159690804605372,-0.015151737618913709,-0.011924518736108369,2008.1738874246544,2009.8159249386667,2016.312518168295,0.007437614380808059,0.0099603065842751,0.0094505098362939,0,0,0
2015-11-16,2048.0,0.0145090455,-0.0212246074352744,-0.015824808881363426,-0.01342820403657522,1976.109581228979,1986.8090363414674,1991.5763428967887,0.00835278925867733,0.0132024113218806,0.0098435571342857,0,0,0
2015-11-17,2049.0,0.00048816207,-0.0122051079870822,-0.017912400836847787,-0.016178598597163016,2023.1558599559733,2011.642004707918,2015.1328194378536,0.010034217152140016,0.007569796801138,0.0111095481251771,0,0,0
2015-11-18,2079.75,0.014895825,-0.0162533526629455,-0.015369210872387084,-0.014433357879951706,2015.966063717181,2017.7492517418268,2019.6384522861615,0.008959966420875884,0.0100897861258556,0.0095409269608168,0,0,0
2015-11-19,2079.25,-0.00024044242,-0.007662844123351,-0.01774046020568726,-0.014339893020006723,2063.874104874181,2043.1796246574422,2050.1394211644742,0.00887926863906595,0.0047448367582375,0.0109849014722205,0,0,0
2015-11-20,2088.75,0.0045585493,-0.0087744669587118,-0.015314440126336003,-0.011629211383889088,2061.0854980294703,2047.6500358448598,2055.210016183897,0.007203878857453417,0.0054354671974454,0.0094867457300405,0,0,0
2015-11-23,2084.25,-0.0021567226,-0.007625604512988,-0.014065570650952057,-0.010391007457244385,2072.882594742587,2059.576193399685,2067.1581579472854,0.006438488108741492,0.004724985924691,0.0087153252224529,0,0,0
2015-11-24,2084.75,0.00023986568,-0.0142485054270112,-0.012875653005337275,-0.00939359951933938,2054.7631233913344,2057.5859471381036,2064.763059751382,0.005821290824640833,0.0088299159162939,0.0079791479876183,0,0,0
2015-11-25,2088.0,0.0015577261,-0.005262529314213,-0.011934984496717491,-0.010567653244191306,2073.8077591967417,2060.0164320402423,2062.835083464435,0.006548981012142217,0.0032612921486202,0.0073963428817252,0,0,0
2015-11-27,2090.0,0.00095739594,-0.0091408519532828,-0.011331115187345763,-0.008926679794982812,2069.0008675395443,2064.4741701472058,2069.444037376496,0.005532679986427377,0.005665422063111,0.0070229285311843,0,0,0
2015-11-30,2079.75,-0.004916372,-0.0077031319239504,-0.010864427099556777,-0.008968693768962263,2073.9623038276086,2067.4162492591477,2071.339236444992,0.005560707655610056,0.0047760427287553,0.0067360871608077,0,0,0
2015-12-01,2100.0,0.0096896505,-0.0069254763713501,-0.011200153830422745,-0.008672709956320013,2065.396500296971,2056.5864399317506,2061.79092097728,0.005379621653433905,0.0042958248154615,0.0069473775061537,0,0,0
2015-12-02,2081.5,-0.008848557,-0.013919252892251,-0.013077997704579063,-0.008391090809668095,2070.9720612048955,2072.715010224568,2082.452433870951,0.005199249851329315,0.0086245847139763,0.0081033299678838,0,0,1
2015-12-03,2051.25,-0.014639424,-0.0262987282680272,-0.013726048458507712,-0.010209917845672725,2027.4727351285735,2053.1244179464275,2060.3561780201935,0.0063138861883302215,0.0162633215753565,0.0084882864967669,0,1,1
2015-12-04,2088.5,0.017996741,-0.0190247845300464,-0.01667345970999034,-0.015314118023228115,2012.5942849788823,2017.3321157805867,2020.076224089471,0.009446660257818018,0.0117356204034045,0.0102851831861156,0,0,0
2015-12-07,2081.0,-0.0035975575,-0.016197971446777,-0.020197595645346178,-0.016762253275471907,2054.943047615248,2046.740462239527,2053.7838076942467,0.010339956346731993,0.0099918737005583,0.0124590801636091,0,0,0
2015-12-08,2058.75,-0.010749545,-0.0139150791115788,-0.017091278107243046,-0.016483705374774536,2052.243260532231,2045.7352683595525,2046.9785789890284,0.010168131408500139,0.0085836497164487,0.0105429184629579,0,0,0
2015-12-09,2042.0,-0.008169283,-0.0238545126115099,-0.016882683794414877,-0.014484607562304254,2010.2206454423736,2024.2845281923298,2029.1447420589316,0.008934968791631841,0.0147148843906629,0.0104142450648548,0,0,0
2015-12-10,2049.25,0.0035441527,-0.0128519777015451,-0.01586029229328035,-0.017018972896845515,2015.9241833585934,2009.8687620948115,2007.5413147888764,0.010498316301967662,0.0079278654378528,0.0097835730831547,0,0,0
2015-12-11,2009.75,-0.019463535,-0.0205681236539853,-0.014003649161378858,-0.014235105831460867,2007.531281225625,2020.753018513344,2020.2853558725271,0.008781061261244519,0.0126876439116689,0.008638284999278,0,1,1
2015-12-14,2018.5,0.004344325,-0.0198447956768485,-0.019653595500760804,-0.015454517094929881,1970.2600528272221,1970.636802912455,1978.9290590899614,0.009533266768807936,0.0122414521267668,0.0121235084683729,0,0,0
2015-12-15,2037.0,0.009123476,-0.0163033970245002,-0.0168082672896902,-0.016998109007252956,1985.858400593641,1984.8560527853963,1984.4792800679422,0.010485446212006321,0.0100569064770933,0.0103683405317539,0,0,0
2015-12-16,2063.75,0.013046579,-0.0167122515885717,-0.01606704354168607,-0.01602766582251588,2003.2400318128446,2004.5329554587308,2004.611890948658,0.00988681904641826,0.0103091123276544,0.0099111095693308,0,0,0
2015-12-17,2024.75,-0.01907848,-0.0216189063108398,-0.01706606100799909,-0.015456570181222158,2019.612800141637,2028.8287482660674,2032.0967587364687,0.009542557341373143,0.013347052464433,0.0105362227098772,0,1,1
2015-12-18,1992.0,-0.016307076,-0.0151784654516226,-0.021127709949443397,-0.01717370599145862,1994.2494633199517,1982.420407534832,1990.274422843857,0.01059376489216618,0.0093629816708362,0.0130328300732295,1,0,0
2015-12-21,2015.0,0.011480036,-0.0105967893102362,-0.021872521019912695,-0.01636284444587057,1971.0026444561822,1948.9029765507187,1959.6704369994466,0.010093577187873898,0.0065367308966565,0.0134922739098457,0,0,0
2015-12-22,2036.0,0.010367903,-0.0136298645873932,-0.02041152900340456,-0.014184681199555823,1987.722141902416,1974.2876828687602,1986.619626512933,0.008749956344493192,0.008407712407719,0.0125910470028568,0,0,0
2015-12-23,2053.0,0.00831504,-0.0118939604499029,-0.019118611470592593,-0.013766787799811178,2011.9273399458023,1997.4442476754512,2008.1628735956092,0.008492174801645972,0.0073369033280098,0.0117934984495986,0,0,0
2015-12-24,2051.25,-0.0008527746,-0.0059529132672655,-0.01766553361694631,-0.012932373145363609,2040.8149732495635,2017.0511224160207,2026.620778551284,0.007977458136751858,0.0036721115179352,0.0108971534697091,0,0,0
2015-12-28,2048.75,-0.0012195123,-0.0107209200249673,-0.01547643594080947,-0.010697236031723996,2029.3761760682519,2019.748356133563,2029.424240369069,0.0065986924180753215,0.0066133021159618,0.0095467876186508,0,0,0
2015-12-29,2072.75,0.011646377,-0.0099557765121297,-0.01376732887474394,-0.01044941287671222,2028.454300234238,2020.7374563734293,2027.453228530775,0.006445820333253598,0.0061413160176905,0.0084925085688963,0,0,0
2015-12-30,2054.5,-0.008843719,-0.0083374532009607,-0.015188215860487606,-0.010146029772293848,2055.5403857454935,2041.5064927483575,2051.826143320745,0.006258675561935036,0.005143037795939,0.0093689963038554,1,0,0
2015-12-31,2035.5,-0.00929102,-0.0119666866963163,-0.015053196614864803,-0.009838787952608037,2030.060960985682,2023.8048174854418,2034.3853244262712,0.006069150505176082,0.0073817652090957,0.0092857083900669,0,0,0
2016-01-04,2009.0,-0.013104403,-0.0330752183658958,-0.015065390201902014,-0.010540022726769491,1969.2766067040927,2005.0642372199368,2014.1584515154034,0.006501713886392249,0.0204027649768562,0.0092932301209227,0,0,1
2016-01-05,2011.75,0.0013679042,-0.0140856583413768,-0.016547897459218516,-0.01681206215494066,1980.90027852431,1976.0288281689432,1975.5069000553376,0.010370681430700279,0.0086888731467827,0.0102077289101038,0,0,0
2016-01-06,1986.0,-0.0128824245,-0.0212034938432424,-0.014656870964802175,-0.015584870440264888,1969.542921332217,1982.4790739356486,1980.6401877695873,0.009613676477351521,0.0130795780933667,0.0090412311200131,0,0,0
2016-01-07,1933.0,-0.027049365,-0.0233398195098621,-0.016139021622828948,-0.016647964997925483,1940.183868406237,1954.2051619714903,1953.2108352501868,0.01026945652899553,0.0143973910253294,0.0099555099375097,1,1,1
2016-01-08,1911.5,-0.011184926,-0.0296331941778781,-0.02490675612612549,-0.018329321255328553,1876.5594230443692,1885.449858403369,1897.8921563943106,0.011306617226853019,0.0182795194165127,0.0153639708725608,0,0,0
2016-01-11,1914.25,0.0014376269,-0.0217386827707244,-0.022691742181486958,-0.023423319166637258,1870.3949118604262,1868.6131635786858,1867.246629117591,0.014448898587697871,0.0134097145050099,0.0139976183232601,0,0,0
2016-01-12,1925.0,0.005600067,-0.0238820411326806,-0.01939551476919819,-0.021839149457848112,1869.0753809160242,1877.4798762850833,1872.8976023141618,0.013471688342422315,0.0147318656223933,0.0119643088992914,0,0,0
2016-01-13,1881.5,-0.022856636,-0.0348528058344107,-0.01735367786950054,-0.020536392488556182,1859.0640495389978,1891.8823576607233,1885.8706079400777,0.012668070238608633,0.0214992868182149,0.0107047822674564,0,1,1
2016-01-14,1914.5,0.017387161,-0.0299478772638676,-0.02276192645163197,-0.024540092882460077,1825.9884444050258,1839.1571657752115,1835.8897441127026,0.015137791141760568,0.0184736346896035,0.0140409121619583,0,0,0
2016-01-15,1875.0,-0.020847833,-0.0385305145022271,-0.023513016517573572,-0.026105461616861073,1842.1363859918802,1870.0094333344314,1865.1678150697508,0.016103403826060597,0.0237679166054085,0.0145042292570212,0,0,0
2016-01-19,1873.0,-0.001067236,-0.0311706170390366,-0.02567265557875066,-0.030927274980818733,1817.4565840018654,1827.4764093236026,1817.8989014427736,0.01907778554408219,0.0192278934214627,0.0158364232795244,0,0,0
2016-01-20,1855.0,-0.009656727,-0.0453327920924293,-0.021877691431116838,-0.029339141329585244,1789.9874906588875,1832.4680730927205,1818.8460874547488,0.018098130102975146,0.0279639666343128,0.0134954633274775,0,0,0
2016-01-21,1861.0,0.0032292816,-0.0287721447862415,-0.020157214118826414,-0.03399422859161898,1802.3881783445645,1817.9827039671238,1793.0004892107638,0.02096966522946618,0.0177483728590907,0.0124341704325266,0,0,0
2016-01-22,1899.25,0.020345094,-0.0180897447684555,-0.01758205601437979,-0.02699479893139796,1827.637652940584,1828.5657595982289,1811.4346918483907,0.016652000059437365,0.0111588321781927,0.0108456595116903,0,0,0
2016-01-25,1870.25,-0.01538696,-0.0159540444096388,-0.021734888471393644,-0.01918416140097918,1869.189710357881,1858.415388462655,1863.1617496646825,0.011833933551466462,0.0098414049733325,0.0134073739551565,0,0,0
2016-01-26,1896.0,0.013674292,-0.0266569037461352,-0.022006417547432794,-0.017899290160904836,1821.0535514420396,1829.5420583939106,1837.0716726447592,0.011041348430886002,0.0164435661807714,0.0135748692642282,0,0,0
2016-01-27,1875.0,-0.011137744,-0.027086315567747,-0.021531759593599306,-0.021356915276595372,1845.333626036115,1855.6121548577257,1855.9366264627477,0.01317421757276441,0.016708452972378,0.0132820719629579,0,0,0
2016-01-28,1880.75,0.003061974,-0.0223557856593677,-0.020499216929898374,-0.023685405374033096,1833.5479745837345,1836.9552443538876,1831.1116730851204,0.014610568972879259,0.0137903803275071,0.0126451381394827,0,0,0
2016-01-29,1930.0,0.02584937,-0.020518352873794,-0.018112582056588823,-0.022324999522421583,1842.553314435697,1846.9914118107422,1839.2274768765144,0.0137713896043104,0.0126569423296045,0.0111729195779293,0,0,0
2016-02-01,1931.25,0.0006474588,-0.0163466445674851,-0.02465091343990784,-0.019890639899761253,1898.7074369985642,1883.0053473545158,1891.9903364215384,0.012269731574396989,0.0100835841378599,0.0152061518631683,0,0,0
2016-02-02,1897.5,-0.01763023,-0.0177894934112462,-0.021761872312670526,-0.018356181359490874,1897.197824351827,1889.67638463732,1896.1230097803261,0.011341818917776076,0.0109916768067343,0.01344610898358,0,0,0
2016-02-03,1908.5,0.005780363,-0.0277234416367662,-0.023069707888349826,-0.017637259457953962,1845.6172763243849,1854.2263042544776,1864.3267031388452,0.010899434731185308,0.0171324713663203,0.0142565672402797,0,0,0
2016-02-04,1907.75,-0.00039305602,-0.0191996468280879,-0.020846595567463776,-0.020210250682646806,1872.2069953377545,1869.1261041182815,1870.3158914711141,0.012495216435330839,0.011870399153676,0.0128886438691692,0,0,0
2016-02-05,1875.25,-0.017182553,-0.0247502496549717,-0.01871911623760881,-0.019289627362633212,1861.1122400573176,1872.370773011953,1871.3028693102156,0.011956244228515253,0.0153408888636598,0.0116026256635921,0,0,0
2016-02-08,1852.0,-0.012475847,-0.0364336020924153,-0.020668160991087217,-0.01957077645601686,1808.1575194692502,1836.8898138788695,1838.9066947978104,0.012107556798513129,0.0225398265469802,0.0127864591209649,0,0,0
2016-02-09,1848.25,-0.0020268909,-0.0235500160513731,-0.020407768910418594,-0.024078868289967918,1808.894925042591,1814.5878595685106,1807.9385398276208,0.014884387091390547,0.014557476318899,0.012615091725921,0,0,0
2016-02-10,1846.75,-0.00081190804,-0.0240516778673604,-0.01834672343434752,-0.022668506125205726,1804.3268168887769,1814.649837343873,1806.8242375381801,0.014040350866518995,0.0148970556030923,0.0113635381549382,0,0,0
2016-02-11,1824.5,-0.012121361,-0.0262555980978258,-0.01636002171513731,-0.020948578325753434,1798.8934742185456,1816.7829292500091,1808.4656147574567,0.012975911310097787,0.016263171037823,0.010133680076319,0,0,0
2016-02-12,1858.25,0.018329207,-0.0166493442054334,-0.01723076009863178,-0.020904369613512788,1794.3747502153742,1793.331775447679,1786.7558608406762,0.012949898234270934,0.0103139830147444,0.0106741601828634,0,0,0
2016-02-16,1888.75,0.01628005,-0.0112588093818217,-0.02017910804541225,-0.01809279773569406,1837.4456533171892,1821.1279767875537,1824.9313810219883,0.011193643435159375,0.0069655947944363,0.0124844008980591,0,0,0
2016-02-17,1922.75,0.017841218,-0.02120399568177,-0.021310230525755834,-0.015556954017134392,1849.1225678341352,1848.926137020714,1859.5941790025058,0.009604794072666597,0.0130912524274869,0.0131568413466739,0,0,0
2016-02-18,1916.5,-0.0032558471,-0.0121304428761609,-0.022693871587174914,-0.017377027445922625,1899.5670847496851,1879.6067536429807,1889.6269440894685,0.010719185677126408,0.0074827797757696,0.013998931867537,0,0,0
2016-02-19,1914.5,-0.0010441139,-0.0144634723983888,-0.020400232534808344,-0.01614629674470925,1888.9802504584657,1877.799050699771,1885.8041017030462,0.009959997666064042,0.0089219313635083,0.0125840786680967,0,0,0
2016-02-22,1936.25,0.011296621,-0.0164779497340268,-0.018562373987421173,-0.01540544307118557,1883.2114586991718,1879.2901353309444,1885.232299024813,0.009502994987625798,0.0101645809864237,0.011450378034945,0,0,0
2016-02-23,1916.0,-0.010513433,-0.010935169553852,-0.0185443407668621,-0.015231593898824893,1915.1921235139575,1900.6744026992965,1906.9812966778272,0.009395754461928975,0.0067454639882095,0.0114392540702663,0,0,0
2016-02-24,1930.25,0.0074098487,-0.026888108622191,-0.018329131137786354,-0.013681203992879445,1865.168823394902,1881.201274178816,1889.9653121735332,0.00843938161130824,0.0165861871211832,0.0113064999510277,0,0,0
2016-02-25,1950.5,0.010436222,-0.016123350575921,-0.017527453301996034,-0.016773295190991466,1899.3774557831973,1896.7124061592544,1898.1433667220376,0.010346767657990702,0.0099458431022535,0.0108119773060117,0,0,0
2016-02-26,1942.75,-0.003981255,-0.0157966132491515,-0.017450679229573503,-0.016134743725759005,1919.930786544963,1916.757719300907,1919.2817091756594,0.009952871075762886,0.0097442920553792,0.0107646184847146,0,0,0
2016-02-29,1929.5,-0.006843593,-0.0161006344031085,-0.0163138750224489,-0.01531490607071231,1911.7209564594475,1911.3133433600656,1913.2236400518007,0.009447146372450211,0.0099318304136618,0.0100633699304018,0,0,0
2016-03-01,1978.0,0.02482533,-0.0220820814400429,-0.01569301472074184,-0.014823045337286537,1887.3596099785568,1899.4566797927532,1901.1098679566487,0.009143737371958843,0.0136215432604836,0.009680386311698,0,0,0
2016-03-02,1983.5,0.0027767278,-0.0100808988953549,-0.020957710165584797,-0.01636280050485164,1958.1601517547585,1936.9770246239789,1945.8977383083948,0.010093550082435856,0.0062184989571966,0.0129279640796686,0,0,0
2016-03-03,1990.5,0.0035229025,-0.0092472668692071,-0.019421000257813747,-0.014418796924804453,1965.2425918297934,1945.3500996927917,1955.1055153901127,0.00889437287008624,0.005704265064059,0.0119800298668385,0,0,0
2016-03-04,1995.0,0.002258187,-0.0133455361981415,-0.018089660866502436,-0.012701813318163158,1964.112181635564,1954.8162565320956,1965.3769326166253,0.00783523510089956,0.0082323217198035,0.0111587804224701,0,0,0
2016-03-07,1999.0,0.0020030052,-0.0112682027754992,-0.016931522581595942,-0.01270016451815358,1972.646116038209,1961.50596511252,1969.8233837728912,0.007834218022834735,0.0069508987180905,0.0104443717381117,0,0,0
2016-03-08,1981.0,-0.009045288,-0.0106037326381237,-0.015727049958569054,-0.01216886859929669,1977.9151252073016,1967.8075526476784,1974.8218404537502,0.007506483050817827,0.0065410139549111,0.0097013812738669,0,0,0
2016-03-09,1989.0,0.0040302323,-0.0084705176283774,-0.015783803406042376,-0.011572120509147044,1964.290772388381,1949.9777540095909,1958.2077608895827,0.007138373280565634,0.0052251198614096,0.0097363901810679,0,0,0
2016-03-10,1988.75,-0.0001256992,-0.0247777668330415,-0.014855913953910302,-0.010720020895466397,1940.3225711438904,1959.6699886296237,1967.791757939778,0.0066127474793245995,0.0152844025927021,0.0091640126926739,0,0,0
2016-03-11,2020.0,0.015591211,-0.0119953933415327,-0.013939984011874157,-0.014343270696751158,1965.036671186134,1961.2191921285082,1960.428418007252,0.00885136592961499,0.0074024689473108,0.0086024939604625,0,0,0
2016-03-14,2018.75,-0.00061900343,-0.0070951640503053,-0.016152223985820353,-0.013247924153911567,2005.7184933471574,1987.6345978207971,1993.4156755771273,0.008172189796398248,0.0043767632258489,0.0099637526991039,0,0,0
2016-03-15,2006.5,-0.006086597,-0.0084583708109309,-0.015177045890032366,-0.011285098351680891,2001.7466755109585,1988.3426690117728,1996.0962728904478,0.0069749661977584,0.0052278543487892,0.0093804571981454,0,0,0
2016-03-16,2017.25,0.0053432873,-0.0136907797374752,-0.014676917475954,-0.010417863225121943,1979.21664183922,1977.2658236618822,1985.705064909334,0.006436669516079856,0.0084588386968901,0.0090681232097273,0,0,0
2016-03-17,2030.25,0.0064237406,-0.0162475648364479,-0.014218023010456798,-0.011264555636246417,1984.7394238649433,1988.7716259166612,1994.6540805714744,0.006969577396531397,0.0100526522562872,0.0087969392665775,0,0,0
2016-03-18,2037.5,0.0035646278,-0.0082941453436232,-0.013920359764370727,-0.012626702650732948,2013.4804520852865,2002.1839872948722,2004.775802951768,0.007808455463219235,0.0051291668389284,0.0086084635283439,0,0,0
2016-03-21,2042.75,0.0025733733,-0.0069150250529312,-0.013315178352118264,-0.011137508635771499,2023.4592385129238,2010.5501433509057,2014.9332282347468,0.006893380652042249,0.0042799428011362,0.0082412140661497,0,0,0
2016-03-22,2042.5,-0.00012239153,-0.0105079865867183,-0.012640675100706471,-0.009819272358491005,2021.3971943746228,2017.0907775510816,2022.789838895288,0.006075065697498626,0.006501164906333,0.0078206336369845,0,0,0
2016-03-23,2028.75,-0.006754708,-0.0087561986093319,-0.011932962743749028,-0.00993430055076076,2024.6935365753993,2018.2717683872656,2022.3096456981184,0.006147329494431784,0.0054183218733126,0.0073840985035415,0,0,0
2016-03-24,2028.5,-0.00012323618,-0.0101589360832168,-0.012171253343075958,-0.009584870293905215,2008.24439235461,2004.2072308890552,2009.3975877301743,0.0059394983195217715,0.0062952321673839,0.0075422135679438,0,0,0
2016-03-28,2028.0,-0.00024651794,-0.0099089176636889,-0.011557427043600695,-0.009803621405897252,2008.4990182122517,2005.190716373707,2008.710516777456,0.006076394999304305,0.0061416588061977,0.0071634234927019,0,0,0
2016-03-29,2047.5,0.009569451,-0.0137307843070149,-0.011003458743192321,-0.009848888171619975,2000.3442713512438,2005.8073077720792,2008.1244912804145,0.0061055922573435015,0.0085120847035036,0.0068213417936883,0,0,0
2016-03-30,2055.25,0.0037779582,-0.0092779856916442,-0.012296265223818978,-0.010891739651123195,2028.5911778278328,2022.47755355142,2025.3201707925898,0.006753971567406874,0.0057532821726702,0.0076249183663147,0,0,0
2016-03-31,2051.5,-0.0018262621,-0.0066542336061591,-0.011940918725556894,-0.010444595553426592,2041.619287648999,2030.8543697794803,2033.895458890844,0.006483335372441818,0.004130521655398,0.0074121568764295,0,0,0
2016-04-01,2065.0,0.0065589934,-0.0165866943535905,-0.011444851042412768,-0.009350195910636332,2017.7530454411394,2028.1547344518583,2032.4074716283546,0.005807488865360383,0.0103021416548113,0.0071084975790627,0,0,0
2016-04-04,2057.5,-0.0036385728,-0.0089925396313902,-0.011763837828631498,-0.011363458847726451,2046.5136498552463,2040.8500017204842,2041.66727876371,0.007049295936397911,0.005578501575173,0.0072976701295845,0,0,0
2016-04-05,2038.75,-0.009154779,-0.0085528868391427,-0.011473573525108749,-0.010479460439260724,2039.977476226937,2034.0280336306057,2036.051092924069,0.006498925572731554,0.0053041447431147,0.0071154331680654,1,0,0
2016-04-06,2060.25,0.010490459,-0.0110610886002935,-0.012485418096702028,-0.009800167988712295,2016.3234652127023,2013.4536005285372,2018.867492600822,0.006071215089312531,0.0068523568260944,0.0077347305507804,0,0,0
2016-04-07,2035.0,-0.012331516,-0.0160655687104249,-0.013652806731391014,-0.010208478054588707,2027.4153717741945,2032.312948466432,2039.3249711582903,0.006311408840116907,0.0099325650540928,0.0084408708757694,0,0,1
2016-04-08,2040.75,0.0028215684,-0.013106643752781,-0.015150468928036745,-0.012078755651337512,2008.5020091529188,2004.4011743043195,2010.5675858788559,0.0074538818433311045,0.0080881985459359,0.0093494568911277,0,0,0
2016-04-11,2034.5,-0.0030672988,-0.013053333942611,-0.014192279977498057,-0.012482017378357566,2014.2845159429996,2011.99166054757,2015.435638848558,0.0077076678080417235,0.0080604567969541,0.0087637579879472,0,0,0
2016-04-12,2055.75,0.010390656,-0.0117205519292843,-0.013469560760255538,-0.01241644870554752,2010.7937337417397,2007.2799114929767,2009.394915637654,0.007670841653219319,0.0072409188867107,0.0083214508576976,0,0,0
2016-04-13,2076.0,0.00980222,-0.0077768555792276,-0.014319313638077298,-0.011752168219897363,2039.8247336537954,2026.5228269175223,2031.7318890567371,0.007250069169123859,0.0047976458311944,0.0088337753840751,0,0,0
2016-04-14,2076.5,0.00024081879,-0.0073183323177945,-0.014802147484029757,-0.010259458742743146,2060.8625999309884,2045.4970533208846,2054.8102472102532,0.0063286453078651205,0.0045143833262323,0.0091308463311862,0,0,0
2016-04-15,2075.0,-0.0007226304,-0.005645707021648,-0.013862666703203057,-0.009412413502581818,2064.809720367772,2047.912777963805,2057.0468176784902,0.005806137345299528,0.0034826084053807,0.0085513186207586,0,0,0
2016-04-18,2086.75,0.005646678,-0.0126622782146982,-0.013089184424006103,-0.008440823370525024,2048.8914186038455,2048.016920812596,2057.559003244829,0.005206802674281082,0.0078108474939786,0.008074188674657,0,0,0
2016-04-19,2093.75,0.0033488849,-0.0063194207502457,-0.012928671937996418,-0.009628701171200207,2073.6045283795806,2059.9447453800494,2066.753731369333,0.0059433393042293845,0.0039006778855321,0.00798025431617,0,0,0
2016-04-20,2098.0,0.0020277933,-0.0104977145089834,-0.012466838207937614,-0.008775898501216715,2071.8853753340404,2067.809590918766,2075.4558537108587,0.005421770204653401,0.0064855120799167,0.007702041213519,0,0,0
2016-04-21,2082.75,-0.0072953743,-0.0117812571266772,-0.011949453750023103,-0.009324665600467883,2073.4279515705502,2073.0792373174468,2078.5277786378424,0.005761641474420429,0.0072795510949442,0.0073834785366831,0,0,0
2016-04-22,2086.0,0.0015592207,-0.007084327915098,-0.012332479628371106,-0.010018206215489356,2068.047257052331,2057.2222617520642,2061.9887498878206,0.006185148057084728,0.0043737986718692,0.0076139591032296,0,0,0
2016-04-25,2083.25,-0.0013191823,-0.0105526316568776,-0.011787745197122656,-0.009211763777702896,2064.102949319522,2061.5551215705273,2066.8724950460733,0.005689251828646157,0.0065173815134338,0.0072801965548305,0,0,0
2016-04-26,2088.5,0.0025169307,-0.0061153406047524,-0.011284022059106561,-0.009604472758260325,2070.5490914577244,2059.874692815634,2063.3372608787085,0.005933044346350163,0.0037776760801187,0.0069705651696803,0,0,0
2016-04-27,2090.75,0.0010767484,-0.0088395206897999,-0.010912188582765386,-0.008630002176778541,2070.1200158442366,2065.8337880506288,2070.5537897519775,0.005331546940076931,0.0054609858166967,0.006741463612203,0,0,0
2016-04-28,2072.5,-0.008767245,-0.0126991928728322,-0.010452741092890886,-0.008742662323939426,2064.367038224167,2069.009752095586,2072.5509487450213,0.005402871644637046,0.0078479651323746,0.0064596820015422,0,0,1
2016-04-29,2059.0,-0.00653518,-0.0152006968432201,-0.011669384810451608,-0.009839308595865202,2041.234784337434,2048.455763554571,2052.2080261400893,0.006073744919529175,0.0093832970401608,0.007203439755543,0,0,0
2016-05-02,2074.25,0.0073792147,-0.0102695914540335,-0.01191979101352127,-0.011489493687066359,2037.9631161839993,2034.6028436700776,2035.4785162203739,0.007093483003989113,0.0063403292104248,0.0073591436897429,0,0,0
2016-05-03,2057.0,-0.008351032,-0.0128403272166165,-0.012317342345504401,-0.010989732170531664,2047.7862166876516,2048.8574579953333,2051.5793484085516,0.006786475867838422,0.0079292715635399,0.0076063133556444,0,0,0
2016-05-04,2047.0,-0.004873304,-0.0107084467717959,-0.012937500340589827,-0.01147125632129023,2035.0902440850105,2030.5589710150225,2033.5384497497548,0.007076154241021938,0.0066056078703748,0.0079806208961941,0,0,0
2016-05-05,2044.0,-0.0014666343,-0.0113851766707785,-0.012590744487117458,-0.011097785087403668,2023.8267096710929,2021.388319441787,2024.4084240195616,0.006853581418654177,0.0070310638261961,0.0077755778999428,0,0,0
2016-05-06,2052.75,0.004271685,-0.0126561860746367,-0.011963639336419822,-0.011016308681670509,2018.2937702095594,2019.6920170966562,2021.6062398153774,0.0068070137940075505,0.0078202994922356,0.0073923725580638,0,0,0
2016-05-09,2054.25,0.0007304602,-0.00637819261581,-0.011734399099796625,-0.011272127584427504,2039.698830788335,2028.8029889240815,2029.7410635620438,0.006964659269486026,0.0039408654658627,0.0072502809119329,0,0,0
2016-05-10,2077.5,0.01125443,-0.0133484468149481,-0.011154288241704934,-0.009514830766962074,2027.0111557150935,2031.4636225432926,2034.7968523616162,0.005892640674950392,0.0082668417942119,0.0069079749501606,0,0,0
2016-05-11,2058.0,-0.009430611,-0.0071056496913408,-0.013055275339447541,-0.010505440277616232,2062.7903355188564,2050.55394230678,2055.7891883154834,0.006495892038512743,0.0043936790880424,0.0080725468801915,1,0,0
2016-05-12,2058.75,0.00036436509,-0.0134812701802047,-0.013821159577125552,-0.009522275300642553,2030.4417236333388,2029.7517152903129,2038.4961652468062,0.005877529975177888,0.0083211802941969,0.0085309736529872,0,0,0
2016-05-13,2043.5,-0.0074349786,-0.0116245595124436,-0.012968075014467414,-0.010854929507944547,2034.956500513939,2032.2243406700766,2036.523266932471,0.0067024103721703525,0.0071776208395541,0.0080071787127163,0,0,0
2016-05-16,2062.75,0.00937602,-0.0154298224192169,-0.013189705716196163,-0.011008198456007553,2012.2111692041995,2016.723809587806,2021.1281094796498,0.0068017066174323225,0.0095337239489282,0.0081496085858515,0,0,0
2016-05-17,2043.5,-0.00937602,-0.0158698332916247,-0.013867784037381916,-0.012279766769415694,2030.2728861836492,2034.3416640891885,2037.5748002392802,0.0075756001189321055,0.0097903741356796,0.0085552753871981,0,0,0
2016-05-18,2041.5,-0.0009791922,-0.0150995763102701,-0.014364471160837779,-0.013244786707342979,2012.8758038536714,2014.3560232140321,2016.6127295007332,0.008170173432237858,0.0093143181490286,0.0088608615026891,0,0,0
2016-05-19,2038.75,-0.0013479568,-0.0126091301028911,-0.013461969368499043,-0.013526616886520012,2015.9200701389693,2014.2015472628834,2014.0713383409459,0.008344023075361098,0.0077780625725862,0.008304144635197,0,0,0
2016-05-20,2050.0,0.0055029183,-0.008588839312152,-0.012749128852266943,-0.012603748238256328,2021.3144864464834,2012.9227011632604,2013.215362374629,0.0077747427178821065,0.0052981077243774,0.0078644221409183,0,0,0
2016-05-23,2045.25,-0.0023197618,-0.0057788957406235,-0.012609483031728102,-0.010729595701307932,2038.1874284155394,2024.312850971676,2028.1219102323864,0.006618653789938267,0.0035647671412888,0.0077782802801168,0,0,0
2016-05-24,2075.0,0.014441122,-0.0136491480412254,-0.012083404888745096,-0.00905452214235461,2017.5237303951658,2020.685128683999,2026.8148253862296,0.0055853686347445515,0.0084196075907569,0.0074537639430815,0,0,0
2016-05-25,2087.25,0.005886256,-0.0086112704583102,-0.014770718374628428,-0.010274216276132972,2057.2083281913997,2044.576004648258,2053.7901451199823,0.006337748633565342,0.0053119445915497,0.0091114589842773,0,0,0
2016-05-26,2089.75,0.0011970315,-0.0050573972229634,-0.014319464512098094,-0.0100010518729684,2076.720595778975,2057.5746721671876,2066.4793418180484,0.006169244557306343,0.0031197038759726,0.0088330987207031,0,0,0
2016-05-27,2097.25,0.003582521,-0.0049093286271114,-0.01348550453637528,-0.008819846458200296,2079.515872404101,2061.7578353440813,2071.3997679333793,0.00544060669314176,0.0030283663456138,0.0083186625287316,0,0,0
2016-05-31,2095.0,-0.0010734093,-0.009404847441838,-0.012974115744890201,-0.008002985807185973,2077.618145704732,2070.2157874713625,2080.5327213132014,0.004939990944036666,0.0058053159548289,0.0080085128014462,0,0,0
2016-06-01,2098.0,0.0014309566,-0.0085497642591632,-0.012355381861692239,-0.008549148389265883,2077.1645967685245,2069.274725055284,2077.165876032065,0.005278042531055486,0.005278422754601,0.007627921283402,0,0,0
2016-06-02,2103.75,0.0027369566,-0.0092466970375668,-0.011821065626458842,-0.008693300370886876,2078.689844779643,2073.345413157269,2079.8405031666975,0.0053673655352392755,0.0057090403962622,0.0072984916575227,0,0,0
2016-06-03,2097.75,-0.0028561247,-0.0124102030419446,-0.011431728069831473,-0.00893059690555172,2077.803369834125,2079.837443411236,2085.045900459515,0.005514578741348863,0.0076632102640739,0.0070590090738038,0,0,0
2016-06-06,2108.25,0.0049928776,-0.0084945430152041,-0.011092614927615969,-0.009912189112041992,2080.0060424911676,2074.609051136147,2077.0594191716455,0.006125381886794906,0.005249326796915,0.0068548432426762,0,0,0
2016-06-07,2110.25,0.0009482044,-0.0061607558066417,-0.011099899486100344,-0.009443345378136247,2095.3015137564157,2084.9780340897446,2088.434775366121,0.005831513573756988,0.0038044283749498,0.0068544792050492,0,0,0
2016-06-08,2118.0,0.0036658233,-0.0061551696682385,-0.010611254373177953,-0.008538953494703294,2097.300945902525,2087.9759870692797,2092.3073879743924,0.0052766965359441476,0.0038036232995869,0.0065572870525296,0,0,0
2016-06-09,2114.25,-0.0017721076,-0.0064279811056396,-0.010414431541319992,-0.007986370320318186,2104.4291991714736,2096.056695846176,2101.1522334616366,0.004932080741671677,0.0039696784080119,0.0064315596673153,0,0,0
2016-06-10,2096.25,-0.008550106,-0.0110718559598798,-0.010004440594962727,-0.007728509966966357,2090.970440314493,2093.20356591433,2097.972977386709,0.004782390085932371,0.006851247446367,0.0061907324595752,0,0,1
2016-06-13,2078.75,-0.008383282,-0.011254861978386,-0.011194571804856111,-0.008736359678579771,2072.7892668851837,2072.914239477047,2078.0161706426247,0.005395222922750149,0.0069505482343017,0.0069133154579266,0,0,0
2016-06-14,2066.0,-0.0061523807,-0.0099762208974359,-0.011997454768052085,-0.00963161240824701,2058.115031452633,2053.9593009079176,2058.8243975839746,0.005943302257295147,0.0061559470694894,0.0074031737348262,0,0,0
2016-06-15,2063.5,-0.0012108005,-0.0109280974271038,-0.012006283923132077,-0.009904419501547142,2043.5454668443901,2041.3433310878656,2045.6384703266272,0.00610963595422915,0.006741101479145,0.0074061911374001,0,0,0
2016-06-16,2070.5,0.0033865538,-0.0166939834420162,-0.011343515750520757,-0.010278172846893219,2029.3379092359737,2040.224915469717,2042.3996127987184,0.006340189282102946,0.0102978434466266,0.0069973562474732,0,0,0
2016-06-17,2059.0,-0.005569696,-0.0109510284902228,-0.010953971376464448,-0.012127368113704547,2047.949595932396,2047.9435690585747,2045.5419280709991,0.007480883079123159,0.0067552467248788,0.0067570620724203,0,0,0
2016-06-20,2074.25,0.0073792147,-0.0121518545708166,-0.011049866608473832,-0.011317841493380668,2034.1307412774913,2036.3735644232952,2035.8279405617523,0.006981518836255236,0.0074959877845266,0.0068162159639969,0,0,0
2016-06-21,2080.5,0.0030086068,-0.0065732462309851,-0.01153513343193763,-0.01124022149022974,2060.6601576274224,2050.460719522587,2051.0655140509584,0.0069336381944928175,0.0040547698431548,0.0071155574480249,0,0,0
2016-06-22,2076.75,-0.0018040776,-0.0087201385011008,-0.011070887524796104,-0.009531483545878818,2062.4366238819093,2057.594047073253,2060.7639547945987,0.005879586841000446,0.0053791008856058,0.0068291829173992,0,0,0
2016-06-23,2105.75,0.013867526,-0.0123839796227323,-0.010518088930400949,-0.009229849554190865,2051.1901632275312,2055.0210327417376,2057.6700977035957,0.005693521026608547,0.0076391763442236,0.0064881838141972,0,0,0
2016-06-24,2018.5,-0.042317037,-0.0474782792047665,-0.013493126455252306,-0.010045307850712955,2008.10887104692,2077.527680816467,2084.7029818660544,0.0061965442807051215,0.0292874308917408,0.0083233641823322,0,1,1
2016-06-27,1985.0,-0.016735747,-0.0182392149230484,-0.03197490715911509,-0.02159367411194965,1982.0178588518456,1954.9795913032062,1975.380399599686,0.01349056428819808,0.011394878898792,0.019976199437061,0,0,0
2016-06-28,2028.5,0.02167769,-0.0140994685807733,-0.031092209956595878,-0.021856347741387998,1957.208934884119,1924.231571065453,1942.085831555319,0.013613548639831724,0.0087820620165492,0.0193662416782676,0,0,0
2016-06-29,2066.75,0.018680722,-0.0218531790070377,-0.032055870415189466,-0.018235452253643692,1984.6516839423705,1964.5058409245148,1991.8446146193537,0.011366676889419378,0.0136217090382284,0.0199813372517674,0,0,0
2016-06-30,2090.25,0.011306351,-0.0169694462990399,-0.031075665502486114,-0.01913927160294515,2031.9742936056816,2003.5120381743045,2027.5700443202886,0.011909262607826494,0.0105591057213263,0.0193365906947646,0,0,0
2016-07-01,2096.25,0.002866358,-0.0093641539793111,-0.028104640294487452,-0.017605365794439182,2070.7679360288957,2032.3221097953076,2053.772426834728,0.010958791551349075,0.0058288940265257,0.0174942627270043,0,0,0
2016-07-05,2082.75,-0.006460898,-0.0155594249898191,-0.024285648952710185,-0.0133751179376257,2063.885990980116,2045.9544108671555,2068.3990788956144,0.008320348513540823,0.0096791549195545,0.015107535059233,0,0,0
2016-07-06,2094.0,0.0053869765,-0.0149813825075285,-0.021209284570432623,-0.013156643191515867,2051.7800908530908,2039.0415138715605,2055.527472610298,0.008175512364440323,0.0093094018089425,0.0131794079783452,0,0,0
2016-07-07,2092.0,-0.00095556624,-0.0110251819995342,-0.018108353091050414,-0.013151030593604772,2071.040070168877,2056.422369965952,2066.642028988588,0.008164915832182769,0.0068450668120618,0.0112427066301384,0,0,0
2016-07-08,2120.5,0.013531364,-0.0154176890581507,-0.01560437858373146,-0.011932938572503375,2059.993561156717,2059.6090178323075,2067.1846470122828,0.0074232914057418675,0.0095910992909569,0.0097072358772945,0,0,0
2016-07-11,2130.25,0.0045874338,-0.0076211747972834,-0.017801464715218603,-0.012311499701308605,2104.400724462362,2083.0859941358344,2094.5535127001654,0.0076481827009164975,0.0047344465466744,0.0110586734182708,0,0,0
2016-07-12,2145.75,0.0072497977,-0.0085099830581392,-0.016083377207567005,-0.011116647347949798,2112.1985263978913,2096.2624357529926,2106.699903571479,0.006918335175567516,0.0052961035186086,0.0100093302228889,0,0,0
2016-07-13,2146.0,0.00011650259,-0.0067390901177042,-0.015481118598626109,-0.010493712940018529,2131.338213088284,2112.787198619036,2123.3508461497363,0.006541170216164948,0.0042007567592086,0.0096500287809542,0,0,0
2016-07-14,2157.25,0.005228618,-0.0120654838560628,-0.013813990993679736,-0.009781539020286395,2120.2630482553486,2116.558992409585,2125.1111463817692,0.00609922730728378,0.0075233691199174,0.0086136415666782,0,0,0
2016-07-15,2152.75,-0.0020881677,-0.0111931033025029,-0.013310773550597012,-0.010402098228238933,2133.2383112496364,2128.725595853824,2134.926381126351,0.00648171977902904,0.0069746081485361,0.0082941635720054,0,0,0
2016-07-18,2160.0,0.003362127,-0.0048972220725914,-0.012393154664909124,-0.01075704713016905,2142.2332775641994,2126.235276197731,2129.716873110577,0.006708031853195456,0.0030538791229223,0.007728298969764,0,0,0
2016-07-19,2158.75,-0.00057887123,-0.0049649955846121,-0.011930652619044977,-0.00943361446604326,2149.3021888060407,2134.382908514362,2139.7192037637155,0.005880373165358307,0.003094892939177,0.0074368832602579,0,0,0
2016-07-20,2167.5,0.004045079,-0.0065190865362441,-0.01124394759468589,-0.008568959428918076,2144.7226942282214,2134.613079558949,2140.3307882773893,0.0053418678109507945,0.004063982192195,0.0070094487227201,0,0,0
2016-07-21,2158.0,-0.004392563,-0.007413185294601,-0.011224146334989723,-0.008314968776088416,2151.491331799183,2143.307685837471,2149.552027003541,0.005181664902612415,0.0046196976912362,0.006994586112344,0,0,0
2016-07-22,2167.5,0.004392563,-0.0057448919280521,-0.011285929660718012,-0.008400266388225816,2145.638066205296,2133.7818828346353,2139.948151453979,0.005232390979266338,0.0035784008877781,0.0070298242722571,0,0,0
2016-07-25,2162.25,-0.0024250834,-0.0084144485601166,-0.011322287825633437,-0.008136591944264256,2149.3382006680126,2143.0973487478414,2149.935491483532,0.0050671795497983655,0.0052402187499042,0.007051117435897,0,0,0
2016-07-26,2163.25,0.0004623743,-0.0074721280680202,-0.010881140594116606,-0.008558999850075272,2146.153603146321,2138.849795090195,2143.8222765111705,0.005338807628706874,0.0046608546595395,0.0067872785875082,0,0,0
2016-07-27,2160.5,-0.0012720441,-0.0086789547940299,-0.010334667934658152,-0.008531479474286428,2144.556488452072,2141.008656000226,2144.872780928008,0.005327666659994092,0.0054197608092606,0.0064537066476613,0,0,0
2016-07-28,2164.75,0.001965205,-0.0077843904136319,-0.009904706356217154,-0.00872289522530616,2143.747114608994,2139.2065088854843,2141.7361414285274,0.00546215249487243,0.0048744741763636,0.0062021857579622,0,0,0
2016-07-29,2168.25,0.0016155093,-0.0073155533577197,-0.009645865426380492,-0.008582504826173922,2148.9714406839576,2143.969496909024,2146.2505221613364,0.005382194972766871,0.0045876740301793,0.0060490415627293,0,0,0
2016-08-01,2164.5,-0.0017310027,-0.0082900101757252,-0.009319364393218876,-0.008337823887643973,2150.349485675961,2148.137153196023,2150.246671943101,0.005229431271830454,0.0051994428091692,0.0058450473706579,0,0,0
2016-08-02,2152.75,-0.005443293,-0.0141717960866671,-0.008988285482933948,-0.00839936501916649,2134.041483087643,2145.1320288924803,2146.395713110003,0.0052693891859399815,0.0088907564886185,0.0056388517722276,0,0,0
2016-08-03,2157.0,0.0019722728,-0.0064602082317652,-0.009962256536829367,-0.010003283180564423,2138.887611897311,2131.4102248886948,2131.3227820745,0.0062655862124738546,0.004046370666113,0.0062398890519826,0,0,0
2016-08-04,2159.25,0.0010425717,-0.0052329181293603,-0.009457472003521936,-0.008965072103928516,2145.742077179219,2136.6963946138617,2137.748762775757,0.005617125764089831,0.0032787197810626,0.0059256422077032,0,0,0
2016-08-05,2176.75,0.008072,-0.0061630356885222,-0.008884455361189132,-0.007990882369156526,2145.98338848181,2140.1512065779516,2142.0644425757177,0.005010809650420555,0.0038646293709856,0.0055711387811702,0,0,0
2016-08-08,2175.5,-0.00057441555,-0.0050511597641951,-0.011150317632155482,-0.0076071009316683955,2165.782610320706,2152.6133617600094,2160.2540657143236,0.004762039634734449,0.0031620223281561,0.0069800907048774,0,0,0
2016-08-09,2177.5,0.0009189066,-0.0050069492403003,-0.010209379344568609,-0.0072969386241949555,2164.6346058653744,2153.4024881141963,2159.6832869955033,0.00456941782388359,0.0031354029792778,0.0063932180809603,0,0,0
2016-08-10,2172.75,-0.0021837833,-0.0067041336420363,-0.009520796188313327,-0.006999042220886736,2162.9505741362846,2156.8668441939512,2162.3127955041596,0.004397154996579641,0.0042118783987108,0.0059814493483016,0,0,0
2016-08-11,2181.75,0.004133661,-0.0066521234822024,-0.009100900020677566,-0.007160505229451441,2158.3445651905267,2153.0657276419943,2157.247581076286,0.004509205744663999,0.0041890610311668,0.0057311361893937,0,0,0
2016-08-12,2180.25,-0.0006877579,-0.0043362808892222,-0.009232703486244137,-0.0072362341065459745,2172.3098016380736,2161.6992529018435,2166.0193302845387,0.004545804276047055,0.0027240528592816,0.0057999868950172,0,0,0
2016-08-15,2186.0,0.0026338405,-0.0047176811005511,-0.008534158901550007,-0.00674124141917898,2169.988500054796,2161.7225705173223,2165.601837269452,0.004230063367886799,0.0029602989663057,0.0053551016349105,0,0,0
2016-08-16,2176.75,-0.004240451,-0.0038355216959677,-0.00826447811999964,-0.0064695355976657305,2177.6316084054815,2168.0082992433468,2171.903244083756,0.004053654079632074,0.002403244859799,0.005178321525776,1,0,0
2016-08-17,2179.75,0.0013772526,-0.0085245498561932,-0.008570900307121782,-0.006089174043427059,2158.273051823519,2158.173017212682,2163.5356634287127,0.0038064516246897207,0.0053288486120513,0.0053578231080969,0,0,0
2016-08-18,2183.5,0.0017189026,-0.0040982975052598,-0.008027789231632599,-0.00699018116751713,2170.83501661802,2162.3214762787898,2164.5662828931067,0.004363513338007169,0.0025582993342752,0.0050112242511994,0,0,0
2016-08-19,2181.75,-0.0008017869,-0.0060528903009917,-0.007638660737863758,-0.006481673725973278,2170.32343241651,2166.8845250583877,2169.39303318598,0.004049270225623571,0.0037813980633669,0.0047720701160142,0,0,0
2016-08-22,2181.5,-0.00011459348,-0.0056792904492554,-0.007167914504709243,-0.006616659957948679,2169.3943270004893,2166.1673169178907,2167.3617556900404,0.0041579537226197685,0.0035689044042458,0.0045043657959893,0,0,0
2016-08-23,2185.25,0.001717525,-0.0059511480097706,-0.006719446501395214,-0.006588470637963788,2168.556124278649,2166.890665745926,2167.1744947087996,0.004152571794326973,0.0037508810051973,0.0042351230730849,0,0,0
2016-08-24,2175.0,-0.004701574,-0.008492705331416,-0.006141287446314806,-0.006623360963335194,2166.7698997719654,2171.8708761804223,2170.824127073911,0.004174562418402513,0.0053527700971386,0.0038707218156933,0,0,0
2016-08-25,2173.5,-0.0006898931,-0.0050102184350861,-0.007156933047285245,-0.007250395256238114,2164.1300281088884,2159.4892415592076,2159.287420355956,0.004550509485342427,0.0031445246371749,0.0044918505221645,0,0,0
2016-08-26,2168.5,-0.0023030872,-0.0149916494557839,-0.006500829228567583,-0.006867890999155402,2141.158680492839,2159.4162752156362,2158.623781510189,0.004302171069486219,0.0093910402160552,0.0040722369411881,0,0,0
2016-08-29,2179.25,0.0049450966,-0.0075667004482695,-0.006348670536431005,-0.00920067705390746,2152.153532482422,2154.7765169723507,2148.6398353897916,0.005772366253658374,0.0047472339332444,0.0039830603058202,0,0,0
2016-08-30,2175.25,-0.0018371805,-0.0064025836060094,-0.00728693462345222,-0.00854893099685645,2165.3417415820977,2163.427665891956,2160.699150074139,0.00534500737171747,0.0040030568248523,0.0045559753955082,0,0,0
2016-08-31,2169.5,-0.0026468742,-0.0082453444278342,-0.006863703699521673,-0.007994991432597593,2157.388054675327,2160.370849979684,2157.9282308512434,0.00500586667021462,0.0051626190226353,0.0042975387620273,0,0,0
2016-09-01,2167.25,-0.0010376435,-0.0117357783515088,-0.006680167487307453,-0.008101047707150645,2144.1880471148484,2155.055675603746,2151.995774013245,0.005058561374816775,0.0073282070688156,0.0041713169024758,0,0,0
2016-09-02,2178.0,0.0049479418,-0.0085934371328299,-0.006246309080099844,-0.009104089346219257,2148.705667272992,2153.754877875621,2147.6087060747464,0.005697681275964191,0.0053780959287524,0.0039091749801807,0,0,0
2016-09-06,2184.5,0.002979945,-0.0064537896385028,-0.007117155695170118,-0.008748080945378805,2163.9889071221305,2162.5538663654297,2159.0297772039853,0.005462638213127898,0.0040299944775199,0.0044442257578509,0,0,0
2016-09-07,2184.5,0.0,-0.0047801877756941,-0.006987341869871294,-0.008050781494182261,2174.0825982089755,2169.289354560799,2166.983672498688,0.005035445622542581,0.0029898185197852,0.0043703061693175,0,0,0
2016-09-08,2177.5,-0.0032095397,-0.0062292385139712,-0.0065186109879000476,-0.007195585195009798,2170.934523625712,2170.3064058162577,2168.8376615650755,0.004496333416014192,0.0038924885923268,0.0040733098999674,0,0,0
2016-09-09,2122.75,-0.025465012,-0.0176837166733533,-0.0066411958048070985,-0.007040337527938194,2139.3321760647286,2163.086709851453,2162.223503977001,0.0044031694896766406,0.0110597540829833,0.0041535381828858,1,1,1
2016-09-12,2158.5,0.016701119,-0.0239094877702689,-0.0207779063207505,-0.010071608285055246,2072.598077372335,2079.0987604604506,2101.477795981943,0.006347918779062205,0.0150696375513194,0.013095868900978,0,0,0
2016-09-13,2122.25,-0.01693669,-0.0155118779127192,-0.02268782191700294,-0.016155049680045438,2125.27596133132,2110.079689048543,2123.9094833223585,0.010182181468754449,0.0097768040926276,0.014299647755033,1,0,1
2016-09-14,2113.25,-0.0042498,-0.0105568533061202,-0.024079317375848928,-0.016843215759189283,2099.9635623770523,2071.7580146074683,2086.8038370249124,0.010615917794996692,0.0066537583127775,0.0151766775107767,0,0,0
2016-09-15,2138.0,0.0116437655,-0.0161958762766661,-0.021329757503005215,-0.014258772117352686,2079.299733725529,2068.652210803794,2083.331457561984,0.0089869983748693,0.0102079135973319,0.0134436888701363,0,0,0
2016-09-16,2132.5,-0.0025758122,-0.0071386821458043,-0.02088496664904968,-0.014188506091802111,2122.7918452485687,2093.8109904911717,2107.879164117161,0.008942711205382732,0.0044993583118546,0.013163346730662,0,0,0
2016-09-19,2133.0,0.00023443911,-0.0099676069618501,-0.01853801809613039,-0.010881403755034408,2111.3496623925453,2093.331848062718,2109.421199087745,0.006858315502762031,0.0062823689747076,0.0116841153734739,0,0,0
2016-09-20,2131.0,-0.00093808636,-0.0075080598055904,-0.01647238673247657,-0.010024062368061285,2117.045277887094,2098.15220027841,2111.7254816598443,0.00631795160690743,0.0047321691318109,0.0103821922095821,0,0,0
2016-09-21,2156.25,0.011779249,-0.0110474389820619,-0.014564332121460771,-0.008950374411268416,2107.587469894577,2100.1883286020247,2112.0118543961157,0.005641229106302255,0.0069629639467645,0.0091795862946245,0,0,0
2016-09-22,2168.25,0.005549789,-0.008813942481528,-0.016074596829282427,-0.009278243648484397,2137.328445763726,2121.866243471377,2136.336312014441,0.005847878057402592,0.0055552389859212,0.0101314737617296,0,0,0
2016-09-23,2158.0,-0.0047385236,-0.0052160395805873,-0.014882935547527877,-0.009303032743044086,2156.9697668259105,2136.2190237178193,2148.1722361070165,0.005863502092255586,0.003287557922112,0.0093803952036054,0,0,0
2016-09-26,2139.75,-0.008492867,-0.009153968686437,-0.013671916775988318,-0.008387079457177014,2138.335875278628,2128.696775667916,2139.9763709887643,0.0052861963730958155,0.0057695502131279,0.0086171160346707,0,0,1
2016-09-27,2152.75,0.006057095,-0.0092323135533165,-0.013766546443038522,-0.008730901163320575,2120.086068536844,2110.4948653626225,2121.1493725140826,0.005502899823359712,0.0058189293031035,0.0086767590850677,0,0,0
2016-09-28,2163.25,0.004865626,-0.0097975934554869,-0.013228641279805466,-0.009102196413377544,2131.76121836097,2124.4595769741063,2133.2441543615964,0.005736919259352928,0.0061752131065293,0.0083377289927131,0,0,0
2016-09-29,2148.5,-0.0068417965,-0.0141756504916834,-0.012323190138717638,-0.009482319905582747,2132.800852204603,2136.7554429544875,2142.8343184477676,0.005976502947105423,0.0089346085962363,0.0077670425502545,0,0,0
2016-09-30,2160.5,0.0055697523,-0.0155385011522593,-0.012349618050353079,-0.010822871571508677,2115.373564368541,2122.1300104149777,2125.372439489786,0.006821423922344448,0.0097935841497399,0.0077836994963761,0,0,0
2016-10-03,2153.25,-0.0033613476,-0.008619260283676,-0.011865095180345493,-0.012188396551825296,2141.9581116302675,2135.0169402864453,2134.3267979495113,0.007682085042246499,0.0054325349703641,0.0074783151189902,0,0,0
2016-10-04,2144.75,-0.003955333,-0.0116979846292925,-0.011039525163361194,-0.010878645588839725,2128.2080702185685,2129.609870431537,2129.952508722401,0.006856577089741244,0.0073729889213081,0.0069579760365001,0,0,0
2016-10-05,2153.25,0.003955333,-0.0078529623980412,-0.010524459963768764,-0.010890888872052766,2127.973318438237,2122.2960297061295,2121.518501552005,0.006864293768669353,0.0049495538415413,0.0066333414835672,0,0,0
2016-10-06,2156.5,0.0015082085,-0.0071515314694602,-0.010032355937360807,-0.009823924758412829,2137.9058971775125,2131.755828446456,2132.2001991357524,0.006191809162252467,0.0045074569650811,0.0063231788658329,0,0,0
2016-10-07,2146.5,-0.0046479283,-0.0115894663623804,-0.009245695911478828,-0.009045417678866996,2131.651583858185,2136.6535452869903,2137.081513337656,0.005701132840257805,0.0073045921841728,0.0058273639165518,0,0,0
2016-10-10,2159.0,0.005806543,-0.007118235112318,-0.009342978778659094,-0.009699541031767704,2131.274960324164,2126.538690301826,2125.7805820395165,0.006113412765983567,0.0044864709850077,0.0058886792221094,0,0,0
2016-10-11,2134.5,-0.011412724,-0.0169030966993656,-0.009738045629670275,-0.008993569589217206,2122.812912738094,2138.0775964838213,2139.6699366830503,0.0056684541009114015,0.0106536594678154,0.0061376813885499,0,1,1
2016-10-12,2131.5,-0.00140647,-0.0075931953175192,-0.012767956366985335,-0.011270944284587197,2118.3537031658407,2107.4200428720046,2110.5772387294264,0.007103834547264904,0.004785828219778,0.0080473691686857,0,0,0
2016-10-13,2126.25,-0.0024660926,-0.01294678426966,-0.011422433721329717,-0.010325041002578781,2104.081801066245,2107.291605125184,2109.605400928064,0.006507651987628664,0.0081600805618892,0.0071993150914948,0,0,0
2016-10-14,2127.0,0.0003526715,-0.0110412945538783,-0.010449450339707792,-0.01111779451208375,2102.9025775293376,2104.1475366273917,2102.7417117232385,0.007007307529000472,0.0069590912454095,0.0065860645256365,0,0,0
2016-10-17,2123.0,-0.0018823534,-0.0068362833487028,-0.009621741770047048,-0.010819321527444926,2112.5088146785743,2106.6326968507988,2104.1113462373487,0.006819186405679685,0.0043087628331032,0.0060643775592424,0,0,0
2016-10-18,2132.0,0.0042303237,-0.0092789263333394,-0.00888971886571053,-0.009304407056228188,2103.3919509009424,2104.2107660897404,2103.338355636341,0.005864368292391925,0.0058483083390308,0.0056029992163181,0,0,0
2016-10-19,2138.0,0.0028103064,-0.0078553746155306,-0.008835051214081574,-0.009107114338469665,2115.3179489828003,2113.2466362636515,2112.6717779836026,0.005740018922104171,0.0049510742105099,0.0055685433675042,0,0,0
2016-10-20,2137.0,-0.00046783627,-0.009321705344025,-0.00840351883836912,-0.008643190842341249,2118.1627959047946,2120.1085575501193,2119.600487770976,0.005447617888448839,0.005875271032336,0.0052965577626209,0,0,0
2016-10-21,2134.75,-0.0010534326,-0.0080083100946373,-0.007732261500067483,-0.008775076919797021,2119.954584910371,2120.5398761747865,2118.3296970984616,0.005530742855592431,0.0050474661642405,0.0048734786532287,0,0,0
2016-10-24,2144.25,0.004440297,-0.0066751510626794,-0.007265576757786249,-0.008474053766089295,2120.547675335369,2119.2960190415315,2116.7364454331637,0.005341014415380032,0.0042072046077025,0.004579337265321,0,0,0
2016-10-25,2138.0,-0.0029190283,-0.0069273540194093,-0.007833410860954099,-0.007950209752596981,2129.447351931709,2127.518825399045,2127.27034806951,0.005010846764253106,0.0043661627244053,0.0049372309268765,0,0,0
2016-10-26,2134.0,-0.0018726598,-0.0080026327609388,-0.0076468738943384455,-0.007786997775844683,2120.9586499371985,2121.713334017423,2121.416052138249,0.004907977754372021,0.0050438878625255,0.0048196606759439,0,0,0
2016-10-27,2123.5,-0.0049324823,-0.0101174224354399,-0.007236571691342845,-0.00795727905310267,2112.5182736158245,2118.612898092926,2117.0865482723952,0.0050153023928046535,0.0063767944558501,0.004561055993775,0,0,0
2016-10-28,2123.75,0.00011772323,-0.011907149057345,-0.008061136371404569,-0.008602184042769332,2098.3651083956233,2106.4509864499705,2105.31160430673,0.005421772181814471,0.0075048207760791,0.005080761433956,0,0,0
2016-10-31,2120.0,-0.0017673053,-0.0083245687231346,-0.007364473888293245,-0.009605103254064811,2106.1440796927986,2108.1671487588214,2103.4488155293543,0.006053890659328303,0.0052467971975828,0.0046416700064456,0,0,0
2016-11-01,2103.75,-0.007694622,-0.0182774133002756,-0.006975258298426454,-0.00906098841019264,2081.603843901808,2105.2639061853934,2100.877469914337,0.005710946738394854,0.0115198617576958,0.0043963557644605,0,1,0
2016-11-02,2092.25,-0.0054814247,-0.0091635284249932,-0.009450483770915995,-0.011682271573537151,2084.5602841096884,2083.962194208916,2079.316418923401,0.007363085319134239,0.0057755755113906,0.0059564373139529,0,0,0
2016-11-03,2083.5,-0.00419087,-0.0099525909833004,-0.009689494563835454,-0.01053570422077439,2071.529971532747,2072.0750553527278,2070.3223870979737,0.006640428497694678,0.006272904725352,0.0061070806926299,0,0,0
2016-11-04,2080.0,-0.0016812781,-0.0081160830165699,-0.009368847543962765,-0.010210912878482923,2066.6585766762887,2064.0711611707725,2062.333809982232,0.006435719477778946,0.0051153931264146,0.0059049837502855,0,0,0
2016-11-07,2129.0,0.023284493,-0.0102718460634714,-0.00852811714381229,-0.009352139722552593,2058.7439166910494,2062.3369397154247,2060.6382274968614,0.005894453168646,0.0064741243579439,0.0053750894033059,0,0,0
2016-11-08,2135.5,0.0030484253,-0.0124071761848387,-0.02148935854390054,-0.00942159891005167,2102.7483133136056,2083.7372314121044,2109.0356118299746,0.005938231805406332,0.0078199771545661,0.0135442819845608,0,0,0
2016-11-09,2160.25,0.011523144,-0.0732605865451622,-0.01844902458217563,-0.011573784847510352,1984.645333259445,2096.4633096601574,2110.926660037403,0.007294708461542749,0.0461745770817174,0.0116280246695407,0,0,0
2016-11-10,2167.25,0.003235127,-0.0166065441267504,-0.018644553336906112,-0.029654534930996318,2124.6719449519987,2120.346253356506,2097.12932364696,0.01869061760991582,0.0104667487390218,0.0117512622517491,0,0,0
2016-11-11,2161.5,-0.0026566577,-0.011317553987193,-0.01618306667442013,-0.018785988701620838,2142.8603072863143,2132.4595163826443,2126.9161081947864,0.011840405929926929,0.0071332116435621,0.0101998399796586,0,0,0
2016-11-14,2160.5,-0.00046274872,-0.0113935540813258,-0.014239345801044027,-0.012303429875365354,2137.012597026442,2130.9397494010623,2135.0690653131637,0.007754588079899523,0.0071811128735446,0.0089747543841765,0,0,0
2016-11-15,2179.25,0.008641104,-0.0072128884842018,-0.012509935773693269,-0.01059781528465754,2144.972620377303,2133.6406384911875,2137.7243194730927,0.006679575769674709,0.0045461289760531,0.0078847443203808,0,0,0
2016-11-16,2172.75,-0.0029871345,-0.0078812483790095,-0.01333802420366901,-0.008797387972157695,2162.142293066173,2150.3760992092184,2160.1623759841705,0.00554480503357359,0.0049673818889287,0.0084066707045877,0,0,0
2016-11-17,2184.25,0.0052788737,-0.0046737234819784,-0.01193692984756194,-0.008480398617953973,2162.618860817862,2146.968219463578,2154.402122520722,0.005345013439484446,0.002945747711755,0.007523590969689,0,0,0
2016-11-18,2180.75,-0.0016036659,-0.0054617866947024,-0.011541813383295725,-0.007498256136927323,2172.3526124845253,2159.1847217515856,2167.9331843140308,0.004725990089631279,0.00344244705962,0.0072745575330775,0,0,0
2016-11-21,2193.0,0.005601615,-0.0069386396713782,-0.010366266097990082,-0.007220317628781924,2165.6709361300905,2158.26053250089,2165.061000271169,0.004550811406610146,0.0043732758288907,0.0065336352814506,0,0,0
2016-11-22,2200.25,0.0033005208,-0.0048080877636039,-0.010519768708880953,-0.0073635456926628255,2182.4811715239175,2170.051067589558,2176.911052842342,0.00464108498463913,0.0030304346378571,0.0066303846861862,0,0,0
2016-11-23,2200.75,0.00022722108,-0.0058661961371109,-0.009848891395189128,-0.007018811054033905,2187.380685815059,2178.6863400871757,2184.8609306402623,0.004423806132601871,0.0036973376611245,0.0062075450981583,0,0,0
2016-11-25,2211.25,0.004759755,-0.0056208827662723,-0.008887398022307619,-0.007023016672082352,2188.4145428090137,2181.27771594122,2185.3482427625604,0.004426456843494481,0.0035427219027046,0.0056015364384773,0,0,0
2016-11-28,2200.75,-0.004759755,-0.0047200275483204,-0.009021726300899079,-0.006911038767057455,2200.837432218663,2191.390426236544,2196.0206514513297,0.004355879570627113,0.0029749321720676,0.0056862006726389,1,0,0
2016-11-29,2203.75,0.0013622433,-0.006563518817527,-0.009086351920162482,-0.006669994526015098,2186.352636332239,2180.8437854048466,2186.1198552792644,0.004203954553192901,0.0041368451968423,0.0057269328149661,0,0,0
2016-11-30,2198.75,-0.0022714376,-0.0081475300532882,-0.00834852886529057,-0.006959782654988506,2185.8678273361206,2185.4285146517745,2188.4656286215222,0.004386601798180498,0.005135213519472,0.0052618987615075,0,0,0
2016-12-01,2192.0,-0.003074648,-0.0080117224650159,-0.007926183299842779,-0.007489703248861516,2181.2046035034627,2181.391189904427,2182.3435314661338,0.004720599387646898,0.0050496169081331,0.00499570340618,0,0,0
2016-12-02,2192.0,0.0,-0.0066230828133452,-0.007780957993565306,-0.0077745549512611475,2177.5301727985534,2175.0103237741364,2175.024250501838,0.004900135308796014,0.004174387106427,0.0049041710090869,0,0,0
2016-12-05,2204.25,0.005572946,-0.0121912328189596,-0.007265111579822186,-0.0075969204913883485,2165.439051981589,2176.1325844817043,2175.410644077177,0.004788176117004539,0.0076838726806151,0.0045790440736231,0,0,0
2016-12-06,2210.0,0.0026052005,-0.0055421751787946,-0.008302812867199838,-0.00889654319405385,2192.0674504569392,2186.024291761477,2184.726768071917,0.0056073004441676115,0.0034931141977122,0.0052330849480062,0,0,0
2016-12-07,2236.75,0.012031404,-0.0132307293174898,-0.007924118271915788,-0.008010677798183574,2180.952670616584,2192.556900484184,2192.3671220112487,0.005048958477025126,0.0083390450381005,0.0049944018633493,0,0,0
2016-12-08,2247.75,0.0049057966,-0.0081187261829157,-0.012300864468419421,-0.009532657522706888,2218.663956371424,2209.4045724046746,2215.5291346046774,0.0060082296680016006,0.0051170590574961,0.0077529711589007,0,0,0
2016-12-09,2260.0,0.0054350975,-0.0056434569311335,-0.011588992863528729,-0.009480683391713332,2235.100646296467,2221.851201645986,2226.5404930811756,0.005975471487498394,0.0035569499148541,0.0073042937479978,0,0,0
2016-12-12,2256.0,-0.0017714796,-0.0086863752023567,-0.01117860780678002,-0.00853130139752551,2240.453807724218,2234.8770278987095,2240.8012703612108,0.005377096370154824,0.0054748360647465,0.0070456368448846,0,0,0
2016-12-13,2267.75,0.0051948167,-0.0099350667812072,-0.01016778811258149,-0.00870039279824463,2233.697461395208,2233.1776928310665,2236.4570527838832,0.005483671054914513,0.0062618595964702,0.0064085388623737,0,0,0
2016-12-14,2252.0,-0.0069694403,-0.0128898161680205,-0.010053197547206304,-0.009012107495663092,2238.7067028864753,2245.0660752993526,2247.404608355932,0.005680138145914121,0.0081241747887525,0.0063363148856998,0,0,0
2016-12-15,2258.5,0.0028821658,-0.0097508854640296,-0.010658262191756728,-0.010055440591860613,2230.147718623631,2228.125052283318,2229.4686191169712,0.006337728628657267,0.0061457740608762,0.0067176741593113,0,0,0
2016-12-16,2255.25,-0.0014400446,-0.0069652049722935,-0.009865558831695913,-0.009822347796187486,2242.823742121289,2236.328183886979,2236.4248200314,0.006190815236769982,0.0043900193685299,0.006218050226059,0,0,0
2016-12-19,2260.0,0.0021039818,-0.0045163902039939,-0.00906450040939862,-0.008783984805042062,2245.087377451478,2234.899657635634,2235.5266698030086,0.005536357304688176,0.0028465839196752,0.0057131602762014,0,0,0
2016-12-20,2266.5,0.002871978,-0.0038382382215641,-0.008525055663223185,-0.007508452766003817,2251.3422075830827,2240.815265854276,2243.0944434586636,0.004732416806334892,0.0024191592639018,0.005373159817725,0,0,0
2016-12-21,2260.5,-0.0026507636,-0.0039915712243607,-0.008266097298491523,-0.006638525818407056,2257.47113548568,2247.842110675706,2251.5036132570895,0.004184120501438295,0.0025158017682917,0.0052099439121864,0,0,0
2016-12-22,2258.75,-0.0007744648,-0.004718730793895,-0.008031035803953222,-0.006186159966599297,2249.8584361237663,2242.4185471467817,2246.559349400201,0.003899004003216463,0.0029741148555541,0.0050617896916109,0,0,0
2016-12-23,2260.0,0.0005532504,-0.0031717885298905,-0.007557216568594665,-0.006104236562178523,2251.5970724415834,2241.744475226681,2245.0040526056046,0.003847369437748006,0.0019991103111091,0.0047631515856714,0,0,0
2016-12-27,2261.0,0.00044238,-0.0057401778972203,-0.007050172484147301,-0.005713606107450648,2247.064359908658,2244.122644996693,2247.1240692237166,0.003601163436773943,0.0036179110661989,0.0044435725696515,0,0,0
2016-12-28,2245.25,-0.0069903196,-0.0096684888705094,-0.006611143367459294,-0.006032525975630691,2239.24488567563,2246.1015071465463,2247.4015166101663,0.0038021717924344948,0.0060938412544629,0.0041668619296523,0,1,1
2016-12-29,2245.0,-0.000111352376,-0.0052431706713218,-0.008644679430039279,-0.007179984976947769,2233.5085790855505,2225.92418659265,2229.1868742387082,0.004525390600841983,0.0033046580669444,0.0054485561133614,0,0,0
2016-12-30,2236.25,-0.0039051652,-0.011586739884263,-0.00797048239527943,-0.007030549087800688,2219.137887084651,2227.1773887807576,2229.271771125804,0.004431204363635935,0.0073028737434677,0.0050236241763151,0,0,0
2017-01-03,2252.5,0.0072403545,-0.0085378642615482,-0.008089919764804184,-0.008495067980220292,2217.2384754403106,2218.231897695758,2217.3333670323655,0.005354259224027658,0.0053812328026485,0.0050989029897349,0,0,0
2017-01-04,2264.25,0.0052028676,-0.0063175056530963,-0.00956407210192265,-0.008566026944075936,2238.3146736351882,2231.059619693676,2233.287429486441,0.005398983137672157,0.003981788373524,0.006028029603791,0,0,0
2017-01-05,2264.25,0.0,-0.0059559871062419,-0.009575788405703828,-0.008111122920253785,2250.8042373368676,2242.6715015577333,2245.95867181603,0.005112266884044968,0.0037539309839588,0.006035414138881,0,0,0
2017-01-06,2271.5,0.0031968278,-0.0087244452298126,-0.008756300969222327,-0.007687021550700137,2244.581597594596,2244.5100959270144,2246.911387974542,0.004844964883031847,0.005498830786877,0.0055189087764787,0,0,0
2017-01-09,2265.0,-0.0028656472,-0.0051340181432379,-0.00852461857636326,-0.008059913709892357,2259.867962882334,2252.2186288344164,2253.265489013263,0.005079990816617226,0.0032358615685903,0.0053728843312478,0,0,0
2017-01-10,2263.75,-0.0005520287,-0.0071691552202596,-0.008307112599333926,-0.007300254436610112,2248.819931437845,2246.262325701813,2248.525132231515,0.004601193862836505,0.0045185648373782,0.0052357949769893,0,0,0
2017-01-11,2270.5,0.0029773414,-0.0077661230284266,-0.007671914493376251,-0.007379040683547949,2246.2375290150635,2246.449153730318,2247.1071762066276,0.004650851145200301,0.0048948208486035,0.0048354432286775,0,0,0
2017-01-12,2263.5,-0.0030877837,-0.0104906551174493,-0.007575491545189506,-0.007538637355150819,2246.8054704305478,2253.364832052712,2253.447879518773,0.0047514415057534395,0.0066120350136667,0.0047746699116259,0,0,0
2017-01-13,2272.5,0.0039682593,-0.0040225016348003,-0.007579131607685782,-0.008393573477237525,2254.4133553233787,2246.4094830557233,2244.580657953523,0.005290289414716079,0.0025352965428815,0.0047769641649788,0,0,0
2017-01-17,2262.75,-0.0042996593,-0.0056980396118931,-0.007873053213998586,-0.007190627376097861,2259.588026385641,2254.6787325189257,2256.2179086692154,0.0045320982768662175,0.0035913522083507,0.0049622166521167,0,0,0
2017-01-18,2266.5,0.0016559036,-0.0046874603610217,-0.008258775931399521,-0.00699817496393421,2252.16826916541,2244.1394108854565,2246.9701590450145,0.004410799647424657,0.0029544057721141,0.0052053294114695,0,0,0
2017-01-19,2261.5,-0.0022084815,-0.0079987112905462,-0.0077410074974181495,-0.006642519825759087,2248.443232566381,2249.0227395834177,2251.494620753063,0.0041866378386456295,0.0050414162438086,0.0048789910678553,0,0,0
2017-01-20,2266.0,0.0019878526,-0.0060557423044169,-0.0075392338594642986,-0.007207541199357317,2247.846322081683,2244.514133293902,2245.2587456418205,0.004542758697054893,0.0038168045467386,0.0047518174696339,0,0,0
2017-01-23,2262.0,-0.0017667849,-0.0076232944424209,-0.007240955454750342,-0.007056891150476701,2248.791291658517,2249.651256633045,2250.0653752375124,0.004447807200998903,0.0048047990529149,0.0045638189858682,0,0,0
2017-01-24,2274.5,0.0055108704,-0.0084833298396549,-0.007051395123785573,-0.007356653890746755,2242.891872771545,2246.1058480603324,2245.4203091973864,0.004636741229643265,0.0053468609256807,0.0044443431732036,0,0,0
2017-01-25,2294.0,0.008536771,-0.0062666103174569,-0.00808247213395978,-0.007754782070914866,2260.2911619573542,2256.19050977781,2256.9299621371783,0.004887672886220212,0.0039497101346045,0.0050942089076818,0,0,0
2017-01-26,2294.0,0.0,-0.0048883259541739,-0.010044439242140324,-0.007505495997967007,2282.813544058285,2271.0733915976803,2276.8468441750892,0.004730553218830794,0.0030810070491644,0.0063307947137841,0,0,0
2017-01-27,2289.0,-0.0021819777,-0.0042601918146153,-0.009162676166019883,-0.007160029972641456,2284.2479076187547,2273.07682340384,2277.6335532874327,0.004512813389438689,0.0026851075674311,0.0057750383508312,0,0,0
2017-01-30,2276.0,-0.0056955246,-0.0107902708456429,-0.008541854490204271,-0.006671428969014575,2264.4338461138896,2269.5309642839097,2273.7799253645126,0.004204858651862762,0.0068008763837511,0.0053837477582248,0,0,0
2017-01-31,2274.5,-0.00065926823,-0.0078882123722435,-0.009114175727068897,-0.007937745535675283,2258.117053609045,2255.350381116482,2258.005204698118,0.005002990835544982,0.0049717711445646,0.0057444695639507,0,0,0
2017-02-01,2274.5,0.0,-0.0081828587324651,-0.008337272289896695,-0.008041731378797008,2255.964029854918,2255.615705317338,2256.2824305554172,0.005068530883134848,0.0051574804285533,0.005254803983364,0,0,0
2017-02-02,2275.5,0.00043956045,-0.0075268246471889,-0.007907128694028041,-0.00810856913761425,2257.4445047215504,2256.5861526686144,2256.1316307341176,0.005110657289597257,0.0047439962091751,0.0049836936966425,0,0,0
2017-02-03,2291.0,0.006788595,-0.0089167375802915,-0.007482031916961301,-0.00792092884519451,2255.3001558284755,2258.538169977749,2257.547122012511,0.004992391636064302,0.0056200285328701,0.0047157643116142,0,0,0
2017-02-06,2286.5,-0.0019661393,-0.0044640390475173,-0.0087683178740121,-0.008162840921360697,2280.795679729874,2270.9995968383196,2272.3750511145968,0.0051448636313717365,0.0028135881080929,0.0055264827739399,0,0,0
2017-02-07,2288.5,0.000874317,-0.0053022087089832,-0.008309253382606154,-0.007249067774929448,2274.408583720832,2267.5796081666085,2269.9849382543202,0.004568932007358833,0.0033418684763788,0.00523714426679,0,0,0
2017-02-08,2290.25,0.0007644008,-0.005036770956588,-0.00794520709040027,-0.006916585164354508,2277.0023295392534,2270.3894349395873,2272.726008812567,0.0043593753459354465,0.003174568751706,0.0050076936935215,0,0,0
2017-02-09,2304.25,0.006094262,-0.0077798563608003,-0.007458055362383621,-0.006619736407444938,2272.5013146027336,2273.2327254727384,2275.1392185684854,0.004172277938530946,0.0049034766735728,0.004700652403292,0,0,0
2017-02-10,2312.75,0.0036820488,-0.0050181420031449,-0.00846034199972091,-0.007096904651752326,2292.715910343177,2284.8374909711224,2287.954848418216,0.004473026853012223,0.0031628273217329,0.0053323721830016,0,0,0
2017-02-13,2326.25,0.005820236,-0.0056517300054763,-0.008348680343396083,-0.006811089715964089,2299.715828932523,2293.521965575777,2297.0511759989813,0.00429288382650882,0.0035621642562477,0.0052619942349099,0,0,0
2017-02-14,2337.0,0.0046105264,-0.0074484959473227,-0.00889641319228201,-0.0067861277481851955,2308.9873066644595,2305.646503311797,2310.517213053341,0.0042771508333719534,0.0046946273089213,0.0056072185068379,0,0,0
2017-02-15,2350.5,0.005760016,-0.007368415579872,-0.008890318408332239,-0.007255079021953054,2319.8432992651124,2316.315408420842,2320.1062372195224,0.004572720767484001,0.0046441543701426,0.0056033770951791,0,0,0
2017-02-16,2345.5,-0.0021294728,-0.0063976337741496,-0.009354444547306258,-0.0075123004960165225,2335.510362047644,2328.6148991615596,2332.908496744226,0.004734841948071257,0.0040322914103747,0.0058959058502756,0,0,0
2017-02-17,2348.0,0.0010653032,-0.0057295342828489,-0.008680116772696016,-0.007444524365176648,2332.099802443193,2325.2288911815663,2328.1037020267368,0.004692124105840536,0.0036112026242468,0.0054708915107045,0,0,0
2017-02-21,2360.0,0.005097717,-0.0070633555377148,-0.008067624802412906,-0.007144024456496946,2331.473675559575,2329.133423524043,2331.2856056847972,0.004502725455751565,0.0044518815656865,0.0050848509529165,0,0,0
2017-02-22,2361.0,0.00042363905,-0.0040199380097324,-0.008492013590117708,-0.007244310003287893,2350.531989454938,2340.0437024301245,2342.9652055569427,0.004565933285893986,0.0025336807449622,0.0053523341074284,0,0,0
2017-02-23,2362.75,0.0007409368,-0.0068851806347859,-0.008028720311478627,-0.006591614155331042,2344.7999227483247,2342.120083546015,2345.4883784554863,0.004154553085930372,0.0043395817442232,0.0050603302863455,0,0,0
2017-02-24,2365.0,0.00095182704,-0.0075935636174589,-0.007692202032368498,-0.006873527013004216,2344.87625615488,2344.6449726847186,2346.5652608918735,0.004332236716253651,0.0047860603513341,0.0048482300295642,0,0,0
2017-02-27,2368.25,0.0013732638,-0.0040148875797987,-0.007522473628027621,-0.007211987914838566,2355.5238264885647,2347.276097244608,2348.0050060897483,0.004545561366490563,0.00253049756725,0.0047412538550783,0,0,0
2017-02-28,2362.75,-0.0023250908,-0.0051923139370729,-0.0073017890542125645,-0.0065343786654921635,2355.9851714936176,2351.0205176458917,2352.8254076723288,0.00411847878374408,0.0032726041576537,0.004602161099411,0,0,0
2017-03-01,2393.5,0.012930535,-0.0130996715818435,-0.0073112349303802214,-0.0064267046676370005,2332.0005942471694,2345.53837545288,2347.613992966317,0.004050614171295271,0.0082564421570408,0.0046081146326514,0,0,0
2017-03-02,2382.0,-0.004816259,-0.00635974849703,-0.011949342360683396,-0.008365377797368314,2378.3262437527205,2365.0694505356496,2373.560983222932,0.0052725182821755315,0.0040084131324204,0.0075314143106003,0,0,0
2017-03-03,2381.25,-0.00031491104,-0.0044376939090033,-0.010869359179786833,-0.008251190121628383,2371.4528329670898,2356.249386289173,2362.4265283982354,0.00520054823820127,0.0027969833320952,0.0068507240652045,0,0,0
2017-03-06,2375.5,-0.0024176182,-0.0061925267456363,-0.009611160036267932,-0.007478390749172772,2366.549608946109,2358.473056919773,2363.508503634333,0.004713469361619291,0.0039030168475475,0.0060577081193009,0,0,0
2017-03-07,2366.5,-0.0037958713,-0.0048170821934891,-0.008875679274183583,-0.007298529751617189,2364.0845379328507,2354.509115862739,2358.2254586344775,0.004600106830860611,0.0030361036341842,0.0055941503627704,0,0,0
2017-03-08,2364.0,-0.0010569708,-0.0063589573972732,-0.008584051417136194,-0.0067603835146351245,2351.4992723611863,2346.272782264854,2350.5555085766923,0.004260924794890338,0.0040079145192039,0.0054103435766193,0,0,0
2017-03-09,2366.25,0.000951324,-0.0071691879639797,-0.008120872362177768,-0.006813962649162155,2347.1126462898746,2344.8799983601975,2347.9465482213345,0.004294694574711374,0.004518585475043,0.0051184117482735,0,0,0
2017-03-10,2371.75,0.0023216559,-0.0080895007186444,-0.007701878372862624,-0.007042280761683153,2347.185434298831,2348.095432179221,2349.6447412212083,0.004438598586171261,0.0050986388739242,0.0048543288195287,0,0,0
2017-03-13,2375.0,0.0013693582,-0.002939855711872,-0.007489865634120828,-0.007428278907941939,2364.787636402061,2354.0522707234154,2354.1972535604864,0.0046818849424283045,0.001852928028269,0.0047207017355945,0,0,0
2017-03-14,2363.0,-0.0050654393,-0.0072670710429724,-0.007326948381348077,-0.006383653454342328,2357.8032668938854,2357.662092136477,2359.8871120876133,0.004023479914521189,0.0045802790812382,0.0046180184839192,0,0,0
2017-03-15,2380.5,0.0073785516,-0.0093111627843821,-0.008049181456784864,-0.006829468047130709,2341.0998385489784,2344.0561278298555,2346.9169488581665,0.004304467294634117,0.0058686262830127,0.00507322650757,0,0,0
2017-03-16,2379.0,-0.0006303183,-0.00718449809949,-0.009416752895237798,-0.007713684498448583,2363.4585925560104,2358.188634910672,2362.2082132853593,0.004861769967376584,0.0045282351252245,0.0059351774661618,0,0,0
2017-03-17,2375.25,-0.0015775362,-0.0041644939963358,-0.00849430259119052,-0.007850374601250047,2369.1132696860363,2358.877637842947,2360.3970743301384,0.004947922808703117,0.0026247912842141,0.0053537768157312,0,0,0
2017-03-20,2370.25,-0.0021072603,-0.0047510391589861,-0.008040336379702723,-0.007022794654302506,2363.99185934807,2356.2287620618695,2358.6275433649157,0.004426316910447635,0.0029944781254191,0.0050676516451128,0,0,0
2017-03-21,2342.25,-0.011883429,-0.0158240091437386,-0.007777683801607687,-0.006636677982926875,2333.038337647549,2351.8864504811745,2354.5714981422484,0.004182955850350478,0.0099735337158259,0.0049021073560907,0,1,1
2017-03-22,2342.5,0.00010672928,-0.0078641672889908,-0.011539819280102892,-0.009222317716643832,2323.9023930516346,2315.376215822967,2320.748326356029,0.00581262914154731,0.0049566160440877,0.0072733006925862,0,0,0
2017-03-23,2340.0,-0.0010678058,-0.0084312141942801,-0.009886821344411226,-0.009067221674996092,2322.8329059943903,2319.454233414406,2321.3560365895028,0.0057148754315668685,0.0053140135516969,0.0062314515319811,0,0,0
2017-03-24,2344.75,0.0020278571,-0.0099340823286261,-0.008998944960660664,-0.008912702503764608,2316.869328570621,2319.036933002451,2319.236941069655,0.005617485310642395,0.0062612391171138,0.0056718420822908,0,0,0
2017-03-27,2338.5,-0.0026690883,-0.0114200566293995,-0.008352763026106288,-0.009102340956202964,2318.125140283177,2325.246426652405,2323.5041263254648,0.005737010361596968,0.0071978168614131,0.0052645674622944,0,0,0
2017-03-28,2351.5,0.005543724,-0.0120498328527623,-0.007983454924221381,-0.0095733526879472,2310.4905593228896,2319.9050155332243,2316.21953428251,0.006033878958197818,0.0075947513133639,0.005031800483192,0,0,0
2017-03-29,2357.0,0.0023362015,-0.0049671643722975,-0.008638918147557482,-0.010030531526755824,2339.848673960157,2331.273079128874,2328.031104632133,0.006322028978941719,0.0031306972139081,0.005444924900528,0,0,0
2017-03-30,2364.5,0.0031769592,-0.0056010201044061,-0.008160759945250864,-0.00829328850861788,2343.835297910722,2337.8433614892033,2337.5335509969514,0.005227081948982634,0.0035302028927616,0.0051435520367433,0,0,0
2017-03-31,2359.25,-0.002222811,-0.0039697328266072,-0.007951359252749889,-0.0075602395694956285,2355.132172918949,2345.7735600361557,2346.691217693231,0.004765056918329822,0.0025020374943763,0.0050115712695556,0,0,0
2017-04-03,2356.0,-0.0013785061,-0.0110742552078004,-0.0077022472396133055,-0.006715449197410869,2333.2671990272856,2341.148274671645,2343.459655451048,0.004232603658080893,0.0069798656389403,0.0048545613083336,0,0,0
2017-04-04,2356.5,0.00021220159,-0.0066119141874413,-0.00737116913033518,-0.008006924888264344,2340.47371596726,2338.69737416318,2337.211006375006,0.005046593098360851,0.0041673477609615,0.0046458898739668,0,0,0
2017-04-05,2346.5,-0.004252611,-0.0139444572223237,-0.0071464383914515055,-0.007648051648624051,2323.8679335509164,2339.719449931539,2338.5461099434383,0.0048204029892205,0.0087888924350608,0.0045042469072016,0,0,0
2017-04-06,2353.75,0.0030849448,-0.0105477054103155,-0.007633451919046531,-0.00946231199860233,2321.8798803960617,2328.6562962446496,2324.4014016947895,0.0059638923922808095,0.0066479925901715,0.0048112010926682,0,0,0
2017-04-07,2352.25,-0.0006374841,-0.0113947477114216,-0.007723576455571893,-0.009654346682000516,2327.0818396035475,2335.64065639158,2331.1354216387235,0.0060849277362370925,0.007181865193004,0.0048680046558799,0,0,0
2017-04-10,2352.5,0.00010627557,-0.0074953648402613,-0.007350682085831341,-0.010042487820188992,2334.684938560868,2335.02275164578,2328.745776002711,0.006329564774364285,0.0047241677673285,0.0046329773290333,0,0,0
2017-04-11,2351.0,-0.0006378229,-0.0106803098683109,-0.007069458779943078,-0.008991662202092951,2327.50826831879,2335.927745674188,2331.4419300738145,0.005667251915699039,0.0067315703371681,0.0044557283084169,0,0,0
2017-04-12,2340.75,-0.0043693786,-0.0078175249638892,-0.006951007663901066,-0.00934088937627878,2332.6926511240454,2334.7148456685472,2329.141815449315,0.00588736231658333,0.0049272183865307,0.0043810711094232,0,0,0
2017-04-13,2327.5,-0.0056766607,-0.0089017414176236,-0.00764917493720082,-0.008671746144760106,2320.005715886206,2322.9134979953415,2320.5393676002095,0.005465615683372558,0.00561057677304,0.0048211109739285,0,0,0
2017-04-17,2345.0,0.0074906717,-0.0067948398705175,-0.008354034321271955,-0.00871307787660357,2311.738618873486,2308.136977406696,2307.308404455926,0.005491666187851531,0.0042826418973007,0.0052653687323823,0,0,0
2017-04-18,2337.25,-0.0033103772,-0.0073424531904008,-0.009488481495773866,-0.0081892830076719,2327.8450042163354,2322.8547394866423,2325.874550094186,0.0051615295114875795,0.0046277908326609,0.0059803864653059,0,0,0
2017-04-19,2333.75,-0.0014986087,-0.0084622299217323,-0.008871288919064335,-0.00814097506090232,2317.5551020209955,2316.607279125659,2318.299747466841,0.005131082048302223,0.0053335620997706,0.0055913832160626,0,0,0
2017-04-20,2352.0,0.007789614,-0.009456479143814,-0.008185450542145532,-0.008327328344004509,2311.7849614476554,2314.7251744061155,2314.3967895822725,0.005248536527454238,0.005960216068957,0.0051591139906297,0,0,0
2017-04-21,2347.5,-0.0019150979,-0.0070700336884375,-0.009478425559389094,-0.008617291658882326,2335.4299252797687,2329.812062555471,2331.8192067902855,0.005431294188361612,0.0044560906609156,0.0059740484241896,0,0,0
2017-04-24,2370.0,0.009539023,-0.0051456185727946,-0.008749236021221572,-0.008238505621440743,2335.4516850010627,2327.0507565165135,2328.239555631782,0.0051925534696732265,0.0032431730706408,0.0055144558912177,0,0,0
2017-04-25,2385.0,0.0063091693,-0.0077063827179834,-0.010542432704204673,-0.007422341666844948,2351.80606770328,2345.145677201796,2352.474172050863,0.004678142826652085,0.0048571678116906,0.0066446693165503,0,0,0
2017-04-26,2382.25,-0.0011537051,-0.006216869223682,-0.010229180995784884,-0.007774967187399248,2370.2187610235737,2360.7277575514286,2366.5286035584145,0.004900395132396018,0.0039183593895866,0.0064472334804682,0,0,0
2017-04-27,2386.0,0.0015729044,-0.004322630454671,-0.00905444569603276,-0.007534726026294929,2371.9746378956474,2360.7774046635973,2364.3678520670824,0.004748976279029696,0.0027244613036498,0.0057068230059277,0,0,0
2017-04-28,2380.5,-0.002307774,-0.0043320066156288,-0.008246003473093887,-0.0067930617566062884,2375.6861880951315,2366.4059331123262,2369.846682009197,0.004281521190223078,0.0027303708968881,0.0051972792048254,0,0,0
2017-05-01,2387.0,0.0027267977,-0.0060580148522068,-0.00787060578760014,-0.006309542300549905,2366.122489201945,2361.837561609616,2365.5274192911143,0.003976769243138648,0.0038182368848899,0.0049606740917276,0,0,0
2017-05-02,2385.75,-0.000523807,-0.0032859414282187,-0.007685839733482198,-0.0064223186601424275,2379.1693304175496,2368.7242228688674,2371.7190474549475,0.004047849764802098,0.0020710584356263,0.0048442200089761,0,0,0
2017-05-03,2383.25,-0.0010484379,-0.0049382504709914,-0.007361255054304545,-0.005876800739063895,2373.9976109423465,2368.252367037253,2371.7705401206326,0.003704021514385744,0.0031124734017937,0.0046396412443904,0,0,0
2017-05-04,2385.5,0.00094364356,-0.0067904552893437,-0.0072152117328715135,-0.0059303197437755506,2367.1214694387127,2366.116232847429,2369.1583906438386,0.0037377533956732593,0.0042798783897869,0.004547593269882,0,0,0
2017-05-05,2397.75,0.0051220516,-0.0081827219359422,-0.00707255928943847,-0.006424143368770541,2366.059762322895,2368.687932068435,2370.2243250917004,0.004048999839530868,0.0051573942086377,0.0044576824930807,0,0,0
2017-05-08,2395.0,-0.0011475667,-0.0057826760365051,-0.007760234565849715,-0.007108002071716843,2383.924600961327,2379.214908914085,2380.7672163658544,0.004480021318900698,0.0036446967322818,0.0048911094768828,0,0,0
2017-05-09,2393.25,-0.00073095603,-0.0052460404302763,-0.0073578140148568335,-0.007010843853496703,2382.4686319408033,2377.442706294085,2378.2677510981994,0.0044187845769103435,0.0033064668144893,0.0046374724309982,0,0,0
2017-05-10,2395.25,0.0008353347,-0.0042154173452697,-0.00698855278143092,-0.006773237997185459,2383.1826863106003,2376.5829531587656,2377.0947216982554,0.004269026699657372,0.0026568871793126,0.0044047349920807,0,0,0
2017-05-11,2391.0,-0.0017759211,-0.007457167420718,-0.006856790116686571,-0.006341278123299325,2377.454653639639,2378.882452021032,2380.109110607348,0.003996771651840242,0.0047000927526965,0.0043216878093233,0,0,0
2017-05-12,2388.75,-0.0009414719,-0.0033495502037341,-0.006894624870952516,-0.006855925165895756,2383.004623395872,2374.5716506644253,2374.663547665124,0.0043211426493833405,0.0021111496831391,0.0043455342438061,0,0,0
2017-05-15,2398.5,0.0040733255,-0.0053309520115758,-0.0066742187855530575,-0.006178137839788435,2376.0495711485437,2372.8600453778827,2374.0374680576924,0.0038939478286721995,0.0033599847637815,0.0042066170134167,0,0,0
2017-05-16,2397.0,-0.0006255865,-0.0048981899146469,-0.007201827336652976,-0.006240128788583662,2386.7804172922324,2381.28846876262,2383.5796519627556,0.003933019394687432,0.0030872240919792,0.0045391573718906,0,0,0
2017-05-17,2357.5,-0.01661622,-0.0114720049009247,-0.006974377339812811,-0.006211449179334943,2369.6587336806992,2380.3405795874005,2382.157301373081,0.003914943251833837,0.0072305587432478,0.004395800515133,1,1,1
2017-05-18,2363.5,0.0025418357,-0.0140588448601278,-0.014177362148159872,-0.007821875959618753,2324.588166509409,2324.3126789494645,2339.131857739868,0.00492996072585906,0.0088609885108372,0.0089356874166176,0,0,0
2017-05-19,2381.5,0.00758697,-0.0104806673768556,-0.011655843214227685,-0.010427056871532841,2338.8582989532397,2336.1113435871966,2338.9836896896254,0.006571950402734497,0.0066057399548955,0.0073464280908533,0,0,0
2017-05-22,2392.75,0.0047127907,-0.005995043363778,-0.011328102442870485,-0.010510694409320282,2367.2655150393657,2354.6743527406043,2356.599869332082,0.006624665349715034,0.0037785473057652,0.0071398601090296,0,0,0
2017-05-23,2398.0,0.0021917245,-0.0056829747417185,-0.010364549657619324,-0.008944737241076998,2379.190627465566,2368.0783001960435,2371.4429151658437,0.005637676118784665,0.0035818571436521,0.0065325534458833,0,0,0
2017-05-24,2402.0,0.001666667,-0.003805811320351,-0.009021086936474212,-0.007876324085612216,2388.8910089990336,2376.464715408526,2379.1867616825707,0.00496427821237127,0.0023987212832604,0.0056857976949491,0,0,0
2017-05-25,2413.5,0.0047762524,-0.0056486576443705,-0.008393030640395165,-0.006702443812150795,2388.4701729936346,2381.9243062074765,2385.9545618540806,0.00422440664257108,0.0035602278129104,0.0052899472762921,0,0,0
2017-05-26,2413.75,0.00010357864,-0.0035919049871112,-0.008670799831438732,-0.006491147640922668,2404.8464879140242,2392.6634897569566,2397.8843517382247,0.004091231195778412,0.0022639007073104,0.0054650192423739,0,0,0
2017-05-30,2410.75,-0.0012436523,-0.0040915174654804,-0.007956468572220429,-0.0059759443975340165,2403.894275900495,2394.621273452127,2399.3685782976568,0.003766509636800243,0.0025787957413439,0.0050147915640803,0,0,0
2017-05-31,2411.0,0.00010369679,-0.0065147210142253,-0.007633318457174152,-0.005786158511413731,2395.09568343364,2392.41803341197,2396.841296156008,0.003646891661556748,0.0041060889875866,0.0048111169745113,0,0,0
2017-06-01,2429.5,0.0076438757,-0.0066931819119308,-0.007282858663601735,-0.00624332491953937,2394.916622937353,2393.504812579399,2395.9942352939297,0.003935033847507662,0.0042185690654263,0.0045902296800535,0,0,0
2017-06-02,2437.75,0.003390008,-0.0047634981761108,-0.008960716060618256,-0.006608909571649609,2417.954601255367,2407.8271873081003,2413.4965949732727,0.004165454016043316,0.0030023307768066,0.0056477472261751,0,0,0
2017-06-05,2434.5,-0.0013340861,-0.0027465462509073,-0.00850242178804882,-0.006545136698902592,2431.063793068267,2417.1110859963683,2421.846694439867,0.0041252593415635475,0.0017310892193422,0.0053588941714453,0,0,0
2017-06-06,2430.75,-0.0015415449,-0.0041482694902856,-0.00791926659263768,-0.005972579440558218,2424.4219555999816,2415.2966839308096,2420.0030904181194,0.0037643887765589743,0.0026145653258843,0.0049913439539144,0,0,0
2017-06-07,2432.0,0.0005141124,-0.0049773144423178,-0.007623340422109086,-0.005878085435696237,2418.68145231285,2412.290018032878,2416.5037551688406,0.003704831231130779,0.0031370945854367,0.0048048280329267,0,0,0
2017-06-08,2432.5,0.00020557098,-0.0054026530196671,-0.007211853221645926,-0.005985851362788367,2418.896177433019,2414.523866365897,2417.4858924680575,0.0037727537846067986,0.0034051763719992,0.0045454764722589,0,0,0
2017-06-09,2430.5,-0.0008225376,-0.0142500120467551,-0.006943311255309093,-0.006136944290886073,2398.082651913767,2415.6688947908888,2417.617595963165,0.0038679844179385294,0.0089814770901768,0.0043762202280893,0,0,0
2017-06-12,2428.5,-0.0008232147,-0.0055181672132726,-0.006698125692037655,-0.008440762662538348,2417.125031184494,2414.274606032097,2410.071065532995,0.005320031746532561,0.0034779824917452,0.004221685024039,0,0,0
2017-06-13,2438.0,0.0039042484,-0.0044679210764934,-0.006639675043671525,-0.007589859285280886,2417.673856851881,2412.428961434604,2410.137798137458,0.0047837255901786585,0.0028160348677306,0.0041848448334845,0,0,0
2017-06-14,2435.25,-0.0011286103,-0.0079726899957676,-0.007199026526577528,-0.006868086421055372,2418.6398605356353,2420.511797872254,2421.3129748655465,0.004328807627787956,0.0050250155795745,0.004537392081346,0,0,0
2017-06-15,2432.0,-0.0013354566,-0.0084120135315734,-0.0070552514120270785,-0.007361641774566381,2414.8505645028363,2418.1291659112785,2417.38838792888,0.004639884985880625,0.0053019117856317,0.0044467737090081,0,0,0
2017-06-16,2431.0,-0.00041126876,-0.0076218700628668,-0.006795406449967848,-0.007766100352316627,2413.534073846825,2415.5295964371703,2413.185994231172,0.004894806556337581,0.004803901297019,0.0042829990001815,0,0,0
2017-06-19,2447.5,0.0067644003,-0.0064957617698405,-0.00657051087877987,-0.00778216542010521,2415.2599801926804,2415.0794484086828,2412.154978508761,0.0049049320241492484,0.004094139382314,0.0041412521431487,0,0,0
2017-06-20,2437.5,-0.0040941713,-0.0066219023953165,-0.008047445210586382,-0.0074775136633081175,2431.3464365748514,2427.8829174147263,2429.267038872235,0.004712916553202451,0.0041736431142503,0.0050721321888141,0,0,0
2017-06-21,2433.5,-0.0016423736,-0.0054555378026251,-0.008113939696196788,-0.007460737444818463,2424.2383342576045,2417.8022930617417,2419.382122880982,0.004702342862350102,0.0034385085169123,0.0051140422375336,0,0,0
2017-06-22,2431.75,-0.00071938755,-0.0050712444016547,-0.007521824121682192,-0.007121236990983685,2421.1903657116527,2415.2643098049916,2416.232027419405,0.004488363004774048,0.0031962966250629,0.0047408444851534,0,0,0
2017-06-23,2435.0,0.0013355938,-0.0045959573225487,-0.006991611560373635,-0.006755404303385024,2420.599424193786,2414.8074454844004,2415.3779078982825,0.004257786504787621,0.0028967333686782,0.0044066628748718,0,0,0
2017-06-26,2436.0,0.00041059332,-0.0078857461424048,-0.006854626917058356,-0.0063734365892702755,2415.8737197524474,2418.3660583191772,2419.530032699639,0.004017040443503411,0.0049702167327702,0.004320324390974,0,0,0
2017-06-27,2420.5,-0.0063832193,-0.0073250055883938,-0.006469540472113721,-0.006947206272834281,2418.2214797599136,2420.2910689837663,2419.135254780758,0.004378675174130998,0.0046167939831712,0.0040776126605095,0,0,0
2017-06-28,2438.5,0.007408966,-0.0100097708165587,-0.0074960836106027235,-0.0071495257564324665,2396.3922077668058,2402.42356549748,2403.2562885381676,0.0045061928071597574,0.0063089439483888,0.0047246207928652,0,0,0
2017-06-29,2420.0,-0.007615556,-0.0176630395127807,-0.008176018706364372,-0.008109359497783651,2395.806833646148,2418.6440602614084,2418.805290533985,0.005111155436667672,0.0111326351308631,0.0051531693067439,0,0,0
2017-06-30,2421.0,0.00041313778,-0.0068305581703622,-0.008663951308889663,-0.011028140812816641,2403.5263753037293,2399.1238035945676,2393.4585198204963,0.006950800724418471,0.004305154375936,0.0054607027654352,0,0,0
2017-07-03,2425.0,0.0016508464,-0.0068197690504806,-0.008032645485286405,-0.009366033757103355,2404.545510810624,2401.6308621357944,2398.43068972131,0.005903210280752176,0.0042983542249802,0.0050628042392456,0,0,0
2017-07-05,2428.0,0.0012363488,-0.0057588876992234,-0.007558869869320751,-0.00845919707632123,2411.0748325525583,2406.738844364601,2404.572967048315,0.005331650562328545,0.0036297034532861,0.0047641936256743,0,0,0
2017-07-06,2408.5,-0.008063726,-0.0086044939437925,-0.00727481447645947,-0.007589139462010289,2407.1979127653535,2410.4008433673816,2409.643313218682,0.004783271901003336,0.0054232280629079,0.0045851596013553,0,1,1
2017-07-07,2422.5,0.0057959175,-0.0060640786472517,-0.008246014808132454,-0.007855231818355492,2393.9388611451286,2388.7211338210873,2389.654787823675,0.0049509842085118634,0.0038220587649064,0.0051972863490572,0,0,0
2017-07-10,2424.5,0.0008252528,-0.0049365492250321,-0.008248840884689074,-0.007436040857667042,2410.5706785695656,2402.5993743461213,2404.553001028869,0.004686777132933294,0.0031114011429382,0.0051990675645232,0,0,0
2017-07-11,2424.5,0.0,-0.0081105347271259,-0.00770715283299589,-0.0069427364305009644,2404.9155361478233,2405.885831218592,2407.725632908212,0.004375857928336281,0.0051118961585266,0.0048576531986727,0,0,0
2017-07-12,2440.0,0.006372722,-0.0076830425364559,-0.00736423492834257,-0.0074096357743191465,2405.9438385387084,2406.710994020132,2406.6017297853455,0.004670134574991925,0.0048424569956589,0.0046415193951117,0,0,0
2017-07-13,2445.5,0.0022515617,-0.0032488443191371,-0.007917797814012384,-0.007558926542469505,2432.0856830144876,2420.7568555291527,2421.625751521572,0.0047642293455449555,0.002047676923089,0.0049904182142357,0,0,0
2017-07-14,2456.0,0.0042844093,-0.0079368983098259,-0.007548058897034585,-0.00657301554089848,2426.167138150911,2427.1107109935097,2429.478403280605,0.0041428307779851565,0.0050024568472556,0.0047573797016164,0,0,0
2017-07-17,2458.5,0.0010173976,-0.0029060111726339,-0.00763919161187474,-0.007142977966440899,2448.873196860214,2437.309625968642,2438.519352379749,0.00450206587550471,0.0018315965407729,0.0048148186980058,0,0,0
2017-07-18,2457.75,-0.00030511062,-0.0059114771493797,-0.007321262045202088,-0.006227378955038933,2444.0095057392837,2440.566405638366,2443.237560659214,0.003924983447945084,0.0037258773123878,0.0046144345081545,0,0,0
2017-07-19,2471.5,0.0055789566,-0.004470303417698,-0.0071050606418077995,-0.006405680046422573,2446.7876325850493,2440.349426473737,2442.056756475716,0.004037362803286075,0.0028175364063174,0.0044781673986897,0,0,0
2017-07-20,2471.25,-0.000101158264,-0.0048800032116955,-0.007438465706904101,-0.006146502040674207,2459.468452933486,2453.184037786742,2456.355510702882,0.0038740084627234823,0.0030757614030097,0.0046883054634216,0,0,0
2017-07-21,2469.5,-0.0007083945,-0.0055523114067899,-0.007201271322904036,-0.006128795544560143,2457.5668720817034,2453.517782129464,2456.1505320504443,0.003862848437828487,0.0034995028449093,0.0045388069283449,0,0,0
2017-07-24,2468.5,-0.0004050223,-0.0031439412870827,-0.0070811919654568,-0.006262435215573922,2461.748228933213,2452.0747649715863,2454.0832398506054,0.003947078657396782,0.0019815587909783,0.004463123483701,0,0,0
2017-07-25,2474.0,0.0022255953,-0.0049359197742387,-0.007058752011206645,-0.005769797998089987,2456.345703031226,2451.1368239320436,2454.2982636154306,0.0036365799807582602,0.0031110044135977,0.0044489800616224,0,0,0
2017-07-26,2473.25,-0.00030319876,-0.0036527516632032,-0.007054063200230295,-0.005892067352284854,2464.9795770972673,2456.6096560469105,2459.465885409208,0.0037136437334013314,0.0023022510627727,0.0044460248045864,0,0,0
2017-07-27,2472.0,-0.00050553563,-0.0106327714690711,-0.006854559570888722,-0.00567117816281919,2447.091811428858,2456.354930821534,2459.2634561862856,0.003574422012876165,0.0067016079032926,0.0043202819441271,0,0,0
2017-07-28,2470.25,-0.0007081795,-0.0047241454559672,-0.00669593248193762,-0.007202544642968166,2460.3494535385416,2455.5029481152037,2454.2592755166734,0.004539609474682891,0.0029775276009745,0.0042203026907327,0,0,0
2017-07-31,2468.0,-0.000911254,-0.0043143022146502,-0.006576124687178269,-0.006692834605116812,2459.615551561576,2454.0586245934514,2453.7722283257262,0.004218350165387249,0.002719212192512,0.004144790406229,0,0,0
2017-08-01,2472.25,0.0017205612,-0.0046956410260253,-0.006445357403864453,-0.006295808997621012,2456.438323931659,2452.1440115750443,2452.510753225986,0.003968113436727845,0.0029595618698823,0.0040623705910475,0,0,0
2017-08-02,2473.5,0.0005054845,-0.0057886235976846,-0.006379788432264823,-0.0061290210313678,2457.9804157821977,2456.5277736140893,2457.1438679440685,0.003862990557329191,0.0036484453525848,0.0040210438739671,0,0,0
2017-08-03,2471.75,-0.0007077499,-0.0038137502873293,-0.006390297108179952,-0.006287681065461942,2464.0846539655518,2457.7439964922514,2457.996213395714,0.003962990575340945,0.002403725043945,0.0040276672671032,0,0,0
2017-08-04,2472.0,0.0001011378,-0.0045095438655573,-0.006262701180947859,-0.0059232203783621765,2460.6286299503463,2456.318540104005,2457.1525546513594,0.0037332788178549526,0.0028422688193357,0.00394724628967,0,0,0
2017-08-07,2477.5,0.0022224477,-0.0019103925431875,-0.006076755918215611,-0.005865507319028107,2467.28201766727,2457.0238087848797,2457.5429064500527,0.00369690351385435,0.001204079463483,0.0038300489770097,0,0,0
2017-08-08,2472.75,-0.0019190956,-0.0093174034930331,-0.006346231571749677,-0.005217639779611617,2454.52334047429,2461.826996138987,2464.6069623089197,0.003288566493250674,0.0058725596678823,0.0039998937042026,0,0,0
2017-08-09,2473.0,0.0001010969,-0.0069471703964805,-0.006282924899097108,-0.006566692659543267,2455.6309178442048,2457.2626014838793,2456.5654085037518,0.004138845601421837,0.0043786525620343,0.0039599928656476,0,0,0
2017-08-10,2437.5,-0.014459064,-0.0120538837409343,-0.006079355102523153,-0.006872684617417663,2443.3696844612964,2458.0113616222384,2456.062121958029,0.0043317057723753815,0.0075973045013326,0.0038316871871554,1,1,1
2017-08-11,2440.0,0.0010251154,-0.0071378069033299,-0.011067398665866392,-0.008422817959847988,2420.1635414251577,2410.6719479663684,2417.055601811894,0.0053087215851393855,0.0044988066652871,0.0069755441075552,0,0,0
2017-08-14,2463.5,0.009585064,-0.007237385361881,-0.010190013799443842,-0.008463651308029403,2422.4045291224847,2415.262617516776,2419.435837515346,0.005334457969080907,0.0045615688328711,0.0064225472363114,0,0,0
2017-08-15,2463.75,0.000101476486,-0.0060190366065866,-0.011219036316257373,-0.00832018677208611,2448.7166387478746,2436.016362272253,2443.0882524140925,0.00524403534778067,0.0037936697323216,0.0070711180676702,0,0,0
2017-08-16,2467.5,0.0015209129,-0.0055547308822856,-0.010190610067667647,-0.007891121223736208,2450.102471055248,2438.7703794067093,2444.384757312841,0.004973604531298213,0.0035010277884436,0.0064229230513896,0,0,0
2017-08-17,2429.5,-0.015520018,-0.0140045012412127,-0.010172001700171974,-0.007351804768039534,2433.184738092541,2442.527809707428,2449.4259416162063,0.004633684931560185,0.008826736892896,0.0064111945962978,1,1,1
2017-08-18,2426.75,-0.0011325612,-0.0092356616081065,-0.014364800730778934,-0.009297747679175395,2407.1652569454013,2394.850181318173,2407.0158101515144,0.005860171029804478,0.0058210395102595,0.0090538259367876,0,0,0
2017-08-21,2428.0,0.00051495957,-0.0072843342866389,-0.012741191915366698,-0.009607255063106852,2409.1369692529024,2396.026455440196,2403.5472297082306,0.006055246898435338,0.0045911597336183,0.0080305001086277,0,0,0
2017-08-22,2452.75,0.010141971,-0.0071518527661423,-0.009072132575068828,-0.008930965200670892,2410.6972486005056,2406.0724771973005,2406.412160107026,0.005628995896972459,0.0045076594714916,0.005717970666599,0,0,0
2017-08-23,2441.5,-0.0045972397,-0.0056877107205651,-0.011731304953884417,-0.008100200108022376,2438.839065716764,2424.144161749268,2432.962483798955,0.005105382469667295,0.0035848421295855,0.0073939900075512,0,0,0
2017-08-24,2440.75,-0.0003072354,-0.0066591802556485,-0.010975837982836143,-0.007549603530229854,2425.295625213593,2414.8490175485804,2423.137046708053,0.004758353250804325,0.0041971385504256,0.0069178353719907,0,0,0
2017-08-25,2442.5,0.0007167358,-0.0073401736090211,-0.010551452443848378,-0.007448761782646688,2422.900062228254,2415.131934027969,2422.6369782197835,0.004694794859226835,0.0046263540613887,0.0066503542650755,0,0,0
2017-08-28,2443.75,0.0005116398,-0.005928659944863,-0.008791603758611639,-0.00756329636116763,2428.0620891065028,2421.1206250212067,2424.0963325626867,0.0047669835485867965,0.0037367072600027,0.005541159367782,0,0,0
2017-08-29,2447.0,0.0013290397,-0.0115317078818467,-0.00824365548771812,-0.007170810554732651,2415.731251370357,2423.6873752030097,2426.2890112491227,0.004519608159208226,0.0072681882521638,0.005195799319981,0,0,0
2017-08-30,2455.75,0.003569429,-0.0068329922316394,-0.008108817263726996,-0.008367181113658266,2430.3366630689948,2427.237955842296,2426.6109263036956,0.005273654873772186,0.0043066885125757,0.0051108136781666,0,0,0
2017-08-31,2470.0,0.005785937,-0.0066267404121518,-0.007956614545711138,-0.00793698581858487,2439.530183844409,2436.288072033019,2436.3358937361236,0.005002512002150303,0.0041766924125403,0.005014883568042,0,0,0
2017-09-01,2474.25,0.0017191692,-0.0041217955795268,-0.008217788480319396,-0.007667830888854651,2459.840117781395,2449.785236540658,2451.1328850697546,0.00483286942029504,0.0025978793875014,0.0051794958997747,0,0,0
2017-09-05,2459.75,-0.005877601,-0.0117359027626156,-0.00782290888999557,-0.006920635254322802,2445.3821689518436,2454.9696800980723,2457.185734110016,0.004361928030813469,0.007396887907823,0.0049306117597308,0,0,0
2017-09-06,2465.5,0.002334908,-0.0052921482627071,-0.008230974621980523,-0.00835786619581684,2446.7670225326237,2439.586954765685,2439.2774113771234,0.005267783880757221,0.0033355275927747,0.0051878068421689,0,0,0
2017-09-07,2466.5,0.00040551502,-0.0050255924502109,-0.008053539214197696,-0.00763046656848334,2453.1404847704634,2445.7237403982353,2446.758678123256,0.004809319490210499,0.0031675231787901,0.0050759731086423,0,0,0
2017-09-08,2462.5,-0.0016230476,-0.0046295134803785,-0.007634390109910198,-0.007146448150593604,2455.107695760694,2447.741472860881,2448.936120066596,0.0045042530581796405,0.0029178830955552,0.0048117924142559,0,0,0
2017-09-11,2487.5,0.010101096,-0.0054889891634963,-0.007462940284806252,-0.006714276666011054,2449.020392737895,2444.19091433286,2446.021476299882,0.0042318646366772345,0.003459592192513,0.0047037312651682,0,0,0
2017-09-12,2494.25,0.0027098928,-0.0031430749486948,-0.007641964300318434,-0.006636453652461821,2479.693875109256,2468.5630636577653,2471.0464784439455,0.004182814459667726,0.0019810127564656,0.0048165662640888,0,0,0
2017-09-13,2494.75,0.00020044098,-0.0029193199307213,-0.0072848890143152765,-0.006058312415685785,2486.9791044617346,2476.145689587712,2479.184735375562,0.0038184244327713695,0.0018399847656719,0.00459150936658,0,0,0
2017-09-14,2494.25,-0.00020044098,-0.0039382020477971,-0.006766706884597854,-0.005631820885970976,2484.9444911519263,2477.9257445982303,2480.739504177585,0.003549615965050789,0.0024821643204738,0.0042649102794125,0,0,0
2017-09-15,2497.25,0.0012020436,-0.0056832116826994,-0.006698171778224283,-0.0055565030886719395,2480.1148538201596,2477.598913216853,2480.429125596361,0.0035021447721349966,0.0035820064824727,0.0042217140711744,0,0,0
2017-09-18,2502.75,0.002200001,-0.0033911314924872,-0.006470437355271712,-0.00592018613537094,2488.795839566972,2481.1438633809003,2482.5094915032887,0.0037313663995480486,0.002137357477988,0.0040781779467359,0,0,0
2017-09-19,2504.75,0.00079880183,-0.0020976296859867,-0.006425926406239973,-0.0056206089880887255,2497.50565956843,2486.719074623215,2488.722479388161,0.003542549346185034,0.0013220910204532,0.0040501236498217,0,0,0
2017-09-20,2505.25,0.00019960079,-0.0059151631538121,-0.006315561337196998,-0.005151662917862582,2489.9777283613535,2488.9809453706152,2491.8795528738124,0.0032469826917537726,0.0037282005219581,0.0039805629128965,0,0,0
2017-09-21,2501.0,-0.001697878,-0.0041498574314556,-0.006214500630160978,-0.005701027990782518,2494.875111712575,2489.7293986402146,2491.008134835802,0.0035932357194975143,0.0026155661711603,0.0039168665158701,0,0,0
2017-09-22,2499.5,-0.00059994,-0.0040143277546301,-0.006018301216630703,-0.005651428987496278,2490.9802909392447,2485.9934309782443,2486.905640251774,0.0035619745310683853,0.0025301447214483,0.0037932062317983,0,0,0
2017-09-25,2497.0,-0.0010007005,-0.0087336322477012,-0.005982572720163743,-0.0055838708272371385,2477.7653356328733,2484.5912004416446,2485.5820091619403,0.0035193940710216776,0.0055046211672937,0.0037706873264506,0,0,0
2017-09-26,2495.5,-0.0006009014,-0.003921693502805,-0.0059559630992161855,-0.006663449626880038,2487.2267077776396,2482.1721610051195,2480.4166787051286,0.004199829443582734,0.0024717593384883,0.0037539158528452,0,0,0
2017-09-27,2504.5,0.003600004,-0.0062518744645046,-0.005856605542440463,-0.00616433862533115,2479.947115273484,2480.927555052436,2480.1642090269283,0.003885250479638114,0.0039404224424074,0.0036912929149144,0,0,0
2017-09-28,2507.75,0.0012968229,-0.0037475690155686,-0.005924499378433493,-0.006444987600538843,2495.131778393174,2489.7059582245333,2488.4104327788873,0.004062137511939501,0.0023620124072001,0.0037340849441797,0,0,0
2017-09-29,2516.0,0.003284402,-0.0048207908206847,-0.005915276512095059,-0.0059895123434706285,2495.6897551349875,2492.9597526546413,2492.774692583946,0.003775061222243863,0.0030384411023971,0.0037282719692536,0,0,0
2017-10-02,2526.25,0.004065651,-0.0036783275186433,-0.005964757399119998,-0.00597911161992464,2506.7623279702557,2501.0373390672507,2501.0014388827053,0.003768505869171665,0.0023183709761413,0.0037594587115355,0,0,0
2017-10-03,2532.75,0.0025696792,-0.0028273964196221,-0.0060620694945005115,-0.005694495811416095,2519.117377921609,2510.982021469449,2511.9051620299333,0.003589118626884823,0.0017820473473541,0.0038207924390011,0,0,0
2017-10-04,2536.25,0.0013809432,-0.0037795249971274,-0.006068397849002826,-0.005341814786416834,2523.1954752198576,2517.4268059903225,2519.2565903335126,0.003366831337879179,0.0023821535772792,0.0038247810651717,0,0,0
2017-10-05,2550.0,0.005406747,-0.0043226869733581,-0.006060157525395343,-0.005333403550319939,2525.310246762895,2520.9264040760036,2522.759163262883,0.0033615299160939583,0.0027244969261666,0.0038195873658644,0,0,0
2017-10-06,2545.0,-0.0019627092,-0.0033334140571467,-0.006177711083730797,-0.005449234388899256,2541.513945778329,2534.2953959357765,2536.1422436806315,0.003434535610378477,0.0021009794158843,0.0038936788534782,0,0,0
2017-10-09,2543.75,-0.0004912798,-0.0049557254921082,-0.006103344776376038,-0.005306186714464479,2532.4188786629775,2529.514292920071,2531.5315195488056,0.0033443757279500554,0.0031234875329604,0.0038468073642755,0,0,0
2017-10-10,2548.5,0.0018655806,-0.0041519622717616,-0.006103137156815653,-0.005583400195797568,2533.2103412448705,2528.2724237853286,2529.5868019473614,0.0035190974421150808,0.0026168928068799,0.0038466765061177,0,0,0
2017-10-11,2553.0,0.0017641875,-0.003725206990723,-0.006145913533859118,-0.005565367611069354,2539.0239710271967,2532.885172200283,2534.3560552761737,0.003507731890557529,0.0023479181023545,0.0038736375394948,0,0,0
2017-10-12,2549.5,-0.0013718768,-0.0028907345683648,-0.006112712261505445,-0.005457631748884911,2545.6306112521283,2537.4418453023695,2539.104618572856,0.00343982828634827,0.0018219680246139,0.0038527114893251,0,0,0
2017-10-13,2552.75,0.0012739479,-0.0032554871735909,-0.0060188339829542956,-0.005193206838573765,2541.2136308535455,2534.201069806289,2536.294238968576,0.003273166934326997,0.0020518637718366,0.0037935420229902,0,0,0
2017-10-16,2556.25,0.0013701314,-0.0026586350017179,-0.005966791194152184,-0.005103792068597075,2545.9721833619647,2537.56362579723,2539.754486206669,0.003216810721754395,0.0016756806436882,0.0037607405689422,0,0,0
2017-10-17,2557.0,0.0002933555,-0.0023446933574426,-0.005857974214986665,-0.0049105209658702395,2550.26339871982,2541.3193278557064,2543.7282501003283,0.0030949960892025876,0.0014778099558277,0.0036921555598776,0,0,0
2017-10-18,2560.0,0.0011725621,-0.0022578517832568,-0.005779985828415399,-0.0047173227127274165,2551.2331857460204,2542.2632064930553,2544.9662117706066,0.0029732273721817777,0.001423075573396,0.0036430011517977,0,0,0
2017-10-19,2560.5,0.00019529343,-0.0083504896299502,-0.005780392799060575,-0.00457912358282856,2538.7117538900256,2545.244880711352,2548.304242224826,0.00288612342342746,0.0052631345894361,0.0036432576566704,0,0,0
2017-10-20,2574.0,0.0052585574,-0.0042482093711677,-0.005731943732170597,-0.005863970539708232,2549.645532255387,2545.865340664377,2545.52924037864,0.0036959349147957085,0.002677555290215,0.0036127212484986,0,0,0
2017-10-23,2563.5,-0.004087597,-0.0058889146446933,-0.005730285034283462,-0.005751750959079231,2558.8864785007945,2559.2924258627463,2559.2374888736413,0.0036252053189763044,0.0037116566493965,0.0036116758067808,0,0,0
2017-10-24,2567.25,0.0014617748,-0.002982721619765,-0.005705997573936878,-0.006093459449115139,2555.8651850518786,2548.914327698431,2547.926911878698,0.0038405768544323257,0.0018799454910212,0.0035963679412179,0,0,0
2017-10-25,2558.5,-0.0034141378,-0.0106030011044102,-0.005700997103928971,-0.00558438308701043,2540.173246510055,2552.6557555852305,2552.953448383939,0.0035197169373745577,0.0066828442806871,0.0035932162521759,0,0,0
2017-10-26,2561.5,0.0011718752,-0.0040910033732212,-0.005701811500157215,-0.00714020736956323,2548.0545486262035,2543.953425599317,2540.296843936404,0.004500319627690936,0.0025784717200144,0.0035937295486589,0,0,0
2017-10-27,2578.5,0.0066148103,-0.007780356716363,-0.005623576118268991,-0.006430157506650655,2541.647944451408,2547.135637172522,2545.0819933006946,0.004052790421700917,0.004903792036957,0.003544419464726,0,0,0
2017-10-30,2568.25,-0.0039831013,-0.0048172644476752,-0.00580482155362178,-0.006984605283483693,2566.108554020775,2563.5756261949155,2560.552944786636,0.0044022469687541085,0.0030362185050903,0.0036586545769476,0,0,0
2017-10-31,2572.75,0.0017506327,-0.0033550570346291,-0.005761521605259849,-0.006538561156688543,2559.6478132535344,2553.4955170880544,2551.512120765372,0.004121114918277644,0.0021146205205924,0.0036313635477932,0,0,0
2017-11-01,2574.75,0.0007770763,-0.0062628187596389,-0.005690796900319047,-0.005930340557942411,2556.6876832263965,2558.1505828340432,2557.5378674756485,0.0037377665143964013,0.0039473203969982,0.0035867872825205,0,0,0
2017-11-02,2576.75,0.0007764729,-0.0068015630468803,-0.00570113763820421,-0.006264095145381056,2557.297096340066,2560.1127599721813,2558.6719308755664,0.003948124875567346,0.0042868793712255,0.0035933048279167,0,0,0
2017-11-03,2582.75,0.0023258077,-0.0048180148921264,-0.005712832815614097,-0.006601572577831242,2564.365039546605,2562.0714260831132,2559.7954228702,0.004160829666135805,0.0030366914941393,0.0036006760475078,0,0,0
2017-11-06,2588.75,0.002320411,-0.005340829242179,-0.0057285209527168125,-0.006320144805880182,2568.9927435550258,2567.9969594050203,2566.4781204839546,0.003983451774943528,0.0033662101704749,0.0036105639439891,0,0,0
2017-11-07,2586.75,-0.00077287224,-0.0055158412242173,-0.005650485698633278,-0.006293773834639085,2574.51017444251,2574.1635542089666,2572.508157839914,0.003966830717131752,0.0034765164707101,0.003561379996321,0,0,0
2017-11-08,2591.0,0.0016416401,-0.0048452603692251,-0.005474437253038424,-0.006304744056917232,2574.246837739118,2572.6276905539867,2570.4925068301272,0.003973745013045471,0.0030538637342448,0.0034504204353267,0,0,0
2017-11-09,2584.0,-0.0027053156,-0.0133112364569525,-0.005437085671902486,-0.006132007286140996,2556.7391195665195,2576.950739151751,2575.1605824656144,0.003864872729691073,0.0083897869621289,0.0034268785345091,0,0,0
2017-11-10,2579.5,-0.0017430042,-0.0061258025176291,-0.005471722562279482,-0.00821217685670467,2568.2193103367817,2569.899680596959,2562.8666292604644,0.005175959013716711,0.0038609619971207,0.003448709423941,0,0,0
2017-11-13,2582.0,0.0009687107,-0.0066030839211578,-0.00544184287611042,-0.007522426010022909,2562.5234554818608,2565.500891323032,2560.168702393195,0.004741223842470802,0.0041617822334332,0.0034298768983327,0,0,0
2017-11-14,2578.0,-0.0015503879,-0.0078004484389028,-0.005385933021386079,-0.007319309228199702,2561.9375917493157,2568.1309034777796,2563.1705369654396,0.004613203689463913,0.0049164554189317,0.0033946381155391,0,0,0
2017-11-15,2565.0,-0.0050554257,-0.008248253502832,-0.005319366302259413,-0.007487784298311227,2556.8234572757688,2564.3230821904,2558.7685822865174,0.004719389914255013,0.0051986973503314,0.0033526825395829,0,0,0
2017-11-16,2585.0,0.007767029,-0.0088147232228052,-0.005441645149853543,-0.007695735748559114,2542.489592194199,2551.0800881501355,2545.336198562673,0.004850457255120577,0.00555573107041,0.003429752275712,0,0,0
2017-11-17,2576.25,-0.0033906547,-0.0038179621462746,-0.005604628324472214,-0.007999491918009898,2575.1493844564084,2570.552559865728,2564.4038027808583,0.005041908256563298,0.0024063796883411,0.0035324770765135,0,0,0
2017-11-20,2582.0,0.002229439,-0.0066953987523596,-0.0056588252379097485,-0.006816956420162273,2559.0585948423886,2561.7126225134803,2558.7475405537293,0.004296581484389946,0.0042199662924222,0.0035666362291374,0,0,0
2017-11-21,2596.25,0.005503804,-0.0074350551201098,-0.0056164216772927955,-0.00694472996514917,2562.873877674399,2567.5390466484073,2564.1308273374507,0.004377114410486091,0.004686155843684,0.0035399101739612,0,0,0
2017-11-22,2594.5,-0.0006742764,-0.0030965149512653,-0.005735430827311277,-0.007168133043434554,2588.2231071683673,2581.40200823169,2577.706275927889,0.0045179205812396145,0.0019516669882754,0.0036149190898067,0,0,0
2017-11-24,2601.0,0.0025021667,-0.0050371070135833,-0.005683579237858809,-0.006201580951557806,2581.4640850652745,2579.7957795510056,2578.459786969302,0.003908723519428685,0.0031747805612255,0.0035822381446097,0,0,0
2017-11-27,2601.75,0.00028830906,-0.0038715709540826,-0.005655485560492465,-0.006141588740952499,2590.9495120909082,2586.331599617227,2585.074681121718,0.0038709117152440483,0.002440168170595,0.0035645313020599,0,0,0
2017-11-28,2626.0,0.009277481,-0.0089584283500954,-0.005629548256994322,-0.005797872840157145,2578.5464976765206,2587.144472655817,2586.7090292898147,0.003654274951822789,0.0056463053312783,0.0035481835757292,0,0,0
2017-11-29,2625.0,-0.00038087985,-0.0061895868183153,-0.005870276008519209,-0.006845121456952494,2609.796343715248,2610.629812959951,2608.086092437876,0.004314333303254756,0.0039011638743855,0.0036999091166057,0,0,0
2017-11-30,2648.0,0.008723742,-0.0130338070558473,-0.00577159151616754,-0.006803757925687437,2591.0082585866853,2609.8932093180356,2607.200754984442,0.004288262756282095,0.0082149291583606,0.0036377103967517,0,0,0
2017-12-01,2644.0,-0.001511716,-0.0194944462881434,-0.005972310026051804,-0.008644958890181798,2596.8786167351036,2632.232454253802,2625.2068138917234,0.005448732251097945,0.0122869315582448,0.0037642189703715,0,0,0
2017-12-04,2638.25,-0.0021771034,-0.0118847635082875,-0.005934247531458594,-0.01184050417642867,2612.7626770641687,2628.3563121927614,2612.878318753654,0.007462815936422584,0.007490711644427,0.0037402289960429,0,0,0
2017-12-05,2628.25,-0.003797593,-0.0086703866511284,-0.005863135537515248,-0.01113817577318223,2615.47423245477,2622.8268408869435,2609.027751144712,0.007020153400921443,0.0054647588236824,0.0036954086308149,0,0,0
2017-12-06,2629.25,0.00038040895,-0.0061203726439226,-0.005953001407931001,-0.009730554863104146,2612.2132560829436,2612.650502034465,2602.7996927967583,0.006132960118976177,0.0038575396641334,0.0037520491623232,0,0,0
2017-12-07,2639.5,0.0038908708,-0.0054297383210875,-0.00588382443376818,-0.008277704479352296,2615.0125483168777,2613.825376993606,2607.5756760827067,0.005217259669439134,0.0034222476568086,0.0037084483985784,0,0,0
2017-12-08,2651.0,0.004347422,-0.0045562296150426,-0.005969571154053425,-0.007363542223635016,2627.501187361008,2623.790253815101,2620.1353141405593,0.004641082798185273,0.0028716938463507,0.003762492718069,0,0,0
2017-12-11,2661.5,0.0039529465,-0.0055136390872884,-0.006077930246404355,-0.006662627467289043,2636.4235643096004,2634.9362734725764,2633.3960838724374,0.004199311254018631,0.0034751285110149,0.0038307891308909,0,0,0
2017-12-12,2667.75,0.0023455468,-0.0040483041845941,-0.006183327878317552,-0.006527143429822893,2650.747218363549,2645.093847434205,2644.1845793534762,0.004113918569816375,0.0025515593368413,0.003897218998689,0,0,0
2017-12-13,2669.0,0.0004684499,-0.006819128610633,-0.006135453800597917,-0.0060971909666962055,2649.6201547759943,2651.4322527042464,2651.5337059570656,0.0038429287499644822,0.0042979505694745,0.0038670449938642,0,0,0
2017-12-14,2656.0,-0.004882639,-0.0079087681079,-0.0061418962830105325,-0.0065347822290607385,2647.9747494271846,2652.6575171118725,2651.6155299581724,0.004118733141209442,0.0049847269840589,0.0038711055524099,0,0,0
2017-12-15,2682.0,0.009741553,-0.0070907808965516,-0.00630658954451256,-0.007081455914571337,2637.233499141929,2639.302405948653,2637.2580914114474,0.004463289845169145,0.004469167181395,0.0039749081843118,0,0,0
2017-12-18,2694.5,0.0046498734,-0.0048982366526953,-0.00820048108593554,-0.007220991776519687,2668.895051070001,2660.096243147725,2662.703055443879,0.004551236307476352,0.0030872535499691,0.005168587420144,0,0,0
2017-12-19,2684.0,-0.0039044393,-0.0050512411696481,-0.007910544269435426,-0.006871909289702104,2680.9237479964436,2673.269123074991,2676.0471163071975,0.004331217099938346,0.0031836890167741,0.004985846460596,0,0,0
2017-12-20,2681.5,-0.0009318797,-0.0067842328515594,-0.006608240112071293,-0.00664097553021229,2665.8527462274783,2666.3219582431016,2666.23467650751,0.004185664502270298,0.004275956520653,0.0041650320700235,0,0,0
2017-12-21,2687.75,0.002328073,-0.0059355459406429,-0.006565712440756605,-0.0067958971086697455,2665.6309758109355,2663.9517136312706,2663.3385833600328,0.004283308251842181,0.0037410473555154,0.0041382277905353,0,0,0
2017-12-22,2686.0,-0.0006513143,-0.0038524856637323,-0.008348193637565242,-0.0066651008841176465,2677.4154013856723,2665.4055402586087,2669.895442409387,0.0042008701956186565,0.0024281391212525,0.0052616874746591,0,0,0
2017-12-26,2687.0,0.00037223153,-0.0025039501577241,-0.006427261427911459,-0.006226231285005091,2679.2828031490144,2668.7917360491583,2669.328297563956,0.0039242600961274,0.0015781861027735,0.00405096508536,0,0,0
2017-12-27,2685.5,-0.00055839925,-0.0038991116045143,-0.0063027700658971906,-0.005490385731296595,2676.543485923949,2670.117715299495,2672.287758438123,0.0034604724192568866,0.0024575264521241,0.0039725008488255,0,0,0
2017-12-28,2685.75,9.30882e-05,-0.002422271194386,-0.006183581864768861,-0.005378846080118374,2679.0028627983947,2668.9452275474537,2671.0938877152407,0.0033901713683934503,0.0015267056032789,0.0038973790809041,0,0,0
2017-12-29,2676.0,-0.0036368764,-0.0123407496782722,-0.006204568725449676,-0.004989286398641217,2652.8095048068444,2669.1376690135266,2672.3833966887673,0.0031446402528432418,0.0077781099515806,0.0039106066492585,0,0,0
2018-01-02,2693.0,0.0063326717,-0.0061777157965932,-0.006169794918031376,-0.007103929433067783,2659.519391201007,2659.5404570145674,2657.057248485504,0.004477454422072606,0.0038936818238943,0.0038886894639508,0,0,0
2018-01-03,2711.0,0.006661757,-0.0066137862552771,-0.00634225977107291,-0.006974546259176999,2675.247842810922,2675.9743420794875,2674.282894456568,0.004395906981386823,0.0041685276851835,0.0039973903633866,0,0,0
2018-01-04,2723.75,0.0046920367,-0.006895940751108,-0.006576165311567983,-0.0070586013811870804,2692.3694161547623,2693.2305074388014,2691.9315092651955,0.004448885122750393,0.0043463636148572,0.0041448160109109,0,0,0
2018-01-05,2742.5,0.006860306,-0.004919784002933,-0.006731984626126955,-0.007178868528164217,2710.3826475276837,2705.4753382621902,2704.2665749947014,0.004524686927109011,0.003100834382875,0.0042430255843012,0,0,0
2018-01-08,2746.75,0.0015484814,-0.0045683260402711,-0.006792670087003407,-0.0067333574753092205,2729.999939749198,2723.934229250102,2724.095797694798,0.004243890861708569,0.0028793179638396,0.0042812743292693,0,0,0
2018-01-09,2752.25,0.0020003645,-0.0067247166716225,-0.0067832492933217695,-0.006386981986526122,2728.3408520089606,2728.1811597396527,2729.262462968683,0.00402557781699696,0.0042384447483931,0.0042753366049821,0,0,0
2018-01-10,2750.5,-0.00063604565,-0.006330968922719,-0.00676974950790221,-0.00670242126347003,2734.8806312646248,2733.680881973429,2733.8649421042032,0.00422439243062101,0.0039902739837311,0.0042668279796511,0,0,0
2018-01-11,2769.5,0.006884085,-0.0060845655963483,-0.00663582229486756,-0.006792217048334529,2733.8152136410044,2732.308594996934,2731.8813096812855,0.004280988788708903,0.0038349712497067,0.0041824165285116,0,0,0
2018-01-12,2788.75,0.0069266683,-0.0061453137677282,-0.0068017694430946435,-0.006779462011248084,2752.53274148114,2750.726418691653,2750.787781018182,0.004272949562285769,0.0038732595197607,0.0042870094583345,0,0,0
2018-01-16,2782.5,-0.0022436625,-0.0155796620404128,-0.00697557106396685,-0.006803836556984466,2745.6389175432873,2769.364567033586,2769.8402033325733,0.004288312315902853,0.0098195269751038,0.0043965528938753,0,0,0
2018-01-17,2803.75,0.0076080025,-0.0097467309782304,-0.007024173234489154,-0.009375565489182912,2755.511459729988,2763.023720434147,2756.534400316893,0.0059092179271332005,0.006143155577544,0.0044271857999842,0,0,0
2018-01-18,2796.25,-0.0026785731,-0.005147925946204,-0.007301502069123224,-0.009290930461357242,2789.3535902474064,2783.3529686739275,2777.8211916140936,0.005855874283566539,0.0032446273586334,0.0046019802188618,0,0,0
2018-01-19,2811.0,0.005261058,-0.0078951838691955,-0.007230860805319147,-0.00793133303776831,2774.260013824563,2776.1036310478553,2774.159728444286,0.004998949175590357,0.004976165129633,0.0045574565447487,0,0,0
2018-01-22,2835.25,0.008589825,-0.0094084892997969,-0.007288831423659798,-0.007948479864062344,2784.6767617079204,2790.585583866748,2788.7453854472774,0.005009756452596427,0.0059299690991168,0.0045939941826694,0,0,0
2018-01-23,2839.5,0.0014978637,-0.0061529911938251,-0.007467490399710453,-0.008347187950046043,2817.858292100274,2814.1566530468162,2811.682134906223,0.005261053611376464,0.003878098436835,0.0047065991050434,0,0,0
2018-01-24,2841.0,0.00052812253,-0.0116683806419581,-0.007374126837934173,-0.007695328715962729,2806.5601840543764,2818.6381802310193,2817.7329737388413,0.004850200711201358,0.0073543301627646,0.0046477540536568,0,0,0
2018-01-25,2841.25,8.7993314e-05,-0.0090682553777045,-0.007470860503202144,-0.008862650792349151,2815.3535465158443,2819.8543716814343,2815.9324556255488,0.00558593878998493,0.0057155269522226,0.0047087232090233,0,0,0
2018-01-26,2874.5,0.01163465,-0.0078873119265602,-0.007577606102819267,-0.008799755005466788,2818.928319734762,2819.8014934586067,2816.357381195395,0.0055462969239220014,0.0049712036129549,0.0047760026719664,0,0,0
2018-01-29,2853.5,-0.007332435,-0.0077934468392096,-0.007793607691625136,-0.00845698152389318,2852.184806147084,2852.1843473663057,2850.2929103397355,0.005330254147131889,0.0049120424607509,0.0049121438425799,0,0,0
2018-01-30,2824.5,-0.010214953,-0.0120022325993925,-0.007945921949816127,-0.008245987736255832,2819.456337927985,2830.9161552741225,2830.066821626003,0.005197269286233753,0.0075647498941564,0.0050081442540856,0,1,1
2018-01-31,2825.75,0.00044245832,-0.0105822368979655,-0.008462058400358127,-0.009339103116042228,2794.7680645312334,2800.6997575894998,2798.2444955115875,0.005886236475051473,0.0066697570465243,0.0053334539935257,0,0,0
2018-02-01,2822.5,-0.0011507991,-0.0108089431361625,-0.008239975493760663,-0.00960094735874831,2795.3711065702987,2802.5615565537496,2798.749943462809,0.006051271287607643,0.0068126451281544,0.0051934798986842,0,0,0
2018-02-02,2756.75,-0.023570567,-0.0178532047856376,-0.008028412801570904,-0.009793305528989785,2772.5564819831893,2799.9305246270105,2794.993305719246,0.0061725105183860875,0.0112524922254332,0.0050601364694433,1,1,1
2018-02-05,2607.75,-0.055564668,-0.0435353347822114,-0.008673356488254543,-0.012094717732362982,2639.308932436287,2732.9431165379797,2723.608708173701,0.007623041290699132,0.0274393881687034,0.0054666306483533,1,1,1
2018-02-06,2694.25,0.03263209,-0.0685129269430267,-0.011419722529850834,-0.02248154634040807,2435.0684173908057,2578.1396115730513,2549.777841089093,0.014169636681402245,0.0431822290185276,0.0071976062856303,0,0,0
2018-02-07,2668.25,-0.009697046,-0.0268528834579769,-0.05873112818874337,-0.039043546581076165,2622.864363329975,2540.57070882632,2591.0840128107816,0.024608310363993052,0.0169247967504651,0.0370169709735478,0,0,0
2018-02-08,2593.5,-0.028414512,-0.0382793199175386,-0.024862278075975974,-0.03627987388291673,2568.0413992329436,2602.7291009468186,2573.1811960862865,0.02286642671211793,0.0241266346820536,0.0156701608543435,0,1,0
2018-02-09,2619.0,0.0097842505,-0.0456919975584862,-0.043808607379793835,-0.029937247977751023,2477.6643380966307,2482.3351438712853,2517.008433671632,0.01886880558226211,0.0287986864803676,0.0276116260283281,0,0,0
2018-02-12,2655.25,0.013746247,-0.0193738172632669,-0.03430099002720615,-0.03553427342300622,2568.7483277440383,2530.688943866185,2527.5698109945174,0.02239649072700159,0.0122109016700044,0.0216191786427219,0,0,0
2018-02-13,2661.75,0.002444989,-0.0137141271258884,-0.030128410958409187,-0.023323894516914516,2619.0841224997016,2576.4446379865353,2594.0358799589894,0.01470055067813586,0.0086437203132742,0.0189892915106696,0,0,0
2018-02-14,2697.0,0.013156243,-0.028803401801684,-0.02158365455446163,-0.01602663263039977,2586.1761618922606,2604.915264512678,2619.431130887003,0.010101242955467835,0.0181541666457673,0.0136037147384259,0,0,0
2018-02-15,2734.0,0.013625694,-0.0142357259960774,-0.023687472209328292,-0.0199723135341797,2658.878236277834,2633.865586793654,2643.6690147469058,0.012588121038530053,0.0089724728987102,0.0149297059030016,0,0,0
2018-02-16,2735.0,0.00036569758,-0.0133097172469655,-0.02405407255058653,-0.01789724169998297,2697.852324342056,2669.020805813619,2685.504206136511,0.011280247748447245,0.0083888294366441,0.0151607662386321,0,0,0
2018-02-20,2714.0,-0.0077078743,-0.0156065125100682,-0.018894741265411272,-0.016507439884879953,2692.6475350438322,2683.8080351047574,2690.222747611491,0.010404285460045083,0.0098364502504862,0.0119089503393616,0,0,0
2018-02-21,2698.75,-0.0056348587,-0.0216232015746701,-0.01748377511965762,-0.015791008745310697,2655.9445651409796,2666.9614383741914,2671.4798042086945,0.009952734272185152,0.0136286403774234,0.0110196486270878,0,0,0
2018-02-22,2711.5,0.0047132843,-0.0197513769669654,-0.015697796223299382,-0.01681834976784647,2645.9689366375405,2656.7163534119136,2653.741027802399,0.010600245293749871,0.0124488694568256,0.0098939844179243,0,0,0
2018-02-23,2748.75,0.013644275,-0.010226143514978,-0.014154320825857838,-0.01691511887678058,2683.91310603315,2673.3908995423626,2666.0203860886477,0.010661236788499269,0.0064453190214355,0.0089211649651485,0,0,0
2018-02-26,2784.5,0.012922062,-0.0131715914113133,-0.018152177668778392,-0.014230215658591226,2712.781986108099,2699.3043325973326,2709.91168887121,0.008968999851127627,0.0083017716836821,0.0114409284240625,0,0,0
2018-02-27,2747.5,-0.013376917,-0.0145039878326324,-0.01921454459587595,-0.013865249216145313,2744.4051166102163,2731.5078410498963,2746.158634097529,0.008738969326889737,0.009141552583084,0.0121105155223598,0,0,0
2018-02-28,2714.5,-0.012083633,-0.0169265224835962,-0.019950572541880422,-0.014206637254737262,2701.3857573585747,2693.228971082661,2708.74321776567,0.008954138888670719,0.0106684242373957,0.0125744181571842,0,0,0
2018-03-01,2678.25,-0.013444178,-0.0264093479370603,-0.019862835110898504,-0.015142291872252031,2643.7501655353904,2661.1142851047575,2673.7058863675766,0.009543861934795492,0.0166452458204924,0.0125191191354199,0,0,0
2018-03-02,2690.25,0.00447053,-0.0201398471560659,-0.02050572547284174,-0.018245318746906925,2624.8499933085636,2623.889793280119,2629.8275597723987,0.011499633248775704,0.0126937138886882,0.0129243191477668,0,0,0
2018-03-05,2718.5,0.010446131,-0.0233205187732398,-0.017962718983464517,-0.018805267823675482,2628.2378623787627,2642.3572252290755,2640.1318478397525,0.011852557147237089,0.0146984230192695,0.0113215166764725,0,0,0
2018-03-06,2724.0,0.0020211306,-0.0098279423364685,-0.01783919438645797,-0.01921656038621163,2691.9135975679355,2670.434152743609,2666.75851946429,0.012111786031792292,0.006194341355569,0.0112436617711961,0,0,0
2018-03-07,2723.25,-0.0002753683,-0.0184747267016971,-0.015514140570959737,-0.015053095072856078,2674.1368665927407,2682.0656101844925,2683.3024495573904,0.009487643104406904,0.0116442241644529,0.009778230197608,0,0,0
2018-03-08,2739.25,0.0058581405,-0.005863147273982,-0.013346562412602047,-0.014972907338682957,2707.329900735839,2687.1454456962,2682.7787721561153,0.009437102494684888,0.0036954160280583,0.0084120521546294,0,0,0
2018-03-09,2784.0,0.016204583,-0.0157946199029977,-0.012891587072677181,-0.011618754360912599,2696.3244759809495,2704.1633672299913,2707.6075062631808,0.007323051781748619,0.0099550103074564,0.0081252909519916,0,0,0
2018-03-12,2784.0,0.0,-0.0086462500351769,-0.017400160149406207,-0.01233266987714823,2760.032603266474,2735.9769699878257,2749.8766952849546,0.007773017426153264,0.0054495460321078,0.0109669479039414,0,0,0
2018-03-13,2772.75,-0.004049135,-0.0173048725630701,-0.015433387732386592,-0.011741147859326648,2736.2376870509197,2741.363309141353,2751.5037890799695,0.00740019377983154,0.0109068901811234,0.0097273334146978,0,0,0
2018-03-14,2754.0,-0.0067852074,-0.0135231667738432,-0.013915695783783101,-0.013352879012134911,2735.5060350862536,2734.4324803250947,2735.9718979503546,0.008416033371894768,0.0085233620973374,0.0087707647169589,0,0,0
2018-03-15,2755.5,0.00054451404,-0.0090530536070088,-0.013496751270715002,-0.013227596229115669,2729.1804064348225,2717.0796597809576,2717.811073897298,0.008337070319667935,0.0057059456020606,0.0085067129720319,0,0,0
2018-03-16,2756.0,0.00018143881,-0.0064857305595095,-0.012078712292296089,-0.011724411516588956,2737.686398995084,2722.4173086503397,2723.38203410599,0.007389645221810765,0.0040878169254993,0.0076129534049621,0,0,0
2018-03-19,2722.75,-0.012137954,-0.0211862332520128,-0.010470362127452271,-0.010008850102942684,2698.2249203579154,2727.2942241579253,2728.5531937292017,0.006308363642335602,0.0133532286117208,0.0065992447771286,0,1,1
2018-03-20,2723.5,0.00027541886,-0.0066610904242498,-0.013600475464229688,-0.012608464815192637,2704.6737865305367,2685.969985214619,2688.63581809163,0.007946845062895273,0.0041983424887433,0.0085720881074839,0,0,0
2018-03-21,2718.25,-0.0019295269,-0.0128260047912911,-0.012074531670704098,-0.010818576047822819,2688.7914378568353,2690.8127517356515,2694.1944163071043,0.006818716545856045,0.0080839558460381,0.0076103184488001,0,0,0
2018-03-22,2643.25,-0.02797907,-0.0220568782808713,-0.010946941450863858,-0.0112633262272448,2658.950278106093,2688.655755170144,2687.8052399724043,0.007099033049043857,0.0139019775078419,0.006899622507395,1,1,1
2018-03-23,2597.75,-0.017363535,-0.0253542230037331,-0.02359173122450925,-0.01417366819260135,2577.0749040585715,2581.620982427476,2606.04970662809,0.00893335919562297,0.0159802231956091,0.0148693624128402,0,0,1
2018-03-26,2659.5,0.02349245,-0.0187874876878733,-0.02547762963312162,-0.01940376242478469,2549.400409678573,2532.401485074914,2547.829762636573,0.012229775463321315,0.0118413507088254,0.0160580037484249,0,0,0
2018-03-27,2615.75,-0.016587272,-0.0316446723921107,-0.029947589543340196,-0.019996576492854856,2576.658650351958,2581.0351661591667,2606.847296204384,0.012603413461214739,0.0199449585855342,0.0188753236493424,0,0,0
2018-03-28,2607.5,-0.0031589554,-0.0173811137529418,-0.02930299013997516,-0.025587577393146512,2570.678185556605,2540.2128408729104,2549.6683346954883,0.0161273014644226,0.0109549433685814,0.0184690464648271,0,0,0
2018-03-29,2643.0,0.013522727,-0.0216058015067992,-0.02485951595911492,-0.02070280059626419,2551.767117412088,2543.477888567999,2554.072406124841,0.013048531373009488,0.0136176734876806,0.0156684199513024,0,0,0
2018-04-02,2575.0,-0.026065102,-0.031297777958738,-0.024065490848219066,-0.018483650786373082,2561.561049639116,2580.154148873081,2594.596426410594,0.011649848823702734,0.0197263184611734,0.0151679629468355,0,1,1
2018-04-03,2613.25,0.014745124,-0.0153224829635182,-0.03008867534429838,-0.02219725488599977,2535.845345683661,2498.675668138017,2518.4717753944688,0.013990453872551031,0.0096574325165431,0.0189642470049787,0,0,0
2018-04-04,2647.0,0.012832266,-0.0365946566433068,-0.02842451679574944,-0.019281020126465046,2519.347654595379,2540.0153914420243,2563.3465151929577,0.012152413624135742,0.023064827537433,0.0179153635493596,0,0,0
2018-04-05,2661.75,0.005556878,-0.0103352908910189,-0.02653223315899617,-0.02553378896060827,2619.7833731581263,2577.692683515455,2580.2676510873407,0.016093399768552195,0.0065141122725673,0.0167226977413692,0,0,0
2018-04-06,2605.75,-0.02126326,-0.0263820981986495,-0.02333228795417837,-0.017988261473493132,2592.4456666753686,2600.3642029065386,2614.2978157037983,0.011337615560337676,0.0166280708945732,0.0147058408816982,0,0,1
2018-04-09,2619.0,0.0050720237,-0.0192416985112573,-0.026500765993260508,-0.0190288541822635,2556.0902452901923,2537.6025964372143,2556.6343525063126,0.011993478835636055,0.0121276300530778,0.0167028646614237,0,0,0
2018-04-10,2655.0,0.013652089,-0.0182429357820873,-0.023470583821208132,-0.01923102102863804,2571.654920854087,2558.246292381203,2569.115161523567,0.012120900264695108,0.0114981313171378,0.0147930058017922,0,0,0
2018-04-11,2641.0,-0.0052870214,-0.0140892956584403,-0.023150954999237902,-0.018361720240561003,2617.855206476209,2594.240251323391,2606.694476205773,0.011572998614719696,0.0088801809961856,0.0145915506077568,0,0,0
2018-04-12,2664.0,0.00867112,-0.0125548877274714,-0.020637385566136604,-0.01655908388006025,2608.049817248081,2587.0552189271375,2597.6275545217686,0.010436835563022901,0.007913076573132,0.0130073016819386,0,0,0
2018-04-13,2657.25,-0.0025369993,-0.0149707740129689,-0.019207115211388483,-0.01490844066037392,2624.414907097776,2613.3205065304023,2624.5785007761538,0.009396470529433723,0.0094357579052232,0.0121058329405943,0,0,0
2018-04-16,2681.75,0.009177813,-0.0105597127450344,-0.01668784421048318,-0.014523980449777613,2629.337834898613,2613.274177353082,2618.935069132696,0.009154153501053273,0.0066555605558222,0.0105179904388239,0,0,0
2018-04-17,2706.5,0.0091867205,-0.0106074823271598,-0.016410807377830336,-0.013262513728538254,2653.4537257050183,2638.0994671968033,2646.4180668217746,0.008359078070965354,0.0066856686993143,0.0103433800625349,0,0,0
2018-04-18,2709.75,0.0012000925,-0.0057964112018934,-0.016224665509463648,-0.01251308570233919,2690.8573923722843,2662.9422532411386,2672.8443407624036,0.007886729652875693,0.0036533537125609,0.0102260588335582,0,0,0
2018-04-19,2693.0,-0.006200566,-0.011294958943486,-0.01405292603588555,-0.011197344740125351,2679.3156857248932,2671.9364018220695,2679.577237756496,0.007057446332275146,0.0071189704719238,0.0088572580028097,0,0,0
2018-04-20,2671.5,-0.008015702,-0.0141539909049492,-0.013150309882434208,-0.011101704872014846,2655.1517859908977,2657.818049265491,2663.2684495905282,0.006997166573807318,0.0089209570230729,0.0082883583922797,0,0,0
2018-04-23,2671.25,-9.3584764e-05,-0.0107093634031931,-0.013371358043809595,-0.011758941117271672,2643.042588033796,2636.016179110198,2640.269964732379,0.007411408488848521,0.0067498821573319,0.0084276803093914,0,0,0
2018-04-24,2635.25,-0.013568473,-0.0274607393606495,-0.011516254751269666,-0.011634694471428605,2598.8935279894886,2640.66366256236,2640.3509216179727,0.0073330984916703135,0.0173079152942298,0.0072584484752574,0,1,1
2018-04-25,2644.5,0.0035039573,-0.0154022657111246,-0.015081339521332126,-0.015267227174318963,2594.9721605330938,2595.805088708275,2595.3226054379547,0.00962260597722765,0.0097077178719146,0.0095054449747548,0,0,0
2018-04-26,2674.5,0.011280435,-0.0127500042353187,-0.013600710593661528,-0.015406160003599657,2610.996651581561,2608.7764046514385,2604.07064011916,0.00971017236097272,0.008036054324968,0.0085722363045239,0,0,0
2018-04-27,2671.5,-0.0011223346,-0.0076410740747022,-0.014939704589887052,-0.01400796762202378,2654.1418255991434,2634.840746482349,2637.296869062695,0.008828921678406232,0.0048160051739682,0.0094161755139453,0,0,0
2018-04-30,2647.0,-0.00921319,-0.0130458791185555,-0.01326475108261741,-0.011777078116123399,2636.8742864634814,2636.297211764459,2640.222078593317,0.007422839850389612,0.0082225379206752,0.0083604882272753,0,0,0
2018-05-01,2652.25,0.0019814132,-0.0145941998372755,-0.013788280534826945,-0.01182631503963196,2608.6496798348344,2610.752888359476,2615.880123527468,0.007453872827697419,0.0091984112755751,0.0086904576171695,0,0,0
2018-05-02,2627.5,-0.009375513,-0.0101176403798112,-0.012405760670295415,-0.012483993640138132,2625.550782601401,2619.5500743712196,2619.345147205385,0.007868393549768728,0.0063769318215149,0.0078190849860964,0,0,0
2018-05-03,2631.75,0.0016162004,-0.0192245076059695,-0.01320199646607988,-0.011489210383128534,2577.4700477012752,2593.0397269996392,2597.484855046613,0.007241402989816341,0.012116794994027,0.0083209353378542,0,0,0
2018-05-04,2663.0,0.011804283,-0.0213554656594086,-0.011911287066097105,-0.013659958365684947,2576.1436166415792,2600.58842592053,2596.0448253678287,0.00860957890503023,0.0134598921699658,0.0075074288742817,0,0,0
2018-05-07,2670.0,0.0026251655,-0.0080706785472154,-0.013829521101038878,-0.01575169598765271,2641.59427856701,2626.4254723309223,2621.3818721401635,0.00992795628385094,0.0050867756627969,0.0087164506619054,0,0,0
2018-05-08,2670.25,9.362857e-05,-0.0092302098208779,-0.012623849139834555,-0.01243451027111223,2645.4687283357584,2636.5061780753363,2637.0054184337832,0.007837205243134832,0.0058176033656489,0.0079565414728959,0,0,0
2018-05-09,2696.0,0.009597092,-0.0101538081340619,-0.011413002370212989,-0.011010709381699353,2643.2739802625047,2639.947679570826,2641.009925665112,0.006939814067093885,0.0063997275816265,0.0071933707130826,0,0,0
2018-05-10,2718.75,0.008403023,-0.0104755671075617,-0.012440745355659562,-0.010423700876212218,2667.90528204953,2662.66752087408,2668.0436598306433,0.006569835190832359,0.0066025253645031,0.0078411350832524,0,0,0
2018-05-11,2729.5,0.0039462266,-0.0046640052239649,-0.012734824231385602,-0.010376372207084865,2706.099260287959,2684.34672142063,2690.6850958176606,0.006540004945350378,0.0029396225020767,0.0080264866939298,0,0,0
2018-05-14,2731.0,0.0005494002,-0.0068463588210285,-0.01182070150844461,-0.008844177062917753,2710.8766872822325,2697.425341195644,2705.4662547148528,0.005574295194378566,0.0043151131873043,0.0074503347393373,0,0,0
2018-05-15,2709.0,-0.0080882795,-0.0105513434785567,-0.010623576376036881,-0.00844566035163491,2702.3357699623284,2702.1405794693724,2708.0320279488596,0.0053231186549696375,0.0066502855865882,0.0066958124332847,0,0,0
2018-05-16,2723.0,0.0051546507,-0.0087193561469026,-0.011276779955739306,-0.009031255951003554,2685.481944350336,2678.6228034911933,2684.6444736682365,0.005692207006795666,0.0054956232470225,0.0071075126456824,0,0,0
2018-05-17,2718.75,-0.0015619978,-0.0085883819332952,-0.010783586261496744,-0.009056192479245172,2699.7139737709745,2693.7940500692166,2698.451314468692,0.00570792396593758,0.0054130730081133,0.0067966632336731,0,0,0
2018-05-18,2713.0,-0.0021171821,-0.0072382568649266,-0.009849690775925998,-0.008998283419839832,2699.1420384883677,2692.1026029492987,2694.395654930933,0.005671425127294059,0.0045621181225568,0.006208048930699,0,0,0
2018-05-21,2733.0,0.007344873,-0.0059661081753133,-0.008994308793168863,-0.0085215112228741,2696.8621365081954,2688.7078495597702,2689.9793646592134,0.0053709258329614545,0.0037603100768111,0.0056689200053145,0,0,0
2018-05-22,2726.0,-0.0025645737,-0.0080975302200838,-0.00988309977902597,-0.007851898660801285,2710.9588099463804,2706.1225234676954,2711.6247887753784,0.004948883390764283,0.0051036996965387,0.0062291059091046,0,0,0
2018-05-23,2730.75,0.0017409634,-0.0115415668502239,-0.009167556617508591,-0.00810287299395006,2694.7185544572585,2701.123443507778,2704.0008168776394,0.005107067132364097,0.0072744021485677,0.0057781143947736,0,0,0
2018-05-24,2727.5,-0.001190858,-0.0113156989006283,-0.00841151223129075,-0.00910021039495626,2700.023827147765,2707.876597789985,2706.0123301821795,0.005735667514519807,0.0071320424222712,0.0053015958268108,0,0,0
2018-05-25,2718.25,-0.0033971479,-0.0093862228713297,-0.00767328361149179,-0.009646887983123145,2702.0188500709137,2706.651210583442,2701.314619813409,0.0060802266782401,0.005915935046619,0.0048363061544735,0,0,0
2018-05-29,2692.25,-0.009611015,-0.0175299296662493,-0.007506725991902716,-0.009366400317708622,2671.014495827839,2697.9212387546913,2692.9086462333657,0.005903441316043063,0.0110487388483073,0.0047313284576389,0,1,1
2018-05-30,2724.5,0.01190765,-0.0139820049241108,-0.009985250595755826,-0.011597286137766954,2654.868887678949,2665.500979172721,2661.2075583602636,0.007309520820952461,0.0088125579465203,0.0062934893789004,0,0,0
2018-05-31,2705.5,-0.006998187,-0.0104905553956319,-0.01274305791312684,-0.012175951920456443,2696.067876955444,2690.0018117536506,2691.5277605478464,0.007674241457892442,0.0066119721611432,0.0080316762070112,0,0,0
2018-06-01,2733.75,0.010387555,-0.0085314387722272,-0.012597619620785967,-0.011605166034437602,2682.5163735087854,2671.6309229084336,2674.28370876495,0.007314487350888589,0.0053771829544842,0.0079400095693685,0,0,0
2018-06-04,2745.5,0.0042889146,-0.0064439184277381,-0.013846347114747637,-0.010511959881756842,2716.190574512458,2696.158402320759,2705.1634432791075,0.006625462949861611,0.004061463635245,0.0087270557376168,0,0,0
2018-06-05,2751.5,0.0021830099,-0.0054771061099284,-0.012662903976485838,-0.00936057639818676,2730.503710797868,2710.953190228004,2719.920443966969,0.005899770624426171,0.0034521025586074,0.0079811568991491,0,0,0
2018-06-06,2772.25,0.007513047,-0.0077807030330729,-0.01142225132187498,-0.00829175693283972,2730.17446701014,2720.2504851479725,2728.779557169147,0.005226116629604778,0.0049040103129545,0.0071992001290289,0,0,0
2018-06-07,2772.25,0.0,-0.0079915608012579,-0.011676976551676998,-0.008168261855485283,2750.1836851558037,2740.0667688582234,2749.6977677316427,0.005148280329932241,0.005036909443708,0.0073597479803746,0,0,0
2018-06-08,2778.75,0.0023419214,-0.0109139229812128,-0.010542815515951012,-0.008219158853343803,2742.158384495414,2743.1762087922466,2749.5578199317383,0.005180359616512856,0.0068788116738497,0.006644910594587,0,0,0
2018-06-11,2783.0,0.0015282963,-0.006852983398409,-0.009723890691888715,-0.008958682154702309,2759.772373332985,2751.8606849939993,2753.9672381567466,0.005646465298880744,0.0043192885164043,0.0061287598347308,0,0,0
2018-06-12,2788.25,0.0018846764,-0.0045860014551691,-0.008921355341078099,-0.008282854829307695,2770.2663784708548,2758.282289765084,2760.0440167906577,0.005220505824598794,0.0028904583989105,0.0056229390084948,0,0,0
2018-06-13,2779.0,-0.003323008,-0.0053326092943742,-0.00823791793594481,-0.007286582419839196,2773.42092610444,2765.3749759648836,2768.0070271782592,0.0045925766837771765,0.0033610293135992,0.0051921830641044,0,0,0
2018-06-14,2788.5,0.003412666,-0.0078970274029557,-0.007940987591997281,-0.006879423203938786,2757.1405866418445,2757.0193848844874,2759.947692499211,0.004335952958992562,0.004977327069439,0.005005034234139,0,0,0
2018-06-15,2784.5,-0.0014354928,-0.0092497131844422,-0.007690080460105251,-0.007270023015587673,2762.82609595821,2767.1384519207236,2768.301053190028,0.004582139646290889,0.0058298959175752,0.0048468928480506,0,0,0
2018-06-18,2779.75,-0.0017073285,-0.0103127191781322,-0.007094594092320465,-0.007907221559974193,2755.9317945789103,2764.8150138106967,2762.569161831586,0.004983752228057426,0.0064998858058449,0.0044715705569379,0,0,0
2018-06-19,2766.25,-0.004868383,-0.0175915850100141,-0.006592768632377227,-0.008593418965835806,2731.2773965671977,2761.484029213977,2755.964788146774,0.005416247741735837,0.0110875988896668,0.004155280728062,0,0,0
2018-06-20,2772.0,0.002076469,-0.0081657335380975,-0.00716161491691543,-0.011101190082742109,2743.7535147560993,2746.5099524157918,2735.7111553176605,0.006996842113165166,0.0051466867856868,0.0045138123458353,0,0,0
2018-06-21,2752.5,-0.0070594917,-0.0139085380423991,-0.006776509818173532,-0.009798045088235337,2733.7124119515684,2753.2790178841765,2744.9724438462254,0.006175497760968185,0.0087662533460178,0.0042710888582823,0,1,0
2018-06-22,2759.5,0.0025399143,-0.0071344661910231,-0.008116905260492656,-0.010852692852263984,2732.932267473003,2730.2486465021175,2722.789474140531,0.0068402196362726,0.0044967010859409,0.0051159113691312,0,0,0
2018-06-25,2722.25,-0.01359076,-0.0200562593953867,-0.007650770521610602,-0.009423277341340457,2704.7060695813784,2738.46825585941,2733.618601492717,0.005939289684664134,0.0126410303151518,0.0048221166365746,0,1,1
2018-06-26,2728.5,0.0022932633,-0.0080788204337377,-0.012239552510656995,-0.012588805256421486,2700.346029331527,2689.1339543834424,2688.194930953946,0.0079344540644788,0.0050919073193198,0.0077143275463767,0,0,0
2018-06-27,2705.0,-0.008650095,-0.017709772298888,-0.011147105308028498,-0.010918604308384516,2680.604249512984,2698.25401395423,2698.87063814065,0.006881762214004074,0.0111620898040526,0.0070257814952967,0,0,0
2018-06-28,2719.5,0.005346128,-0.0126048311199552,-0.011974424907106892,-0.013095004059957715,2671.1179193752055,2672.802339585529,2669.8089304932455,0.008253500318062202,0.0079445548226891,0.0075472233018718,0,0,0
2018-06-29,2721.5,0.00073515903,-0.0117975574912934,-0.011463301256853848,-0.012469174025604789,2687.605053568175,2688.503552469106,2685.800619588175,0.007859053064442838,0.0074357475615064,0.0072250730229855,0,0,0
2018-07-02,2727.25,0.0021105765,-0.0121955317756907,-0.010334566982752258,-0.01172200596261689,2688.511425742862,2693.5193091536685,2689.7848067672935,0.0073881290527143175,0.0076865822208784,0.0065136560087066,0,0,0
2018-07-03,2713.25,-0.005146597,-0.0110256438097047,-0.009443329671618882,-0.011277853431642317,2697.3454741891746,2701.6169005462393,2696.6652634883417,0.0071081892345300525,0.0069492269168897,0.0059519282385411,0,0,0
2018-07-05,2738.5,0.009263147,-0.0075775485651957,-0.009347080510197607,-0.010588820962802899,2692.767916352643,2688.0071908743375,2684.671455096182,0.006673906841437027,0.0047759664072358,0.005891264455562,0,0,0
2018-07-06,2763.0,0.008906721,-0.0108234553687241,-0.011044062421985334,-0.009243616391055256,2709.0197941121282,2708.4222311538483,2713.302991664498,0.0058260532394112064,0.0068217918772134,0.0069608357733376,0,0,0
2018-07-09,2787.5,0.0088280905,-0.0055235308778705,-0.012060327508348822,-0.009718826658249491,2747.780555415147,2729.8774509651307,2736.276950630347,0.006125568082894707,0.0034813630945509,0.0076013658697875,0,0,0
2018-07-10,2796.75,0.003312892,-0.0061214639239416,-0.012785111480895752,-0.008564150778201973,2770.488539953039,2752.0883550229614,2763.7293626542255,0.005397800630544508,0.0038582274745336,0.0080581816691987,0,0,0
2018-07-11,2774.0,-0.008167706,-0.008559564894556,-0.011599640608820783,-0.008166011034607828,2772.913198740493,2764.496133407774,2774.0047042021642,0.0051468616857880374,0.0053949102463982,0.0073110047935807,0,0,1
2018-07-12,2798.5,0.008793238,-0.0078165676669156,-0.012185715711894089,-0.008414996458478811,2752.4013648591745,2740.401948518647,2750.754741379095,0.00530379186050985,0.0049266150227716,0.0076803953663118,0,0,0
2018-07-13,2803.25,0.0016958991,-0.0053538782154249,-0.01289807721672792,-0.008428610658119558,2783.5572084505566,2762.636513107863,2775.011659166901,0.005312372598671564,0.0033744346585577,0.008129381550646,0,0,0
2018-07-16,2796.5,-0.002410823,-0.0047940831465022,-0.011362683134656286,-0.007850085515599204,2789.8431488767988,2771.577839630825,2781.330395726475,0.004947740604215035,0.0030216078279399,0.0071616555776943,0,0,0
2018-07-17,2811.25,0.005260589,-0.008865123343511,-0.01017737650990999,-0.007206091723903995,2771.8182476050742,2768.183305836512,2776.420598388772,0.004541845123751652,0.0055874971859737,0.0064145822236463,0,0,0
2018-07-18,2816.0,0.001688214,-0.0044652678069381,-0.009992592518595866,-0.0077147639442688275,2798.7250004273556,2783.2982122807375,2789.6453145406604,0.004862450318935081,0.0028143625688127,0.0062981168354646,0,0,0
2018-07-19,2805.25,-0.0038247767,-0.0063019773289222,-0.008922215904870164,-0.007014211123157709,2798.309433165564,2790.986792563593,2796.3170922110367,0.004420906894787517,0.0039720012037055,0.0056234814034035,0,0,0
2018-07-20,2800.75,-0.001605423,-0.0068053412976102,-0.00863113869145966,-0.006964607494501056,2786.224128527492,2781.141688939298,2785.7804125422726,0.004389642791086579,0.0042892607216594,0.0054400216761316,0,0,0
2018-07-23,2812.0,0.0040087355,-0.0076476304382326,-0.007886845577658064,-0.007091767599736866,2779.4125933457303,2778.747795292742,2780.9579949951,0.004469789079259014,0.004820137509341,0.0049709096832398,0,0,0
2018-07-24,2821.0,0.003195458,-0.0074993192244787,-0.007989030434456422,-0.0073628622941842355,2790.9907901889806,2789.6243453210736,2791.3716662106854,0.004640654253229305,0.0047266601309236,0.005035314607761,0,0,0
2018-07-25,2841.25,0.007152664,-0.0117923978742599,-0.007795149031952691,-0.007570423478803485,2787.929021901044,2799.0953704251406,2799.724469365233,0.004771475618035959,0.0074324955655061,0.0049131153163439,0,0,0
2018-07-26,2842.5,0.00043985047,-0.0045888082726247,-0.00924963102038576,-0.008817326209496257,2828.2419171206693,2815.0906545164944,2816.307894839999,0.005557371677116575,0.002892227475778,0.0058298441313319,0,0,0
2018-07-27,2817.5,-0.008833979,-0.0129379539588077,-0.00842360251414087,-0.007810016509878617,2805.9607471503114,2818.656475030734,2820.3864938980405,0.004922485968940003,0.0081545150062701,0.0053092160728903,0,1,1
2018-07-30,2803.25,-0.0050705085,-0.0082465271200136,-0.010122399692542597,-0.009352838731656328,2794.3609493748013,2789.1239977747496,2791.2712248235935,0.005894893739098181,0.0051976092482525,0.0063799315142956,0,0,0
2018-07-31,2817.0,0.0048930305,-0.0091095336542992,-0.00986985608454434,-0.009137922196279883,2777.8296592971997,2775.7184158144314,2777.7508018826306,0.005759436454399023,0.0057415437650043,0.0062207586924015,0,0,0
2018-08-01,2810.75,-0.0022211373,-0.006540569679234,-0.009636365449046821,-0.009199728852972698,2798.635338356675,2789.9847320790172,2791.203207511655,0.005798391865053105,0.0041223808469777,0.0060735945506021,0,0,0
2018-08-02,2828.5,0.006295184,-0.0152432216698304,-0.008984368934764848,-0.008435923368743254,2768.23000882766,2785.6102863516858,2787.1384609838947,0.005316981643402075,0.0096074758223973,0.0056626551256609,0,0,0
2018-08-03,2839.5,0.0038814445,-0.0058934528598575,-0.009310214053981528,-0.010353908083872071,2811.879393074241,2802.288267305366,2799.3650615023225,0.006525846290092781,0.0037145169891208,0.0058680283185809,0,0,0
2018-08-06,2850.0,0.003691014,-0.0066763741309668,-0.008955938320019754,-0.008786172605247635,2820.6055789503075,2814.1831504312513,2814.6609428005177,0.005537736228253978,0.004207975481423,0.0056447359187048,0,0,0
2018-08-07,2859.75,0.0034152141,-0.0048903174141164,-0.008569435071660811,-0.008167565737238055,2836.096619051258,2825.6814569532144,2826.8172398824904,0.00514784158152494,0.0030822622236717,0.0054011312074228,0,0,0
2018-08-08,2855.25,-0.0015748035,-0.0034832510798083,-0.008197521743251578,-0.007302206342924596,2849.8061013265537,2836.402961863147,2838.9435742714336,0.004602424107540032,0.0021954184789448,0.005166722209895,0,0,0
2018-08-09,2853.75,-0.0005254861,-0.0048102312737816,-0.007596115470758966,-0.006467778535079914,2841.5485671050455,2833.6433584677047,2836.8424674285957,0.004076502149370875,0.0030317856463679,0.0047876687297605,0,0,0
2018-08-10,2836.75,-0.0059748883,-0.0090501481052833,-0.006955663792117971,-0.006261908501518088,2828.039656536593,2833.9691486807023,2835.935911918314,0.003946746680819497,0.0057041143266134,0.0043840057672166,0,0,0
2018-08-13,2825.5,-0.003973691,-0.0087051091106905,-0.007786959277107436,-0.007125971635773173,2812.1629534564836,2814.7461260925033,2816.607253518697,0.004491347149879848,0.0054866436455371,0.0049079534894433,0,0,0
2018-08-14,2841.0,0.005470763,-0.0049764395816618,-0.007675365891641002,-0.007737059964175657,2811.4739986821705,2803.896268005462,2803.723289561651,0.00487650302228286,0.0031365431795212,0.00483761857101,0,0,0
2018-08-15,2821.25,-0.0069760536,-0.0142033532696543,-0.008096274264239256,-0.007151910713051912,2800.933486351457,2818.0913473205783,2820.753907087225,0.00450769599418643,0.0089520690632775,0.0051029080944961,0,0,0
2018-08-16,2844.75,0.008295141,-0.0110653185935445,-0.008946529866531768,-0.009279736486785343,2790.204053338184,2796.1221736417538,2795.190642427261,0.0058488189613790445,0.0069742330825649,0.0056388059721771,0,0,0
2018-08-17,2852.25,0.0026329663,-0.0081260018206748,-0.010262751922294887,-0.009818318086757576,2821.7272245645263,2815.7043356265285,2816.95600802633,0.006188275397308369,0.0051216447359948,0.0064683925157277,0,0,0
2018-08-20,2858.5,0.0021888553,-0.0034034267684919,-0.009481147697589674,-0.00934459111803781,2842.559076528162,2825.3351897440984,2825.7210341978976,0.005889695445053214,0.002145106926858,0.0059757641295381,0,0,0
2018-08-21,2861.75,0.0011363141,-0.0084467396300409,-0.008742985460942349,-0.0075910318166807,2834.456681545149,2833.617109936305,2836.8831863156593,0.004784464611582317,0.0053237989010105,0.0055105162970781,0,0,0
2018-08-22,2861.25,-0.00017473353,-0.0081555310049952,-0.00798083624227842,-0.007881287108065868,2838.5058222883763,2839.0017377051227,2839.2843719379025,0.004967406299022654,0.0051402563478022,0.0050301499841047,0,0,0
2018-08-23,2858.0,-0.0011365127,-0.005735508713911,-0.007338613956979723,-0.00790967878800635,2844.886247772625,2840.329249362845,2838.707700268895,0.00498530096620612,0.0036149681800607,0.0046253710461441,0,0,0
2018-08-24,2876.75,0.0065391054,-0.0053551055194506,-0.0067844592407231615,-0.007281952424055313,2842.736015027785,2838.6756422718595,2837.2637717172465,0.004589658496696062,0.0033752082019732,0.0042760992088894,0,0,0
2018-08-27,2898.5,0.007532177,-0.0052823260555044,-0.007995017019324237,-0.006835680497767301,2861.594132876851,2853.8420316117786,2857.152513516278,0.004308382869082989,0.0033293368661509,0.0050390878238581,0,0,0
2018-08-28,2899.25,0.00025872106,-0.0046411543717358,-0.0092632327136103,-0.006678972369987642,2885.0787831146613,2871.774493376978,2879.205504013484,0.0042096130957747615,0.0029252200998111,0.0058384169869676,0,0,0
2018-08-29,2914.75,0.00533197,-0.0060166396260729,-0.0083768313446202,-0.00654059631967047,2881.8586288344304,2875.0649103573787,2880.3490552259846,0.004122397637873738,0.0037921589668922,0.0052797372074583,0,0,0
2018-08-30,2902.0,-0.0043838983,-0.0065154574846991,-0.008628442583468593,-0.006698962642743357,2895.820803448007,2889.70843718519,2895.2894541479623,0.004222212536125602,0.0041065531691372,0.0054383223770661,0,0,0
2018-08-31,2902.0,0.0,-0.0059401236255285,-0.008514477495260738,-0.00694555096839756,2884.812858648341,2877.3958805615557,2881.913846538431,0.0043776318712322425,0.0037439325721589,0.0053664926252413,0,0,0
2018-09-04,2898.25,-0.0012930479,-0.0100659247301668,-0.0077169548325478916,-0.006930180862513601,2872.935213818202,2879.6915843020997,2881.958142199814,0.004367944423009923,0.0063443365562645,0.0048638311888474,0,0,0
2018-09-05,2888.25,-0.003456324,-0.0081835456966015,-0.007058546105899238,-0.007900509569332947,2874.628823002042,2877.864599033422,2875.442561964769,0.004979521804253149,0.0051579134073208,0.0044488502839215,0,0,0
2018-09-06,2879.0,-0.0032077706,-0.0091791536846754,-0.007026279254785853,-0.007955716256074217,2861.8596153657377,2868.027476686786,2865.363064222812,0.0050143173953420845,0.0057854237775818,0.0044285131794267,0,0,0
2018-09-07,2874.75,-0.0014772976,-0.0077364516569403,-0.006906458272405167,-0.008281351005752016,2856.8126918621238,2859.184811782969,2855.2564405253274,0.005219557996851794,0.0048761196192737,0.004352992583048,0,0,0
2018-09-10,2880.25,0.001911382,-0.0054001663632344,-0.0063899373267889085,-0.00807385977986027,2859.2677128347373,2856.439092749479,2851.6331184050705,0.005088780725531256,0.0034036090857606,0.0040274405046057,0,0,0
2018-09-11,2889.75,0.0032928973,-0.0094300090942272,-0.006066016471906803,-0.007307645200359534,2853.2168779264143,2862.831240709674,2859.278873013763,0.004605852102778798,0.0059435325641881,0.0038232801342419,0,0,0
2018-09-12,2888.5,-0.00043265696,-0.0060982590198278,-0.006307695022467027,-0.007921811712772182,2872.181180051668,2871.579704893937,2866.9483789205296,0.004992948088570903,0.0038436019209556,0.0039756049433664,0,0,0
2018-09-13,2905.25,0.0057821088,-0.0059740551811765,-0.005831354130946269,-0.007428809669196884,2871.29538344193,2871.7051495449996,2867.121390400113,0.004682219469868422,0.0037653189042326,0.0036753774916091,0,0,0
2018-09-14,2906.25,0.00034414523,-0.0059653789205176,-0.007404571165471667,-0.007122606678797374,2887.9706729991394,2883.8173174583417,2884.630566176162,0.0044892262896385786,0.0037598504431477,0.0046669424606144,0,0,0
2018-09-17,2891.0,-0.0052611274,-0.0060040269589784,-0.006702029191510083,-0.007072073350687613,2888.8530747154996,2886.8373523910727,2885.7692927171347,0.00445737621630397,0.0037842094732228,0.0042241453160702,0,0,0
2018-09-18,2911.75,0.007151812,-0.0120429924871453,-0.007560595298803388,-0.006970905514490297,2856.3925158254724,2869.224739683992,2870.9171911635126,0.004393612298063924,0.0075904399775646,0.0047652811268861,0,0,0
2018-09-19,2915.0,0.0011155448,-0.0049620966760752,-0.00906967590460933,-0.008570622827753019,2897.337402926174,2885.4607687984317,2886.901126250764,0.005401879824623677,0.0031275031536244,0.0057164222798764,0,0,0
2018-09-20,2939.5,0.008369679,-0.0071485406300923,-0.008109968945122913,-0.007701409343542536,2894.2363075343656,2891.4550440049043,2892.6366170807473,0.004854033200403666,0.0045055719031475,0.0051115395582598,0,0,0
2018-09-21,2933.75,-0.0019580307,-0.0053895117926925,-0.009990040755851646,-0.00769212853780791,2923.700145082214,2910.280470355094,2916.9757290180623,0.0048481837075182955,0.003396893738369,0.0062965085141136,0,0,0
2018-09-24,2925.5,-0.002816062,-0.0046029213101636,-0.009006884505097531,-0.007323400368330416,2920.277210488477,2907.4446948382233,2912.343454195373,0.0046157822473792435,0.0029011226207724,0.0056768462069352,0,0,0
2018-09-25,2921.25,-0.0014537994,-0.0058731601551425,-0.008411003566911336,-0.006780949067836014,2908.368427445483,2900.996801765232,2905.729440835641,0.00427388682217246,0.0037017269323897,0.0053012752265576,0,0,0
2018-09-26,2911.5,-0.0033431945,-0.0102923645671944,-0.007720303113243047,-0.006707547330230757,2891.337628581829,2898.783898673737,2901.7211459368427,0.004227623280603671,0.0064870567309488,0.0048659415383865,0,0,0
2018-09-27,2920.0,0.002915204,-0.0089643675002658,-0.007544844215804142,-0.007736643102667143,2885.5168791448673,2889.6158461437685,2889.0616741874974,0.004876240283411046,0.0056500486503025,0.0047553535569557,0,0,0
2018-09-28,2919.0,-0.0003425244,-0.0066411566343425,-0.007309896817265332,-0.008060819126150793,2900.6720735592435,2898.7329260513698,2896.557019900179,0.005080561481073897,0.0041857786483209,0.0046072712486426,0,0,0
2018-10-01,2930.0,0.003761331,-0.0070197073454623,-0.006728766850998162,-0.007633328516426675,2898.5812250176828,2899.424662361623,2896.80313980341,0.004811123314642507,0.0044243710458737,0.0042409974896227,0,0,0
2018-10-02,2928.5,-0.0005120765,-0.0070870339488732,-0.006995512913042437,-0.007459675922308571,2909.3083981768036,2909.5746732796565,2908.2244697251367,0.004701673807469866,0.0044668055606033,0.0044091218138187,0,0,0
2018-10-03,2931.5,0.0010238909,-0.0075991953713284,-0.006497052052938037,-0.0074242363342005655,2906.330099745187,2909.5350578828297,2906.8386329459568,0.004679336994866972,0.0047896099250601,0.0040949526200883,0,0,0
2018-10-04,2907.75,-0.008134651,-0.0135169438515079,-0.006141305076090882,-0.007518327353665273,2892.141680451099,2913.551932857547,2909.5426679961747,0.004738640547238782,0.0085194399228013,0.0038707329273632,0,1,1
2018-10-05,2894.0,-0.004739958,-0.0154480937700538,-0.008976304343826404,-0.009194404184369842,2863.1759835713324,2881.7659459028528,2881.1375017438445,0.00579503584058713,0.0097366023149599,0.0056575721868874,0,0,0
2018-10-08,2893.75,-8.638936e-05,-0.0124886362644097,-0.008989599551924072,-0.011200924993639614,2858.082632940091,2868.1006855458622,2861.7653888135474,0.007059702889308913,0.0078713196963149,0.0056659518715183,0,0,0
2018-10-09,2888.25,-0.0019024565,-0.0098141365914775,-0.008088976095128432,-0.011385023408665238,2865.489246518705,2870.4369419267427,2860.991420948937,0.007175736173453893,0.0061856398904795,0.0050983082149694,0,0,0
2018-10-10,2781.0,-0.037840206,-0.029961563665067,-0.007580150395538187,-0.010410250154507023,2802.9970471343186,2866.439398872398,2858.338557921511,0.0065613574893086555,0.0188841312386787,0.0047776062851206,1,1,1
2018-10-11,2745.5,-0.012847368,-0.0334356347863885,-0.03176695600956043,-0.01647475181399666,2689.5528162049372,2694.044562507091,2735.559057117445,0.010383682869759749,0.0210737637865963,0.0200220313280011,0,0,0
2018-10-12,2768.5,0.00834245,-0.0202269461758362,-0.02898821423234536,-0.026299137439499083,2690.524783960586,2667.0553363023473,2674.236904479022,0.01657578250665836,0.0127486105335526,0.0182706499586599,0,0,0
2018-10-15,2749.0,-0.0070684482,-0.0113511277054609,-0.02560008285866966,-0.023799756094080103,2737.2520879861186,2698.5256664883104,2703.388270295131,0.015000476028331012,0.0071543724384067,0.0161351833912399,0,0,0
2018-10-16,2817.75,0.024701485,-0.0160825237809011,-0.022831109211938826,-0.014973080790073463,2705.1427550124577,2686.9483303945067,2708.1456221281214,0.009437211817377736,0.0101364699493906,0.0143899586651261,0,0,0
2018-10-17,2816.25,-0.00053248135,-0.0164060781759017,-0.02795775222880052,-0.013582143301991114,2771.8989198553304,2740.0630796669757,2779.7376446970593,0.008560533738644144,0.0103403993479476,0.0176211718496752,0,0,0
2018-10-18,2772.25,-0.015746947,-0.0184611767076262,-0.024160132517690364,-0.014698782448443463,2764.7356816272927,2749.024386661779,2775.1573001090833,0.009264327453270525,0.0116356838936854,0.0152276135621012,0,0,1
2018-10-19,2767.5,-0.0017148793,-0.0152115340605592,-0.02438467823647598,-0.01599507257172606,2730.3989410972113,2705.4671243545317,2728.2604062976084,0.010081351327094996,0.0095875038016173,0.0153691399146652,0,0,0
2018-10-22,2756.5,-0.0039826264,-0.0130704052159101,-0.021100734231083662,-0.01552559169304586,2731.5630206142137,2709.71550958894,2724.8647501408323,0.009785447594360782,0.0082379961940282,0.013299340411824,0,0,0
2018-10-23,2746.25,-0.0037254144,-0.0266495666873303,-0.018631020931398443,-0.01396724152461883,2684.0106642264286,2705.6190446610344,2718.2669255822457,0.008803252892329791,0.0167966505487903,0.0117427330666759,0,0,0
2018-10-24,2664.25,-0.030313753,-0.0278652585621498,-0.016293905424607395,-0.017157955448858155,2670.7813930097323,2701.8654430860042,2699.531904476611,0.010814291473759586,0.0175628750745367,0.0102696992676539,1,1,1
2018-10-25,2688.25,0.008967832,-0.0265676955444068,-0.028235580059268104,-0.01993211039271712,2594.399015590262,2590.075464241245,2611.671614699337,0.01256278186037255,0.0167450489226232,0.0177962807749288,0,0,0
2018-10-26,2669.5,-0.006999235,-0.0274485826742676,-0.02566745636500422,-0.023390283614801652,2615.464842124805,2620.127466494888,2626.1007478792344,0.014742394303232766,0.0173002531954279,0.0161776474678767,0,0,0
2018-10-29,2643.5,-0.009787392,-0.0430765844684,-0.023004102288606207,-0.024800346286829575,2556.948625734036,2608.791498395172,2604.1096784278934,0.015631126575386615,0.0271502476809557,0.0144989924925888,0,0,0
2018-10-30,2685.25,0.015670037,-0.0168437866604235,-0.021961174941322867,-0.030981562953361626,2599.3463511928567,2586.0784640569013,2562.855928485169,0.019527014922549022,0.0106162776218052,0.0138416577446875,0,0,0
2018-10-31,2711.0,0.009543737,-0.0216488590472148,-0.02299319779195712,-0.020607965470334215,2627.742137067644,2624.211934927011,2630.4787609998675,0.012988758826285356,0.0136448117323033,0.01449211962213,0,0,0
2018-11-01,2738.0,0.009910156,-0.0090830238191999,-0.021551503458677696,-0.018773557440463336,2686.487415148675,2653.1989609768025,2660.579651299236,0.011832570772530445,0.0057248351842798,0.0135834505920336,0,0,0
2018-11-02,2724.25,-0.005034566,-0.0274033207016451,-0.02044262693541377,-0.015139361700095099,2663.9884209131187,2682.596315303862,2696.8606253615126,0.009542015110104296,0.0172717255444454,0.0128845494923817,0,0,0
2018-11-05,2739.5,0.005582261,-0.0111725559943648,-0.018497893829896424,-0.01859624617834818,2693.9825615043546,2674.3203332742896,2674.0573205231726,0.011720815285356647,0.0070418225172627,0.011658825908682,0,0,0
2018-11-06,2759.0,0.007092873,-0.0105646709647567,-0.017016846569025204,-0.01605809382178089,2710.7104278425454,2693.2767512024548,2695.860175921641,0.01012107226990575,0.006658685615415,0.0107253535720033,0,0,0
2018-11-07,2816.5,0.020626685,-0.0204963826791095,-0.016143280915026037,-0.014060390558490269,2703.026071268185,2714.8182665190216,2720.478828424507,0.008861962731377187,0.0129184305851754,0.0101747638684707,0,0,0
2018-11-08,2808.75,-0.002755435,-0.0088605857037083,-0.020792644810651916,-0.015319244089988844,2791.6543962184455,2758.5421524409458,2773.682154899135,0.009655391123995095,0.0055846372088876,0.0131051582551876,0,0,0
2018-11-09,2779.0,-0.010648394,-0.0166119092302792,-0.01881457404852767,-0.014009139575252292,2762.4767079226767,2756.398594148039,2769.6761636689125,0.008829660335400915,0.0104701302487548,0.0118584226612473,0,0,0
2018-11-12,2727.75,-0.018614057,-0.0234036237287712,-0.018527125945289144,-0.014558105854516893,2714.7164972509036,2727.987137057101,2738.836088422349,0.009175662012053349,0.014750802291072,0.0116772502843131,0,1,1
2018-11-13,2727.5,-9.165483e-05,-0.0168420061588489,-0.021114971609311393,-0.016867224900663003,2682.193922408617,2670.757451669703,2682.126281705502,0.010631050242140843,0.0106151554098345,0.0133083139260889,0,0,0
2018-11-14,2698.5,-0.010689376,-0.0226678254934597,-0.01903976218988279,-0.016984579220622256,2666.36897720371,2676.060302383876,2681.5657513567176,0.010705016154077552,0.0142870444379726,0.0120003539189841,0,0,0
2018-11-15,2734.5,0.0132525405,-0.0244867453486662,-0.0186929451884286,-0.018113319347876022,2633.2249657938182,2648.5256267072236,2650.061225593234,0.011416436857472784,0.0154334706272842,0.0117817625983014,0,0,0
2018-11-16,2743.0,0.0031036083,-0.0159386865417975,-0.01927584309338965,-0.019453464342562628,2691.2611621613755,2682.2949714541364,2681.818581180426,0.0122611015165482,0.0100458124212787,0.0121491506511776,0,0,0
2018-11-19,2696.25,-0.017190292,-0.0240228979023184,-0.017751527670466442,-0.01721631895090662,2677.8903830915006,2694.737196209817,2696.1798290745583,0.010851076737858373,0.0151411175261752,0.0111884073195742,0,0,0
2018-11-20,2640.0,-0.021083001,-0.0178048686864687,-0.020051794971415782,-0.018323375919833337,2648.668471231594,2642.7237895552953,2647.2954734558757,0.011548831011420556,0.011222027018394,0.0126382164844348,1,1,1
2018-11-21,2649.0,0.0034032932,-0.0161357375333693,-0.023436965157949095,-0.01764753703101269,2597.7434897199555,2578.8458451429956,2593.8191895421373,0.011122864248959086,0.0101700094367333,0.0147718166790832,0,0,0
2018-11-23,2629.5,-0.0073884963,-0.0088675661846853,-0.02130332767986211,-0.017140749649091347,2625.6136603800264,2593.1643393143713,2603.9810853796216,0.010803447027037947,0.0055890368563944,0.0134270307192324,0,0,0
2018-11-26,2670.0,0.015284758,-0.0131776081641121,-0.019859299635391785,-0.014115461085889992,2595.076785279452,2577.795082653545,2592.6441258508235,0.008896672504152235,0.0083055639139794,0.0125168908010043,0,0,0
2018-11-27,2683.5,0.00504344,-0.0103014990638317,-0.020898109066118546,-0.013538847088607354,2642.636183652746,2614.781044310401,2634.094883663423,0.008533245063566414,0.0064928140083468,0.0131716301143831,0,0,0
2018-11-28,2741.5,0.021383304,-0.0172463699168221,-0.019108091054980833,-0.01281881509817121,2637.6161683859996,2632.710230771846,2649.320249673017,0.008079424336602938,0.0108700172174188,0.0120434201377678,0,0,0
2018-11-29,2744.25,0.0010025977,-0.0126017249727463,-0.023259356697821938,-0.013947089942069946,2707.169139339729,2678.470329951806,2703.529457712695,0.008790551781874602,0.0079425970846953,0.014659873874374,0,0,0
2018-11-30,2758.25,0.005088607,-0.0133884542674286,-0.020911957790905128,-0.014133013210266507,2707.7535947683705,2687.458242864774,2705.7382629741423,0.008907735231850596,0.0084384556926162,0.0131803586687163,0,0,0
2018-12-03,2790.75,0.0117139565,-0.0162349816565614,-0.019447018605320283,-0.013906322505416924,2713.831405013471,2705.1284628362687,2720.15835714784,0.008764856940556365,0.0102325608799083,0.0122570389065531,0,0,0
2018-12-04,2701.75,-0.032410666,-0.0222462287651598,-0.01946371558130397,-0.014305580287765698,2729.351808298533,2736.956841334093,2751.110907927155,0.009016500561170489,0.0140213210586453,0.0122675626525528,1,1,1
2018-12-05,2701.75,0.0,-0.0093844617805618,-0.028653392231416785,-0.016370448554830313,2676.5141281279584,2625.4342710993096,2657.8811963154076,0.01031794276164197,0.0059148250688637,0.0180596188296503,0,0,0
2018-12-06,2691.0,-0.0039868397,-0.0381564198629398,-0.02579902706514538,-0.015136368507266282,2600.6028702919066,2632.938924644619,2661.1632592162105,0.0095401285648347,0.0240491734124675,0.0162605736594602,0,0,0
2018-12-07,2636.0,-0.020650255,-0.0293287492141468,-0.02359726014253093,-0.02197533655161711,2613.2224698174387,2628.2431301010365,2632.509398481821,0.013850583504048294,0.0184852818570343,0.014872847171336,0,0,0
2018-12-10,2643.0,0.002652019,-0.0272742563005316,-0.0256841834966184,-0.024694516655426782,2565.076647749273,2569.1585507682676,2571.702420379798,0.015564424427571767,0.0171903790194071,0.0161881902203238,0,0,0
2018-12-11,2641.25,-0.0006623457,-0.0240078990631204,-0.023425828752844453,-0.02432316994812396,2580.302748835372,2581.8051036526426,2579.4893827262335,0.01533037255917967,0.0151316640793855,0.0147647976416967,0,0,0
2018-12-12,2652.5,0.0042503015,-0.0218611256504449,-0.021385006668119082,-0.021673214294264883,2584.135866098796,2585.366515182002,2584.621500200601,0.013660162322372209,0.013778598821582,0.0134785112344328,0,0,0
2018-12-13,2645.5,-0.0026425081,-0.0139904704270181,-0.01972395835471667,-0.019637219902006356,2615.6486620532946,2600.694781936613,2600.920371961493,0.012376918706170316,0.0088178935715127,0.0124315880933469,0,0,0
2018-12-14,2602.0,-0.016579702,-0.0164153499385462,-0.01790385779125124,-0.0164180378346719,2602.42768251752,2598.5568300878217,2602.420687471636,0.010347937264469956,0.0103462431411671,0.0112844177289327,1,0,1
2018-12-17,2552.5,-0.019207109,-0.0326469857445292,-0.02012414211517637,-0.015843089837995063,2518.424214796436,2550.1603459933754,2561.101118048667,0.009985559868348948,0.0205766952031868,0.0126838153381125,0,0,1
2018-12-18,2538.0,-0.0056969016,-0.0196088135814575,-0.022489365975425845,-0.02116877891319879,2502.936036716342,2495.7365725189225,2499.03458712573,0.013342227516166103,0.0123590148113253,0.0141745652297105,0,0,0
2018-12-19,2504.5,-0.013287256,-0.0439665358590839,-0.020963716966257408,-0.021042616153458385,2428.8304214301306,2485.3479064033295,2485.1518222091463,0.01326270983347755,0.0277111649630305,0.0132129813672872,0,0,0
2018-12-20,2486.25,-0.0073135626,-0.0338108772326652,-0.02114124098247647,-0.028659177188527084,2421.236200957374,2452.1075342272225,2433.7418686667897,0.01806326496409449,0.0213102710557437,0.0133248709488115,0,0,0
2018-12-21,2413.5,-0.029697575,-0.0346725463134934,-0.020071224494102424,-0.02969474211965801,2401.5227249011873,2436.8453822482456,2413.506837329626,0.018715959338936154,0.0218533626042547,0.0126504624960389,0,1,1
2018-12-24,2341.75,-0.030179463,-0.0346463413303567,-0.02626624775436498,-0.028550557302422366,2331.313015420526,2350.931725144568,2345.567598353545,0.01799480417856068,0.0218368461651866,0.0165550528432331,0,1,1
2018-12-26,2471.0,0.053724416,-0.0562796394150826,-0.031069213376162724,-0.02952313856463307,2213.597175894112,2270.112295676929,2273.624773693843,0.018607801297175035,0.0354718501564412,0.0195822591049223,0,0,0
2018-12-27,2495.0,0.009665802,-0.0455923135744285,-0.04668797085102716,-0.04136869716107536,2360.8709874559427,2358.285698533365,2370.8634882990295,0.026073802926171598,0.0287358578023192,0.0294264270942025,0,0,0
2018-12-28,2486.0,-0.003613736,-0.0224645921765896,-0.04216182578952208,-0.047160125768466093,2439.575715334252,2391.9929850530607,2380.066916429584,0.029724016216238214,0.0141589508354241,0.0265736948969703,0,0,0
2018-12-31,2505.25,0.0077135367,-0.0130311558841698,-0.03812936381688979,-0.027373096414089616,2453.8147077026697,2392.9947840922105,2418.8734050602784,0.01725267582397111,0.0082132581816901,0.0240321205666908,0,0,0
2019-01-02,2511.0,0.0022925502,-0.0311089749056623,-0.03516279106939008,-0.017013921992354006,2428.5140179422397,2418.6891960280263,2462.986426014725,0.010723510274026807,0.0196073199445271,0.0221623533636463,0,0,0
2019-01-03,2447.75,-0.025511844,-0.0181979904139556,-0.032356112989115685,-0.02240155749716273,2465.718115369817,2431.0541434759884,2455.3750579615385,0.01411922142836803,0.0114698032151783,0.0203933643414071,1,0,1
2019-01-04,2531.25,0.033544015,-0.0327536496014062,-0.033795545600586514,-0.02314278235666209,2368.8760109076734,2366.409173786374,2391.752720184844,0.014586399566352763,0.0206439231454333,0.0213006078567361,0,0,0
2019-01-07,2550.5,0.0075761667,-0.0188156023649553,-0.0375209361830822,-0.02616518093061198,2484.0682747626033,2438.0348261780205,2465.8783458499265,0.016491352590971124,0.0118590707870457,0.0236486416730489,0,0,0
2019-01-08,2572.5,0.00858877,-0.0127734798393131,-0.03481873400022034,-0.024611617297848765,2518.1284286260775,2463.2230722927407,2488.494231082681,0.015512174739751545,0.0080508504948774,0.0219455015691129,0,0,0
2019-01-09,2582.5,0.0038797334,-0.0112176337659105,-0.032618589591931965,-0.020267970680036496,2543.8038892821596,2489.9424534222153,2520.885473168772,0.012774467399034681,0.0070702340702555,0.0205587977169837,0,0,0
2019-01-10,2594.0,0.004443164,-0.0160977088724882,-0.030405775363374667,-0.017580172558139616,2541.2604882146393,2505.1588523757205,2537.4959529079656,0.011080405865919393,0.0101460407870682,0.0191641083487645,0,0,0
2019-01-11,2595.0,0.00038543073,-0.0089892957875833,-0.028437527650736073,-0.016937627663726425,2570.7862606317917,2521.272055883642,2550.433789496034,0.010675423594350274,0.0056657604153666,0.0179235640123208,0,0,0
2019-01-14,2580.5,-0.005603338,-0.0103221599315353,-0.02640132511702553,-0.015850199610491868,2568.351765255134,2527.385050873508,2554.192985990831,0.009990041005528826,0.0065058361103166,0.016640189209024,0,0,0
2019-01-15,2605.5,0.009641416,-0.0113721448706555,-0.02463735526543391,-0.014787176746072682,2551.3204118847557,2517.7000931382313,2542.6224317467845,0.009320040484000201,0.0071676191070465,0.0155283968289298,0,0,0
2019-01-16,2613.25,0.002970062,-0.0097898019647173,-0.023690659665238128,-0.014166424862533857,2580.117120388022,2544.4994113430816,2568.8495955590865,0.008928793879969598,0.0061703022969373,0.0149317148881264,0,0,0
2019-01-17,2635.25,0.008383397,-0.0194722001672858,-0.021600730902659942,-0.013611393566314595,2562.856501343472,2557.4071840870515,2577.9210096076827,0.008578969553157213,0.012272910305198,0.0136144775945992,0,0,0
2019-01-18,2671.5,0.013662058,-0.0139580613532943,-0.020680581843004666,-0.014177035462262356,2598.72253813977,2581.311162366848,2598.15354748691,0.008935481513500144,0.0087974668271556,0.013034527369173,0,0,0
2019-01-22,2632.0,-0.0148960985,-0.0198120272996065,-0.021509774212678204,-0.014440755003585447,2619.0930274596785,2614.6502427863797,2633.198738172229,0.009101698286570497,0.0124870960612201,0.0135571495429043,0,0,1
2019-01-23,2638.25,0.002371805,-0.0173500995436317,-0.02223387889029438,-0.015465017263939758,2586.728406978548,2574.12619446996,2591.6092017654614,0.009747268830337148,0.0109353957773601,0.0140135371972839,0,0,0
2019-01-24,2634.0,-0.0016122153,-0.0091403015833099,-0.02062046114327479,-0.01621264363609136,2614.2454707875427,2584.4051293255743,2595.8218584450224,0.01021848170450596,0.0057609361310328,0.0129966345810478,0,0,0
2019-01-25,2663.5,0.011137444,-0.0124619659850355,-0.01883544553997054,-0.01456170728355508,2601.3788655020467,2584.8517540375847,2595.922373480644,0.00917793191556587,0.0078545099910036,0.0118715775148444,0,0,0
2019-01-28,2642.0,-0.008104841,-0.0161802483493484,-0.018754766534653935,-0.013682756382824464,2620.750688405658,2614.012196006791,2627.304172426633,0.008623948006471562,0.0101980636497873,0.0118207272674529,0,0,0
2019-01-29,2640.25,-0.00066259643,-0.009139297163919,-0.01812932366259397,-0.014098310501482497,2617.9639803599794,2594.533891167882,2605.0135991600973,0.00888586285848782,0.0057603030670243,0.0114265240339265,0,0,0
2019-01-30,2682.5,0.015875585,-0.018703481231497,-0.016470655870856922,-0.012969243707443281,2591.3270743665894,2597.1195195286537,2606.2290441975997,0.008174236264021058,0.0117884032403675,0.0103811012846108,0,0,0
2019-01-31,2704.5,0.008167856,-0.0134717995763307,-0.018547322522544585,-0.014039295978548338,2646.6042308305477,2633.2053622238877,2645.102718543165,0.008848667269881875,0.0084909864539954,0.0116899797539672,0,0,0
2019-02-01,2704.25,-9.24428e-05,-0.0084037970051759,-0.017667514273470963,-0.014164432773313905,2681.86716507593,2657.137825560733,2666.4623186148606,0.008927538308842228,0.0052967330851956,0.0111354554765928,0,0,0
2019-02-04,2721.25,0.006266724,-0.0083781082084767,-0.016032153029777212,-0.01260332039149308,2681.688145678634,2661.2407369312127,2670.38134788549,0.007943602642927617,0.0052805419873727,0.0101047223448448,0,0,0
2019-02-05,2731.0,0.003576509,-0.0078052610110946,-0.015832297311307347,-0.01138088680981593,2700.0926103603915,2678.5056246320764,2690.4553294867083,0.007173128963882812,0.0049194886800085,0.0099787575701563,0,0,0
2019-02-06,2729.5,-0.0005494002,-0.0058399761647424,-0.015077810068310438,-0.010533142343736628,2715.0975053854586,2690.131379605767,2702.384955987626,0.0066388138015212985,0.0036808117746649,0.0095032204361824,0,0,0
2019-02-07,2704.0,-0.009386284,-0.0160911824546062,-0.014057944004088982,-0.00955350175447519,2685.9305991798906,2691.397292211496,2703.54788115351,0.006021367340410233,0.0101419273257956,0.0088604207205892,0,0,0
2019-02-08,2706.25,0.0008317546,-0.0116582164987369,-0.014372469594074639,-0.01111519317485465,2672.659226319869,2665.4147888081006,2674.110936737185,0.007005667961914471,0.0073479239211991,0.0090586594569118,0,0,0
2019-02-11,2708.25,0.0007387571,-0.0086427317868699,-0.013231504412044823,-0.011450446454578673,2682.9613906690784,2670.6780950644193,2675.438965972449,0.007216970916702752,0.0054473285556269,0.0083395335635815,0,0,0
2019-02-12,2744.75,0.013387326,-0.0109213554537079,-0.012232380553768027,-0.010655501459026082,2678.833167328402,2675.3234509729837,2679.5454405031614,0.006715934128657919,0.0068834962019202,0.0077098072157076,0,0,0
2019-02-13,2749.5,0.0017290808,-0.0075450057708366,-0.014237941665432961,-0.010598183435233888,2724.118774640608,2705.9473004019073,2715.8142401035557,0.00667980780709028,0.0047554553816291,0.0089738693876038,0,0,0
2019-02-14,2743.5,-0.0021845994,-0.0132170532007321,-0.013281892589012632,-0.00996994770236607,2713.3988134193933,2713.2228840038097,2722.223825744712,0.006283844293272224,0.0083304252749075,0.0083712921512632,0,0,0
2019-02-15,2777.0,0.01213673,-0.0156030901521056,-0.012513563502636925,-0.010889467148821927,2701.025153326309,2709.3829466830002,2713.786820837771,0.006863397686996967,0.0098342932116336,0.0078870308001599,0,0,0
2019-02-19,2778.75,0.00062997796,-0.0086644878544534,-0.013848021825894497,-0.012177261261640518,2753.042656165174,2738.8090879943497,2743.388806953172,0.007675066707570085,0.0054610409386011,0.0087281112721489,0,0,0
2019-02-20,2787.0,0.0029645623,-0.0062495721164192,-0.012939718945290214,-0.011103077450685042,2761.438153643551,2743.0253876673783,2748.0679712067154,0.006998031680716729,0.0039389713217687,0.0081556274394109,0,0,0
2019-02-21,2774.25,-0.004585308,-0.0128420191423839,-0.01225598591754406,-0.009634933857832357,2751.4381245228096,2753.0510312421734,2760.2763861973826,0.006072692249351195,0.0080940493482038,0.0077246851704254,0,0,0
2019-02-22,2791.25,0.006109084,-0.0078736703288622,-0.011785962369728445,-0.010446718598446375,2752.4922392132617,2741.744723152493,2745.4190475542737,0.006584342767684633,0.0049626056063851,0.0074284394049693,0,0,0
2019-02-25,2797.0,0.00205789,-0.0077514863557837,-0.011603947574995156,-0.009640818918969372,2769.697304339596,2759.04767968998,2764.469365245252,0.006076401477217316,0.0048855956676291,0.0073137193820243,0,0,0
2019-02-26,2791.5,-0.0019683284,-0.0079934296446801,-0.01101198518035219,-0.009141217194528178,2774.7314967112175,2766.368444111295,2771.5485214842315,0.005761513221154177,0.0050380873356513,0.0069406181756332,0,0,0
2019-02-27,2795.0,0.0012530208,-0.0086115099501975,-0.010462612734346063,-0.008873191433350146,2767.564179670893,2762.4458726303255,2766.8400541208925,0.00559258233002936,0.0054276501013304,0.0065943605007913,0,0,0
2019-02-28,2784.75,-0.0036740038,-0.0042364954458002,-0.009921243765892694,-0.00884775131790476,2783.1840420276817,2767.407227318132,2770.379613208623,0.005576547970669207,0.0026701722541882,0.0062531472462661,0,0,0
2019-03-01,2805.0,0.0072454363,-0.0073571517075239,-0.00966839017121185,-0.007733257909695784,2764.33735332566,2757.955688123893,2763.29786439355,0.004874106668855611,0.0046370549928853,0.0060937790464117,0,0,0
2019-03-04,2791.5,-0.004824453,-0.019433192559009,-0.010234453081075673,-0.007802688188629776,2751.0161332131156,2776.438762730126,2783.1986249059255,0.004917867085167135,0.0122483246459767,0.0064505563627999,0,0,0
2019-03-05,2791.5,0.0,-0.0063208789760096,-0.010064621075278843,-0.011083589247433428,2773.910914142078,2763.545521857352,2760.7309911304205,0.006985748684010564,0.0039839145066363,0.0063435148905374,0,0,0
2019-03-06,2771.5,-0.007190396,-0.0082097073555121,-0.009568121047367291,-0.00950428376607676,2768.676417574317,2764.91796296642,2765.094473446082,0.005990346297496395,0.0051744025400581,0.0060305815673003,0,0,0
2019-03-07,2750.0,-0.007787778,-0.0135011245132576,-0.009995471998211818,-0.009089195653487883,2734.3330954790504,2743.935538752716,2746.423429811059,0.005728725159114924,0.0085094693330495,0.006299931709734,0,0,0
2019-03-08,2747.0,-0.0010915046,-0.0120719495843427,-0.01045851355265201,-0.010339756329463583,2717.0017161933924,2721.3889629797554,2721.7121667672272,0.006516926742685479,0.0076086910151233,0.006591776874451,0,0,0
2019-03-11,2784.0,0.013379335,-0.0153738587425791,-0.009890964971661455,-0.010768689476585403,2705.0909871052813,2719.9634484329026,2717.5771172855802,0.006787274109512397,0.0096898135686511,0.0062340631714026,0,0,0
2019-03-12,2797.25,0.004748049,-0.0066509915847832,-0.012400330418710175,-0.01197364609615526,2765.545079219828,2749.6906434327784,2750.8641436614785,0.007546732434025745,0.0041919774067343,0.0078156624149402,0,0,0
2019-03-13,2819.5,0.007922772,-0.0132416666653847,-0.011876819768655641,-0.010112917468217944,2760.4539063794155,2764.224075593719,2769.104199565219,0.006373955071591107,0.0083459386139953,0.0074857048756412,0,0,0
2019-03-14,2812.25,-0.0025746897,-0.00581420954058,-0.012043141847002262,-0.011023631221206334,2803.1544006172076,2785.7480095073192,2788.5895574518377,0.006947958425506643,0.0036645716238604,0.0075905341158804,0,0,0
2019-03-15,2829.75,0.006203494,-0.0076566001111041,-0.011399463807893811,-0.009252767397332655,2790.7999483611293,2780.373888381683,2786.348918020666,0.005831820922481428,0.004825790901853,0.0071848376475031,0,0,0
2019-03-18,2840.5,0.0037917246,-0.0053610987261045,-0.0112557308101397,-0.008781383612355788,2814.6200237659777,2798.077677690762,2805.0096658878265,0.005534717828704418,0.0033789855916401,0.007094245820479,0,0,0
2019-03-19,2836.5,-0.0014091952,-0.011607135431262,-0.010777770533545736,-0.007899255515779595,2807.7205376554475,2810.0501284188454,2818.1505529177193,0.004978731401183852,0.0073157286194855,0.0067929977050277,0,0,0
2019-03-20,2827.0,-0.003354819,-0.0121583421510464,-0.010244366949866671,-0.008975857311390126,2802.221668595315,2807.5901873442162,2811.153902383323,0.005657290431926645,0.0076631423977653,0.0064568048617576,0,0,0
2019-03-21,2862.5,0.01247929,-0.0156668565754307,-0.009819899054575209,-0.009834425650136834,2783.054935827488,2799.375004695813,2799.334339602658,0.006198427649179786,0.009874483821181,0.0061892718474298,0,0,0
2019-03-22,2810.75,-0.018244017,-0.0163378477596943,-0.011688123314454738,-0.011428048604251334,2816.112875496997,2829.2375137041563,2829.9734225221177,0.007202854031824048,0.0102973951793891,0.0073667735459804,1,1,1
2019-03-25,2807.0,-0.0013350543,-0.0114105163548764,-0.01526239592992702,-0.012892272773849904,2778.86017683345,2768.1769305743333,2774.7456320583883,0.00812572313474017,0.0071918038309131,0.0096195609474634,0,0,0
2019-03-26,2823.0,0.005683852,-0.0103573925989205,-0.014066709197371963,-0.01242114743144489,2778.0768417891477,2767.7911634602115,2772.34948424546,0.007828782931775507,0.006528042505224,0.0088659452340004,0,0,0
2019-03-27,2810.5,-0.004437746,-0.0152978475676575,-0.013502137004361783,-0.011473344061724903,2780.1428233918678,2785.13964030304,2790.795847646236,0.007231402787590228,0.009641905354685,0.0085101074844859,0,0,0
2019-03-28,2821.0,0.0037290286,-0.0105994108165057,-0.012939538433187627,-0.01241234462883393,2780.8676759143914,2774.3676990216263,2775.830714095906,0.007823234714011178,0.0066805813991923,0.0081555136665026,0,0,0
2019-03-29,2837.75,0.0059200525,-0.0054653840289264,-0.012353474463478887,-0.011331311222467408,2805.6242072339396,2786.365218942091,2789.214795162852,0.007141882534017217,0.003444714382259,0.0077861301108925,0,0,0
2019-04-01,2870.5,0.011474746,-0.0069997211235474,-0.012118697962846064,-0.009193767617766689,2817.9558987952228,2803.5677056477784,2811.779950171322,0.005794634626304375,0.0044117741586811,0.0076381555158657,0,0,0
2019-04-02,2867.0,-0.0012200437,-0.0044688737727443,-0.012959881196816792,-0.008558770316068503,2857.700718323454,2833.538685476284,2846.0368862256687,0.005394409440612333,0.0028166353317529,0.008168335274294,0,0,0
2019-04-03,2879.75,0.004437298,-0.0080807763547474,-0.012313257686526661,-0.007680443695800881,2843.925768602792,2831.914342876741,2845.064512890639,0.004840819002110038,0.0050931400943996,0.0077607823385782,0,0,0
2019-04-04,2882.75,0.0010412148,-0.00570819537438,-0.011962196919193582,-0.008018177836309015,2863.3586513880527,2845.507082015108,2856.751976710231,0.005053685590263914,0.003597753167719,0.0075395162632432,0,0,0
2019-04-05,2896.0,0.004585775,-0.0049945559167961,-0.011388004124694632,-0.007677379387901958,2868.387840092261,2850.1074506274285,2860.7027753161697,0.004838887634536375,0.0031479615171642,0.0071776148548643,0,0,0
2019-04-08,2898.25,0.00077663205,-0.0059742841203278,-0.011158442096964781,-0.00726387185110906,2878.7500525382943,2863.864774644166,2875.0400444951383,0.004578262699193489,0.0037654631996715,0.0070329268303163,0,0,0
2019-04-09,2882.5,-0.0054491335,-0.0069480649026181,-0.010641102847335448,-0.007233067462326653,2878.1825665415968,2867.572932061207,2877.362394024009,0.004558847353352494,0.0043792163500758,0.006706858992398,0,0,0
2019-04-10,2894.5,0.004154411,-0.0055420396609503,-0.010600858990705678,-0.007411788306075315,2866.5692558602254,2852.1044182469027,2861.214499462185,0.00467149126961018,0.0034930287837203,0.0066814941523435,0,0,0
2019-04-11,2891.75,-0.00095052936,-0.0056286347870736,-0.010338149002219705,-0.00722340332901901,2878.253681797043,2864.730374267381,2873.6671915368306,0.004552756257315928,0.0035476078352218,0.0065159136787828,0,0,0
2019-04-12,2912.5,0.0071499636,-0.0061257977234127,-0.009921184708028297,-0.007102092004671032,2874.0898708480445,2863.20226197375,2871.2852826178046,0.004476296330346359,0.0038609589754289,0.0062531100233603,0,0,0
2019-04-15,2909.5,-0.0010305737,-0.0053352799730541,-0.010160025495590455,-0.007119113367792601,2897.002375922079,2883.0587409737286,2891.8392128197797,0.004487024530604601,0.003362712585115,0.0064036462513053,0,0,0
2019-04-16,2911.5,0.00068716716,-0.0064373780093318,-0.009763021366661176,-0.0069822047162391015,2890.8306041323985,2881.232700984015,2889.2560313877134,0.00440073394268508,0.0040573413497421,0.0061534230601259,0,0,0
2019-04-17,2900.5,-0.0037852763,-0.0090489013913737,-0.009384546206532009,-0.0071294337255276554,2885.2729654848463,2884.304701079219,2890.8164722381975,0.004493529230829112,0.0057033285495642,0.0059148782807427,0,0,0
2019-04-18,2910.0,0.0032699453,-0.0080454996451499,-0.009152510704129015,-0.00784750224622328,2877.2576518044125,2874.074258115439,2877.827397737756,0.004946112424909538,0.00507090594063,0.0057686312781365,0,0,0
2019-04-22,2912.5,0.0008587377,-0.0063373986290125,-0.008925924228503418,-0.008067113677112225,2891.6164833536463,2884.141139296327,2886.6191340501714,0.005084528801597385,0.0039943264897629,0.0056258186802876,0,0,0
2019-04-23,2938.0,0.008717258,-0.008372060603891,-0.008564815744983459,-0.007743510621388542,2888.2181598387156,2887.6614945915776,2890.0341199636114,0.004880568733229912,0.0052767303118556,0.0053982197448508,0,0,0
2019-04-24,2930.75,-0.0024707147,-0.0040355422620939,-0.009456027333994272,-0.00802554489503507,2926.1674682332946,2910.3491314138796,2914.5153138525843,0.005058328889438185,0.0025435157706895,0.0059599313029139,0,0,0
2019-04-25,2926.25,-0.0015366231,-0.0081491729614762,-0.009209020653389124,-0.007181278346149635,2906.963861655248,2903.8845548023714,2909.7788584142336,0.00452620578372166,0.0051362490092809,0.0058042482876507,0,0,0
2019-04-26,2941.5,0.0051979157,-0.0077273506358727,-0.008831457231324138,-0.00767470881465948,2903.724981643519,2900.5207289836694,2903.8778430382713,0.004837204429475476,0.0048703834408096,0.0055662781572228,0,0,0
2019-04-29,2943.0,0.00050981395,-0.0050856111734383,-0.00898056989595688,-0.007845150823539334,2926.578648987823,2915.2019162866945,2918.5137719586446,0.004944630373603483,0.003205351693312,0.005660260672947,0,0,0
2019-04-30,2948.5,0.0018670972,-0.0114591454458865,-0.008567098472108299,-0.0072931926523313465,2909.4682246245766,2917.8947224394356,2921.614214145903,0.004596742971601649,0.0072224537044283,0.0053996584988187,0,0,0
2019-05-01,2923.0,-0.008686081,-0.013533929226046,-0.00831226517098958,-0.008554151305539352,2908.864029883278,2924.0928659599836,2923.385653975407,0.005391498177301766,0.008530145440227,0.005239042532439,0,1,1
2019-05-02,2917.5,-0.001883401,-0.0122072038422154,-0.009290641095289662,-0.009960754345040821,2887.5352463076747,2895.9692171615748,2894.0292398931147,0.006278049917244497,0.0076939388741739,0.0058556919023378,0,0,0
2019-05-03,2947.5,0.010230268,-0.0080168515227995,-0.008997154712065792,-0.010566374907443282,2894.2043393757713,2891.3685318341813,2886.834896008518,0.006659759573959935,0.0050528496432934,0.0056707137269822,0,0,0
2019-05-06,2932.5,-0.005102052,-0.020507880379506,-0.010255013412188705,-0.009537810185347493,2887.6686268443113,2917.4278068849108,2919.520946035439,0.006011477280797166,0.0129256773392387,0.006463515098712,0,0,0
2019-05-07,2890.75,-0.014339318,-0.0253539410260722,-0.010245648286897457,-0.012943557146480553,2859.084190725049,2902.608029196201,2894.7876114090996,0.008158046575334815,0.0159800454711346,0.0064576124610178,0,1,1
2019-05-08,2887.25,-0.001211492,-0.0119310667589629,-0.01265023729311434,-0.016905027474880988,2856.465202573441,2854.411655481709,2842.292533239352,0.010654876394229316,0.0075198955906425,0.0079731733601783,0,0,0
2019-05-09,2872.75,-0.0050347326,-0.0189254584886072,-0.011899709326533043,-0.013924731479662535,2833.1212909076908,2853.0961775496676,2847.324440505163,0.008776459722357398,0.0119283107466021,0.0075001316732471,0,0,0
2019-05-10,2887.0,0.0049481415,-0.0256150755299959,-0.011684149413796023,-0.015030908327325267,2800.098747785697,2839.379691248437,2829.892855888266,0.00947365927435562,0.0161446329505522,0.0073642688815908,0,0,0
2019-05-13,2807.0,-0.028101603,-0.0196615688014573,-0.011487316386976053,-0.018155650737900098,2830.7914358800526,2854.0258723098814,2835.057587268499,0.011443117425071543,0.0123922652954835,0.0072402092446464,1,1,1
2019-05-14,2839.25,0.011423635,-0.0180113992080651,-0.0196559053705665,-0.017175907089604134,2756.894591235572,2752.364586921836,2759.198917427119,0.010825606008060476,0.0113521987783935,0.0123886957564101,0,0,0
2019-05-15,2855.0,0.0055319103,-0.0170946775498096,-0.01961550275838283,-0.017360365705350704,2791.126437077398,2784.099355937305,2790.384966346806,0.010941866318997602,0.0107744087705903,0.0123632308561335,0,0,0
2019-05-16,2878.5,0.008197482,-0.0190851310120862,-0.01862320043218827,-0.016886059987157954,2801.028614652143,2802.3227943119878,2807.1950532518154,0.01064292159335731,0.0120289489149666,0.0117378039736857,0,0,0
2019-05-17,2862.0,-0.005748644,-0.0122482487308084,-0.018069687732495336,-0.01712137917597104,2843.458452896257,2826.9535207980944,2829.635616536935,0.010791238233109556,0.0077198085875017,0.011388936785707,0,0,0
2019-05-20,2844.0,-0.0063091693,-0.016201008544802,-0.017128114532638475,-0.014266007353021956,2816.0062917779787,2813.3967653237996,2821.460542597717,0.008991558588797004,0.0102111483559084,0.0107954833840192,0,0,0
2019-05-21,2866.0,0.0077058175,-0.0073391532984304,-0.016394046071962855,-0.014270923543600173,2823.203854414942,2797.755436461677,2803.70172417273,0.00899465715832132,0.0046257109814976,0.0103328157707886,0,0,0
2019-05-22,2857.5,-0.0029702126,-0.0079559023920486,-0.01608795098973844,-0.01134273220154663,2843.288847395413,2820.260843637719,2833.675400713283,0.0071490809322789775,0.0050144347128562,0.0101398906027681,0,0,0
2019-05-23,2819.5,-0.013387552,-0.0161275616814477,-0.015158746388701167,-0.010189487150927951,2811.7851181428055,2814.510538566498,2828.531378803013,0.006422215301042537,0.0101648563725475,0.0095542328637486,0,0,1
2019-05-24,2831.75,0.004335331,-0.008314657614993,-0.016117758644434606,-0.011754857186214376,2796.154014292496,2774.4202476910823,2786.5512136974417,0.007408834474657612,0.0052405504386033,0.0101586777284833,0,0,0
2019-05-28,2805.0,-0.009491356,-0.0134122514084597,-0.015269486895133513,-0.010788785843774977,2794.023421796315,2788.839078110498,2801.363069477157,0.006799940418910363,0.0084534545204264,0.0096240302308114,0,0,0
2019-05-29,2780.0,-0.008952611,-0.0135224234224385,-0.015299446688633055,-0.011502590748613456,2767.324905680131,2762.411671696091,2772.9200877072176,0.0072498363473227564,0.0085228935788836,0.0096429132463527,0,0,0
2019-05-30,2790.5,0.0037698636,-0.0081744129915535,-0.015345554854897525,-0.01205608082082096,2757.367760545246,2737.6650151908357,2746.685321069501,0.0075986892736824956,0.0051521572591231,0.0096719742350463,0,0,0
2019-05-31,2752.5,-0.013711202,-0.0104495336081122,-0.0147604270667282,-0.010850814590519052,2761.4923983717904,2749.6135215380705,2760.3844862961528,0.006839035808162413,0.0065861170079266,0.0093031807345899,1,0,1
2019-06-03,2749.5,-0.0010905126,-0.0139685639683713,-0.01611950413976856,-0.010659662413341474,2714.3188166545347,2708.4867537315486,2723.3151061176713,0.006718556688957121,0.0088040864002753,0.010159777876771,0,0,0
2019-06-04,2805.0,0.019984461,-0.0174917640568505,-0.015424057730462,-0.01171265140390559,2701.8245739430763,2707.416933393449,2717.4839275258482,0.007382233074908925,0.0110246838829273,0.0097214529145086,0,0,0
2019-06-05,2827.75,0.008077803,-0.0085827320404062,-0.01860852059225256,-0.013415485713366431,2781.028454454394,2753.2857548162992,2767.620852889479,0.008455493033469614,0.0054095120017522,0.0117285515852921,0,0,0
2019-06-06,2845.75,0.0063453107,-0.0132986383605227,-0.0180381009369302,-0.01211028466943946,2790.393719755099,2777.2000433116614,2793.711665487612,0.007632852797402275,0.0083818466520371,0.0113690283056447,0,0,0
2019-06-07,2875.0,0.010226021,-0.0145543470964847,-0.017379005555844877,-0.012459106256457157,2804.6319160143685,2796.720966872035,2810.5144558628676,0.007852707565389788,0.0091732929474488,0.0109536146171484,0,0,0
2019-06-10,2889.25,0.0049442784,-0.0096959946783902,-0.017317034291577726,-0.012997833844683065,2847.258722275024,2825.642125857041,2837.8730354504332,0.008192256014585592,0.0061111775754792,0.0109145554578692,0,0,0
2019-06-11,2887.0,-0.0007790522,-0.012446962215062,-0.016534321338925698,-0.011846031403733501,2853.51049993976,2841.8709814135477,2855.225777649618,0.007466299629295801,0.0078450534364518,0.0104212282642245,0,0,0
2019-06-12,2881.0,-0.0020804445,-0.0057441130563638,-0.01555649366394054,-0.01183093797088525,2870.4642825875007,2842.4359318359966,2853.045335895506,0.007456786562156355,0.0036203913126421,0.0098049244441151,0,0,0
2019-06-13,2894.5,0.0046749283,-0.0105569099820683,-0.014669663591972701,-0.009954374224726743,2850.745520235172,2839.0451831001446,2852.463713930782,0.006274028664192538,0.0066537940344125,0.0092459744623098,0,0,0
2019-06-14,2890.5,-0.001382887,-0.0069983893132535,-0.014068146448019913,-0.010032792465631058,2874.3138796857916,2854.0648408603292,2865.605271983798,0.006323454000243005,0.0044109347472052,0.0088668511022709,0,0,0
2019-06-17,2892.0,0.00051880674,-0.0050211217477613,-0.013297693036315558,-0.009291524821455371,2876.022823836265,2852.317450833307,2863.767233908545,0.005856248895994034,0.0031647053908825,0.0083812508344559,0,0,0
2019-06-18,2926.25,0.011773435,-0.0155957108084902,-0.012510921447455359,-0.00835056215776267,2847.247088163629,2856.0438067256077,2867.950726466438,0.0052631803021613525,0.009829642169557,0.0078853655694214,0,0,0
2019-06-19,2933.5,0.0024745096,-0.0076993483238516,-0.013517371761485417,-0.010233794152289881,2903.8062937949376,2886.9609315924304,2896.456072350535,0.006450141054112846,0.0048527341838782,0.0085197096252863,0,0,0
2019-06-20,2960.0,0.008993019,-0.0084603763813205,-0.012866266291513781,-0.00977010279193909,2908.786177419415,2895.9985768155766,2904.9789570927496,0.006157886330661441,0.0053323938529867,0.008109331806471,0,0,0
2019-06-21,2950.5,-0.0032146208,-0.0077856035383772,-0.013096345499231905,-0.009541870104227915,2937.044092281685,2921.4875539234445,2931.890386904908,0.006014036160627782,0.004907098996387,0.0082543457984779,0,0,0
2019-06-24,2952.0,0.0005082592,-0.0053411938843674,-0.012563959772351044,-0.009255561410148041,2934.7828190649407,2913.6619372431755,2923.3174549668383,0.0058335819288587365,0.0033664399966288,0.0079187944885261,0,0,0
2019-06-25,2922.0,-0.010214593,-0.0108783144631234,-0.011855493882844275,-0.008410284940541392,2920.061250547537,2917.209220488662,2927.2769485367985,0.005300822291763098,0.0068563683883012,0.0074722636270153,0,0,1
2019-06-26,2918.0,-0.0013698633,-0.0092677611838445,-0.012748650381421154,-0.009164690371205236,2895.0447023866714,2884.984891257126,2895.3431123751893,0.005776307861177423,0.0058412711846713,0.0080352010198814,0,0,0
2019-06-27,2931.0,0.0044452115,-0.0058999904968402,-0.012077408056206398,-0.00942364910548744,2900.8345156215933,2882.9700843831683,2890.6309526021273,0.005939523999635807,0.003718637521552,0.007612131372916,0,0,0
2019-06-28,2944.25,0.004510454,-0.0088193854958848,-0.011805927872375194,-0.00862355267590826,2905.264035622113,2896.6002852333177,2905.8330373837766,0.005435240373164482,0.0055586696011787,0.0074410232332515,0,0,0
2019-07-01,2967.75,0.007949974,-0.0098922119898617,-0.011498687967331635,-0.008819474115882013,2915.2684370652805,2910.588888151118,2918.3974339271967,0.005558725456463021,0.0062348491402397,0.0072473765079517,0,0,0
2019-07-02,2979.5,0.003951411,-0.0071728346039853,-0.011741005247923897,-0.009219929869167877,2946.538982605175,2933.1093874191247,2940.513306276215,0.005811124132475755,0.004520883874059,0.0074001038949218,0,0,0
2019-07-03,3000.25,0.006940117,-0.0077109918557709,-0.011322074209632542,-0.008807314017065,2956.6134521593126,2945.956131307542,2953.373827469982,0.0055510612068763576,0.0048600728524238,0.0071360606428577,0,0,0
2019-07-05,2990.5,-0.003255021,-0.0126009748320675,-0.011438293390140242,-0.008627218281960935,2962.6811245986087,2966.1277822547,2974.47752060349,0.005437550726073356,0.0079421242871076,0.0072093111007341,0,0,0
2019-07-08,2978.5,-0.0040207794,-0.0069971477324037,-0.011095359936346742,-0.009828514282205594,2969.6480668107133,2957.5027229588545,2961.251796678013,0.00619470184070525,0.0044101522054135,0.0069931674968834,0,0,0
2019-07-09,2982.0,0.0011743982,-0.008463543633432,-0.010877418486946637,-0.009039383304991322,2953.397712284359,2946.2771773118943,2951.697518282292,0.005697329503773591,0.0053343901040906,0.0068558036737256,0,0,0
2019-07-10,2997.5,0.0051843915,-0.0126406751668569,-0.010485233421363297,-0.008928410261688752,2944.542747893493,2950.8963832392446,2955.493984968297,0.005627385573706794,0.0079671465569986,0.0066086178348583,0,0,0
2019-07-11,3004.0,0.002166126,-0.0046357857818699,-0.010408627974995668,-0.009969547463282479,2983.6363913068703,2966.4619496248224,2967.764751252113,0.006283592031158474,0.0029218363927147,0.0065603350643402,0,0,0
2019-07-12,3015.5,0.00382092,-0.0042047612380381,-0.010103223323913094,-0.008397078929839633,2991.395415445978,2973.80271893763,2978.8807865020553,0.005292498826338556,0.0026501708633785,0.0063678450602664,0,0,0
2019-07-15,3017.25,0.0005801666,-0.0046956941150921,-0.010018036577949233,-0.007416879682557942,3001.3733276193348,2985.4414260380104,2993.2171361258766,0.004674700255054272,0.002959595330783,0.0063141536805854,0,0,0
2019-07-16,3007.0,-0.0034029165,-0.0054765075719671,-0.009521335981523887,-0.006956029745069276,3000.771171928088,2988.658081641971,2996.334747146504,0.004384236419516223,0.0034517253129623,0.006001093943314,0,0,0
2019-07-17,2985.0,-0.007343157,-0.0100685201107645,-0.009292004820837996,-0.006838553430965367,2976.8758672312097,2979.1883545830233,2986.5066222282508,0.004310193617285544,0.0063459723690134,0.0058565514293143,0,0,1
2019-07-18,2997.5,0.004178861,-0.0101292373466417,-0.009984101818640196,-0.00789247876995256,2954.9168434508674,2955.345737990307,2961.533676414083,0.0049744601635742436,0.0063842411410833,0.0062927653293128,0,0,0
2019-07-19,2977.0,-0.006862526,-0.0122610881492931,-0.009797299876603077,-0.008729935039075461,2960.971783731416,2968.2759855965255,2971.4459104438392,0.0055022908959605436,0.0077279009977112,0.0061750280700528,0,0,0
2019-07-22,2989.0,0.0040228013,-0.0062756285365042,-0.010197400422002444,-0.009839936778984482,2958.3759537681503,2946.796598761541,2947.8501597026143,0.006201901195540571,0.0039553941247304,0.0064272028661499,0,0,0
2019-07-23,3008.0,0.0063365228,-0.0046556404952684,-0.009971869035853974,-0.008799818604309973,2975.1166336178208,2959.3422010546888,2962.812732780335,0.0055463370089093795,0.0029343503929089,0.0062850552685786,0,0,0
2019-07-24,3021.5,0.004477991,-0.0075694169241616,-0.01022483058503095,-0.007731210026945221,2985.3171501689026,2977.4004139829135,2984.834185515612,0.004872815932262042,0.0047708412082245,0.0064444915098375,0,0,0
2019-07-25,3006.5,-0.0049767853,-0.0104186927544672,-0.010086256863672366,-0.007863998629802922,2990.1833424415336,2991.1775519509238,2997.83211223181,0.004956509741817425,0.0065666786790645,0.0063571514641169,0,0,0
2019-07-26,3024.5,0.005969177,-0.0064559070780872,-0.01011685113458064,-0.008687297218261494,2987.1528343187333,2976.2370281735098,2980.4947620780176,0.005475417191604419,0.0040690198245379,0.0063764343771665,0,0,0
2019-07-29,3021.75,-0.00090965483,-0.0043622476313102,-0.010249674795132472,-0.00815127691715572,3011.335117155036,2993.658187863253,2999.9466694127304,0.005137575087439497,0.0027494311607415,0.0064601502828349,0,0,0
2019-07-30,3012.25,-0.0031488258,-0.0091077428222268,-0.00988186804045422,-0.007313551798377536,2994.353627065811,2992.0365193922653,2999.730891943406,0.004609574904879281,0.0057404150419424,0.0062283295706898,0,0,0
2019-07-31,2982.25,-0.010009259,-0.0207283198626885,-0.009648779740719652,-0.00796475885523255,2950.453796840231,2983.325231988926,2988.353446608711,0.005020016751729276,0.0130646156195347,0.0060814190124962,0,1,1
2019-08-01,2952.0,-0.010195143,-0.0255530222837292,-0.011083179161324097,-0.011629278307217258,2907.0098992804965,2949.3796792463704,2947.7694652308855,0.007329684799483861,0.0161055221197763,0.0069854902155276,0,0,0
2019-08-02,2932.5,-0.0066276053,-0.0171395658031184,-0.012187797263316945,-0.016194029989204956,2901.8351318283853,2916.239983052505,2904.580218455943,0.010206749921927367,0.0108027008743014,0.0076817073235477,0,0,0
2019-08-05,2830.0,-0.03557859,-0.028050127203046,-0.012264276383076311,-0.015775450155582387,2851.3859500597246,2896.754652958777,2886.601479205599,0.009942928026636603,0.0176793938155352,0.0077299104731129,1,1,1
2019-08-06,2876.0,0.016123729,-0.0374865368236901,-0.025192127544556242,-0.019736600032538864,2725.8769008642,2759.596805546215,2774.6930032598752,0.012439555871856064,0.0236269604943044,0.015878057902819,0,0,0
2019-08-07,2880.5,0.0015634503,-0.0266983294860134,-0.025731180806736368,-0.028583652984073345,2800.2315505102533,2802.941100813794,2794.9571816761054,0.018015663677174207,0.0168273846953853,0.0162178116173261,0,0,0
2019-08-08,2940.0,0.020445691,-0.0175593080578603,-0.02364384191783649,-0.026705686684676218,2830.361896588194,2813.192749888643,2804.5923636320854,0.01683202177997312,0.0110672554187028,0.0149022066656546,0,0,0
2019-08-09,2919.75,-0.006911585,-0.0138560338507093,-0.025651770925350384,-0.01845021398365411,2899.5441862971134,2865.542855063815,2886.253710797348,0.01162877432379327,0.0087331610796216,0.0161677612715396,0,0,0
2019-08-12,2880.25,-0.0136209,-0.0184429735511329,-0.02406670646981901,-0.015005467055537278,2866.394655936971,2850.320059934852,2876.264860913324,0.009457624186177514,0.0116242108344012,0.0151687291270685,0,0,0
2019-08-13,2932.0,0.017807689,-0.0247146243447797,-0.02391837412889401,-0.016149581335874113,2809.9381476508547,2812.1764525146527,2834.1087521085105,0.010178734888657897,0.0155770978730865,0.0150752384326481,0,0,0
2019-08-14,2840.75,-0.031616684,-0.024143651122066,-0.024930514698586047,-0.019628539816254176,2862.0585335588,2859.8073697404325,2875.010263649977,0.012371447834211178,0.0152172256917802,0.0157131689346646,1,1,1
2019-08-15,2848.5,0.0027244382,-0.0208505888237752,-0.03114609980699785,-0.021692001392541793,2782.1319241517003,2753.635399225535,2779.7919879466704,0.013672003427643653,0.0131416791244102,0.0196307189739263,0,0,0
2019-08-16,2891.5,0.014982859,-0.010906449180636,-0.028452418173047438,-0.021940936515509532,2817.6017807177686,2768.5954165692406,2786.6818958257386,0.013828901898784541,0.0068741010975753,0.017932949189299,0,0,0
2019-08-19,2923.75,0.01109164,-0.0112147452494355,-0.02791312573760127,-0.016835746364142833,2859.2537189931854,2811.9052341883503,2843.2269361316926,0.010611209995433643,0.0070684135002476,0.0175930447290099,0,0,0
2019-08-20,2898.25,-0.008759933,-0.0123853759864288,-0.02659883726322309,-0.014426661499935605,2887.7615820468163,2847.0068138958977,2881.8728485009497,0.009092815453367546,0.007806236956878,0.0167646768803526,0,0,0
2019-08-21,2929.25,0.010639311,-0.0090981443810951,-0.025068227249440043,-0.013872864888531091,2872.000893195875,2826.4991016980953,2858.3205774660496,0.008743769321923757,0.0057343653502759,0.0157999662030786,0,0,0
2019-08-22,2922.25,-0.00239255,-0.0132887244549559,-0.02404101434877353,-0.012864034164761545,2890.581500446305,2859.667625497721,2891.8093630547687,0.008107924944833143,0.0083755981299003,0.0151525359339813,0,0,0
2019-08-23,2855.5,-0.023106908,-0.033280032306263,-0.02212342524967205,-0.013047806924801494,2826.597906189946,2858.30971751553,2884.3687174684915,0.008223752975622299,0.0209756908793008,0.0139439206355911,0,1,1
2019-08-26,2883.25,0.009671171,-0.024982494361636,-0.025486513191950864,-0.01773391524531294,2785.046207381905,2783.642845340243,2805.307178070822,0.011177306585588881,0.0157459306019044,0.0160636028651023,0,0,0
2019-08-27,2865.5,-0.006175275,-0.0142050380639824,-0.024265190742750683,-0.020652604920194613,2842.5828470561873,2814.1293926335,2824.314061999762,0.013016894114516958,0.0089531309530226,0.0152938295090364,0,0,0
2019-08-28,2889.75,0.008427138,-0.0128234130032133,-0.022722191358831353,-0.017882391370099223,2828.989107485526,2801.123715543434,2814.7134533500234,0.011270887903894496,0.0080823222975775,0.0143213100773785,0,0,0
2019-08-29,2926.75,0.012722599,-0.0155569757733734,-0.02164999861566189,-0.015269287776838163,2845.1421108456047,2827.8593007216537,2845.9607418288397,0.009623904730818696,0.0098052283073548,0.0136455299778646,0,0,0
2019-08-30,2924.75,-0.0006835854,-0.0127220359621333,-0.021693169766733713,-0.014747372542808265,2889.751627574908,2863.9432175027346,2883.9048307588755,0.00929495274803625,0.008018426521985,0.0136727398288483,0,0,0
2019-09-03,2906.0,-0.0064314418,-0.0143688080600986,-0.020083951043917147,-0.01422708543916391,2883.025313511942,2866.5954059752667,2883.4339323701774,0.00896702694093068,0.0090563516705455,0.0126584837675454,0,0,0
2019-09-04,2938.5,0.011121682,-0.0079892538619171,-0.01906747559801145,-0.014187747820139953,2882.8757241306494,2851.1148395081523,2865.061504077133,0.008942233283010494,0.0050354554292994,0.0120178210859859,0,0,0
2019-09-05,2972.0,0.01133588,-0.0151675233393068,-0.019155015373745886,-0.012711169575252654,2894.2665367138093,2882.7486509532646,2901.384617899184,0.008011577671296205,0.0095597647875482,0.0120729955298852,0,0,0
2019-09-06,2980.75,0.0029398198,-0.0059129989849431,-0.019273466407163164,-0.013274519744703367,2954.478420608692,2915.2677277767384,2932.8088248304903,0.008366645205559868,0.0037268364927171,0.0121476526768023,0,0,0
2019-09-09,2978.25,-0.000839067,-0.0082545974308718,-0.0180074401579825,-0.011834039046865391,2956.246381596932,2927.554715651389,2945.6835860044725,0.007458741103863348,0.0052026957921688,0.0113497034740037,0,0,0
2019-09-10,2978.5,8.393839e-05,-0.0104755237657505,-0.016728920999559808,-0.01108157887354606,2947.214113740567,2928.8415185937124,2945.428480723828,0.006984481588449323,0.0066024980470887,0.0105438802583426,0,0,0
2019-09-11,3002.0,0.007858915,-0.0094389114929338,-0.015439459186440494,-0.011021149204079617,2950.518467469159,2932.8667536247144,2945.8537372117303,0.006946394063323096,0.0059491435552362,0.0097311601220234,0,0,0
2019-09-12,3011.75,0.0032425718,-0.0071783557608323,-0.015304591788608104,-0.010754065211680616,2980.5277359842676,2956.4054087212085,2969.889266163753,0.006778056748869327,0.0045243637408528,0.0096461560925623,0,0,0
2019-09-13,3006.5,-0.0017446936,-0.0074507694250934,-0.014320424019975821,-0.010102153074923197,2989.393535041331,2968.927810721051,2981.478004091358,0.006367170505272902,0.0046960602332196,0.009025856247351,0,0,0
2019-09-16,2999.0,-0.0024977117,-0.008047514425657,-0.013492700926579126,-0.009603941852462553,2982.402241461422,2966.206639090289,2977.7639593261492,0.006053158652797435,0.0050721758135892,0.0085041601269575,0,0,0
2019-09-17,3008.0,0.0029965064,-0.0055660569208195,-0.012670335991211269,-0.009372581258009272,2982.353765216005,2961.241374734683,2971.0229422349335,0.005907337030202735,0.003508166347715,0.0079858411386972,0,0,0
2019-09-18,3008.5,0.00016620959,-0.012352028063436,-0.012140289313077602,-0.008668759311815608,2971.0736268785836,2971.7027849017777,2982.037067782279,0.0054637331466017,0.0077852184759545,0.0076517640810244,0,0,0
2019-09-19,3008.0,-0.00016620959,-0.0123845829359517,-0.011580937062590198,-0.009631393281323671,2971.4707514250113,2973.859721446582,2979.663046252713,0.006070460699883416,0.0078057371141644,0.0072992163493728,0,0,0
2019-09-20,2989.5,-0.0061692568,-0.0108032580181145,-0.010895645141064761,-0.010443057328678462,2975.6787018949467,2975.4038001997387,2976.7507364771163,0.006582035147843079,0.0068090619201308,0.006867291543059,0,0,0
2019-09-23,2997.0,0.002505639,-0.0098240184905964,-0.011595361223748121,-0.010519645368327299,2960.274885799375,2955.035865812127,2958.2163550909954,0.006630306947279503,0.0061918682396382,0.0073083075889142,0,0,0
2019-09-24,2970.25,-0.008965664,-0.017460613056543,-0.011148670468996045,-0.010379606641889309,2945.1247474657243,2963.7729972126617,2966.053204516664,0.006542043540265278,0.011005050075273,0.0070267679826994,0,0,0
2019-09-25,2986.25,0.005372295,-0.0134230623724174,-0.012405336314233894,-0.012340795785707744,2930.6465434614724,2933.6306570635948,2933.8200012468233,0.007778139012108749,0.0084602684392351,0.0078188175235685,0,0,0
2019-09-26,2980.5,-0.001927348,-0.0114473640545449,-0.012211923127329358,-0.012585040349447747,2952.260226918994,2950.0039122301264,2948.9034202841726,0.007932081124328269,0.0072150281460443,0.0076969133384056,0,0,0
2019-09-27,2963.75,-0.005635713,-0.0168451791570253,-0.011611119453785321,-0.011966484252105598,2930.7134524595294,2946.093195779024,2945.0464439650627,0.007542218477262451,0.0106171552825599,0.0073182396634694,0,0,0
2019-09-30,2978.5,0.0049644597,-0.0081591876349974,-0.011594542586744343,-0.01318855853645446,2939.6665917773266,2929.5851202262293,2924.9190347139197,0.008312465698904132,0.0051425610432989,0.0073077916195613,0,0,0
2019-10-01,2937.75,-0.013775836,-0.0153581783601902,-0.01138819910120226,-0.011065793496124667,2933.105149146092,2944.7726603172673,2945.72222459283,0.006974532403479874,0.0096799305597997,0.007177737744377,0,1,1
2019-10-02,2880.5,-0.019680092,-0.0199452643540167,-0.013927472323724979,-0.01213999895236825,2879.7362724182994,2897.1181742876793,2902.3013268714626,0.007651581072894276,0.0125710725201748,0.0087781872176096,0,1,1
2019-10-03,2911.75,0.010790384,-0.0202397900349422,-0.018078461399756534,-0.014679471526967228,2822.785321508708,2828.8928861046493,2838.5246241927744,0.009252156193466678,0.0127567057425904,0.011394466640085,0,0,0
2019-10-04,2951.0,0.013389821,-0.0171192157343541,-0.01794219454494754,-0.01701035872262173,2862.327368935382,2859.972703214664,2862.638970299053,0.010721264421506713,0.0107898746622399,0.0113085805628942,0,0,0
2019-10-07,2937.5,-0.0045852163,-0.0117190527200071,-0.018680807745833684,-0.016719966982809364,2916.6189257139213,2896.384653993673,2902.069574879432,0.010538236733548001,0.0073862676872113,0.0117741126284458,0,0,0
2019-10-08,2892.5,-0.015437699,-0.0179015334443225,-0.01727352539052661,-0.014119928904623753,2885.3821322054932,2887.194744530793,2896.314163657471,0.008899488474515537,0.0112829527428947,0.0108871327303145,0,0,1
2019-10-09,2919.0,0.009119912,-0.0154722048839116,-0.018704088208013343,-0.014768219087261773,2848.0910852015686,2838.9012453618893,2850.096806790035,0.009308091878080788,0.0097517990331115,0.0117887858046529,0,0,0
2019-10-10,2941.0,0.0075085675,-0.0269109381251635,-0.018038094798143896,-0.014605115806714192,2841.49452156991,2866.8188404886264,2876.677481912416,0.00920529137708722,0.0169613873625715,0.0113690244364993,0,0,0
2019-10-11,2970.75,0.010064786,-0.0184201932285836,-0.01727599007821799,-0.018586046080243876,2887.3221080353333,2890.627681850816,2886.843277138886,0.011685306613098568,0.0115810326101212,0.010861656117565,0,0,0
2019-10-14,2965.5,-0.0017687939,-0.0108506497200995,-0.017119390099499737,-0.017503992707429767,2938.6896845260026,2920.3254223724275,2919.2024735573423,0.011016712309193977,0.0068292125306607,0.010774650034846,0,0,0
2019-10-15,2997.75,0.010816355,-0.0092645133227607,-0.015654016018802577,-0.01376209796329757,2938.1529598524216,2919.4394721999274,2924.9680405994663,0.008668621971323972,0.0058356337789114,0.009860324171645,0,0,0
2019-10-16,2991.5,-0.0020870734,-0.0046033758255169,-0.01602924824263686,-0.011586002257557643,2983.9819441999834,2950.0813877376536,2963.2184890926114,0.007279997291924964,0.0028925044893389,0.0100718851251621,0,0,0
2019-10-17,2998.0,0.002170466,-0.0083042765486072,-0.014843650158797178,-0.009533658915401404,2966.7606202014713,2947.4231604422507,2963.1155780428617,0.006008860824348315,0.0052340074750177,0.0093556344653193,0,0,0
2019-10-18,2988.25,-0.0032574679,-0.0093486955924955,-0.013675607152341568,-0.009323267293174762,2970.10321307509,2957.2796024701206,2970.1787387088457,0.005874207362759329,0.005890228688588,0.0086164377463787,0,0,0
2019-10-21,3006.5,0.0060886797,-0.0052775875723288,-0.012952044058781113,-0.009452314260453617,2972.520791583116,2949.7956233080185,2960.137196750865,0.005957591032264998,0.0033263503017927,0.0081633956942088,0,0,0
2019-10-22,2994.5,-0.003999339,-0.0088829884059743,-0.012606871828348801,-0.008597710153236902,2979.911562583417,2968.835355367349,2980.761787816921,0.005418952385156919,0.0055987571518392,0.0079458410374393,0,0,0
2019-10-23,3005.75,0.003749848,-0.0077922794978583,-0.011952212685139168,-0.008872402807694649,2971.2566958152574,2958.922139730507,2968.0491048073573,0.005578949507899512,0.004899770086215,0.0075155279266895,0,0,0
2019-10-24,3004.25,-0.00049916806,-0.0061613846968301,-0.011334306512395018,-0.008796087086728906,2987.287354087059,2971.8742499252003,2979.4271002176906,0.00551505716448773,0.0038631255557582,0.0071064949356851,0,0,0
2019-10-25,3020.25,0.0053116567,-0.0083331604084999,-0.010468597338452717,-0.008321342536518178,2979.3191236085618,2972.9637636761295,2979.354333028607,0.005196416548903519,0.0052037964380583,0.0065373096005377,0,0,0
2019-10-28,3036.25,0.005283592,-0.0060669248459594,-0.010578002129881855,-0.008449218417825472,3001.981842038556,2988.4701689582716,2994.838751840618,0.005276769170931881,0.0037889613460553,0.0066062531193717,0,0,0
2019-10-29,3035.75,-0.00016469038,-0.0061915016592639,-0.010634843952938814,-0.008060101037394102,3017.5091300196027,3004.1310477905313,3011.875879119428,0.005031570257642837,0.0038650849976157,0.0066388701928208,0,0,0
2019-10-30,3047.75,0.0039451024,-0.0112313085338537,-0.009954325177917764,-0.007852279675689093,3001.845308544136,3005.6810636166915,3012.005787076986,0.004908401205524529,0.0070206068331802,0.0062223741029941,0,0,0
2019-10-31,3035.75,-0.0039451024,-0.0105959759554329,-0.009854341748194393,-0.00886636612113377,3015.6266041997565,3017.8639255801754,3020.846974931816,0.005550821962657048,0.0066336507251837,0.0061693478315794,0,0,0
2019-11-01,3063.25,0.009017933,-0.0078579898586862,-0.009754150678724737,-0.009435655988909504,3011.9885880218585,3006.282784540918,3007.2404221370266,0.0059109887678520405,0.0049226561298106,0.0061105105113674,0,0,0
2019-11-04,3075.75,0.00407233,-0.0060037864650003,-0.011379246526451912,-0.009038891859384892,3044.9139989061036,3028.5900988581548,3035.6863744925386,0.005661285269595538,0.0037603224382879,0.0071271082497144,0,0,0
2019-11-05,3072.0,-0.0012199586,-0.0056709561041233,-0.010950524264333787,-0.00843747402417437,3058.3569210693627,3042.252666408668,3049.907614808885,0.005279350925206725,0.0035483329808579,0.0068517734384452,0,0,0
2019-11-06,3075.5,0.0011386743,-0.0053685693067582,-0.010225479782787716,-0.00790889305320736,3055.5519458537915,3040.747384914251,3047.7997054563402,0.0049474294682912215,0.0033583230689973,0.0063965765707584,0,0,0
2019-11-07,3086.0,0.0034082644,-0.0093902219687345,-0.009614145860276455,-0.007430340088632441,3046.755541970402,3046.073376992236,3052.732678277532,0.004648595901829579,0.0058747442028812,0.0060148362675952,0,0,0
2019-11-08,3090.5,0.0014571361,-0.0071949235243137,-0.009462057126976434,-0.008088736127452591,3063.876151144476,3056.937802621226,3061.138843528386,0.005067419330006468,0.0045074649451456,0.0059277754189722,0,0,0
2019-11-11,3087.5,-0.0009711882,-0.0064314573425212,-0.008958211059480572,-0.007978209432394922,3070.687361446318,3062.938284869007,3065.941440680279,0.004993741813292437,0.0040255946805991,0.0056071470069943,0,0,0
2019-11-12,3092.0,0.0014564288,-0.0074465448951525,-0.008527364183043737,-0.00767820443834946,3064.59418307908,3061.2836999157435,3063.88432281667,0.0048134902284865085,0.0046682621407913,0.00534583111187,0,0,0
2019-11-13,3095.5,0.0011313133,-0.0076276521212837,-0.00820963007569324,-0.007725497694484586,3068.5050193240827,3066.719736597825,3068.204794379678,0.004854532409583742,0.0047930484088083,0.0051587505231668,0,0,0
2019-11-14,3097.0,0.000484457,-0.0065571404228965,-0.007793003972024018,-0.007791187205096683,3075.2687738050518,3071.4705087758284,3071.476088926936,0.0048898289152262565,0.0041153285111803,0.0048909691367637,0,0,0
2019-11-15,3118.25,0.006838046,-0.0053089623095554,-0.007409702132429429,-0.007545986490566521,3080.6017111914925,3074.1369612546673,3073.7180330194083,0.004744353337173674,0.0033378794252754,0.0046586679002675,0,0,0
2019-11-18,3121.75,0.001121795,-0.0059686750355101,-0.009053539566009513,-0.007078079394169504,3099.6936126827536,3090.146211592462,3096.2567058905283,0.004455576596547275,0.0037572182112737,0.0056991080150154,0,0,0
2019-11-19,3118.5,-0.001041625,-0.0070513094854739,-0.008519720909530975,-0.0071122435363859945,3099.8150007336203,3095.2665372992096,3099.626122203173,0.0044705210370416465,0.0044322199081389,0.0053552147590176,0,0,0
2019-11-20,3109.0,-0.003050986,-0.0097423353973996,-0.00812896171223077,-0.0073425615434395165,3088.2660408811244,3093.2525895458252,3095.686080627846,0.004627859125258265,0.0061403851371823,0.0051235102921861,0,0,0
2019-11-21,3104.0,-0.0016095288,-0.0081277330789368,-0.008160914409927897,-0.008148439830578358,3083.8332905487105,3083.730966553208,3083.7694350397815,0.005135786932593465,0.0051227359109613,0.0051436493925177,0,0,0
2019-11-22,3111.5,0.0024133227,-0.0055621941521708,-0.0077692488216814775,-0.008224624884829921,3086.7828762328263,3079.9776901433283,3078.5754613231575,0.005183804738973502,0.0035057317274488,0.0048967909690789,0,0,0
2019-11-25,3132.75,0.006806288,-0.0042933222583282,-0.007602315142421675,-0.007542997923108118,3098.1699633403737,3087.9350838884493,3088.1182570436536,0.004754189878251661,0.002705988975827,0.0047915762498961,0,0,0
2019-11-26,3143.75,0.0035051417,-0.0046411754253796,-0.009076625080133136,-0.006813847014901818,3118.244046063402,3104.4438592273164,3111.476480326419,0.004294621692916141,0.0029252333694715,0.0057208021962272,0,0,0
2019-11-27,3153.75,0.003175866,-0.0035333957785729,-0.008873267390120036,-0.006587755440063605,3132.661488607348,3115.9780617773054,3123.1078113339586,0.00415212102042346,0.0022270236075349,0.005592630203953,0,0,0
2019-11-29,3143.75,-0.003175866,-0.0043202789587585,-0.008807021016422237,-0.006157331189154743,3140.154309967346,3126.0968073338604,3134.3909778802868,0.0038808338428470176,0.0027229792061894,0.0055508765348528,0,0,0
2019-12-02,3114.25,-0.009428002,-0.0138037909222678,-0.008554619505862815,-0.006064752087643939,3100.652471257566,3116.9711198035993,3124.7416343994823,0.0038224832199478744,0.0087002334818497,0.005391793273928,0,1,1
2019-12-03,3091.0,-0.0074936897,-0.0174370367278624,-0.010715785730365225,-0.008313800291887713,3060.417412748176,3081.056528978659,3088.4660771473254,0.005239457823540547,0.0109890321267771,0.0067532181925431,0,0,0
2019-12-04,3111.0,0.0064495546,-0.012211078136667,-0.01126832734176732,-0.01126462747403065,3053.4850724895437,3056.3651053321637,3056.3764134997277,0.007099853196995833,0.0076963807589067,0.0071021851443096,0,0,0
2019-12-05,3117.75,0.00216737,-0.0074452423611853,-0.011483823053689031,-0.011481713488809546,3087.923861332496,3075.4781800062415,3075.484667933841,0.00723667785805136,0.0046925766433318,0.0072380074715684,0,0,0
2019-12-06,3146.0,0.009020217,-0.008329916522932,-0.010565656617907145,-0.009898166434376606,3091.8872694993893,3084.982334857654,3087.0422176818383,0.00622206567481629,0.0052362513820151,0.0066416552813113,0,0,0
2019-12-09,3134.5,-0.003662133,-0.0053556875454852,-0.011826482945701905,-0.009178536272995133,3129.196045512962,3109.013028645502,3117.256438588432,0.00574727817603738,0.0033535440981373,0.0074053297074274,0,0,0
2019-12-10,3136.0,0.00047843077,-0.009576989472119,-0.011194386323487458,-0.008061397297452477,3104.6242148864617,3099.606864074096,3109.3331265452825,0.005070315544330486,0.0060235659894494,0.0070408477452359,0,0,0
2019-12-11,3143.0,0.0022296554,-0.0048368352206412,-0.010163126441153879,-0.008544533425935844,3120.868308996515,3104.2898455773834,3109.3184960100243,0.0053661327673254836,0.0030376263598961,0.0063826405838391,0,0,0
2019-12-12,3168.0,0.007922716,-0.0122492355393191,-0.009482128604443552,-0.0074996061669167545,3104.7354866630453,3113.338519025034,3119.516904865271,0.004699507771783942,0.0076757867458936,0.0059418236208472,0,0,0
2019-12-13,3172.0,0.0012618299,-0.0100141527911539,-0.010659868546050236,-0.008819873054080175,3136.4334837151837,3134.408892925995,3140.18150031612,0.005510671953934156,0.0062568600013006,0.0066603043228801,0,0,0
2019-12-16,3194.25,0.0069900146,-0.0069454678661549,-0.009771420761020031,-0.009219630954604907,3150.0453069928767,3141.155993644863,3142.8897297874914,0.005753609218696227,0.0043343934415192,0.0060979595438453,0,0,0
2019-12-17,3195.5,0.0003912516,-0.0040571222685043,-0.010481025506814033,-0.008519906219340626,3181.3167907397833,3160.945820130921,3167.150894402135,0.005324537108307619,0.0025355089029682,0.0065501436057437,0,0,0
2019-12-18,3199.25,0.0011728372,-0.0032649743879922,-0.009677685812343535,-0.0074378349232161675,3185.0837879291034,3164.7241148594103,3171.8205695151873,0.004665433779328326,0.002047977933852,0.0060703958558831,0,0,0
2019-12-19,3211.75,0.0038995526,-0.0056193883665688,-0.009011516426602405,-0.0065722962957991855,3181.3225894845486,3170.5494181792315,3178.2925258786904,0.004119543364577496,0.0035222566081324,0.0056484569516014,0,0,0
2019-12-20,3225.75,0.0043495214,-0.0063013557599409,-0.008993928921886482,-0.006566470063592118,3191.575251528412,3182.99326066587,3190.729231429023,0.004127413693368659,0.0039607737183743,0.0056532147454993,0,0,0
2019-12-23,3227.25,0.00046490005,-0.0034897428781509,-0.009040021120641104,-0.0067661871981614255,3214.5125811663675,3196.720562927213,3203.997644886389,0.004244526444317239,0.0021891658472299,0.0056709351337743,0,0,0
2019-12-24,3225.75,-0.00046490005,-0.0029446502607818,-0.008616538799474743,-0.006268297294401693,3217.760855408609,3199.5617349731356,3207.0839071190762,0.0039507734000061,0.0018559499296576,0.0054308196772174,0,0,0
2019-12-26,3244.5,0.0057957736,-0.0033219048146541,-0.008519969213684267,-0.005819713839249549,3215.052144011401,3198.3834559098264,3207.0315788416347,0.0036680408653063266,0.0020937253870854,0.0053699539376279,0,0,0
2019-12-27,3237.5,-0.002159828,-0.0062582598687861,-0.008935470569164461,-0.005618324055104471,3224.258480265636,3215.638005524,3226.3224590762684,0.0035353915188537687,0.0039380780898153,0.0056227420414617,0,0,0
2019-12-30,3223.5,-0.0043337015,-0.0082244188335529,-0.008623062924975458,-0.00618502443816279,3210.9826384419925,3209.7028542916605,3217.5377804264645,0.0038982883039872782,0.0051836748692711,0.0054349316936512,0,0,0
2019-12-31,3231.0,0.0023239611,-0.00775256669254,-0.008712491736704112,-0.007029455187697903,3198.606221287415,3195.5372722853435,3200.920006707094,0.004420270677861744,0.0048749785458729,0.0054785997956519,0,0,0
2020-01-02,3259.0,0.008628713,-0.0067665726409523,-0.00841692349606971,-0.007492578494744789,3209.2110053414117,3203.9190492077823,3206.881944923528,0.004713536566205426,0.0042568106017687,0.0052950365086605,0,0,0
2020-01-03,3235.5,-0.0072369245,-0.018217460347929,-0.01002723497300442,-0.007487997065350247,3200.1668193938917,3226.4845337727393,3234.6877561683114,0.0046875682902859026,0.0114043299845362,0.0062771590705081,0,0,0
2020-01-06,3243.5,0.0024695182,-0.0122896298098885,-0.010446299170702368,-0.010763271144231675,3195.980241753924,3201.8769231528504,3200.8621787367865,0.00676332270033046,0.0077224415475608,0.0065641468442908,0,0,0
2020-01-07,3235.25,-0.002546789,-0.0096745618538907,-0.009955277177155691,-0.011145260250684585,3212.271861477441,3211.3702540968557,3207.551050696032,0.006929014986914217,0.0060146809109567,0.0061892017959078,0,0,0
2020-01-08,3260.25,0.007697675,-0.0292878149851998,-0.009445021448482997,-0.010350999159510474,3141.8707090491694,3204.836846892637,3201.9346510027763,0.006441510022086886,0.0182260428046555,0.0058777128064327,0,0,0
2020-01-09,3276.0,0.0048192865,-0.0048317485070448,-0.010359075549311373,-0.016176152354385593,3244.5352872724784,3226.6511509068405,3207.9359599646864,0.010067364129121336,0.0030070792197732,0.006447057576564,0,0,0
2020-01-10,3264.75,-0.003439976,-0.0085022286892135,-0.010145333489250539,-0.010563562393146242,3248.264771518353,3242.9319145017616,3241.575910221609,0.0065709024744407055,0.0052886813607937,0.0063107495793081,0,0,0
2020-01-13,3289.75,0.007628384,-0.0049666978900032,-0.009710927059855903,-0.009623821694499646,3248.575174050724,3233.199690197932,3233.4813315042725,0.005985654143345544,0.0030890987746619,0.0060398303955251,0,0,0
2020-01-14,3288.0,-0.00053209683,-0.007440868613719,-0.010451833441973415,-0.00803421573004642,3265.362248029105,3255.545144042935,3263.425329444827,0.004988964261473388,0.0046205166547038,0.0064902194888631,0,0,0
2020-01-15,3293.75,0.0017472561,-0.007125104752359,-0.009674884697012848,-0.007993685343627089,3264.655918845257,3256.3423680238943,3261.821533201355,0.004966336321108436,0.0044267024535252,0.0060108359546098,0,0,0
2020-01-16,3316.5,0.0068832766,-0.0047809173916909,-0.009140465647070745,-0.007838689759243019,3278.040436327212,3263.780766306268,3268.03224404622,0.0048766064269220024,0.0029743047875331,0.0056864673674583,0,0,0
2020-01-17,3325.0,0.0025596642,-0.004200992760315,-0.009786233848109034,-0.007145537530793452,3302.5966319323215,3284.20224987405,3292.8862915727263,0.004438702088768778,0.0026095944860347,0.0060790635323915,0,0,0
2020-01-21,3319.5,-0.0016555049,-0.007532000930551,-0.009299035518533652,-0.00667683891788443,3300.0501759073995,3294.224022128085,3302.8734604685264,0.004150958673070774,0.0046826087872963,0.0057811657000527,0,0,0
2020-01-22,3319.75,7.530971e-05,-0.007580088783722,-0.008849704801747833,-0.00715629845506039,3294.433020272603,3290.253009405616,3295.829465004004,0.004457517538534882,0.0047214881980222,0.005512307041464,0,0,0
2020-01-23,3326.0,0.0018809019,-0.0083991533035532,-0.008427789791919325,-0.007454540026635715,3291.983680839036,3291.889411336439,3295.094801502959,0.004654642008935179,0.0052444619877974,0.0052623427156842,0,0,0
2020-01-24,3293.5,-0.009819551,-0.0166107984479965,-0.008099382708316725,-0.007831804895382568,3271.208806914592,3299.170251979859,3300.053154857724,0.004886312916675577,0.010363582864608,0.0050532564170591,0,1,1
2020-01-27,3239.5,-0.016531833,-0.0088665581201712,-0.01020989122685517,-0.010320816015791727,3264.427069710137,3260.0448008354706,3259.6832011095717,0.006429323863163349,0.0055233979192069,0.0063602235719233,1,1,1
2020-01-28,3278.25,0.011890747,-0.0108441917891239,-0.014621344442229298,-0.009803456193447795,3204.5600309626284,3192.4787493256517,3207.89686673603,0.0061251996439996015,0.0067754512669317,0.009135416327172,0,0,0
2020-01-29,3272.5,-0.0017555247,-0.0090695487520314,-0.015460985273686565,-0.010567031131870692,3248.652174150615,3227.954833326561,3243.7910154197807,0.006600246235714275,0.0056649076039605,0.0096570463907603,0,0,0
2020-01-30,3289.75,0.005257355,-0.0184341528194057,-0.01376452246496299,-0.010356980919797695,3212.7268611426634,3227.7641900731696,3238.7816912847316,0.006462472642579654,0.0115024068507088,0.0085886853086656,0,0,0
2020-01-31,3224.0,-0.020188749,-0.0209107555538467,-0.012905877686728875,-0.012846972329648858,3221.673092293948,3247.5656871933124,3247.756991844137,0.008026397659092969,0.0130644042129612,0.0080631999349945,0,1,1
2020-02-03,3245.5,0.006646597,-0.0141115813331589,-0.01836070080688919,-0.015152032324171498,3178.823765520293,3165.345219809799,3175.518075185806,0.009491176048362554,0.0088394414616008,0.0115010739154443,0,0,0
2020-02-04,3299.5,0.01650152,-0.0170652756873323,-0.01672472059344485,-0.014569774507727474,3190.584554085286,3191.6713089471073,3198.556604597184,0.009116341934332329,0.010677782850164,0.0104646967326191,0,0,0
2020-02-05,3335.0,0.010701737,-0.0134188676076433,-0.01898148348335747,-0.014879140673318495,3255.520185917024,3237.4612516702878,3250.769706817265,0.009301089798365974,0.0083882594668176,0.0118655026026804,0,0,0
2020-02-06,3345.25,0.0030687498,-0.0081895471894492,-0.018319427307630053,-0.013885139609808661,3307.7993924782018,3274.460923607523,3289.0130657457257,0.008667389287411847,0.0051120835348636,0.0114353627302031,0,0,0
2020-02-07,3325.5,-0.0059213904,-0.0070423936322056,-0.016126932000308004,-0.011463493684986704,3321.774192663989,3291.734064506761,3307.1207127241655,0.007150913737335761,0.0043930367785013,0.0100599610163449,0,0,0
2020-02-10,3353.0,0.0082354285,-0.0143175512997223,-0.014829913378232888,-0.00977175751820451,3278.226213147637,3276.547004569374,3293.162275892153,0.006106060435647484,0.0089465823690078,0.0092667411337429,0,0,0
2020-02-11,3357.5,0.0013411819,-0.0082955330432947,-0.014390912547968654,-0.010870891805784258,3325.300129151831,3305.0928110984614,3316.7473063470857,0.00677832390587368,0.0051725112294293,0.0089731613830735,0,0,0
2020-02-12,3380.5,0.006826978,-0.0064569292141505,-0.01269173783872224,-0.009985010365660359,3335.8907001011385,3315.1567632232914,3324.1421441146176,0.0062216091529685,0.0040232797390963,0.0079081572690234,0,0,0
2020-02-13,3377.5,-0.0008878367,-0.0121493981094213,-0.012477632493946449,-0.008906461144562932,3339.6774465608487,3338.5814294747515,3350.525390094552,0.005558578386904779,0.0075825157319816,0.007787368874666,0,0,0
2020-02-14,3381.0,0.0010357329,-0.0077911433031682,-0.011135840541011695,-0.00977625251098945,3351.2876581442138,3340.0973401158712,3344.6415849290333,0.0060991300121499255,0.0048606759999189,0.0069473388885826,0,0,0
2020-02-18,3369.25,-0.003481356,-0.0119138393030672,-0.010026861672279234,-0.009172590503871442,3340.9583080817124,3347.2685734668653,3350.129270233507,0.005721276265942085,0.0074310922320273,0.0062541160736744,0,0,0
2020-02-19,3387.25,0.005328215,-0.0062490602185908,-0.009574328008688066,-0.009819107290584373,3348.2610029148377,3337.1456294878863,3336.3288653446652,0.006137335176997301,0.0039059128256505,0.0059843383257639,0,0,0
2020-02-20,3369.25,-0.005328215,-0.0184308742401265,-0.009755118124670023,-0.008779214313631871,3325.3918224528556,3354.367622633151,3357.642760629594,0.005481378056442477,0.011507475044095,0.0060906920045844,0,0,0
2020-02-21,3339.25,-0.008943937,-0.011266716965099,-0.009875623200025923,-0.011423986264278584,3331.5026574772364,3336.140315012741,3330.978755587001,0.007127844596523605,0.0070297185047704,0.0061617640143454,0,0,0
2020-02-24,3226.25,-0.034425758,-0.0230033398303457,-0.011331947149594072,-0.011179001532865308,3263.3128500104312,3301.6233895061996,3302.128396950067,0.006969201886519811,0.0143407189694526,0.0070645510889962,1,1,1
2020-02-25,3132.5,-0.029489065,-0.04144139923916,-0.02876199514532767,-0.014886063696484856,3095.2821737212475,3134.778372176512,3178.5795301159196,0.009382366808829283,0.0261196254873444,0.0181280689179742,0,1,1
2020-02-26,3110.25,-0.0071282987,-0.0313514891455485,-0.03454646287182435,-0.026983016956612246,3035.814989092815,3026.131118059219,3049.1058717325836,0.01700681710475133,0.0197601714707176,0.0217738949140461,0,0,0
2020-02-27,2957.0,-0.050527867,-0.0436271152881117,-0.02893639222792314,-0.031946470726056386,2977.4760945733324,3021.5402459381735,3012.4588473308595,0.020135175605231745,0.0274972354539101,0.0182379876602732,1,1,1
2020-02-28,2951.0,-0.002031145,-0.0547692197146704,-0.049284386376481554,-0.03612207243320559,2799.402554877107,2814.7989961963412,2852.093164625907,0.022766967841435778,0.0345198650008292,0.0310628921359116,0,0,0
2020-03-02,3065.0,0.037903473,-0.0536743105590682,-0.04039663191140192,-0.04653744221460834,2796.782880623276,2834.165291581189,2816.8145484926476,0.029331552121818254,0.0338297672335711,0.0254611310391968,0,0,0
2020-03-03,2997.0,-0.02243578,-0.0543516601207663,-0.04674845605735068,-0.0469590401024257,2902.858407378103,2925.0135505238745,2924.3976541897528,0.02959727623196459,0.0342566861407603,0.0294645496230191,0,0,0
2020-03-04,3114.75,0.038537104,-0.0386108232970545,-0.043159426669879646,-0.044525507842898084,2883.488843656684,2870.4027807940797,2866.4842547179956,0.02806347302075041,0.024335574155134,0.0272024613445125,0,0,0
2020-03-05,3015.5,-0.032383237,-0.0307053318749477,-0.04885109300115783,-0.0369879672141444,3020.5639740375277,2966.247835907374,3001.6463605290346,0.02331272275813261,0.0193529123958824,0.030789796610727,1,0,0
2020-03-06,2964.0,-0.017225947,-0.0486700978912005,-0.049252083248419044,-0.03368803600830289,2872.2496015223496,2870.578480643096,2915.6057943953765,0.02123284686559438,0.0306757192732355,0.0310425321668335,0,0,0
2020-03-09,2747.75,-0.07575731,-0.0546419106094063,-0.043276050159184884,-0.04428792800429541,2806.3867359429496,2838.4656930915276,2835.594965200502,0.027913731541901365,0.0344396248011333,0.0272759666295561,1,1,1
2020-03-10,2865.75,0.0420477,-0.0601946857967125,-0.0766467840141253,-0.05268992261110411,2587.2297512362247,2545.0126256497324,2606.7193387219127,0.0332093286140474,0.0379394199569592,0.0483088247504576,0,0,0
2020-03-11,2740.25,-0.04478094,-0.0524091432220502,-0.0741790450268433,-0.05802576842156452,2719.4263376565436,2660.864449426522,2704.195153128491,0.03657239783434881,0.0330323593846947,0.0467534617720904,0,0,0
2020-03-12,2469.0,-0.10423595,-0.0999350299795194,-0.07324865623346485,-0.055609923578498005,2479.6418319203435,2546.7053415823725,2592.0245075929392,0.035049742622533415,0.0629869069108317,0.0461670576620259,1,1,1
2020-03-13,2696.0,0.08795598,-0.0928414066227022,-0.11151997663715717,-0.05863369473111809,2250.0935738747653,2208.455127427247,2328.395760491514,0.03695556075406119,0.0585159481876701,0.0702886504220021,0,0,0
2020-03-16,2416.25,-0.10955244,-0.0987514665073096,-0.1216096796943883,-0.0659630474375615,2442.48930580083,2387.291628052717,2523.902073055985,0.04157509463254218,0.0622409322284563,0.0766479739480369,1,0,1
2020-03-17,2485.5,0.028257094,-0.0817277750284813,-0.14187336351835866,-0.06468039521894302,2226.629431837418,2096.655357230634,2264.913019750484,0.040683468324371454,0.0514061383721846,0.0892372483382841,0,0,0
2020-03-18,2401.5,-0.034380306,-0.102769641388816,-0.11864666054688733,-0.06112075177707039,2242.7531705925353,2207.4261217514845,2338.133811603652,0.03846816946571656,0.0646811412807099,0.0746738171857901,0,0,0
2020-03-19,2389.0,-0.005218674,-0.0876234548285131,-0.10158699147284601,-0.06310967493097364,2200.0279994240823,2169.5213141266745,2254.625462611991,0.039736550183517336,0.0551714743239394,0.063963514137388,0,0,0
2020-03-20,2288.5,-0.042978287,-0.1096049746647984,-0.08170187778980971,-0.06564993761279207,2140.9933288071074,2201.574949890734,2237.1996571839923,0.041377748222683086,0.069081665734133,0.0514949419822212,0,0,0
2020-03-23,2220.5,-0.030164186,-0.1043918102278262,-0.07707283914117292,-0.06402378226041726,2061.6461608287186,2118.7445968209886,2146.5733904516464,0.040352817366870325,0.065795919953402,0.048577358162933,0,0,0
2020-03-24,2438.0,0.09344564,-0.0582258190060753,-0.06813466074082909,-0.062471401566137286,2094.9015862714127,2074.246043261825,2086.026362211237,0.03937438509641597,0.0366984854289252,0.0429438159408489,0,0,0
2020-03-25,2467.0,0.011824806,-0.0786970765858101,-0.10329735554370063,-0.0590576793100688,2253.4918678648933,2198.731659084085,2298.186541567887,0.03722278914446112,0.0496010802026163,0.0651061086297724,0,0,0
2020-03-26,2608.0,0.055580806,-0.0844365436047631,-0.08449254044599196,-0.06003639381344777,2267.246940567923,2267.119985455541,2323.2485509393846,0.03783965191349462,0.0532185432174838,0.0532538368260063,0,0,0
2020-03-27,2524.0,-0.0327387,-0.0400892803005923,-0.08575830402017051,-0.06507107250554633,2505.5151541771625,2393.664224132543,2443.698258558159,0.041012901955748575,0.0252674139081475,0.0540516204703825,0,0,0
2020-03-30,2611.25,0.033984087,-0.0512081087204738,-0.07554841436849194,-0.05030855759178481,2398.004266892699,2340.340731006399,2400.1623648517843,0.031708405295934466,0.0322753730870672,0.0476165459105216,0,0,0
2020-03-31,2569.75,-0.016020415,-0.0303597796892854,-0.06855555840549483,-0.04216057213928742,2533.1643544263325,2438.23270461087,2503.4466984525116,0.026572904748104125,0.0191351182614772,0.0432090987153547,0,0,0
2020-04-01,2448.0,-0.048537254,-0.0359291722493945,-0.056885691975854566,-0.04522997025835118,2479.0599742018017,2427.648093551903,2456.109631821761,0.02850748057839479,0.0226453869911245,0.0358538320924675,1,0,1
2020-04-02,2516.5,0.027597683,-0.0393224450212121,-0.06508631605127341,-0.041879615576947235,2353.606704860104,2293.7431549511452,2347.5958197992927,0.026395823850227422,0.0247840940715681,0.0410225096358173,0,0,0
2020-04-03,2482.75,-0.013502231,-0.0341586224837566,-0.058480973184985414,-0.03997849120423247,2431.991392307765,2373.553202693842,2417.878628725152,0.025197585915895097,0.0215294474322722,0.0368593036376976,0,0,0
2020-04-06,2644.5,0.063115194,-0.0514130860140161,-0.04859804155352216,-0.039723149943242074,2358.329974894832,2364.9781316648578,2386.0604695993643,0.025036649793298324,0.0324045658807235,0.0306303037083969,0,0,0
2020-04-07,2642.0,-0.0009458054,-0.0528182811996893,-0.07124605582397595,-0.039658457199954075,2508.44673352639,2462.6449510441794,2541.675614616303,0.02499467178839601,0.0332886273502079,0.0449026993803501,0,0,0
2020-04-08,2735.0,0.03459523,-0.0427285405267905,-0.05773256867317372,-0.0452324494568928,2531.488995961791,2493.7899895243704,2525.158307100086,0.028509043164084574,0.0269308830461972,0.0363876003187834,0,0,0
2020-04-09,2779.75,0.01622956,-0.0415564865152973,-0.05689127974357903,-0.0454970992758403,2623.672225871816,2583.7456699396985,2613.353693641498,0.028675846271197573,0.0261921625301628,0.0358573539426693,0,0,0
2020-04-13,2759.25,-0.0074020918,-0.0400311475036516,-0.0486750841920146,-0.03904841709612155,2670.671257445415,2647.6856304520043,2673.2970973336473,0.024611380145208254,0.0252307740525321,0.0306788620317384,0,0,0
2020-04-14,2843.0,0.029900929,-0.023469956581099,-0.04013130697992231,-0.035125395303825906,2695.244562750085,2650.710180380472,2664.0126691853225,0.022138783614330842,0.0147926104657986,0.0252939024231284,0,0,0
2020-04-15,2775.0,-0.024209086,-0.0290889074937212,-0.043132035272534244,-0.030326287883227967,2761.4914802776266,2722.9825284839653,2758.0765780763654,0.01910797451182753,0.0183283264047077,0.0271766143553177,0,0,0
2020-04-16,2787.5,0.0044943895,-0.0337238815786687,-0.041845374250897974,-0.027447103497047737,2682.9766423765313,2661.275110933503,2699.870053993011,0.017275058851471924,0.02122562910998,0.0263372527787453,0,0,0
2020-04-17,2870.0,0.029166892,-0.0250650339484203,-0.03453151360458,-0.02818834223265834,2718.499579268603,2692.8863829822667,2710.022112774153,0.01775765295695178,0.0157900798328815,0.0217536252968418,0,0,0
2020-04-20,2806.5,-0.022373874,-0.0206936056632724,-0.03924450954118931,-0.02698853733620072,2811.21963814913,2759.54971651855,2793.578784845727,0.016967723424339463,0.0130100928839806,0.0246730667736324,1,0,0
2020-04-21,2732.0,-0.026904214,-0.0386890563771364,-0.03835061009695825,-0.024890152478777502,2699.992780243935,2700.906737410894,2737.5079600558197,0.01563276660112548,0.0242994489036278,0.0240868808323974,0,0,1
2020-04-22,2788.5,0.020469876,-0.0321588202012399,-0.04006296178037666,-0.02535746174604858,2645.539783712406,2624.711486053479,2663.5943763690043,0.015901791949509185,0.0201669580852854,0.0251236850711985,0,0,0
2020-04-23,2780.75,-0.0027831413,-0.0255062447105246,-0.038097149635634306,-0.02774008602246295,2718.275228851037,2684.2642477139757,2712.2098104609245,0.017388724097926758,0.0159884526560721,0.0238809938583117,0,0,0
2020-04-24,2829.5,0.017379342,-0.026273609704054,-0.03205269641796645,-0.02687266718197289,2708.641088546146,2693.0327611975235,2707.0189427748433,0.016855674116065034,0.0164799199136178,0.020104807673309,0,0,0
2020-04-27,2869.0,0.01386352,-0.0233087538537223,-0.031100290835511128,-0.024486697606406982,2764.310574520756,2742.8560369003585,2761.0562892078365,0.015343951489715183,0.0146058237074667,0.0194881874872035,0,0,0
2020-04-28,2867.25,-0.00061015476,-0.0244831823526864,-0.028949015894282785,-0.02291825646970884,2799.6106519755617,2787.1359325653734,2803.995265049517,0.014353349202372722,0.015333438054415,0.0181303204606715,0,0,0
2020-04-29,2941.0,0.025396278,-0.0299185182108469,-0.024398471609925695,-0.022101406803949245,2782.7366891937017,2798.1399997795384,2804.5748965532002,0.013845759375864351,0.0187429066260063,0.0152847902419282,0,0,0
2020-04-30,2902.5,-0.013177225,-0.0282668084173301,-0.030440382356698926,-0.022004258992812536,2859.0312713822555,2852.8237042659252,2876.992278170081,0.01375462291241708,0.0176692744275056,0.0190279518507281,0,0,0
2020-05-01,2821.75,-0.028215175,-0.020717500862212,-0.02824251020216092,-0.023157699176245532,2842.9860723443826,2821.672867203473,2836.057080019784,0.014467591293626668,0.0129430964975699,0.0176442871807436,1,0,1
2020-05-04,2825.25,0.0012395964,-0.022825114223932,-0.03420203871261396,-0.022441761216796613,2758.07271909976,2726.872153812745,2759.130237258957,0.013985816749746065,0.0142247242426324,0.0213148799366211,0,0,0
2020-05-05,2858.25,0.011612693,-0.0234712103709942,-0.02902815085150122,-0.022343832874402628,2759.7101218200496,2744.417107468381,2762.823111335957,0.013929843274500489,0.0146326856170383,0.0180970558714305,0,0,0
2020-05-06,2833.5,-0.008696853,-0.0197925409172258,-0.026584074239803267,-0.022060420240372886,2802.2341466059192,2783.2671603852323,2795.8862186142956,0.013740127505463972,0.0123275999684763,0.0165576433127569,0,0,0
2020-05-07,2880.0,0.016277598,-0.0231529978602157,-0.0237382692876116,-0.02094160037631341,2768.6496178979496,2767.029680481907,2774.778977424037,0.013045365271488314,0.0144229337199143,0.0147875228351751,0,0,0
2020-05-08,2928.5,0.016700052,-0.0133497939917747,-0.02464445941791436,-0.020221358509694753,2841.8080875874375,2809.8913994884865,2822.347359366111,0.01257225287469715,0.0082999856715481,0.0153222334500269,0,0,0
2020-05-11,2922.75,-0.0019653926,-0.0223320653618162,-0.025529763939258918,-0.018633263017767177,2863.825393221315,2854.682368944057,2874.4377316708055,0.011568818147543522,0.0138652904101423,0.0158506428037526,0,0,0
2020-05-12,2852.5,-0.024329152,-0.0325135943377039,-0.021456043841852374,-0.018720414247097774,2829.24915321458,2860.707323212856,2868.5438728895983,0.011626301384213486,0.020192547123406,0.0133252624074249,0,1,1
2020-05-13,2813.0,-0.013944273,-0.0352589574328261,-0.02835954697565568,-0.020890707425654003,2753.6762725990293,2772.7407065220887,2793.5273915509633,0.012969202867815156,0.0218891855855698,0.0176059484474398,0,0,0
2020-05-14,2847.0,0.012014279,-0.0367436149295896,-0.026867950261668785,-0.0252260202823238,2711.516071865052,2738.4267570705642,2742.9267553893374,0.015662189764080008,0.0228131692278375,0.0166816220260073,0,0,0
2020-05-15,2846.5,-0.00017563888,-0.0216818184612015,-0.025012654561677793,-0.028787799488984852,2785.936241662733,2776.6721817529537,2766.2096031522883,0.017873857282746892,0.0134618739773502,0.0155299337161613,0,0,0
2020-05-18,2948.0,0.035036806,-0.0330688055352758,-0.02108516340292964,-0.02424815915978612,2753.9090191670853,2787.109412817566,2778.3077247599895,0.015067800662186923,0.0205489483411389,0.0131023158084461,0,0,0
2020-05-19,2918.75,-0.009971532,-0.0222027615981114,-0.03550502503757751,-0.023603592978502244,2883.267537724399,2845.1675234004006,2879.231393718102,0.014677568424509901,0.0138064807703712,0.0220783096402999,0,0,0
2020-05-20,2968.5,0.016901333,-0.0180529838382691,-0.031190492545009652,-0.024415226382778044,2866.5306293768717,2829.117851722005,2848.3509593098975,0.015189975414178162,0.0112316951871187,0.0194052190009182,0,0,0
2020-05-21,2937.0,-0.010668122,-0.0100476918341487,-0.03023677543521078,-0.022484586365112323,2938.822770294006,2880.085552089782,2902.499285327878,0.01398411625744016,0.0062490849707462,0.0188055308676783,1,0,0
2020-05-22,2953.0,0.0054329503,-0.0201087805174256,-0.027230013262990904,-0.018476168093386692,2878.5303584483913,2858.1044888061583,2883.233721214106,0.01149210041875076,0.0125075786189448,0.0169369560419953,0,0,0
2020-05-26,2994.5,0.01395567,-0.0227551188844413,-0.02353107640375393,-0.01809773878763825,2886.562892781953,2884.3239113898962,2900.038068496847,0.011265809411925929,0.0141650200340463,0.0146480521756251,0,0,0
2020-05-27,3035.5,0.013598883,-0.024409758083498,-0.023392622393400533,-0.018853205162640684,2922.289880606944,2925.2637581034005,2938.5729359125785,0.011727318882493155,0.0151836790837533,0.0145509869509495,0,0,0
2020-05-28,3038.0,0.0008232486,-0.0171676114355661,-0.02313977392774772,-0.019864254474237612,2983.8324883467776,2966.0656618712724,2975.7969965344737,0.012349955052462516,0.010673404826864,0.014386402887783,0,0,0
2020-05-29,3042.0,0.0013157896,-0.0248153994304893,-0.019520053228321264,-0.018689894896767097,2963.5385331513685,2979.273118940048,2981.747414228036,0.011626869727956627,0.0154375087724766,0.0121433061674268,0,0,0
2020-06-01,3054.0,0.003937013,-0.0173649386590301,-0.016403254038237752,-0.018893174144726077,2989.631857314252,2992.508323198075,2985.066485191116,0.011757628730133854,0.0108065749095642,0.0102080978807632,0,0,0
2020-06-02,3077.0,0.0075028897,-0.0143104536800365,-0.01424773163237053,-0.01734919659214478,3010.6071010267124,3010.7959383908774,3001.47252587909,0.010802934925779087,0.0089107814902395,0.0088717259526676,0,0,0
2020-06-03,3117.75,0.013156491,-0.0156657765900254,-0.013896654314101019,-0.015423497626423246,3029.1720148418935,3034.5357336692423,3029.9060084102325,0.009597860798253907,0.0097486281419085,0.0086477241997104,0,0,0
2020-06-04,3110.5,-0.002328103,-0.0141683182048354,-0.016957634598211844,-0.01473566746480568,3073.8881837389517,3065.326083790814,3072.1447101786603,0.009167459096111519,0.008814495706675,0.0105498052203747,0,0,0
2020-06-05,3186.75,0.024218103,-0.0292673716168063,-0.014536945863121225,-0.014600584100051595,3020.7831330692006,3065.609902870921,3065.4148190690466,0.00908787421442727,0.0182169555695717,0.0090482637242929,0,0,0
2020-06-08,3227.5,0.012706255,-0.0130511223262184,-0.02501525973687508,-0.017811151993162265,3145.429561489414,3108.021434205133,3130.492801375014,0.011092992661174451,0.0081283908104546,0.015579794770437,0,0,0
2020-06-09,3205.5,-0.006839759,-0.0127545228354728,-0.02390531149665978,-0.01758003610971242,3186.5961863715465,3151.260502257729,3171.2562654371827,0.010945675966469396,0.0079412165704763,0.0148839167273038,0,0,0
2020-06-10,3186.0,-0.006101873,-0.0157854607297852,-0.02103752607330116,-0.01633468981616378,3155.2969869407157,3138.7686030566847,3153.564481873964,0.010172130549143373,0.0098301081397248,0.0131007361668337,0,0,0
2020-06-11,3010.25,-0.056743078,-0.0431054304785649,-0.01859867598440172,-0.015741302780333644,3051.583941837523,3127.292253782149,3136.2408735540935,0.009803860083232443,0.0268465460029984,0.0115834641915569,1,1,1
2020-06-12,3034.75,0.008105917,-0.0384569754790058,-0.051953061329340564,-0.02288778799845271,2896.682614894014,2857.851362009468,2942.134516059076,0.01439298144159763,0.0241836622397378,0.0326706734437567,0,0,0
2020-06-15,3073.0,0.012525234,-0.0471385800576627,-0.044014169664884924,-0.034837873028183794,2895.0155106211337,2904.074872382045,2930.846167684884,0.021929861534751436,0.0296729519845554,0.0277061876176286,0,0,0
2020-06-16,3118.25,0.014617664,-0.0302716089015373,-0.038546165677514614,-0.04429085817645234,2981.3692481881462,2956.8015227689652,2939.8643033782932,0.027895731940907765,0.0190659816067018,0.0242775495748115,0,0,0
2020-06-17,3107.0,-0.0036143167,-0.0188235392777583,-0.03478286947979288,-0.029755038448368,3060.1024865680183,3011.652940026659,3026.833151926158,0.018744206285639123,0.0118579011033839,0.0219114917921223,0,0,0
2020-06-18,3098.0,-0.0029008884,-0.020045833691031,-0.029338669390216544,-0.01770074440139274,3045.3376956982984,3017.16895927654,3052.4876648931645,0.011156399713808449,0.0126344592172108,0.0184915343313346,0,0,0
2020-06-19,3059.5,-0.012505238,-0.0295209884796211,-0.024622505964159398,-0.01792584672513377,3007.8807274265546,3022.6509248209013,3042.9605153675498,0.011298276882542915,0.0186064461446872,0.0155190376326874,0,0,0
2020-06-22,3110.75,0.016612351,-0.0223478103325912,-0.02342993601743917,-0.02200759735390846,2991.8852095611724,2988.649364840895,2992.903260907515,0.013870916796100244,0.0140853457428123,0.014767386362516,0,0,0
2020-06-23,3118.5,0.0024882623,-0.0309325875012278,-0.024619845457077964,-0.0222441029502326,3015.9994481524755,3035.098896191112,3042.318081718719,0.014019981203071576,0.0194961467450431,0.015517360772112,0,0,0
2020-06-24,3049.0,-0.02253845,-0.0339499308239078,-0.02070758138598467,-0.02453154288525078,3014.4041621664974,3054.5874286480453,3042.9291086145513,0.015461705554188859,0.0213979135531644,0.013051544602276,0,1,0
2020-06-25,3070.75,0.0071081636,-0.0263628615813515,-0.026638179539182717,-0.026526883740602716,2969.6699135664667,2968.852422650559,2969.1828618397103,0.01671932611764082,0.0166159464671,0.0167894734734395,0,0,0
2020-06-26,3007.0,-0.020978928,-0.0256600272100139,-0.023245545357566337,-0.02584184209917317,2992.956827353353,3000.191998377806,2992.4127127051,0.01628755905750576,0.0161729650307583,0.0146511688827092,0,0,0
2020-06-29,3047.75,0.01346071,-0.0151824726854936,-0.02700460854673275,-0.024006407237070503,2961.6911253435164,2926.883764551989,2935.6723196332614,0.015130723813409184,0.009569187039954,0.0170204258211069,0,0,0
2020-06-30,3090.25,0.01384838,-0.0217451435405976,-0.02561644586353922,-0.02062270768218455,2982.1916103312424,2970.6689632387424,2985.5408084097194,0.012998050526359564,0.0137054977842603,0.0161454966424063,0,0,0
2020-07-01,3103.0,0.0041173915,-0.0191501130017729,-0.024788061996340722,-0.020203324190452638,3031.6344022714256,3014.5902941948825,3028.443131834826,0.012733537380774021,0.0120697305777707,0.015623157409735,0,0,0
2020-07-02,3129.0,0.008344079,-0.020122320804675,-0.02123598149659446,-0.01983666471789257,3041.1844603878967,3037.7994979971127,3042.0533173312638,0.012502624497769592,0.0126826674051501,0.0133845838637389,0,0,0
2020-07-06,3172.0,0.013648839,-0.0197230125120527,-0.01949129877218133,-0.019132109216859892,3067.891298604315,3068.602253536466,3069.7046613902126,0.012058558270280049,0.0124309919489935,0.0122849477464128,0,0,0
2020-07-07,3136.5,-0.011254775,-0.0149978236045561,-0.02050885279006825,-0.018429901091312057,3124.781873174546,3107.60847408996,3114.075762266786,0.011615971543233732,0.0094528066828903,0.0129262902287688,0,0,0
2020-07-08,3163.5,0.008571481,-0.0115305886672976,-0.020063151006566433,-0.017203739677895884,3100.542015406876,3074.198993935627,3083.001973036625,0.01084314829176399,0.0072674828352281,0.0126453739499307,0,0,0
2020-07-09,3141.0,-0.007137789,-0.0220472396093577,-0.018715173560351506,-0.01565373353315193,3094.516796367005,3104.8451285086967,3114.3649904712615,0.009866212648974741,0.0138959024598282,0.0117957726645752,0,0,0
2020-07-10,3178.5,0.011868167,-0.0221508153147887,-0.017235999725352516,-0.01633462563914929,3072.1892101724015,3087.325619457578,3090.109709331361,0.010295364345887879,0.0139611840064245,0.0108634811080598,0,0,0
2020-07-13,3148.25,-0.009562644,-0.0281622213836958,-0.01805485978967859,-0.01740008087023466,3090.2350810038092,3121.627584820595,3123.672230079746,0.010964887349705101,0.0177467902185397,0.0113775048050036,0,0,0
2020-07-14,3183.5,0.011134477,-0.0238389335151341,-0.01760663842485154,-0.01990886154650512,3074.0865781921907,3093.3050181690674,3086.1917311626585,0.012542500751931486,0.0150184299006942,0.0110921096702012,0,0,0
2020-07-15,3219.5,0.011244847,-0.0136117859271213,-0.01794642017729085,-0.020541438767677278,3140.4604664901926,3126.8771795493285,3118.7733944227266,0.012932276522371033,0.008569573999356,0.0112985302998631,0,0,0
2020-07-16,3194.5,-0.007795487,-0.0108624548083308,-0.018221445707397567,-0.01716492067852954,3184.7175799833058,3161.3672949409724,3164.709123665509,0.010799200015425442,0.0068340439394173,0.0114639059771792,0,0,0
2020-07-17,3214.0,0.0060856864,-0.0095509765053178,-0.01713035436085664,-0.014499279815427082,3164.1346457760123,3140.2431294990665,3148.5162220525895,0.009122789552657188,0.0060093707956225,0.010778233111293,0,0,0
2020-07-20,3245.25,0.009676121,-0.0188052015080901,-0.015828097243341367,-0.012822505565589858,3154.124829168358,3163.528979270648,3173.051558967631,0.008068141788491792,0.01183255732293,0.0099593119416548,0,0,0
2020-07-21,3251.25,0.001847149,-0.0115197971947461,-0.016042734897844007,-0.01403791935267903,3208.0798853016154,3193.6027042078613,3200.0117108457707,0.008825547859191438,0.0072424209682475,0.0100859622481178,0,0,0
2020-07-22,3265.5,0.0043733525,-0.0145885034909136,-0.014265815119667949,-0.013339770712383138,3204.163424455872,3205.1975375716793,3208.167067571703,0.00838850503210939,0.0091737510023972,0.0089708334947159,0,0,0
2020-07-23,3227.5,-0.0117050465,-0.0210069782431998,-0.013175256474037833,-0.01338384557796744,3197.6172149731287,3222.758384141536,3222.0862219632972,0.008413358060341606,0.0132054145945015,0.0082822346990758,0,0,0
2020-07-24,3204.0,-0.0073078144,-0.0145981189742997,-0.015032465090622652,-0.015154133398681817,3180.7268019959656,3179.34556565147,3178.9587635870157,0.009508394623481933,0.0091595258083352,0.0094320543765168,0,0,0
2020-07-27,3232.25,0.00877846,-0.0135700258642944,-0.014561897210504876,-0.014725958234136504,3160.81530850826,3157.6817406780606,3157.16373067317,0.009228700255349493,0.008504281973896,0.0091258838554515,0,0,0
2020-07-28,3213.0,-0.005973409,-0.0117538719176455,-0.014700017503279901,-0.013921740310433273,3194.480948616631,3185.08339275272,3187.5632353919245,0.008711378244521843,0.0073548580729909,0.009198376770194,0,0,0
2020-07-29,3252.5,0.012218852,-0.0144309315519331,-0.013902377893760509,-0.012880357964207632,3166.9663698856384,3168.640723999767,3171.880793395007,0.008050821859160864,0.0090200023562392,0.0086896317751746,0,0,0
2020-07-30,3248.75,-0.0011536244,-0.025838633153782,-0.015742321468112285,-0.012971679543137275,3169.5362957645093,3201.6990112961544,3210.58207301708,0.008091829190504152,0.0161183295733757,0.0098201760194858,0,0,0
2020-07-31,3263.5,0.004529932,-0.0213325610922689,-0.013969367437825626,-0.016875734425881184,3180.1798311882803,3203.6825324252554,3194.3849728775563,0.010529254673626354,0.0133099966444549,0.0087158889604681,0,0,0
2020-08-03,3288.5,0.007631295,-0.0131844839149421,-0.012920584151931272,-0.017791387785385505,3220.7548423648573,3221.604910965991,3205.9512599384607,0.011097525045724815,0.0082239307144558,0.0080593210580928,0,0,0
2020-08-04,3300.0,0.0034909346,-0.0097965242641173,-0.013043728116195122,-0.014741012658489745,3256.4414176903297,3245.8842385077273,3240.3797220504175,0.00918502410859054,0.0061041472272589,0.0081274577255147,0,0,0
2020-08-05,3316.0,0.004836769,-0.0096799116081173,-0.011947534464582724,-0.012202891017272857,3268.2104001766156,3260.807727979888,3259.9751656641315,0.007608245535368821,0.0060352210120518,0.0074490361030153,0,0,0
2020-08-06,3344.25,0.008483216,-0.0130097571108561,-0.011372981191855128,-0.010966520038197317,3273.1390551908607,3278.50083719674,3279.8336912876507,0.006839653597138367,0.0081139898264199,0.0070931573049718,0,0,0
2020-08-07,3344.75,0.00014949917,-0.0086721017215065,-0.012321500363922364,-0.01129169311809072,3315.3737138340402,3303.296643928574,3306.700154926981,0.007035734423883109,0.0054034947612654,0.0076773964150201,0,0,0
2020-08-10,3352.75,0.0023889523,-0.0094244518834918,-0.010978595882698365,-0.0104848346860527,3313.375639859429,3308.2301764228664,3309.864055453394,0.006540696051726693,0.0058792033512976,0.0068487163501957,0,0,0
2020-08-11,3330.0,-0.0068086004,-0.0192083621643113,-0.010012810419883148,-0.010129367887179101,3288.9637397566144,3319.3470576006125,3318.9601854613584,0.006319531506671617,0.0119837536992379,0.0062468133869312,0,0,0
2020-08-12,3370.0,0.01194044,-0.0167169103841748,-0.010651979154496788,-0.012562253028477311,3274.795399197485,3294.717159070901,3288.4293545861815,0.007833990359929842,0.0104248907023735,0.0066427178167272,0,0,0
2020-08-13,3367.75,-0.0006678788,-0.0082468630093131,-0.013765274536150507,-0.013565263012667157,3342.3223553949556,3323.928843344902,3324.59373390748,0.008456579885316702,0.0051410913136292,0.0085812669942022,0,0,0
2020-08-14,3361.5,-0.0018575627,-0.0100054139846863,-0.01216066183214097,-0.011665369494382261,3334.222276131552,3327.0439390743995,3328.692206598252,0.0072832206567883,0.0062468349457836,0.0075924541866178,0,0,0
2020-08-17,3379.75,0.0054144394,-0.0044756825335545,-0.010951413970457296,-0.010912492459554418,3346.488611327171,3324.8876662694765,3325.017078439472,0.006815115522682394,0.0027951720124507,0.0068394229477829,0,0,0
2020-08-18,3387.0,0.0021428317,-0.0082369450762488,-0.010793329080199426,-0.008795781812281618,3352.025524123389,3343.4674032749863,3350.1528124391693,0.0054935058425471,0.005144477985792,0.0067410967697968,0,0,0
2020-08-19,3372.75,-0.0042161383,-0.0089657741398142,-0.009838114150607648,-0.008625917396532146,3356.7686492321686,3353.841682473186,3357.9096635729748,0.005389614481486874,0.0056019625415274,0.0061470148691608,0,0,0
2020-08-20,3380.75,0.002369143,-0.0138686772887889,-0.00954297610756528,-0.008669538686730278,3326.2972821091166,3340.717015435386,3343.63619736487,0.005415338488378538,0.008662927131271,0.0059609222216258,0,0,0
2020-08-21,3392.5,0.0034695345,-0.0129738000652557,-0.008835324881588814,-0.010060246351720209,3337.172122016296,3351.011543325426,3346.90933029668,0.006285421471303947,0.008105745987087,0.0055201173783571,0,0,0
2020-08-24,3427.5,0.0102640195,-0.0085132147560913,-0.00854312978799112,-0.010695094629765384,3363.7415062453492,3363.6408813159937,3356.410227246119,0.0066796550334621944,0.0053169550868871,0.0053356386142726,0,0,0
2020-08-25,3443.0,0.004512052,-0.0075919003717025,-0.011784841771620671,-0.009738065741941493,3401.5772873107644,3387.344532483132,3394.2847682076545,0.006085215494684278,0.0047440991876866,0.0073642244416365,0,0,0
2020-08-26,3480.25,0.010760946,-0.0113879989140546,-0.011149758439907578,-0.009285760453577586,3404.0135300119086,3404.8246004203647,3411.177105308206,0.00580424836243361,0.007118294121278,0.0069693771974734,0,0,0
2020-08-27,3485.25,0.0014356474,-0.010772701337447,-0.013623054736710133,-0.00996902884362487,3442.9595263705787,3433.1598478893,3445.727650422854,0.006224406817830094,0.0067261993824136,0.0085058871945262,0,0,0
2020-08-28,3504.5,0.005508079,-0.0080372741013274,-0.011985808106671826,-0.010450982467253466,3457.3503591564745,3443.7258098945904,3449.0153868134985,0.006531171063821652,0.0050227633820141,0.0074903353180523,0,0,0
2020-08-31,3499.0,-0.0015706436,-0.0107967295758581,-0.01161584563480816,-0.009657831320435763,3466.866386750518,3464.027783550343,3470.817044101523,0.006036607225337603,0.0067484731929135,0.0072604599688044,0,0,0
2020-09-01,3527.0,0.007970437,-0.0112360997124094,-0.010363371612937208,-0.009909153712708153,3459.904936434101,3462.9258107028204,3464.499090872165,0.00619681761119094,0.0070266404778503,0.0064808686578356,0,0,0
2020-09-02,3579.25,0.01470563,-0.0132601969404864,-0.011617611022073907,-0.010046011485187105,3480.540000526418,3486.261784494151,3491.745099559222,0.00627772968052865,0.0082862668458711,0.0072598186491872,0,0,0
2020-09-03,3461.5,-0.03345126,-0.0404885119575261,-0.016546381826019307,-0.010908005705710527,3437.2260638496755,3520.51364004606,3540.419686236524,0.00681319424690379,0.0252893245728957,0.01033495182397,0,1,1
2020-09-04,3417.5,-0.012792732,-0.0438530872313356,-0.03337869453922144,-0.02091628225501268,3312.982807518839,3347.866665104979,3389.8502245950085,0.013089782147871125,0.0274440434189591,0.0208889818263011,0,0,0
2020-09-08,3335.5,-0.024286697,-0.031049946431064,-0.02989494695360775,-0.033829660224992925,3313.0172934649854,3316.8460373807156,3303.820841268929,0.021178025116203116,0.0194378702298649,0.0187148180980939,0,0,0
2020-09-09,3400.25,0.019226365,-0.0351917678275011,-0.0331084972560319,-0.0313101747070718,3220.159283762756,3226.8747394609118,3232.6829219950764,0.01957376655644237,0.0220003706337813,0.0206980000075761,0,0,0
2020-09-10,3340.5,-0.017728463,-0.0280874961806499,-0.032491072175883685,-0.02945969467135671,3306.0742626896795,3291.5477212668466,3301.5407837041143,0.01840740806842758,0.0175500122993574,0.0203015146896185,0,0,0
2020-09-11,3333.75,-0.0020227,-0.0221767455894868,-0.03142115674857885,-0.02525363258734961,3267.2339849563314,3237.1695089419272,3257.196525172707,0.01577607939413997,0.0138539316240248,0.0196289647363291,0,0,0
2020-09-14,3382.5,0.014517285,-0.0166144299887045,-0.026708851073625254,-0.021902347050149953,3278.819229328665,3245.887938160213,3261.5268657708143,0.01369637498502528,0.0103896382778844,0.0167020657140515,0,0,0
2020-09-15,3395.0,0.00368868,-0.0121928940836644,-0.026029363847537228,-0.018761329117432723,3341.5079494718852,3295.5916679295105,3319.631397599883,0.011728524921544995,0.0076223097644579,0.0162720903549491,0,0,0
2020-09-16,3379.5,-0.0045759915,-0.014458509222758,-0.022709713480990757,-0.016362420068135132,3346.2665169148504,3318.7693866062905,3339.901584856037,0.010236833030067803,0.0090456878726215,0.0142078949261494,0,0,0
2020-09-17,3351.0,-0.00846896,-0.0241008556013466,-0.020133328625375837,-0.01578336705521634,3299.0248142161986,3312.1397839552606,3326.5788466461822,0.009879859456898992,0.0150863288738904,0.0126027897927226,0,0,0
2020-09-18,3316.25,-0.010424183,-0.0266288841714887,-0.018958815955524854,-0.017951786380583812,3262.9442259279463,3288.067456003539,3291.3803049646103,0.011235813163280898,0.0166667071986273,0.0118661011978006,0,0,0
2020-09-21,3275.0,-0.0125167575,-0.0355419811461693,-0.018707885611705034,-0.020225193519938824,3200.4539058467035,3254.786691207757,3249.851922350225,0.0126525835173973,0.0222345405190974,0.0117033780123123,0,0,0
2020-09-22,3299.25,0.007377301,-0.0162146153419137,-0.019324234194525204,-0.024490173572272702,3222.3253385117264,3212.320698260657,3195.768834044976,0.015310502797662509,0.0101368784840488,0.0120809164877841,0,0,0
2020-09-23,3231.25,-0.02082611,-0.0260779604824317,-0.017957426470800848,-0.019851138080087614,3214.32444433897,3240.5327439868206,3234.401916351162,0.012409400252642472,0.016301929294608,0.0112255978314459,0,1,1
2020-09-24,3238.0,0.0020867959,-0.0244040473838519,-0.023013631690527767,-0.020018965020169956,3153.3488398725904,3157.736355114249,3167.2068964101986,0.012504874327557612,0.0152440221215911,0.0143754970259848,0,0,0
2020-09-25,3287.25,0.015095494,-0.0282423744319146,-0.020207786183367788,-0.021295216882478797,3147.830485609028,3173.223883580662,3169.775098012006,0.013311855667981395,0.0176545941857988,0.0126320917287182,0,0,0
2020-09-28,3346.0,0.017714253,-0.014172424705759,-0.021487675660733726,-0.02292509161083734,3240.990277402602,3217.3681265024497,3212.7467524541544,0.014315363733449136,0.0088498409555734,0.0134177824931514,0,0,0
2020-09-29,3333.75,-0.003667806,-0.0151372872750633,-0.023690597682650156,-0.018859384079341776,3295.73205677837,3267.66285091814,3283.487824267395,0.011763292430363389,0.009441683570888,0.0147766982855163,0,0,0
2020-09-30,3352.0,0.005459386,-0.0307950575868813,-0.020806607723755376,-0.017139721660516954,3232.6516312849913,3265.1026077044944,3277.0973451794152,0.010697518220342182,0.0192203056827361,0.0129861540132894,0,0,0
2020-10-01,3367.75,0.004687683,-0.0134198476851075,-0.018632247200228762,-0.020395304814834113,3307.3171595999956,3290.122951710635,3284.327385847128,0.012738646343957997,0.0083818651009339,0.0116374631235854,0,0,0
2020-10-02,3339.25,-0.008498635,-0.0241346351251018,-0.016694778735946998,-0.017474040543146042,3287.443563865261,3311.9928803257176,3309.4129761093295,0.010924990660065404,0.0150892784456337,0.0104377863443621,0,0,0
2020-10-05,3393.0,0.015968256,-0.0150804897063406,-0.01617222139142361,-0.018141959641476225,3289.2702812653056,3285.681240169863,3279.215677976661,0.01134130578013444,0.0094274515241872,0.0101099391448785,0,0,0
2020-10-06,3353.25,-0.011784461,-0.0283769454565861,-0.01944082596200128,-0.016334730288154894,3298.0703016035923,3327.6743274763235,3338.026471360559,0.010205222221003452,0.0177286694808639,0.0121457744084054,0,0,0
2020-10-07,3406.75,0.015828732,-0.0198111529299734,-0.019578958972889905,-0.019606941070937176,3287.4719720983812,3288.2353918516806,3288.1433814138722,0.012241730761201925,0.0123692318633637,0.0122242599426184,0,0,0
2020-10-08,3437.5,0.008985706,-0.0103888073744442,-0.021623181898598444,-0.019406315051081625,3371.541136195036,3333.8759489041518,3341.2749061903883,0.012108888125385927,0.0064822665159359,0.0134921385041827,0,0,0
2020-10-09,3473.25,0.0103462925,-0.0085615889032327,-0.020138537638109157,-0.015817306288796476,3408.1951651251215,3368.9661785434932,3383.5557605859894,0.0098712736119251,0.0053431213301151,0.0125680701593693,0,0,0
2020-10-12,3532.75,0.016985849,-0.016487392082387,-0.01948543940541637,-0.013195102712875393,3416.454655575941,3406.227301547756,3427.7211490215964,0.008233248680466484,0.0102875136374793,0.0121581826048548,0,0,0
2020-10-13,3504.75,-0.007957413,-0.0116359553930193,-0.022281191340771937,-0.013806969693478418,3491.881312814354,3454.906563968134,3484.308611744255,0.008607461706691175,0.007254020446897,0.0138904122702421,0,0,0
2020-10-14,3481.0,-0.0067995824,-0.0157562310192725,-0.020284126278195626,-0.01358665737442901,3449.9611159728142,3434.3753653435547,3457.454186130343,0.008471808003672986,0.009824621345646,0.012647939711393,0,0,0
2020-10-15,3475.5,-0.0015812552,-0.0179914412682879,-0.01838467337728644,-0.014147769009142427,3418.931815234172,3417.587645768563,3432.0983563326813,0.008825823984048048,0.0112236278207989,0.011468938397799,0,0,0
2020-10-16,3462.25,-0.0038196868,-0.0146349508100637,-0.01589361138040379,-0.014958016536808094,3425.0066137983536,3420.698404875526,3423.900290264793,0.009336794054907125,0.0091351364254086,0.0099207923645754,0,0,0
2020-10-19,3422.75,-0.011474345,-0.0244257486109942,-0.014138199645201441,-0.014207713231529695,3378.7064127883204,3413.6444255752936,3413.4071391562334,0.00887068588064069,0.015250388278304,0.0088272845831408,0,0,0
2020-10-20,3432.25,0.0027717012,-0.0167480181757349,-0.015940406361249417,-0.016330279525474535,3365.9030861343167,3368.622527211654,3367.3094476717597,0.010187892636641594,0.0104485052313243,0.0099446643481829,0,0,0
2020-10-21,3432.5,7.2835865e-05,-0.0122835664249967,-0.01402486155359949,-0.015871014933695086,3390.34761139703,3384.4491525862286,3378.206704374855,0.009906068534256369,0.0076669230896362,0.00875377159645,0,0,0
2020-10-22,3449.25,0.0048679574,-0.0157518093323555,-0.012210285867150181,-0.013833149145475832,3378.855522439966,3390.8430330539586,3385.344621205145,0.008637784995127613,0.0098358472728265,0.0076244261476775,0,0,0
2020-10-23,3451.75,0.0007245327,-0.0101208226849615,-0.011584972246768455,-0.013624013600402097,3414.5168130463503,3409.5211078729717,3402.5760363882,0.008505451575670252,0.0063184146594175,0.0072324810691223,0,0,0
2020-10-26,3393.5,-0.017019512,-0.0259176025936721,-0.010229833510096266,-0.01204511240532813,3363.4382727295806,3416.619169821522,3410.4226790305547,0.007521356494768215,0.0161837865880361,0.0063878378318433,0,1,1
2020-10-27,3383.0,-0.0030989475,-0.0135269258397263,-0.017860071905487433,-0.015561451611690189,3347.905449445047,3333.4298711654146,3341.1009738137154,0.009735775208676856,0.0084629064515475,0.0111738705116691,0,0,0
2020-10-28,3263.5,-0.035962652,-0.0198500150586032,-0.015643556506359315,-0.015187656927096041,3316.509500978523,3330.4896435636256,3332.0083585553252,0.009508995237821857,0.0124280986572851,0.0097944340615291,1,1,1
2020-10-29,3302.25,0.011803815,-0.0276574450763336,-0.03483840301709568,-0.01660753752599785,3174.476681441728,3151.7625501258062,3209.748873628569,0.010442515443899231,0.0173904949422088,0.0219057497824289,0,0,0
2020-10-30,3264.75,-0.011420865,-0.0245428416579844,-0.03097588663609718,-0.023436455218611513,3222.1898713173246,3201.5279098670785,3225.756831350283,0.014743659594717306,0.0154396771831353,0.0194866469330436,0,0,0
2020-11-02,3300.5,0.010890782,-0.0246092913939593,-0.027944850352053484,-0.025363369500409183,3185.3873504477438,3174.7800036859494,3182.986225018047,0.015961009107986042,0.0154864724922976,0.0175855187924947,0,0,0
2020-11-03,3361.5,0.018313332,-0.0214517363085633,-0.025499579943309578,-0.023363790649415902,3230.4525501895832,3217.4026132676377,3224.281650795604,0.014708932368425976,0.0135051774467023,0.0160535421001467,0,0,0
2020-11-04,3435.0,0.021629622,-0.0489438131312271,-0.027041285298613417,-0.019744902572431042,3200.9367130400433,3271.818732582268,3295.7784777053816,0.012416780452492424,0.0307788088560539,0.0170051840708958,0,0,0
2020-11-05,3504.75,0.020102266,-0.0259140349019147,-0.029852250948443307,-0.029537581283749132,3347.128756690644,3333.9729626941194,3335.0222279257014,0.0185490489973226,0.016273529592567,0.0187466556656653,0,0,0
2020-11-06,3500.75,-0.00114196,-0.019989445754499,-0.03087306319312959,-0.027294988940259956,3435.387558004192,3398.2008441260928,3410.3816379694567,0.017123621840279282,0.0125404597395509,0.0193683412119075,0,0,0
2020-11-09,3544.0,0.012278802,-0.0473500162985812,-0.02614791894288946,-0.021429898996349513,3338.85259973839,3410.3990650116725,3426.5274128417554,0.013458661007995974,0.02973732252281,0.0164217282207841,0,0,0
2020-11-10,3541.0,-0.0008468596,-0.0177634431596203,-0.024793522471407873,-0.02948680396735006,3481.602198087207,3457.212091146272,3441.024437931624,0.018515368186081915,0.0111540298065903,0.0155683606028079,0,0,0
2020-11-11,3568.0,0.0075960415,-0.0131608800342148,-0.02130512310231882,-0.022450396783358556,3494.7026489970513,3466.356526707789,3462.3888722674346,0.014110157636113198,0.0082716619089066,0.013390348880308,0,0,0
2020-11-12,3532.5,-0.0099993795,-0.0156380637124767,-0.019612153219557515,-0.016450719545670876,3512.6373988505484,3498.705564934985,3509.783993153903,0.010340973826272254,0.0098301358244755,0.0123282609345593,0,0,0
2020-11-13,3582.0,0.013915468,-0.0191527873818893,-0.01920285629287103,-0.015556670135025265,3465.486574050899,3465.3130652558484,3477.9713049121683,0.009775822229007648,0.0120356247841098,0.0120670881222605,0,0,0
2020-11-16,3623.0,0.011381108,-0.0122575020834344,-0.020636264770608388,-0.016408396828216324,3538.361622661942,3508.838387136109,3523.704696720537,0.010302348993677999,0.0076961244645863,0.0129569027259966,0,0,0
2020-11-17,3606.75,-0.0044953222,-0.0133342216809999,-0.020452252168328536,-0.015540074884153036,3575.010775373579,3549.6540915669493,3567.133517634611,0.009754056115702982,0.0083695057781432,0.0128372879043084,0,0,0
2020-11-18,3565.0,-0.011643036,-0.0178720079838405,-0.018307453541522637,-0.015037578689632791,3542.862732584148,3541.3203445831396,3552.9189716153487,0.00944377506937155,0.0112238297747869,0.0114972946714024,0,0,0
2020-11-19,3580.0,0.0041987468,-0.0117970490011264,-0.018894391466600487,-0.015471627496431908,3523.19061885447,3498.273854459081,3510.2681352522527,0.009709136962736417,0.0074031749106204,0.011857074158429,0,0,0
2020-11-20,3554.25,-0.0072187297,-0.0124642362771264,-0.016998384995814235,-0.014528985100564988,3535.6549716915774,3519.660075254141,3528.362263644721,0.009121704918133763,0.0078253976146912,0.0106720635297933,0,0,0
2020-11-23,3576.0,0.006100787,-0.0106258423190331,-0.01623393683110156,-0.01369442995049111,3516.6830436831615,3497.016350686016,3505.908333617338,0.00859586406733718,0.0066697406540892,0.0101898885008268,0,0,0
2020-11-24,3632.75,0.01574508,-0.0128761938621785,-0.015302357968896844,-0.012780459358560337,3530.2499063843547,3521.6953223822834,3530.587889284845,0.008021401542268257,0.0080814874025199,0.0096042211291752,0,0,0
2020-11-25,3627.25,-0.0015151518,-0.0121221746274437,-0.019164015051486932,-0.012566129739326514,3588.9790059394354,3563.7947642684726,3587.3860139979306,0.007880670803629338,0.00760225062487,0.012018441399974,0,0,0
2020-11-27,3636.5,0.0025468953,-0.0091598748401912,-0.016885899908632967,-0.012832535825874292,3594.176549566501,3566.514846546785,3581.000567844542,0.008053994808641107,0.0057489482524531,0.0105979793899463,0,0,0
2020-11-30,3623.25,-0.0036502674,-0.0177165516920848,-0.01510554363304598,-0.011973167442588879,3572.6411097436135,3581.981493074886,3593.2191977893035,0.00751849339754095,0.0111250241477731,0.0094854540885604,0,0,0
2020-12-01,3660.5,0.010228337,-0.0137106254237702,-0.013833779894923615,-0.013105555541670618,3573.911976893156,3573.4718607553846,3576.0750977452935,0.008231331024997849,0.0086113630257002,0.0086887138267441,0,0,0
2020-12-02,3667.25,0.0018423123,-0.0092527043157533,-0.015363495365266376,-0.012998753426138394,3626.786686038167,3604.6917280098664,3613.2259803920188,0.008159608333209164,0.0058081295001508,0.0096440097523174,0,0,0
2020-12-03,3664.5,-0.000750162,-0.0080184347520545,-0.013800585941371261,-0.01185994509610852,3637.961974141067,3616.9874254287733,3624.0135143158286,0.007450011322803676,0.0050369060910382,0.0086690554375565,0,0,0
2020-12-04,3698.0,0.009100232,-0.0068759661033422,-0.012463499402931367,-0.010658802094444569,3639.389450790109,3619.1109472094295,3625.6482441417684,0.006699220509724633,0.0043216501005952,0.0078335004330906,0,0,0
2020-12-07,3690.75,-0.0019624436,-0.0099389373460568,-0.014031121912509268,-0.009547563067949946,3661.427854880516,3646.475231634979,3662.861124018102,0.0059961948880832335,0.0062419912686894,0.0088120225954083,0,0,0
2020-12-08,3702.0,0.0030435247,-0.0123176904831209,-0.012782819408567929,-0.009793530148540489,3645.5673282114076,3643.872063686239,3654.7809480932833,0.006155401951850529,0.007741880087375,0.0080342216079641,0,0,0
2020-12-09,3672.5,-0.008000585,-0.0139603097106124,-0.012006191406158988,-0.010564244057110928,3650.67800245204,3657.8188339027015,3663.097020592659,0.006641298153018099,0.0087762625130043,0.0075477901096798,0,0,0
2020-12-10,3668.5,-0.0010897699,-0.0114439742970897,-0.01327169163492115,-0.011477395560985745,3630.711573300343,3624.0817194042265,3630.590232358416,0.007210552195334179,0.0071895556402816,0.0083377996990251,0,0,0
2020-12-11,3661.25,-0.00197824,-0.014128913415737,-0.012134510197131437,-0.011507932509405417,3617.03252705399,3624.2535467866924,3626.525134782629,0.007234109270883129,0.0088817086340011,0.0076279881414798,0,0,0
2020-12-14,3646.5,-0.004036816,-0.0146726961597856,-0.011354761743420311,-0.01210432343423345,3607.921782292965,3619.9125113721516,3617.2001802862615,0.007613355088164386,0.0092288054406461,0.0071418971546705,0,0,0
2020-12-15,3687.0,0.011045316,-0.0118781600825013,-0.011229215325561185,-0.012542974918222446,3603.4425173446507,3605.781711394982,3601.0476914455503,0.007888595510662863,0.0074704765745504,0.0070623387340746,0,0,0
2020-12-16,3693.75,0.001829083,-0.0073849232128467,-0.01452466932844416,-0.011904882268053578,3659.8720802062417,3633.834583901691,3643.3669376407497,0.007485501906046876,0.0046434610222157,0.0091327606182657,0,0,0
2020-12-17,3712.75,0.0051306398,-0.0064953928112659,-0.013184286557024113,-0.010572948859686251,3669.835394262446,3645.3701691086576,3654.901901521614,0.00665337459686226,0.0040874388120705,0.0082966444291361,0,0,0
2020-12-18,3706.25,-0.0017522582,-0.0137779530590481,-0.012896836265013818,-0.00941942614229994,3661.9466912534886,3665.1747159065326,3677.942217619201,0.005927083403728094,0.0086696445919251,0.0081152103145317,0,0,0
2020-12-21,3685.75,-0.005546551,-0.0383153948300458,-0.011946343287698738,-0.010671310541470845,3566.9296685745494,3662.2372841350893,3666.90973472757,0.006718420442851857,0.0241225228055859,0.0075211527815157,0,0,0
2020-12-22,3677.25,-0.0023088425,-0.0093130433570696,-0.012137791790396577,-0.018881350541606647,3651.5837930737152,3641.2835421329046,3616.8109415885806,0.011883489316469913,0.0058614160567425,0.0076392479843468,0,0,0
2020-12-23,3681.5,0.0011550876,-0.0153831543324904,-0.011421927231532524,-0.013544552338469544,3621.1151681033393,3635.487675231663,3627.7790819373686,0.008526666565991485,0.0096841168647405,0.0071904159407088,0,0,0
2020-12-24,3695.0,0.0036602765,-0.0046480754410848,-0.010700647590817786,-0.013278379038142106,3664.4278173964585,3642.315589077049,3632.938768297085,0.008361012326143938,0.0029267590527521,0.0067378891766497,0,0,0
2020-12-28,3727.5,0.008757213,-0.01199542461505,-0.01059372292479655,-0.009596192188877611,3650.9416834502504,3656.0628028813567,3659.7116575194354,0.00604187869674369,0.007552464458149,0.006669936116194,0,0,0
2020-12-29,3720.0,-0.0020140994,-0.0095813426884263,-0.012739903840517182,-0.010117645464037463,3691.9560962070036,3680.313224147592,3689.9766207517087,0.00636572744069907,0.0060283013757746,0.0080155759319407,0,0,0
2020-12-30,3724.25,0.001141821,-0.0065540619866151,-0.011836635221683716,-0.010004045065797216,3695.698612799083,3676.227288849466,3682.970483658838,0.006297748326030153,0.0041259143309961,0.0074514008246571,0,0,0
2020-12-31,3748.75,0.0065569617,-0.0095508176232866,-0.011027814400237103,-0.009056822107792708,3688.8496875260103,3683.405290095363,3690.672412900993,0.005703886682759877,0.0060149996105211,0.0069451958919827,0,0,0
2021-01-04,3692.25,-0.0151864225,-0.0333127041569508,-0.011901334246303534,-0.009244506485774198,3625.9261557806126,3704.3993129109203,3714.254349612086,0.005819991687207782,0.0209724187624526,0.0074926299729203,0,1,1
2021-01-05,3718.25,0.0070170993,-0.0160684403343889,-0.017425946218584704,-0.01642490882242111,3633.3954181669897,3628.466408843738,3632.1004580158087,0.010340099622814111,0.0101156892642241,0.0109702904210951,0,0,0
2021-01-06,3740.5,0.0059661646,-0.0261762629167625,-0.016604591228785073,-0.016239245875853132,3622.1829341373027,3657.019737227998,3658.3560564887266,0.010223633824289343,0.0164796154325882,0.0104536418638459,0,0,0
2021-01-07,3795.5,0.014596862,-0.0146303469682407,-0.01568439815406903,-0.019715947753642722,3686.1735635040473,3682.29019488246,3667.4747440010738,0.012414924148380411,0.0092125750252932,0.0098762999288121,0,0,0
2021-01-08,3817.5,0.0057796035,-0.0137213184295758,-0.018913930724347296,-0.01586177575629418,3743.7764053739274,3724.386810873048,3735.7715817853123,0.00997529868385371,0.0086291882935598,0.0118947658294951,0,0,0
2021-01-11,3792.0,-0.0067021735,-0.0115815006304404,-0.01736207883128966,-0.01416047143264042,3773.542658667792,3751.792325551592,3763.8233406359464,0.00891014107031559,0.0072873848101773,0.0109246766533595,0,0,0
2021-01-12,3794.5,0.0006590655,-0.0114978259348917,-0.0164751718403913,-0.012556436914268025,3748.6499373642587,3730.0379674777746,3744.683675117509,0.00790070637264028,0.0072346117975621,0.0103664356408158,0,0,0
2021-01-13,3803.75,0.0024347724,-0.0105122057611937,-0.014864815777745401,-0.011806888014131203,3754.8203609085444,3738.5126085845045,3749.962207185615,0.007435899347698174,0.006620517097221,0.0093617618641845,0,0,0
2021-01-14,3791.25,-0.0032916423,-0.0081507987989417,-0.013707631446270586,-0.011071894648785684,3772.8724085334625,3751.9653303249393,3761.8675675217837,0.00697434573015732,0.0051343054286562,0.0086346342591286,0,0,0
2021-01-15,3762.25,-0.0076785972,-0.0147016147032016,-0.012877930870038131,-0.009987878528945187,3735.9202183882717,3742.739571974982,3753.5719307392887,0.006290699451841095,0.0092595679139058,0.0081109509321948,0,0,0
2021-01-19,3790.5,0.007480754,-0.013084486183845,-0.013404334967123777,-0.011167855401968624,3713.3435475013043,3712.156029009036,3720.4674808422933,0.0070281635209165074,0.0082343391078492,0.0084356265950111,0,0,0
2021-01-20,3845.0,0.014275666,-0.0141116357132242,-0.01370936593302353,-0.011645254408896796,3737.385492543813,3738.8892322186603,3746.6146869274685,0.00732147178107984,0.0088721069571753,0.0086191964804518,0,0,0
2021-01-21,3846.0,0.0002600442,-0.0067086269209338,-0.01697669280317188,-0.012322174405780179,3819.2916597391545,3780.275574021333,3797.9119488029482,0.007732531852092257,0.0042098634252077,0.0106533809310582,0,0,0
2021-01-22,3834.25,-0.0030597986,-0.0100049973824804,-0.015349790113539132,-0.010854645625835421,3807.7126319553563,3787.415487491914,3804.4787896151897,0.006814009281631539,0.0062806421671342,0.0096358385073213,0,0,0
2021-01-25,3848.5,0.0037096133,-0.0187908655826218,-0.014215183008041109,-0.010643243938344737,3762.8738338233284,3780.1310016068087,3793.6575428287438,0.006681997957100579,0.0117972045142054,0.0089245181609841,0,0,0
2021-01-26,3842.5,-0.0015602655,-0.0119237021944456,-0.01337386673774081,-0.012900581818169228,3802.8841275941645,3797.3733166271613,3799.1709815221907,0.008102889375627772,0.0074893087142355,0.0084001608786107,0,0,0
2021-01-27,3744.25,-0.025901867,-0.0347370248273041,-0.012377644390711996,-0.012216611817247352,3711.314667266771,3795.232037918276,3795.84324311089,0.007686169003655159,0.0218550484783255,0.007787483802984,0,1,1
2021-01-28,3779.25,0.009304248,-0.0338597632678914,-0.02347268616150262,-0.018841882255868508,3619.5929205313123,3657.3858505359863,3674.3617629413616,0.011875634438879545,0.0213410828756898,0.0147943308618082,0,0,0
2021-01-29,3705.25,-0.019774845,-0.0216096391736496,-0.022171753426684458,-0.02587414221711303,3698.45785963184,3696.3794879505904,3682.7193571309012,0.016307917129368087,0.0136200922868215,0.0139743808494648,0,0,0
2021-02-01,3765.75,0.016196312,-0.0307473699248129,-0.025404616022068085,-0.02257687059925927,3593.0569667432997,3612.305159266367,3622.5342945253387,0.014229717518120211,0.0193794080774679,0.0160119848347007,0,0,0
2021-02-02,3818.25,0.013845158,-0.0175249793404463,-0.02597712914559829,-0.024882186434582905,3700.33022349288,3669.1862801597094,3673.2060292283936,0.015682708665962504,0.0110456187640826,0.0163728275824781,0,0,0
2021-02-03,3823.5,0.0013740311,-0.0103694045722374,-0.025451082907392997,-0.019650839883360117,3778.861591100174,3722.297628010284,3743.9505943885824,0.01238550308842179,0.0065356133944836,0.0160412719163276,0,0,0
2021-02-04,3864.5,0.010666074,-0.0150289487733874,-0.022548848080938544,-0.014561283483990946,3766.4664649099223,3738.249244646994,3768.2283224869416,0.009177664803786342,0.009472424209519,0.0142120555255913,0,0,0
2021-02-05,3880.25,0.004067277,-0.0070939600378629,-0.021797827380629797,-0.01436869173254359,3837.1824009730135,3781.173760888732,3809.369217924529,0.009056278351781527,0.0044711709260066,0.0137387032791553,0,0,0
2021-02-08,3908.0,0.0071261497,-0.0056407387930469,-0.019846903433872902,-0.012209769665791813,3858.4241381621823,3803.9982365882697,3833.1610985681427,0.007695556057766077,0.0035552367306916,0.0125090777409464,0,0,0
2021-02-09,3905.5,-0.0006399181,-0.0050903356033903,-0.01879359605503121,-0.010580296694216524,3888.1575137647465,3835.240474718806,3866.8701671176955,0.006668534177696966,0.0032083294002247,0.0118452006816891,0,0,0
2021-02-10,3903.0,-0.00064032787,-0.0142530096720663,-0.017138289199029474,-0.009515101351131261,3850.2296905227363,3839.1367124893745,3868.5150086861336,0.005997164389440407,0.0089833664291451,0.010801896258113,0,0,0
2021-02-11,3912.0,0.0023032639,-0.0102826527634025,-0.015727623872210123,-0.010668787835538774,3863.072438693021,3842.0952827042865,3861.5810588937925,0.006717517452561766,0.0064743905738472,0.0099027733494677,0,0,0
2021-02-12,3931.0,0.0048450944,-0.0115133073374098,-0.01460345250995857,-0.010719938361513083,3867.218229513603,3855.2864087943185,3870.287577881811,0.006740360512731144,0.0072392060038917,0.0091821922223978,0,0,0
2021-02-16,3927.75,-0.0008271036,-0.0113776412199709,-0.013968187588302214,-0.010888742122009616,3886.527965534235,3876.4727644832974,3888.4285501099716,0.006830924972471273,0.0071376301014808,0.0087627790563826,0,0,0
2021-02-17,3928.0,6.364765e-05,-0.0103059095492045,-0.012941269028481257,-0.010976988118699951,3887.478835695173,3877.247419146863,3884.8709071195326,0.00687651104847914,0.0064561152944133,0.0081070306803094,0,0,0
2021-02-18,3909.5,-0.004720902,-0.0153273663079777,-0.011983798796099697,-0.010712588214297603,3868.2531557064726,3881.2085678636854,3886.145538565198,0.0067034586541571605,0.0095911804194545,0.0074989253896809,0,0,0
2021-02-19,3903.0,-0.0016640003,-0.0116376388255449,-0.01170259011339049,-0.011729660408615587,3864.266367863878,3864.0153869375617,3863.9107883160473,0.0073285975123569365,0.007271103167143,0.0073116842095558,0,0,0
2021-02-22,3873.5,-0.007586997,-0.0131742494321904,-0.010940042514422415,-0.01153624953297657,3851.9181259568595,3860.5337290166653,3858.2327377138026,0.007202386449065013,0.0082250332151517,0.0068301585998843,0,0,0
2021-02-23,3878.0,0.0011610658,-0.0268899155760954,-0.011790587084322278,-0.011749966832666202,3770.7298448200772,3828.097348865622,3828.2528503015296,0.007322887735394415,0.016758501175556,0.0073482033423997,0,0,0
2021-02-24,3922.5,0.011409649,-0.0187106199777387,-0.011058364578951123,-0.01605509253455385,3806.114821021064,3835.35190585922,3816.2354952969044,0.010026765092439001,0.0116852014927297,0.0069061965043836,0,0,0
2021-02-25,3828.0,-0.024386732,-0.0267956382380391,-0.013385390403302841,-0.01625834460846165,3818.789804754248,3870.3456380907464,3859.2422696859926,0.010158186069884827,0.0167418692147574,0.0083631691669295,0,1,1
2021-02-26,3809.25,-0.0049101543,-0.0214566369827943,-0.02159298456746135,-0.019628646777944986,3746.7389061330073,3746.2280821583768,3753.5941719239713,0.012264809387916843,0.0134070150467729,0.0134922107892692,0,0,0
2021-03-01,3898.75,0.02322367,-0.0201850764121735,-0.019881367588395964,-0.02067159669111232,3733.1308178958784,3734.2647748532395,3731.315015797129,0.012932930339267219,0.0126285449078863,0.0124385332159968,0,0,0
2021-03-02,3867.5,-0.008047685,-0.0076773339350481,-0.02517616846224835,-0.01965108907519114,3868.9325998463637,3801.8196997913806,3822.88319059457,0.012263477453162247,0.0047911243622483,0.0157114637826145,1,0,0
2021-03-03,3816.75,-0.013209028,-0.0212069879969223,-0.023091160761006257,-0.014264702420394057,3786.345536277426,3779.218123889301,3812.7228818759727,0.00891452227261409,0.0132530046026996,0.0144304914913757,0,0,0
2021-03-04,3765.5,-0.01351862,-0.0337315229559263,-0.02274931626542993,-0.016440620627544367,3690.1523785469285,3730.9017441046885,3754.513268312191,0.010274288940885067,0.0210799471088488,0.0142168020182286,0,0,0
2021-03-05,3839.0,0.019331262,-0.0307167060287171,-0.02260337533993674,-0.022947832244475167,3651.594598636747,3681.3417040304957,3680.073858834129,0.01436635609275285,0.0192300140642348,0.0141507108633261,0,0,0
2021-03-08,3819.25,-0.005157848,-0.022437250341406,-0.024601842839282174,-0.02588122134653085,3753.822543278011,3745.70583501459,3740.916723671095,0.016232754313833923,0.0140726887419032,0.0154303255294848,0,0,0
2021-03-09,3873.25,0.01403988,-0.0190444859221632,-0.022183037781422166,-0.022336702865910264,3747.2025777757253,3735.4602247891366,3734.8862590784665,0.014000431188193007,0.0119369011741962,0.0139041153866032,0,0,0
2021-03-10,3896.5,0.0059847664,-0.0168522853123164,-0.02255189764889605,-0.018390683153747547,3808.523809869032,3786.8784442713645,3802.6692895062765,0.01149250534073695,0.0105311465232847,0.0140928861645293,0,0,0
2021-03-11,3936.75,0.010276795,-0.0173181171077112,-0.020534800831842327,-0.016685754852374834,3829.600911818697,3817.302088213305,3832.0233727440354,0.010469611183770298,0.0108663919706894,0.0128847260640985,0,0,0
2021-03-12,3942.25,0.0013961165,-0.0105702192312509,-0.019929242762133818,-0.016388259699949982,3895.356842220047,3859.0701746265004,3872.7592989257814,0.010329168744561652,0.0066621825688383,0.0125609744542944,0,0,0
2021-03-15,3967.5,0.0063845473,-0.0123693100753827,-0.018387102685064705,-0.014249984202652746,3893.7874295314286,3870.425787573648,3886.4713659777094,0.00898145954063611,0.0077961109575792,0.0115889966253217,0,0,0
2021-03-16,3952.5,-0.0037878833,-0.007830494344703,-0.01775604272220753,-0.013490686575519703,3936.5538337035655,3897.6746460019967,3914.335122685396,0.008502890524669978,0.00493539270921,0.0111912530598894,0,0,0
2021-03-17,3963.5,0.0027791832,-0.0137895571510612,-0.015961991785718416,-0.011966087879542587,3898.370841649152,3889.911078282619,3905.485886148905,0.007487405065521412,0.0086283839048739,0.0099877169009031,0,0,0
2021-03-18,3906.0,-0.0146136405,-0.01729401366298,-0.014880893386244428,-0.012248501144477368,3895.5444823581124,3904.956251035156,3915.249169129968,0.007685228597253848,0.0108509969339357,0.0093369030263932,0,0,1
2021-03-19,3899.75,-0.0016013839,-0.0136930540377954,-0.017253149558014155,-0.013386896298840774,3852.8794521989153,3839.187220608967,3854.059221649024,0.008426604358254354,0.0086193204352148,0.0108602817272713,0,0,0
2021-03-22,3930.0,0.0077269776,-0.0144088295418714,-0.01587348609903965,-0.01364489974958977,3843.9620517077697,3838.3360885408947,3846.8996907716046,0.008568743407717884,0.0090484771171407,0.0099682542096168,0,0,0
2021-03-23,3899.75,-0.0077269776,-0.0109582914313472,-0.015713029017709625,-0.013694885549476836,3887.1690204621323,3868.730421902387,3876.5459587183304,0.008631170622987037,0.0069064383735568,0.0099031009763334,0,0,0
2021-03-24,3880.75,-0.0048840144,-0.014165383405749,-0.015670810286728867,-0.012767728893754214,3844.8979633340714,3839.114105265484,3850.2755594560267,0.008047225797184874,0.0089281374720857,0.0098769757606495,0,0,0
2021-03-25,3900.5,0.005076316,-0.0187271451670465,-0.014807516107081505,-0.012976721196887957,3808.750904348136,3823.7090911960863,3830.715930423974,0.00814066188702245,0.0117480644456376,0.0092891709843699,0,0,0
2021-03-26,3964.75,0.016338052,-0.0127977188300469,-0.014207586451854028,-0.014348036562790939,3850.9005545365458,3845.475120000839,3844.9350605202244,0.008994854365257694,0.0080229525886709,0.0089068055031062,0,0,0
2021-03-29,3959.0,-0.0014513333,-0.012172300945067,-0.01740685742571254,-0.013496098981617589,3916.7824001168724,3896.333348970633,3911.6008017175996,0.008416637550357393,0.0075910709715484,0.0108555227731006,0,0,0
2021-03-30,3947.75,-0.0028456717,-0.0089205368957942,-0.015974152457275476,-0.013110642726411307,3923.8406477321323,3896.2607675640033,3907.433737505411,0.008198684994344759,0.0055784200298367,0.0099893686970058,0,0,0
2021-03-31,3967.5,0.004990377,-0.0111415309337912,-0.015003695528132015,-0.011735241423919327,3904.010138232599,3888.9612877755917,3901.6929743902692,0.007362035761004594,0.0069895749225682,0.0094124815191439,0,0,0
2021-04-01,4010.0,0.010655068,-0.0096891742867464,-0.014432552239473696,-0.011401581403624213,3929.2438356299667,3910.6500805158944,3922.5211281707057,0.007161791696105046,0.0060861599362767,0.0090656663425136,0,0,0
2021-04-02,4027.25,0.0042925198,-0.0064138624476661,-0.015218522111397782,-0.010851700421224644,3984.3627164779136,3949.435744467145,3966.7199371676165,0.006806065778054224,0.0040227031723827,0.0095448877608489,0,0,0
2021-04-05,4067.75,0.01000626,-0.0113826239487918,-0.014589468273557787,-0.009799215017864295,3981.669234195406,3968.921092386733,3987.9788388447278,0.006169245072630817,0.0071661042830141,0.009185021973175,0,0,0
2021-04-06,4064.0,-0.00092231075,-0.0064164307926254,-0.015052891585624985,-0.010311111121407314,4041.7331206569525,4006.977151340363,4026.0224760060305,0.0064885184263745255,0.0040376957380539,0.00947239955748,0,0,0
2021-04-07,4070.0,0.0014752892,-0.0052379554046005,-0.014260122781078176,-0.009508134386945973,4042.7686023351193,4006.4581132995995,4025.542063197956,0.00594001393422919,0.0032723063036335,0.0089087222136572,0,0,0
2021-04-08,4089.0,0.0046574418,-0.0062505159376739,-0.013416192075847337,-0.008598528265628784,4044.639740054659,4015.7607538833563,4035.154016738544,0.005364240403395011,0.0038994196563803,0.0083697671705805,0,0,0
2021-04-09,4119.5,0.0074313553,-0.0099125861393559,-0.013080609814732587,-0.008196953606331337,4048.667664403504,4035.8616849224977,4055.6196521869606,0.005109667128624146,0.0061791267815399,0.008153951480349,0,0,0
2021-04-12,4120.25,0.00018204436,-0.0053155248316014,-0.013374705263134863,-0.008799005117288504,4097.660790308784,4064.769718218549,4083.411502693713,0.005488560086640504,0.003315667742135,0.0083427469923377,0,0,0
2021-04-13,4132.75,0.0030292037,-0.0103150003212701,-0.012595567501716797,-0.008210424997660568,4077.9680639148987,4068.6785804571796,4086.559492355705,0.005120513227935156,0.0064330525650339,0.0078553509744341,0,0,0
2021-04-14,4118.0,-0.0035754363,-0.0074857819120931,-0.012157042742689054,-0.008914363589914346,4101.928639721173,4082.8121449643586,4096.072883331772,0.005563394478797945,0.0046718262430245,0.0075871287715601,0,0,0
2021-04-15,4162.5,0.010748247,-0.008774297665889,-0.011866411769933407,-0.008708265178688356,4082.0254985051297,4069.4229042591346,4082.2950537012143,0.005446698815533745,0.0054879997018116,0.0074220030747464,0,0,0
2021-04-16,4176.25,0.0032978593,-0.0072703311510032,-0.013480846213458431,-0.008868657992173644,4132.346990583925,4106.7625159718555,4125.747425008208,0.00553177234791553,0.0045348255459619,0.0084085971491876,0,0,0
2021-04-19,4155.5,-0.0049809567,-0.0087025782746936,-0.01291589071200712,-0.008757133373449268,4140.0635435960685,4122.656858029248,4139.837688181432,0.005463243749839585,0.0054292088905324,0.0080577348998615,0,0,0
2021-04-20,4126.5,-0.007003168,-0.0137772009328805,-0.012685327206953194,-0.008962446049876269,4098.641416948931,4103.1190598895855,4118.422954136859,0.005598708309009652,0.0086064149126876,0.007924337445474,0,0,0
2021-04-21,4164.75,0.009226659,-0.0105323003340556,-0.012973667232153986,-0.010425054808857937,4083.266536238195,4073.3099432740837,4083.70447178529,0.006510720226328748,0.006577697870369,0.0081023955467623,0,0,0
2021-04-22,4127.75,-0.008923786,-0.0136782580001091,-0.013795904245621165,-0.010515014794372113,4108.171306108816,4107.688023607475,4121.18702617184,0.00657027356139451,0.0085468160208534,0.0086203269033011,0,0,0
2021-04-23,4171.5,0.010543219,-0.0125279360409974,-0.01425473609161997,-0.011534749214584406,4076.3603870270704,4069.3274017316808,4080.4109856307978,0.00719477937007272,0.0078142778920058,0.0088913663617535,0,0,0
2021-04-26,4179.5,0.0019159388,-0.0056669916835986,-0.015084495453641768,-0.011810056248321606,4147.927001272542,4109.047245574479,4122.524123539153,0.0073696114737226,0.003536268249262,0.0094128993489149,0,0,0
2021-04-27,4179.0,-0.000119638695,-0.0069453649178386,-0.014146599121807537,-0.009884442526731365,4150.572419910034,4120.790537689911,4138.391474586845,0.006177272385246588,0.004340498798632,0.0088409028494997,0,0,0
2021-04-28,4176.25,-0.00065826875,-0.005605278661042,-0.01330773881440833,-0.009061816929667952,4155.641068295999,4123.75536537633,4141.301732421145,0.005657451346744225,0.0034994738423777,0.0083082548965656,0,0,0
2021-04-29,4203.5,0.006503797,-0.0107241244898097,-0.012667224721643158,-0.008204372122303242,4131.70266760511,4123.6821500521255,4142.126662611395,0.005129347890886841,0.0067046892209919,0.0079195094323817,0,0,0
2021-04-30,4174.5,-0.006922921,-0.0068430910096313,-0.012788226394712294,-0.008956644100863873,4174.833263351754,4150.0869473777775,4166.018849749418,0.005602192035904973,0.0042802091412152,0.0079987659725027,1,0,0
2021-05-03,4185.75,0.0026913087,-0.005713860125334,-0.013133086841413608,-0.008552228307789952,4150.715506252042,4120.034362793466,4138.950951392032,0.005345594515823455,0.003571464447733,0.0082088731110402,0,0,0
2021-05-04,4158.25,-0.006591587,-0.0165942776896976,-0.012523190492822592,-0.008072600522765202,4116.863642594984,4133.657915741491,4152.096132236681,0.0050433182184459625,0.0103671949031036,0.0078238028238126,0,0,0
2021-05-05,4160.0,0.0004207616,-0.0073216179443812,-0.012715813439279362,-0.010491087175051933,4127.916064433112,4105.70922605544,4114.853473155722,0.006555169193719776,0.0045747827271253,0.0079452498239144,0,0,0
2021-05-06,4194.25,0.008199465,-0.0128709273874086,-0.012050777872315727,-0.009616573305433264,4106.800042887685,4110.169614538843,4120.1867951723625,0.006012024016492941,0.0080465590091138,0.0075338235028948,0,0,0
2021-05-07,4225.25,0.0073638908,-0.0086771582063098,-0.012765009470359513,-0.010517598352833687,4158.013272466296,4141.05062666228,4150.367735644418,0.006578480515730632,0.005427333719845,0.0079841769258333,0,0,0
2021-05-10,4183.5,-0.009930214,-0.014569151453427,-0.013071209865214217,-0.009959543654335096,4164.137949151021,4170.380258704429,4183.377300783345,0.00623710931418575,0.0091238507891272,0.0081857731265145,0,0,0
2021-05-11,4146.25,-0.008943905,-0.021106011576694,-0.013991261976935315,-0.011337592186403248,4096.128278241328,4125.375123889174,4136.33704545732,0.0070814731926152,0.0131828392418831,0.0087389584129993,0,0,0
2021-05-12,4058.75,-0.021329267,-0.019106051746782,-0.01440947910963775,-0.014455086135640283,4067.783512276292,4086.9330864972567,4086.746697884058,0.009035748106624757,0.0119430260931069,0.0090072395529583,1,1,1
2021-05-13,4107.0,0.011817791,-0.023659636698021,-0.019376273381913257,-0.01578803000676442,3963.848543484434,3980.8635616637257,3995.173527432188,0.009884738678504774,0.0148130783820462,0.0121313044668283,0,0,0
2021-05-14,4169.0,0.014983364,-0.0145841516407178,-0.019155992944802094,-0.018928769260914236,4047.537547876656,4029.0750844200566,4029.990689723065,0.011853736306839831,0.0091330125812778,0.0119960302718805,0,0,0
2021-05-17,4157.75,-0.0027021363,-0.0111943733825305,-0.020284263886172882,-0.016361862711000312,4122.590902393151,4085.286804439306,4101.342405871997,0.010211866219010317,0.0069867010503147,0.0126599393244778,0,0,0
2021-05-18,4123.0,-0.008393009,-0.0164977348529537,-0.01827168117361837,-0.013651803693103176,4089.719262466584,4082.4707511642105,4101.374899654311,0.008493224664146138,0.0102637696604469,0.0113673985275359,0,0,0
2021-05-19,4111.5,-0.0027931284,-0.0187500219060261,-0.017430684896835996,-0.01402677813623841,4046.413898943236,4051.7560057993587,4065.5713051158245,0.00872737233685132,0.0116661446348286,0.0108452615207482,0,0,0
2021-05-20,4154.25,0.010343981,-0.0204270530658241,-0.01593686257334106,-0.015154999499291739,4028.3661517977703,4046.4949536204927,4049.659995757608,0.009441034818588857,0.0127253398619129,0.0099281081771735,0,0,0
2021-05-21,4151.75,-0.0006019745,-0.0103514416208839,-0.016284617973261476,-0.016338480307217615,4111.469326472143,4087.1474781477336,4086.9273407739474,0.010178818436251782,0.0064489134136846,0.0101452623828378,0,0,0
2021-05-24,4193.75,0.01006539,-0.0140851708524691,-0.014891097370536769,-0.013387832213635376,4093.681802176151,4090.383924557262,4096.537480243505,0.008341161347083681,0.0087756315441439,0.0092777563851058,0,0,0
2021-05-25,4185.5,-0.0019691507,-0.008445427102216,-0.0154813900682134,-0.013012938425396726,4158.48113005493,4129.324902179785,4139.53053188788,0.00811176106316775,0.0052645516708106,0.0096504980699789,0,0,0
2021-05-26,4193.0,0.0017902971,-0.0063030152584345,-0.014350193249280541,-0.01134825055753555,4159.201696006357,4125.866168014759,4138.270390872807,0.007087571967801345,0.0039365604444326,0.0089624411172871,0,0,0
2021-05-27,4199.0,0.0014299335,-0.0090029304872213,-0.013452100108615838,-0.0098624345806756,4155.420130771266,4136.973029333159,4151.850064621862,0.006156073724698145,0.0056195763190421,0.0083967218584061,0,0,0
2021-05-28,4202.5,0.0008331846,-0.0039306151488333,-0.012678925148301993,-0.009667902341796967,4182.5277412525975,4146.0972768327065,4158.600083963808,0.0060308005932654075,0.0024519027327158,0.0079090651315097,0,0,0
2021-06-01,4198.5,-0.00095226767,-0.0106065936900827,-0.011977301037335238,-0.008359557346874266,4158.161346730889,4152.4656288947845,4167.515391901797,0.005212335669178793,0.006613403596062,0.0074680644951539,0,0,0
2021-06-02,4206.25,0.0018441958,-0.0062793384045734,-0.011397163015958793,-0.009025840220420682,4172.218798343629,4150.920660846454,4160.775513532439,0.005628233272856429,0.0039156001521261,0.0071069164239646,0,0,0
2021-06-03,4191.25,-0.0035724957,-0.0123488908611635,-0.011062111799204837,-0.008517529935290705,4154.62687798618,4159.976405955169,4170.5752856116615,0.0053203123760998585,0.007713498793534,0.0069097368319494,0,0,0
2021-06-04,4228.25,0.008789177,-0.0118865470741342,-0.010890478032530765,-0.009608943756936245,4141.725430746578,4145.85293052308,4151.169389039412,0.005989982481970012,0.007409785148735,0.006788859866939,0,0,0
2021-06-07,4225.5,-0.00065059884,-0.0046964933653879,-0.012653589179396381,-0.010297403836186996,4208.438610372825,4175.084537883286,4184.933409204811,0.006433732059420006,0.0029343298963924,0.0079058570165155,0,0,0
2021-06-08,4225.75,5.9162845e-05,-0.0082851959047392,-0.011914511850193413,-0.008981542469799582,4190.6355336091165,4175.453959274527,4187.718414730598,0.005622400720665144,0.0051864912493919,0.0074584249017525,0,0,0
2021-06-09,4218.5,-0.0017171452,-0.0045259461188797,-0.011270993926650796,-0.008953837079194199,4206.667698496137,4178.389001552892,4188.082210244548,0.005598778142735163,0.0028300457090583,0.0070476817799227,0,0,0
2021-06-10,4238.0,0.004611845,-0.0106328382619296,-0.010800325948939078,-0.007948367698829817,4173.882994847341,4173.183979378562,4185.102713645454,0.0049577413644317486,0.0066321619821692,0.0067366313103864,0,0,0
2021-06-11,4245.75,0.0018270228,-0.0043506096584901,-0.011112411245957621,-0.008751000710452308,4219.602166183276,4191.166300742746,4201.0750597208125,0.0053981385347937425,0.0026837152029127,0.0068547972221772,0,0,0
2021-06-14,4254.75,0.0021175232,-0.0062795427345345,-0.010657770087289525,-0.007776809819337715,4219.172167089782,4200.740051541645,4212.859666407913,0.004797199560661385,0.0038735960306444,0.0065743474725642,0,0,0
2021-06-15,4236.5,-0.004298549,-0.0077664231537859,-0.01038128197876702,-0.007591037020222415,4221.833797117814,4210.808718549798,4222.574313160263,0.004682603831692582,0.004790792446616,0.0064037931368475,0,0,0
2021-06-16,4213.0,-0.0055624736,-0.0125956662856116,-0.010729666165565683,-0.00782111219532923,4183.473115314167,4191.2867645174965,4203.49509396282,0.004824527905262829,0.0077697572880494,0.00661869725649,0,0,0
2021-06-17,4212.25,-0.00017803627,-0.0106710390072472,-0.011243442789759835,-0.009283286458577681,4168.281931131483,4165.896673517892,4174.070490620081,0.00572648409246752,0.0065825325328228,0.0069356252839356,0,0,0
2021-06-18,4153.5,-0.014045594,-0.0156785103710076,-0.010470897032769638,-0.009808525021249657,4146.723218141277,4168.374074997989,4171.136003930044,0.006050482526353229,0.0096714391647587,0.0064590730405197,0,1,1
2021-06-21,4213.75,0.014401635,-0.0189041286565974,-0.015489453043962915,-0.011496628610014787,4075.719207021194,4089.6602545327714,4106.0221933604735,0.007091805380132961,0.011661192673198,0.0095548173433039,0,0,0
2021-06-22,4236.25,0.005325456,-0.0099931567550206,-0.017985375434954272,-0.014266059966610409,4171.851035861529,4138.641575490132,4154.06315019284,0.008800155615740728,0.0061643743782444,0.0110944509560143,0,0,0
2021-06-23,4231.5,-0.0011219038,-0.0045822480940727,-0.015798237019020233,-0.012837262376265555,4216.882857924058,4169.850596202674,4182.215715450248,0.007918788148629376,0.0028266035886678,0.0097452936933621,0,0,0
2021-06-24,4256.0,0.005773212,-0.0068323819071566,-0.013685744327172764,-0.00977158955944137,4202.687317669303,4173.983250380351,4190.352882557787,0.006027698533266636,0.0042146201649141,0.0084421823599678,0,0,0
2021-06-25,4271.25,0.0035767725,-0.0058544787233694,-0.013077152745527284,-0.008684724355969002,4231.15613345747,4200.705970144824,4219.1978527082765,0.005357255331269983,0.0036113912275201,0.0080667668186449,0,0,0
2021-06-28,4280.5,0.0021633008,-0.0045819821648027,-0.012192263625672429,-0.007871383033668026,4251.723976785323,4219.489971128824,4237.761329204288,0.004855537952981019,0.0028264395476527,0.0075209144967267,0,0,0
2021-06-29,4282.0,0.00035036498,-0.0051419256421332,-0.011406534439080919,-0.007125119411274491,4258.546477349184,4231.951739416109,4250.109323530465,0.0043951980958095195,0.0031718460402694,0.0070362299285966,0,0,0
2021-06-30,4288.5,0.0015168312,-0.0066346721543348,-0.010733518796491117,-0.00683265145831778,4253.684370163978,4236.284853601662,4252.8423120508,0.004214786440127427,0.0040926610118154,0.0066210737887458,0,0,0
2021-07-01,4310.75,0.0051748813,-0.0057560972389681,-0.010329978630174923,-0.007012423417492903,4263.885885569618,4244.427910420963,4258.532417664412,0.004325680493551454,0.0035507036673624,0.0063721461752985,0,0,0
2021-07-02,4342.75,0.007395885,-0.0069032423369475,-0.010990042051575262,-0.006978071369603365,4281.094326017483,4263.634053567536,4280.773987855805,0.004304490104063758,0.0042583310991606,0.0067793126135566,0,0,0
2021-07-06,4334.0,-0.002016885,-0.0112089995772994,-0.012254633370772023,-0.007322878857816298,4294.34391579178,4289.855951465127,4311.064723154455,0.004517187902954859,0.0069143786587099,0.0075593878708661,0,0,0
2021-07-07,4349.75,0.003627469,-0.0071116248367643,-0.01130661605797045,-0.00874970040319482,4303.287555091051,4285.273113205998,4296.244215228144,0.005397336427818099,0.0043868738383806,0.0069745943189957,0,0,0
2021-07-08,4313.0,-0.008484654,-0.0171070819243615,-0.011030505808053953,-0.008510546782308968,4275.971338485088,4302.033708586839,4312.888328113998,0.005249812228088872,0.010552667198789,0.0068042730689762,0,0,0
2021-07-09,4360.0,0.01083834,-0.0147427433656862,-0.012731390747273022,-0.011023057892089301,4249.880964962714,4258.437576466336,4265.7186227445,0.006799678750737296,0.0090942023322921,0.0078534802211002,0,0,0
2021-07-12,4376.5,0.003777261,-0.0092737717325603,-0.014808752402177333,-0.0122294027009545,4319.753263215065,4295.909560495441,4307.004516270948,0.007543824090733164,0.0057206148426683,0.0091349206381542,0,0,0
2021-07-13,4361.25,-0.0034906047,-0.0061562065438754,-0.013162499565473882,-0.011268435021137889,4349.640124361693,4319.27178009819,4327.460512179698,0.006951041981035305,0.0037975149211164,0.0081194138212929,0,0,0
2021-07-14,4367.75,0.0014892889,-0.0088505944513784,-0.012140016496773605,-0.00947495487045625,4322.820657070463,4308.624436983073,4320.122501351885,0.005846213343774924,0.0054609720140542,0.0074906031118297,0,0,0
2021-07-15,4352.0,-0.003612493,-0.0093500958164075,-0.011192179340181569,-0.009158683171380742,4327.101449059731,4319.137903784363,4327.929790268357,0.0056573965351791305,0.00577563375493,0.0069135044236606,0,0,0
2021-07-16,4318.5,-0.0077273897,-0.0124339227913446,-0.010951689984944309,-0.009085653197922467,4298.222592917254,4304.598283415206,4312.638321335661,0.005615172119584908,0.0076844906000808,0.0067684318261078,0,0,0
2021-07-19,4251.25,-0.015695062,-0.0202872588908891,-0.01230345830189775,-0.009956697461559732,4231.772181877051,4265.693035602066,4275.715352365527,0.006149829334618363,0.0125305785706421,0.0075993238796684,0,1,1
2021-07-20,4315.5,0.015000136,-0.0161486613621075,-0.017667180425513303,-0.013127127112936437,4183.149350478179,4176.801978966426,4195.807994141968,0.0081073311494531,0.0099734347170267,0.0109112741085305,0,0,0
2021-07-21,4350.5,0.008077588,-0.0094267686309083,-0.01978018116651128,-0.014577627808518243,4275.00992509923,4230.97732094091,4253.046564640333,0.00899234922070711,0.0058149924435854,0.0122015940477083,0,0,0
2021-07-22,4359.5,0.0020665908,-0.0078248745270973,-0.01734066242323538,-0.012905853150469503,4316.590724301805,4275.709778221943,4294.713844151044,0.00796109902410667,0.0048268487356192,0.0106967535648707,0,0,0
2021-07-23,4403.0,0.0099287545,-0.0078939435762604,-0.014377705435045903,-0.010913856004298025,4325.221825966796,4297.26883585301,4312.179737714585,0.006736865959567562,0.0048727452281496,0.0088750185345954,0,0,0
2021-07-26,4414.25,0.0025518173,-0.0102824933449212,-0.015204582641782451,-0.009592096423376483,4357.958149918459,4336.5605942921375,4360.967909654262,0.005919319220723869,0.006345365789404,0.0093828058332744,0,0,0
2021-07-27,4394.5,-0.004484185,-0.0124529068213533,-0.013131703591957497,-0.009705388945398583,4359.620609388069,4356.662317150555,4371.6152150960825,0.005993779192920235,0.0076905700757711,0.0081097761460026,0,0,0
2021-07-28,4393.75,-0.00017068244,-0.0072269846593894,-0.012271823749680501,-0.010289893680063776,4362.855500800185,4340.901021793911,4349.5129153246135,0.006354335229700608,0.0044628919067101,0.0075782398156701,0,0,0
2021-07-29,4411.75,0.0040883594,-0.0101055423602513,-0.011105809773412448,-0.009236314665686291,4349.5723686753245,4345.223808397896,4353.354781088351,0.005713006684790236,0.0062506565818973,0.0068693594547214,0,0,0
2021-07-30,4389.5,-0.0050561107,-0.0088599363611995,-0.011072782402970334,-0.009342433960911228,4372.834823317749,4363.169111397999,4370.7254499362825,0.005776675550823037,0.0054783344440785,0.0068465960427922,0,0,0
2021-08-02,4379.75,-0.0022236803,-0.0103643934250154,-0.011388556066593728,-0.009176368275156645,4344.240444132708,4339.793512942892,4349.404577990432,0.005672831197853394,0.0064072683882394,0.0070404057701109,0,0,0
2021-08-03,4415.0,0.008016189,-0.0114219741094819,-0.010749999608525122,-0.009573254976997214,4330.009218622741,4332.9198522328215,4338.021593542417,0.005923905359065283,0.007067887965049,0.0066520718860939,0,0,0
2021-08-04,4394.75,-0.0045971875,-0.0051316559689752,-0.012603188849907642,-0.010090947826010915,4392.40177165525,4359.706092911083,4370.672494764401,0.006237659124094334,0.0031721024851681,0.0077905859070711,0,0,0
2021-08-05,4421.5,0.006068358,-0.0048444108570425,-0.012008104492964636,-0.008880889784232064,4373.51151090554,4342.292967874553,4355.893505129555,0.005490083377060413,0.0029947696868304,0.0074232983933524,0,0,0
2021-08-06,4429.5,0.0018077058,-0.003931493522456,-0.012254063409363905,-0.008037970952650856,4404.151027423512,4367.649277578736,4386.102563797325,0.004970968989491307,0.0024313763383369,0.0075783514971672,0,0,0
2021-08-09,4425.75,-0.0008469552,-0.0050806614056064,-0.011159713881921277,-0.007322667247119881,4407.052283215136,4380.342847404176,4397.182714202193,0.004528842467202022,0.0031422314245174,0.0069019367458145,0,0,0
2021-08-10,4430.0,0.00095982844,-0.0055812923802709,-0.010400742882724858,-0.007043270012780333,4401.117400062967,4379.957463189061,4394.687766001832,0.00435653585972941,0.0034522459531104,0.0064332631368948,0,0,0
2021-08-11,4440.5,0.0023673987,-0.0052103705075384,-0.009943428113929419,-0.00694653617229563,4406.978087082793,4386.168890336997,4399.333481114107,0.004299649830573605,0.003225027281843,0.0061546154723684,0,0,0
2021-08-12,4454.5,0.0031478384,-0.0058156945107556,-0.00982877632059264,-0.006802315388289736,4414.750357129315,4397.069104661925,4410.396820256207,0.004219503548189838,0.0036074986563496,0.006096829416422,0,0,0
2021-08-13,4462.5,0.0017943259,-0.0027420129104487,-0.010002911513763499,-0.006866787270140488,4442.302434074448,4410.164144163372,4424.016677132859,0.0042585465117854215,0.001700502586681,0.0062034634624358,0,0,0
2021-08-16,4474.0,0.002573716,-0.0105312631093774,-0.009741442307723468,-0.006250369358679084,4415.750834324974,4419.2398638615205,4434.694713913615,0.0038773857507692524,0.0065330170386173,0.0060430556065394,0,0,0
2021-08-17,4443.5,-0.006840509,-0.0141321418944653,-0.009714272636688594,-0.0076050044825284905,4411.21746788405,4430.748761508679,4440.104261931408,0.004721045906640706,0.0087729719024108,0.0060304405043799,0,0,0
2021-08-18,4394.5,-0.011088595,-0.0147917637792992,-0.011443065369958089,-0.009562485380160751,4378.256520298155,4392.942556773026,4401.2116095121655,0.00592818142064903,0.0091700280553628,0.0070940309788288,0,0,1
2021-08-19,4401.5,0.0015916328,-0.0172615647194186,-0.01477387261979381,-0.01130595132829013,4319.294999176017,4330.053451531558,4345.095803860891,0.0069985786902816574,0.0106852060033157,0.0091452817270762,0,0,0
2021-08-20,4437.0,0.00803308,-0.0161405481726128,-0.012453394675729071,-0.013568197954737328,4331.027638424114,4347.026278722234,4342.182899781748,0.008401204251243636,0.0099939610534509,0.0077109364590027,0,0,0
2021-08-23,4475.5,0.008639605,-0.0097950083640982,-0.013306728216448856,-0.013980284201927862,4393.75170238441,4378.349137879547,4375.401067567869,0.00864829720129347,0.0060592576086683,0.0082316309690484,0,0,0
2021-08-24,4482.5,0.0015628492,-0.0038720396095572,-0.01407181601751618,-0.011816075734286259,4458.204193360837,4412.962626566862,4422.928359959356,0.007310645175269353,0.0023956437252618,0.0087062791563892,0,0,0
2021-08-25,4493.0,0.0023397035,-0.0051137843893694,-0.012053266885376647,-0.008992573400064405,4459.635972155,4428.795538476142,4442.37148944276,0.005565598695679929,0.003164975192447,0.0074598942339969,0,0,0
2021-08-26,4466.5,-0.005915526,-0.0042766784387814,-0.010974909003429786,-0.00783563759294143,4473.825913699747,4443.959334507298,4457.932049592868,0.004856616950397098,0.0026507337470398,0.0068023729355653,1,0,0
2021-08-27,4505.5,0.008693769,-0.0092020759424942,-0.011542756066276548,-0.0069735113325469856,4425.587456667863,4415.240686036138,4435.461162260966,0.0043185831750426375,0.0056986973198487,0.0071482427953891,0,0,0
2021-08-30,4525.25,0.0043739513,-0.0077103221480505,-0.013157146798169542,-0.0077628793599949465,4470.894723912733,4446.6087450992645,4470.659752325927,0.0048023909746055075,0.0047698772295648,0.0081394750716737,0,0,0
2021-08-31,4520.5,-0.0010502171,-0.0072462901162589,-0.012065497648032157,-0.008152214711007051,4492.577246742812,4470.978670450806,4488.50915349227,0.0050390209463124815,0.0044790537262941,0.0074578869094344,0,0,0
2021-09-01,4521.25,0.00016589709,-0.0050365247636509,-0.010792648567809706,-0.008181437801279353,4497.789628487195,4471.974164322982,4483.666690590032,0.005058014542158151,0.0031137333211165,0.0066723447308794,0,0,0
2021-09-02,4535.25,0.0030917046,-0.0064536273237294,-0.01008224312222849,-0.007505785083617849,4492.165488706716,4475.894684147099,4487.441507551587,0.004658080148902098,0.0040051124552831,0.0062570265496358,0,0,0
2021-09-03,4534.5,-0.00016538493,-0.0076224033736382,-0.009908962810835874,-0.007386548237900312,4500.81191233804,4490.532295341249,4501.873577137182,0.004561572190784981,0.0047072248276574,0.006119292495175,0,0,0
2021-09-07,4519.25,-0.003368773,-0.0088885632753614,-0.009441196724980084,-0.007609083481061869,4494.373407892669,4491.890352985184,4500.1275482242545,0.004708536834234713,0.0055002849803961,0.0058422571719007,0,0,0
2021-09-08,4512.5,-0.0014947272,-0.0082324725435422,-0.009587405022563295,-0.008072532298551604,4482.198122003118,4476.12915863647,4482.915063201195,0.004991411409779486,0.0050903057262348,0.0059280881203022,0,0,0
2021-09-09,4492.25,-0.004497634,-0.0103367701464559,-0.009272723602678341,-0.008248111359446917,4466.095573845023,4470.85023654716,4475.43347205582,0.005105724615222332,0.0063986407892284,0.0057399774427297,0,0,0
2021-09-10,4458.25,-0.0075973775,-0.0138543862005142,-0.009819920818580595,-0.008899997189410109,4430.441779707898,4448.352349187014,4452.44637643139,0.00551390459080138,0.0085833469435976,0.0060838341103416,0,0,0
2021-09-13,4469.0,0.0024083576,-0.0121483797767468,-0.011419038808627078,-0.01038179473118053,4404.417138947474,4407.630632531409,4412.204793150979,0.006420659429713559,0.0075132104986669,0.007062146873765,0,0,0
2021-09-14,4434.75,-0.0076934258,-0.012026829438984,-0.010584614369236005,-0.010963735203851344,4415.57401581711,4421.946817575064,4420.270683155777,0.006790601970797224,0.0074490499973146,0.0065557861312278,0,0,0
2021-09-15,4472.0,0.008364491,-0.0102005511716866,-0.011851609088948214,-0.011097926811643993,4389.743043822951,4382.501303726941,4385.805562313979,0.006866642017152092,0.0063114070278534,0.0073329693304202,0,0,0
2021-09-16,4464.25,-0.0017345088,-0.0113109822560241,-0.012821042220899134,-0.010684395714370552,4421.702281898858,4415.030285131804,4424.473729225017,0.006605151154240041,0.0069925103394926,0.0079260375680424,0,0,0
2021-09-17,4421.75,-0.009565682,-0.0147231623839441,-0.011312855641835892,-0.010851605022959867,4399.003617495252,4414.031178923132,4416.067623155625,0.006713204992753629,0.0091082938437116,0.0069985517180535,0,0,0
2021-09-20,4348.25,-0.01676208,-0.0291804974726357,-0.013079627922425415,-0.011801846324244815,4294.585519961254,4364.291740705291,4369.871916744543,0.007298918899482165,0.0180468444214334,0.0080891701873007,0,1,1
2021-09-21,4343.25,-0.0011505495,-0.0174142717181346,-0.01837679589510999,-0.017542094196210726,4273.183900742471,4269.072836741984,4272.637726694407,0.010857609215278653,0.0107784940024451,0.0113742445016138,0,0,0
2021-09-22,4384.0,0.009338634,-0.019452839384951,-0.014875308875089982,-0.017297826650161482,4259.577923606062,4279.120966823742,4268.767266295184,0.010706979615266041,0.0120408857694137,0.0092074936416875,0,0,0
2021-09-23,4438.0,0.012242275,-0.013426627442818,-0.014886008112395996,-0.016966480146194347,4325.531063969241,4319.223071549484,4310.24638984687,0.010500919495658264,0.0083100285186054,0.0092132706049256,0,0,0
2021-09-24,4445.75,0.0017447592,-0.0108034375466702,-0.01638057174345868,-0.01413549674509289,4390.312402973649,4365.895193852669,4375.707967082134,0.008733180071813756,0.0066745702108005,0.0101202303176611,0,0,0
2021-09-27,4433.0,-0.002872028,-0.0117111378054706,-0.01361258611132364,-0.012265511305529966,4393.988891427272,4385.64188690742,4391.55365550381,0.007588830270605895,0.0072458322256263,0.0084222828522662,0,0,0
2021-09-28,4343.5,-0.020396082,-0.0197282937821878,-0.01194430435924188,-0.011517384453845344,4346.401502661801,4380.365863606636,4382.236328227609,0.007133997414999308,0.0122199269641889,0.0073984364040524,1,1,1
2021-09-29,4349.75,0.0014378974,-0.0090005709276081,-0.02021497980111621,-0.013611515126830774,4304.581427594941,4256.5777608987,4284.778932017087,0.008444771930738773,0.0055840784822156,0.0125416525944577,0,0,0
2021-09-30,4297.75,-0.012026742,-0.0202720461397229,-0.016358004476347093,-0.012438450074904728,4262.459435836112,4279.17557214286,4295.980946866485,0.0077191193041280136,0.0125805338887858,0.0101515371585676,0,0,0
2021-10-01,4343.75,0.0106464,-0.0261559024004884,-0.0169260364929306,-0.014936745036447848,4186.7958489589455,4225.618300630685,4234.032653539834,0.00925845286558403,0.0162125810503442,0.010491503382334,0,0,0
2021-10-04,4291.25,-0.012159965,-0.0210938959034064,-0.016582924459890232,-0.018742003163502646,4253.083011527847,4272.311885383046,4263.097578562404,0.011612875736747446,0.0130701499617271,0.0102750724895612,0,0,0
2021-10-05,4334.0,0.009912837,-0.022300987531262,-0.017112538304066303,-0.018716095307474197,4196.610091240615,4218.44057382757,4211.681484642706,0.011595061281352488,0.0138159863375133,0.0106016199990124,0,0,0
2021-10-06,4354.0,0.0046040597,-0.0216565878865602,-0.0163772960782139,-0.01888669862614722,4241.149390732895,4263.598862484926,4252.913189570856,0.011704478918689759,0.0134210367511277,0.0101493501054344,0,0,0
2021-10-07,4390.0,0.008234264,-0.0153313667157516,-0.014320177836592786,-0.0185051523989114,4287.7563298665755,4292.0942542446965,4274.169482489738,0.01147806032038783,0.0095094786664786,0.0088822756745717,0,0,0
2021-10-08,4382.25,-0.0017669359,-0.0079561618698666,-0.01404926750575405,-0.015518472669808228,4355.2110262576025,4328.754947101048,4322.39978763856,0.009625548556544678,0.0049349200808353,0.0087142536148947,0,0,0
2021-10-11,4351.0,-0.007156587,-0.0150244450067451,-0.012333105960184353,-0.011924428432978187,4316.901269355063,4328.535162654757,4330.304499220876,0.0074054420699428735,0.0093306490752031,0.0076592435640793,0,0,0
2021-10-12,4340.75,-0.0023585595,-0.0124136852636936,-0.012496711951625628,-0.012441417394567795,4297.321916149328,4296.965138554889,4297.202743907999,0.0077303522934583984,0.0077131212067818,0.0077647090224718,0,0,0
2021-10-13,4355.0,0.0032774662,-0.0102457411820421,-0.01138086558877826,-0.012158244304135483,4296.502858414828,4291.628560147475,4288.293635868118,0.007563533393707691,0.0063737825655718,0.0070799331529096,0,0,0
2021-10-14,4429.0,0.016849214,-0.013337486801525,-0.01079641815013734,-0.011354735615940885,4297.300880930751,4308.2345031439645,4305.8298119271,0.007068839283298219,0.0083031920629425,0.0067212612710649,0,0,0
2021-10-15,4462.5,0.007535322,-0.0081960829919089,-0.016585955487911343,-0.011739603328897761,4392.84790359859,4356.146644518225,4377.309304644835,0.0073078659850312,0.0051020357697799,0.0103247048936473,0,0,0
2021-10-18,4477.5,0.0033557077,-0.010764963152532,-0.015278951290344149,-0.011182867908902492,4414.7189937397225,4394.835914324125,4412.874447123447,0.006955087798376121,0.006695175556222,0.0095026113656282,0,0,0
2021-10-19,4511.25,0.007509422,-0.0084383833907272,-0.013497880658014655,-0.011304720184774608,4439.8761040519985,4417.469294430872,4427.168145159611,0.007050122499657741,0.0052625483542555,0.0084178741772777,0,0,0
2021-10-20,4528.0,0.0037060638,-0.0065908539246859,-0.013314899601307353,-0.010426763015968761,4481.614778218986,4451.581282202836,4464.456640914042,0.006489550945868983,0.0041021055389409,0.0082871087766625,0,0,0
2021-10-21,4541.75,0.0030320594,-0.0074282014994081,-0.012181431705053978,-0.00936775959843888,4494.48971825943,4473.177066069442,4485.780842740542,0.005820074208638503,0.0046150505367878,0.0075681741985235,0,0,0
2021-10-22,4536.5,-0.0011566107,-0.0089964327352842,-0.011269577172576739,-0.008824128394860567,4501.073696784487,4490.85372628405,4501.849318138554,0.005476621910934587,0.005583561167016,0.0069943693596128,0,0,0
2021-10-25,4558.0,0.0047281412,-0.0088910240795435,-0.010313373020553003,-0.008824515769632696,4496.344644901788,4489.953819926694,4496.643699129583,0.005466263456732485,0.0055074614049854,0.0063885221047371,0,0,0
2021-10-26,4565.25,0.0015893462,-0.0072575028440105,-0.010541126290433458,-0.008791151816497735,4525.040050172095,4510.205890792836,4518.10554605545,0.005475136763518658,0.0045199788903672,0.0065650223413657,0,0,0
2021-10-27,4544.5,-0.0045555667,-0.0070751638209552,-0.009852429175275243,-0.008463752488007197,4533.064102877024,4520.492047043642,4526.773909692952,0.005252853253096031,0.004391054363387,0.006114706770735,0,0,0
2021-10-28,4587.5,0.009417503,-0.0071888264521695,-0.010085138298455818,-0.00815670247665072,4511.94752542371,4498.898424610635,4507.5826322686,0.005031539981874828,0.0044344963936581,0.0062211140735703,0,0,0
2021-10-29,4597.0,0.0020687035,-0.01016296288504,-0.012386828423130764,-0.008053080303277756,4541.113519061719,4531.02591409806,4550.704850110483,0.004967619652571738,0.0062691209145814,0.0076409336540123,0,0,0
2021-11-01,4605.75,0.0019016061,-0.0082033933788441,-0.011031260753304531,-0.00898306306032301,4559.443257620258,4546.567970169117,4555.889783395935,0.005541288416134236,0.0050603417117219,0.0068047387641788,0,0,0
2021-11-02,4623.5,0.0038464712,-0.0074434142907833,-0.010241103201695734,-0.00890824942839904,4571.594768096597,4558.822742516495,4564.903037782757,0.005495138911319971,0.0045915413382974,0.0063173225167086,0,0,0
2021-11-03,4652.25,0.0061989794,-0.0085462197536571,-0.010194064756487979,-0.008556647849220023,4584.154918299315,4576.607161999171,4584.107114543003,0.005278250112397398,0.0052718174418532,0.0062883064016271,0,0,0
2021-11-04,4673.25,0.0045037875,-0.0041466620350492,-0.010801195994529018,-0.008624508971241245,4632.998633587839,4602.270540808665,4612.299153988986,0.0053201108949430505,0.0025579081596267,0.0066628211160222,0,0,0
2021-11-05,4690.25,0.0036311247,-0.0100565773846315,-0.010693382479942748,-0.007589631485788022,4626.488623537117,4623.543389877679,4637.916010249971,0.004681736814325846,0.0062034960005515,0.0065963153177808,0,0,0
2021-11-08,4694.0,0.0007992115,-0.0067336017734694,-0.010346743002932092,-0.008432712783505004,4658.773817253043,4641.971382559308,4650.864764449004,0.005201799581059953,0.0041536866941292,0.0063824874390678,0,0,0
2021-11-09,4678.25,-0.003360989,-0.0087149796244756,-0.009803535551711349,-0.008098733865601306,4653.269625626049,4648.207037349196,4656.138067039391,0.00499578148939287,0.0053759185831894,0.0060474047243196,0,0,0
2021-11-10,4642.0,-0.0077788006,-0.0115516417529626,-0.009731055662122293,-0.008364611720393584,4624.51946738529,4632.946471920422,4639.281460777194,0.005159790788556589,0.0071257407638327,0.0060026948107984,0,0,0
2021-11-11,4643.0,0.00021540119,-0.0057771853581031,-0.011140622099045941,-0.00930330592898413,4615.259622001382,4590.572232781631,4599.014318390106,0.005738833294372869,0.0035637120754628,0.0068721993568809,0,0,0
2021-11-12,4678.25,0.007563399,-0.0077241337051563,-0.01021998449254777,-0.00843395411728972,4607.274997175478,4595.79026429764,4604.005819739872,0.005202565309684545,0.0047647057955213,0.0063042952388659,0,0,0
2021-11-15,4679.0,0.0001603035,-0.0073637408512397,-0.011246167823171027,-0.00832469130469753,4643.927106903218,4625.93235330931,4639.46666651836,0.005135165498098497,0.0045423940146449,0.0069373062468737,0,0,0
2021-11-16,4696.0,0.0036266707,-0.008942452924877,-0.010347113171624317,-0.008248968209316011,4637.344790228816,4630.835469114102,4640.561833317804,0.0050930562771442376,0.0055212257880538,0.0063884874267727,0,0,0
2021-11-17,4686.25,-0.0020783935,-0.0048349040211864,-0.01010924410189415,-0.008528711190093966,4673.350089909764,4648.766141263241,4656.119478713924,0.005265073293583326,0.0029847562511618,0.0062407918327706,0,0,0
2021-11-18,4701.5,0.0032489176,-0.0087244115721426,-0.00972683333055507,-0.0075974258131060205,4645.543056535993,4640.888596352313,4650.78146865719,0.004697818787949932,0.0053946830947288,0.0060145240627046,0,0,0
2021-11-19,4694.5,-0.001489996,-0.0092622683900228,-0.009635793295105756,-0.00801962499907713,4658.154493902213,4656.41488210141,4663.946516762209,0.004958170768018313,0.005726440872514,0.0059573743969273,0,0,0
2021-11-22,4679.75,-0.003146921,-0.0154254440429089,-0.009298299174325553,-0.008444263489770041,4622.640907015756,4651.051446391666,4655.025306965419,0.005225197859843357,0.0095450594711767,0.0057536637747897,0,0,0
2021-11-23,4688.5,0.0018680121,-0.011360563333841,-0.009308476760293604,-0.01043965869322434,4626.886253268802,4636.390773139932,4631.149136844409,0.006459807021388883,0.0070296404267037,0.0057598591392271,0,0,0
2021-11-24,4699.0,0.0022370182,-0.0108743294776436,-0.009069744498019163,-0.01049703048694759,4637.791914149771,4646.168759868365,4639.542078504899,0.006509164499273925,0.0067431260180962,0.005624110454609,0,0,0
2021-11-26,4595.75,-0.022217756,-0.0258119431651836,-0.008953511048367621,-0.010346338231561952,4579.261666557749,4657.115239226429,4650.63319775566,0.0064138358874121955,0.0160011748786319,0.0055504033596331,0,1,1
2021-11-29,4651.0,0.011950287,-0.0146227311902355,-0.01941418557399984,-0.015014924203518918,4529.036538382661,4507.38777236177,4527.260630167562,0.009383844771343852,0.0091387367503394,0.0121332416547119,0,0,0
2021-11-30,4566.25,-0.018389951,-0.0187249882953936,-0.018212488555580754,-0.015352184821730973,4564.720392725186,4567.060410316761,4580.142290417418,0.009582447309749206,0.0116876663354323,0.0113677768988444,0,1,1
2021-12-01,4508.5,-0.012727795,-0.0336637203823598,-0.02119895097049087,-0.016612475687085532,4415.09158875224,4470.469104318663,4491.019892186052,0.010385809968844311,0.0210459301383536,0.0132531887760428,0,0,0
2021-12-02,4575.75,0.014806116,-0.017444869299322,-0.019583459985244526,-0.02364398055661006,4430.531856088643,4421.066886382947,4403.1514509559975,0.014757747558924545,0.0108884786426477,0.0122233123183542,0,0,0
2021-12-03,4537.5,-0.00839442,-0.02640861960067,-0.01982615091531958,-0.018862119407770044,4456.492404029811,4485.923885358559,4490.250542506337,0.011754390266927693,0.0164571761256711,0.0123551500396966,0,0,0
2021-12-06,4590.0,0.011503824,-0.0169435660981626,-0.01707476207411306,-0.020312929280455423,4461.266228587363,4460.680966803364,4446.2598974968405,0.012678057207280406,0.0105751119064117,0.010656996211009,0,0,0
2021-12-07,4685.0,0.020485891,-0.0185013451042239,-0.01683979344806931,-0.01663304066211512,4505.859581521491,4513.35252320255,4514.2857678828605,0.010366526719448417,0.0115309456800356,0.0104953851959864,0,0,0
2021-12-08,4699.0,0.0029838043,-0.0097034868923663,-0.022426772596492537,-0.016015949759258557,4639.759016535815,4581.09999602649,4610.562956503353,0.009978703948664045,0.0060457371822542,0.0139729536885592,0,0,0
2021-12-09,4667.0,-0.006833253,-0.0084014045162884,-0.01748370320829948,-0.01366428886873456,4659.68717289601,4617.558106159625,4635.228197022451,0.008528210448012311,0.0052435180829446,0.0109119985535533,0,0,0
2021-12-10,4711.0,0.009383732,-0.007675516307959,-0.015170949143885995,-0.011732427536465445,4631.315489105011,4596.73154763438,4612.564714126788,0.00731385225800659,0.0047848232691701,0.0094573846978595,0,0,0
2021-12-13,4668.75,-0.0090088295,-0.0132191433391698,-0.014876094551735287,-0.010379513556309738,4649.134421596464,4641.437411225556,4662.355004060729,0.006461315230140977,0.0082290033847368,0.009260466376453,0,0,0
2021-12-14,4628.0,-0.008766561,-0.0182475131556415,-0.014529631017172168,-0.011102008411948229,4584.3294975264525,4601.405217369768,4617.204158845143,0.006904966774001196,0.0113491602035044,0.0090367990807949,0,0,0
2021-12-15,4700.5,0.015544076,-0.0201633023265723,-0.01436943394436908,-0.0130737435448522,4535.618722493397,4561.973775531808,4567.888512161868,0.008143874530294177,0.0125600906657412,0.0089509838335761,0,0,0
2021-12-16,4659.25,-0.008814395,-0.0226957037135696,-0.018203350954677944,-0.015103162973067982,4595.020339882584,4615.70922828213,4630.0409986706645,0.009397626943651758,0.0141219264536912,0.011326654006282,0,0,0
2021-12-17,4610.0,-0.010626634,-0.0152128971064617,-0.01642209254746696,-0.017823728375316487,4588.905735838719,4583.360205434483,4576.940503651621,0.011089224027552264,0.0094648673144773,0.0102171812443155,0,0,0
2021-12-20,4558.5,-0.011234235,-0.0223422175255003,-0.016259857990660653,-0.016088034422638578,4508.144453535688,4535.648167884861,4536.427566093934,0.009997494356122315,0.0138839952567563,0.0101042696840724,0,0,0
2021-12-21,4640.75,0.01788237,-0.0106343218946308,-0.01654266136028713,-0.017405689710032295,4510.280290026999,4483.710591679189,4479.842691620293,0.010812330253080074,0.006605989320609,0.0102762212168586,0,0,0
2021-12-22,4686.0,0.009703349,-0.0137342022333853,-0.02084117314574554,-0.013994333475473126,4577.448692496627,4545.032225673221,4576.258109943227,0.008684827190463101,0.0085233907856259,0.0129339484109443,0,0,0
2021-12-23,4715.75,0.0063286303,-0.0098544521882422,-0.018410877027637693,-0.013912572248102474,4640.0488207555145,4600.515962923965,4621.257100874008,0.008626544129967,0.0061102911210481,0.0114157353735916,0,0,0
2021-12-27,4782.25,0.014003177,-0.0100577450850321,-0.015699650757486923,-0.012471048312422022,4668.55790944539,4642.29250922051,4657.304847562065,0.0077302400214328505,0.0062343422648953,0.0097315049679632,0,0,0
2021-12-28,4778.5,-0.0007844573,-0.0065414000644941,-0.01796515641809244,-0.011461207631795554,4751.0694828442665,4697.103258046299,4727.752539717654,0.0071067944720478345,0.0040561507400697,0.0111397226560472,0,0,0
2021-12-29,4784.5,0.0012548366,-0.0061589899730167,-0.014482662801947791,-0.010287023637722218,4749.159712429835,4709.793324524514,4729.595430048362,0.006374958478063082,0.0038167799285316,0.0089750327466584,0,0,0
2021-12-30,4772.25,-0.0025636344,-0.0072981330860448,-0.012139843750762325,-0.009197376563031798,4749.70919064926,4726.768054992971,4740.696897429928,0.005697235222853297,0.0045207653067082,0.0075199210277827,0,0,0
2021-12-31,4758.5,-0.0028853992,-0.0058893503943705,-0.010766580104152865,-0.008658973762534612,4744.22714677769,4721.144795906872,4731.105603662057,0.005364724757844178,0.003648786188151,0.0066705062777733,0,0,0
