DATE,ES1_LN_RET,ES1_CLOSE,ES1_LOW,ES1_VOLUME,VIX_LN_RET,VIX_CLOSE,gk_vol_daily,garch_vol,shape,gk_daily_VaR_ret_95,gk_daily_VaR_price_95
2006-01-03,0.0158137314002226,1274.75,1251.5,1149130,-0.0351486938036549,12.02,0.0109364650773986,0.0058112735552188,99.99884001442403,-0.0177292622346175,1232.7002486885615
2006-01-04,0.0045005457043147,1280.5,1270.75,902220,-0.015088299651202,11.84,0.0056621968153873,0.0074298257378075,99.99986195318426,-0.0091790694208386,1263.102519551656
2006-01-05,0.0005855372471383,1281.25,1275.75,761183,-0.0008449514655639,11.83,0.0041288270085346,0.0070278355094816,99.99999981666038,-0.0066933013764163,1271.9578470803283
2006-01-06,0.0081617242805753,1291.75,1280.25,899355,-0.0230878147460642,11.56,0.0048341333645817,0.0066102311115439,99.99979500298689,-0.0078366837448147,1271.2484894751217
2006-01-09,0.0025128069663438,1295.0,1290.25,774670,0.1394610094809225,13.29,0.0035284651892901,0.0067270015506309,99.99993189654776,-0.0057200461194655,1284.3822225274546
2006-01-10,0.0007719027785819,1296.0,1289.25,895506,-0.0189903162266471,13.04,0.0040146594097517,0.0064275231358267,99.99999527228758,-0.0065082226253579,1286.599218431111
2006-01-11,0.0028893403516052,1299.75,1293.5,836995,-0.0154562582366915,12.84,0.0036114836834979,0.0061548216511225,99.98998983706136,-0.0058546286050965,1288.4345693310029
2006-01-12,-0.004820215637741,1293.5,1290.5,761246,0.0116145324206931,12.99,0.0041511713366508,0.0059776898554076,99.99984225679226,-0.0067295240909613,1291.0326657164092
2006-01-13,-0.0005799903497534,1292.75,1287.75,761246,-0.0030840425369618,12.95,0.0043643697946637,0.0059583803487574,99.99983467656624,-0.0070751432049414,1284.3806008332092
2006-01-16,0.0015458940276698,1294.75,1288.75,716681,0.0,12.95,0.0034252254872481,0.0057583593471129,99.7889521004418,-0.0055526827403871,1285.5916617702514
2006-01-17,-0.0040630799826013,1289.5,1283.5,782532,0.0107527917762619,13.09,0.0062510627514474,0.0056283382197378,99.99959911657238,-0.0101336885347438,1281.695662777448
2006-01-18,-0.0044690640786306,1283.75,1275.25,1172080,0.0136572684223077,13.27,0.0067430132558927,0.0056303277194874,97.10166311465228,-0.010931196636131,1275.4809838441452
2006-01-19,0.003499225965565,1288.25,1280.25,949592,-0.0121305505685076,13.11,0.0064320345440132,0.0056622333440756,99.98433138764348,-0.0104270645337309,1270.433800986673
2006-01-20,-0.0184102340362883,1264.75,1264.25,1586180,0.0315341444070882,13.53,0.0079709479083225,0.0056228214060517,99.87433467299029,-0.0129218193195877,1271.7105562500751
2006-01-23,0.0035517006554588,1269.25,1263.75,892100,0.0154018446115062,13.74,0.0046185389594908,0.0063367646291608,17.12501109823725,-0.007487180526259,1255.3159497192112
2006-01-24,0.0009843489327145,1270.5,1267.25,950405,-0.0131870042819537,13.56,0.0049665786952728,0.0063059650589436,17.35997280042651,-0.0080513927922953,1259.071799028716
2006-01-25,0.0003934684292357,1271.0,1262.25,1262220,-0.0178576174000064,13.32,0.0076571326220304,0.0062617145788469,17.002860546643664,-0.0124130888052461,1254.8266492717091
2006-01-26,0.0052967264589343,1277.75,1269.75,968935,-0.030490166757787,12.92,0.0048800276678708,0.0062140205760679,16.95354331673739,-0.007911083665843,1260.9846809085616
2006-01-27,0.0089599352826796,1289.25,1277.25,889309,-0.0156009404424799,12.72,0.0049892588540551,0.00619846610254,18.25868547373597,-0.0080881599268061,1267.4570353379966
2006-01-30,-0.0005819028386486,1288.5,1286.75,523825,-0.0150497890039988,12.53,0.0027316995646381,0.00624069751878,19.529889716196514,-0.004428397803578,1283.5533110438394
2006-01-31,-0.0038880297812244,1283.5,1278.5,1034519,0.0134762245565687,12.7,0.0061941410849498,0.0062000665197415,17.72807384840338,-0.0100414119952016,1275.6263834582971
2006-02-01,0.0029174386150554,1287.25,1276.25,997495,-0.0031545767485154,12.66,0.0044153406534255,0.0061715331792251,17.94657925449528,-0.0071577728037119,1274.34579953361
2006-02-02,-0.0119176950261827,1272.0,1270.5,1107720,0.0156743020934428,12.86,0.0058674432639147,0.0061345793269262,17.92620457608061,-0.0095117974168512,1275.063986099536
2006-02-03,-0.0051231639148889,1265.5,1263.5,1006505,0.000777302798562,12.87,0.0065585901994912,0.0062415899399699,17.72915754281183,-0.0106322257432592,1258.5474508517673
2006-02-06,0.0025648628049186,1268.75,1264.0,526186,-0.0054538506824637,12.8,0.0033150559538218,0.0062239138958807,19.069603393292265,-0.0053740853110937,1258.7173366685508
2006-02-07,-0.008906540816203,1257.5,1256.0,978806,0.0375667017995824,13.29,0.0056687211740109,0.0061842497607377,19.36033928784116,-0.0091896461532773,1257.1440454273263
2006-02-08,0.0085123744729047,1268.25,1255.75,861721,-0.0182237389564514,13.05,0.0057853257867647,0.0062285672284822,19.915745596501807,-0.0093786755830472,1245.7614475350388
2006-02-09,-0.0019731655967802,1265.75,1265.25,935033,-0.0123363168176062,12.89,0.0068633581146327,0.0062568044562802,22.99180328291692,-0.0111262894329433,1254.2172941638037
2006-02-10,0.0019731655967802,1268.25,1257.0,999625,-0.0031080056098673,12.85,0.0088754093764835,0.0062273837624162,19.69602311212752,-0.0143880549301482,1247.6687087038483
2006-02-13,-0.0019731655967802,1265.75,1260.5,651482,0.016975716294902,13.07,0.0047353294240706,0.0061849536129631,19.95796664630229,-0.0076765112431208,1258.551537420963
2006-02-14,0.0098271231100897,1278.25,1263.0,1116270,-0.0107693348523647,12.93,0.0082717074607733,0.0061441794819381,19.41978541849964,-0.0134093849943491,1248.8903622591895
2006-02-15,0.0031243923092691,1282.25,1272.75,965298,0.0046296378987422,12.99,0.0057668852443564,0.006194809795568,23.333517812820613,-0.0093487813521607,1266.3556059118498
2006-02-16,0.0073815408979163,1291.75,1281.0,798754,-0.019433180538491,12.74,0.0044170308841927,0.0061680930624631,20.80115081186665,-0.0071605128613352,1273.1012264293086
2006-02-17,-0.0021311642281069,1289.0,1286.0,798754,-0.0110498361865851,12.6,0.0031620110271128,0.0061789577242164,24.0502167523272,-0.0051259819595903,1285.1454546554194
2006-02-20,-0.0001939676080171,1288.75,1286.5,553718,0.0,12.6,0.001767687160425,0.0061714714207966,21.837117635035074,-0.0028656233064474,1285.3114990092931
2006-02-21,-0.0027195043955554,1285.25,1283.0,715879,-0.0127797266463987,12.44,0.0060007679646697,0.0061318032157339,19.505370335078084,-0.0097279320239028,1276.27390927244
2006-02-22,0.0054316331405344,1292.25,1283.75,771937,-0.020301143817853,12.19,0.0059624936576358,0.0061009382474389,18.030669374381343,-0.0096658849893766,1272.886768362181
2006-02-23,-0.0015488870473125,1290.25,1286.5,738249,0.0008200082460305,12.2,0.0051125129329602,0.0061035012549964,16.862355406641196,-0.0082879689026434,1281.58413242845
2006-02-24,0.0021291017430211,1293.0,1287.0,549003,-0.0082304991365154,12.1,0.0037004734044334,0.0060678184028371,15.542675883402223,-0.0059988911330235,1282.5331002784026
2006-02-27,0.000773096288988,1294.0,1292.0,586818,-0.0116377040802095,11.96,0.0042014887146708,0.0060297370800262,14.943082755013211,-0.0068110943226185,1284.2231788496451
2006-02-28,-0.0089268980159209,1282.5,1280.0,1139690,0.0190481949706944,12.19,0.0059781338483709,0.0055920452768007,24.78544686008601,-0.0096912395295301,1281.5201065431263
2006-03-01,0.0073801072976227,1292.0,1281.5,717804,-0.0115512835565163,12.05,0.0043506329985218,0.0060179136822394,17.118720067363476,-0.007052874285383,1273.4865115924606
2006-03-02,-0.000387071806652,1291.5,1284.25,958000,0.0016583751727763,12.07,0.004799895844264,0.0060565081152559,16.593573254443932,-0.0077811808038114,1281.9857263659717
2006-03-03,-0.0038789808140959,1286.5,1280.0,1119040,0.0033085224555606,12.11,0.0101362085614789,0.0060075905916354,16.64979230658659,-0.0164319547842401,1270.4515376909233
2006-03-06,-0.0054559761219552,1279.5,1276.25,875562,0.0188144609122407,12.34,0.0074788245839596,0.0059797439960164,16.7639563543032,-0.0121240310573243,1270.9966057672832
2006-03-07,-0.0015643335219843,1277.5,1271.75,927692,0.0080710688337917,12.44,0.0041845385942414,0.0060018407066275,15.6761697316179,-0.0067836162364294,1270.849736232258
2006-03-08,0.0015643335219843,1279.5,1268.75,1056570,-0.0153911503202972,12.25,0.0071579964531445,0.0057890237279522,27.984110660209566,-0.011603931918964,1262.7616537345289
2006-03-09,-0.0058789116997761,1272.0,1271.5,440703,0.0517013743768903,12.9,0.0056314741123205,0.0056642041561792,23.574403409074392,-0.0091292644010837,1267.8722632980623
2006-03-10,0.0086106207155687,1283.0,1270.75,274831,-0.0070011954589834,12.81,0.005865329761696,0.0057814105035535,24.28629386351298,-0.0095083711877358,1259.9626702391697
2006-03-13,0.0019466620903081,1285.5,1282.25,256314,-0.003127445864195,12.77,0.0030571417652566,0.0059467873307563,15.876914673923284,-0.0049559768774508,1276.6572120040237
2006-03-14,0.0179247354788021,1308.75,1292.5,1073520,-0.0086512533284177,12.66,0.0070277976482691,0.0059216011928558,14.298825022848932,-0.0113928647470823,1270.9375837005382
2006-03-15,0.0041936775148103,1314.25,1305.25,873476,0.0,12.66,0.0048785135659447,0.0061222762731047,12.203525401263912,-0.0079086291332396,1298.4404027481012
2006-03-16,0.0019004186639417,1316.75,1311.5,911092,-0.0167267938053137,12.45,0.0052115904570134,0.0060949119387541,12.530215239480766,-0.0084485849145873,1303.1932201159022
2006-03-17,0.0005694220520187,1317.5,1314.75,603136,0.0016051367812286,12.47,0.0031848404668147,0.0060524074055532,12.357886093484664,-0.0051629910955662,1309.969151268512
2006-03-20,-0.0015191799351699,1315.5,1313.5,507984,0.0071914013481073,12.56,0.0039137644173322,0.006026635970106,11.21039939391081,-0.0063446602890723,1309.1673718688292
2006-03-21,-0.0060999045412692,1307.5,1305.5,1031144,0.0047656960730146,12.62,0.0077910702201247,0.0059757042547055,11.351616006449673,-0.0126302169890681,1298.9894350430263
2006-03-22,0.0053394482308579,1314.5,1304.75,737198,-0.0151699515904475,12.43,0.0050038275285953,0.0059700633892461,12.095674971357608,-0.0081117774165074,1296.9367523075207
2006-03-23,-0.0020942416031148,1311.75,1307.0,675368,0.0016077173880968,12.45,0.0046400826257503,0.0059550020210096,12.716464275871692,-0.0075221052762497,1304.6492881080785
2006-03-24,0.0007620499511471,1312.75,1307.5,596147,0.0,12.45,0.0046924660237097,0.0059188847534269,12.107615783302618,-0.0076070247628103,1301.8093426169637
2006-03-27,-0.0013339687542686,1311.0,1307.75,462838,-0.0056383556542662,12.38,0.0035149171388317,0.0059019899835244,11.206158942546466,-0.0056980831782734,1305.2911121707036
2006-03-28,-0.0065047101361779,1302.5,1300.25,929472,-0.002426204182464,12.35,0.0072512545313279,0.0058498479015016,11.289272739759877,-0.0117551139427632,1295.6792705027465
2006-03-29,0.005741642567675,1310.0,1300.75,896642,-0.0237618717749468,12.06,0.0067643946557844,0.0058608344869784,11.528707818049991,-0.0109658583337582,1288.2949968918786
2006-03-30,-0.0019102202561187,1307.5,1304.75,991068,-0.0049875415110389,12.0,0.0076839904177869,0.0058520533838017,12.15274739608659,-0.012456628367677,1293.7830309120582
2006-03-31,0.0,1307.5,1302.75,846848,0.0099503308531678,12.12,0.0048667738353556,0.0058092412698109,11.878330379574471,-0.0078895976856279,1297.224937379371
2006-04-03,-0.0013393286226701,1305.75,1304.25,965195,-0.002478316014467,12.09,0.0073917369736239,0.0057569506033014,11.711156464788548,-0.0119828520684921,1291.925918234188
2006-04-04,0.0068689451530454,1314.75,1302.25,1044428,-0.0074720148387008,12.0,0.0063204642662784,0.0057104846951958,11.35982208401174,-0.0102461963375129,1292.4393374143544
2006-04-05,0.0032273402478608,1319.0,1312.25,838856,-0.0083682496705166,11.9,0.004397195684495,0.0057461122424325,11.123444932691934,-0.0071283577312792,1305.4113159573208
2006-04-06,-0.0011378723017969,1317.5,1310.0,888393,0.0016792615197198,11.92,0.0056005810050035,0.0057053836710662,11.415228878021848,-0.0090791831365262,1307.0787569079948
2006-04-07,-0.010299537928919,1304.0,1301.25,1343220,0.0125053734722366,12.07,0.0105918651426821,0.0054967038946774,13.930542567535465,-0.017170626280003,1295.070812538427
2006-04-10,0.0011496456525845,1305.5,1300.25,727289,0.0188762272689317,12.3,0.0045314023633002,0.0057665133453651,10.90423156605177,-0.0073459221257463,1294.4560151508877
2006-04-11,-0.0088479130783376,1294.0,1289.25,1105250,0.0452997592296631,12.87,0.0083624492383272,0.0057529847617662,10.224668464755336,-0.0135564878066841,1287.921426241415
2006-04-12,0.001158524941319,1295.5,1292.5,637521,0.0085106896679088,12.98,0.0030550507374124,0.0058403866509406,10.46948370073051,-0.00495258708187,1287.607195842653
2006-04-13,-0.0009653442201535,1294.25,1289.5,699153,-0.0023139231303974,12.95,0.0052924722881129,0.0057913047682746,10.438925968501168,-0.0085797036246487,1284.4325396100546
2006-04-17,-0.0009662770101535,1293.0,1286.5,736454,0.0030840425369618,12.99,0.0069474519469676,0.0057597599166303,9.807637469040744,-0.0112573705668453,1279.7618503830622
2006-04-18,0.0157302303537374,1313.5,1292.5,1459890,-0.028896973569441,12.62,0.0080239702116138,0.005751421279456,9.355813530376969,-0.0129860214172411,1276.3176275681192
2006-04-19,0.0013314314853216,1315.25,1308.25,951127,-0.000792707136239,12.61,0.0055916765165836,0.0059651848820742,9.765154749586824,-0.009059561550469,1301.654006678465
2006-04-20,0.0013296611323641,1317.0,1311.75,1048211,-0.0135730626657948,12.44,0.0068917735676468,0.005921936029201,9.627382425744786,-0.0111619968520368,1300.650813254559
2006-04-21,0.0,1317.0,1312.0,858597,0.0159493014076779,12.64,0.0064369615531648,0.0058861633987802,9.222960295566338,-0.010413546776024,1303.3565206945202
2006-04-24,-0.0019000575733443,1314.5,1309.0,656522,-0.0039635406624554,12.59,0.0050459556217046,0.0058620868560738,8.566932795567485,-0.0081452964380366,1306.3162149579016
2006-04-25,-0.0038109802221697,1309.5,1304.25,1061490,0.0,12.59,0.006315086776866,0.005816504761756,8.559127180452391,-0.0101936584338424,1301.168499808624
2006-04-26,-0.0003818980378662,1309.0,1307.75,902689,-0.013594771550923,12.42,0.004713915920513,0.0058284196661247,8.2388205027154,-0.0075993857224784,1299.586321041663
2006-04-27,0.0045731787019649,1315.0,1300.25,1471050,-0.0056520134313466,12.35,0.0108284180099417,0.0058224891011691,7.891921385401236,-0.0174293472815537,1286.38265970684
2006-04-28,0.0007601672733974,1316.0,1310.75,771181,-0.0097641133749051,12.23,0.0060141778473835,0.005809265259177,7.948047569977254,-0.0096829748057232,1302.3283368358311
2006-05-01,-0.0059064666329451,1308.25,1307.0,944775,0.024233819208896,12.53,0.0067799065770858,0.0057548275203585,7.973330611506727,-0.0109171142351145,1301.7112157268737
2006-05-02,0.007425069810135,1318.0,1308.25,801915,-0.0177138287116149,12.31,0.0034911097356858,0.0057822303234636,7.810586147853177,-0.0056170231811825,1300.9221291003375
2006-05-03,-0.0043722149300435,1312.25,1308.0,775548,0.0080906590201537,12.41,0.0051101019039105,0.00579981513591,8.29001681173954,-0.0082398486877511,1307.184499665888
2006-05-04,0.0036132016108716,1317.0,1311.25,757899,-0.0121606687084505,12.26,0.0040654506145126,0.0057787027420986,8.445617859309134,-0.0065594960174023,1303.670470807535
2006-05-05,0.009070356969965,1329.0,1316.25,919501,-0.0131364779053697,12.1,0.0056939639666047,0.0057628661995766,8.260038817654856,-0.0091801576509246,1304.965058225706
2006-05-08,-0.0013176472494649,1327.25,1326.75,425184,-0.0016542600960267,12.08,0.0020587381875298,0.0058532515959958,8.093007710216865,-0.0033168266403894,1324.5992397089285
2006-05-09,0.0015057409206669,1329.25,1325.75,376942,0.0365745764013083,12.53,0.0026719884320172,0.0058196234279866,7.846328996767201,-0.0042998586885749,1321.555264608374
2006-05-10,-0.0011290930819392,1327.75,1320.75,762814,-0.0056022555486698,12.46,0.0048848792209323,0.0058192691684389,7.398478487852961,-0.0078419369733779,1318.866870412047
2006-05-11,-0.012123656735687,1311.75,1307.25,1288890,0.0253579355900814,12.78,0.0100181962428986,0.005765106103164,7.451393129310095,-0.0160876882342133,1306.5604741991629
2006-05-12,-0.0134307467848104,1294.25,1293.5,1344300,0.0436349358968697,13.35,0.0065826103241872,0.0060718162173667,6.536117035147087,-0.0105014752125063,1298.0467678997036
2006-05-15,0.0023152624658377,1297.25,1285.25,1316370,-0.0060105365021421,13.27,0.0063950876914899,0.0061682291919603,6.187004572455902,-0.0101677577510032,1281.157055274992
2006-05-16,-0.0017359441142108,1295.0,1291.75,1866792,-0.0121305505685076,13.11,0.0052299055085162,0.0062069076508271,5.686935474558924,-0.0082977683683296,1286.5302564656945
2006-05-17,-0.0202815064192503,1269.0,1268.25,1867010,0.0952408340811943,14.42,0.0117906717163373,0.0062007016952757,5.596186229841081,-0.0187070803955959,1270.999520259346
2006-05-18,-0.0047393453638964,1263.0,1261.5,1463030,0.0144580831752301,14.63,0.0085707825202148,0.0063743090182145,5.072649689997712,-0.0135984040193965,1251.8604248483734
2006-05-19,0.006117433976521,1270.75,1258.25,1594950,0.0155988242575801,14.86,0.0089953526452396,0.0063847801761117,5.022744868022908,-0.0142720270031832,1245.1024508434828
2006-05-22,-0.006909513225854,1262.0,1255.25,1596240,0.0638653470966663,15.84,0.0095642456043068,0.0063528351511923,5.266889132166926,-0.0151746326034233,1251.6124058316457
2006-05-23,-0.0075562101421384,1252.5,1252.0,1348390,-0.0082409341187497,15.71,0.0127328469239438,0.0063219541663796,5.598076069253633,-0.0202019356319613,1236.7609543901992
2006-05-24,0.0067635030059003,1261.0,1246.75,1908740,0.0300963154220141,16.19,0.0106839613378243,0.0063319002935346,5.705425193449846,-0.0169511736479934,1231.4475906308928
2006-05-25,0.0118251279398151,1276.0,1257.75,1103890,-0.0500262582699604,15.4,0.0075672085730561,0.006311300656488,6.024223302202539,-0.0120095476281781,1245.9465340278691
2006-05-26,0.0052760259173387,1282.75,1274.0,1103890,-0.0330062964681703,14.9,0.0039261886402853,0.0063847201693241,5.894759925078818,-0.0062292911132725,1268.0761302084836
2006-05-29,-0.0021461329084111,1280.0,1279.75,785007,0.0,14.9,0.0015931551805181,0.0064159101674668,5.665034002883853,-0.0025277000972996,1279.511687166225
2006-05-30,-0.0157483569681389,1260.0,1259.25,1047920,0.0922548764804433,16.34,0.0079611066457234,0.0063994638497942,5.646083718662428,-0.0126310922432945,1263.9338818432834
2006-05-31,0.0094787439545438,1272.0,1256.0,1229560,-0.0272969802056706,15.9,0.0078211666475017,0.0066387621192742,5.516490985635134,-0.0124090634343959,1244.461190503628
2006-06-01,0.0107517407549577,1285.75,1266.25,1058350,-0.0496395814259216,15.13,0.0101671756934088,0.0066521475874428,5.81510565285927,-0.0161312415160542,1251.6456724548527
2006-06-02,0.0019425025533079,1288.25,1281.25,1108000,-0.0267932973257254,14.73,0.0068969203148714,0.0066906089431603,6.1067862123108405,-0.0109560647924509,1271.7401263744275
2006-06-05,-0.0146615860636005,1269.5,1265.75,1170660,0.0745443040637785,15.87,0.0089424979447519,0.0066388318141087,6.186996047373639,-0.0142179668086567,1270.0632995801832
2006-06-06,-0.002958290294714,1265.75,1255.25,1565850,0.0279608149976433,16.32,0.0102020091555298,0.0067898120905184,5.997019125867093,-0.0161865082889771,1249.1166404760108
2006-06-07,-0.0077327638218749,1256.0,1254.75,1411880,0.0212193472267419,16.67,0.0094149408137707,0.0067345883507407,6.161818884614641,-0.0149650781620891,1246.9489825424882
2006-06-08,-0.0003981684305038,1255.5,1235.25,908947,0.0272206155733258,17.13,0.0147159818235515,0.0067366608072545,6.434005678430477,-0.0234551339185173,1226.883156388914
2006-06-09,-0.0035906681307285,1251.0,1250.0,361028,0.0173615471959007,17.43,0.0074769246406221,0.0067254643887602,6.15824932217234,-0.0118841368385195,1240.667774861687
2006-06-12,-0.0116584235054402,1236.5,1235.0,299763,0.043778034207587,18.21,0.0108506655887697,0.0066742805715888,6.362614408092624,-0.0172826380535837,1229.5651784533943
2006-06-13,-0.0032401810446263,1232.5,1232.0,2369600,0.1320200919315648,20.78,0.0108738025819716,0.0067463974930159,6.540663911014123,-0.0173480670219657,1215.234109511833
2006-06-14,0.0070743094425376,1241.25,1229.0,1852850,0.0396278265399807,21.62,0.006606988707183,0.0067154855171049,6.557787331134448,-0.0105423805749305,1219.5747670148762
2006-06-15,0.0211247393157458,1267.75,1241.0,1684300,-0.2861414774775301,16.24,0.010242745052193,0.006697028814434,6.991403045573894,-0.0163997977397293,1221.0597614868825
2006-06-16,-0.0061319547296045,1260.0,1256.75,1170580,0.0297261802652006,16.73,0.0050185032617433,0.0080497575047542,7.109759938709785,-0.0080417740566807,1257.595924053958
2006-06-19,-0.0091688902256956,1248.5,1247.25,1194880,0.0089259741690783,16.88,0.0092236680183454,0.007867819340121,7.48189371371131,-0.0148143968765482,1241.471443495344
2006-06-20,0.0031987232391914,1252.5,1247.5,1138610,-0.0155226997405089,16.62,0.0067991902188867,0.0079509882071725,7.512777010840159,-0.0109222890177497,1234.9377225456888
2006-06-21,0.0073580922613523,1261.75,1249.0,1181880,-0.0588587330593726,15.67,0.0099541165692954,0.0076954345401386,7.165244714593504,-0.0159566072169768,1232.6729563188726
2006-06-22,-0.004567578192228,1256.0,1251.0,974787,0.0057270280618033,15.76,0.0082914901037407,0.0076083757699033,7.575275160354753,-0.0133241704691882,1245.049733579526
2006-06-23,-0.0003981684305038,1255.5,1251.0,749066,-0.0044515176847919,15.69,0.0073101153283695,0.0074559713398168,7.195470921492633,-0.0117205407749534,1241.3649337677675
2006-06-26,0.0037762143651001,1260.25,1253.25,630570,-0.0083200479946952,15.56,0.0039117394787051,0.007179333577796,7.152087067769969,-0.0062700374316733,1247.6525954735712
2006-06-27,-0.0083665826690602,1249.75,1248.0,1054910,0.0235006051717112,15.93,0.0066401220627116,0.0069637464685738,6.031654954789087,-0.0105391249208776,1247.0378125584773
2006-06-28,0.0063808790777484,1257.75,1246.5,875877,0.0018814680997056,15.96,0.0051420265968274,0.0070653847409937,7.2099373398337105,-0.0082451449598528,1239.4879940858575
2006-06-29,0.0194868876734961,1282.5,1257.0,1197230,-0.1070327568501885,14.34,0.0086613687208198,0.0070406202818186,7.040113932219941,-0.0138725826711896,1240.4222275146328
2006-06-30,-0.0023419214450806,1279.5,1279.25,808675,-0.02256795356503,14.02,0.0042380064406503,0.0081956052531363,6.142647670036821,-0.0067349229915213,1273.8914826536616
2006-07-03,0.0068153316084895,1288.25,1281.5,808675,-0.0216302593087047,13.72,0.0032719452463023,0.0079062285573251,6.095409701900775,-0.0051969704198229,1272.8677251432705
2006-07-04,-0.0003881987626392,1287.75,1285.75,270102,0.0,13.72,0.0013682477063619,0.0079437854750434,5.8272112945444885,-0.0021708618863958,1285.456420509567
2006-07-05,-0.0062317631080013,1279.75,1274.0,781097,0.0483735842842154,14.4,0.0067757949474181,0.0077099378541756,5.539340087298121,-0.0107504766373733,1273.980222165014
2006-07-06,0.0023414644843811,1282.75,1278.0,659983,-0.0168071183163811,14.16,0.0050305624354712,0.0075826455787062,5.769624548285379,-0.0079814906376393,1269.5763418438091
2006-07-07,-0.0060600322295476,1275.0,1271.0,997930,0.0140254753545043,14.36,0.0097928651264607,0.007349240105479,5.822339267704527,-0.0155373603498848,1262.9734862730056
2006-07-10,0.001567398440013,1277.0,1272.5,810573,-0.0027894020875782,14.32,0.0055406460110685,0.0072637496782902,5.978629676945638,-0.0087907892668217,1263.8408643525993
2006-07-11,0.0041027702368383,1282.25,1267.5,1083630,-0.0297683213958537,13.9,0.0078359926722563,0.0071645908215112,5.469319842848607,-0.0124325864060895,1261.221871863982
2006-07-12,-0.0109783498225786,1268.25,1264.5,1118760,0.1140992003059562,15.58,0.0083197168171081,0.0071338566448331,5.521760181825732,-0.0132000631609969,1265.4354397892564
2006-07-13,-0.0164964488211252,1247.5,1246.75,1554830,0.0688216972311415,16.69,0.0077088447637134,0.0071820976255468,6.1464730338372044,-0.0122511943950574,1252.807212158846
2006-07-14,-0.0042172971432439,1242.25,1235.0,1449110,0.0260215746622849,17.13,0.008934931893769,0.0078368086959638,6.1415697750818685,-0.0141989803700368,1229.9119337865409
2006-07-17,-0.0014097273505742,1240.5,1234.75,1114300,-0.0099736819722715,16.96,0.0071555416070155,0.0076835814573975,6.0325695951622205,-0.0113573134130705,1228.221192987625
2006-07-18,0.0042232340296584,1245.75,1231.0,1584210,-0.0154489109410476,16.7,0.0085586843022756,0.0075001227764386,5.7969852894680445,-0.0135792089861467,1223.7688462634535
2006-07-19,0.0133561239880011,1262.5,1244.0,1574310,-0.0547660682013289,15.81,0.0114496587376492,0.007346618288153,5.921012055211439,-0.0181660291847967,1223.3239817151086
2006-07-20,-0.006556097785153,1254.25,1252.5,1276730,0.0323612557609931,16.33,0.0083089846539256,0.0076883095701392,6.245485429074904,-0.013218825536684,1245.921051287998
2006-07-21,-0.0076030778420701,1244.75,1243.5,1230860,0.0230034356249286,16.71,0.0076316732077465,0.0076160936412006,6.381923551638104,-0.012157780627076,1239.093425495139
2006-07-24,0.0181117499430465,1267.5,1243.5,1233390,-0.0809906932752779,15.41,0.0087455322545058,0.0076177911159757,6.399021399540015,-0.0139345106870097,1227.5253053778465
2006-07-25,0.0031508493968352,1271.5,1262.5,1268050,-0.0276333372175181,14.99,0.0088006230076859,0.0084934187429876,5.914526591124136,-0.0139630689494977,1249.924797536622
2006-07-26,0.00137538090254,1273.25,1266.75,985631,-0.0080375516424426,14.87,0.0071532699547345,0.0082317478614155,6.051515305274172,-0.0113561905460341,1257.14228250947
2006-07-27,-0.000785700295772,1272.25,1266.75,1011207,0.0173337673282008,15.13,0.0083014881867363,0.008018174574464,5.804762149203903,-0.0131711416150433,1256.5898017030072
2006-07-28,0.0093879038784354,1284.25,1270.5,938448,-0.0349733020376565,14.61,0.0060469240044745,0.0077714141764752,5.838980753078651,-0.0095940499590895,1260.1023357666263
2006-07-31,-0.0019485586835674,1281.75,1279.0,671544,0.0068213088507382,14.71,0.0027296615113358,0.007902375553984,5.7475777594895,-0.0043308811044724,1278.700092610851
2006-08-01,-0.0039085451360563,1276.75,1270.25,866527,0.0235146877584013,15.06,0.006537263895936,0.0077419643163165,5.462857304104131,-0.0103720232579328,1268.524366046972
2006-08-02,0.0058571038196237,1284.25,1275.75,857703,-0.0221559918972085,14.73,0.0057777811922795,0.0075651519926544,5.604460756828129,-0.0091670279584131,1265.0994789670483
2006-08-03,0.0023332695788731,1287.25,1274.75,886700,-0.0088647017602481,14.6,0.0077020283391471,0.0075101627214295,5.560974453742209,-0.012220038587788,1268.6519141529495
2006-08-04,-0.000971534128686,1286.0,1278.0,1152490,0.0163047090249435,14.84,0.0108271098917893,0.0073111706708535,5.704666996950214,-0.0171782931516113,1265.3260889574997
2006-08-07,-0.0029202785281867,1282.25,1277.0,601458,0.0127219660256487,15.03,0.0045215926308137,0.0071374280658986,5.645027893042907,-0.0071739591174914,1276.8073020203265
2006-08-08,-0.0042985607416241,1276.75,1272.0,994520,-0.0033322256758099,14.98,0.0083195215291111,0.0070290359473433,5.461131593881474,-0.0131997533170501,1265.4358318768282
2006-08-09,-0.0041204806655796,1271.5,1268.25,1156130,0.0243994959441327,15.35,0.0107916508718729,0.0069498107940797,5.407920983835377,-0.0171220338686557,1255.0755282896096
2006-08-10,0.0031409527196926,1275.5,1262.5,1112170,0.0110140407218666,15.52,0.0078354129532031,0.0069184491445463,5.032684469706514,-0.0124316666238077,1255.790982833759
2006-08-11,-0.0025512721129246,1272.25,1265.75,645007,0.0057822197722678,15.61,0.0060833617478444,0.0067754444967121,5.213657278625608,-0.0096518620847304,1263.2482710226382
2006-08-14,0.000785700295772,1273.25,1270.75,815507,-0.0371984160056468,15.04,0.0069043965499127,0.006631725555706,5.363845927583335,-0.0109545159469859,1258.389175010254
2006-08-15,0.0113238226809802,1287.75,1273.0,1079240,-0.0073407069705946,14.93,0.0064761854369414,0.0064806050612383,5.398832167226411,-0.0102751161715225,1260.2341923176673
2006-08-16,0.0086982282249055,1299.0,1286.75,916074,-0.0508351203791477,14.19,0.0050237104871423,0.0067813047285695,5.76102999224578,-0.0079706193360427,1277.5266323607166
2006-08-17,0.0015384618419052,1301.0,1295.5,882907,-0.007782140442055,14.08,0.0049144992922976,0.0068499545824085,6.124132203918573,-0.007808400957549,1288.8963850302257
2006-08-18,0.0046012351117168,1307.0,1296.75,782213,-0.0164701180965485,13.85,0.0051768551926211,0.0067765353438649,5.699143284243888,-0.0082135987342039,1290.357872956672
2006-08-21,-0.0036408969989212,1302.25,1298.5,554184,-0.0108893997992685,13.7,0.0039943548346617,0.0066998771098283,5.843905361267711,-0.0063374436010306,1298.7431525012196
2006-08-22,-0.0001919938567862,1302.0,1297.25,771246,-0.0073260400920727,13.6,0.0046119038660721,0.0066384980581739,5.69387411998626,-0.0073172469283346,1292.7558929117076
2006-08-23,-0.0032695480611755,1297.75,1291.5,851752,0.0239749950497079,13.93,0.006677961828692,0.0065560275864135,5.377480138882087,-0.0105952546058054,1288.2778019644695
2006-08-24,-0.0013493977951188,1296.0,1293.5,684520,-0.005037794029957,13.86,0.0038862900825543,0.0064840061329622,5.310668226813426,-0.0061659880593754,1289.7727082132076
2006-08-25,0.0011567381278236,1297.5,1294.75,527282,-0.0233587262776282,13.54,0.0037956654756711,0.0064456493065915,4.847416601457,-0.006022203053095,1288.2186787086462
2006-08-28,0.0048053912749388,1303.75,1294.5,703132,-0.0171326350771088,13.31,0.006457917475358,0.0062990177567455,4.957844636628066,-0.0102461322226665,1284.273519289207
2006-08-29,0.0009583134418118,1305.0,1297.0,927982,0.0186086501052291,13.56,0.0056702133228437,0.0062499817982099,5.188293358259974,-0.0089963607708321,1292.0735959685085
2006-08-30,0.0,1305.0,1303.75,667130,-0.0074019582956674,13.46,0.002706632132237,0.0061917386691547,4.743276096100853,-0.0042943426903238,1299.4078985828853
2006-08-31,0.0003830683823888,1305.5,1303.0,551526,0.0,13.46,0.0028333388560301,0.0060429956009651,4.808428151405859,-0.0044953755852841,1299.146701106821
2006-09-01,0.0053476063265955,1312.5,1304.75,551526,-0.0386265360710353,12.95,0.0035024572153761,0.0059017501355758,4.78896070083625,-0.0055569988111356,1298.265457840174
2006-09-04,0.0028530689824064,1316.25,1311.5,626673,0.0,12.95,0.0018573291161722,0.0060123620827443,4.618003083012628,-0.002946838478182,1308.6379676848787
2006-09-05,-0.0013304192782488,1314.5,1310.0,772895,0.0,12.95,0.0033930376642714,0.005904433767507,4.753975970752605,-0.0053833937453165,1309.1831468761686
2006-09-06,-0.0089789503806123,1302.75,1300.25,1126283,0.0555698511548108,13.69,0.0052449662898591,0.0057462941838931,4.836719392352716,-0.0083216638048391,1303.6065615589569
2006-09-07,-0.0050019342455867,1296.25,1293.0,601027,0.0711818544843332,14.7,0.0043076446669665,0.0060918831857131,5.052507487321826,-0.0068345092662486,1293.8766999188838
2006-09-08,0.0023116943448142,1299.25,1295.0,227859,-0.0047732787526575,14.63,0.0030864343109314,0.0060534219697823,5.3122495499594296,-0.0048969368479929,1289.917862303707
2006-09-11,0.0009616310001545,1300.5,1291.5,329385,0.0074906717291574,14.74,0.0065353937550783,0.005983124653281,5.076870720980468,-0.0103690560923449,1285.8476090261302
2006-09-12,0.0186636535316164,1325.0,1308.0,1284080,-0.0465200156348926,14.07,0.0075483277641652,0.0058376311588255,5.047812603064435,-0.0119761772470426,1285.0178748756834
2006-09-13,0.0030143202929231,1329.0,1322.25,1060011,-0.0150378773645405,13.86,0.0046941416811202,0.0073106882818312,4.461511111621984,-0.0074477254502267,1315.168420675523
2006-09-14,0.0003761519698288,1329.5,1324.5,931469,0.0157483569681389,14.08,0.0034537444348657,0.0073274588830963,4.115418786601101,-0.0054797111108903,1321.7373806346636
2006-09-15,0.0020663104938174,1332.25,1328.0,1060297,-0.0021329549501412,14.05,0.0044273161801717,0.0070878522630932,4.136652781181115,-0.0070243800957018,1320.1938100359448
2006-09-18,0.0015000940371621,1334.25,1329.0,799315,-0.0092957408734815,13.92,0.0037669425864165,0.0068395543112646,4.303015056513138,-0.0059766313154191,1324.3113796641762
2006-09-19,-0.0028145247963102,1330.5,1322.75,1176450,-0.0043196611445162,13.86,0.0060668760646497,0.0066248964419939,4.4425775352429016,-0.0096257058988641,1321.4685159954736
2006-09-20,0.0044994451612296,1336.5,1329.5,970246,-0.0196727655987047,13.59,0.0047234415772342,0.0064494525876383,4.610341105921764,-0.0074942126670175,1320.566219471186
2006-09-21,-0.0046873621024952,1330.25,1325.5,1248340,0.0268618691711739,13.96,0.0071202767852909,0.0063362795447326,4.819889838631847,-0.0112970315403463,1321.4864811165949
2006-09-22,-0.0032000027306704,1326.0,1321.0,892984,0.0021466913431633,13.99,0.0052759460270776,0.0063188349217625,4.726838741571232,-0.0083708162576191,1319.1611975868727
2006-09-25,0.0073260400920727,1335.75,1321.5,1283745,-0.035653103233006,13.5,0.0086499307799617,0.0061859134061985,4.859143384636375,-0.0137239806526773,1307.926306839417
2006-09-26,0.0082013507227625,1346.75,1333.5,1150143,-0.0209588510208433,13.22,0.005160865229945,0.0062296428802108,5.128864295125006,-0.0081882290585398,1324.8572301430374
2006-09-27,0.0007422527711353,1347.75,1343.0,981555,-0.0007567158893064,13.21,0.0037630150321156,0.0063974918661048,5.071792993820033,-0.0059703998575486,1338.733319200118
2006-09-28,-0.0003710575181727,1347.25,1343.0,784851,-0.0022735894598726,13.18,0.0039361722168384,0.0063459836018787,4.796806397915756,-0.0062451310563823,1339.3593522369742
2006-09-29,-0.001299786646645,1345.5,1344.75,683824,-0.0060882988672554,13.1,0.0029068967620579,0.0061963214621247,4.808884769342862,-0.0046120825630456,1341.050678646862
2006-10-02,-0.0037230124909468,1340.5,1339.25,735497,0.0204011609067458,13.37,0.0043680242530761,0.0060461876655806,4.857356317430622,-0.006930307520901,1336.207508335582
2006-10-03,0.0020493719329168,1343.25,1336.0,1162516,0.0089352791058128,13.49,0.0060593226071225,0.0060206097386971,4.708997666190418,-0.0096137215827348,1327.6745551274755
2006-10-04,0.0111050558227017,1358.25,1339.75,1312184,-0.0572020200756471,12.74,0.0074636097806324,0.0058706278122699,4.81662516412327,-0.0118417636896957,1327.437360474073
2006-10-05,0.0018389118826771,1360.75,1356.5,831686,-0.0126383988717226,12.58,0.0032769289479765,0.0062895396718518,4.759850159499087,-0.0051991756496377,1351.2065456183466
2006-10-06,-0.00147085887889,1358.75,1352.5,917225,-0.007980888331013,12.48,0.0046210113359639,0.0061332203007453,4.881932521483613,-0.0073316968405674,1350.8098770348247
2006-10-09,0.0003679175906103,1359.25,1354.25,493343,-0.0202354132422004,12.23,0.0038444678297895,0.0060606257919123,4.643788892380507,-0.0060996328708316,1350.4873490235095
2006-10-10,0.0011029412882797,1360.75,1357.0,943129,-0.0425951655502143,11.72,0.0031761443209716,0.0059182077431502,4.636425797090976,-0.0050392707548716,1352.4176008397092
2006-10-11,-0.001286883163166,1359.0,1351.0,1273694,0.1219457663599956,13.24,0.0059399626734198,0.0058558471404469,4.388956583630473,-0.0094243451053374,1347.9860627451485
2006-10-12,0.008608900133014,1370.75,1358.5,1005913,-0.0221467623633158,12.95,0.0045011695590131,0.005810677384671,4.239393645012008,-0.0071415558706458,1349.3291989571096
2006-10-13,0.0020041912511707,1373.5,1368.0,842535,-0.0132143391961578,12.78,0.0032498863904715,0.0060518875039376,4.343412962392425,-0.0051562699264084,1363.7002338663349
2006-10-16,0.0018185129579606,1376.0,1371.5,688016,-0.0213531244705689,12.51,0.0032412659070561,0.005947198765321,4.338719655134715,-0.0051425926669459,1366.4547798473332
2006-10-17,-0.0030934425542037,1371.75,1364.0,1312925,0.0111288906947097,12.65,0.0058877005485422,0.0059126927316894,4.225478147814449,-0.0093414260151234,1363.2060477181403
2006-10-18,0.0005465974446003,1372.5,1367.75,1447105,-0.0047543671172736,12.59,0.0064319698967218,0.0058215555851046,4.2802987056423705,-0.0102049637929708,1357.8225264670982
2006-10-19,0.0012742333570843,1374.25,1369.0,994319,-0.0055754823843034,12.52,0.0032798928862677,0.0056804649562316,4.2888749159666775,-0.005203878234294,1365.376228818507
2006-10-20,0.0005456033599013,1375.0,1369.75,816062,-0.0193554429529561,12.28,0.0035973162115326,0.0056436928669182,4.068950304066005,-0.0057075020996705,1366.4288062111625
2006-10-23,0.0041730986806252,1380.75,1370.0,1240655,-0.0272406443414765,11.95,0.0140477302348775,0.0055848858631089,3.932891216426816,-0.0222881295656267,1344.6928216141705
2006-10-24,0.0028927881319171,1384.75,1378.0,899769,-0.0143281001540791,11.78,0.0033909468992609,0.0056580276938129,3.790474844749812,-0.0053800765374355,1373.3414065909974
2006-10-25,0.0032444152468169,1389.25,1381.25,969812,-0.0249260863627762,11.49,0.0036443741615433,0.0055668078785907,3.8276375011406887,-0.0057821642457536,1376.7662519755363
2006-10-26,0.002695661619775,1393.0,1385.0,1096982,-0.021108963210235,11.25,0.0048979252270444,0.0056324385463047,3.6300605716981886,-0.0077710484354322,1378.495910356006
2006-10-27,-0.005940076866592,1384.75,1381.0,1185702,0.0053191614775998,11.31,0.0053445157597789,0.0056110475964406,3.549296395144341,-0.0084796089993057,1381.2378443828038
2006-10-30,-0.0010838151349945,1383.25,1378.75,890262,0.0035304537993825,11.35,0.0041945126577499,0.0056534866623765,3.722948242743864,-0.0066550140141845,1375.565066174952
2006-10-31,0.0,1383.25,1377.0,1295619,-0.0035304537993825,11.31,0.0052440102928381,0.0054664353736044,3.8048280149452136,-0.0083201470199129,1371.7889017618684
2006-11-01,-0.0074376760102481,1373.0,1370.75,1445275,0.0209981468397737,11.55,0.0073766192284217,0.0052585127392342,3.8702284682531065,-0.0117037444747593,1367.1551640976315
2006-11-02,-0.0012753941785312,1371.25,1367.25,1031687,0.0086207430439069,11.65,0.0044593837087131,0.005468602884404,4.049440345703381,-0.0070752584382546,1363.3199549557755
2006-11-03,-0.0020074831087057,1368.5,1365.5,1199066,-0.0129591446425054,11.5,0.0059286902364615,0.0054261293773426,3.844888291954682,-0.0094064602562375,1358.4118667301134
2006-11-06,0.0110819555421128,1383.75,1367.25,950803,-0.0336017465467679,11.12,0.0073056002949705,0.0053101173134845,3.82968878657436,-0.0115910658310277,1352.729203152976
2006-11-07,0.0037868587314973,1389.0,1382.5,1180040,0.0803193711142276,12.05,0.0048046248665611,0.0058333098650825,3.939427170784182,-0.0076230180783422,1373.2417519031972
2006-11-08,0.0017982382116015,1391.5,1380.25,1371018,-0.0167367923555237,11.85,0.0065338755568908,0.0057870583157624,3.951510629894484,-0.0103666473190168,1374.675105725304
2006-11-09,-0.005404444788331,1384.0,1381.25,1241693,0.0016863410404361,11.87,0.0055452213296098,0.0056468101684398,3.999092593507998,-0.0087980484674718,1379.3112129504448
2006-11-10,0.000541760735599,1384.75,1379.25,849319,0.0092243840657268,11.98,0.0035637760016764,0.0057586152214077,3.897428473919884,-0.0056542872008623,1376.1965487814905
2006-11-13,0.0023442441535364,1388.0,1382.5,897471,-0.0008350731174213,11.97,0.0047838995125132,0.0056484293783396,3.828275159229189,-0.0075901352304664,1374.2793473423662
2006-11-14,0.0069999388400043,1397.75,1383.0,1487734,-0.0211067354210152,11.72,0.0070212959537395,0.0056012806581988,3.72591711976574,-0.0111399885475465,1372.6235019197125
2006-11-15,0.0026792906980883,1401.5,1396.25,1116886,-0.0085690327251013,11.62,0.004453605205423,0.0057655015004203,3.777176783737578,-0.0070660902646159,1387.9081848595245
2006-11-16,0.002494211163003,1405.0,1399.25,1116808,-0.0034482792789161,11.58,0.0040830611463989,0.0057324866676078,3.6862501692559566,-0.0064781850401264,1392.450168557009
2006-11-17,-0.0001779517755382,1404.75,1398.0,955820,0.0077419741536153,11.67,0.0036508670479074,0.0055754889035913,3.79957093722163,-0.0057924658596171,1396.885110766323
2006-11-20,0.0003558718898766,1405.25,1399.0,952795,-0.0207799684917451,11.43,0.0045330175017927,0.0053990412570796,3.828958742153388,-0.007192085818417,1394.683161622496
2006-11-21,0.000711364070546,1406.25,1402.75,769508,0.0061055575624848,11.5,0.0020664880267229,0.0053376990944911,3.625082441703624,-0.0032786900172004,1400.6501656893574
2006-11-22,0.0015987213636972,1408.5,1404.5,769508,0.0095197603405958,11.61,0.0032731466947197,0.0051194510158741,3.67823749717474,-0.0051931747264117,1398.9660278810932
2006-11-23,-0.0008878629722914,1407.25,1405.75,590684,0.0,11.61,0.001402785899906,0.0050497262896172,3.5129187745917694,-0.0022256601861783,1405.3686435880295
2006-11-24,-0.003024644241675,1403.0,1400.0,364727,0.0085763818998256,11.71,0.0036737708148683,0.0050505840160567,3.263711387278528,-0.0058288049775407,1399.0712734523454
2006-11-27,-0.0139962808754807,1383.5,1382.75,1553045,0.0620803357496813,12.46,0.0082608447588345,0.0048913027203893,3.3942077277093388,-0.0131066567500922,1384.7313426123114
2006-11-28,0.0036075075198738,1388.5,1378.5,1472102,-0.0376168635713067,12.0,0.005746824095759,0.0060892392886948,3.353254120701393,-0.0091179114273659,1370.942704690583
2006-11-29,0.009854061641592,1402.25,1388.5,1325390,-0.0460439385014068,11.46,0.0044964774310897,0.0059281556913216,3.464322144038281,-0.0071341113402237,1378.6295367594828
2006-11-30,0.0005347117140148,1403.0,1395.5,1570498,-0.0078844035241489,11.37,0.0066674567865335,0.0064220243586413,3.364522885810759,-0.0105785873053371,1387.4943604657071
2006-12-01,-0.0017834854022975,1400.5,1387.5,1735600,0.0243278722492652,11.65,0.0095531097980412,0.0061693884798072,3.448033045186415,-0.015156964532588,1381.89512571624
2006-12-04,0.0072921621490857,1410.75,1397.75,1168711,-0.0138290881510454,11.49,0.0060742887691528,0.0059774566106351,3.50552842180031,-0.0096374668962376,1387.067558932673
2006-12-05,0.0042440382004791,1416.75,1409.5,1137321,0.0026075634070807,11.52,0.0028013399352166,0.0060349127668048,3.6695823317873937,-0.004444606095756,1404.4936856760085
2006-12-06,-0.0014126790270951,1414.75,1412.0,832797,0.0026007817000577,11.55,0.0027362398249838,0.0061156675748195,3.5560354686615883,-0.0043413182572692,1410.6127688349193
2006-12-07,-0.0042500506686469,1408.75,1407.75,637625,0.0382212128201975,12.0,0.0056275092232532,0.0060057547972008,3.5055810528347995,-0.0089286064440659,1402.174478517614
2006-12-08,0.000886918018228,1410.0,1404.25,348034,-0.001668057100697,11.98,0.0056153474996189,0.0059464331831539,3.548016684198037,-0.0089093106526769,1396.2547532869569
2006-12-11,0.0031864073694078,1414.5,1409.5,294738,-0.0469971148805838,11.43,0.00311624077899,0.0057840692069538,3.554167332579425,-0.0049442277918589,1403.045844444476
2006-12-12,0.007395701961129,1425.0,1417.0,1218607,0.0902868466721003,12.51,0.0049137858141535,0.0057695045555953,3.4728526635526125,-0.0077962128438145,1403.515132753135
2006-12-13,0.0010520779508036,1426.5,1423.0,1011712,-0.0064154189562,12.43,0.0038900583010997,0.00584044425249,3.66483249891928,-0.0061719667151273,1416.232033064276
2006-12-14,0.0082032050898481,1438.25,1424.5,1328093,0.0080128633853573,12.53,0.0057066349735646,0.005655154477701,3.723078185021022,-0.0090541473638751,1413.6425532294063
2006-12-15,0.0,1438.25,1437.25,865135,0.0142633162933858,12.71,0.0038011130579084,0.0058854724743851,3.7595465482422026,-0.0060308461873733,1429.602238341928
2006-12-18,-0.0024364787549311,1434.75,1432.25,690259,0.0023575649426543,12.74,0.0055753528589748,0.0056923292554972,3.830842552992933,-0.0088458551536246,1425.583554192542
2006-12-19,0.0010449321744934,1436.25,1426.5,987742,-0.0278569545029663,12.39,0.0068752700758545,0.0057002267665206,3.6426702611835338,-0.0109083038816383,1419.1843627040648
2006-12-20,-0.000696500115219,1435.25,1434.0,497822,-0.0032336325670647,12.35,0.0031518087567312,0.0055087255719292,3.712727304496562,-0.0050006599473053,1429.085730118902
2006-12-21,-0.0038394462523205,1429.75,1426.75,627266,0.0072610242370472,12.44,0.0057751864953831,0.0053829288251918,3.64413103791484,-0.0091629112121742,1422.1589991142116
2006-12-22,-0.0066666913581894,1420.25,1419.75,599004,0.0143657698020338,12.62,0.0041640219572411,0.0053509697560427,3.653503904360408,-0.0066066374670751,1420.3352940999505
2006-12-26,0.0059670236717837,1428.75,1420.5,267515,-0.0281255983902473,12.27,0.0029183431924913,0.0055829292506944,3.670617936254697,-0.0046302434702028,1413.6890977205924
2006-12-27,0.0057576709700049,1437.0,1428.5,429427,-0.0264259803453001,11.95,0.0035711933435569,0.0056803306400849,3.682582127544604,-0.0056660555558992,1420.6775142974448
2006-12-28,-0.0022642176354441,1433.75,1432.0,416781,0.0116473862491814,12.09,0.0026001480597208,0.0056552002987961,3.873584823671114,-0.0041253950549952,1431.084018576508
2006-12-29,-0.0036684467727532,1428.5,1425.5,25473,0.0172205977516708,12.3,0.0053761018961823,0.0056726132626537,3.6638209336959,-0.0085297235650659,1421.5725179485664
2007-01-03,-0.0026285829557188,1424.75,1416.5,1220241,-0.0073439742557588,12.21,0.0110675429858036,0.0055796795248772,3.748916502150481,-0.0175597643118383,1403.6348288711547
2007-01-04,0.0019283028150569,1427.5,1416.75,1032569,-0.0082237305576122,12.11,0.0072578186657614,0.005425973360188,3.868613238222959,-0.0115152554954886,1408.437739905733
2007-01-05,-0.0077356222595943,1416.5,1414.25,1058487,0.0220507096914492,12.38,0.0051070525435365,0.0052972064874694,3.888102510215858,-0.0081028498473153,1415.979917622136
2007-01-08,0.0042268467299146,1422.5,1413.0,1040975,0.073934866934167,13.33,0.0052507619904349,0.0055453284050269,3.899780996373957,-0.0083308592636925,1404.74835646393
2007-01-09,-0.0014069647062431,1420.5,1414.0,1274582,-0.0090430156563834,13.21,0.006411923855088,0.0054557170230466,4.074921581116936,-0.0101731587422087,1408.1020422182105
2007-01-10,0.0028119526437198,1424.5,1412.25,1145364,-0.0037921926370625,13.16,0.0060119189038568,0.0053010107444953,4.141221531771223,-0.0095385108645183,1407.01496115422
2007-01-11,0.004552625618488,1431.0,1420.75,1229581,-0.069210003178175,12.28,0.0068661733902674,0.0052223845043609,4.133411027846339,-0.0108938710797839,1409.0659018230676
2007-01-12,0.0067903107603246,1440.75,1428.25,865572,-0.0164207302123275,12.08,0.0050724341622122,0.0052299985863142,4.162113256937064,-0.0080479243215964,1419.5296385067504
2007-01-16,-0.0013891302806827,1438.75,1436.25,744157,-0.0150127923891849,11.9,0.0039319149304005,0.0053565975693747,4.281742711675027,-0.0062383764454852,1431.7900360084711
2007-01-17,0.0,1438.75,1435.25,930441,0.0008399832497252,11.91,0.0038064004132902,0.0052835231440621,4.339448909170493,-0.0060392351057137,1430.087235058004
2007-01-18,-0.0038300882476001,1433.25,1431.0,1117211,0.0125158079318303,12.06,0.0050494779782117,0.0051560962389123,4.290862846067529,-0.0080115020387949,1427.269500868239
2007-01-19,0.0024390255993589,1436.75,1431.25,984888,-0.0311604158150622,11.69,0.0032832756129017,0.0050835388270388,4.453043746502,-0.0052092452685581,1425.803262000879
2007-01-22,-0.0040101178314007,1431.0,1426.75,1036460,0.0135940920971631,11.85,0.0055415434043775,0.0049608719005336,4.565454742085126,-0.0087922130710952,1424.1731580261762
2007-01-23,0.0031397200046683,1435.5,1427.75,1051050,-0.0325929364398609,11.47,0.004710633585786,0.0049602013764655,4.541516431920054,-0.0074738915070792,1420.3447290224026
2007-01-24,0.0074607789467675,1446.25,1434.75,1043019,-0.0131638583662425,11.32,0.0031152367649538,0.0049620133749531,4.375869130831913,-0.0049426348231337,1428.4223532317733
2007-01-25,-0.0118241683638062,1429.25,1427.5,1420031,0.0440676052152588,11.83,0.0063555530740444,0.0051476795577499,4.590626696554287,-0.0100837208578953,1431.739700565918
2007-01-26,-0.0012251686139146,1427.5,1422.0,1255881,0.0042176359442032,11.88,0.0053159154107352,0.0057216099213405,4.550221534594336,-0.0084342316839352,1417.2460674991426
2007-01-29,-0.0008760403538801,1426.25,1423.25,943487,-0.0059096837252279,11.81,0.0045169186621281,0.0055881383837637,4.552078983983988,-0.007166543398517,1417.3063296175249
2007-01-30,0.00541911998328,1434.0,1425.5,914770,-0.0179415320969518,11.6,0.0029088223128303,0.0055249848708892,4.361439603995911,-0.0046151376420074,1419.6828258009646
2007-01-31,0.0062565376143055,1443.0,1429.0,1263105,-0.0077888753785275,11.51,0.0078150734386879,0.005563271044353,4.3586905317163485,-0.0123993959489559,1416.329047180767
2007-02-01,0.0053563842968467,1450.75,1441.0,1116868,-0.0201849766638786,11.28,0.004066599511814,0.0056017174685168,4.50857667366847,-0.006452067009786,1433.7196382572547
2007-02-02,0.0015497204995646,1453.0,1448.75,820588,-0.0071174677688641,11.2,0.0027591476413005,0.0056719702056392,4.3796680596224205,-0.0043776637999011,1444.4129850230036
2007-02-05,0.0005160402625916,1453.75,1448.0,625989,-0.0035778213478838,11.16,0.002998219580582,0.0056523396969255,4.124233094031791,-0.004756975351954,1446.1045286103547
2007-02-06,-0.0003439972514138,1453.25,1447.5,822806,0.0750675730334227,12.03,0.0040187008675989,0.0055077659796883,4.160830546755967,-0.0063760710182318,1444.5102746326563
2007-02-07,0.0017188041357689,1455.75,1450.5,894783,-0.0117058192838972,11.89,0.0033238703020948,0.005364938600207,4.193961566230596,-0.0052736528046713,1445.6062370528766
2007-02-08,-0.0012028526237646,1454.0,1446.75,970082,0.0067058088671916,11.97,0.0043380914363929,0.0052362007915522,4.2479228353107805,-0.0068828161123002,1445.7647432070862
2007-02-09,-0.0075940993195935,1443.0,1437.0,1410788,0.0190324321693289,12.2,0.0086164065842399,0.0052154807925687,4.008911435898352,-0.0136707911618957,1434.2579220294506
2007-02-12,-0.0034710204928787,1438.0,1435.0,947280,0.0178721247661219,12.42,0.0043272650322228,0.0054045030793051,4.107091843745545,-0.0068656389388466,1433.1268146567784
2007-02-13,0.0079654100807173,1449.5,1437.5,967121,-0.03523510746591,11.99,0.0035428239537972,0.0054374117167507,3.9335762300685575,-0.0056210446805414,1429.9396128705644
2007-02-14,0.0061898409460665,1458.5,1448.75,1066671,-0.0304850025088496,11.63,0.0046788443582912,0.0056012850523542,4.088453726169239,-0.0074234547169823,1438.7795430327358
2007-02-15,0.0006854009863932,1459.5,1456.25,713126,-0.0069025295627702,11.55,0.0026313275211485,0.0056034794934974,4.312213253829922,-0.0041748643902165,1452.423653074704
2007-02-16,-0.0003426417713843,1459.0,1454.5,713126,0.0008654262764284,11.56,0.0025387818781707,0.0054743154303403,4.314105346453765,-0.0040280314679624,1453.6329124120311
2007-02-19,0.0003426417713843,1459.5,1458.0,670085,0.0,11.56,0.0022601341638519,0.005402465630108,4.152034354707158,-0.0035859289890522,1453.7774989602044
2007-02-20,0.0015404367616103,1461.75,1452.25,927781,-0.0165725554817868,11.37,0.0055276182881775,0.0052518969575413,4.208720587514839,-0.0087701194809642,1446.7559756095957
2007-02-21,-0.0008555052279843,1460.5,1454.25,987778,-0.0114994632968996,11.24,0.004208347110776,0.0051216711108734,4.25816340323165,-0.0066769637581187,1452.0224595832603
2007-02-22,-0.0008562377438954,1459.25,1452.75,1138123,-0.0080393465594168,11.15,0.005801245850974,0.0049703421313802,4.331386480787263,-0.0092042569871922,1447.1188588699565
2007-02-23,-0.0037761802510258,1453.75,1450.5,1060452,0.0387031594455322,11.59,0.0036785655603338,0.004923401461514,4.092215630558052,-0.0058364123209608,1450.7580207724131
2007-02-26,-0.0008602151068082,1452.5,1447.75,1197313,-0.0130266714000084,11.44,0.005801494748142,0.0049697383474837,3.957375371197069,-0.0092046518874527,1440.4301337290783
2007-02-27,-0.040212599057523,1395.25,1389.0,3533951,0.2581866423280554,14.81,0.0194121686918142,0.0048004541842469,4.041542023399237,-0.030799347917342,1408.4458491348628
2007-02-28,0.0098066222301369,1409.0,1390.5,2502209,-0.0926129428353235,13.5,0.0129529019900238,0.0107761073760092,3.2137072188433287,-0.0205510750119435,1366.868744135763
2007-03-01,-0.0028429301308339,1405.0,1380.75,2730029,0.0477314028211899,14.16,0.016531433090477,0.0110973266379713,3.158204431875432,-0.0262287726533391,1372.5241093568725
2007-03-02,-0.0137957934679322,1385.75,1385.0,1991452,0.0702162283421077,15.19,0.0094011525430313,0.0104041953538631,3.234574873554212,-0.0149158691434062,1384.198724068112
2007-03-05,-0.0097897808699149,1372.25,1371.0,2342172,0.0612827330609841,16.15,0.0095535169509588,0.0108378879502568,3.328419555320002,-0.0151576105214293,1364.9037301626026
2007-03-06,0.0168010455463782,1395.5,1368.75,1666841,-0.0718718459037823,15.03,0.0120306234825076,0.0110320320022833,3.2729221801592465,-0.0190877878810391,1346.3051853702898
2007-03-07,-0.0016136265267308,1393.25,1391.0,1525381,-0.0449055036739496,14.37,0.0057532547462316,0.0122468022509303,3.121451681099629,-0.0091281142977604,1382.8196782567666
2007-03-08,0.0082202035426615,1404.75,1390.25,884473,-0.0441038759783531,13.75,0.0079809559345563,0.0115346925477699,3.1707085052248,-0.0126625851260518,1375.7190808941095
2007-03-09,0.0001779517755382,1405.0,1397.75,494606,-0.0109690313705739,13.6,0.0080474922799058,0.0117769849431592,3.126753557173555,-0.0127681516952539,1386.927958292354
2007-03-12,0.0014224753465432,1407.0,1398.5,379028,-0.0344087796855419,13.14,0.0059590836934218,0.011390898798941,3.050347307725383,-0.0094546825167274,1391.778770814332
2007-03-13,-0.0107182162200238,1392.0,1389.0,2428513,0.1046753494782297,14.59,0.0097858721138608,0.0107828256631437,3.0901464986134206,-0.0155262652357081,1385.3232596798953
2007-03-14,0.006979894109417,1401.75,1375.25,2948446,0.037664169420684,15.15,0.012949590081891,0.0106345332346288,3.2300814985725363,-0.0205458203383173,1363.692019231287
2007-03-15,0.001247660798155,1403.5,1396.5,1636999,0.0118111609283442,15.33,0.0059848765794502,0.0102786278076676,3.3291104991193623,-0.0094956055111229,1388.5025308848562
2007-03-16,-0.0032114211364557,1399.0,1395.25,1252036,0.0295651353838279,15.79,0.0070919804145818,0.0100837047832338,3.1956004891064653,-0.0112521365170182,1387.7961430586206
2007-03-19,0.0119017303284323,1415.75,1394.75,1078053,-0.0586869815716331,14.89,0.0071464815634569,0.0099566708218275,3.0829638909670933,-0.0113386080428301,1383.226878954297
2007-03-20,0.0054592017241779,1423.5,1412.5,1064641,-0.0348514944030169,14.38,0.0045393113421939,0.0100726331995473,3.1894927281015844,-0.0072020716259447,1405.5902964669815
2007-03-21,0.0149906938284409,1445.0,1421.0,1609256,-0.0795792082446129,13.28,0.0106675964738349,0.0096191266550696,3.316085263237338,-0.016925209153885,1399.6097091577922
2007-03-22,0.0,1445.0,1441.0,1136059,0.0060060240602122,13.36,0.0048901078795065,0.0101041861313028,3.4181260831040703,-0.0077586454313972,1433.8321371180004
2007-03-23,0.001383126084951,1447.0,1443.5,785022,-0.0022480339178825,13.33,0.003534462319449,0.0099208452976429,3.271203083067655,-0.0056077781110232,1436.9194388025664
2007-03-26,-0.0012101306688983,1445.25,1433.75,1153326,0.0037439205094651,13.38,0.0075912089097321,0.0097887276735639,3.128532032164564,-0.0120442124749646,1429.6765575748584
2007-03-27,-0.0032920414380024,1440.5,1436.0,911001,0.0402837330916319,13.93,0.0045079205859072,0.0092723962029827,3.195116135551315,-0.0071522670502884,1434.950063900031
2007-03-28,-0.0076655427622167,1429.5,1424.25,1446110,0.0551623255090159,14.72,0.0066059443095126,0.0087870813227754,3.319245505598848,-0.0104809916059024,1425.480976210708
2007-03-29,0.0013981127758029,1431.5,1423.25,1331006,-0.0081855845864393,14.6,0.0073742958470277,0.008618888059516,3.463476556096285,-0.0117000581977114,1412.8722294307977
2007-03-30,-0.0001746572356191,1431.25,1418.0,1399338,-0.0075627723817,14.49,0.0107614319189868,0.0084759562796725,3.303894094018786,-0.0170740884763396,1407.2659185047576
2007-04-02,0.0013964044859422,1433.25,1425.75,904543,0.0143887374520996,14.7,0.0050233617170809,0.0081322824245806,3.2979276836692235,-0.007970065977444,1419.8881804392272
2007-04-03,0.0097206111706213,1447.25,1433.25,1008408,-0.0487901641694321,14.0,0.006030130728418,0.0077048750083123,3.383416338305113,-0.0095674057463718,1419.6029034679473
2007-04-04,0.0008633342502912,1448.5,1444.25,753211,-0.0253178079842895,13.65,0.0027348265170611,0.008185378098997,3.220433618473895,-0.0043390759028412,1440.9838768229786
2007-04-05,0.0029297737458096,1452.75,1446.25,520584,-0.008830079448272,13.53,0.0036092779119981,0.0077489169773694,3.3094448114656,-0.005726480534289,1440.2288977017888
2007-04-06,0.0,1452.75,1452.0,46227,0.0,13.53,0.0033990435540082,0.0078248802659859,3.0385829348644786,-0.0053929226903042,1444.9365192474938
2007-04-09,0.0012038869800417,1454.5,1452.5,576687,-0.0171454069549885,13.3,0.0029308880266343,0.0073399961569341,3.138881652971408,-0.0046501471047462,1446.0101815123678
2007-04-10,0.0010307508213749,1456.0,1451.25,712441,0.0215701929353442,13.59,0.0033416237378672,0.0069189737883919,3.238085391085335,-0.0053018204068472,1446.8089086267616
2007-04-11,-0.0051644115472262,1448.5,1444.5,1156391,0.0290085605143373,13.99,0.0059369791435412,0.006533564319781,3.322198121584312,-0.0094196114366674,1442.3494381756836
2007-04-12,0.0048209459762729,1455.5,1442.25,1168430,-0.0187595688975101,13.73,0.0065412994286489,0.0065809087768732,3.076660957537572,-0.0103784260343577,1433.544590931817
2007-04-13,0.0039427496006005,1461.25,1452.25,975395,-0.011721745933102,13.57,0.0038363077478172,0.0064210436109771,3.252259965602508,-0.006086686084324,1446.66773528358
2007-04-16,0.0097046815967152,1475.5,1461.0,1204460,-0.0452224755184249,12.97,0.0051052900037071,0.0062439718244008,3.394651791410979,-0.0081000534015249,1449.4616047364289
2007-04-17,0.002369268327806,1479.0,1471.25,1300312,0.0130220147281119,13.14,0.0052069810311481,0.0066037714941445,3.6009130640263867,-0.0082613963912727,1463.360523183533
2007-04-18,0.0008448087010854,1480.25,1473.0,1097360,-0.0007613247417594,13.13,0.0054628600652591,0.0063815445012663,3.672002391266503,-0.0086673740809094,1466.2363473145208
2007-04-19,0.0,1480.25,1468.25,1198217,-0.0084130515342817,13.02,0.0064710187712776,0.0061773842746457,3.643838068979056,-0.0102669187394953,1465.130143519409
2007-04-20,0.0085765261273049,1493.0,1478.75,1345302,0.0007677543563304,13.03,0.0043078760685004,0.0059257715301723,3.71141817170048,-0.006834876407935,1470.167170894576
2007-04-23,-0.0031865855056905,1488.25,1487.0,847905,0.0144764432867865,13.22,0.0031607046893102,0.0061980051411163,3.785319578184263,-0.005014774234426,1485.5316836792024
2007-04-24,0.000167968422331,1488.5,1480.25,1202067,-0.0007567158893064,13.21,0.005349666925931,0.006017936759697,3.898210196226916,-0.0084877818398068,1475.6715159066378
2007-04-25,0.0081960816761217,1500.75,1486.75,1220950,-0.0083618883271281,13.1,0.0059775958768639,0.0058539721780727,3.797972901262417,-0.0094840539479979,1474.4497178306744
2007-04-26,0.0013317797873186,1502.75,1497.25,972312,0.0007630675685028,13.11,0.0035555782888389,0.0061015061827377,3.776286047386355,-0.0056412807092221,1492.3076831044034
2007-04-27,-0.0004992095951914,1502.0,1494.5,980642,-0.0068886609951852,13.02,0.0043630507647954,0.0059344427727407,3.747195388638968,-0.0069224165841204,1492.383261317783
2007-04-30,-0.0090286518682489,1488.5,1488.0,1189781,0.0295140605131636,13.41,0.0061244821251812,0.0057474504128175,3.744067476659097,-0.0097171036776813,1487.4755921498402
2007-05-01,0.002851154971271,1492.75,1482.25,1240056,0.0014903132415593,13.43,0.0047101951638584,0.0061058209090583,3.6591953217874624,-0.0074731959068247,1477.4176099068347
2007-05-02,0.0055114962063598,1501.0,1492.0,984772,-0.0203090846379749,13.16,0.0048729354240239,0.0059001157806069,3.79869822919462,-0.0077313996125813,1481.253452695685
2007-05-03,0.0048184856874096,1508.25,1498.75,965288,-0.0060975798681188,13.08,0.0038432197139345,0.0058253191721378,3.9812436241705824,-0.0060976526101471,1491.875271417172
2007-05-04,0.0039702285401848,1514.25,1507.0,1130491,0.0045766670274121,13.14,0.0038369917119387,0.0057259235858257,4.145528719496174,-0.006087771261837,1499.0960109613184
2007-05-07,0.0,1514.25,1512.25,522513,0.0060698213670757,13.22,0.0020605024538879,0.0056910297685084,4.055717633450745,-0.0032691933070101,1509.307707092088
2007-05-08,-0.0013216588740325,1512.25,1505.75,880954,0.0479973999031999,13.87,0.0037962047062894,0.0055984201686066,3.8818466232034377,-0.0060230585964237,1505.1569948608244
2007-05-09,0.0021468095108341,1515.5,1507.75,1119541,-0.006509968741228,13.78,0.0050258580738704,0.005423669088315,3.942188622418655,-0.0079740266972639,1500.2392288739773
2007-05-10,-0.0107804344492388,1499.25,1496.0,1655852,0.0300236990217026,14.2,0.0064119984374436,0.0052654475379612,4.03012771009028,-0.0101732770745782,1500.1605570917138
2007-05-11,0.0086336249384046,1512.25,1496.0,1218503,-0.0184795592748372,13.94,0.0056629600480158,0.0057000103991673,4.226600455403831,-0.00898485272459,1485.839794129368
2007-05-14,-0.0023171145752822,1508.75,1502.75,1121195,0.0149522187568691,14.15,0.0061809186204974,0.0058710094581745,4.282801343371631,-0.0098066458242635,1497.4923795011905
2007-05-15,-0.0001657138126258,1508.5,1503.0,1717996,0.0035273405179681,14.2,0.0078360013244936,0.0057524218602373,4.231263640069659,-0.0124326001337296,1490.10843621996
2007-05-16,0.0062778993564593,1518.0,1506.0,1261371,-0.0099080782246958,14.06,0.0041578069003325,0.0056308398945439,4.1336691481403465,-0.006596776657441,1498.581513401606
2007-05-17,-0.0018132371241801,1515.25,1513.0,1120458,0.0070872018830545,14.16,0.0039467395100537,0.005686236267786,4.116479188494541,-0.0062618971243808,1508.5241395602336
2007-05-18,0.0083792488950713,1528.0,1513.75,1197238,-0.0120782995881838,13.99,0.0044018997359355,0.0055858667723033,4.033810982557143,-0.0069840543638745,1504.704280430222
2007-05-21,0.0,1528.0,1526.25,1023877,-0.0151245230918775,13.78,0.0035756839458158,0.005808130621822,3.980807152963854,-0.0056731803456908,1519.355923318855
2007-05-22,-0.0018013596945039,1525.25,1525.0,969947,0.0021747018356883,13.81,0.0037033776496612,0.0056791548362852,3.925313977055815,-0.0058757791832565,1519.0481347547975
2007-05-23,0.0001638941247623,1525.5,1524.0,1313246,-0.0043541433086202,13.75,0.0054308656074244,0.005515382090215,4.005601194734427,-0.0086166116723437,1512.1639726202188
2007-05-24,-0.0092196899372121,1511.5,1507.75,1929248,0.0322031404946345,14.2,0.010043474251785,0.0054262600664393,3.953049847267049,-0.0159349768019496,1501.383848349789
2007-05-25,0.0037969504964516,1517.25,1510.25,888322,-0.0170458672729885,13.96,0.0041001333414229,0.0057209685663351,3.8846509449991102,-0.0065052717856934,1501.6991947099632
2007-05-29,0.0034542348680881,1522.5,1514.25,1132669,-0.0093559516575596,13.83,0.0043099637272105,0.0057282226056551,3.769949289039052,-0.0068381886873596,1506.9101514235083
2007-05-30,0.0075249823431491,1534.0,1512.5,1575491,-0.0197158631644174,13.56,0.0090443339986252,0.0055906568901446,3.890427228284419,-0.0143497408211668,1500.8085253350105
2007-05-31,-0.0006521030553869,1533.0,1530.25,1200642,0.0007371913345282,13.57,0.0035706888689169,0.0057722826752685,3.857014917023837,-0.0056652551564075,1525.3340691226904
2007-06-01,0.004231088492741,1539.5,1532.75,1285623,-0.0118607765531906,13.41,0.0041549311940001,0.005613167153512,3.89284682628232,-0.0065922140616154,1522.9273727783416
2007-06-04,0.0004870525301248,1540.25,1533.25,1014401,0.0118607765531906,13.57,0.004349016187513,0.0056219218224412,3.812345420476332,-0.00690014932303,1528.9137853507093
2007-06-05,-0.0042290238695592,1533.75,1527.0,1635306,0.0102640197274457,13.71,0.0061034239812406,0.0054414219563618,3.9123722796452713,-0.0096836928253435,1525.4066772078272
2007-06-06,-0.0113106688964847,1516.5,1515.0,1834307,0.0442297482658573,14.33,0.006837337089786,0.0053825907039042,3.983939908371205,-0.0108481194038493,1517.2016185597276
2007-06-07,-0.018132410619839,1489.25,1487.75,1503840,0.0989197204994272,15.82,0.0125101805372833,0.0058495714042643,3.873474915543066,-0.0198486531306018,1486.6962778709155
2007-06-08,0.0125116320591045,1508.0,1480.5,676791,-0.0479055997596979,15.08,0.0114366604060442,0.0069723063850805,3.750608749377827,-0.0181454060311552,1462.4706499255178
2007-06-11,0.0016564522588247,1510.5,1504.0,470015,-0.0262023723940241,14.69,0.0057924083983457,0.0075746613792818,3.652651045945366,-0.0091902354843647,1494.204613412133
2007-06-12,-0.0019880722253855,1507.5,1506.5,2432564,0.0387231290447553,15.27,0.006315162076354,0.0070903387243539,3.77899384385012,-0.0100196364987314,1495.4409083663013
2007-06-13,0.0149784711298384,1530.25,1503.75,2122247,-0.0198419207990041,14.97,0.0091385857990524,0.0068562067647674,3.70394792394035,-0.0144992807329242,1485.8000314257258
2007-06-14,0.0060265676333761,1539.5,1528.5,1712047,-0.0216078629684606,14.65,0.004717692528748,0.0076784773149259,3.529154835013696,-0.0074850912263722,1518.8386997405416
2007-06-15,0.005344575034786,1547.75,1538.25,1366620,-0.015130962677297,14.43,0.0063915264383833,0.007466183662558,3.610539893316699,-0.0101407961997398,1523.967135169741
2007-06-18,-0.0011313132519745,1546.0,1543.75,852556,0.0034590141717911,14.48,0.0042051108103121,0.0073650346046618,3.5236696012002824,-0.0066718290436243,1537.4580478477433
2007-06-19,0.0019386112695016,1549.0,1540.5,1070708,-0.0209358658535889,14.18,0.0044735550294666,0.0070827765010438,3.4827284896978883,-0.0070977426565441,1535.0657400384189
2007-06-20,-0.014304535198236,1527.0,1525.25,1830597,0.0582156826609017,15.03,0.0100052393868259,0.006732105296634,3.6089903403439343,-0.0158743133630962,1524.6048291775369
2007-06-21,0.0057138348254044,1535.75,1518.0,1919075,0.0026578088735207,15.07,0.0080908782139966,0.0073422461829159,3.6260927367020233,-0.0128369878206759,1507.5231987893987
2007-06-22,-0.0099796329266172,1520.5,1513.5,1680674,0.0454033883365432,15.77,0.0084648737987737,0.0072504986046502,3.548472348385252,-0.0134303692361154,1515.2621977760284
2007-06-25,-0.0046143786556465,1513.5,1505.0,1905275,0.0138541258709157,15.99,0.0104623772501782,0.0074714811774786,3.513726769128509,-0.0165996083223099,1495.468625823502
2007-06-26,-0.0104608674977386,1497.75,1497.25,1922024,0.0398459085471998,16.64,0.0080735406928338,0.0072360155131204,3.513624998653289,-0.0128094801086425,1494.2364930104677
2007-06-27,0.0140882416317387,1519.0,1492.0,1788626,-0.0638977008657222,15.61,0.0100760994222781,0.0073997312972726,3.647990945521688,-0.0159867398992538,1473.9962388218437
2007-06-28,-0.001152737879809,1517.25,1515.5,1376602,-0.0038510959020974,15.55,0.0057857724954152,0.0081583718078436,3.5322941120875626,-0.0091797069604091,1505.119830541141
2007-06-29,-0.0011540682181063,1515.5,1504.5,1772353,0.0403331290643009,16.19,0.0119644801569673,0.0076228318622876,3.647152025055884,-0.018982844877088,1488.7199263171524
2007-07-02,0.0101756991598263,1531.0,1514.75,913055,-0.0294599806884834,15.72,0.0053355756363683,0.0073369898642363,3.52864505849644,-0.0084654245990093,1502.72479906312
2007-07-03,0.0034232652225609,1536.25,1530.75,546285,-0.0179722424044306,15.44,0.0019428109124024,0.0074671293046632,3.677828751125081,-0.0030824639007965,1526.288013762563
2007-07-05,-0.0011397868204543,1534.5,1528.5,861666,0.0122305998367551,15.63,0.0056217095014914,0.0072353682732844,3.604099550457488,-0.0089194046051987,1522.608492177389
2007-07-06,0.0051998817197524,1542.5,1531.25,882981,-0.0213393160349952,15.3,0.004823832307931,0.0068420071223832,3.7003812120298014,-0.0076534926058793,1522.80054355681
2007-07-09,0.0,1542.5,1538.0,797179,0.0071638209336346,15.41,0.0036671424013811,0.0066741125513345,3.7638563702805095,-0.0058182883363362,1533.551348403296
2007-07-10,-0.0146941419392208,1520.0,1519.0,1735981,0.0815889583245308,16.72,0.0071876515278688,0.0064936477938615,3.5969177337442693,-0.0114039283106373,1525.0093611305065
2007-07-11,0.0072107818173616,1531.0,1515.25,1606676,-0.0041953912301027,16.65,0.0062824636634855,0.0073469303423375,3.522680289661466,-0.0099677571950703,1504.9242694961406
2007-07-12,0.0160366277916432,1555.75,1529.75,1652964,-0.0139101124021703,16.42,0.0090573110280873,0.0072972606048261,3.567037118487544,-0.0143703301768273,1509.156350629276
2007-07-13,0.0027280767942556,1560.0,1553.5,1135596,0.0048602768822525,16.5,0.0052205518766495,0.0081088500533589,3.647237853945516,-0.0082829278954939,1542.9170554726445
2007-07-16,-0.0001602692526869,1559.75,1556.5,1081563,0.0120483385161747,16.7,0.0044110439422582,0.0077515829997058,3.639982966712501,-0.0069985625621307,1549.120357738513
2007-07-17,-0.0006413339966497,1558.75,1555.0,1267583,0.008348289391471,16.84,0.0047544511141697,0.0081384530975622,3.2524928769558343,-0.0075434124000302,1548.028428416002
2007-07-18,-0.0025694570102476,1554.75,1542.5,2112721,0.0309875714388332,17.37,0.0069841461482262,0.0081376494714163,3.113480346078089,-0.0110810466640696,1541.5727651479754
2007-07-19,0.0032107910068974,1559.75,1548.5,1337495,-0.0109986636969043,17.18,0.0073003162189638,0.0082188105954524,2.9756074327854627,-0.0115826821157439,1536.8457149688184
2007-07-20,-0.0095016416590505,1545.0,1537.25,2192420,0.0309480286208252,17.72,0.0096733653999979,0.0081290910131293,3.025057511239222,-0.0153477620772866,1535.994094407756
2007-07-23,0.002585651085023,1549.0,1543.5,1148097,-0.0096399952650596,17.55,0.0054208155741237,0.008156334959833,3.073249254176395,-0.0086006662889545,1531.7689500660392
2007-07-24,-0.0172558408328162,1522.5,1516.5,2101765,0.0352681388374578,18.18,0.0121167041226867,0.0080253910018583,3.111816604687735,-0.0192243634294961,1519.5058723174295
2007-07-25,0.0014767415925138,1524.75,1510.5,2385315,-0.0060689841451955,18.07,0.0100674150880128,0.008399447021329,3.184064732293226,-0.0159729613340295,1498.3743582802258
2007-07-26,-0.0243975257835291,1488.0,1471.0,3650201,0.0694723728147672,19.37,0.0233602429379666,0.008456245855663,3.020215133025792,-0.0370633627340906,1469.2720873273877
2007-07-27,-0.0203673028244333,1458.0,1457.25,3043045,0.035500685389342,20.07,0.0131878501061031,0.0095924741740586,3.0047097240166014,-0.0209238437058764,1457.1887891517952
2007-07-30,0.0154830825884708,1480.75,1455.0,2212883,-0.0318933637759535,19.44,0.0113095557096419,0.0118663851635013,2.963241226599402,-0.0179437417128312,1432.0713487933822
2007-07-31,-0.012743354847351,1462.0,1456.25,2589335,0.0540672212702757,20.52,0.0172351959552869,0.0130392316103796,2.8608900745665937,-0.0273453628534709,1440.806971243893
2007-08-01,0.0054570394630584,1470.0,1442.25,3411368,0.0605099494924745,21.8,0.0155555415980605,0.0130448169868508,2.947036961170931,-0.0246804231576343,1426.3588498139277
2007-08-02,0.0079614208951657,1481.75,1464.5,2209158,-0.0464763293895003,20.81,0.0072228067763123,0.0121470595734757,3.0481953875808454,-0.0114597056297572,1453.250388833896
2007-08-03,-0.0264995418940765,1443.0,1436.25,2673337,0.0829586458843354,22.61,0.0166117784220491,0.0117399071310024,3.091513697033097,-0.0263562485608438,1443.2067870951073
2007-08-06,0.0170063361704242,1467.75,1432.25,2864358,-0.0237200648809841,22.08,0.0160374214355744,0.0146964356816586,2.9709956963712854,-0.0254449737344176,1406.7460987023014
2007-08-07,0.0099992359275855,1482.5,1460.75,2610986,-0.0640555460014016,20.71,0.015121810447689,0.0153214373288902,2.979535512673564,-0.0239922652905271,1432.9544339405422
2007-08-08,0.0143983736379045,1504.0,1480.5,2713939,-0.026916232204325,20.16,0.0108322963830877,0.0148785503006006,3.0054046115989808,-0.0171865220389914,1457.238679990778
2007-08-09,-0.0310625919411817,1458.0,1456.5,3208674,0.1430347038873507,23.26,0.0134296437395094,0.0147844329926259,3.1013842441942088,-0.0213074734979778,1472.2925621659638
2007-08-10,-0.0048126596844157,1451.0,1433.0,3630084,0.1557462616324789,27.18,0.0170433444064271,0.0178401686712828,3.179478614292841,-0.0270409711754662,1419.1025466519443
2007-08-13,0.0027529267214054,1455.0,1453.5,1798787,-0.0405460943943496,26.1,0.0091808491191797,0.0168974706336214,3.064097899944902,-0.0145663357189697,1430.017437399424
2007-08-14,-0.0143638361236124,1434.25,1430.25,2599901,-0.071458963982145,24.3,0.0130693983064942,0.0160940147017856,2.906495791291936,-0.0207359080740822,1425.1399116990538
2007-08-15,-0.0138659527403586,1414.5,1408.75,2962153,0.0355736782696984,25.18,0.0171353174570225,0.0158867515289252,2.988904798645799,-0.0271868956226146,1395.782470643553
2007-08-16,0.0070447631963403,1424.5,1374.5,4817982,0.0790034924930518,27.25,0.0291452385199035,0.015735821526673,2.992503153903231,-0.0462418370435321,1350.5801956995545
2007-08-17,0.0177426814766574,1450.0,1399.5,3323512,-0.0290415048702432,26.47,0.03375150384148,0.0150160706246724,2.959255355850517,-0.0535501378568589,1350.2243139094107
2007-08-20,-0.0006898930939378,1449.0,1434.5,1752018,-0.0793818003181288,24.45,0.0110043010337741,0.0153506420733967,3.104534066573545,-0.0174594246272595,1424.9035565343447
2007-08-21,0.0008622920254914,1450.25,1440.25,1790908,-0.0248459985865308,23.85,0.0096090993012717,0.0145033981264439,3.0367301885942743,-0.0152457974815021,1427.0763855904058
2007-08-22,0.0126757435462954,1468.75,1448.75,1577659,-0.0494192928469932,22.7,0.0062491658702675,0.0136825459720707,3.0144982475142816,-0.0099149269145138,1435.9419262088554
2007-08-23,-0.0015330894749636,1466.5,1457.0,1638692,0.0174676930403907,23.1,0.0128487911886367,0.0136146109110106,3.144907868420041,-0.0203858928087194,1439.1113515326283
2007-08-24,0.0115255513133707,1483.5,1460.0,1194936,-0.0383898895516425,22.23,0.0090336631100441,0.012891142857083,3.0288700948913765,-0.0143328103887554,1445.6308476271813
2007-08-27,-0.0093118424485121,1469.75,1468.0,911862,0.046151894887132,23.28,0.0047817033706601,0.0128159547414482,3.1637874542583893,-0.0075866508316811,1472.2877888354174
2007-08-28,-0.021665221538961,1438.25,1434.75,1968439,0.079646118336591,25.21,0.0111529591414219,0.0125171761252385,3.2625327359493763,-0.0176952855890545,1443.9711090843591
2007-08-29,0.0187693844075438,1465.5,1435.0,2013564,-0.0425423681332142,24.16,0.010648831089392,0.0138241725798512,3.429750236774884,-0.0168954359938927,1414.1542663308487
2007-08-30,-0.002733175599646,1461.5,1452.5,1859430,0.0119318428542669,24.45,0.0090505429736513,0.0144662148623859,3.486613955924464,-0.0143595919812857,1444.6063888340684
2007-08-31,0.0103804216360439,1476.75,1461.25,1719861,-0.0311551677797954,23.7,0.0092543719523398,0.0137593928808438,3.451112217233097,-0.0146829870501177,1440.1975886555958
2007-09-04,0.0085967659659917,1489.5,1468.5,1605356,-0.0395920901220496,22.78,0.0135170042220626,0.0134580800185126,3.531431005138639,-0.0214460796444162,1445.4166911333484
2007-09-05,-0.0087660709693588,1476.5,1468.25,1938199,0.0588154150475781,24.16,0.0087673651673151,0.0130956503409974,3.4496581860415496,-0.0139103020581308,1468.9240457340975
2007-09-06,0.0020297706562866,1479.5,1469.5,1520257,-0.0074782234672459,23.98,0.0070499701360419,0.0127474580146405,3.440575872403483,-0.0111854830067692,1460.07665708561
2007-09-07,-0.0134390046766172,1459.75,1450.25,2462976,0.074316457508381,25.83,0.0118991482701718,0.0120696853048585,3.41188623034096,-0.018879189301894,1451.830252470096
2007-09-10,-0.0030874810118017,1455.25,1440.75,2089511,0.0338757415606956,26.72,0.011963842761705,0.012259003660259,3.551607408206185,-0.0189818335857296,1432.30259359987
2007-09-11,0.0119536942499518,1472.75,1453.25,1855898,-0.1233185378992285,23.62,0.006851826870952,0.0116716434398878,3.5174597971798143,-0.0108711088914467,1439.5154994796003
2007-09-12,0.0023736871097748,1476.25,1465.75,1803900,0.010947477755185,23.88,0.0072191827797368,0.0117708891770166,3.6009945669615187,-0.0114539557965905,1455.9774261305197
2007-09-13,0.0059096837252283,1485.0,1471.0,865139,-0.005037794029957,23.76,0.008723815334982,0.0111556568755439,3.5779354738665523,-0.0138412058917486,1455.9576788638878
2007-09-14,0.0,1485.0,1473.25,560738,0.0008413967681915,23.78,0.0065680631222005,0.0107241559734726,3.5895179675120894,-0.0104208893120231,1469.605331753538
2007-09-17,-0.0054017687054201,1477.0,1472.25,399122,0.0224541658353305,24.32,0.0049416796957901,0.0100617747149341,3.5448282951492014,-0.0078404692779579,1473.4024277381038
2007-09-18,0.0372135963404343,1533.0,1485.0,2602689,-0.1283755340036521,21.39,0.0149417412018582,0.0095102463334001,3.593822402299076,-0.0237065674151582,1442.3971775535508
2007-09-19,0.0055293684543906,1541.5,1531.5,2651718,-0.0390898194294484,20.57,0.0086260404041374,0.0157076755438524,3.4669689753389075,-0.0136860761810765,1512.1621645738956
2007-09-20,-0.0063450957204409,1531.75,1528.75,2201481,0.0120803595219571,20.82,0.0050389822012431,0.0149573206652296,3.412794789873848,-0.0079948494384775,1529.2250730688656
2007-09-21,0.0017937224540265,1534.5,1528.5,1346720,-0.0467030066230975,19.87,0.0069918281701946,0.0143083485672628,3.3946518861839934,-0.0110932349605485,1514.8518382784675
2007-09-24,-0.0017937224540265,1531.75,1528.0,1496817,-0.0080849353990966,19.71,0.0067657723486421,0.0135980605758474,3.2722464681691505,-0.0107345747816025,1518.115890551289
2007-09-25,-0.0017969456767019,1529.0,1518.75,1582077,0.0085880800637991,19.88,0.0058403497228329,0.0129669121112122,3.1302691851365063,-0.0092662991924408,1517.621904881611
2007-09-26,0.0047304549511828,1536.25,1528.5,1689313,-0.0436975199203697,19.03,0.0053483871490157,0.0122987878060203,3.113513699686941,-0.0084857513456824,1516.0801809059917
2007-09-27,0.0053558514783915,1544.5,1535.75,1311882,-0.016424210258612,18.72,0.0025031460871219,0.0117451042458016,3.1265167334046287,-0.0039714917199185,1530.1608952632869
2007-09-28,-0.0042173622930476,1538.0,1533.0,1456078,0.0106270925742864,18.92,0.0052075097001338,0.011252962993486,3.1432597426308,-0.0082622351775145,1531.7915501635878
2007-10-01,0.011956839816074,1556.5,1535.25,1700876,-0.0262397919420007,18.43,0.009853565173196,0.0107484918258415,3.109900829114616,-0.0156336670473837,1514.1423969135487
2007-10-02,-0.0012857603828546,1554.5,1551.25,1273754,0.0262397919420007,18.92,0.0038961993608768,0.0110057401725518,3.1974969663229458,-0.0061817101209084,1546.9078466982046
2007-10-03,-0.0024152656455811,1550.75,1546.5,1385584,0.0094687714288519,19.1,0.004336848369906,0.0104802199989162,3.045933030138311,-0.0068808438629434,1543.8404436437795
2007-10-04,0.0009668063917747,1552.25,1548.0,925288,0.0083420713173949,19.26,0.0030173604170424,0.0099589769911274,3.0251953896720787,-0.004787344204138,1543.3437682109209
2007-10-05,0.0118477210380545,1570.75,1550.5,1698410,-0.0715551187529377,17.93,0.0074600945369194,0.0094029804436529,3.002445523756037,-0.0118361864038268,1533.9855834037803
2007-10-08,-0.005106122471135,1562.75,1559.75,718340,0.014946306465708,18.2,0.0038383853971162,0.0099500104370042,3.099132239004676,-0.0060899824828165,1561.2132288745363
2007-10-09,0.0086015184672083,1576.25,1560.5,1282309,0.0238882151746953,18.64,0.0055831600544475,0.0095971824836076,3.12616443635062,-0.0088582420503923,1548.9679148801808
2007-10-10,-0.001905064872087,1573.25,1565.25,1306369,-0.0010735374085237,18.62,0.0048314743378778,0.0095990041789819,3.196319573750351,-0.0076656174510146,1564.2132639413528
2007-10-11,-0.0050979877816228,1565.25,1556.25,2280665,0.0614456658515685,19.8,0.0133763855195419,0.0092111979441893,3.067208218226318,-0.0212229740032392,1540.212770311128
2007-10-12,0.0058922059156598,1574.5,1559.0,1412727,-0.0178348676360342,19.45,0.0061628417317657,0.0089558594269758,3.0875345883385705,-0.0097779650316045,1550.0196226290184
2007-10-15,-0.0090916967269274,1560.25,1550.0,1954174,0.048177906757298,20.41,0.010316585334077,0.0087852974486549,3.124606098506769,-0.0163682948601808,1548.9378944990424
2007-10-16,-0.0082053392554009,1547.5,1545.25,1844427,0.0440895556615057,21.33,0.005513392981173,0.0089941800774362,3.1743899790306447,-0.008747549608086,1546.661156914474
2007-10-17,0.0032258092488826,1552.5,1534.0,2240072,-0.0122643046671617,21.07,0.0123715187449207,0.009012091217986,3.2532598976144764,-0.0196286523231899,1517.4208330307613
2007-10-18,-0.0037105793965359,1546.75,1540.0,1556337,0.0009487666745857,21.09,0.0062971111924047,0.0086506489000328,3.2637120637803894,-0.0099909969652616,1537.06620509373
2007-10-19,-0.0268648424872672,1505.75,1505.0,2689752,0.0664925141209469,22.54,0.0119327923447284,0.0082982896921889,3.2999526398066745,-0.0189325689924415,1517.7415179383652
2007-10-22,0.0051337365379424,1513.5,1492.5,2401489,-0.0120510273423537,22.27,0.0103889861468327,0.0120717542646831,3.2327629564498395,-0.0164831659936931,1481.1339057251516
2007-10-23,0.0078973756949514,1525.5,1510.25,1746151,-0.0324007352284803,21.56,0.0063561400307981,0.0116000133052511,3.229089586075454,-0.010084652123513,1498.313582584316
2007-10-24,-0.002296965735093,1522.0,1495.25,2688644,0.0206571494975742,22.01,0.0136893237012461,0.0113435896605727,3.2517108295742303,-0.021719481739595,1492.724156228081
2007-10-25,0.0019691506198808,1525.0,1505.5,1954427,-0.0137239116481699,21.71,0.0112432139332241,0.0108444422666114,3.2294905354333365,-0.0178384838467069,1495.0905530237694
2007-10-26,0.0114100667380308,1542.5,1521.75,1550975,-0.0461910574425119,20.73,0.0079972343125251,0.0104403523853404,3.146275051126408,-0.0126884124014352,1505.7724128282916
2007-10-29,0.0029130947935227,1547.0,1540.75,1019404,-0.0224399659837799,20.27,0.0042348379371827,0.0105931604280066,3.2349008726751523,-0.0067189941047571,1532.1706917336735
2007-10-30,-0.0071359368654482,1536.0,1534.75,1024638,0.0334738989889329,20.96,0.0040467618018932,0.0101425003489631,3.2440605872181925,-0.0064205924981312,1537.0991620410152
2007-10-31,0.0122939109057167,1555.0,1533.75,1961311,-0.0950239612267855,19.06,0.008594251018119,0.0100196465082225,3.1979289975074,-0.013635639139466,1515.197806198567
2007-11-01,-0.0255651796614939,1515.75,1510.5,2522700,0.1583391676260106,22.33,0.0134752704508322,0.0103432381558154,3.2884183383980483,-0.0213798648406796,1522.1071850702726
2007-11-02,0.0011538779818129,1517.5,1496.75,2779027,0.0286932065685432,22.98,0.0132022439580133,0.0130077149250338,3.3283818939818834,-0.0209466809921111,1484.330286454535
2007-11-05,-0.0079391750118649,1505.5,1494.25,2089436,0.042178776025683,23.97,0.0094353225953836,0.0124665930152179,3.190477404763834,-0.0149700833503533,1494.9520916366228
2007-11-06,0.0128693411197238,1525.0,1503.5,1721389,-0.0659579677917969,22.44,0.0068077690503489,0.0121534728741531,3.1941220378679613,-0.0108012067508473,1489.3262882820025
2007-11-07,-0.0280959383226759,1482.75,1478.75,2623334,0.1167922498822777,25.22,0.0131472690962231,0.0122899005510897,3.272146188063515,-0.020859457873362,1493.518808528583
2007-11-08,-0.0049015563358425,1475.5,1454.0,3096792,0.0007927071362385,25.24,0.0175573615642188,0.0151467198774362,3.265923400409953,-0.0278565108263753,1442.0157496785998
2007-11-09,-0.0139910147774005,1455.0,1451.75,2533438,0.0659242483710942,26.96,0.0102890332519077,0.0143311862532559,3.27711573036989,-0.0163245807250911,1451.608620089437
2007-11-12,-0.0101891909931008,1440.25,1439.5,1946149,0.0249097128553628,27.64,0.0132515786878258,0.0143590614687237,3.3523285547067285,-0.0210249554771533,1424.728038236909
2007-11-13,0.0294189165262599,1483.25,1437.25,2063330,-0.107614219123008,24.82,0.0154709520954262,0.0140924559183541,3.308368454898206,-0.0245462134480881,1405.327674926494
2007-11-14,-0.0035458036306055,1478.0,1470.0,1892320,0.0132081167692867,25.15,0.0125777982786333,0.0167241493617128,3.38953734444569,-0.019955935442758,1453.9437481582322
2007-11-15,-0.0136241889395432,1458.0,1446.75,2256322,0.0598056688604557,26.7,0.014766449644117,0.0157465446885052,3.3767101710680354,-0.0234284498199757,1443.7752332428406
2007-11-16,0.001542020351815,1460.25,1447.5,2135862,-0.0094074071018952,26.45,0.0092807808195328,0.0155450676622239,3.473873693084449,-0.0147248873602629,1436.68840471646
2007-11-19,-0.0157021602489129,1437.5,1433.25,2102852,0.0176133464722187,26.92,0.0124955810286843,0.0146954150587695,3.469534178550615,-0.0198254895494533,1431.5849174277234
2007-11-20,0.0058956300472043,1446.0,1422.0,2970104,-0.0278737442947734,26.18,0.0166397504649059,0.0148462593001009,3.580688115191999,-0.0264006290055836,1400.045680032822
2007-11-21,-0.0197300158245727,1417.75,1417.0,1996723,0.0237791917661138,26.81,0.0087058284904453,0.0141921082011792,3.591952841254264,-0.0138126679632144,1426.164190223808
2007-11-23,0.0169599309507573,1442.0,1417.5,693706,-0.0360775789041563,25.86,0.0082003539868173,0.0149627281454894,3.7115850559677455,-0.0130106820878726,1399.4235835794796
2007-11-26,-0.0229733908832105,1409.25,1406.75,2322802,0.0549216613588776,27.32,0.0186417790918308,0.0152738129751355,3.794881298295897,-0.0295770477355084,1399.9744565414776
2007-11-27,0.0121662436918708,1426.5,1406.25,2558722,-0.0248298840907357,26.65,0.0108969838235646,0.0164661298349262,3.80803204297828,-0.0172891551356207,1385.0946724239502
2007-11-28,0.0303785873404951,1470.5,1420.5,2417256,-0.0816700473329117,24.56,0.0187678203264116,0.0160839296865445,3.830377090261994,-0.0297770247652476,1384.6492616827134
2007-11-29,0.0006798096794771,1471.5,1460.75,1815242,0.0121409828036234,24.86,0.0078198709176186,0.0185918980060268,3.822490170055546,-0.0124070076292919,1452.3682085095618
2007-11-30,0.0082903782503507,1483.75,1468.5,2018633,-0.0273207614606292,24.19,0.0098800444160143,0.0174218215536938,3.7883665897001744,-0.0156756790155,1448.6130909078574
2007-12-03,-0.005575751540884,1475.5,1472.0,1471676,0.004125418392145,24.29,0.0058019114125772,0.0166346723274027,3.7878680370353206,-0.0092053129672686,1470.1542892766597
2007-12-04,-0.0083369262116637,1463.25,1462.5,1380860,0.0077917146300445,24.48,0.0039197515969014,0.0158060698971401,3.695544572018186,-0.0062190780998844,1466.3522251108286
2007-12-05,0.0161006782888248,1487.0,1463.0,1733327,-0.0597569428032125,23.06,0.0075583896871962,0.0151744699674827,3.677103473515834,-0.0119921414946786,1445.807295684903
2007-12-06,0.0136919821411858,1507.5,1482.0,1720838,-0.0621706992926451,21.67,0.0106738733909565,0.0153379167080541,3.764263260015421,-0.0169351681109363,1462.0294421101937
2007-12-07,-0.0001658512318263,1507.25,1500.75,1283732,0.013749070848251,21.97,0.0067983746104381,0.0152096491345074,3.80019351271006,-0.0107863015319666,1491.3270305058077
2007-12-10,0.0076008297193439,1518.75,1501.0,1152663,-0.0319102219230753,21.28,0.0077526748758443,0.0143333899398416,3.762672756904888,-0.0123003943857058,1488.823787723943
2007-12-11,-0.0271978055807116,1478.0,1475.5,2333091,0.1165291169967899,23.91,0.0174992007388889,0.0137592836541563,3.75702526575071,-0.0277642328576983,1477.1630575405095
2007-12-12,0.0082540685918894,1490.25,1468.75,3006773,-0.0062932869757892,23.76,0.0221976082020578,0.0160834248063496,3.780518272974049,-0.0352187263979587,1426.852680747718
2007-12-13,-0.0015109547069993,1488.0,1469.75,1401591,0.0079648293624798,23.95,0.010710396303631,0.0154182307832967,3.789871987698932,-0.0169931153662006,1465.1399629445611
2007-12-14,-0.0135320062185764,1468.0,1467.5,658529,0.0292141738792741,24.66,0.0093618564721686,0.0145863112467177,3.6701984715258047,-0.0148535219952075,1466.0612961359232
2007-12-17,-0.0147540847582705,1446.5,1444.75,630342,0.0315332452603334,25.45,0.0065836955430337,0.0145224713992812,3.743095123595304,-0.0104456917117796,1452.745534990583
2007-12-18,0.0137317640013154,1466.5,1445.75,2122635,-0.0351895564634436,24.57,0.0121346388728767,0.0146093436354672,3.811043072157736,-0.0192528187051369,1418.9171733312633
2007-12-19,-0.0010233669663382,1465.0,1455.75,1996306,-0.0061237178505293,24.42,0.0095074952953726,0.0145632849671656,3.877193466932528,-0.0150845925601375,1444.5444565454252
2007-12-20,0.0066332414320173,1474.75,1457.5,1606569,-0.010290273967167,24.17,0.0072412021076065,0.0137441538714033,3.838132097748327,-0.0114888916634034,1448.2650905699456
2007-12-21,0.0156424011939799,1498.0,1471.25,1195437,-0.0452795771876437,23.1,0.008591415549135,0.0131669207888371,3.815694019228984,-0.0136311403842195,1454.7838654644147
2007-12-24,0.0056581944931917,1506.5,1495.0,253393,-0.0406416356055268,22.18,0.0057215864719296,0.0135867955533528,3.845075094113691,-0.0090778694120058,1484.462888648751
2007-12-26,0.002154994617654,1509.75,1499.25,363604,-0.0072398506276871,22.02,0.0053552154471553,0.0129885041952109,3.788712570975165,-0.0084965851238875,1493.75411941961
2007-12-27,-0.0133357535609217,1489.75,1485.0,901031,0.0312944625584168,22.72,0.0090516127732494,0.0122954614963677,3.709980140118767,-0.0143612893253872,1488.2229912297742
2007-12-28,-0.0028569047244264,1485.5,1481.0,792586,0.003953442443346,22.81,0.0102743905157343,0.0125326179189245,3.785412616771112,-0.0163013485590706,1465.6619333848862
2007-12-31,-0.0055691646768778,1477.25,1471.0,671363,0.01349900750788,23.12,0.0079178910269633,0.0118812104805269,3.741178446385923,-0.0125625263401857,1466.955096432642
2008-01-02,-0.0127737409180079,1458.5,1449.0,1623508,0.0315053728655931,23.86,0.0138429122439878,0.011384099932797,3.737266004002848,-0.0219631653299819,1445.1586181898465
2008-01-03,0.0001713942929892,1458.75,1451.0,1266237,-0.0186130585001986,23.42,0.0066683014143938,0.0116821505634787,3.815266947350435,-0.0105799273919469,1443.150517283422
2008-01-04,-0.0248125855109133,1423.0,1417.5,2199479,0.0524028408676158,24.68,0.016330563803321,0.0110648804960558,3.71085702157037,-0.0259100734312562,1421.4391313632586
2008-01-07,-0.0010546669987974,1421.5,1410.0,2436934,-0.0229518271782023,24.12,0.0110624902009952,0.0136231802911836,3.7476870157442734,-0.0175517475631825,1398.2417738747156
2008-01-08,-0.0173855718340929,1397.0,1393.0,2902242,0.0712015968465071,25.9,0.0195132774525033,0.0128998529223827,3.718823268154256,-0.0309597670826293,1378.1649736096829
2008-01-09,0.0103258884365819,1411.5,1385.0,2811604,-0.0046439711944503,25.78,0.014598021536616,0.0135802827435476,3.8030588226082434,-0.023161221775323,1365.0156018515834
2008-01-10,0.0067078804035567,1421.0,1401.5,2737056,-0.032725175313514,24.95,0.0169125757534361,0.0133295225101295,3.819590668806629,-0.0268334936234165,1374.128174467529
2008-01-11,-0.0093681639623728,1407.75,1400.25,2191787,0.0469753683134044,26.15,0.0103488773164071,0.0128472647401895,3.7687381252821215,-0.0164195293211272,1397.8583561992211
2008-01-14,0.0088402273025085,1420.25,1398.0,1456055,-0.0409813443731934,25.1,0.0122331672210141,0.0125702980932758,3.81540076421103,-0.0194091437877273,1380.6902307880125
2008-01-15,-0.0229690503704862,1388.0,1385.25,2438444,0.0055621915352737,25.24,0.0117806453058357,0.0122720877982958,3.860207114109361,-0.018691172492141,1393.9504129906975
2008-01-16,-0.0086831225734611,1376.0,1368.5,3222442,-0.0099542928261513,24.99,0.0145995274096668,0.0140722395737132,3.928867552499169,-0.0231636109935884,1356.2184170815715
2008-01-17,-0.026697710118329,1339.75,1334.0,3404177,0.0762493923047777,26.97,0.0230014585147813,0.013634109146422,3.948537019115802,-0.0364941153484718,1326.689344282848
2008-01-18,-0.0108819085070441,1325.25,1315.75,3219547,0.0099613441296728,27.24,0.0225181521695313,0.01592765236323,4.012334110778073,-0.0357273014744356,1292.7293105087372
2008-01-22,-0.0121466667083183,1309.25,1255.5,4734875,0.0178283783463752,27.73,0.0406329227113397,0.0154928459586596,4.0334472127550685,-0.0644681974154049,1242.509249802975
2008-01-23,0.024333936706081,1341.5,1261.0,4119794,-0.0491508494754162,26.4,0.0431418810179376,0.0152294449191058,4.0156989889198815,-0.0684489108030647,1222.6315493089674
2008-01-24,0.0079814808858582,1352.25,1333.25,2431922,0.0011357184639271,26.43,0.0117417372267056,0.0168323131321549,4.0045309095071255,-0.0186294409316467,1316.7399539870726
2008-01-25,-0.013587924275968,1334.0,1328.25,2543013,0.0120347447258177,26.75,0.0198150050833736,0.0160400123570436,4.009293087577743,-0.0314384881584134,1310.3986234180772
2008-01-28,0.0152504350495812,1354.5,1310.25,2013859,-0.0223029467530175,26.16,0.0239622879676889,0.0158291499078027,4.0727720950858775,-0.0380185674114609,1284.2352180037842
2008-01-29,0.0055218251843074,1362.0,1350.25,1581503,0.0034344624486348,26.25,0.0078574776392351,0.015850774915697,4.109555497190745,-0.0124666744558832,1337.7187102300345
2008-01-30,-0.008479313476787,1350.5,1347.25,2609409,-0.0041992808415569,26.14,0.020196032818645,0.0150588511128767,4.043457768348096,-0.0320430267842152,1319.0492091251788
2008-01-31,0.0212462204246701,1379.5,1331.5,3192392,-0.0193130761436064,25.64,0.0256436263350558,0.0145144992940325,4.026640286067735,-0.0406861789578795,1296.6560941181988
2008-02-01,0.0126059655996213,1397.0,1371.5,2290938,-0.0272798098549418,24.95,0.0087558815105699,0.0155727854235357,4.168746596873066,-0.0138920820877053,1360.468373295297
2008-02-04,-0.0131497886892493,1378.75,1378.0,1218675,0.0338881915329949,25.81,0.0077747665468762,0.0153070558906485,4.2598714075874335,-0.0123354450321837,1379.873233604187
2008-02-05,-0.0260852409587819,1343.25,1337.5,2517764,0.0594159695444642,27.39,0.015741136790128,0.0151274635707351,4.36735148596647,-0.0249748884996072,1344.742309282106
2008-02-06,-0.0099131083931309,1330.0,1324.75,2162714,0.0287893218510344,28.19,0.0137321485258813,0.0168425678773615,4.54351070576207,-0.0217874276087238,1314.300550050758
2008-02-07,0.0076772214918472,1340.25,1312.75,2927426,-0.020427157144875,27.62,0.0185829629538495,0.0162233704976175,4.618189795179594,-0.0294837300477425,1291.359077442408
2008-02-08,-0.0074892692311685,1330.25,1321.0,1708720,0.0003619909541789,27.63,0.0110915035303495,0.0155675827392532,4.561557298333946,-0.0175977801131366,1316.87088877015
2008-02-11,0.005995895797012,1338.25,1320.25,1842322,-0.0241770017836864,26.97,0.0110918807272703,0.0149389292171848,4.604140605092326,-0.0175983785737921,1307.0445449900242
2008-02-12,0.0085565998249057,1349.75,1332.75,2251770,-0.0093127884831938,26.72,0.0151443460569309,0.0143130046669917,4.522276217957479,-0.0240280202893936,1306.477742686199
2008-02-13,0.0103188680488841,1363.75,1343.5,1835901,-0.0346503349379223,25.81,0.0124632560082337,0.0138758006887067,4.540309876713861,-0.0197742026702231,1323.321928121727
2008-02-14,-0.0093931991870812,1351.0,1347.25,1902104,0.0142337467512314,26.18,0.0111219614622169,0.0135961879057607,4.709240655259611,-0.0176461046695178,1339.896206993939
2008-02-15,0.0001850309932187,1351.25,1337.0,1466909,-0.0095951609311808,25.93,0.0106194742598986,0.0132600757657606,4.873809956926822,-0.016848858446599,1328.4278834232591
2008-02-19,0.0031402999853025,1355.5,1345.25,1718585,-0.0124176993391391,25.61,0.0125094423136173,0.0124602164357049,5.0009794638754,-0.0198474818648927,1324.695481983645
2008-02-20,0.002578745212423,1359.0,1332.75,2212665,-0.0062671572149022,25.45,0.0166770416794674,0.011692624144482,5.178758284749814,-0.026459795248664,1320.1040968091093
2008-02-21,-0.0088692377407797,1347.0,1339.25,2032645,-0.0011794772352233,25.42,0.0147872930039597,0.0109278501145659,5.357057234113452,-0.0234615198958519,1327.4869124267996
2008-02-22,0.0062904925283566,1355.5,1327.0,2024737,-0.0218740079459949,24.87,0.0155256924752643,0.0106491145304448,5.674794958462154,-0.0246330645377591,1314.2245986489047
2008-02-25,0.0118075516500448,1371.6,1346.25,2041157,-0.0285500630999218,24.17,0.0130462372241738,0.0101629358286576,5.890551681033809,-0.020699160699595,1327.730679966157
2008-02-26,0.0080963282860224,1382.75,1363.75,2096189,-0.0192152946380774,23.71,0.0115590364394437,0.0103407026614845,6.319114432667829,-0.0184030597520502,1346.5892066746603
2008-02-27,-0.0016285175045789,1380.5,1371.0,1835677,0.0071443884470872,23.88,0.0097158853464773,0.0105627453531164,8.091944385021423,-0.0156531580986129,1361.2741168387397
2008-02-28,-0.010742024094382,1365.75,1363.5,1796976,0.0288918156134876,24.58,0.0066619543774893,0.0100134845780019,7.750508320473556,-0.0107155040273579,1365.786220261818
2008-02-29,-0.025585377818091,1331.25,1325.25,2302716,0.0600022101907589,26.1,0.014984558516567,0.0101076352994094,8.042224785578874,-0.0241360483882517,1333.180818661647
2008-03-03,0.000563221642599,1332.0,1320.0,1944534,0.00229621226035,26.16,0.0083054579471959,0.0128347624120527,7.473350099212081,-0.0133389808552119,1313.6103904914603
2008-03-04,-0.0037608167681275,1327.0,1307.0,2763950,-0.0169626272195793,25.72,0.0161075250289022,0.0122457303053874,7.130586797330086,-0.0258146990623031,1298.0548478554306
2008-03-05,0.0063849982178085,1335.5,1320.25,2468567,-0.0352162998493432,24.83,0.0126579846463598,0.0118427527199425,6.667793731215395,-0.0202165566241594,1300.4419896554027
2008-03-06,-0.0208065005328714,1308.0,1302.25,2517077,0.0748556357399525,26.76,0.0174484413603692,0.0114464587189585,6.719485549147913,-0.0278793856052242,1298.7813061374045
2008-03-07,-0.0117275207408136,1292.75,1282.25,3078193,0.0055897294787867,26.91,0.0184980226122951,0.0127719173673213,6.8533731959157205,-0.0295874359172627,1269.8665511537492
2008-03-10,-0.0134334736944641,1275.5,1272.5,2381829,0.0307378754536289,27.75,0.0125140357841588,0.0127316984495923,7.051809813422712,-0.0200448766587546,1267.0949706527706
2008-03-11,0.0373191989150871,1324.0,1272.25,3222244,-0.0616837410438066,26.09,0.0167088301188843,0.0128665111910974,7.298219344702605,-0.0268072302172322,1241.7616146104235
2008-03-12,-0.0110120725491871,1309.5,1308.0,2545300,0.0313174056278904,26.92,0.0125209249035977,0.0173323340938118,6.7175027670055085,-0.0200058036264265,1297.775511632033
2008-03-13,0.0028595958863046,1313.25,1282.0,1853949,0.0037078277555253,27.02,0.0219388202649874,0.0168237521100302,6.6450688349244125,-0.0350326938046298,1264.418953247289
2008-03-14,-0.0167006472981761,1291.5,1274.25,1347641,0.0540282630140427,28.52,0.0306344916818894,0.015972111428463,6.545748970933013,-0.0488764697130634,1250.60634679586
2008-03-17,-0.0093349569360512,1279.5,1253.0,3692310,0.0007010165025951,28.54,0.0332623939959671,0.0161601150417499,6.722774628109396,-0.053148573261617,1224.6508222367372
2008-03-18,0.0417125708757248,1334.0,1278.75,3129809,-0.0855472012816394,26.2,0.0169641962249767,0.0156349721388291,6.493942155382274,-0.0270533687951933,1245.3492439680924
2008-03-19,-0.0262023723940236,1299.5,1296.75,3251081,0.0451484995476434,27.41,0.019584108081617,0.0206107460916835,6.335255637891795,-0.0311846904857438,1293.0415799513764
2008-03-20,0.019244187291326,1324.75,1286.5,2162947,-0.0150710443103654,27.0,0.0219659295043917,0.0216436219034568,6.297087642136152,-0.0349641152975579,1254.8492675113494
2008-03-24,0.0199913243436311,1351.5,1325.25,1429511,-0.0243685910169575,26.35,0.0150572143570638,0.0214270237889643,6.436190846842863,-0.0239994984426575,1293.335142683365
2008-03-25,0.0,1351.5,1342.0,1733906,-0.0011391685302553,26.32,0.0091612376557595,0.0213304413056575,6.584269703239815,-0.014621415985803,1331.8829205214445
2008-03-26,-0.0119093331664865,1335.5,1334.0,1602660,0.02365419089789,26.95,0.0058531239333085,0.0200012878177607,6.463563293841758,-0.0093315840617505,1338.9470248031955
2008-03-27,-0.0043147989275889,1329.75,1326.5,2021529,-0.0115694516828179,26.64,0.0111020372838902,0.0192735658588463,6.450621653746176,-0.0176977666071534,1312.0725509336278
2008-03-28,-0.0081170809051123,1319.0,1313.75,1526259,-0.0015026298845346,26.6,0.0132396784728722,0.018238405581182,6.217689518533043,-0.021057017911106,1302.042176294637
2008-03-31,0.0037835837796391,1324.0,1309.5,1619317,-0.0224301363270935,26.01,0.0110011329404471,0.0174381649160636,6.176069218035842,-0.017489015841501,1296.1325356892492
2008-04-01,0.0345181792458868,1370.5,1315.75,2328623,-0.0804272491126143,24.0,0.0197507599359751,0.01652210441486,6.071407149143876,-0.0313624861865638,1283.1204610010625
2008-04-02,0.0003647638194737,1371.0,1363.0,1842164,0.0263173083173731,24.64,0.0087582327797889,0.019565621987028,6.305129833619003,-0.0139419788521452,1351.5250991749815
2008-04-03,0.001821825973014,1373.5,1359.5,1597014,-0.0151301189268089,24.27,0.0092947809232493,0.0184951400581187,5.99071208860011,-0.0147470999255919,1350.9300763145652
2008-04-04,-0.001092697249498,1372.0,1364.25,1921087,-0.0128552464912612,23.96,0.0121850693071279,0.0175089441732039,5.874232388398428,-0.019332831634902,1347.2013881722523
2008-04-07,0.0001821991441683,1372.25,1369.75,1476207,-0.040456869199974,23.01,0.0098676070845201,0.0165907331343994,5.731670308907694,-0.0156559459446652,1350.687312629833
2008-04-08,-0.0009113278676844,1371.0,1362.25,1412742,0.0450373477477059,24.07,0.0051705259296823,0.0157076399378881,5.608696833233407,-0.008203556725276,1361.0387183512105
2008-04-09,-0.0078718941962794,1360.25,1351.25,1833439,0.0242162459412176,24.66,0.0127377771786363,0.0146305369378068,5.605871614355515,-0.0202097579743283,1343.5705269119203
2008-04-10,0.0018362105783555,1362.75,1351.25,1787751,-0.0134723409407668,24.33,0.0092196624490761,0.0138562998804616,5.718887005135802,-0.0146279169503247,1340.4971993494885
2008-04-11,-0.0201989633943746,1335.5,1331.75,2024747,0.0263653479020002,24.98,0.0150251521089631,0.0128120327645102,5.656752896137835,-0.0238389071649724,1330.647691516814
2008-04-14,-0.00318740309228,1331.25,1325.75,1459105,-0.0040112368264528,24.88,0.005815598472319,0.0142752342459163,5.801962790540973,-0.0092270288570101,1323.2339794495635
2008-04-15,0.003561724638855,1336.0,1325.0,1753265,-0.0190713834661102,24.41,0.0069181185490408,0.0133780122005721,5.786046003368535,-0.0109762872715595,1316.7177187192185
2008-04-16,0.0258603254657234,1371.0,1337.25,2089593,-0.0612393129535027,22.96,0.0123421106016449,0.0126915219913483,5.526299881756401,-0.0195819933614461,1310.0929406441082
2008-04-17,0.0009113278676844,1372.25,1358.5,1788172,0.0030441423812281,23.03,0.0082600300274602,0.0151402496229687,5.614137478985164,-0.0131053640972488,1353.1497681977228
2008-04-18,0.0114121336367514,1388.0,1370.0,1987772,-0.0367054249543601,22.2,0.013091859399834,0.0142137477050341,5.6440051520011005,-0.0207715448460143,1344.040241979645
2008-04-21,0.0001800990549662,1388.25,1380.75,1257968,-0.0126928267984189,21.92,0.0067448626455716,0.0138938893951426,5.858417282132693,-0.0107013994455572,1373.2256516672949
2008-04-22,-0.0054171313404198,1380.75,1370.75,1754531,0.0081781464438921,22.1,0.0098177837854109,0.0131921799755292,5.624362571442901,-0.0155768962955499,1366.7929248943308
2008-04-23,-0.001630878317445,1378.5,1372.75,1834571,-0.0109191257753145,21.86,0.0086561883249124,0.0125698124681233,5.68269977413025,-0.0137339088738414,1361.916529933506
2008-04-24,0.0054259492859971,1386.0,1368.0,2146239,-0.0292432070332275,21.23,0.0157221393043381,0.0118667600543855,5.722625710818401,-0.0249447470876049,1344.539001374388
2008-04-25,0.0079051795071132,1397.0,1380.5,1567802,-0.025764783957713,20.69,0.0091672833243184,0.0114631462583501,5.585397394900347,-0.0145448122280945,1365.9867872800323
2008-04-28,0.0003578457722923,1397.5,1393.5,1155730,-0.0072762872570395,20.54,0.0056584731262892,0.011221865067356,5.76773749340908,-0.0089777337743311,1384.5142367089468
2008-04-29,-0.0044823024394995,1391.25,1387.0,1448179,0.0130594359051308,20.81,0.0054727877395439,0.010688929128077,5.789133221882085,-0.0086831253294772,1385.417863616924
2008-04-30,-0.003780722839906,1386.0,1383.5,1916786,0.0204525559681947,21.24,0.0118762142384756,0.0103940127285809,5.5919513592013566,-0.0188428021659397,1365.280389972546
2008-05-01,0.0182310679436952,1411.5,1382.25,1904214,-0.0671785377567113,19.86,0.0083538471619287,0.0100691813717607,5.6325225973504764,-0.0132542143679722,1367.7508650172672
2008-05-02,0.00300645730037,1415.75,1406.0,1924510,-0.010121543898006,19.66,0.0102948145636978,0.0115454845670089,5.847563686913207,-0.0163337533546961,1388.6321742620582
2008-05-05,-0.0053116272190907,1408.25,1400.75,1247386,0.0015247779320137,19.69,0.0079510899230636,0.0111555610504697,5.812698313263288,-0.0126151997105699,1398.0022123221956
2008-05-06,0.008837102402408,1420.75,1397.0,1891642,-0.0451907584938005,18.82,0.0115670574105987,0.0108983518100782,5.871590513096392,-0.0183522939257749,1382.6410919497885
2008-05-07,-0.0181112905086884,1395.25,1390.5,1944506,0.0456985015867088,19.7,0.0123162341041891,0.0109031075115847,6.1272112577623,-0.0195693091050855,1393.2171818568208
2008-05-08,-0.0023320487741775,1392.0,1389.25,1703231,-0.0015240033429746,19.67,0.0069067225076434,0.0119465192869285,6.539439751252063,-0.0110188672819235,1379.9603176153607
2008-05-09,-0.0021574981400211,1389.0,1381.75,1625250,0.0086054694557589,19.84,0.0057737566122098,0.0115341030594595,6.560563283967411,-0.0092130655210362,1379.2343086665312
2008-05-12,0.0112752872379635,1404.75,1386.25,1570216,-0.0464240140987946,18.94,0.0055925312302264,0.0112164525576847,6.198242534654714,-0.008892808128797,1376.7026495396883
2008-05-13,0.0,1404.75,1396.5,1527087,0.0927148979131491,20.78,0.0071574561372631,0.0114281648474126,6.256845482633034,-0.0113881808530044,1388.843199619756
2008-05-14,0.0021333341424201,1407.75,1398.75,1740580,-0.0223853629608004,20.32,0.0112871265804426,0.0110941729839343,6.266702211816242,-0.0179606825221721,1379.744957230652
2008-05-15,0.0118281898032348,1424.5,1405.0,1745979,-0.021891421481853,19.88,0.0070165679873538,0.0108184698532954,6.315538582530629,-0.0111706314185998,1392.1120491253528
2008-05-16,0.0008771160986853,1425.75,1414.75,1792070,0.0129936860619883,20.14,0.0073047986656699,0.0111535643221968,6.550472425265077,-0.0116550857706958,1407.9937082946428
2008-05-19,0.0028016127587777,1429.75,1421.75,1789049,-0.0190481949706944,19.76,0.0093057226773872,0.0108758789664835,6.564447322599111,-0.0148494560663944,1404.734806275188
2008-05-20,-0.0086048471935189,1417.5,1409.0,1868001,0.052254370867101,20.82,0.0088130847456757,0.0106662166869782,6.341338875696201,-0.0140343249472138,1409.8245709253104
2008-05-21,-0.017435061822101,1393.0,1388.0,2372279,0.0614718640936677,22.14,0.0127801421712552,0.0107563008131003,6.637694213580993,-0.0204065233885453,1388.866897756308
2008-05-22,0.0001794526698404,1393.25,1390.25,1728941,-0.019152432214756,21.72,0.0048141492896005,0.0116671994625042,7.148724855390915,-0.0077163179574331,1382.2925333222202
2008-05-23,-0.0142769209143178,1373.5,1372.75,1728941,0.0232092329103705,22.23,0.0068199163724265,0.0113533369296775,7.1799941212710205,-0.010933489475916,1378.0998885015588
2008-05-26,0.0009096698525956,1374.75,1372.5,1522550,0.0,22.23,0.0025613409382891,0.0117663414222121,7.359094185540024,-0.0041108792629232,1367.8652970593332
2008-05-27,0.0072477215252897,1384.75,1370.5,1572828,-0.0338550173216862,21.49,0.0074730399269207,0.0114631002299269,7.340977476454103,-0.0119927018870942,1358.3615006963632
2008-05-28,0.0048626840527319,1391.5,1377.75,1703573,-0.0074731781711596,21.33,0.0073559852264038,0.0113580155752379,7.525166450108895,-0.0118175540107697,1368.4819556550726
2008-05-29,0.0044814989408088,1397.75,1386.75,1722211,-0.0658833850555353,19.97,0.009650805563169,0.0111803986389222,7.429928723505766,-0.0154957801378037,1370.103825282175
2008-05-30,0.001965514793409,1400.5,1395.0,1179341,-0.0299895409651038,19.38,0.004900823393424,0.0109867054429398,7.5525809881102335,-0.0078744862730116,1386.7866588025352
2008-06-02,-0.0107682303971303,1385.5,1377.5,1706127,0.0629893341507421,20.64,0.0098379715496011,0.0107376884101361,7.521621139707133,-0.0158046056046915,1378.5396443437442
2008-06-03,-0.0050651338391816,1378.5,1369.25,2157451,0.0206192872027353,21.07,0.0119777800428955,0.01093367911286,7.951269759993606,-0.0192848148978323,1359.0368773105988
2008-06-04,-0.0007256894367815,1377.5,1371.0,2085776,0.010856844899282,21.3,0.0089622959019607,0.0107596126908861,8.001411368629165,-0.0144331175406647,1358.746840213928
2008-06-05,0.0199449608551143,1405.25,1375.5,1991888,-0.0674849546392746,19.91,0.0086276239119485,0.0104950847479971,7.607773096734594,-0.0138667864868501,1358.5303297664454
2008-06-06,-0.0330982378096589,1359.5,1358.5,2769435,0.1434021543445047,22.98,0.017584870385442,0.0117350524105081,7.461373953333267,-0.0282402361732528,1366.1205214562754
2008-06-09,0.002937938213118,1363.5,1350.5,2140578,-0.0122593479332526,22.7,0.0106929929826015,0.0132375706667469,6.204600334817,-0.0170043079410221,1336.5780813492113
2008-06-10,-0.0053313849968734,1356.25,1347.25,2206955,0.0333580853755752,23.47,0.0100826548767603,0.0131445993192349,6.344598731286564,-0.016056554221961,1341.7817153286248
2008-06-11,-0.0152306064508893,1335.75,1335.0,2601302,0.0244119866888379,24.05,0.0115539893356042,0.0130642465820678,6.524299574338159,-0.0184305587269162,1331.482495294489
2008-06-12,0.0039226724437977,1341.0,1331.0,1417461,-0.0070937080273689,23.88,0.0115486416677065,0.0131430201785414,6.388749295350887,-0.0183989839253752,1311.3982677505724
2008-06-13,0.0122291685264119,1357.5,1337.0,746590,-0.0375470725952515,23.0,0.0102627252869633,0.0130882381930841,6.403749830346429,-0.0163526329209507,1319.249443375496
2008-06-16,0.0001841451068642,1357.75,1349.25,552324,-0.0113687276067597,22.74,0.0081991716519941,0.0130523592141266,6.690970522316933,-0.0130977184442367,1339.8357802248806
2008-06-17,-0.0035045687441668,1353.0,1351.25,2018896,-0.0026420094628387,22.68,0.0102512283361356,0.0129761740779663,6.809853732695857,-0.0163912886033995,1335.6761316930315
2008-06-18,-0.0105880064088292,1338.75,1334.5,2294625,0.029113505255355,23.35,0.0089490995563063,0.0129100689814511,6.946195696155956,-0.0143238728008271,1333.7579395092755
2008-06-19,0.00205204810372,1341.5,1332.25,2356034,-0.0181508872450932,22.93,0.0091392851423296,0.0129439588851892,6.73603753045083,-0.0146048367772425,1319.339860738369
2008-06-20,-0.016914517148364,1319.0,1315.25,2322976,0.0249797656821653,23.51,0.0102634984750245,0.0128973537866961,6.729989119395669,-0.0164005643164578,1319.6780780204178
2008-06-23,-0.0005687743067355,1318.25,1316.25,1451974,0.0,23.51,0.0060373481700529,0.0129313319160106,6.885103245133476,-0.0096589955619157,1306.3211160697883
2008-06-24,-0.0020882779302313,1315.5,1305.25,2115190,0.005091228646838,23.63,0.0121721690459328,0.0128785471986707,6.912668265862219,-0.0194779195635501,1292.8216818342937
2008-06-25,0.0053070632521068,1322.5,1314.5,2070490,-0.0441248049089377,22.61,0.011882923906921,0.0128689670214066,6.661388190293549,-0.0189776667884011,1290.7702777542522
2008-06-26,-0.0291543471825157,1284.5,1283.0,2644046,0.0892203462996112,24.72,0.0113984597555608,0.0118189678376812,6.15747134709386,-0.018117036300586,1298.755954806339
2008-06-27,-0.0035094596362759,1280.0,1272.75,2338736,-0.0069007783489603,24.55,0.0101938580060002,0.0130191016904927,6.465950596313934,-0.0162523349149063,1263.7926033739218
2008-06-30,0.0007809449830711,1281.0,1275.25,2168867,-0.0147725296185936,24.19,0.0092199808872267,0.0131289002297908,6.376029859161396,-0.0146872320858597,1261.3377269738392
2008-07-01,0.0040899852515252,1286.25,1261.0,3199214,0.0,24.19,0.0142318491617515,0.0126669306603424,6.919684405755782,-0.0227749984344179,1252.1549468437229
2008-07-02,-0.0184391258000973,1262.75,1261.0,2431509,0.0539149066314568,25.53,0.0147469081945942,0.012509731721918,7.077910845898933,-0.0236257090669201,1256.2175970495523
2008-07-03,0.0017802398134589,1265.0,1251.75,1847255,-0.0054988355368057,25.39,0.0122976430047661,0.0129322214262083,6.679773518783473,-0.0196429879084275,1238.1878438511417
2008-07-04,0.0,1265.0,1256.5,1847255,0.0,25.39,0.0071347921888574,0.0124630879967653,7.527937216079183,-0.0114623805968267,1250.5828736900232
2008-07-07,-0.0105295499515669,1251.75,1240.75,2580560,0.0179552052378513,25.85,0.0189622718186076,0.0123321943234659,7.641198338162957,-0.0304826794397413,1227.0211990755854
2008-07-08,0.0174227333268808,1273.75,1236.5,2751962,-0.0936094991223077,23.54,0.019330699137779,0.0123539021923024,7.4839744953896785,-0.0310479575723627,1213.4828515107688
2008-07-09,-0.0204230356075614,1248.0,1244.75,2405025,0.0476972015249574,24.69,0.0138766353403762,0.0124330961734074,7.7665488462964785,-0.022321872364169,1245.632500186938
2008-07-10,0.0051948168771041,1254.5,1237.0,3027898,0.0068617827254771,24.86,0.0123063788958966,0.0132706993790935,6.690269541073056,-0.0196586393832449,1223.7055978951523
2008-07-11,-0.0118273404372342,1239.75,1225.5,3251690,0.0155660696388038,25.25,0.0192096070456775,0.0125178303887503,7.812608481578061,-0.0309076209299503,1216.3194636950038
2008-07-14,-0.0093193543204854,1228.25,1224.75,2663429,0.0250306380420775,25.89,0.0194650670518884,0.0124792261290143,8.225510706947249,-0.031378204123734,1201.4528613566094
2008-07-15,-0.013731130792177,1211.5,1200.75,3662907,0.0119026170036047,26.2,0.018256570516093,0.0124126371223115,8.570255613890035,-0.0294705382621659,1192.5809854535646
2008-07-16,0.0240582449480264,1241.0,1202.5,2893515,-0.0581467781775613,24.72,0.0208257656846121,0.0124094283232353,9.06779608572335,-0.0336753242043703,1171.38163539925
2008-07-17,0.0100221323937406,1253.5,1238.0,2892500,-0.0191960152059977,24.25,0.0124322135726841,0.0125831313825355,9.540125108048423,-0.0201306696812104,1216.267613888237
2008-07-18,0.0055688290296265,1260.5,1241.0,1921007,-0.0082816208317217,24.05,0.011341990343081,0.0125553656358335,9.61813515673205,-0.018369171974246,1230.6844359841757
2008-07-21,0.0007930214531377,1261.5,1255.0,1536139,-0.026544638382199,23.42,0.0077655061562963,0.0124644446885299,9.830419803685094,-0.0125836244529958,1244.7377226589797
2008-07-22,0.0100562811390387,1274.25,1247.25,2103273,-0.0418544088592742,22.46,0.0152628751217092,0.0124170069331627,9.158575832887676,-0.0246870682305859,1230.7385309553742
2008-07-23,0.0064535278247737,1282.5,1272.75,2125754,-0.0004453351220337,22.45,0.009530792817498,0.0123644847443741,9.576739014713713,-0.0154341089209455,1254.7340795370844
2008-07-24,-0.0226722377687789,1253.75,1251.0,1988950,0.0499560978433013,23.6,0.013329725104518,0.0123724431947173,9.032683228965826,-0.0215518062955774,1255.1555282115114
2008-07-25,0.0,1253.75,1249.25,1614028,-0.0076563538619933,23.42,0.007596300630029,0.0126068592035051,8.746497836730027,-0.0122701129838398,1238.4603405989435
2008-07-28,-0.0150680902140676,1235.0,1233.0,1619650,0.0348262592139207,24.25,0.0115078763394447,0.012563193325406,8.241565197359717,-0.0185522622740717,1230.7045349209843
2008-07-29,0.021428676158294,1261.75,1231.5,2096150,-0.0669331385239409,22.68,0.0119676565289364,0.0126284707859669,8.263499544540192,-0.0192952689032078,1211.398771171028
2008-07-30,0.0180645006519668,1284.75,1259.75,2348334,-0.0501800184584859,21.57,0.0082511721706573,0.0127485102997422,8.677944917996873,-0.0133246605566565,1245.0491233964035
2008-07-31,-0.0139122455512001,1267.0,1265.0,2330165,0.0541404196745829,22.77,0.0108997226422356,0.0128188572960924,9.059308337189194,-0.0176244115207811,1262.3054046660884
2008-08-01,-0.0053417873583985,1260.25,1253.0,1861777,0.0078740564309058,22.95,0.0118512856421517,0.012942925817956,8.696064375413924,-0.019139659741553,1242.9806454832958
2008-08-04,-0.0091670629999764,1248.75,1246.25,1521764,-0.0087527911095945,22.75,0.007311707558621,0.0129554319274904,8.09747498287645,-0.0117801038751647,1245.4912247178552
2008-08-05,0.0270580346528728,1283.0,1247.25,2002327,-0.0602400803773566,21.42,0.0125897516527851,0.0129423684346828,8.07468393751183,-0.0202816442665773,1223.6784027477631
2008-08-06,0.0036954238300577,1287.75,1275.25,1730315,0.0,21.42,0.0087628494642533,0.0131312994692612,7.777755584436588,-0.0140966675604221,1265.0408549651163
2008-08-07,-0.015455653448523,1268.0,1263.5,1993045,0.0037278701140142,21.5,0.0101316896162147,0.013135890300867,7.44870076730381,-0.0162696874091472,1266.9682249448715
2008-08-08,0.0189440290789777,1292.25,1262.0,2179132,-0.0240068013010752,20.99,0.0160289767474097,0.0131249050617831,7.950809580146862,-0.0258073847849818,1235.6948843386856
2008-08-11,0.0098181556806453,1305.0,1288.0,2097151,-0.0334252477848,20.3,0.0122638072364904,0.0131508657269235,8.644078486066114,-0.0198021592380974,1266.912357694312
2008-08-12,-0.010398707220899,1291.5,1285.25,1743555,0.1011150632625552,22.46,0.0107781482139239,0.0131635143434366,8.31768905840549,-0.0173813445987169,1282.5133356494505
2008-08-13,-0.0054347959859564,1284.5,1274.5,2184428,0.0207101475595159,22.93,0.0105171202517478,0.013181219084924,8.055816448073697,-0.0169412659578419,1269.8046472754995
2008-08-14,0.0071754404637403,1293.75,1275.25,1883891,-0.0346086003786685,22.15,0.0133105602168139,0.0131345328472983,8.066147985686879,-0.0214420170349083,1257.2509108313811
2008-08-15,0.004626960250146,1299.75,1290.5,1473919,-0.0104380344113295,21.92,0.0058188613363821,0.013175645668065,7.470132201335608,-0.0093452097053925,1281.715952871263
2008-08-18,-0.0137505797832098,1282.0,1274.0,1698350,0.0131431758265212,22.21,0.0153848861924844,0.0131061075223539,7.69355704190705,-0.0247387256069841,1267.9903082815
2008-08-19,-0.010586258441279,1268.5,1262.75,1715971,0.0319034589634767,22.93,0.0091246809599165,0.0130689440908456,8.295829664386998,-0.0147135616633434,1263.2753052293187
2008-08-20,0.0041302054975984,1273.75,1260.5,1769970,-0.0211554826815496,22.45,0.0086099727718683,0.0130831011678406,8.125930043022093,-0.0138735263835797,1251.022946288688
2008-08-21,0.0013729530449317,1275.5,1263.25,1598014,-0.0116488772437608,22.19,0.0102448422595398,0.0130243825250401,8.328254134403148,-0.0165220250162564,1252.877969537334
2008-08-22,0.0130466264942823,1292.25,1271.5,1380141,-0.0274114924177864,21.59,0.009278893157135,0.0130192507003858,7.918121517938891,-0.0149371228963744,1256.589287174601
2008-08-25,-0.0201276946344188,1266.5,1264.25,1639629,0.047488008808266,22.64,0.0099057006471642,0.0130191519888949,8.100436910537514,-0.0159595718558938,1271.7899444092727
2008-08-26,0.0041367142611443,1271.75,1262.5,1456121,-0.010657294473988,22.4,0.0069646161125102,0.0131356400769109,7.78893033319334,-0.0112045074774751,1252.3886940250663
2008-08-27,0.0080274537777409,1282.0,1265.5,1442209,-0.0271509890659507,21.8,0.0096840230940106,0.0132012071021121,7.04424191055635,-0.0155109735231586,1252.1761168525068
2008-08-28,0.0124032597834196,1298.0,1275.5,1513592,-0.0316895109569825,21.12,0.0109399741785216,0.0131413023263621,7.344037354121583,-0.0175567488915319,1259.6886781580506
2008-08-29,-0.0120133202191103,1282.5,1281.5,1353013,0.027091801708353,21.7,0.0057453263098837,0.0131513348868552,7.389569578656552,-0.0092227673651179,1286.0838822159228
2008-09-02,-0.0046893403633863,1276.5,1271.5,2286856,0.0173599608624805,22.08,0.0173712705122321,0.0131433812363457,7.549160306454445,-0.027911071801431,1247.1989866503204
2008-09-03,-0.0009797198785026,1275.25,1265.25,2159339,-0.0201287674306134,21.64,0.0087342476214222,0.0131329929039543,7.394923447085192,-0.0140212219786814,1258.7268022947292
2008-09-04,-0.0308574298415642,1236.5,1235.0,2839366,0.0943014372843547,23.78,0.0136635954302406,0.0130785769807517,7.521240382320486,-0.0219503861820313,1247.5627545650334
2008-09-05,0.0036326982431358,1241.0,1216.5,2958715,-0.0298784496227368,23.08,0.0163618577040307,0.0133129977838541,6.93661536695015,-0.0261868620178027,1204.5402344514596
2008-09-08,0.0207343951165315,1267.0,1246.75,3227266,-0.0483786370732288,21.99,0.0196398695879741,0.0132563248384403,7.07590720532022,-0.0314641880652753,1202.5608422183452
2008-09-09,-0.0324873166225945,1226.5,1223.5,3349429,0.1166202154338487,24.71,0.0210303383945918,0.0133299825257666,7.13425458380221,-0.0337050615783639,1225.0073448328549
2008-09-10,0.005488376415303,1233.25,1220.25,3012184,-0.0163202316724868,24.31,0.0138041961603329,0.0136123162252364,7.442012024424475,-0.0221662174859082,1199.6122351879983
2008-09-11,0.0142902703530642,1251.0,1211.25,2062741,0.0073770826360446,24.49,0.0218941327271147,0.0134506606071035,7.19337579390704,-0.0351030839487529,1190.7101301709663
2008-09-12,0.0049835645851628,1257.25,1233.5,1089646,0.0032613155690115,24.57,0.0134135083114028,0.013467742449882,8.1459244925489,-0.0216155159001745,1224.2491479030878
2008-09-15,-0.0507806106864636,1195.0,1194.5,1197521,0.0461314397605647,25.73,0.0174943820333204,0.0133549698493655,7.926954599199211,-0.0281635690415549,1222.3353215912769
2008-09-16,0.017626169134604,1216.25,1163.0,4919112,-0.0220048171464282,25.17,0.0327088440352349,0.0194618281643324,6.589080840227132,-0.0522057732701607,1134.2145808194275
2008-09-17,-0.0447694809815502,1163.0,1157.0,5035252,0.0556342758423733,26.61,0.0320851892953791,0.0188521997882673,6.821410031318371,-0.0513074641496211,1155.4211278415328
2008-09-18,0.0340233556645541,1203.25,1136.25,6012944,-0.0485083549524056,25.35,0.0457711630035168,0.0229694058933223,6.738289888681599,-0.0731449375467808,1080.9690809588076
2008-09-19,0.0349121911641798,1246.0,1202.5,4007416,-0.0227418538361958,24.78,0.0454362386128567,0.0241583449093126,7.254874052882991,-0.0728770310680457,1118.6797531253435
2008-09-22,-0.0262236797418635,1213.75,1205.25,2758953,0.0693694484072366,26.56,0.0209225283122702,0.0252374680858813,7.810572561241796,-0.0336633126628113,1204.7536518005384
2008-09-23,-0.0222856249958667,1187.0,1185.5,3098102,0.0885789228478088,29.02,0.0172399424198393,0.0246851146058706,8.303033963056636,-0.0278002598596934,1180.4721443301862
2008-09-24,0.0050420274882476,1193.0,1180.25,2403254,-0.0128318042952932,28.65,0.0175558486549992,0.023732295899836,8.665111776745501,-0.0283492922781477,1153.821899918809
2008-09-25,0.01703760306874,1213.5,1186.0,2740073,-0.0322780282740633,27.74,0.019906314990163,0.0215579174005803,8.64526033349765,-0.0321425238352095,1155.2636880749617
2008-09-26,0.0008237232755714,1214.5,1184.75,2225525,0.0319289272057594,28.64,0.0214248653819469,0.0204644557028803,8.974390229012629,-0.0346337157868486,1172.19144922778
2008-09-29,-0.0821204788531622,1118.75,1113.5,3948082,0.1322648786436744,32.69,0.0369616873530394,0.0186843488420679,8.503318229224211,-0.0596500209295497,1144.173392714421
2008-09-30,0.0439366918830028,1169.0,1112.0,2929451,-0.0641103472924511,30.66,0.0281574847899829,0.0328094889941106,6.08966083565675,-0.044720851655365,1069.8207798221529
2008-10-01,-0.0004278074931551,1168.5,1143.75,2503550,0.038706254985577,31.87,0.0178480937793877,0.0341336827864598,6.427067664103564,-0.0284454180801359,1136.2157970039457
2008-10-02,-0.0383823825795426,1124.5,1115.25,2741088,0.067632255860226,34.1,0.027477942934288,0.0309814569310757,6.449825074353507,-0.043802287882399,1118.4218029921367
2008-10-03,-0.0145562977742068,1108.25,1102.5,3191895,0.0450126150813292,35.67,0.0353856853003009,0.0318608390139398,6.537963939350002,-0.0564529812735697,1062.777231071922
2008-10-06,-0.0509015727660377,1053.25,1009.0,4475297,0.0465582441265923,37.37,0.056576967047321,0.0296163462995517,6.604828215328192,-0.0903133154884461,1012.5469397335077
2008-10-07,-0.046147090029228,1005.75,999.5,4296292,0.1127455419567144,41.83,0.0448335296696685,0.0329973766964679,6.887628653432554,-0.0717293448538926,980.3469660604565
2008-10-08,-0.024916351264534,981.0,963.0,5313795,0.0854163531248741,45.56,0.0559598865158867,0.0347331905905897,7.398363351976862,-0.0898350980544081,919.3378776922953
2008-10-09,-0.0723843741087169,912.5,905.5,4171147,0.137966232491896,52.3,0.0626582700874629,0.0333153335584348,7.630020299071187,-0.100719870321954,887.0067473759701
2008-10-10,-0.0238436579858376,891.0,837.0,5899056,0.080954190955059,56.71,0.0828800118147816,0.0404171016193752,7.87804836857089,-0.1333941354541049,798.5470987934434
2008-10-13,0.1320221173165245,1016.75,909.25,3358671,-0.1132087841900157,50.64,0.0390672378057669,0.0384819467457327,7.928097609790845,-0.0628932668731513,836.6879326106736
2008-10-14,-0.0143637932647173,1002.25,974.25,4094351,-0.2887358133290525,37.94,0.0640209569152887,0.0601755324332731,6.733409326413784,-0.1023051451687407,917.875168748414
2008-10-15,-0.1040033814948664,903.25,897.25,3831280,0.1181929557277108,42.7,0.0501123393198293,0.055993537778908,6.7338800309742,-0.0800795518221245,925.119760276008
2008-10-16,0.0409437695576295,941.0,865.25,5074482,0.0018717834196806,42.78,0.0610490590334375,0.065031448929594,7.100671498732538,-0.0978205291571787,819.0776096743062
2008-10-17,-0.0080021766036022,933.5,908.0,3820686,0.0949275999361121,47.04,0.0593198274018859,0.0626769495336582,6.7418693838070896,-0.0947991962321134,855.8917803744632
2008-10-20,0.0592689031568287,990.5,925.5,2435954,-0.0432253195360248,45.05,0.0359429341963375,0.0582198853061919,6.683640517792027,-0.0574133695831223,881.4141386426619
2008-10-21,-0.0320581370115435,959.25,951.0,2638526,-0.0281391666719463,43.8,0.021628600856377,0.0583404790608539,6.933495052887811,-0.0346154025882532,956.800076882696
2008-10-22,-0.0607060689694947,902.75,872.5,3288095,0.0984186684745922,48.33,0.0643596942394443,0.0556997481149526,7.004532737937469,-0.10305676440137,865.3161787631252
2008-10-23,0.0137515918427784,915.25,856.0,4058789,0.0343704395924802,50.02,0.0529716913697841,0.0563661271153659,7.326334773565555,-0.0850011559261894,829.1860062650411
2008-10-24,-0.0553123434379108,866.0,840.25,3315060,0.109709302658703,55.82,0.051931358207588,0.0530446188985564,7.13033215543068,-0.0832275663268944,842.1597184915454
2008-10-27,-0.0367526297386708,834.75,825.0,2926986,0.0603084296111005,59.29,0.0525348517801245,0.0533535810105436,7.410205107082507,-0.0843426262734119,795.954706058639
2008-10-28,0.1174169242545799,938.75,827.25,3768415,-0.0990276562044574,53.7,0.0583355192180069,0.0512666175860704,7.49559271950613,-0.0937016601858276,760.0852656544347
2008-10-29,-0.0125956375124891,927.0,914.25,3240110,0.049233446237066,56.41,0.0420430751921541,0.0636856665966207,7.529419322151264,-0.0675447467694138,877.4363844062807
2008-10-30,0.0365409994629795,961.5,926.75,2930383,-0.0186085169170091,55.37,0.0218546943657005,0.0596965771034595,7.122199865210613,-0.035023428379968,895.0952499934838
2008-10-31,0.005962428551788,967.25,940.0,2756518,-0.0145536496367353,54.57,0.0319834717558485,0.0573824595732421,7.155287805792194,-0.0512666555824124,913.4493328746812
2008-11-03,0.002323481102084,969.5,957.0,1523295,-0.0490100893957419,51.96,0.0164372510517252,0.0537889010932739,6.966316834633167,-0.0263131859289815,942.1305071964846
2008-11-04,0.0342195344643192,1003.25,964.0,2326394,-0.1125283897705684,46.43,0.0221147246433395,0.0497604977396425,6.767909989989919,-0.035348927403024,935.8278581022024
2008-11-05,-0.0461522311761655,958.0,947.0,2738398,0.0780692246658532,50.2,0.0343963901882757,0.0482575981690099,6.5402062026138745,-0.0548757863054628,949.6791805179532
2008-11-06,-0.0574654731355108,904.5,897.0,3511716,0.1371602584863462,57.58,0.0301945076971661,0.0478834126638035,6.727465275282819,-0.0482483532573135,912.8754242800004
2008-11-07,0.0345002299960794,936.25,901.0,2698265,-0.052226070561482,54.65,0.0172844114553393,0.0496232290732074,6.850792398781725,-0.0276457333755229,879.8369194218845
2008-11-10,-0.0158797577215512,921.5,905.5,2130841,0.027789590501559,56.19,0.0411578134433625,0.0476057676276078,6.890233214648533,-0.0658498305321756,876.5841479846619
2008-11-11,-0.0314161962333789,893.0,882.75,2679092,-0.1291933212070732,49.38,0.0296486600845174,0.0447563727467192,6.542901375602894,-0.0473024141815475,878.9256970893653
2008-11-12,-0.0452410386420032,853.5,848.5,3001549,0.0692358553297216,52.92,0.0414166367904028,0.0427505129115326,6.652095573320731,-0.0661394619604492,835.8482846431499
2008-11-13,0.0616234680599498,907.75,816.75,4449284,-0.0561585137466411,50.03,0.0696988133422703,0.0433100935260986,6.73818341647343,-0.1113825968835276,763.5380390461141
2008-11-14,-0.0522939543264611,861.5,860.25,3372229,0.0672457268230992,53.51,0.0326427494485892,0.0466012025879382,6.986219095245276,-0.0522628201251582,861.5268225319691
2008-11-17,-0.0122629273946097,851.0,847.0,2799233,0.0499374887613162,56.25,0.0272877034461523,0.0474119883796787,7.109215927734985,-0.0437263324448598,824.6414811035263
2008-11-18,0.018049980582286,866.5,824.75,3277728,0.0183200473359574,57.29,0.0351527362162884,0.0440835430639635,7.0101903461059205,-0.0562910046630535,804.4196807006641
2008-11-19,-0.064346194951768,812.5,804.25,3430032,0.0934200752859082,62.9,0.0347515118335329,0.0412783284225476,6.809112365969189,-0.0555659059232057,819.6653959256088
2008-11-20,-0.0823787674710843,748.25,745.0,4471459,0.0515873687904928,66.23,0.0471323789482047,0.0456025833259421,6.922570720544687,-0.0754267839317286,753.4699451463449
2008-11-21,0.0568242450816178,792.0,739.0,4278847,-0.0534969810830805,62.78,0.0470220153161894,0.0520527611345504,7.080861281682301,-0.0753344910698716,693.9519041050143
2008-11-24,0.0683192439774771,848.0,783.25,3413399,-0.0682194938354117,58.64,0.0617777052266078,0.052826743037874,7.252052116184663,-0.0990860093248456,717.286528771413
2008-11-25,0.0061719519949132,853.25,833.5,3116154,-0.0252128706842302,57.18,0.0332619404717361,0.0553263331861275,7.30795530215268,-0.0533678356485223,803.930481901014
2008-11-26,0.0379464900595207,886.25,829.5,2177331,-0.0725218010792918,53.18,0.0416905939414883,0.0514517327134848,7.151053745535733,-0.0668244401057762,798.0954067873607
2008-11-28,0.010103931032205,895.25,875.0,889730,0.0005639627934042,53.21,0.0164635332217731,0.0498688744245249,7.184681739184311,-0.0263946585366865,863.1637509928318
2008-12-01,-0.0929950734051123,815.75,813.0,2630581,0.1275702284525244,60.45,0.0369505388505581,0.0465242062041375,7.016677364784424,-0.0591725737746844,843.8126025961243
2008-12-02,0.0399512508379178,849.0,813.0,3242501,-0.0425811919522693,57.93,0.0205634481767318,0.0553006174843295,7.306490990236802,-0.0329931688523687,789.2749716201901
2008-12-03,0.0227083993698116,868.5,826.0,3332111,-0.0034584160356905,57.73,0.0370070623352097,0.0534973851792124,7.244718338996345,-0.0593533219583942,800.075312892818
2008-12-04,-0.0244767464265542,847.5,832.0,2834117,0.0467010930459803,60.49,0.0324985235058368,0.0504376692218275,7.076549582212928,-0.0520647115427723,824.4387684221832
2008-12-05,0.029071814821977,872.5,817.0,3221506,-0.0365329744184199,58.32,0.048891992463994,0.0477601009062383,7.019958206944877,-0.0782974144283589,783.6742408057777
2008-12-08,0.0362960083672696,904.75,867.5,2646329,-0.0538957682051322,55.26,0.0340837329814687,0.0456740760372701,6.9881761322098965,-0.054570673744756,826.1629088886037
2008-12-09,-0.0169991553379622,889.5,884.5,2629268,0.0021691982475458,55.38,0.0220777594319013,0.0445302780487303,6.857880881500523,-0.0353144015929953,873.356872397626
2008-12-10,0.0070018490791738,895.75,884.5,2582026,-0.0171193399595508,54.44,0.0187732809558121,0.0418546373151867,6.738429378850027,-0.0300008107360604,863.2106022551513
2008-12-11,-0.0234374698274493,875.0,868.25,1700088,0.0160353290132921,55.32,0.0243639919031029,0.0388905831511727,6.592975803554603,-0.0388880679547906,861.5846312506528
2008-12-12,0.0124930642474669,886.0,829.0,1220089,-0.0156680195509442,54.46,0.0471301848128154,0.037123592223738,6.52192734485048,-0.0751789904691856,811.6302634537092
2008-12-15,-0.0144950669181396,873.25,857.25,846057,0.0069533674485007,54.84,0.0287818751493666,0.0345861422531885,6.334996207326293,-0.0458306078676174,846.3105247042083
2008-12-16,0.0442401368488045,912.75,868.5,2624079,-0.0483799638491935,52.25,0.0239675752457646,0.0323260322910064,6.197339931981688,-0.0381110095658033,840.5957562837443
2008-12-17,-0.0107394671187606,903.0,886.75,2332232,-0.0034509236701127,52.07,0.0236136781942836,0.0349201558920343,6.54909623979706,-0.0376760706804208,879.000924858047
2008-12-18,-0.0116960397631915,892.5,873.5,2087835,-0.0343851026715804,50.31,0.0283962328195058,0.032619828891283,6.439514149297152,-0.0452617887917692,863.039762382553
2008-12-19,-0.0126851595273151,881.25,876.5,1844441,-0.0606370448711399,47.35,0.0203340116097999,0.0304684974779087,6.267240812671949,-0.0323567500093426,864.083807606489
2008-12-22,-0.0114123920517448,871.25,852.75,1178582,-0.0396347376035368,45.51,0.0300445479893061,0.0285066842877162,6.212722055857292,-0.0477817968537853,840.1324494067527
2008-12-23,-0.0147422817372033,858.5,855.25,995885,0.0139648789203108,46.15,0.0161446190856432,0.0262627116919257,6.268523298648944,-0.0256906626817401,849.1520806257258
2008-12-24,0.0075428265943484,865.0,856.0,239099,-0.0091424232788974,45.73,0.0075588009815682,0.0246960163340599,6.252282693843901,-0.012026194568996,848.2373459892689
2008-12-26,0.0046136183335132,869.0,862.75,201650,-0.0127642578069693,45.15,0.0071163355794083,0.0224739739845902,6.277821336428431,-0.0113251762888307,855.2589859753641
2008-12-29,0.0017246339428513,870.5,853.25,614648,0.0260152391412358,46.34,0.016550898492461,0.0202470435011369,6.257396344256362,-0.0263341732385918,846.4142965977695
2008-12-30,0.0201854756928927,888.25,868.75,777046,-0.0477333210122594,44.18,0.0101761937925728,0.0181438467744991,6.143036831750722,-0.0161717952773694,856.5356706845467
2008-12-31,0.0131415284231746,900.0,886.5,920263,-0.0520321725181971,41.94,0.0147484645548669,0.0188585553721698,6.342211301327198,-0.0234862729521351,867.631392935516
2009-01-02,0.0279393686892408,925.5,893.5,1095813,-0.0804004254380377,38.7,0.0249512160197422,0.0182318565697224,6.1841171941571735,-0.0396695284250311,864.9963046996945
2009-01-05,0.0021586624680383,927.5,916.5,1606235,0.0320393537446168,39.96,0.0134375808325147,0.0205193464475125,6.394009771934355,-0.0214094661892921,905.8961419151108
2009-01-06,0.0032292816007153,930.5,923.5,1912293,-0.0108190764717588,39.53,0.0144248524780902,0.0189287415041849,6.201664164735358,-0.0229381082806715,906.4670547681352
2009-01-07,-0.0275109274365545,905.25,898.75,1961214,0.096160725239093,43.52,0.0190647456349009,0.0174379058727782,6.11639440192401,-0.0302884270222765,902.7391570468154
2009-01-08,0.0016556295172609,906.75,891.5,1775437,-0.0127184047607835,42.97,0.0127163159003855,0.019673467659841,6.300557571429763,-0.0202418115077821,887.110309591404
2009-01-09,-0.0237143209401233,885.5,882.75,2052723,0.0361099561299145,44.55,0.0204145104691368,0.0181461473856753,6.19479838069317,-0.032460382059701,877.7891318930876
2009-01-12,-0.0199607425625378,868.0,860.25,1654564,0.0691574669938659,47.74,0.0165266663247568,0.0192994382912052,6.373251520123402,-0.0263259209107139,862.4925716702323
2009-01-13,0.0005758710208088,868.5,857.0,2284001,-0.0196727655987047,46.81,0.0138893145847045,0.0196127336474625,6.341877613409567,-0.0221180425625681,849.0122985217597
2009-01-14,-0.0336633571887574,839.75,832.5,2749495,0.0770638945266228,50.56,0.0281829849886677,0.0180974191303963,6.223005719547029,-0.0448260595545761,830.4282454692661
2009-01-15,-0.0005955926322576,839.25,812.75,3371389,-0.0125387253260842,49.93,0.0304379271729117,0.0217331587669351,6.108903533273223,-0.0483531404484863,800.1114960696774
2009-01-16,0.0109614488141369,848.5,826.25,2818199,-0.0284398610953928,48.53,0.0259867132359186,0.0200487703513747,5.9577219434948425,-0.0412305206537155,805.3509258870578
2009-01-20,-0.0513863421676532,806.0,797.5,2841680,0.1189500170827968,54.66,0.0468394225694883,0.0190483588284228,5.903017936810962,-0.074315430432737,787.7294192005293
2009-01-21,0.0374415975848076,836.75,800.5,2859490,-0.0667607714080138,51.13,0.0236748060245478,0.027656817266376,5.462506680722974,-0.0375624485446138,776.2862212245429
2009-01-22,-0.0135360767312526,825.5,807.5,3060637,-0.0116063071318599,50.54,0.0300549463525471,0.0299043206549074,5.67321939592878,-0.0476851795409902,797.7858161030251
2009-01-23,-0.0024257137424879,823.5,799.5,2596504,-0.0075472056353826,50.16,0.0315616470657295,0.0279488996158249,5.554930484038281,-0.0500757109756455,785.1804408976577
2009-01-26,0.0087653576170083,830.75,810.75,2254244,-0.0534361073332658,47.55,0.032560931288845,0.0256701618935569,5.357303925730111,-0.051661175379168,782.0372504352757
2009-01-27,0.0101797286254408,839.25,831.25,1925806,-0.0515700497099382,45.16,0.0130058254395472,0.0238881008532645,5.2716826718114405,-0.020635043359877,813.7830961719907
2009-01-28,0.0377072290999311,871.5,837.75,2305731,-0.0651882745494849,42.31,0.0219441502855607,0.0223837369483429,5.196627592558815,-0.0348165900536619,810.5329917746786
2009-01-29,-0.0335455108459052,842.75,840.25,2044480,0.0249750406667521,43.38,0.015573725200359,0.0259010614540684,5.2936525344742185,-0.0247092732620441,850.229736922528
2009-01-30,-0.0243218714746431,822.5,817.5,2467501,0.0364417374543526,44.99,0.0219228644983685,0.0275934731261839,5.453855384651993,-0.0347828180225285,813.9407186112837
2009-02-02,-0.0015209128407063,821.25,806.25,1971078,0.0079699337080647,45.35,0.0182982920635708,0.0272564116768324,5.504390344798383,-0.0290320711975219,798.9644178672276
2009-02-03,0.0124037288341618,831.5,816.0,2093215,-0.0497277590317088,43.15,0.0189159082062729,0.0250440050381759,5.220447116419102,-0.0300119810036051,796.9688458828962
2009-02-04,-0.0021068480328985,829.75,826.0,2212942,0.0138091952741863,43.75,0.0197800704878182,0.0236162922252729,5.176654227646386,-0.031383060927178,805.8102054801734
2009-02-05,0.0128725022485864,840.5,816.75,2616179,-0.0114943794257347,43.25,0.0263536946537778,0.0218384824134326,5.076842857939532,-0.0418127733915361,795.7711760218863
2009-02-06,0.0319067018932255,867.75,836.75,2419130,-0.0151429801025635,42.6,0.0188262881881448,0.0209144381641503,5.099033846708376,-0.029869789877899,815.7656849817471
2009-02-09,-0.0031741478100171,865.0,852.75,1759790,-0.0505522791628316,40.5,0.0164550804612744,0.0232890661425466,5.357251959260223,-0.0261076315676341,845.3882786454031
2009-02-10,-0.0449248119081877,827.0,819.5,3210594,0.0575698518214777,42.9,0.0278060850199593,0.0216616671350788,5.272211737528763,-0.0441171360266436,827.6682177693997
2009-02-11,0.0054266036092913,831.5,819.5,2294910,-0.0164516048920049,42.2,0.0138072087186222,0.0266897263336355,5.47759601011007,-0.0219065181146673,809.080305204556
2009-02-12,0.0047990494024654,835.5,805.5,3192534,-0.0143200537747483,41.6,0.0267038668176813,0.0248296449787933,5.398350160124425,-0.0423683565661034,797.0065858587114
2009-02-13,-0.0187260077771496,820.0,818.75,2032708,0.0178682538308456,42.35,0.0147227369747951,0.023193400636116,5.365470971258848,-0.023359095296418,816.2096555132018
2009-02-17,-0.0429838825626225,785.5,785.5,2998314,0.039356931284125,44.05,0.0192021939139837,0.0227588804006471,5.516979417878551,-0.0304662019232525,795.3944366430384
2009-02-18,-0.0076677691978446,779.5,776.5,2732760,0.0179982361226165,44.85,0.016802157142605,0.0266578227849116,5.836417503860795,-0.0266583034493805,764.8365525844255
2009-02-19,0.0,779.5,775.0,2407562,-0.0112108797492167,44.35,0.0195621182779885,0.0250107501070133,5.7674176975971285,-0.0310372579390384,755.6780536814001
2009-02-20,-0.0129117352188972,769.5,752.5,3142066,0.0516314559192632,46.7,0.0238560168464482,0.0233701868817539,5.685611369449067,-0.0378499576446379,750.5473428678205
2009-02-23,-0.0323567348993742,745.0,739.75,2743651,0.0490960213365205,49.05,0.0381681872690937,0.0223791608456394,5.681213158471281,-0.0605576480267656,724.2838005242171
2009-02-24,0.0313816007411675,768.75,743.25,2750323,-0.0973509968391774,44.5,0.0219323906373163,0.0241111029303316,5.997346998089619,-0.0347979321951086,719.5214125357473
2009-02-25,-0.0094756467855106,761.5,751.25,3198201,-0.0238783374607933,43.45,0.0253815569306691,0.0253537364155543,6.350978984381764,-0.0404224635980507,738.2949127300413
2009-02-26,-0.0125538483853766,752.0,750.25,2499376,0.0125787822068597,44.0,0.025541645335723,0.0239354407528119,6.278476144267271,-0.0406481050774205,731.1671311913555
2009-02-27,-0.0238867538711105,734.25,729.5,3023734,0.0101753280416527,44.45,0.0202488352398858,0.0228724953389657,6.081100370187231,-0.0321569150531531,728.202674796641
2009-03-02,-0.0399427987858604,705.5,698.75,2886199,0.0737061559390497,47.85,0.0264190002143969,0.0231103936261658,6.389627437146571,-0.0420903907931538,703.9864996112315
2009-03-03,-0.0229400740595124,689.5,688.75,3131092,0.0124612204378116,48.45,0.0228420322378615,0.0262794241663694,6.802796792372087,-0.0365214623120338,680.1989364453761
2009-03-04,0.0271833618973786,708.5,681.5,3168491,-0.0794408936159105,44.75,0.0394103675336132,0.0259485116014889,7.033378099054641,-0.0631191178112317,647.3244126488232
2009-03-05,-0.0322724314048503,686.0,676.25,3338389,0.0564753749112227,47.35,0.0295060570150012,0.0262958525987057,7.135727798172215,-0.04728945391497,675.7752870781289
2009-03-06,0.0025477720787989,687.75,665.75,3329849,-0.0148938923387347,46.65,0.0346882418424841,0.0274073537645118,7.486760324711478,-0.0557153249914921,648.8245250601735
2009-03-09,-0.0172323237617195,676.0,670.75,2721975,0.0085379387380357,47.05,0.021979231599529,0.025393253181018,7.364570707309606,-0.0352772034698489,663.9110610709358
2009-03-10,0.0574870909176814,716.0,673.25,3286136,-0.1231106987641705,41.6,0.0325469520884157,0.0246029296197717,7.002908754276439,-0.0521156155398058,641.6721224282146
2009-03-11,0.0062652484789307,720.5,712.0,3205708,0.0,41.6,0.0196460033816434,0.0318426908436243,7.2344361796192675,-0.031506943782067,693.7927072587927
2009-03-12,0.0421257937534527,751.5,711.25,1983342,-0.0120920457650286,41.1,0.0312215175537583,0.0296269743581741,7.154516072869077,-0.0500450561759067,685.3299213116352
2009-03-13,0.0082823067448831,757.75,742.25,1081065,0.0120920457650286,41.6,0.0169161989794848,0.0320364785878676,7.505482564641289,-0.0271732358904876,731.3542652232903
2009-03-16,-0.0006600660305657,757.25,750.0,827057,0.0354228298424841,43.1,0.0228655835177444,0.0298127167195897,7.381500389091565,-0.0367035412611792,730.4421054107997
2009-03-17,0.0234921080732117,775.25,746.0,2826223,-0.0426604971427151,41.3,0.0227163829431579,0.0275790059743318,6.897071075368543,-0.0363465875628249,730.220732952739
2009-03-18,0.0207443213405085,791.5,761.75,3324988,-0.0085106896679083,40.95,0.0328615573355402,0.0271544517810713,6.822332814628131,-0.0525493285237077,735.5630272653423
2009-03-19,-0.0146359596374292,780.0,777.25,2739197,0.064996291802466,43.7,0.0199893216394475,0.0264339952168485,6.811494604944751,-0.0319625015320369,766.6017055662154
2009-03-20,-0.0207261305171169,764.0,761.5,2385394,0.0738627639298439,47.05,0.0177622598691609,0.0251606273427693,6.685418960388169,-0.0283729233450215,758.1801303073494
2009-03-23,0.0673772564377994,817.25,765.5,2915781,-0.0819041628048373,43.35,0.0296304101948831,0.0246591306709786,6.923840713343924,-0.0474185140396456,728.6177711732105
2009-03-24,-0.0169678604267531,803.5,801.25,2433671,0.0148829306917099,44.0,0.0119984142758141,0.0350095956531364,6.849484627541312,-0.0191907990639651,801.7158525648244
2009-03-25,0.005894231427975,808.25,787.0,3118269,-0.0288204385354919,42.75,0.0318240419410515,0.0330233431637761,6.8653299041836,-0.0509068975803495,763.6200033333595
2009-03-26,0.023235530196179,827.25,807.25,2733189,-0.0308813138014651,41.45,0.0133255220217821,0.0305964977641926,6.745504143955351,-0.0212961760500973,791.219353184072
2009-03-27,-0.0136925918376142,816.0,809.5,2210455,0.0355487668489606,42.95,0.0157019961486703,0.0297244055777145,6.882369024381796,-0.0251206998600364,806.7277469226717
2009-03-30,-0.039686507893319,784.25,775.5,2261920,0.0761846435815996,46.35,0.0276691046543853,0.0280118078939044,6.52890657773673,-0.0441386925541839,780.7661353388663
2009-03-31,0.0132997527201244,794.75,784.0,2688645,-0.0284483079575172,45.05,0.0187865669591233,0.0302921223962029,6.940239240319643,-0.0300683597968684,761.0198847424967
2009-04-01,0.0180802930154415,809.25,779.0,2614278,-0.0315697017687357,43.65,0.0236899028104873,0.0284597097614571,6.916226697172111,-0.03790960484305,765.1852756901936
2009-04-02,0.0319224552290942,835.5,807.25,2984901,-0.0161666338553465,42.95,0.022347627135476,0.0272413733656577,6.978323023895362,-0.0357777521110615,780.8086712978263
2009-04-03,0.0059666048132225,840.5,822.75,2171655,-0.0295355196255084,41.7,0.0180343828126056,0.028199949092463,7.303597044727442,-0.0289348755734433,811.671313969534
2009-04-06,-0.0119690237953209,830.5,818.75,1996010,0.0107335556431085,42.15,0.0237927749979295,0.0261145695866801,7.173254714570208,-0.0381421987122948,809.0451734571732
2009-04-07,-0.0200675630508095,814.0,810.75,2101777,0.0070922283094918,42.45,0.015041059767715,0.0245497617514478,7.0985008243317465,-0.0241003358930189,810.7239331630843
2009-04-08,0.010388116636987,822.5,802.25,2088351,-0.0214293914558991,41.55,0.0191590988450414,0.02404760065315,7.225834362654259,-0.0307243936004328,789.3706421073764
2009-04-09,0.035824726518145,852.5,822.25,2081575,-0.0405211974056394,39.9,0.0164066850845006,0.0225783397987033,7.0098283406917306,-0.0262723910092465,801.172349333445
2009-04-13,0.0017579846308981,854.0,841.5,1635670,-0.0050251362026729,39.7,0.0159500209823269,0.025514587690417,7.390442508652873,-0.0256041325582095,830.9495446610713
2009-04-14,-0.0162317271833547,840.25,836.25,2351211,-0.0025220694327101,39.6,0.0150741392621867,0.0235456501448115,7.21972587209657,-0.0241726238033966,833.6040838047918
2009-04-15,0.0097706180690657,848.5,831.5,2175733,-0.0204088716312069,38.8,0.0138716934052727,0.022754414950832,7.046565130601767,-0.0222187547613849,821.7865681129869
2009-04-16,0.015204971293703,861.5,840.25,2587100,-0.0380873350504011,37.35,0.0200443161679299,0.0214138614027331,6.998261805861555,-0.0320947878610384,821.6999440225936
2009-04-17,0.0060755285971483,866.75,853.75,1873990,-0.0202846711715061,36.6,0.0144714809219011,0.0207888756014618,7.021102298960433,-0.0231753416417979,841.7640205446655
2009-04-20,-0.0397169423982894,833.0,828.75,2217804,0.0762524314997556,39.5,0.0193757858778178,0.01940286158076,6.937294445046058,-0.0310107539279225,840.2839165623839
2009-04-21,0.017552138838905,847.75,823.0,2691106,-0.0413495598186952,37.9,0.0181625121208745,0.0243220896453173,7.155044391921908,-0.0291128419685727,809.0986094693744
2009-04-22,-0.0127617105162727,837.0,835.25,2933883,0.0144075838632722,38.45,0.0179451671625007,0.0236050918760986,7.230962261371696,-0.0287786198364924,823.7006385506521
2009-04-23,0.0139406083834305,848.75,831.25,2489552,-0.017049593326111,37.8,0.0126599045286661,0.0224706946230774,7.195800271784653,-0.0202980715110649,820.1817802963411
2009-04-24,0.0206974302827545,866.5,841.5,2407351,0.0,37.8,0.0183739585879951,0.0215941048423376,7.186833926551123,-0.0294579022141891,824.112274969754
2009-04-27,-0.0113159484009424,856.75,846.75,2460914,0.0248216531738139,38.75,0.0149715042068364,0.0217339561611445,7.381663816530471,-0.0240320898800559,845.9244214564532
2009-04-28,-0.0058531042136422,851.75,838.5,2224466,-0.0142952401868265,38.2,0.0189876757473548,0.0206890364585152,7.3407186578646675,-0.0304712913414719,831.0374578017207
2009-04-29,0.0200500687243163,869.0,849.25,2418138,-0.0468940571578619,36.45,0.0204644119812601,0.0193653217314669,7.214943935900331,-0.0328153636820678,824.2531411462182
2009-04-30,0.0011500863832374,870.0,864.5,2712027,0.0136241889395436,36.95,0.0181364886934864,0.019835520039983,7.299877917231604,-0.0290980285375152,844.0781598181673
2009-05-01,0.0068728792877621,876.0,862.5,1802797,-0.0163714434146826,36.35,0.0106214314586954,0.0184676126651192,7.155091013571572,-0.0170251861938348,855.313463270412
2009-05-04,0.0300795692211757,902.75,876.0,2171103,-0.0435768171990997,34.8,0.0131108156899707,0.0174475950664895,7.080418361832524,-0.0210049194389141,857.7915930991237
2009-05-05,0.0008304498747158,903.5,893.5,1997855,-0.0057637047167498,34.6,0.0090281700591462,0.0205206436703924,7.344806511470123,-0.0144887045790775,889.7646197697997
2009-05-06,0.0151039532031083,917.25,891.0,2650152,-0.0458321157659837,33.05,0.0187322369364949,0.019146532816467,7.055234615450386,-0.0300058483551771,876.792411752642
2009-05-07,-0.0112376131202553,907.0,898.0,2743570,0.0194762710606211,33.7,0.0234554701711827,0.018908623738618,7.198299892975317,-0.0376075910601867,883.3950291334742
2009-05-08,0.0193809805974272,924.75,903.0,2641858,-0.0455313848079534,32.2,0.0149856741962295,0.0182370510313584,7.307979639929825,-0.0240440908188165,885.4520975817463
2009-05-11,-0.0171783365350846,909.0,905.75,2061930,0.0077339905997364,32.45,0.0105602031978515,0.0187793472883132,7.575089755357464,-0.0169699055878275,909.189483477481
2009-05-12,-0.002478316014467,906.75,894.0,2530397,0.0122513017805205,32.85,0.0165544419353184,0.0188484520273278,7.898552009599603,-0.0266467682559109,885.097958029512
2009-05-13,-0.0239966871709986,885.25,880.0,2461178,0.0299872544276644,33.85,0.0192563533052312,0.0176684889034993,7.867534791930285,-0.0309912260383539,879.0796888643238
2009-05-14,0.0047894161138763,889.5,878.75,2200806,-0.0406989100225922,32.5,0.013986950584664,0.0191343033763974,8.2553775910654,-0.0225501780509366,865.5108519881579
2009-05-15,-0.0073343065019297,883.0,876.75,2204790,0.0213097865867513,33.2,0.0141348510010187,0.0180137331082321,8.255059435993777,-0.0227885970679331,869.4587660215695
2009-05-18,0.0268172495111764,907.0,875.25,1928363,-0.0734131255710464,30.85,0.0202410643119889,0.0171537737643739,8.320472845645476,-0.0326420570107936,854.6424066316264
2009-05-19,-0.0005514199202307,906.5,903.5,1981787,-0.0146941419392208,30.4,0.0094842218912935,0.0192596245836556,8.829291026262432,-0.015324020051443,893.207065327201
2009-05-20,-0.0071962668705944,900.0,899.25,2781625,0.00328407520119,30.5,0.0183948619918814,0.0180915261970349,8.520201193194248,-0.0296881649472878,879.9832430018675
2009-05-21,-0.0125787822068605,888.75,877.75,2388542,0.0542397689369966,32.2,0.0167516588691538,0.0172265637622618,8.613323336079723,-0.0270455687879984,875.9851988785739
2009-05-22,-0.004228336109521,885.0,882.0,1651521,0.0169365095308982,32.75,0.0108212237677717,0.016952672044247,8.708897581890689,-0.0174769248575376,873.3523269441861
2009-05-26,0.0264823838397996,908.75,876.75,2586181,-0.0500887168477985,31.15,0.0215252216600709,0.0160462308266303,8.74345718055384,-0.0347687763182738,854.7584109268993
2009-05-27,-0.0180435151939351,892.5,890.5,2404322,0.030041784902508,32.1,0.014990545939806,0.0183368586611203,9.295498423444132,-0.0242565151283209,886.9720877996991
2009-05-28,0.0139084300461318,905.0,886.25,2694863,-0.0172824411487479,31.55,0.0153788529547461,0.0185878604537795,9.735231761898172,-0.0249147271117709,870.5383266377587
2009-05-29,0.0142624469205649,918.0,902.25,2009771,-0.0387770714817148,30.35,0.0176013565680012,0.0182718877379146,9.997783949380546,-0.0285336657237462,879.5419652869933
2009-06-01,0.0226180885877722,939.0,916.5,2197829,-0.0250221561754928,29.6,0.0196818457034022,0.018042673360599,10.284286077542406,-0.0319065256705321,889.1721532350807
2009-06-02,0.003720440113903,942.5,934.5,1946965,0.0,29.6,0.01063905482351,0.0191096226971994,10.793883918852243,-0.0172471261563565,922.9438081313156
2009-06-03,-0.0114713809627984,931.75,922.5,1975454,0.0510398839034476,31.15,0.0160177080868907,0.0179985647511919,10.670151696743767,-0.0259665390105728,918.341550059044
2009-06-04,0.009347110381717,940.5,928.0,1786027,-0.0112995552539332,30.8,0.0085022272018238,0.0175091415068642,10.817159256282428,-0.0137830838916085,918.9957102210064
2009-06-05,0.0,940.5,933.25,2399049,-0.0081500043619247,30.55,0.0181361215701317,0.0168969570291658,10.57692350333368,-0.029400729848282,913.2511445015178
2009-06-08,-0.0018624456627405,938.75,925.5,1980655,-0.0098685011407537,30.25,0.0158574742756511,0.0159515626890322,9.730547850768216,-0.0256898176046717,916.6464352718436
2009-06-09,0.0007986157751762,939.5,934.25,1928047,-0.0387580102994036,29.1,0.0095719891015339,0.015057684482549,9.686431342642248,-0.0155052937522843,924.306668899698
2009-06-10,0.0010638298875642,940.5,927.0,2636837,0.0696799206379896,31.2,0.0210256820232529,0.0142000361985417,9.62041146837264,-0.034052814171417,908.0459696449968
2009-06-11,0.0015936258352784,942.0,936.75,1574555,-0.0194180858571013,30.6,0.0146782646219389,0.0133787540920382,9.378441364910922,-0.0237568906862189,918.419959335298
2009-06-12,0.0029150676532356,944.75,935.25,761323,-0.0214706843968768,29.95,0.0082805994538537,0.0125672023637342,9.35040207914051,-0.013401142934253,929.4603339511189
2009-06-15,-0.0227495425903043,923.5,919.25,747400,0.0456849425174712,31.35,0.0124174828925643,0.0117970318849503,9.22753392248029,-0.0200889514343463,925.96032744391
2009-06-16,-0.017201789344849,907.75,906.5,2267554,0.0329441557193539,32.4,0.0114902171096195,0.0149077514009113,9.663657939205866,-0.0186114571876779,906.471275515818
2009-06-17,-0.0027578616486945,905.25,899.25,2362146,0.0076864329241566,32.65,0.0115447350257281,0.0156982011504459,10.1698230046547,-0.0187153374743818,890.9191412753935
2009-06-18,0.0087985170296409,913.25,903.0,1888281,-0.0076864329241566,32.4,0.0101588884521395,0.0148139283971306,9.96962689257485,-0.0164675393629922,890.4648317799456
2009-06-19,0.0027337359835319,915.75,910.75,1623895,-0.0329441557193539,31.35,0.0091428086296332,0.0144068510389006,10.064806275103509,-0.0148215397396257,899.8140455635412
2009-06-22,-0.0302087540642181,888.5,887.75,2043793,0.0436886950023311,32.75,0.0169270621827552,0.0136060233604573,9.72779834693565,-0.0274224054517266,890.9791229887098
2009-06-23,0.0019676745631818,890.25,884.25,1834657,-0.0216057787145818,32.05,0.0080817790254565,0.0178279431775683,9.903602691352964,-0.0130984753681162,876.9378929315565
2009-06-24,0.0086677461443125,898.0,888.25,1749833,-0.0462971744083438,30.6,0.0134030053745162,0.0167489753277718,9.714841118816242,-0.0217125962001897,871.1286989779696
2009-06-25,0.0203919989775593,916.5,891.0,2278262,-0.0502618347808883,29.1,0.01663945954776,0.0161395161074648,9.681104214619904,-0.0269532433825409,874.1192647934553
2009-06-26,-0.0027314958256097,914.0,908.5,1410004,-0.0190812380754277,28.55,0.0078661411171283,0.0172667631761026,9.676991653224306,-0.0127417453666866,904.8962732276856
2009-06-29,0.0079008720493964,921.25,907.25,1346711,-0.0392907681464795,27.45,0.0116651912521745,0.0162641165459621,9.497363425387949,-0.0188864810334935,896.8997464434452
2009-06-30,-0.006261079388981,915.5,908.25,2062874,0.0216224640131659,28.05,0.0132693817938869,0.0156418719515479,9.465308189296804,-0.0214818416736445,901.670903804338
2009-07-01,0.0040877560668164,919.25,913.5,1534550,-0.0143629040003618,27.65,0.0110376062036229,0.0149635421761016,9.36945518182154,-0.0178639977331691,899.2907223842677
2009-07-02,-0.0286916232778624,893.25,892.75,1850449,0.0579617880546781,29.3,0.0112195848828173,0.0142173907084547,8.995621562364265,-0.0181379266997687,902.7270102510196
2009-07-06,0.0025157245972478,895.5,882.0,1736323,-0.0102916860365476,29.0,0.011068587689911,0.017675955047592,9.367755311049647,-0.0179140532672358,877.3907477817014
2009-07-07,-0.018312950146675,879.25,875.25,1930545,0.0422003544903764,30.25,0.0142437252710508,0.0166607606233761,9.16888504487364,-0.023039360481304,875.104109022162
2009-07-08,-0.006274977806072,873.75,865.25,2498962,0.0180185055026784,30.8,0.0141851028276924,0.0172735566156868,9.46878338723014,-0.0229645260859732,859.288520644102
2009-07-09,0.0059906041371569,879.0,873.75,1779181,-0.0346855579878901,29.75,0.0078863208920228,0.016469199542946,9.15680545814412,-0.0127557282838286,862.6754644549237
2009-07-10,-0.0054185217416913,874.25,868.75,1825714,0.0016792615197198,29.8,0.0087342105031171,0.0157296906033628,8.792394033865458,-0.0141104082247607,866.684047077366
2009-07-13,0.0240158455572814,895.5,865.5,2053821,-0.0785058579124351,27.55,0.0213749106272626,0.0150058311148488,8.669843640769155,-0.0345169272346465,844.5884343033068
2009-07-14,0.0066778211426052,901.5,892.5,2009856,0.093493648877927,30.25,0.0080455145154837,0.0170686111171936,9.099264799474128,-0.0130109037242356,883.9242047923476
2009-07-15,0.0281631737263277,927.25,906.5,2188329,-0.033616610798985,29.25,0.0124658616928587,0.0163060835504182,8.94842267002149,-0.0201496018596996,883.5169183246185
2009-07-16,0.009125130414838,935.75,921.0,2191367,-0.0103093696588612,28.95,0.0134348989326206,0.0189084799312526,9.350534390904093,-0.02174275791711,907.3066253801184
2009-07-17,0.001334935453884,937.0,928.0,1525903,0.0017256259674698,29.0,0.0080607742746015,0.0181453010683193,8.951226438381063,-0.0130294149758201,923.6368101912078
2009-07-20,0.012725516371506,949.0,933.75,1574716,-0.0209066848193137,28.4,0.0085420588238758,0.0171033977563003,8.706796638839872,-0.0137958336269828,924.1620625306562
2009-07-21,0.004730626430546,953.5,939.5,1892528,-0.0124005131984548,28.05,0.0119167529600647,0.0168793237658369,8.837190905030965,-0.0192548723713908,930.9019233494578
2009-07-22,-0.0042038947881337,949.5,943.5,2049033,-0.0307716586667541,27.2,0.0097507981037557,0.0160512946557285,8.70945159977364,-0.0157481543337413,938.6017526929816
2009-07-23,0.020329081638426,969.0,948.75,2299971,-0.0355509842643186,26.25,0.0163732585147835,0.0152704998465425,8.5020477914013,-0.026423589604007,924.7393746241468
2009-07-24,0.0089894017448566,977.75,962.5,1682233,-0.0095694510161505,26.0,0.0088263418489159,0.0165262058593913,8.936650326219565,-0.0142661934578687,955.2741988006516
2009-07-27,0.0022985580289942,980.0,969.0,1521546,0.0133717369658894,26.35,0.0106936161696963,0.016019518411131,8.630160874133859,-0.0172659208887677,961.0131501992493
2009-07-28,-0.0040899852515252,976.0,966.0,1932201,0.0354184272035427,27.3,0.0111429869710433,0.0151752309683628,8.456373053716025,-0.0179796670817203,962.53738270611
2009-07-29,-0.0010251154152447,975.0,964.0,1869237,0.0127390257774293,27.65,0.0087463729367441,0.0144477146294534,8.172156087891093,-0.0140961595837917,962.3386606661225
2009-07-30,0.007408387440722,982.25,973.5,2202255,-0.0219387226758529,27.05,0.0137716474916212,0.0136526745755209,7.723396143438602,-0.0221480922383879,953.6429915918452
2009-07-31,0.0022880396406108,984.5,978.25,2082892,0.0073665158167623,27.25,0.0086839966594176,0.0132465348031109,7.529793538934497,-0.013951395851147,968.6413916984604
2009-08-03,0.0163710997935027,1000.75,982.0,1754282,-0.0297973628049446,26.45,0.007821677831171,0.0124762057689417,7.232274552381507,-0.0125437101332752,972.2278474486694
2009-08-04,0.0039890354566276,1004.75,992.0,1874293,-0.0056872191205896,26.3,0.0087734226606451,0.0137231784442521,7.670542633117616,-0.0141058591986785,986.7326571637198
2009-08-05,-0.0039890354566276,1000.75,991.25,1862527,-0.0095511709843427,26.05,0.0105424846722627,0.0130081854294672,7.49098674172206,-0.0169334643636999,987.8793441310568
2009-08-06,-0.0057622607140901,995.0,989.75,1731837,0.0208934475882776,26.6,0.0123173256121072,0.0123470390705423,7.058236386989823,-0.0197306630466553,981.198059621708
2009-08-07,0.0114915079212529,1006.5,990.0,1979123,-0.0363676441708751,25.65,0.0168152114569609,0.0118317649374843,7.12300516219783,-0.0269475069308417,968.5452758964648
2009-08-10,0.0009930487409919,1007.5,998.25,1189129,-0.0019512201312616,25.6,0.0066097373493443,0.0121519527230618,7.223433614283129,-0.0105995097710127,995.8879341184104
2009-08-11,-0.0144966297756647,993.0,990.0,1612512,0.11081436634029,28.6,0.0118075881722511,0.0114051925051233,7.101029372247832,-0.0189196579760402,988.6176318104898
2009-08-12,0.0092720874774432,1002.25,985.75,2040882,-0.0087796876520456,28.35,0.0170065216175037,0.0122919911971543,7.32304483275811,-0.0272890079565765,966.2684132160964
2009-08-13,0.0111622143694383,1013.5,998.0,1828176,-0.0195910094771698,27.8,0.0099350966998625,0.012080048431604,7.503236527052665,-0.0159589807199927,986.3820663777616
2009-08-14,-0.0076761550621569,1005.75,992.25,1836479,0.0178257839526003,28.3,0.0159381571571937,0.012120099550381,7.807323281224011,-0.0256432901484963,987.8409230675292
2009-08-17,-0.0277235497393757,978.25,975.5,2201445,0.0549966757474487,29.9,0.01249169044127,0.0116683897316763,8.038251162235458,-0.0201203516069811,985.7161760133646
2009-08-18,0.0114345039520982,989.5,976.25,1753397,-0.021978906718775,29.25,0.0068775223207218,0.015457187356925,8.137804850270447,-0.0110825520421333,967.468347927522
2009-08-19,0.0075510049192182,997.0,976.75,2127507,-0.0312525435041042,28.35,0.0150344489715402,0.0150849390187965,8.30095446323028,-0.0242435846157185,965.7994272686592
2009-08-20,0.0077432633674723,1004.75,994.25,1639885,-0.0195910094771698,27.8,0.0081400074035535,0.0143704736316724,8.406614186081441,-0.0131316660878546,983.993315535287
2009-08-21,0.0201977309428578,1025.25,996.5,1932725,-0.0163194918286011,27.35,0.0171160109958865,0.0137384149478056,8.638461020179605,-0.0276363632038163,977.3625519193092
2009-08-24,-0.0007317965932136,1024.5,1021.25,1725611,0.0018264845260342,27.4,0.0094520246032205,0.0148605198833848,9.402962260883942,-0.0152992425575529,1009.6838304951444
2009-08-25,0.00146305805176,1026.0,1018.25,2067951,0.0126928267984189,27.75,0.013542244858865,0.0139604541392012,9.32457963095637,-0.0219148435412325,1002.2924688532414
2009-08-26,0.0007307271059531,1026.75,1020.25,1886346,0.0196259644567482,28.3,0.0080743787145246,0.0131774039499535,9.065600259627765,-0.0130562037112029,1012.691403916108
2009-08-27,0.0024319078133459,1029.25,1014.75,2068535,-0.0178257839526003,27.8,0.0122998871589328,0.0123865055829427,9.163083010418712,-0.0198948318843574,1006.5248365720662
2009-08-28,-0.0017017142796245,1027.5,1022.0,1570206,0.0107335556431085,28.1,0.0114463740368064,0.0116777007039956,9.22299513458312,-0.0185176442168669,1010.3660969977972
2009-08-31,-0.0075711681727215,1019.75,1013.25,1647166,0.0141345109349049,28.5,0.0115749189336348,0.0109839450345379,9.177596443356798,-0.0187230372119499,1008.441056676752
2009-09-01,-0.0230636385448184,996.5,995.25,3206696,0.0529585737066118,30.05,0.0169818393025651,0.0106696614109376,9.436998705056324,-0.0274897850974806,992.099091677636
2009-09-02,-0.0022604555650493,994.25,991.0,1920576,0.0148640226321492,30.5,0.0069887979471482,0.0128514050585616,10.178436217659826,-0.0113296417656755,985.273726891025
2009-09-03,0.0075150654284543,1001.75,991.25,1398009,-0.0521564795943616,28.95,0.0078474821898209,0.0121679254772629,10.296536538757184,-0.0127216672517295,981.681597359364
2009-09-04,0.0121544346348745,1014.0,1000.0,1625973,-0.0477544312958997,27.6,0.0083953564665883,0.0118365232686644,9.909778627383345,-0.0136069066297481,988.2115980525128
2009-09-08,0.01078970742138,1025.0,1012.25,1527757,0.0648781373744911,29.45,0.0074471966042175,0.0119373343061888,10.661718613581142,-0.0120727584804148,1001.8318224291552
2009-09-09,0.0072904332626784,1032.5,1018.75,2091726,-0.0292871922717887,28.6,0.0110305629776462,0.0118943756720922,10.919946704421758,-0.0178818057061515,1006.8340531747916
2009-09-10,0.008918945467375,1041.75,1027.5,1445592,-0.0446901889578166,27.35,0.0098064652738023,0.011576005141684,10.447075796618863,-0.0158974031557248,1016.2157131341348
2009-09-11,-0.0002400096015353,1041.5,1038.0,827072,0.0127158843253023,27.7,0.0069466569079528,0.0113712117356262,11.071310907477494,-0.0112613263155327,1030.084322097622
2009-09-14,0.0062216041799603,1048.0,1032.75,640193,-0.0237454079008019,27.05,0.0106469248806771,0.0107773702564575,11.066367734311974,-0.0172598844202315,1023.6780749916772
2009-09-15,-0.0019102202561187,1046.0,1038.25,2605342,0.0036900410874536,27.15,0.0091580453827241,0.010421210157883,11.539396378086971,-0.0148462402611598,1032.556066049814
2009-09-16,0.0165919900154234,1063.5,1044.5,2485619,-0.0452054367680467,25.95,0.0078511385698873,0.009901181175585,10.322390872512036,-0.0127275946625125,1032.771299330816
2009-09-17,-0.0007054674013922,1062.75,1056.25,2477295,0.0057637047167502,26.1,0.0101319017166951,0.0109414800832771,11.132516708401877,-0.016424972895665,1046.1747144970177
2009-09-18,-0.0016480286249169,1061.0,1056.0,1872677,0.0245991590133676,26.75,0.007736408282992,0.0104112544156734,9.979197031762297,-0.0125409880121978,1049.5052894576609
2009-09-21,-0.000471364609246,1060.5,1051.5,1698615,-0.0018709079358116,26.7,0.0074893656722342,0.0098734840030229,9.289511211951826,-0.0121184864931283,1048.2198800905933
2009-09-22,0.0063447516333345,1067.25,1059.5,1414027,-0.0227282510775559,26.1,0.0048997952218277,0.0093056477145401,8.583382912021873,-0.007909846847814,1052.144695569992
2009-09-23,-0.0077601800366648,1059.0,1055.25,2129823,0.0095329606587237,26.35,0.0127213776113222,0.0090391039726762,8.49295351057452,-0.0205293725143236,1045.5633950356007
2009-09-24,-0.0140261422241216,1044.25,1041.0,2315316,0.0206580116204215,26.9,0.0129547147747171,0.0089467958803041,8.691936679530968,-0.0209213731101035,1037.0744222098567
2009-09-25,-0.0031171347623155,1041.0,1036.25,1885166,0.0037105793965359,27.0,0.0088042630286882,0.0097636141428452,9.800735905825697,-0.0142658266685635,1029.4586666527505
2009-09-28,0.0171432769864372,1059.0,1035.75,1516970,-0.0435262650498908,25.85,0.0138520127554434,0.0092889081537623,9.960011337447336,-0.0224535737316204,1017.886293483546
2009-09-29,-0.0040212945969582,1054.75,1053.25,1645534,0.0019323677510536,25.9,0.0079118057035792,0.010534293836933,11.441965912920448,-0.0128259430332735,1045.504060415654
2009-09-30,-0.0016605388704729,1053.0,1041.5,2852909,0.0153259704782269,26.3,0.01457818916708,0.0101810510346083,11.385001697494692,-0.0236329140009928,1030.115423920005
2009-10-01,-0.0245145657635861,1027.5,1024.5,2761051,0.0554670815128726,27.8,0.0147417089833818,0.0096620322395211,10.078184079435315,-0.0238979983480146,1028.1337183644705
2009-10-02,-0.005611823926003,1021.75,1012.0,2564606,0.0017969456767015,27.85,0.0104452056389395,0.0122398237357313,10.822963414086702,-0.0169328744303286,1010.2479471553738
2009-10-05,0.0143328094314476,1036.5,1019.5,1675762,-0.0384310788564818,26.8,0.0095458298627234,0.0117347368472437,9.857403097809362,-0.0154695810748068,1006.065583991865
2009-10-06,0.0115109184661408,1048.5,1035.5,2160838,-0.0303053494953289,26.0,0.012540422383648,0.0121564392988647,10.78638544691612,-0.0203294606985978,1015.6412558776508
2009-10-07,0.0047573829022686,1053.5,1045.25,1692060,-0.0233473639969914,25.4,0.0055936517594188,0.012106661028081,9.706397690679111,-0.0090614057713626,1039.0420320069331
2009-10-08,0.0096824466433407,1063.75,1053.25,1874290,-0.0138753464936169,25.05,0.0071390509950387,0.0115897057434496,8.591683950167077,-0.0115250821934128,1041.4280247864406
2009-10-09,0.0039873396325562,1068.0,1058.5,1327011,-0.0201619732903441,24.55,0.006044229078025,0.0115003938594156,8.683761936493367,-0.0097609144684688,1053.417337389447
2009-10-12,0.0032717953934913,1071.5,1067.0,1060806,-0.0205768576887592,24.05,0.0060516940199443,0.0109695743595558,7.5519426011121,-0.0097236339443264,1057.6654848948233
2009-10-13,-0.0025697946626621,1068.75,1063.0,1519381,0.0624573549337466,25.6,0.0073285153281981,0.0105613624585852,7.462132343409578,-0.0117692029551817,1058.9632177109042
2009-10-14,0.0176216013498198,1087.75,1072.75,1968023,-0.0078431774610261,25.4,0.0070085455656401,0.0100840447020914,8.700928540875417,-0.0113188993816179,1056.721131487502
2009-10-15,0.0018369695177122,1089.75,1080.5,1839117,-0.0198813705538287,24.9,0.0081950097497971,0.0110547395261404,9.440494290362594,-0.0132660103692249,1073.4151903155991
2009-10-16,-0.0071371317120751,1082.0,1077.5,2017636,0.0159365922628125,25.3,0.0107214897675535,0.0106862828287587,13.175056373212758,-0.0173807626403484,1070.972966191758
2009-10-19,0.008283526426644,1091.0,1076.25,1559384,-0.0260274952447754,24.65,0.0118377458357765,0.0104349540108742,11.51508000198208,-0.0191903415503938,1061.4340157214758
2009-10-20,-0.0013758314483958,1089.5,1082.0,1991670,-0.0040650462481695,24.55,0.0110225152360668,0.0103225901083077,12.547929678412698,-0.0178687593954975,1071.6783247851415
2009-10-21,-0.0106114029157327,1078.0,1072.5,2418114,0.0,24.55,0.0157182463481577,0.0098322988813798,10.728987298331154,-0.0254810772404619,1062.089079349281
2009-10-22,0.0117580605347766,1090.75,1070.25,2184400,-0.0373487393025877,23.65,0.0118408962678877,0.0099503517529421,10.351776670790873,-0.0191954487616048,1057.50464432485
2009-10-23,-0.0126861348473301,1077.0,1071.5,2348150,0.0167718816138284,24.05,0.013430128594666,0.010133464978765,9.503641138410575,-0.0217443696349563,1067.2883328192208
2009-10-26,-0.0097971392449833,1066.5,1061.25,2339507,0.0205768576887592,24.55,0.0169630303328928,0.0104566102756796,10.180722358116457,-0.0274990146210172,1047.787065576914
2009-10-27,-0.0056417639066683,1060.5,1057.0,2460527,0.0040650462481695,24.65,0.0077838523398751,0.0103755628076335,9.1643884232729,-0.0125902822283587,1053.156638606374
2009-10-28,-0.0209631306885702,1038.5,1038.0,2843071,0.0780122501231543,26.65,0.0102822924636405,0.0100946920846553,8.506520025397736,-0.0165941147412356,1043.047149111689
2009-10-29,0.0219056378271442,1061.5,1037.25,2298367,-0.0619153230809796,25.05,0.0119520886740397,0.0119285891741815,40.44429281478452,-0.0193757043847166,1018.5720138207608
2009-10-30,-0.0272158120236722,1033.0,1029.5,3376612,0.1059591388424192,27.85,0.0149665668409814,0.0134021227935366,62.17376639690872,-0.024262518683853,1036.0552613408674
2009-11-02,0.0057915219795887,1039.0,1026.0,2783823,0.0053715438019108,28.0,0.0153221775258011,0.0157866117471714,43.95602749721054,-0.0248390043252354,1007.657354542653
2009-11-03,0.002643279203335,1041.75,1026.5,2315679,0.0035650661644961,28.1,0.0118596606450728,0.0149636917208322,51.05274362752596,-0.019225867965747,1019.2151233234428
2009-11-04,0.0050269405679745,1047.0,1040.75,2360779,-0.0179538036165953,27.6,0.0115426474226877,0.014186075782963,51.53448089633527,-0.0187119532308001,1022.4380681864392
2009-11-05,0.0154013232632062,1063.25,1039.0,1949016,-0.0635728040176126,25.9,0.0137175929628923,0.0135376119345309,34.84945180257468,-0.0222377890063826,1023.97400738495
2009-11-06,0.0028175646721457,1066.25,1053.5,2082058,-0.0313751225677534,25.1,0.0105135841440023,0.0137528788847657,25.70404342118548,-0.0170437238171175,1045.2818179778371
2009-11-09,0.0236340935597816,1091.75,1065.0,1833896,-0.0658674249876249,23.5,0.0094329512536257,0.0132462433293803,25.85082344512494,-0.0152918941576024,1050.0690518420045
2009-11-10,0.0002289639391799,1092.0,1085.0,1810118,0.0658674249876249,25.1,0.0061577346234143,0.0146963821497926,23.57529563210481,-0.0099823929521168,1080.905937390707
2009-11-11,0.0038843873815421,1096.25,1091.25,1800698,0.0019900504080094,25.15,0.0072984926922789,0.013947455534282,22.357311729195608,-0.0118316924109478,1079.1559252932184
2009-11-12,-0.0082436922086452,1087.25,1082.5,2020189,0.0428080924918847,26.25,0.0108976387543781,0.0133240709822823,16.88967069765547,-0.0176663203189652,1077.053362591235
2009-11-13,0.0039013245122507,1091.5,1082.75,1478254,-0.0153553880831944,25.85,0.0082923688003501,0.0129501798781223,12.361914303511629,-0.0134428793917512,1072.7320296724754
2009-11-16,0.0134230203321408,1106.25,1091.0,1992105,-0.0155948579579066,25.45,0.0110056545628447,0.0124577326578973,10.432588323103417,-0.017841426313474,1072.1987758518248
2009-11-17,0.0011293055971517,1107.5,1100.0,1517083,-0.0039370129593394,25.35,0.0057189689327387,0.0125529825762813,8.993227902387964,-0.0092453899742105,1096.0694215671224
2009-11-18,0.0009025271370752,1108.5,1100.75,1480000,-0.0381955977380359,24.4,0.0063702096707862,0.0121216258223554,9.157785716712082,-0.0103035253581984,1096.147431837468
2009-11-19,-0.0129385529853616,1094.25,1086.5,2047058,0.0122201113347752,24.7,0.0124394573082639,0.0117188217220794,8.937234694564108,-0.0201061831642817,1086.43486214417
2009-11-20,-0.003891500847815,1090.0,1083.5,1451811,-0.0204506104712907,24.2,0.0071098974554499,0.0117498876206797,8.12528521270894,-0.0114563741487803,1081.7853984867047
2009-11-23,0.01253577669498,1103.75,1089.0,1545064,-0.057401515822427,22.85,0.0120899680274071,0.0113156344645354,8.602981082233551,-0.0195185196184209,1068.9310993762574
2009-11-24,-0.0006797326646665,1103.0,1095.0,1584089,-0.0065861928528567,22.7,0.0077018129616812,0.0113932672084523,8.140543821142042,-0.0124109765794778,1090.1360406146634
2009-11-25,0.0054249680968645,1109.0,1102.25,1078340,-0.0155386034277791,22.35,0.0047566458129561,0.011083958879793,8.195786943842347,-0.0076668662432513,1094.5757814771812
2009-11-27,-0.0177398329656925,1089.5,1067.0,1704981,0.0733086754921923,24.05,0.0265910811945063,0.0108417834295841,8.472096015689633,-0.0429084233262346,1062.4210201127494
2009-11-30,0.0048071512968332,1094.75,1084.5,2016591,0.002076843944839,24.1,0.0085504258001561,0.0113865943386088,8.02939060491085,-0.0137716037194553,1074.598680790147
2009-12-01,0.0124817233748579,1108.5,1092.25,1835688,-0.0445460710539515,23.05,0.0088010983285329,0.011129326805243,8.174605710176207,-0.0141845086234159,1079.331122308983
2009-12-02,-0.0004511617491367,1108.0,1104.25,1669060,-0.0175059175136147,22.65,0.0071661195744705,0.0111772646825159,36.09447293369877,-0.0116171004288191,1095.69695529082
2009-12-03,-0.0090662452377534,1098.0,1097.5,2054949,0.0261452801043224,23.25,0.0111755966165408,0.0108921873507089,30.86882165603233,-0.0181169218427282,1088.1071929170228
2009-12-04,0.0090662452377534,1108.0,1095.25,2928961,-0.0283552257551251,22.6,0.0140265362569708,0.0108134715198496,27.289508794249887,-0.0227386214634499,1073.3147119511657
2009-12-07,-0.0038431153890599,1103.75,1098.75,1572214,-0.004434597067866,22.5,0.0072999530262222,0.0107452249527494,23.904274638051746,-0.011834059779494,1094.9651415333194
2009-12-08,-0.01253577669498,1090.0,1087.75,2251962,0.1655144384775737,26.55,0.0095967655849537,0.0105024639440911,19.058806535855016,-0.015557455947207,1086.7113407540492
2009-12-09,0.0050331838123316,1095.5,1085.0,2239481,-0.0037735893836394,26.45,0.0074713556042693,0.0107183905770028,17.948178491494136,-0.0121119229859671,1076.877632914165
2009-12-10,0.0059158306773383,1102.0,1092.5,1327831,-0.0133208439756606,26.1,0.0079075730005212,0.0104793587623884,16.766412574713904,-0.0128190813369259,1081.546324130456
2009-12-11,0.0054298775943699,1108.0,1101.25,798580,-0.0038387763071656,26.0,0.005041455745272,0.0102500437626469,17.586749995924745,-0.0081727770645804,1093.0303032676818
2009-12-14,0.0049516193901926,1113.5,1104.5,757740,-0.0174592213717685,25.55,0.0079068208769569,0.0100565864589866,15.409646995606415,-0.0128178620585018,1093.8884420481902
2009-12-15,-0.0085682598603815,1104.0,1100.25,1804825,-0.0118111609283446,25.25,0.0064471986951686,0.009813056590614,15.309196271965234,-0.0104516473592138,1101.9226969985832
2009-12-16,0.0015838899113953,1105.75,1103.0,1666850,-0.0466143152247595,24.1,0.0056350324558856,0.0097513978954617,15.552603642237044,-0.0091350328834718,1093.9608475035957
2009-12-17,-0.0104546406774312,1094.25,1090.75,2014202,0.0144183754242717,24.45,0.0080073581338194,0.0094778106097366,15.787416590810958,-0.0129808444644848,1091.4891901583785
2009-12-18,0.0031934333708223,1097.75,1088.5,1732758,-0.0144183754242717,24.1,0.008980230651116,0.009573295617159,16.961366110587,-0.0145579822195032,1078.4353221614886
2009-12-21,0.0095195641833365,1108.25,1096.5,1163792,-0.0359067084632438,23.25,0.0092891431815263,0.0092661869760329,16.517115222628203,-0.0150587648051415,1081.3430849164467
2009-12-22,0.0047260130722586,1113.5,1107.25,930910,-0.0261452801043224,22.65,0.004345889345757,0.0093048065698591,17.324745793110445,-0.0070451842810513,1100.469613829051
2009-12-23,0.0017945271751651,1115.5,1111.25,727761,-0.0088692377407797,22.45,0.0054594410713373,0.0090520282321652,17.285419628232983,-0.0088503791419963,1103.6885842433578
2009-12-24,0.0058100722100542,1122.0,1114.75,248984,-0.0157130056645562,22.1,0.0031518521183952,0.0087218327372459,16.23227748941095,-0.0051095132052536,1109.8148744999658
2009-12-28,0.0008908686558015,1123.0,1117.5,474293,-0.0113766869821079,21.85,0.0053382829893844,0.0085201409802493,17.1852421818852,-0.0086539680172331,1112.3321408927775
2009-12-29,-0.0011137098823503,1121.75,1120.5,579344,0.0068415318167169,22.0,0.0049999935752423,0.0081398343256952,17.709078291494848,-0.0081055621390929,1113.934244873615
2009-12-30,0.0002228412265488,1122.0,1113.0,596890,0.018018505502678,22.4,0.0059955033147333,0.0077391537656912,18.399692441996848,-0.0097193974234964,1110.900078701624
2009-12-31,-0.0100773442666231,1110.75,1109.75,638861,0.0242569776455598,22.95,0.007660380344328,0.0073478231102741,16.00751655433438,-0.01241835373499,1108.1527649950222
2010-01-04,0.0160753629151768,1128.75,1113.25,1291254,-0.0377403279828469,22.1,0.0062526063183992,0.007685223580233,17.425110856698396,-0.010136190833528,1099.5480942677852
2010-01-05,0.0030959777051284,1132.25,1125.0,1378593,-0.02520179197395,21.55,0.0045666040607967,0.0087730598580128,15.500161150730854,-0.0074029881083654,1120.4247311275433
2010-01-06,0.0006621785916829,1133.0,1127.25,1259921,-0.0354228298424845,20.8,0.0051269643671539,0.0084710892409617,16.525756122325593,-0.0083113963323178,1122.8784209052465
2010-01-07,0.0039638897970988,1137.5,1127.0,1567025,-0.0169701042184615,20.45,0.0069078862794442,0.0081268469957267,17.28503208967508,-0.0111984746870618,1120.3829061371732
2010-01-08,0.0035103151447444,1141.5,1131.0,1527666,-0.027263150758364,19.9,0.0062746117990408,0.0079006042298405,14.324685467261691,-0.0101718642375147,1125.9881521641696
2010-01-11,0.0008756567985095,1142.5,1137.75,1456443,0.1116222768818024,22.25,0.0063286605345253,0.0076065059236585,15.34760606712475,-0.0102594834269029,1129.8486701792783
2010-01-12,-0.0074676384806622,1134.0,1127.75,2117166,0.0244185273481458,22.8,0.0086324193351362,0.0072532529431578,12.958255043668766,-0.0139941402481227,1126.6230460324866
2010-01-13,0.0065919816821526,1141.5,1129.25,2131642,-0.0132452267500209,22.5,0.0091263228919745,0.0073074709746285,12.46925008617136,-0.0147948144710846,1117.346179257502
2010-01-14,0.0032797667970019,1145.25,1138.25,1355731,-0.0224728558520581,22.0,0.0050165686214146,0.0072382218527268,14.157498996706911,-0.0081324321869612,1132.254473920988
2010-01-15,-0.0114161503305281,1132.25,1127.5,2059496,0.0246926125903712,22.55,0.0093925417490731,0.0069790819842741,11.45996605521498,-0.015226385723395,1127.9440694902592
2010-01-19,0.0118526409529096,1145.75,1126.25,1927993,-0.0453592493989303,21.55,0.0104046971260274,0.0075274922614425,13.48260965478675,-0.0168672054922329,1113.3122688667595
2010-01-20,-0.0103082391015361,1134.0,1125.25,2391710,-0.0069848945219512,21.4,0.0117901393570619,0.0079916986823932,15.062371282695272,-0.0191131659969381,1124.0590418296824
2010-01-21,-0.0204906946480667,1111.0,1110.25,3438955,0.0567689299012372,22.65,0.0127743872175443,0.008225706260443,20.50741334651103,-0.0207087444858609,1110.757773039946
2010-01-22,-0.0181658038065597,1091.0,1086.25,3544446,0.0886656370856564,24.75,0.0157108765321431,0.0098345158130144,16.245106581166596,-0.025469129924778,1083.0610966924107
2010-01-25,0.0013739411366744,1092.5,1089.75,2080292,-0.0162936394861006,24.35,0.0085030331591031,0.0107541738010626,17.845519219801712,-0.0137843904406493,1076.0644055531318
2010-01-26,-0.0048170754919976,1087.25,1081.0,2449263,0.0081800047119307,24.55,0.0117044647541538,0.0103311723337714,19.067101826281537,-0.0189742776549505,1071.966026375653
2010-01-27,0.0066460654851701,1094.5,1078.5,2634603,-0.033129323759879,23.75,0.0108321358262821,0.0100359773642751,19.78371754761756,-0.0175601325717242,1068.324400201701
2010-01-28,-0.0140312825273305,1079.25,1074.25,3052088,0.0104712998672953,24.0,0.0168757302164143,0.009846535957014,20.7484105249676,-0.027357491135393,1064.963095922869
2010-01-29,-0.0081405264058496,1070.5,1066.5,3068079,0.0267230701407532,24.65,0.0164328734035176,0.0102847187461381,19.6798593945522,-0.0266395695297675,1050.8788204108398
2010-02-01,0.0146055685498645,1086.25,1068.0,1896011,-0.0671111310460412,23.05,0.0077270958189771,0.0102382900666786,16.22481789136478,-0.0125265071590435,1057.1740123776133
2010-02-02,0.0100756519887417,1097.25,1082.0,2104398,-0.0420881609189507,22.1,0.0108853996618142,0.010694818037956,14.8669547169851,-0.01764647934841,1067.249649507815
2010-02-03,-0.0006837607104008,1096.5,1090.5,1883815,0.0022598879674373,22.15,0.006287661128007,0.0106488252471647,17.299640778185275,-0.010193018694059,1086.1225178975724
2010-02-04,-0.0322047986645621,1061.75,1059.25,3302110,0.1447548549943724,25.6,0.0160831910590748,0.010269103569051,16.70071391172912,-0.0260726944069955,1068.2807648965638
2010-02-05,-0.0018854589606336,1059.75,1040.75,3983950,0.0193429628431309,26.1,0.0162447132683269,0.0132001192426642,13.646256037195291,-0.0263345404042423,1034.154257132539
2010-02-08,-0.0035448459665401,1056.0,1053.0,2061320,0.0038240964384033,26.2,0.0097140732698042,0.012619072253558,13.109021474304402,-0.0157476251373549,1043.1921696898642
2010-02-09,0.0096596345396822,1066.25,1054.0,3014475,-0.0212158391502725,25.65,0.0139044071576077,0.0121624793401095,10.717177820924514,-0.0225406362082725,1032.463350227964
2010-02-10,-0.0028175646721457,1063.25,1056.25,2204772,-0.0039062549670649,25.55,0.0106277761593848,0.0120032724871839,11.77261907936726,-0.0172288421502799,1048.0370912361616
2010-02-11,0.0123847826706748,1076.5,1057.5,2262497,-0.023763494452186,24.95,0.0112824723660664,0.0117466922400112,11.366198697883425,-0.0182901796711444,1043.9797320016369
2010-02-12,0.0023196484537164,1079.0,1060.0,2747993,-0.0020060187268655,24.9,0.0129569166998068,0.0117866023895339,12.541050950976334,-0.0210046456782186,1054.124318225263
2010-02-16,0.0131202250348954,1093.25,1073.5,1761523,-0.0536210914390973,23.6,0.009877684528038,0.0113842574238548,12.982821018945671,-0.0160128577222198,1061.859725154496
2010-02-17,0.0057006197017859,1099.5,1092.5,1669958,-0.0366815666346052,22.75,0.0032939104182047,0.0115137946037101,12.694059529627204,-0.0053398059764646,1087.4278156179546
2010-02-18,0.0054421903026851,1105.5,1093.0,1832739,-0.042655175601916,21.8,0.0082243352436686,0.0113412716000999,12.842674173855894,-0.0133325892057886,1084.9381077390417
2010-02-19,0.000678196024638,1106.25,1092.5,2096659,-0.0208582301204098,21.35,0.0118661556508213,0.0110378375683392,13.158791086005657,-0.0192363971138141,1084.4373967851916
2010-02-22,0.0011293055971517,1107.5,1103.5,1317880,-0.0189130933064869,20.95,0.0058421441753021,0.0106637439303247,13.665700375917252,-0.0094707846971896,1095.8224011430782
2010-02-23,-0.0092981733509471,1097.25,1090.25,2224420,0.0328668080803522,21.65,0.0133569095855066,0.010327773882568,13.112788950832847,-0.0216530799494722,1083.7769790729092
2010-02-24,0.0056798971284477,1103.5,1092.5,1882885,-0.025732413966478,21.1,0.0074445150122186,0.0103244090554023,12.0257137865137,-0.0120684113127133,1084.0875205504954
2010-02-25,-0.0011334014587447,1102.25,1084.5,2697610,-0.0071343941138741,20.95,0.0122736779675308,0.0101644982541652,10.783147325852612,-0.0198970374549361,1081.760611085842
2010-02-26,0.0011334014587447,1103.5,1096.25,1944020,-0.0266037455179759,20.4,0.0073305408061147,0.0098566884574493,10.765866216378049,-0.0118836460733331,1089.2287741741443
2010-03-01,0.0099189271291324,1114.5,1104.25,1615001,-0.0198026272961797,20.0,0.0050967749089465,0.0095665490884254,10.493923514164246,-0.0082624557635423,1094.4199435040107
2010-03-02,0.0026881736618005,1117.5,1112.75,1502795,-0.0100503358535011,19.8,0.0060616851570294,0.0096784748726265,9.780616520611572,-0.0098214458223494,1103.607575865268
2010-03-03,0.0008944544424602,1118.5,1115.0,1583814,-0.0101523714640179,19.6,0.0062889720275603,0.0094978333139794,9.146484099396575,-0.010171774944791,1106.190657054737
2010-03-04,0.0033470967318569,1122.25,1114.0,1490362,0.0,19.6,0.0055793551435165,0.0093031781720878,8.32653424885316,-0.0089978542412286,1108.4810421878376
2010-03-05,0.0126177656305559,1136.5,1121.5,1869074,-0.0550597771830276,18.55,0.0072666438542103,0.0091746614541788,7.574013392876942,-0.0116771929737077,1109.2214864621974
2010-03-08,0.0004398504579388,1137.0,1135.0,1179723,-0.0108402145528647,18.35,0.0033935418123515,0.0094966687992203,7.227570596698268,-0.0054420967974546,1130.3318560311488
2010-03-09,0.0030735479739067,1140.5,1131.5,1759468,0.1467273208698465,21.25,0.0083547888499993,0.0092394097633245,7.433850085377464,-0.0134151428750049,1121.8488372813208
2010-03-10,0.00459268166479,1145.75,1137.75,2112662,0.0070340266573798,21.4,0.0055172757490302,0.0090673363353642,7.102047137328339,-0.0088405596799942,1130.4617788101489
2010-03-11,0.0041371860861874,1150.5,1138.5,1642010,0.0093023926623136,21.6,0.0072311931049418,0.0088800558395576,7.789159191299624,-0.0116333835527073,1132.4982814091532
2010-03-12,0.0006516780940959,1151.25,1146.75,826747,-0.0069686693160933,21.45,0.007813832897241,0.0086872302398771,7.958327121146258,-0.0125810735113664,1136.1161468089708
2010-03-15,-0.0008689985339387,1150.25,1141.25,542821,0.0023282897595908,21.5,0.0060016833292274,0.0084947969856728,7.961706634862922,-0.0096634801217574,1140.1784992806083
2010-03-16,0.0039045602751368,1154.75,1144.5,2010549,-0.0283037761628519,20.9,0.0049183843092237,0.0082401726514191,7.916599849501841,-0.0079175366225109,1141.178811620434
2010-03-17,0.0053978323871763,1161.0,1154.0,2038542,-0.0390293439057347,20.1,0.0061569748228818,0.0080015335393919,8.14194237807987,-0.0099216300249148,1143.3496462940946
2010-03-18,0.0002153084301568,1161.25,1156.25,1819642,-0.0150378773645405,19.8,0.0047161235513688,0.0079614312561263,7.747076182202948,-0.0075855748636206,1152.226465803318
2010-03-19,-0.0043150013014132,1156.25,1150.25,2165925,0.0200006667066694,20.2,0.008601391407123,0.0077289150790122,7.272503414284904,-0.0137976496269596,1145.3375093007862
2010-03-22,0.0049606485852216,1162.0,1146.75,1915804,-0.0149628726767123,19.9,0.0080920974035468,0.0075696905074317,7.077510119435374,-0.0129641422605578,1141.3569568638204
2010-03-23,0.0064336486123774,1169.5,1159.0,1856410,-0.0228726616659913,19.45,0.0056272207816494,0.0074079671872,6.78807026747771,-0.0089961669168787,1151.5933342786032
2010-03-24,-0.0042844966998378,1164.5,1161.0,1992386,0.0228726616659913,19.9,0.0048387856204511,0.0069284268488944,11.172837076667085,-0.0078442255843129,1160.3620650468608
2010-03-25,-0.0015039212201894,1162.75,1160.25,2355473,0.0100000833345834,20.1,0.0098020489739876,0.0067786915071348,10.328445522268414,-0.0158902438280108,1146.1420534655235
2010-03-26,0.0006448146381403,1163.5,1156.5,2161399,-0.0100000833345834,19.9,0.0080274998907266,0.0063308210402089,10.493445715932465,-0.0130134965588816,1147.7165876658016
2010-03-29,0.0045020978605503,1168.75,1164.0,1454311,-0.0203052661607459,19.5,0.0036652600234904,0.005963425080434,9.134941526162788,-0.0059279762298916,1156.6232025405204
2010-03-30,0.0006415054213366,1169.5,1164.25,1642976,-0.0207261305171164,19.1,0.0057217596000421,0.0058416180634761,8.847099818625736,-0.0092454264637971,1157.9942053896302
2010-03-31,-0.0036406507713833,1165.25,1161.25,2109287,-0.0078844035241489,18.95,0.0052427309979566,0.005146211245356,10.040733693811989,-0.0084990672973868,1159.60246030198
2010-04-01,0.0072680952696222,1173.75,1165.75,1942722,-0.0079470616925316,18.8,0.0061188279460285,0.0049924494379615,9.693642753726609,-0.0099118365739141,1153.7572834873772
2010-04-02,-4.259941639439546e-05,1173.7,1170.25,110822,0.0,18.8,0.0051163442749803,0.0056125552945911,9.187323390586682,-0.0082761988471366,1164.075899213337
2010-04-05,0.0078924328723086,1183.0,1174.5,1025888,-0.0434851119397392,18.0,0.0050761287387059,0.0052002540855901,8.956867641287738,-0.008205193049196,1164.1089668671427
2010-04-06,0.0023219007793038,1185.75,1177.25,1395387,-0.0310321092477283,17.45,0.0062635093222108,0.0057138141235914,9.57137409656018,-0.0101429438989316,1171.0615452574018
2010-04-07,-0.0057088642203195,1179.0,1173.25,2171684,0.0254610641982728,17.9,0.006937129509172,0.00540970830556,9.193908817695778,-0.0112217247318886,1172.5182204461137
2010-04-08,0.0040207439629167,1183.75,1171.0,1910628,-0.0254610641982728,17.45,0.0079366732105363,0.0056170715375756,8.602587086870743,-0.0128132585413586,1163.9895399991867
2010-04-09,0.0073645782622087,1192.5,1183.0,1450628,-0.0144302648290288,17.2,0.0036410416884253,0.0054648471770596,8.569174430015343,-0.0058775017054204,1176.8129136946447
2010-04-12,0.0,1192.5,1190.75,1253624,-0.0058309203107929,17.1,0.0044351616966634,0.0056968356780012,9.463672213696622,-0.0071800639282395,1183.9684389947786
2010-04-13,0.0004191993354192,1193.0,1185.0,1553891,0.1440750278385163,19.75,0.0063737875618029,0.0053289969621888,9.741641235650247,-0.0103261126343838,1180.2494697158195
2010-04-14,0.0112524629671701,1206.5,1194.5,1727998,-0.023048395436291,19.3,0.0048947182815091,0.0051013439952769,8.929901676611872,-0.0079112553940028,1183.5991077764495
2010-04-15,0.0016563150784518,1208.5,1201.0,1732427,0.0,19.3,0.0054753272350618,0.006006483983669,9.023130830778644,-0.0088523650827941,1195.8667556469877
2010-04-16,-0.0152165520689093,1190.25,1182.75,3584806,0.0331240474250327,19.95,0.012136342570116,0.0058127501760616,8.362876342475131,-0.0195752293870601,1185.073374138423
2010-04-19,0.0044011388237512,1195.5,1179.75,2480009,-0.0228146777661715,19.5,0.0086480954806516,0.0067525346574945,8.615685983410597,-0.0139624796435151,1173.746640625074
2010-04-20,0.0083299107228462,1205.5,1194.0,1534819,-0.0472528848505451,18.6,0.0047406669086772,0.0066528670071225,11.100131595289088,-0.0076851639168682,1186.3476004291972
2010-04-21,-0.0041562819599185,1200.5,1195.0,2168277,0.0053619431413851,18.7,0.0082051676407838,0.0067721542501146,10.821513015245044,-0.0133015163266134,1189.571195551189
2010-04-22,0.0010406911127622,1201.75,1186.25,2668931,-0.0026773777707163,18.65,0.0121457810501507,0.0066807384710919,10.312406321645604,-0.0196897019062754,1177.0937005738651
2010-04-23,0.0086993092113916,1212.25,1197.5,1856101,-0.0080754140055456,18.5,0.0076641865754516,0.0065355854468909,9.512920974846054,-0.012409198492067,1186.9293918291928
2010-04-26,-0.0033051052602681,1208.25,1207.5,1624454,0.0134230203321408,18.75,0.0051713157627466,0.0066953193056412,9.234460980053164,-0.0083663058514452,1202.1502534269848
2010-04-27,-0.022811494527831,1181.0,1177.5,3590721,0.1157068077119705,21.05,0.0132990360276724,0.0065802996491862,8.864631217012407,-0.0214903393471024,1182.561315411313
2010-04-28,0.0075917699082124,1190.0,1176.75,2857714,-0.0119475734211178,20.8,0.0079402292881034,0.0076035066667615,7.745317373478469,-0.0127712220787856,1166.0130909981776
2010-04-29,0.0127337071801569,1205.25,1188.0,1980761,-0.0568756483920021,19.65,0.0073192044505578,0.0076291943598339,7.46793132363296,-0.0117546425945727,1176.0938662475778
2010-04-30,-0.0182108643316931,1183.5,1182.75,2897399,0.094615976374849,21.6,0.0095950594742142,0.0077487178300792,8.060723922421506,-0.015456328362914,1186.764487328834
2010-05-03,0.0125946249204007,1198.5,1183.75,1797282,-0.0498323737478756,20.55,0.0079814698000876,0.0112386654274906,8.401896053685329,-0.0128756678946927,1168.3593293415315
2010-05-04,-0.0219325535540049,1172.5,1164.25,3553338,0.1126332749869059,23.0,0.0163945089807745,0.0115096658428377,9.369285221221684,-0.0265339534443116,1167.1172522135053
2010-05-05,-0.0072758720290515,1164.0,1154.75,3057926,0.0487901641694321,24.15,0.0115799591679708,0.0131878744634169,10.32566561446152,-0.0187724398425047,1150.694624688403
2010-05-06,-0.036304008674973,1122.5,1056.0,5675645,0.189884329175654,29.2,0.0681365264034065,0.0125470018908726,9.584759481557027,-0.1103422475492437,1042.3941155972086
2010-05-07,-0.0139046869077725,1107.0,1090.75,5013862,0.1208225516742804,32.95,0.0268552153207403,0.017450583508946,8.423880771373657,-0.043326473108756,1074.904550629563
2010-05-10,0.0437445489628567,1156.5,1121.5,3640288,-0.1826250929929767,27.45,0.0184226210179082,0.0168479417345819,7.872205912131742,-0.0296500898648216,1074.6591739936364
2010-05-11,-0.0036816500708765,1152.25,1140.5,2663633,-0.0146791626630489,27.05,0.0173355216606634,0.0228238242850672,7.0937151381357015,-0.0277758588525371,1124.8192362270097
2010-05-12,0.0150734981457087,1169.75,1141.0,2109839,-0.0473125133649188,25.8,0.015793830069616,0.0209297017702423,7.2904217243364915,-0.0253380022858849,1123.4210630671614
2010-05-13,-0.0111757019592166,1156.75,1153.75,1963587,0.0229895182246986,26.4,0.0109459638960641,0.0201076249508178,6.769547018117645,-0.0174966269010504,1149.4613299094844
2010-05-14,-0.0187614578090489,1135.25,1123.75,2979512,0.0852737570910888,28.75,0.0192260957419217,0.0189848008900053,6.9899505261969725,-0.0307828442377541,1121.6844229460455
2010-05-17,-0.0006608657581637,1134.5,1112.75,3052733,0.0086580627431147,29.0,0.0172577802425773,0.0188789285522162,7.314636571614196,-0.0276907548417439,1104.2453231353563
2010-05-18,-0.0139800346308316,1118.75,1115.25,3092769,0.0650771691441307,30.95,0.0179168233155791,0.0174653164592378,6.829196024091036,-0.0286525279798896,1102.4549846522227
2010-05-19,-0.0078519752826853,1110.0,1098.75,3585852,0.0223651494595804,31.65,0.0146125948414959,0.0169324027119796,7.256493447512621,-0.0234379744828363,1092.8336656319416
2010-05-20,-0.0367013668504281,1070.0,1067.25,4378875,0.1273909355768703,35.95,0.0222998034015306,0.0158637531424682,7.239523159950977,-0.0357640870051789,1071.0033595753164
2010-05-21,0.0134604028109777,1084.5,1051.25,4024607,-0.005578815027039,35.75,0.023168747344548,0.0200538701422163,7.086329770745836,-0.0371202891968172,1031.009438066881
2010-05-24,-0.0125262598191806,1071.0,1070.0,2231741,-0.0183491386681966,35.1,0.0090014589911609,0.0191688661311985,7.4087620468778,-0.0144513633687309,1068.940197401218
2010-05-25,0.0018656721829497,1073.0,1036.75,3433912,-0.0392207131532811,33.75,0.025372773931286,0.0183392400546008,7.387501365316202,-0.0407295077024258,1028.2550956440982
2010-05-26,-0.011011005005141,1061.25,1060.5,2929237,-0.028551901928441,32.8,0.0179154242923293,0.0169565917422197,6.769759541055361,-0.0286370413359335,1042.7082576945324
2010-05-27,0.0367713990971223,1101.0,1055.5,2613372,-0.1009663899463633,29.65,0.0203101512173587,0.0162290711970227,6.455096782312887,-0.0323777685780805,1027.4394025876609
2010-05-28,-0.0114182560480777,1088.5,1083.25,2368730,0.0249804829684414,30.4,0.0136300099531871,0.0203200127444459,6.19293562624057,-0.0216721624159756,1077.3956516873106
2010-06-01,-0.0176093521521414,1069.5,1068.5,2593945,0.068334760242402,32.55,0.0142507438109366,0.0196103942344432,5.649344476905196,-0.0226102309166018,1064.164911345859
2010-06-02,0.0251600115238623,1096.75,1067.25,2214865,-0.086592528815967,29.85,0.012681384540871,0.0192901516091913,5.969208593334531,-0.0201202854121389,1048.1963907834458
2010-06-03,0.0061356856504684,1103.5,1090.75,2033254,-0.0084104785085963,29.6,0.0085858700478961,0.0203703573252086,5.960170380620378,-0.013622341891648,1081.9109969864046
2010-06-04,-0.0345736209710016,1066.0,1059.25,3211493,0.1252625020876761,33.55,0.0229834216971989,0.0190436277975311,5.736379846564254,-0.0364654981327004,1063.9851654563154
2010-06-07,-0.0170297398448022,1048.0,1047.0,2390986,0.0550863895604458,35.45,0.0127623341216186,0.0218973764745969,6.431795872061717,-0.0203408836748526,1044.5356598954456
2010-06-08,0.0106775246256809,1059.25,1041.25,3401030,-0.0731319920296202,32.95,0.0132847197529754,0.0211995321914681,6.979309030856006,-0.0212685113069268,1025.9459597904925
2010-06-09,-0.0035465222182926,1055.5,1051.25,2970468,0.0120665114131166,33.35,0.0174831920719495,0.0199898707774664,7.400178065260344,-0.0280669109521589,1029.9334614000618
2010-06-10,0.0264126608063763,1083.75,1052.25,2421258,-0.0554841833744106,31.55,0.016469091464341,0.0185294717849415,7.672266772850013,-0.026479152907719,1027.918039147261
2010-06-11,0.0050621369027998,1089.25,1074.5,1182031,-0.0208174050835228,30.9,0.0111895546732671,0.0197774957424249,8.670978977160239,-0.0180693446700822,1064.3432097304717
2010-06-14,0.0011469206441319,1090.5,1088.75,887313,-0.0196084713883761,30.3,0.0111154738816035,0.0183766095926073,8.920391094489041,-0.0179651990702506,1069.8561358366578
2010-06-15,0.0170478046173352,1109.25,1084.25,2694530,-0.0594907764133041,28.55,0.0114429142624378,0.017087717154928,7.821545073461829,-0.0184120884792091,1070.6053307482105
2010-06-16,0.0002253521136292,1109.5,1100.0,2522048,-0.0266209154054277,27.8,0.009417610051217,0.0171323450561039,7.348378857501993,-0.0151140177987806,1092.6108348201149
2010-06-17,0.0020258870181573,1111.75,1100.75,2715158,-0.0181493185056771,27.3,0.0106339456145749,0.0158215732300934,7.593856875152015,-0.0170901628226674,1090.6995731167738
2010-06-18,-0.001350135218594,1110.25,1108.25,1631682,-0.0166208812360406,26.85,0.0053571826590099,0.0146315915054831,7.456698573398291,-0.0086030785454636,1102.226551652305
2010-06-21,0.0002251491622704,1110.5,1103.25,2162081,0.0092679069307815,27.1,0.0163414011096583,0.0134027761615187,7.7596815292390176,-0.0262857617324214,1081.4464530666253
2010-06-22,-0.0181740576927982,1090.5,1089.5,2286571,0.0468554172815052,28.4,0.0135315227658443,0.0123643790258643,7.298165242792792,-0.0217096302946549,1086.6512658264085
2010-06-23,-0.0027548226788445,1087.5,1080.25,2235636,0.012248622076199,28.75,0.0112109248756256,0.0134358319544407,8.082058862500418,-0.0180610011700371,1070.981272683328
2010-06-24,-0.0157556549331019,1070.5,1066.5,2551855,0.0639948951388609,30.65,0.0131493393996331,0.0124556981238795,7.8978141346462465,-0.0211656880684489,1064.7241972581155
2010-06-25,0.0039622473466538,1074.75,1062.75,2454671,-0.0298035303905814,29.75,0.0107458908928528,0.0130799220086387,7.415907138632739,-0.0172526817996242,1052.1894116946055
2010-06-28,-0.0034952849286424,1071.0,1066.5,1686899,0.0133557911815556,30.15,0.0085253251388374,0.0121843134210059,7.692868074722613,-0.013708578426324,1060.1172317167905
2010-06-29,-0.0339498480220719,1035.25,1030.25,3109449,0.1053605156578263,33.5,0.0214709485646901,0.0113612658445423,7.65448612106035,-0.0345179321067179,1034.662057967438
2010-06-30,-0.0084879859666884,1026.5,1023.0,2622061,0.0118695755553837,33.9,0.0137282346460474,0.0163341720780246,7.1894796900901525,-0.022010060797001,1012.7130145854516
2010-07-01,-0.0046381140146021,1021.75,1006.0,3354900,-0.0163572420247715,33.35,0.0164148282067672,0.0154640647069249,7.479995835438474,-0.0263640387200061,999.790940612805
2010-07-02,-0.0073674203578297,1014.25,1010.75,2135335,-0.0397605889949539,32.05,0.0142406494779735,0.0145528893564825,7.131328787776445,-0.0228228668608781,998.6948290787716
2010-07-06,0.0098112143404236,1024.25,1002.75,2431642,-0.0727887898553203,29.8,0.0241204825811002,0.0137829272255173,7.367752037076986,-0.038714703422614,975.7339906139268
2010-07-07,0.0336004730796881,1059.25,1016.25,2556140,-0.0766926207882541,27.6,0.0208780713240786,0.0133812276151481,6.884157149766008,-0.0334020445757741,990.6030230157291
2010-07-08,0.0072898617950851,1067.0,1054.0,2112208,-0.0201287674306138,27.05,0.0083707684142605,0.0174209502757147,6.926994058721973,-0.0133963239473932,1045.1545681427024
2010-07-09,0.0051413995004185,1072.5,1063.25,1421814,-0.0186572576045427,26.55,0.0070164951939466,0.0163797368977003,6.996557298619969,-0.0112346164631774,1055.079749333517
2010-07-12,0.003722666002246,1076.5,1065.5,1382638,-0.0267191467335097,25.85,0.0071950455935451,0.0153254242105406,7.056070048770379,-0.0115253021903255,1060.2100720094832
2010-07-13,0.0122332743140836,1089.75,1073.0,2001017,0.085236753631261,28.15,0.012752281278723,0.0144090977419947,6.473697617780616,-0.0203327403421733,1054.8328279786206
2010-07-14,0.0011463947145688,1091.0,1083.5,1940692,0.028022849433305,28.95,0.0097828947637702,0.0141232683028863,6.699190350471217,-0.0156286793498967,1072.8510448250008
2010-07-15,-0.0004584001913867,1090.5,1076.25,2416608,0.0120173120040174,29.3,0.0149459147085851,0.0132995723138002,6.552275150313423,-0.0238471568883451,1065.2905192211524
2010-07-16,-0.025541207299736,1063.0,1059.0,2503643,0.0434124929353134,30.6,0.0172959962226633,0.0124412274979673,6.285846154547168,-0.02752766636041,1060.89048993987
2010-07-19,0.0007053015456364,1063.75,1057.0,1760879,-0.0098522964430118,30.3,0.0092303574933136,0.0148089271491208,6.663383953438942,-0.0147416207517032,1047.444594784485
2010-07-20,0.0151606402306816,1080.0,1050.75,2275816,-0.0612436252407184,28.5,0.0173741414809009,0.0138890294191871,6.207988265943158,-0.0276298507494071,1034.7610703417522
2010-07-21,-0.0149256502166759,1064.0,1061.0,2440958,0.0122059056795036,28.85,0.0151391015086126,0.0140563481743682,6.563180236211624,-0.0241577082086136,1054.2222939181538
2010-07-22,0.0220759516991995,1087.75,1061.25,2178892,-0.0552232907631942,27.3,0.0165948343896004,0.0141675219022793,6.94366493807186,-0.0265610999743367,1036.111010350819
2010-07-23,0.0116532793657269,1100.5,1084.0,2091081,-0.0259754864032606,26.6,0.0084593407610956,0.0156008818908084,6.8663443716358685,-0.0135319733431794,1073.1297395806407
2010-07-26,0.008144841406132,1109.5,1097.0,1543914,-0.0402738991379401,25.55,0.0082264922610026,0.0151741492651928,6.828751405068421,-0.0131557358935592,1086.116930027375
2010-07-27,0.0013510472669819,1111.0,1106.0,1822245,-0.0039215736531819,25.45,0.008045481340239,0.0144333642008136,6.997964417003243,-0.012882328867376,1095.2987252638454
2010-07-28,-0.0081337999267709,1102.0,1099.25,1641500,0.0117188841132134,25.75,0.0093903839460986,0.0134798813113311,6.959502533349464,-0.0150316371046086,1094.4247399213052
2010-07-29,-0.0045475294376293,1097.0,1088.75,2250104,0.0,25.75,0.0152634443449285,0.0129213944621979,7.171445602893667,-0.0244685386877705,1075.36288498337
2010-07-30,0.0011388225806587,1098.25,1083.5,2133582,-0.0117188841132134,25.45,0.0128835568264273,0.0122047103841781,7.053184629419994,-0.0206369683701864,1074.5932446668862
2010-08-02,0.0211719620002037,1121.75,1101.75,1610959,-0.0649315256621814,23.85,0.01056294844583,0.0114086386074498,7.070617144205425,-0.0169218314961804,1079.821956418074
2010-08-03,-0.0031250025431353,1118.25,1113.25,1493524,0.010427623162259,24.1,0.0056859667133499,0.0131727054411627,6.947307063030835,-0.0091009961690732,1111.5872731628906
2010-08-04,0.0055735290864129,1124.5,1112.25,1591800,-0.0146293100159589,23.75,0.0079055354433597,0.0123807029065066,6.949605149324762,-0.0126538634989498,1104.1889679532296
2010-08-05,-0.0008896797739863,1123.5,1115.5,1340145,0.0021030501967786,23.8,0.0076918656837364,0.0117637300592321,7.030442897022746,-0.0123189370436579,1110.7323309290011
2010-08-06,-0.0035666555865745,1119.5,1103.75,2177376,-0.0042105325363435,23.7,0.0145725370563188,0.0110345245650709,6.945420460935369,-0.0233245804355598,1097.5980838315725
2010-08-09,0.0053452243079776,1125.5,1116.5,998906,-0.0256424306133378,23.1,0.0056997301950704,0.0104651803546125,6.644135804565005,-0.0091014619952864,1109.3571407369068
2010-08-10,-0.0051219352593774,1119.75,1108.25,2029717,0.1761699180711757,27.55,0.0106516569956703,0.0099739760678238,6.8352253932319496,-0.0170348834647866,1106.4896181917306
2010-08-11,-0.0315254591128493,1085.0,1084.5,2638258,0.071771825731091,29.6,0.0117662831643583,0.009605122550934,6.502487354689701,-0.018765532632887,1098.933224646661
2010-08-12,-0.0053136315389732,1079.25,1070.5,2180112,0.015088299651202,30.05,0.0106401801423885,0.014313683017519,5.745549939151727,-0.0168817104008997,1066.8370860965697
2010-08-13,-0.0030158937138571,1076.0,1072.5,1479393,0.0213999936119346,30.7,0.0106053698731399,0.0135605897334838,5.553750112510293,-0.0168264804257895,1061.2419519182918
2010-08-16,0.0009289364346587,1077.0,1066.25,1612131,-0.0114661370876438,30.35,0.0100375825098108,0.0127830583322976,5.488161630024213,-0.0159256289638085,1058.999752359778
2010-08-17,0.0110804457765718,1089.0,1074.5,1779783,-0.0301026074079118,29.45,0.0140899345034641,0.0121466667606386,5.308484650514702,-0.0223550908604945,1053.1906883563463
2010-08-18,-0.002068253064059,1086.75,1083.75,1814778,-0.0153980801111215,29.0,0.0094720979134872,0.0121161373710032,5.2473554173010895,-0.0150284310720853,1072.7564021795622
2010-08-19,-0.0143653999569117,1071.25,1068.5,2433838,0.0305626504101663,29.9,0.0147580175964849,0.0114782043236908,5.143156986762008,-0.0234150715327374,1061.5992731420142
2010-08-20,-0.000933924886934,1070.25,1061.75,1806978,-0.0100841190666258,29.6,0.0094226567419707,0.011899106749401,5.311728406124151,-0.0149499877066297,1055.353944651051
2010-08-23,-0.0044480934863839,1065.5,1064.25,1567358,-0.0204785313435404,29.0,0.0102212667667113,0.0114661651028997,4.746341254374814,-0.0162170624159401,1053.0336654484695
2010-08-24,-0.0148921319743688,1049.75,1044.0,2466756,0.0272125635248845,29.8,0.0112652936353915,0.0108878168637598,4.912169960343736,-0.0178735155033838,1046.6249534363792
2010-08-25,0.0045146803545268,1054.5,1037.0,2478780,-0.0220534807148573,29.15,0.0137547944580041,0.0114470757096401,5.291698419636066,-0.021823357645879,1027.089098158257
2010-08-26,-0.0092890985908047,1044.75,1043.0,1994211,0.0136288310556058,29.55,0.0109589352845426,0.0108887152029783,5.440396524905807,-0.0173874473270261,1036.3234169155787
2010-08-27,0.0180227785595592,1063.75,1037.25,2541324,-0.0700812082531836,27.55,0.0140383544100255,0.0107341465084241,5.7071997608772085,-0.0222732538813993,1021.7372537505424
2010-08-30,-0.0177835154886727,1045.0,1044.5,1506592,0.0321456249734164,28.45,0.0149686152174524,0.0118346539170361,6.079067565140856,-0.0237709195891313,1038.761856493951
2010-08-31,0.0031052216519604,1048.25,1037.5,2516451,-0.01952147174502,27.9,0.011159102353321,0.0127281511230689,6.323547045345771,-0.0177671077832089,1026.597337505573
2010-09-01,0.0314579930541221,1081.75,1050.75,2355074,-0.078252196899748,25.8,0.0117276958073456,0.0121278431256938,6.020824953031916,-0.0186117159553456,1028.9207024106624
2010-09-02,0.0071387752796807,1089.5,1076.5,1601762,-0.0314986670593713,25.0,0.0079055550213673,0.0160178768129827,5.933152208428137,-0.0125429540330266,1068.2663983485843
2010-09-03,0.0127680713121165,1103.5,1086.25,2017072,-0.0576291128366359,23.6,0.0088356126797929,0.0151541519168261,5.841043664895596,-0.0140185835651931,1074.3333093457836
2010-09-07,-0.0111631185429796,1091.25,1089.75,1751617,0.1921600057942423,28.6,0.0087629415303666,0.014963986779643,5.729817451784443,-0.0139032835155041,1088.2638880618365
2010-09-08,0.0073043009071076,1099.25,1086.25,2001331,-0.0265737514525139,27.85,0.0098865247402369,0.0146186487975002,5.623391700218762,-0.015685960698269,1074.2662468654778
2010-09-09,0.0029521992600818,1102.5,1096.75,1612227,-0.0108304307743694,27.55,0.0095904430919816,0.0139442053335839,5.582170633568611,-0.0152161975388134,1082.6502079941988
2010-09-10,0.0065544363931433,1109.75,1100.5,892734,-0.0201656695945944,27.0,0.0051511053029428,0.0131668053722355,5.393749305589716,-0.0081727439578196,1093.5262697354342
2010-09-13,0.0103093696588612,1121.25,1112.0,891533,-0.0493458741031549,25.7,0.0058219159517832,0.0125500809896492,5.56012186608225,-0.0092370521702764,1099.5463795913577
2010-09-14,-0.0049173098636261,1115.75,1110.25,2304737,0.0,25.7,0.0077591714124028,0.0123376644251459,5.701566418352608,-0.0123107017909679,1107.5312426421629
2010-09-15,0.0044712795261689,1120.75,1109.0,2083703,-0.0196469973837967,25.2,0.0073686705485073,0.011714263041184,5.816139652757599,-0.0116911330987686,1102.7815737565368
2010-09-16,0.0015602365808611,1122.5,1112.75,1866295,-0.003976148379639,25.1,0.0070642943242275,0.0112472878556427,5.402025003030177,-0.0112082097645347,1108.2585331653656
2010-09-17,-0.0024528945290001,1119.75,1117.0,1933484,-0.0019940186068647,25.05,0.0097601021343512,0.0105894242154783,5.487900518715708,-0.0154853785847964,1105.25155655259
2010-09-20,0.0148479182051879,1136.5,1117.0,1789965,-0.0283419780022748,24.35,0.0106650578327737,0.0099923999680071,5.569909342405703,-0.0169211813458372,1100.961913786562
2010-09-21,-0.0015410019560224,1134.75,1130.25,2098867,0.0040983663922822,24.45,0.0084965556070241,0.0107716277121679,5.948878049524587,-0.0134806355948333,1121.2820618450269
2010-09-22,-0.0044159930451863,1129.75,1126.5,1957234,0.0202436062766464,24.95,0.0080802196288055,0.0101816174112467,5.886059849318459,-0.0128200769088237,1120.295271070282
2010-09-23,-0.0082213550504066,1120.5,1117.25,2190002,0.0335006697300444,25.8,0.0094785696217257,0.0097419628126853,5.841258571525015,-0.0150386990847336,1112.8871452192768
2010-09-24,0.0201000692971824,1143.25,1118.5,1846928,-0.064021858764931,24.2,0.0103902645161913,0.0097071187370292,5.695333567834331,-0.0164851942545881,1102.1797610793851
2010-09-27,-0.0048224556414133,1137.75,1137.0,1343049,0.0061792163659579,24.35,0.0071121485655552,0.0114993621328052,5.93207624628096,-0.0112841353064652,1130.421925294335
2010-09-28,0.0035095451683568,1141.75,1127.25,2305031,-0.002055499182096,24.3,0.0114590847618307,0.0110637085850807,5.560361872137527,-0.0181809845152831,1117.2514910469897
2010-09-29,-0.0006571022030321,1141.0,1135.5,1860633,0.0163268932874287,24.7,0.0069592310311045,0.0105056729307673,5.639331994751707,-0.0110415163378699,1129.2126915429756
2010-09-30,-0.0037317571569559,1136.75,1131.25,2825790,0.0299124993626,25.45,0.0135760293258558,0.0099147339559958,5.716969603521099,-0.0215397288773506,1116.6859682311351
2010-10-01,0.0048266877382614,1142.25,1134.5,2065971,-0.0278902539818322,24.75,0.0065401496072029,0.0095340247769661,5.5706682122584485,-0.0103766017275881,1125.0153859865995
2010-10-04,-0.0065876391068062,1134.75,1127.0,1849807,0.0160324075310485,25.15,0.0095163902994453,0.0091846735061121,5.592482017417615,-0.0150987053740899,1125.1330508517872
2010-10-05,0.0174715079741396,1154.75,1132.75,2203058,-0.0614947816078061,23.65,0.0118144185930274,0.0090714575437013,5.415180679741187,-0.0187447571914625,1113.677503204406
2010-10-06,0.0008656135576199,1155.75,1151.0,1720880,-0.0170579829045762,23.25,0.0054927690738687,0.0106222082333252,5.329689350754002,-0.0087148277156193,1144.7302761936908
2010-10-07,0.0006487188031591,1156.5,1147.25,1988730,-0.0129871955268114,22.95,0.0100892727654513,0.0100489092104957,5.316465724126215,-0.0160076407262592,1137.3964595856987
2010-10-08,0.0034527440429981,1160.5,1145.5,1969643,-0.0445507969853737,21.95,0.0111235363049799,0.0095821024520244,5.125730993557682,-0.0176486033151325,1136.2684447421896
2010-10-11,0.0015068348562019,1162.25,1157.75,1005696,-0.0300600668058006,21.3,0.0043959293310415,0.0091558153322878,5.1972499033214925,-0.0069745817191404,1152.4341585468492
2010-10-12,0.0019340287537019,1164.5,1151.75,1941433,0.1297095446681124,24.25,0.010457528430971,0.0086920408954639,5.246997012590136,-0.0165919151854882,1143.1251443081956
2010-10-13,0.0083378355827088,1174.25,1164.25,2163266,-0.0292907969210651,23.55,0.008896902868606,0.0082578117269251,5.30808076894381,-0.0141158265821451,1148.1775931056416
2010-10-14,-0.0006389096160264,1173.5,1162.5,2400204,0.0272268127002139,24.2,0.0109946888698488,0.0084667220717826,5.190361854596471,-0.0174441739674453,1153.9438060360685
2010-10-15,0.0012774112871811,1175.0,1163.0,2644031,-0.0062176366108706,24.05,0.0102475715892962,0.0080242327144815,5.2414537948212825,-0.0162587976489044,1154.5745702327583
2010-10-18,0.0027621392255809,1178.25,1164.75,1465558,-0.0316816359801155,23.3,0.0103310457575599,0.0076430920074093,5.175147521951604,-0.0163912377688766,1155.897281914935
2010-10-19,-0.0123827372125635,1163.75,1155.5,3065772,0.0233308567626955,23.85,0.0121632645527549,0.0073421132276131,5.111644621033428,-0.0192982362104109,1155.7298516681542
2010-10-20,0.0094078093916483,1174.75,1160.5,2289137,-0.0538343110561099,22.6,0.0103048382228089,0.0082916907084188,5.363324356670984,-0.0163496568927949,1144.877784311142
2010-10-21,0.000850882842232,1175.75,1167.25,2408540,-0.0269074529199242,22.0,0.0114050564623524,0.0085625530499065,5.406378493560176,-0.0180952632123502,1153.6837639064754
2010-10-22,0.0042435879510689,1180.75,1173.25,1204824,-0.0417694128762953,21.1,0.0040161165548513,0.0081877519435244,5.207766211907609,-0.0063719707474839,1168.281973684315
2010-10-25,0.0016924057350315,1182.75,1180.5,1752840,-0.0071343941138741,20.95,0.0073733504261805,0.0079844944984367,5.0577540297392005,-0.0116985581929431,1167.0174097821423
2010-10-26,0.0,1182.75,1174.0,1743843,0.0212522756596591,21.4,0.0061341818365562,0.0076549368798589,4.942416681803678,-0.0097324932402841,1171.2947282191362
2010-10-27,-0.0033876805635904,1178.75,1167.75,2246880,0.0208099995137933,21.85,0.0108592461438045,0.0072660462680785,4.963727799957481,-0.0172292805308315,1162.5466131377443
2010-10-28,0.0004240882167039,1179.25,1173.5,2014979,-0.0045871640069061,21.75,0.0083766199587015,0.0071366216241762,4.739423132358241,-0.0132903456885882,1163.1876486029082
2010-10-29,0.0004239084421255,1179.75,1172.0,1751544,0.0,21.75,0.0063012858956647,0.0069275678100155,4.451468409739222,-0.0099976205496842,1167.5190444989605
2010-11-01,0.00275103337189,1183.0,1173.75,2032082,-0.0092379409849359,21.55,0.0112782038604662,0.0066858932924271,4.269232665934764,-0.0178939988671994,1158.8273084219172
2010-11-02,0.0082079804178292,1192.75,1180.75,1573659,-0.0258533788263339,21.0,0.0055040802118565,0.0064282898924853,4.298751736760538,-0.0087327739677748,1172.7141059579085
2010-11-03,0.0037656948265025,1197.25,1179.5,2361808,-0.0588405000229332,19.8,0.0107528500168393,0.0068925612662663,4.529535896254608,-0.0170604724299189,1172.5737193221776
2010-11-04,0.0175933338425418,1218.5,1195.25,2301698,-0.0679112056162107,18.5,0.0085323474567698,0.0066975233808099,4.61113644789324,-0.0135374229456144,1181.1515321147588
2010-11-05,0.0028682666662804,1222.0,1212.5,2301698,0.0026990569691651,18.55,0.0066966452111009,0.0092003272539631,4.224181403547006,-0.010624897661366,1205.622096549737
2010-11-08,-0.0016380020042383,1220.0,1214.75,1542756,0.0080537348070968,18.7,0.0043448755826763,0.008743655759563,4.317468954053833,-0.0068935798391677,1213.6050144332894
2010-11-09,-0.0074043941742107,1211.0,1206.25,2324133,0.1207495166214798,21.1,0.0099006527462444,0.0085066052482768,4.0971597048215145,-0.0157083761933799,1200.9855153715268
2010-11-10,0.0024742280663518,1214.0,1201.75,2483583,-0.0095238815112557,20.9,0.0087341723358564,0.0084489433136383,4.290636380893227,-0.0138576383099072,1194.3341414271133
2010-11-11,-0.0024742280663518,1211.0,1202.0,1775665,0.0071514011576252,21.05,0.0067581914042885,0.0080687822806201,4.321249282141067,-0.0107225468548728,1201.052367965873
2010-11-12,-0.012881956654712,1195.5,1191.5,2766115,0.055441448483859,22.25,0.0090523648894205,0.0077807375176522,4.229524080552164,-0.0143624826329457,1193.7313407890456
2010-11-15,0.0002090956620266,1195.75,1192.5,2071297,-0.013574869091069,21.95,0.0078123332430849,0.0087189078368402,4.368386050568195,-0.012395048354461,1180.7731780756917
2010-11-16,-0.0177182445774812,1174.75,1171.0,3168883,0.0379933964392149,22.8,0.0097188043084995,0.008421028755353,4.1161579773981005,-0.0154198554520219,1177.4531378665072
2010-11-17,0.0023381879076476,1177.5,1173.25,2021219,-0.0221738574943222,22.3,0.0051720155705732,0.0101916543656269,4.216983278055164,-0.0082059201895956,1165.1495394360827
2010-11-18,0.0170512498726589,1197.75,1177.0,2067180,-0.0720404317893654,20.75,0.00787042571639,0.0096240809244259,4.279322421188982,-0.0124872178758115,1162.8877241618554
2010-11-19,0.0004173622765089,1198.25,1187.5,1733603,-0.0121213605323449,20.5,0.007394094154365,0.0110789516037896,4.173910306513531,-0.011731470193225,1183.780731815193
2010-11-22,-0.0002086593643459,1198.0,1182.5,2212329,-0.0347429484438728,19.8,0.0136955484523494,0.0104135517944255,4.176646480890771,-0.0217293579300389,1172.493644820139
2010-11-23,-0.0166232128715542,1178.25,1174.75,2456997,0.0468643089762177,20.75,0.0095752465726327,0.0099815110771871,3.954988455669384,-0.0151920867403759,1179.937431539741
2010-11-24,0.0153703415445871,1196.5,1175.5,1821455,-0.0468643089762177,19.8,0.008838162648377,0.0111107666859218,4.130801053665087,-0.0140226293454892,1161.8431394804245
2010-11-26,-0.0111357385620705,1183.25,1182.5,963332,0.0706749576699361,21.25,0.0084531364123844,0.0118573415495883,4.251411667267375,-0.0134117466982226,1180.559975792631
2010-11-29,0.0027429070894609,1186.5,1172.25,2491942,0.0093677500036002,21.45,0.0128087043732348,0.0119731516429554,4.169768100280307,-0.0203222910651912,1159.4463407708165
2010-11-30,-0.0059171770280883,1179.5,1173.0,3089404,0.0784276332982383,23.2,0.0083606213647489,0.011287282486084,4.136918931900102,-0.0132649623185405,1170.8650499792925
2010-12-01,0.0209739232071966,1204.5,1176.25,2346276,-0.0576656418498093,21.9,0.0124244785051838,0.0109793100590173,3.969762206912224,-0.0197126782817448,1156.476568268856
2010-12-02,0.0150378773645405,1222.75,1202.0,2037342,-0.0982826296892556,19.85,0.0078298429763944,0.0129109822794552,4.078153385023012,-0.0124228292982957,1189.6292616775531
2010-12-03,0.0006131834632592,1223.5,1213.0,1890658,-0.0411369055604895,19.05,0.0082496884411269,0.0134297836149969,4.070852306884718,-0.0130889561358019,1206.849764629342
2010-12-06,-0.0012267431511849,1222.0,1216.25,1326050,-0.0239055208535541,18.6,0.0060450126429039,0.0126717082135997,3.893237457134625,-0.009591017392716,1211.821484167345
2010-12-07,0.0010223904376918,1223.25,1219.0,2449523,0.0,18.6,0.0092172551827509,0.0118829663400359,3.870545041853149,-0.0146240975814402,1204.2593891400452
2010-12-08,0.0044861412921433,1228.75,1217.25,2142544,-0.021739986636406,18.2,0.0062339599811799,0.0114401436127635,3.615517102418264,-0.0098908012500485,1211.2107146084352
2010-12-09,0.003452831702968,1233.0,1226.5,1388754,-0.0110498361865851,18.0,0.0061955140653979,0.0109287773348508,3.5999664578373984,-0.0098298029579477,1216.730799580812
2010-12-10,0.0064672820402629,1241.0,1231.5,893224,0.0027739268827255,18.05,0.003939136512959,0.0104549650908743,3.545016583221163,-0.0062498342087709,1225.3179850856036
2010-12-13,0.0002014301547754,1241.25,1236.75,682650,0.0137553750684853,18.3,0.0058241563286132,0.0101848560256227,3.5655719205068515,-0.0092406067522786,1229.5852279546125
2010-12-14,-0.0036319652515643,1236.75,1232.75,2008662,0.1110818226414354,20.45,0.0054152121373833,0.0096650369312207,3.5199694014526988,-0.008591775875913,1230.6311409449258
2010-12-15,-0.0038481060143533,1232.0,1228.75,2114241,0.0169701042184615,20.8,0.0056760688152638,0.0093960307984257,3.407748357925987,-0.0090056510954289,1225.6622620933863
2010-12-16,0.0052621048359497,1238.5,1227.5,1738245,-0.0145281005629098,20.5,0.0062135096504145,0.0089611641115303,3.476993483716223,-0.0098583547541279,1219.914177985438
2010-12-17,0.0,1238.5,1234.5,1340620,-0.0122700925918142,20.25,0.0037133545873799,0.0089132724938918,3.376512139537076,-0.0058916085931913,1231.224695425252
2010-12-20,0.0022179664299679,1241.25,1234.0,1145804,-0.030077455237278,19.65,0.0066718081722724,0.0084315547415175,3.3904274587655365,-0.0105854912141905,1225.459013527923
2010-12-21,0.0076244350089318,1250.75,1240.75,943293,-0.020566277581477,19.25,0.0034422412595242,0.008198176740064,3.3021278926580315,-0.0054614601722589,1234.4894406282926
2010-12-22,0.0029937154381629,1254.5,1249.0,664450,0.0,19.25,0.0025485009295885,0.0084626406644082,3.343183211035292,-0.0040434517154781,1245.7028635696065
2010-12-23,-0.001196410910409,1253.0,1249.25,594048,0.0306929463994061,19.85,0.0035934942418142,0.0080645299736855,3.4135174030735778,-0.0057014381623045,1247.3678967680655
2010-12-27,0.0001995012475441,1253.25,1245.5,587701,0.0297788753556114,20.45,0.0045865109271409,0.0076954579717709,3.4111420850198964,-0.0072769584900255,1243.9150664445388
2010-12-28,0.0005982650492537,1254.0,1251.5,553798,0.0048780584534329,20.55,0.0028084920970409,0.0072055509127244,3.4894823866467286,-0.004455953716101,1247.6779995130137
2010-12-29,0.0013945614372881,1255.75,1253.25,588441,-0.0147061473896954,20.25,0.0028260276744029,0.0067383728190934,3.5670390997705907,-0.0044837756641109,1248.389931859551
2010-12-30,-0.000995916823677,1254.5,1251.5,713588,-0.007434978487518,20.1,0.0033248156606688,0.0063139944748167,3.647319045628105,-0.005275152710637,1249.1431683274357
2010-12-31,-0.001196410910409,1253.0,1249.5,667046,-0.0201011793210876,19.7,0.0046119752893176,0.006052836015678,3.597890300563207,-0.0073173602484598,1245.3538751233973
2011-01-03,0.009729055198119,1265.25,1255.25,1591034,-0.0205135398331028,19.3,0.0085055922741151,0.0059155056059386,3.5012710432206364,-0.0134949731713384,1236.2043817181177
2011-01-04,0.0,1265.25,1258.25,1778621,-0.0104167608582552,19.1,0.006567988780987,0.0071669324808159,3.479314358781268,-0.0104207713622497,1252.1335793394787
2011-01-05,0.0051241736086868,1271.75,1255.75,1797267,-0.0211648111920434,18.7,0.0095866205975546,0.0066841455266917,3.548934971711158,-0.0152101327689446,1246.150996908959
2011-01-06,-0.0011801732290326,1270.25,1266.25,1614397,-0.0026773777707163,18.65,0.0059325658011704,0.0066756483716957,3.6049725165848248,-0.0094126092274185,1259.8356746240547
2011-01-07,-0.0021672750085031,1267.5,1257.75,2175596,0.0026773777707163,18.7,0.0090100529555909,0.0062784997657809,3.651058960348432,-0.0142953505163975,1252.2205070043317
2011-01-10,-0.0015791554801598,1265.5,1258.0,1876415,0.115998913862882,21.0,0.0055865346016133,0.0059428061311641,3.7198529214155247,-0.0088635961071116,1256.315034669072
2011-01-11,0.0039432227750397,1270.5,1264.0,1662412,-0.0289875368732523,20.4,0.0048492793539367,0.0056614409542385,3.7119963406595713,-0.0076938668904759,1255.8007715822096
2011-01-12,0.0101801975509765,1283.5,1269.25,1604117,-0.0476878307857151,19.45,0.0050819535163356,0.0056423363521011,3.726709232580364,-0.0080630277293738,1260.2971116318886
2011-01-13,-0.0017545574244763,1281.25,1276.25,1671242,-0.0077419741536157,19.3,0.0044518771433424,0.0068814351241725,3.749028762858008,-0.0070633485212235,1274.4661344025506
2011-01-14,0.0064183824346804,1289.5,1274.25,1631162,-0.0477544312958997,18.4,0.0077162291462207,0.0065913480349565,3.6515904863075175,-0.0122425695890744,1265.6598342797124
2011-01-18,0.0040630799826013,1294.75,1282.75,1673094,-0.0303471563892916,17.85,0.006228195935104,0.0068528638904972,3.617569072744733,-0.0098816560142264,1276.8203556887886
2011-01-19,-0.0126301105727595,1278.5,1275.0,2322868,0.0491902441907714,18.75,0.0087668269704886,0.0067506368466594,3.573149631313462,-0.0139094481550162,1276.8654127184998
2011-01-20,-0.0017614252523658,1276.25,1267.5,2534106,-0.0053476063265951,18.65,0.0076291263611741,0.0083195095192547,3.488342630841577,-0.0121043723055142,1263.1178434923409
2011-01-21,0.0027386558588178,1279.75,1273.25,2012431,0.0106667678041953,18.85,0.00793755939428,0.0079820044467849,3.3928976791776075,-0.0125937321728553,1260.2780337454133
2011-01-24,0.0068140047547267,1288.5,1277.75,1635794,-0.02416224927908,18.4,0.0049709584393735,0.0075712071097333,3.44316621700796,-0.0078869229341426,1269.6964084399929
2011-01-25,-0.000776397554528,1287.5,1277.0,2360267,-0.0109290705321902,18.2,0.0081062843226881,0.0076611520582892,3.5012087556516294,-0.0128614311535758,1272.0341600680065
2011-01-26,0.0046493690881925,1293.5,1286.0,1609255,-0.0363676441708746,17.55,0.0050582819352132,0.0072732562822695,3.4660696004212173,-0.0080254703974591,1277.208558928789
2011-01-27,0.0017379554437315,1295.75,1289.25,1554851,-0.0172418064345061,17.25,0.0048244228887513,0.0072343402400748,3.4056082473350338,-0.0076544296214414,1283.6367920574908
2011-01-28,-0.0188923722076417,1271.5,1270.5,3238629,0.1174609225919134,19.4,0.0110625496829928,0.0069361142488559,3.3731642745491053,-0.0175518419373232,1273.205627205739
2011-01-31,0.0086139921827506,1282.5,1262.25,2314420,-0.0155847310166978,19.1,0.0101258590074909,0.010143558615749,3.2162531357858786,-0.0160656884598976,1251.235693005069
2011-02-01,0.0156661167443994,1302.75,1281.25,2089240,-0.0620982201182966,17.95,0.0093928776251671,0.010212138577597,3.1913269202779726,-0.0149027401582663,1263.5289471903898
2011-02-02,-0.0021131503396958,1300.0,1298.0,1396167,0.0055555698446023,18.05,0.003929658943535,0.0114609586114559,3.298256457969036,-0.0062347970965998,1294.652886242779
2011-02-03,0.0024968801985876,1303.25,1291.5,1828391,-0.0195810451991067,17.7,0.0076259095811197,0.0106043920717895,3.372485155336827,-0.0120992685621025,1284.3657232535104
2011-02-04,0.0030645494200243,1307.25,1298.0,1585618,-0.0257524961024144,17.25,0.0053692031919352,0.0099914325171854,3.3818516381785284,-0.0085187780805268,1292.1950566255057
2011-02-07,0.0064811511656479,1315.75,1306.0,1501112,-0.0175443096509098,16.95,0.0063734000715538,0.0094806814865434,3.380343828680697,-0.0101120369051282,1294.0976503506872
2011-02-08,0.0045497708816713,1321.75,1313.0,1453914,-0.0059171770280883,16.85,0.0038099311191758,0.0093518376370143,3.339089843171862,-0.0060448369238666,1307.820496241336
2011-02-09,-0.0018932228297821,1319.25,1311.75,1825859,0.0798144232301298,18.25,0.0054009833903916,0.0089836776349688,3.365048199225281,-0.008569200545151,1310.4720497010703
2011-02-10,-0.0003790750614003,1318.75,1308.5,2055532,0.0027359798188748,18.3,0.0064541091055654,0.0086357205145225,3.2665302342633984,-0.0102400898629434,1305.8096938646606
2011-02-11,0.0064248142394038,1327.25,1310.0,1881031,-0.0137553750684853,18.05,0.0091159262734192,0.0081579533739321,3.269292665118196,-0.0144633291283046,1299.8137553828274
2011-02-14,0.0003766478387277,1327.75,1324.5,1171814,-0.0111421765532417,17.85,0.0034997326466843,0.0082841743743166,3.2127801180923217,-0.0055526760102989,1319.9006339726368
2011-02-15,-0.0011303693743158,1326.25,1322.25,1457415,0.0111421765532417,18.05,0.0036424896578008,0.0079141055364815,3.176276781687812,-0.0057791742920117,1320.098831347383
2011-02-16,0.0050766302505165,1333.0,1325.75,1801087,0.0137553750684853,18.3,0.0044387767415006,0.0075758663545808,3.15100371542081,-0.0070425634229385,1316.9426126618614
2011-02-17,0.0035570570127045,1337.75,1328.5,1677669,0.0081633106391607,18.45,0.005679527482206,0.0074818671591241,3.1960964616896588,-0.0090111386165901,1321.042110240738
2011-02-18,0.0035444491916063,1342.5,1335.0,1516091,0.0080972102326195,18.6,0.003604859722558,0.0072354909436114,3.2303957602184403,-0.0057194706346796,1330.1206169724562
2011-02-22,-0.0210771822130837,1314.5,1310.25,3257861,0.1284783247731309,21.15,0.0112708857355826,0.0071686510540489,3.177004624746391,-0.0178823879298554,1318.7062725954413
2011-02-23,-0.0068702560307531,1305.5,1297.5,3075485,0.0507021031199625,22.25,0.0117516918781177,0.0111022882582788,3.069312560699462,-0.0186452349821263,1290.217914667063
2011-02-24,-0.0021086943498591,1302.75,1292.5,2903883,-0.0181410870706502,21.85,0.0098108475387854,0.0107598102294197,3.108635540491489,-0.0155658912462712,1285.3360708784946
2011-02-25,0.0122069034350529,1318.75,1301.5,1827557,-0.0809966331489073,20.15,0.0063420230079772,0.0101330016190703,3.112796890955817,-0.0100622540543266,1289.7071289198343
2011-02-28,0.005482573521431,1326.0,1313.0,1941581,-0.0482940093589556,19.2,0.0077510770830708,0.0108510212803922,3.081654811576773,-0.0122978593276032,1302.631512599625
2011-03-01,-0.0190336922333029,1301.0,1300.75,3054741,0.0990909026442308,21.2,0.0149002576225532,0.0104294704546792,3.097457557798074,-0.0236407495659444,1295.0200040793634
2011-03-02,0.0036443888039032,1305.75,1296.25,2680941,-0.0047281411959461,21.1,0.0092364695785281,0.012493469983052,3.1473235623153224,-0.0146545831428404,1282.0734067152982
2011-03-03,0.0182133663060186,1329.75,1305.0,2361733,-0.0686544047380781,19.7,0.0093204921080916,0.0117606819023394,3.131917772290308,-0.0147878932928811,1286.5827790342414
2011-03-04,-0.0071698420353838,1320.25,1311.25,2944659,0.0176105180086354,20.05,0.0116015705922299,0.0134298241102618,3.0935995592420884,-0.0184070525416549,1305.4971186884234
2011-03-07,-0.0085576256771426,1309.0,1302.75,2702700,0.0486714063758122,21.05,0.0120532557147111,0.0128107091420971,3.1135343018903883,-0.0191236961819016,1295.2418266229806
2011-03-08,0.0083682496705161,1320.0,1306.0,2209200,-0.0289176776395794,20.45,0.009183648232809,0.0124420114704858,3.131527420500897,-0.0145707767928084,1290.0651360165743
2011-03-09,-0.0034149151000688,1315.5,1311.5,2196273,0.0289176776395794,21.05,0.0069584093185151,0.0121279610639798,3.133390348384164,-0.0110402126086301,1305.507069083102
2011-03-10,-0.0162854446983367,1294.25,1292.75,2605190,0.055441448483859,22.25,0.0084489486291586,0.0114749938438939,3.103443609585658,-0.0134051023611256,1297.9832570180174
2011-03-11,0.0090376540543655,1306.0,1283.0,1125367,-0.0090294067193941,22.05,0.0127721708338239,0.0125950704762173,3.1700274732653764,-0.0202643269495465,1268.2868462233523
2011-03-14,-0.0080723098342119,1295.5,1286.0,817826,0.0112740765732177,22.3,0.0102815784247644,0.012289332681207,3.21305676493042,-0.0163127528959342,1284.8683708424778
2011-03-15,-0.0157544831991289,1275.25,1251.0,3992352,0.0502838164262153,23.45,0.0222943131545264,0.0119481624908303,3.225630716553044,-0.0353721584808802,1250.4763547736673
2011-03-16,-0.0168037956101692,1254.0,1243.25,4540281,0.0599973085783736,24.9,0.020088354445076,0.0128764180867029,3.256925282159863,-0.0318721842707703,1235.245892561442
2011-03-17,0.011693721597231,1268.75,1241.25,2979478,-0.03058342337208,24.15,0.0173736984229681,0.0137567410681298,3.343213542235167,-0.0275651108763347,1219.905420225169
2011-03-18,0.0043256064300534,1274.25,1261.5,2342198,-0.0336873959836756,23.35,0.0141490692160692,0.0136337552713339,3.377820592197941,-0.0224489139987761,1240.585257110209
2011-03-21,0.0146073295517066,1293.0,1274.75,1488232,-0.0779036694247867,21.6,0.0086135570672542,0.0128415951680896,3.3395087097426184,-0.013666270118089,1256.954208967428
2011-03-22,-0.0036803915635239,1288.25,1287.5,1441789,-0.0046403795565024,21.5,0.0044801666141877,0.0133540859510736,3.3678015867045463,-0.0071082325972272,1283.841643677228
2011-03-23,0.0029066971342137,1292.0,1279.0,1939892,-0.0476280489892544,20.5,0.0091093391734971,0.0125685857571397,3.3408437762282284,-0.0144528780352048,1269.7649824930734
2011-03-24,0.0102031879481145,1305.25,1289.25,1833298,-0.0271957428084901,19.95,0.007118532485776,0.011816227360702,3.3466943704078926,-0.0112942640346397,1277.4899055287683
2011-03-25,0.0036325439045352,1310.0,1304.0,1651563,-0.0100756519887417,19.75,0.0050320406450408,0.0117424299040719,3.435598583171723,-0.007983835965024,1294.8705870053727
2011-03-28,-0.0059335995698965,1302.25,1302.0,1290490,0.0274673947006109,20.3,0.0063370450478556,0.0111356778663145,3.4191326624719043,-0.010054356022523,1296.894786253276
2011-03-29,0.0108831623110638,1316.5,1300.25,1549071,-0.0350913198112698,19.6,0.0068399103537956,0.0106972659994959,3.472125400000114,-0.0108522021446689,1288.1941262952446
2011-03-30,0.0056807575605892,1324.0,1314.75,1407633,-0.0180185055026784,19.25,0.0059238357871895,0.010900411573266,3.555284244128505,-0.0093987581867547,1304.1845007060783
2011-03-31,-0.0022684319746284,1321.0,1320.5,1521964,0.0025940351770463,19.3,0.002273208167687,0.0105347913743099,3.5262761563060927,-0.0036066722042581,1319.2333670099813
2011-04-01,0.0050967547801832,1327.75,1320.5,1660075,-0.0130379943381297,19.05,0.0063668995453649,0.009945300532514,3.5535427097138768,-0.0101017231699183,1307.7227979081456
2011-04-04,0.0011290930819392,1329.25,1324.5,1273974,-0.0185435777121689,18.7,0.0042626209369491,0.0096386576373341,3.517974750465028,-0.0067630746137192,1318.80062444036
2011-04-05,-0.0018825306764433,1326.75,1323.0,1558287,-0.0080537348070968,18.55,0.0058205025472192,0.0090861622268787,3.5376222206105954,-0.0092348096625172,1317.0311355369172
2011-04-06,0.0016944370052414,1329.0,1326.0,1656416,-0.0108402145528647,18.35,0.005498100046388,0.0086185839076733,3.518065148159609,-0.0087232858369126,1315.2267140470815
2011-04-07,-0.0003762935133773,1328.5,1322.25,2180272,0.0027210901143606,18.4,0.0069141728014608,0.0081392931711894,3.530194155466137,-0.0109700269482314,1314.5005094938288
2011-04-08,-0.0035818682842521,1323.75,1318.75,1858868,0.0134954814748846,18.65,0.0087791924187183,0.0076909065927431,3.487792893083814,-0.0139290671758595,1310.1235150182624
2011-04-11,-0.0032157409722373,1319.5,1317.0,1527470,-0.0134954814748846,18.4,0.0064404060075135,0.0073596829822863,3.5593857299408445,-0.0102183485268184,1310.2923357871666
2011-04-12,-0.0085625106910613,1308.25,1305.25,2078928,0.1177830356563833,20.7,0.005937889376513,0.0070155241886961,3.622733450486272,-0.0094210556123507,1307.127290623902
2011-04-13,0.0003821169324291,1308.75,1305.0,1919662,-0.0170527883827191,20.35,0.0074075761583973,0.00763995778297,3.5910193940377915,-0.0117528607415664,1292.9643211126574
2011-04-14,0.0011454754975286,1310.25,1298.25,2027796,-0.0098766234959124,20.15,0.0081092123755342,0.007161090793926,3.634480772115821,-0.0128660768023829,1292.0193814888137
2011-04-15,0.0064663595421015,1318.75,1305.75,1644200,-0.0251269500774213,19.65,0.0061388537138616,0.0068724152376308,3.5286340284838413,-0.0097399056410746,1297.5502362814943
2011-04-18,-0.0135511187118719,1301.0,1290.25,2255340,0.0276052660918888,20.2,0.0131016366468506,0.0070513090026333,3.587190160299994,-0.0207870574266702,1291.6200211351606
2011-04-19,0.0057482434576954,1308.5,1294.0,1528995,-0.0559942693545747,19.1,0.0076240749160435,0.0086960547282392,3.549189442403102,-0.0120963576823913,1285.357438402226
2011-04-20,0.0149808433608527,1328.25,1308.5,1871971,-0.0510177743417248,18.15,0.007382631284742,0.00845009600008,3.618106466563205,-0.0117132832036488,1293.2625832323124
2011-04-21,0.002068253064059,1331.0,1328.0,1276072,-0.0138698478641505,17.9,0.0050388055514011,0.0097507722040489,3.806868276543151,-0.0079945691658285,1317.6735469294197
2011-04-25,-0.0001878463422455,1330.75,1327.25,599322,-0.0254610641982728,17.45,0.0042476881698548,0.0091935829649883,3.7619496708374816,-0.0067393822846235,1322.0600409172782
2011-04-26,0.0076729112288118,1341.0,1328.0,1386038,-0.0086331471447027,17.3,0.0083906905191912,0.0085677808446453,3.860177525696303,-0.0133126700406373,1313.151565329737
2011-04-27,0.0074294546785207,1351.0,1340.25,1386295,-0.0174931574475172,17.0,0.0057158371814957,0.0086276982256554,3.868461696036415,-0.0090687475874863,1328.8937865521846
2011-04-28,0.0029563953536024,1355.0,1346.75,1706910,-0.0148150857851407,16.75,0.0059284731549032,0.0085755406686562,3.947647415867011,-0.0094061158346252,1338.3519154348264
2011-04-29,0.0034994049892684,1359.75,1352.75,1272342,-0.0029895388483658,16.7,0.005297544599781,0.0082437483735284,3.83222518470441,-0.0084050845542618,1343.658838904654
2011-05-02,-0.0014719413881154,1357.75,1354.75,1707040,0.0324034240546593,17.25,0.0093890009272936,0.0080103310486332,3.700461041222984,-0.0148965893892063,1339.6444861671575
2011-05-03,-0.0042439403120448,1352.0,1345.75,1674060,0.0257524961024144,17.7,0.0061238707130744,0.007716726829279,3.553307913644308,-0.009716133611199,1344.6218005379828
2011-05-04,-0.006679060079672,1343.0,1337.5,2382666,0.0140254753545043,17.95,0.0082582582107603,0.0076480389298926,3.426719418244589,-0.013102552932775,1334.4008968047076
2011-05-05,-0.0059746256888875,1335.0,1325.25,2915006,0.0193109449130877,18.3,0.0118243703075228,0.0076795318267651,3.5084409672804933,-0.0187605465822298,1318.0394547604697
2011-05-06,-0.0003746019897716,1334.5,1331.75,2673077,-0.0082304991365158,18.15,0.0105396194605759,0.0076293113962144,3.621305216707845,-0.0167221608175881,1312.861532694243
2011-05-09,0.0061630599409898,1342.75,1334.5,1666599,-0.0393309120624234,17.45,0.0056494102650062,0.0074121188551951,3.431161262778493,-0.0089633546381195,1322.5918514413977
2011-05-10,0.0081587695296319,1353.75,1339.0,1571216,0.0420819454343135,18.2,0.0075763683461742,0.007352187741104,3.717400175899128,-0.012020666436005,1326.705873879996
2011-05-11,-0.0111421765532417,1338.75,1333.0,2190906,0.0244245520070749,18.65,0.0113183977063606,0.0075716729676402,3.91650066311626,-0.0179577704253129,1329.6566472041447
2011-05-12,0.0065146810211933,1347.5,1328.75,2254909,-0.0162165715892452,18.35,0.0098502015200632,0.0083594596957239,3.8728464545555767,-0.0156283302751377,1317.9902157636343
2011-05-13,-0.010069076307583,1334.0,1330.5,2235430,0.0162165715892452,18.65,0.009835845066816,0.0083355846387879,3.824599390778803,-0.0156055523256236,1326.6347485745214
2011-05-16,-0.0063922007464887,1325.5,1324.75,2177046,0.0212209554828852,19.05,0.0082077135373634,0.0088828366874911,3.711905844127839,-0.0130223587511752,1316.7407951081327
2011-05-17,0.0,1325.5,1316.0,2292146,-0.0185435777121689,18.7,0.008544396801687,0.0085882560187476,3.930856061253607,-0.0135565404369247,1307.652057170293
2011-05-18,0.0097598372313267,1338.5,1324.5,1612220,-0.0353778390816508,18.05,0.0062799097123309,0.0082649448687966,3.742059977539717,-0.0099637050960276,1312.3586857026094
2011-05-19,0.0024251480965311,1341.75,1334.5,1825276,-0.0224099013995844,17.65,0.005573011623847,0.0085985564993632,3.819756557249949,-0.0088421405498415,1326.7169652683956
2011-05-20,-0.0104889517544295,1327.75,1327.0,2248408,0.0224099013995844,18.05,0.0063259126679513,0.008186843347921,3.973979322991132,-0.0100366933879527,1328.3506218539817
2011-05-23,-0.0094590186915919,1315.25,1310.75,2054242,0.027324104274554,18.55,0.0070929705494507,0.0087185996621415,3.917975053946254,-0.0112537074650559,1312.8916524736178
2011-05-24,-0.0013314314853216,1313.5,1311.75,1860601,-0.0135687292060686,18.3,0.0057408760861685,0.0090314457443383,3.838719039467576,-0.0091084743150214,1303.324473283369
2011-05-25,0.0022813698107695,1316.5,1302.25,2100699,-0.0193109449130877,17.95,0.0118646317165069,0.0084646774252178,3.9822972240385446,-0.0188244253359452,1289.0053891275109
2011-05-26,0.0075671946414299,1326.5,1312.5,2286732,-0.0282504662858515,17.45,0.0065151630591066,0.0081653032120559,3.8465000173566968,-0.0103369580690001,1302.9614887656287
2011-05-27,0.0026350476380052,1330.0,1324.5,1393298,-0.0202611851398217,17.1,0.0046405874684503,0.0081361854996434,4.155631603191698,-0.0073627563334502,1316.7691705459038
2011-05-31,0.0104712998672953,1344.0,1328.25,1927228,-0.0326923616855423,16.55,0.0064631688571665,0.0078938515880832,4.009719040520435,-0.0102544640653336,1316.431251813957
2011-06-01,-0.0240975515790609,1312.0,1311.25,2681845,0.0812040131112157,17.95,0.0119198106730194,0.0084359164534982,3.920666245781193,-0.0189119722713919,1318.8211505751124
2011-06-02,0.0003810249617446,1312.5,1304.25,2433178,-0.0083916576362481,17.8,0.0072728225969975,0.011478326494762,3.642531054121416,-0.0115390607336156,1296.947763668736
2011-06-03,-0.0124582349220414,1296.25,1294.5,2677734,0.0083916576362481,17.95,0.0069294971847547,0.0107378968460165,3.6496109193552537,-0.0109943406156109,1298.148962595856
2011-06-06,-0.0087167622144166,1285.0,1283.25,2185300,0.0138314791484619,18.2,0.0055357176354755,0.0107675472344684,3.84864064579462,-0.008782969905834,1284.914925932839
2011-06-07,-0.0001945714569817,1284.75,1282.5,2069553,-0.0055096558109695,18.1,0.0071273692260557,0.0107096289861347,3.7065976182081175,-0.011308284407255,1270.5507068724787
2011-06-08,-0.0060505698397994,1277.0,1276.25,2695851,0.0218587938124987,18.5,0.0050167755321859,0.0103926534993859,3.496679039896803,-0.0079596163361263,1274.5644731308903
2011-06-09,0.0081887765053521,1287.5,1275.25,1725026,-0.0413852161628542,17.75,0.0091760032619006,0.0099596562193127,3.6412735277785457,-0.0145586472815434,1258.5432858144102
2011-06-10,-0.0142761787103875,1269.25,1267.0,1453530,0.0991440503150471,19.6,0.0079980216791379,0.0101416820648635,3.465846491949672,-0.0126896616373465,1271.265285014286
2011-06-13,0.0017711310346699,1271.5,1265.0,798749,0.020202707317519,20.0,0.0067749268579071,0.0106639074219677,3.572835993700929,-0.0107490993265072,1255.679770215739
2011-06-14,0.0101722316877648,1284.5,1265.25,2834353,-0.0408219945202548,19.2,0.0087569030394141,0.009981657244836,3.726077857208778,-0.0138937028454258,1253.9563124341723
2011-06-15,-0.0192578166044148,1260.0,1255.75,3639073,0.0872283673344105,20.95,0.0104140024323556,0.0105836724122427,3.369181625965412,-0.0165228568336839,1263.4507660132542
2011-06-16,0.0027739268827247,1263.5,1252.25,3263670,0.0466284931530336,21.95,0.009314518057529,0.0117349846565549,3.621769239980764,-0.0147784148639288,1241.51611494017
2011-06-17,0.0019766758758725,1266.0,1258.5,2335210,-0.023042494147154,21.45,0.0103986479290154,0.0108666087271838,3.790082110152569,-0.0164984953778372,1242.8251718410056
2011-06-20,0.0061029818328135,1273.75,1256.25,1675608,-0.0477417628852152,20.45,0.0097114408325622,0.0101607384033381,3.95487236020945,-0.0154081725606935,1246.642766304795
2011-06-21,0.0111253221273646,1288.0,1271.75,2075568,-0.0247537391529384,19.95,0.0091032776319357,0.0097163195625798,4.183441057565865,-0.014443260793029,1255.485116319359
2011-06-22,-0.0064258813266064,1279.75,1279.5,1872931,0.0173917427118692,20.3,0.0068068187495488,0.009993390555302,4.036752086150568,-0.0107996990035454,1274.1648299894173
2011-06-23,-0.0021511693051534,1277.0,1257.0,3316080,-0.0224168789145422,19.85,0.0131549684205923,0.0096214036367859,4.223535097313512,-0.0208716736218309,1253.316293129212
2011-06-24,-0.0102322813257362,1264.0,1261.25,2499136,0.0586965529951908,21.05,0.0120510783054145,0.0093716776857021,3.919688195680408,-0.0191202415041915,1252.8153961193818
2011-06-27,0.0096447947720719,1276.25,1257.0,2000732,-0.0216094843328549,20.6,0.0115803593301904,0.0094087892237479,4.135300096036513,-0.0183733987521328,1240.988074978123
2011-06-28,0.0141984297127173,1294.5,1271.5,1913881,-0.0548766102258344,19.5,0.0098043908519739,0.0093605881746027,4.380866079124593,-0.01555564706662,1256.5507201847106
2011-06-29,0.00750364271091,1304.25,1291.5,2489063,-0.0526437334854219,18.5,0.005626933981525,0.0098658948148718,4.703228163408791,-0.0089276937655082,1282.9945354714414
2011-06-30,0.0085886585778451,1315.5,1302.25,1875270,-0.0442060925044955,17.7,0.0061637844614016,0.0096748084098169,4.671338382304064,-0.0097794607664968,1291.5573033182668
2011-07-01,0.0145271868999481,1334.75,1312.5,1955127,-0.0432968057533242,16.95,0.008725106491736,0.0095291014195922,4.8460925852381695,-0.0138432544411257,1297.41466752758
2011-07-05,0.0014972864485454,1336.75,1328.25,1729821,0.0,16.95,0.0049294483682247,0.0100938401148863,4.952781798495243,-0.0078210630529678,1324.3515525518128
2011-07-06,-0.0007483629909605,1335.75,1326.5,1819425,0.0175443096509098,17.25,0.0075547274861572,0.0096119501815015,4.766166222475117,-0.0119863310463082,1320.822916312073
2011-07-07,0.0119071174242337,1351.75,1335.75,1678156,-0.0294138852062935,16.75,0.0051872949751824,0.0091294874189024,4.899461379475286,-0.0082301624937916,1324.8016754929663
2011-07-08,-0.0074253172051763,1341.75,1329.25,2253551,0.0206802052375389,17.1,0.0125219294829064,0.0094747738853777,4.991821395623518,-0.0198672940083757,1325.1594015667558
2011-07-11,-0.0174800052635966,1318.5,1311.75,2432258,0.0974344503854056,18.85,0.0111773143485608,0.0092636739010657,5.138443285211333,-0.0177339275620446,1318.1652459520535
2011-07-12,-0.0058952343406994,1310.75,1295.25,2888474,0.0390166523424517,19.6,0.0147292525354411,0.0103438733654085,5.4090077108572645,-0.0233694328852985,1288.044650895877
2011-07-13,0.001143728679767,1312.25,1307.25,2315093,0.0226995875161062,20.05,0.0109796550149622,0.0100002659609563,5.093919187624879,-0.0174203212524528,1288.1140491233086
2011-07-14,-0.0042000825393779,1306.75,1302.0,2877782,0.0294861656544638,20.65,0.0111459419574334,0.0093896139914377,5.306308180035517,-0.0176841521245512,1289.2479566393702
2011-07-15,0.0062935270188342,1315.0,1300.5,2298613,-0.0220327149998826,20.2,0.0073451074171464,0.0089401330965183,5.571234347547671,-0.0116537478332514,1291.609856076607
2011-07-18,-0.0110878597231591,1300.5,1291.25,2168734,0.0388398333162638,21.0,0.0108791333934376,0.0087305710980399,5.694537464405294,-0.0172608336421964,1292.4967746828306
2011-07-19,0.0158294522957413,1321.25,1300.25,2098625,-0.0613689463762923,19.75,0.008923805055591,0.0089390749206296,6.150456342121694,-0.014182670768254,1282.1856170884555
2011-07-20,0.0,1321.25,1319.25,1637321,-0.0204610718713396,19.35,0.0056056323794173,0.0097485420364478,6.0483967662288585,-0.0088989160197786,1309.5444677305293
2011-07-21,0.0159552891985725,1342.5,1315.0,2311771,-0.0530628449752117,18.35,0.0116678120512076,0.009272699799425,5.638219943241068,-0.0185121512441233,1297.0158256027214
2011-07-22,-0.0011179431013417,1341.0,1332.75,1478170,-0.0054644944720787,18.25,0.0079131324302495,0.0100087321912099,5.694124357600807,-0.012554976350377,1325.7503102459573
2011-07-25,-0.005608539659609,1333.5,1322.0,1640963,0.0585273394472904,19.35,0.0095561338436442,0.0095857805359443,5.307666256547583,-0.0151617624835084,1320.8214343702462
2011-07-26,-0.0054516536938766,1326.25,1325.5,1698186,0.0153849188394792,19.65,0.0067596060903885,0.009333334494325,5.1715686639583005,-0.010724791395917,1319.2749075964657
2011-07-27,-0.0207606732575929,1299.0,1298.0,2535676,0.0806297344001092,21.3,0.0103070593812289,0.0090180180767591,5.4066345163004685,-0.0163531809828665,1304.7379682013243
2011-07-28,-0.0017336034390904,1296.75,1295.25,2338767,0.0023446669592539,21.35,0.0095496000948036,0.0105790931062359,5.216247720880928,-0.0151513960372375,1279.466688694018
2011-07-29,-0.0063823831390896,1288.5,1278.5,2889931,-0.0117786991926127,21.1,0.0113611383295641,0.0099977497957851,5.260230077850392,-0.0180255827004455,1273.5847365570512
2011-08-01,-0.0068140047547267,1279.75,1270.25,3020191,-0.0191393402106974,20.7,0.0175958793700781,0.0096391750364272,5.564545899236538,-0.0279176231792765,1253.0256266394522
2011-08-02,-0.0257236185965457,1247.25,1246.75,3293753,0.0744529781947496,22.3,0.0141763088269298,0.0095296568574446,5.2139047207610565,-0.0224921323668701,1251.286990426426
2011-08-03,0.0057959590653302,1254.5,1230.25,3815275,-0.0135442251077568,22.0,0.0154640622488953,0.0120761298852706,5.092554847906893,-0.024535282017202,1217.020727799735
2011-08-04,-0.0454577396088291,1198.75,1193.25,5039775,0.2213237145972235,27.45,0.0296491106981362,0.0113847829412518,5.128052445433325,-0.0470412806693131,1196.8532323548304
2011-08-05,-0.0008345504344164,1197.75,1163.25,6160540,0.0600887448409617,29.15,0.0330893769418334,0.0192415385570359,4.540433582093844,-0.0524996072813521,1137.4395640592818
2011-08-08,-0.0749592889351173,1111.25,1109.5,6173318,0.2262262733992859,36.55,0.0382202412331786,0.0171305542066196,4.626036366175114,-0.0606402368490543,1127.276515050073
2011-08-09,0.0530128499747011,1171.75,1077.0,6285917,-0.3639320121712965,25.4,0.0529833170095135,0.0340636937293238,4.136383237475287,-0.0840633336902208,1021.6532762145496
2011-08-10,-0.0420495451774316,1123.5,1113.75,4925051,0.1238885932188686,28.75,0.0307619041106296,0.0392088777843596,4.397080443795061,-0.0488068387589646,1115.9337730596303
2011-08-11,0.0392720623535289,1168.5,1103.0,4482222,-0.0390120392750157,27.65,0.0436067350816509,0.0414184198651063,4.515589365941004,-0.0691864482861967,1048.3970350136017
2011-08-12,0.0070355263023387,1176.75,1146.75,2720118,0.0072072384049493,27.85,0.023821933203349,0.0407406432979081,4.654733246959651,-0.0377958805346164,1125.1597149927045
2011-08-15,0.0183143735931876,1198.5,1176.25,2002026,-0.0421694009670892,26.7,0.0115736254008735,0.0355855829185202,4.70958622402525,-0.0183627146995072,1155.338860431532
2011-08-16,-0.0052284966961053,1192.25,1177.5,2556621,0.0074627212015894,26.9,0.014095002209318,0.0321501762130473,4.846799230475322,-0.0223631312828819,1171.9952562863905
2011-08-17,-0.0018889710727592,1190.0,1181.5,2112805,0.0382909129933151,27.95,0.0149245437509533,0.0282169386797658,4.667974449449483,-0.0236792819386037,1164.350005659306
2011-08-18,-0.0398595726427384,1143.5,1128.25,3809916,0.1781387003815462,33.4,0.0286148472270768,0.0240041050458351,4.752710312159283,-0.0454003181890732,1137.181677740021
2011-08-19,-0.0171999830092,1124.0,1117.5,3583223,0.0567424923599273,35.35,0.0194577864623679,0.0286601390767601,4.629449730230224,-0.0308717250746192,1108.7375319151622
2011-08-22,-0.000667482503367,1123.25,1111.25,2714560,0.0306430661120855,36.45,0.0220709065700597,0.0262056112585216,4.809080891623468,-0.0350177015816408,1085.321275800293
2011-08-23,0.0308997959221617,1158.5,1118.5,3338118,-0.0607961042827733,34.3,0.0179956689389357,0.0226287384200189,4.850185730915061,-0.0285519293312812,1091.632562678759
2011-08-24,0.0115856262645266,1172.0,1142.5,2616278,-0.0221084907542032,33.55,0.0197021068642485,0.0247013032536973,4.782038235007068,-0.0312593638377214,1122.8461879421282
2011-08-25,-0.0124491841765683,1157.5,1153.0,3198280,0.0351427085931104,34.75,0.0200987763373916,0.0221224445543967,4.890932456405598,-0.0318887196456932,1135.216034410734
2011-08-26,0.015856342498183,1176.0,1132.75,3053686,-0.0218190473946395,34.0,0.0269053036843924,0.0200686693795016,4.895207034716556,-0.0426879563099398,1109.1284765521573
2011-08-29,0.0268472500361882,1208.0,1172.25,1832857,-0.0716223760259762,31.65,0.0135185364977822,0.0192848307235772,4.738050295414032,-0.0214485107531573,1151.0451304247988
2011-08-30,-0.0026940229743184,1204.75,1193.5,2576230,0.0265019407455064,32.5,0.0147086896326083,0.0213187454424654,4.557073594070231,-0.0233368077825296,1180.1355346211208
2011-08-31,0.0107328171662102,1217.75,1201.25,3159833,-0.0265019407455064,31.65,0.0150632724266089,0.018576794727233,4.706592269326352,-0.0238993888630521,1176.2985516121084
2011-09-01,-0.01364221240215,1201.25,1200.75,2656315,0.0156743020934428,32.15,0.0136723161820641,0.0174336222701886,4.876497006775963,-0.0216924976087226,1191.6184154132543
2011-09-02,-0.0270001636785064,1169.25,1168.5,2427798,0.070546873353686,34.5,0.0123334878115249,0.0166269059621272,4.900520064499952,-0.019568312442166,1177.9720624483773
2011-09-06,-0.0040707072815999,1164.5,1136.0,3522564,0.0355909451027023,35.75,0.0188840786647141,0.0193985078263991,4.761474345823093,-0.029961480251212,1134.7371490496807
2011-09-07,0.0291960657031182,1199.0,1163.75,2595150,-0.0635134057223258,33.55,0.0116101983814266,0.0176149799139121,4.551921003285447,-0.0184207413924705,1143.2454103106295
2011-09-08,-0.0111123902698233,1185.75,1182.0,2136073,0.030816818645988,34.6,0.010804015499604,0.0205182713848833,4.55187587976251,-0.017141651587696,1178.6223123302327
2011-09-09,-0.0236811066247506,1158.0,1146.75,1615259,-0.0014461318499998,34.55,0.024464784299041,0.0189928620709194,4.649314308797342,-0.0388158281185054,1140.6059515713691
2011-09-12,0.0045234325918181,1163.25,1129.5,1148718,0.0143680632669203,35.05,0.0184213987597256,0.0199779761541204,4.750979214660491,-0.0292273922884326,1124.6445012871648
2011-09-13,0.001717844528092,1165.25,1139.0,3694565,0.0028490047760745,35.15,0.0187457208684714,0.0182632026490902,4.556808787227364,-0.0297419617640605,1129.1620963070434
2011-09-14,0.0144837462711349,1182.25,1148.0,3552069,-0.0303272339672027,34.1,0.0277280694998824,0.0163891418541383,4.5728960019176,-0.0439933565981857,1115.098006964983
2011-09-15,0.0184375639863452,1204.25,1175.75,3024123,-0.046520015634893,32.55,0.0134493914356182,0.0159804820061629,4.74758781498535,-0.0213388051937134,1157.2894587534597
2011-09-16,0.0062086292151546,1211.75,1194.75,2661191,-0.0217399866364056,31.85,0.0106825888405679,0.0163648801706253,5.009833712740333,-0.0169489960437707,1184.011169935457
2011-09-19,-0.0116207989622534,1197.75,1181.5,2446620,0.038495900364845,33.1,0.0131694432924446,0.0148490197192283,5.123374011471309,-0.0208946394543103,1186.693604416351
2011-09-20,-0.0014621412526549,1196.0,1185.25,2614553,-0.0045420214345011,32.95,0.017233973201181,0.0144963260799804,4.913387141071507,-0.0273434228317391,1165.4431185261726
2011-09-21,-0.0342331716422421,1155.75,1155.0,3254771,0.0815590081915003,35.75,0.0197668627484368,0.0129163782167805,5.0158275662858935,-0.0313621055271469,1159.073002660059
2011-09-22,-0.0283006712429507,1123.5,1106.75,4741905,0.0754058308693217,38.55,0.0276400578764126,0.0189832600024576,4.824110441231775,-0.0438537173515332,1106.1613367248592
2011-09-23,0.0055475566660048,1129.75,1102.0,3365634,0.0141663669819815,39.1,0.0228404796139135,0.0212761573628904,4.926536844681603,-0.0362387062154742,1083.514697163372
2011-09-26,0.0251296955810422,1158.5,1115.0,3089036,-0.0417815340149547,37.5,0.0187902637459905,0.0197395013248235,4.471199880626665,-0.0298126334959896,1096.566282070175
2011-09-27,0.0094502421518027,1169.5,1155.0,3258954,-0.0202027073175194,36.75,0.0201123804111121,0.0209944703437578,4.673159029853505,-0.0319103038698087,1122.1155202447471
2011-09-28,-0.0179019123543371,1148.75,1143.5,2802438,0.0708958216330377,39.45,0.0205751579841049,0.0193607473923951,4.702686767953865,-0.0326445467926491,1131.9386251541653
2011-09-29,0.006507615156738,1156.25,1133.5,2975702,-0.0217817708210983,38.6,0.0224529457449159,0.0190660897601281,4.934891736023936,-0.0356238449575436,1108.547444433957
2011-09-30,-0.0265104801269986,1126.0,1121.5,2980938,0.0879824079770794,42.15,0.0165194881621274,0.0172811763422125,4.981110549020565,-0.0262098208293607,1126.3385932671972
2011-10-03,-0.0359401321200341,1086.25,1085.25,3504183,0.0665382996064822,45.05,0.0227699789289622,0.0196405442072536,5.1426250499380535,-0.0361268498248411,1086.0471968272138
2011-10-04,0.02477681011782,1113.5,1068.0,4190407,-0.0990909026442308,40.8,0.0300640082236269,0.0242048157399688,5.300138842712435,-0.0476995571061454,1035.6526839649414
2011-10-05,0.0191244432180814,1135.0,1106.5,3039981,-0.0593233854584629,38.45,0.0187018857034371,0.0245091856478597,5.239132960135296,-0.0296724128887989,1080.9451473108672
2011-10-06,0.0196298560448857,1157.5,1129.0,2903759,-0.0157277160681954,37.85,0.015158729457367,0.023532380948914,5.356340783952336,-0.024050840993319,1108.0279459017888
2011-10-07,-0.0021621630044954,1155.0,1144.75,2865466,0.0026385239581814,37.95,0.0176486267768028,0.0228464094092931,5.494348973424714,-0.0280013122176958,1125.5380576205175
2011-10-10,0.0306929463994061,1191.0,1156.5,1776333,-0.0895298168888256,34.7,0.0123982811424077,0.0204171338558062,5.399102499220821,-0.0196711135445191,1132.5018709529106
2011-10-11,-0.0012602396122876,1189.5,1180.75,1953734,-0.0351942481217926,33.5,0.0083183780729083,0.023060449397032,5.693353969142351,-0.0131979391093756,1175.3845272154333
2011-10-12,0.0073291082967283,1198.25,1180.75,2559219,-0.0631464556845711,31.45,0.0200326215688004,0.0206009141146932,5.599610883842006,-0.0317837584861968,1152.2877248864004
2011-10-13,-0.0002086593643459,1198.0,1185.25,2316227,-0.007980888331013,31.2,0.0112423004544247,0.0187306516969784,5.46142599933436,-0.0178370345211934,1177.066262561134
2011-10-14,0.0175824159147675,1219.25,1193.0,2244214,-0.0611255485413311,29.35,0.012390415447179,0.0166981528693592,5.394706209748936,-0.0196586338320353,1174.6789378337037
2011-10-17,-0.0209269006376144,1194.0,1193.5,2385603,0.1156987146744108,32.95,0.017779489695849,0.0170347023696688,5.60125557555543,-0.0282089393322738,1185.3368268621723
2011-10-18,0.0239978417346247,1223.0,1185.5,2978540,-0.06100405646337,31.0,0.0211898330271188,0.018092291581172,5.816384853830776,-0.0336197902498046,1154.5252548577314
2011-10-19,-0.0135832506220863,1206.5,1201.5,2430802,0.0879517948731378,33.85,0.012477365474188,0.0195882076921625,5.8993730760077305,-0.0197965887496846,1199.0268482006484
2011-10-20,0.0028967535257002,1210.0,1192.5,2898123,0.0073583849311869,34.1,0.0138438773886113,0.0186341844854648,5.8501546296042495,-0.0219646966284949,1180.2885110175678
2011-10-21,0.0206530191350733,1235.25,1208.0,2115010,-0.0761402636966046,31.6,0.0087315017707495,0.0168814258822054,5.811762252215494,-0.0138534011911612,1193.3529598578289
2011-10-24,0.0094672879541768,1247.0,1226.75,2006311,-0.0603279886012275,29.75,0.0118661733920945,0.0178271628934238,6.097419353458823,-0.0188479741730302,1212.186076793969
2011-10-25,-0.0182080692878141,1224.5,1222.25,2635786,0.0853292908066447,32.4,0.0145281311191856,0.0167091722582458,6.17774784800607,-0.0230964650648281,1218.5287661391585
2011-10-26,0.010560618050623,1237.5,1216.5,2697660,-0.0604317391849176,30.5,0.0135570938428629,0.0170779336455129,6.510270088446916,-0.0216231328870384,1198.3066851147148
2011-10-27,0.035718082602079,1282.5,1237.5,3324091,-0.1519672728463148,26.2,0.0189056261720882,0.0161094708212479,6.700068043120474,-0.0302029302158737,1200.682668249083
2011-10-28,-0.0011702751481905,1281.0,1272.75,1932702,0.0019065782705816,26.25,0.0063314560918221,0.0211212029663091,6.893244401653655,-0.0101301460138295,1269.5736710782778
2011-10-31,-0.0250976516724197,1249.25,1245.25,2239270,0.1318633355238256,29.95,0.0129095370877041,0.0192397082718462,6.82681764089784,-0.0206445145514292,1254.8254865377437
2011-11-01,-0.0200107738320918,1224.5,1208.5,3666184,0.125359529443247,33.95,0.0195815546118452,0.0204729075746593,7.202209952130988,-0.0313970984308205,1210.6365223383552
2011-11-02,0.00793090074675,1234.25,1216.5,2264238,-0.0375137761014974,32.7,0.0116058173306305,0.0204763021620502,7.350130378553425,-0.0186259983072216,1201.9035589829184
2011-11-03,0.017269505491182,1255.75,1213.5,2822923,-0.0550020787726031,30.95,0.0241731892877007,0.0188970965065563,7.374181085919233,-0.0388007958934121,1187.2772997222976
2011-11-04,-0.0037897721632429,1251.0,1234.5,2243027,0.0144348937836027,31.4,0.0135522740438001,0.0187436318186052,7.201903910284845,-0.0217296966311374,1228.7572675096171
2011-11-07,0.0051823915069828,1257.5,1232.0,1982159,-0.0096000737290191,31.1,0.015274129888612,0.0171216127343816,7.1798611226995455,-0.0244870148591839,1220.738760198712
2011-11-08,0.0124470637908196,1273.25,1248.5,2241483,-0.0925807890114271,28.35,0.0128397460217116,0.0156323013291898,7.278692010679792,-0.0205972685726557,1231.8638583498694
2011-11-09,-0.038019785233371,1225.75,1222.75,3248837,0.1654247564004762,33.45,0.0168682033094551,0.015139792335817,7.399890981570149,-0.0270795832758726,1239.23357457898
2011-11-10,0.0095403139115024,1237.5,1218.25,2584328,-0.0600642407426503,31.5,0.0142710945986238,0.0212425882315379,7.326317025875274,-0.0229001448558734,1197.99910988642
2011-11-11,0.0192082736382666,1261.5,1233.75,1603127,-0.0421456214507633,30.2,0.0128605851466035,0.0197929865453043,7.316375361409159,-0.0206355109442637,1212.225230970827
2011-11-14,-0.0071599351220923,1252.5,1243.5,1889071,0.0180480698717029,30.75,0.014187032260922,0.0197709693132203,7.332030677038848,-0.0227660480685831,1233.1050768509076
2011-11-15,0.0011968882338466,1254.0,1234.0,2243400,-0.0016273396593753,30.7,0.0159571719906212,0.0182336046046523,7.341158203923131,-0.0256080281318691,1220.833138207481
2011-11-16,-0.0185115950084124,1231.0,1230.5,2711882,0.0615822011292888,32.65,0.010930455980601,0.0166636681583608,6.96634668560383,-0.0174977665873017,1232.2486556407234
2011-11-17,-0.0132885528984418,1214.75,1206.5,3096973,0.0331355615960986,33.75,0.0185566598202757,0.0170489557778833,7.247093265444637,-0.0297623182935542,1194.9024244966097
2011-11-18,-0.0006176016665682,1214.0,1208.75,2178618,-0.0423663963716292,32.35,0.0121685420501792,0.016571334265288,7.076279448101041,-0.0194947460309387,1191.298094457321
2011-11-21,-0.0193373319384742,1190.75,1180.5,2401770,0.0183772400016066,32.95,0.0143049718906103,0.0149671364792014,7.078275239345215,-0.0229177493090702,1186.494241258575
2011-11-22,-0.0067411251697118,1182.75,1179.25,2306860,-0.0199240307199053,32.3,0.0109717374606339,0.0159500635173565,7.371591447875217,-0.0176106486302978,1169.9636875763906
2011-11-23,-0.0194222304108473,1160.0,1158.5,2325948,0.0394588367405477,33.6,0.0104899307807504,0.0148293219471892,7.067841320480732,-0.0168045374408385,1163.0405016589125
2011-11-25,-0.0056192064866023,1153.5,1147.5,1518196,0.0264332570681555,34.5,0.0155768438634742,0.0159209087235243,7.116782705251856,-0.0249618988796913,1131.4026048384148
2011-11-28,0.0319924917414917,1191.0,1169.25,2362657,-0.0752234212375877,32.0,0.012676054058304,0.0146853287079579,6.932516970333762,-0.0202871920835518,1130.3344999201418
2011-11-29,0.0046073379931277,1196.5,1186.25,2423915,-0.0205216357207969,31.35,0.011285351154969,0.0192608715687067,7.1940673476419805,-0.0180939984914171,1169.6438396148344
2011-11-30,0.0405377919989708,1246.0,1183.0,3298494,-0.1005872369051683,28.35,0.026508910687861,0.0175870885282843,7.070587875777497,-0.0424672365052947,1146.7517629756458
2011-12-01,-0.0020084361039387,1243.5,1235.75,2110759,-0.0160003413464413,27.9,0.008671876568436,0.0238467777681333,7.063101350140902,-0.013891619813345,1228.8107116691128
2011-12-02,0.0,1243.5,1242.0,2179603,-0.0035906681307285,27.8,0.0117159807369791,0.0214784585513778,6.695295215424832,-0.0187162877193547,1220.4427424290852
2011-12-05,0.0092055883224242,1255.0,1248.0,2333966,0.0,27.8,0.0096588698643951,0.0194713199855982,6.53360384169445,-0.0154087993345159,1224.486025493967
2011-12-06,0.0,1255.0,1245.25,2187368,0.0107335556431085,28.1,0.011513387857769,0.0181442520295626,6.474898127825079,-0.0183576013947302,1232.171390608174
2011-12-07,0.0071457231409191,1264.0,1244.0,2724649,0.0176371414861069,28.6,0.0128447396809949,0.0165203797345905,6.335986728469308,-0.020453426276431,1229.591679404959
2011-12-08,-0.0224009366891673,1236.0,1230.75,2442801,0.0527782053473875,30.15,0.0187874278888036,0.0153513250746059,6.2553331008518285,-0.0298920877735593,1226.775531341571
2011-12-09,0.0182388060151366,1258.75,1228.5,1143695,-0.102967949871243,27.2,0.0140125694854606,0.0170403443408202,6.481987096091816,-0.0223438847327463,1208.689209281591
2011-12-12,-0.0188457863069126,1235.25,1226.0,908998,0.0145987994211531,27.6,0.0166695888991327,0.0173915216882969,6.616457213905053,-0.0266121602019765,1225.6937434103102
2011-12-13,-0.0122176229586026,1220.25,1212.5,3108499,0.0800427076735359,29.9,0.0175510990888309,0.0177848566508873,6.827714542539053,-0.0280673438202374,1201.0618432747897
2011-12-14,-0.0115393821140612,1206.25,1202.5,2855128,0.0066666913581894,30.1,0.0121415215195261,0.0170578980425693,6.84816651969027,-0.0194194966319654,1196.7819654550483
2011-12-15,0.0045492220722893,1211.75,1198.0,2299656,-0.0406835766364435,28.9,0.0128498158820994,0.0163660173804508,6.864512849777879,-0.0205549072369213,1181.70872897989
2011-12-16,-0.0006191311723933,1211.0,1208.25,2189561,-0.0017316021642779,28.85,0.0097141739480002,0.0151600440589504,6.720901097863571,-0.0155216329131934,1193.086877082394
2011-12-19,-0.0099585885255777,1199.0,1195.5,1683745,-0.0174829627803472,28.35,0.0125182859605235,0.0139591395918832,6.606755574528348,-0.0199831595101319,1187.0405835510785
2011-12-20,0.0303924829901216,1236.0,1198.75,1825749,-0.0655972824858133,26.55,0.0119512574370267,0.0135525268903258,6.672247812009076,-0.0190885200113985,1176.3299219821477
2011-12-21,0.0002022449192864,1236.25,1223.0,1986543,-0.0803566301372664,24.5,0.014874431893531,0.0176187419083747,6.661694898477056,-0.0237553261315215,1206.9844186823912
2011-12-22,0.0102606271886553,1249.0,1232.25,1333614,0.0241947285870569,25.1,0.0084698774000554,0.016336965842761,6.502419335865114,-0.0135082303433008,1219.6627347634694
2011-12-23,0.0089668828371625,1260.25,1248.75,693965,0.0236231457634357,25.7,0.0041693343878126,0.0157273078979238,6.539429720977692,-0.0066516843763412,1240.7196159947864
2011-12-27,0.0,1260.25,1256.0,508261,-0.0097752489046425,25.45,0.0044878889941924,0.0150898858068322,6.562968503763322,-0.0071613835222544,1251.257105632509
2011-12-28,-0.0125762711550931,1244.5,1243.0,1013536,0.0479478224096721,26.7,0.0093733016888048,0.0141251794892361,6.48297311092739,-0.01494642748004,1241.5538332706667
2011-12-29,0.0103917801662474,1257.5,1243.75,878740,-0.0284919557943061,25.95,0.0049489630197441,0.0140286738985712,6.695059350171295,-0.0079059567446234,1234.699827746182
2011-12-30,-0.0039840690148746,1252.5,1250.75,692364,0.0284919557943061,26.7,0.0050710601784651,0.0136731299965616,6.868642636860672,-0.0081120551968801,1247.3403541073235
2012-01-03,0.015448910941048,1272.0,1270.25,1565370,-0.0738199122352671,24.8,0.0052375235243334,0.0128540494942717,6.9132735779455485,-0.0083811288522802,1242.0465033543128
2012-01-04,0.0007858546573391,1273.0,1262.75,1419339,-0.0244910200082957,24.2,0.0066700972554585,0.0134311843282255,6.973809204348571,-0.0106782422364331,1258.489538244064
2012-01-05,0.0,1273.0,1259.75,1819520,-0.0187701026819904,23.75,0.0101696321487495,0.0125817865597625,7.000693565405685,-0.016283808514221,1252.438575254154
2012-01-06,0.0009814506627439,1274.25,1266.75,1691991,-0.0299167610379926,23.05,0.0085858240603011,0.0117884794969408,6.970614954518464,-0.0137448384418583,1255.6225195734598
2012-01-09,0.0009804883617157,1275.5,1267.25,1438170,0.0466186106559241,24.15,0.0058232425611174,0.0110159494178971,7.018392592451144,-0.0093254499311612,1262.4222805433888
2012-01-10,0.008198367215698,1286.0,1274.5,1531383,-0.02092126516064,23.65,0.0080301475631772,0.010266363335881,7.061253053975774,-0.0128634601581149,1259.1977331406035
2012-01-11,0.0017480824107689,1288.25,1279.25,1800297,0.02092126516064,24.15,0.0055375422744189,0.0101249364413107,7.276189730872895,-0.0088830778306784,1274.6269505378195
2012-01-12,0.0027131799589605,1291.75,1280.75,1755528,-0.0167018496179314,23.75,0.0090317093505152,0.0094595648534857,7.297630304056192,-0.0144901963517887,1269.717597885632
2012-01-13,-0.0021311642281069,1289.0,1272.75,2115831,0.0146293100159589,24.1,0.0121692399479829,0.0089019971470938,7.153002716799092,-0.0195059133302791,1266.7973893464512
2012-01-17,0.0001939299918811,1289.25,1281.25,1837834,-0.0062435166396852,23.95,0.0114699696150631,0.0083146196412999,7.227482283841613,-0.0183939533290272,1265.5069218293438
2012-01-18,0.0100328836942322,1302.25,1286.5,2008751,-0.0318160451846596,23.2,0.0073131291286657,0.0077086119374481,7.18524728121944,-0.0117245948285954,1274.2223349086196
2012-01-19,0.0063152061381606,1310.5,1299.25,1837168,-0.0284172127235771,22.55,0.005517506463435,0.0084565456434521,7.501537652093884,-0.0088628157651371,1290.759392951525
2012-01-20,0.0001907486891807,1310.75,1304.75,1420429,-0.0315341444070882,21.85,0.0037667358918339,0.0083841120685248,7.390412120110287,-0.0060466370402873,1302.5997910771391
2012-01-23,0.000190712311058,1311.0,1305.0,1609178,-0.0254938488262195,21.3,0.0069473127403187,0.0078538202051862,7.450769512078826,-0.0111562795413419,1296.2081737562742
2012-01-24,0.0003813155432288,1311.5,1301.5,1478167,-0.0047058910374127,21.2,0.0055457594815234,0.0073409374255223,7.49024575227143,-0.0089076273016296,1299.3739577064923
2012-01-25,0.0066495922801141,1320.25,1303.0,1973502,-0.0287101058824315,20.6,0.0109064615909132,0.0068497525883464,7.42922471824106,-0.0175118475210787,1288.733138691272
2012-01-26,-0.0037943509761264,1315.25,1309.25,2012742,-0.0024301348532915,20.55,0.0106754173436233,0.0070907414405889,7.750268882537365,-0.0171709878268887,1297.7735271915535
2012-01-27,-0.0020930461451378,1312.5,1307.0,1730821,-0.019656652549552,20.15,0.0065101033406233,0.0068486313583753,7.835307581128805,-0.0104757204163972,1301.5437256160023
2012-01-30,-0.0026702285558783,1309.0,1296.0,1710571,0.0269294118786316,20.7,0.0097382332684299,0.0064583475087794,7.865289560776285,-0.0156725667475549,1292.0901115836807
2012-01-31,-0.0005731206575827,1308.25,1302.25,1894426,0.0096154586994416,20.9,0.0082247551022524,0.0061563959693509,7.429528726828232,-0.0132060166348035,1291.8269674806734
2012-02-01,0.0087519584514081,1319.75,1303.75,1904608,-0.0515451518375655,19.85,0.0111351200670426,0.0057720410183712,7.402922036897652,-0.0178762262211828,1285.0712188603482
2012-02-02,0.0022705780805152,1322.75,1317.0,1357576,-0.0359012915065446,19.15,0.0046699835823031,0.0068894901885089,7.209995316165951,-0.0074882354718733,1309.9043106630163
2012-02-03,0.0122101639069311,1339.0,1320.0,1710648,-0.064712600692367,17.95,0.0088891517109068,0.0064965657629555,7.331159408856853,-0.0142644195223476,1304.015673881183
2012-02-06,0.0,1339.0,1330.25,1196876,0.0083218233374924,18.1,0.0053018597982382,0.008181093554928,7.616197859334575,-0.0085218259842592,1327.6377572964916
2012-02-07,0.00428505546218,1344.75,1331.75,1498861,0.1196229625783904,20.4,0.0068983910701026,0.0075765829863898,7.67815538347333,-0.0110916393219018,1324.2303561478818
2012-02-08,0.0016717752570114,1347.0,1338.25,1540962,0.0289875368732523,21.0,0.0051086339349204,0.007298558489736,7.806709738264246,-0.0082193806586378,1333.7422881180796
2012-02-09,0.0009275578069729,1348.25,1340.75,1755116,0.0442447017977571,21.95,0.0062741731387887,0.0068415318972169,7.901452987747642,-0.0100993300267847,1333.4646664005977
2012-02-10,-0.0057647765413229,1340.5,1333.75,1713982,0.0703586809412466,23.55,0.0068143085507929,0.0063836585055851,8.039651848700139,-0.0109758691297433,1333.532699775198
2012-02-13,0.006320898531742,1349.0,1342.75,1235174,-0.0726391836399718,21.9,0.0049194694738806,0.0064598976645101,8.46609778701885,-0.0079380663493848,1329.9011449213926
2012-02-14,-0.0009270418759772,1347.75,1337.75,1739688,0.0248039773658081,22.45,0.0074604532015699,0.0066213219328482,8.801694646009459,-0.0120529980109571,1332.838101010599
2012-02-15,-0.0040892250290998,1342.25,1338.0,2282387,0.0771260031952287,24.25,0.0102069855165611,0.0061798195691158,8.91246686950932,-0.0164964365436095,1325.6993066370278
2012-02-16,0.0092696251435446,1354.75,1334.25,1962084,-0.0616560814230968,22.8,0.0104948058603786,0.0060233374437236,9.189612371890371,-0.0169765163151956,1319.6556007135036
2012-02-17,0.0036839238568466,1359.75,1353.0,1250939,-0.0088106296821548,22.6,0.003637978267437,0.0069172319108794,9.65773435807927,-0.0058925807027265,1346.790500321222
2012-02-21,0.0001838404270273,1360.0,1355.75,1584418,-0.0022148403295529,22.55,0.0064377259857515,0.0066462917056785,9.78032983672488,-0.0104307184901173,1345.640544338458
2012-02-22,-0.0029455102297566,1356.0,1353.0,1439240,-0.0338250961536439,21.8,0.0054622531228403,0.0062062843452041,9.72828046565834,-0.0088490431796708,1348.0183923428522
2012-02-23,0.0051489631961922,1363.0,1350.25,1602052,-0.073755176242495,20.25,0.0062645778507102,0.0059412729505489,9.31812194170103,-0.0101375122260642,1342.3229760513525
2012-02-24,0.0001834021096378,1363.25,1361.5,1165825,0.0458463881254185,21.2,0.0036244045065206,0.005985527666206,9.48939252153824,-0.0058679491549107,1355.0254054418624
2012-02-27,0.0029298684207113,1367.25,1353.0,1662699,0.0163746348717901,21.55,0.0090345163809423,0.0055679843697317,9.432059173403228,-0.0146246515781363,1343.4580218865624
2012-02-28,0.0031036081507753,1371.5,1364.5,1540432,-0.0330218683049463,20.85,0.0043705778965652,0.005340300758423,9.25446401897609,-0.0070712691706029,1357.6159099926158
2012-02-29,-0.0051169702292641,1364.5,1356.75,2280683,0.0071684894786123,21.0,0.0101509955037306,0.0051575570984212,9.344962750387117,-0.0164278945022842,1349.1532006901614
2012-03-01,0.0073019674569065,1374.5,1358.75,1966089,-0.0462932839708449,20.05,0.0064720951692776,0.0053448907592159,9.240791178854233,-0.0104709422801937,1350.2869411784409
2012-03-02,-0.0041921140404888,1368.75,1365.0,1458860,0.0173057470975925,20.4,0.0056140011119643,0.0059607820275192,9.580860328809663,-0.0090913799895965,1362.0605298592982
2012-03-05,-0.0031098534164177,1364.5,1358.0,1535936,-0.0123306124574789,20.15,0.0058300221030692,0.0058526035002471,9.337496442824117,-0.0094348310759585,1355.8968041753826
2012-03-06,-0.0166270226167659,1342.0,1338.5,2450910,0.1103110208176825,22.5,0.0100477253179431,0.0056217865052207,9.293415095607454,-0.0162583348910805,1342.494870148539
2012-03-07,0.0079785189912175,1352.75,1341.25,1893777,-0.0857999898033323,20.65,0.0044248848872753,0.0088969034110926,8.380012003092588,-0.0071375790394005,1332.455471861607
2012-03-08,0.0101131688452777,1366.5,1350.5,1832191,-0.0470966836630992,19.7,0.0069386447059519,0.0089170117875879,8.480724184750875,-0.0111968461009171,1337.687947538337
2012-03-09,0.0043811680155627,1372.5,1363.25,1063406,-0.0335515341712326,19.05,0.0050719458830876,0.0093412645450247,8.821919135521151,-0.0081947303467934,1355.34765860626
2012-03-12,0.0,1372.5,1366.0,905373,-0.0706815856512852,17.75,0.0034836787305516,0.0088095689791602,8.453343928351416,-0.0056209922970522,1364.8068299529036
2012-03-13,0.0132092755717172,1390.75,1366.0,2743994,0.1681369218019983,21.0,0.0071189839947055,0.0081660703004869,8.179837960076835,-0.0114737468358989,1356.842280595729
2012-03-14,-0.0014391080015627,1388.75,1384.25,2095321,0.0510551708002839,22.1,0.005029325903609,0.009448110889028,8.468329801407759,-0.008115401235796,1379.5091793094357
2012-03-15,0.0052069423684777,1396.0,1384.75,1953864,-0.015963850989014,21.75,0.0054799099610309,0.0087500978724641,8.002672909833102,-0.0088250429236169,1376.5481417924047
2012-03-16,0.001789229319697,1398.5,1394.0,1384158,-0.0069204428445734,21.6,0.003053512887368,0.0084292996787675,7.679287479511103,-0.0049096470620251,1389.1629302349054
2012-03-19,0.0039250719437413,1404.0,1393.5,1525304,-0.0769610411361285,20.0,0.006678836180757,0.0078855845662954,7.396441245746266,-0.0107217349077363,1383.5857499221447
2012-03-20,-0.0028530689824064,1400.0,1391.75,1583682,-0.0460439385014064,19.1,0.0064611714320623,0.0075333751873597,7.3782981262909555,-0.0103711911589345,1389.514095498898
2012-03-21,-0.0017873105740955,1397.5,1394.25,1533579,-0.0537763967808042,18.1,0.0057011941770926,0.0071573826947671,7.118179463976054,-0.0091362516751484,1387.2674998837372
2012-03-22,-0.0061008622749101,1389.0,1382.5,1682418,0.0137176362287991,18.35,0.008411870879081,0.0067347326016958,7.060166335241792,-0.0134748403622325,1378.795215605821
2012-03-23,0.0035932485661254,1394.0,1380.5,1559341,-0.0764162304443631,17.0,0.0071755188920813,0.0068317703390711,7.189314818702566,-0.0115042787402268,1373.1121213497124
2012-03-26,0.0149522187568686,1415.0,1392.5,1456063,-0.0859424298007249,15.6,0.0067630924192167,0.0065934986554842,7.076440588074988,-0.0108348981948555,1378.977681523867
2012-03-27,-0.006025182147427,1406.5,1406.0,1251826,0.1206279877886151,17.6,0.0057734218219167,0.0088789184716243,6.911319196339761,-0.0092385446211647,1401.9876594563275
2012-03-28,-0.0044535568399695,1400.25,1392.0,1759121,0.0028368813351993,17.65,0.0098606375096741,0.0086198044979262,6.912548377934245,-0.0157789900668725,1384.4810259064432
2012-03-29,-0.0014293373882443,1398.25,1386.25,1827754,-0.0316573198706913,17.1,0.0089793931697141,0.0082511958475199,6.744669926705687,-0.0143503168522227,1380.2994594859254
2012-03-30,0.0035695201206111,1403.25,1395.75,1619524,-0.017699577099401,16.8,0.004760010208651,0.0077299057490204,6.623404039396078,-0.0075995654721443,1387.6641823329862
2012-04-02,0.0065702091982879,1412.5,1399.0,1718652,0.0118344576470028,17.0,0.0091250767794115,0.0073827403241877,6.639118225759002,-0.0145705206484819,1382.9521511147962
2012-04-03,-0.0026583976666101,1408.75,1399.5,1673086,0.0145987994211527,17.25,0.0072738778601573,0.0074237646328624,6.758900850094532,-0.0116259841143355,1396.1733878019609
2012-04-04,-0.0110636389043401,1393.25,1388.5,1834777,0.0397779714569188,17.95,0.007654361231728,0.0070435743626688,6.765362076940035,-0.0122347446437883,1391.6193119689426
2012-04-05,-0.0021555603819729,1390.25,1384.0,1539342,0.0274742555522484,18.45,0.006860834345772,0.0079868455171066,6.980035964095704,-0.0109840849910304,1378.030164591694
2012-04-06,0.0,1390.25,1372.0,198499,0.0,18.45,0.0116282995989616,0.0075283834784612,6.928669201683912,-0.018609806308194,1364.616969422542
2012-04-09,-0.0110298559670019,1375.0,1371.75,1083274,0.0604651957499355,19.6,0.0056476427239887,0.0070638691485265,6.866318947203228,-0.0090342425380884,1377.74670823712
2012-04-10,-0.0131773502658019,1357.0,1352.5,2522310,0.1468353582508852,22.7,0.0123300564885958,0.0079804896939961,7.103132798795163,-0.019757105566779,1348.100582159416
2012-04-11,0.0051451785685383,1364.0,1357.5,1739768,-0.0155386034277791,22.35,0.0061049836647668,0.0091619464570259,7.424608470077734,-0.0098021392508786,1343.7634761439726
2012-04-12,0.0160003413464409,1386.0,1363.25,1852924,-0.111094047505587,20.0,0.0065814275679759,0.0087969730762457,7.302661497106914,-0.0105593681650294,1349.672798046643
2012-04-13,-0.0152674721307883,1365.0,1363.75,1936470,0.0815799869924229,21.7,0.0085916023083993,0.0104732917617168,7.651210318449118,-0.013812113400428,1366.988010950593
2012-04-16,-0.0007328692156525,1364.0,1360.5,1959799,-0.0162605208717803,21.35,0.0075703352248164,0.0116130804476864,8.077893039100712,-0.0121957179373014,1348.453945603462
2012-04-17,0.0141949608235725,1383.5,1359.25,1848818,-0.067822596338761,19.95,0.0124362925838477,0.010700928810992,7.797719925596793,-0.0200080929588495,1336.9801702211305
2012-04-18,-0.003801941757187,1378.25,1377.75,1848236,0.0296317976063713,20.55,0.003882058214087,0.0115328827711388,7.923151013007746,-0.0062494709508101,1374.8808176568568
2012-04-19,-0.0041806840861076,1372.5,1365.5,2631716,-0.0073260400920731,20.4,0.0122533666678296,0.0107661076068258,7.699340287744731,-0.0197038725939675,1351.3589366561084
2012-04-20,0.0020016383718814,1375.25,1371.25,1808442,-0.034916265106228,19.7,0.0061236214142617,0.0101527223398826,7.3566997833212815,-0.0098280961111238,1359.0770073637254
2012-04-23,-0.0091308158111766,1362.75,1354.0,1848613,0.0446724400515927,20.6,0.009849348766772,0.0094841665853163,7.178921928517061,-0.0157900760208255,1353.7052422716115
2012-04-24,0.0053060228777805,1370.0,1361.0,1440903,-0.0421375844484046,19.75,0.0042439203929173,0.0095668695777694,7.327574983113788,-0.0068100689908673,1353.5011070269754
2012-04-25,0.0125126303838394,1387.25,1369.5,1827484,-0.0626837022936865,18.55,0.0056848155838052,0.0091841793555508,7.215211566056391,-0.0091158060892824,1357.5680951632569
2012-04-26,0.0068247391332478,1396.75,1381.0,1666603,-0.0300980311572796,18.0,0.0076847921615208,0.0099137018966592,7.402034595886813,-0.0123370346620541,1370.240587261275
2012-04-27,0.0012521243027565,1398.5,1386.5,1616584,0.0027739268827255,18.05,0.0083289468618083,0.0096293745070117,7.425711929177556,-0.0133730127690336,1378.1955851461278
2012-04-30,-0.003581665720012,1393.5,1389.75,1322300,0.0219186857076461,18.45,0.0057167301730704,0.0090122647987377,7.2929903760244015,-0.0091714821833255,1385.7323209342958
2012-05-01,0.0050107477781606,1400.5,1391.25,1305665,-0.0246926125903717,18.0,0.0099625961773272,0.00855546209868,7.262843303588008,-0.0159802149803038,1371.4085535738686
2012-05-02,-0.0021443896709092,1397.5,1389.25,1682321,0.0027739268827255,18.05,0.0077315393151647,0.0082591668026989,7.277774806936442,-0.0124027126162148,1383.237274581435
2012-05-03,-0.0082630252794055,1386.0,1384.5,1761579,0.0407111850570136,18.8,0.0077052730441484,0.007806842132875,7.147318444557036,-0.0123502159980452,1380.3467145617549
2012-05-04,-0.0171006532124495,1362.5,1361.5,2076198,0.061875403718087,20.0,0.0090642212384364,0.0080163250686304,7.30889892426667,-0.0145433692190171,1365.9887584127882
2012-05-07,0.0023824807384276,1365.75,1342.5,1610579,-0.0330398540781997,19.35,0.0134334797056826,0.010003744846877,7.404165424069318,-0.0215661515598523,1333.430701613217
2012-05-08,-0.0053225784094239,1358.5,1343.75,2307638,0.0818300182476319,21.0,0.0122661216720282,0.0094000363691574,7.260021075737018,-0.0196747693923131,1339.1417971530184
2012-05-09,-0.0055360909062036,1351.0,1339.25,2523438,0.039678483818176,21.85,0.010646944441264,0.0090515705787434,7.196794880506821,-0.0170707315083144,1335.5062298657112
2012-05-10,0.0047997138478912,1357.5,1345.75,1839321,-0.0468469732967884,20.85,0.0089466755838808,0.0087745483596271,7.072212571685264,-0.0143327208250293,1331.7745994316542
2012-05-11,-0.0055401803756147,1350.0,1344.0,1840516,0.0353393664453087,21.6,0.009448074074873,0.008448115666358,7.0701098637794,-0.0151357513932766,1337.1079314255408
2012-05-14,-0.0119226449569067,1334.0,1333.25,1912994,0.0628009012390302,23.0,0.0075151235968715,0.0082336763269302,7.014392854701929,-0.0120345218128536,1333.850764622314
2012-05-15,-0.0043196611445157,1328.25,1325.5,2402932,0.0383842430083154,23.9,0.0109969787539143,0.0089501352179635,7.296823270689923,-0.0176431259188827,1310.6704780354846
2012-05-16,-0.0043384015985985,1322.5,1320.75,2282620,0.0207046733616911,24.4,0.0096653499697343,0.0085570457288375,7.385343460961595,-0.0155150512456098,1307.8011756581502
2012-05-17,-0.0161985438032754,1301.25,1300.5,2906203,0.0711762784678948,26.2,0.0125782652602991,0.0082267483492166,7.293233661410578,-0.0201796317638724,1296.079907416368
2012-05-18,-0.0081018961694203,1290.75,1289.75,2816411,0.0735625671770168,28.2,0.0099133582142339,0.0098158175818723,7.580052221399274,-0.0159308805690839,1280.6841923253353
2012-05-21,0.0191834004741293,1315.75,1287.25,2051007,-0.1509053605605759,24.25,0.0106321943306838,0.0096999683910934,7.6024895629876434,-0.0170881511350531,1268.8808527249523
2012-05-22,-0.0007603117644343,1314.75,1307.5,2449269,0.0284572048140354,24.95,0.0101986760900394,0.0116551708915216,7.814497403736982,-0.0164094861990744,1294.3354003481131
2012-05-23,0.0007603117644343,1315.75,1294.0,2555222,-0.0060301690265909,24.8,0.0135304519870054,0.0108435169217077,7.783922805469834,-0.0217669177233274,1286.4411607263726
2012-05-24,0.0051170394985664,1322.5,1306.0,2171218,-0.0224270357874445,24.25,0.0088584850372558,0.0101387744824795,7.74621645983812,-0.0142482284270437,1297.1358179137735
2012-05-25,-0.0056872191205892,1315.0,1312.0,1521622,0.0122952368570374,24.55,0.0088203734747627,0.0096979055641429,7.719873703776158,-0.0141850048248757,1303.8727572214625
2012-05-29,0.013970399010204,1333.5,1317.5,2236090,-0.0652176383113798,23.0,0.0071289089561297,0.0093382764294485,7.84937522054971,-0.0114722652659283,1300.0001766652128
2012-05-30,-0.0189256216518689,1308.5,1308.0,2313731,0.1109967759720245,25.7,0.0076842381088675,0.0101997427346108,8.084230135146347,-0.0123795659603128,1317.0936103113115
2012-05-31,0.0005730111893971,1309.25,1297.25,2746687,0.0116055461203079,26.0,0.0117566311279664,0.0120399776134555,8.142267017335588,-0.0189451985206762,1283.9435555729897
2012-06-01,-0.0272928970274888,1274.0,1273.5,3278646,0.0651393021709614,27.75,0.0102807403252085,0.0111834690059793,7.991973580098131,-0.0165556510533906,1287.7529536647114
2012-06-04,-0.0007852375747017,1273.0,1262.0,2338973,-0.0292525428374372,26.95,0.0107984325982023,0.0149123288096328,7.799734446139254,-0.0173732021599054,1252.0576963842047
2012-06-05,0.0093823987719137,1285.0,1267.5,2035780,-0.0513909458694894,25.6,0.0090002211268158,0.0137809097371983,7.459152026193831,-0.0144536244458007,1254.7328672291617
2012-06-06,0.023458103151027,1315.5,1283.0,2836135,-0.089856329121861,23.4,0.010421376912807,0.0132866402218821,7.567112604295461,-0.0167460808858216,1263.6604615671286
2012-06-07,0.0009497578831512,1316.75,1312.0,2584043,-0.015070252920998,23.05,0.0093425145438177,0.0153899876698819,7.980612791407898,-0.0150439782905177,1295.8577656853688
2012-06-08,0.0090720712926586,1328.75,1305.5,1334158,-0.0603535088962439,21.7,0.011463665781607,0.0142485611769443,7.673039828147666,-0.0184314598126391,1292.7026697655967
2012-06-11,-0.0165042160319357,1307.0,1306.25,1171558,0.1233995936941156,24.55,0.0157716998172248,0.0137093918516536,7.441657831570095,-0.0253255027865441,1295.521281181571
2012-06-12,0.0098973019561947,1320.0,1297.0,2900941,0.039925462409184,25.55,0.0089452107820098,0.0142514364397631,7.805699731407641,-0.0143920512366183,1288.3243021923702
2012-06-13,-0.0085592533956697,1308.75,1303.5,2566739,0.0458971566923018,26.75,0.0080252950711761,0.0137769539247149,7.739271304222847,-0.0129076432958711,1303.07140004926
2012-06-14,0.0132829277434458,1326.25,1305.25,2808502,-0.0636666272042769,25.1,0.0089355510480757,0.0132650208979984,7.479789936500366,-0.0143514713266105,1290.101647622653
2012-06-15,0.0084467888419688,1337.5,1324.5,1817397,-0.0595047311997967,23.65,0.0047512421224648,0.0133509345681108,7.693847371210926,-0.0076399560078736,1316.156115857342
2012-06-18,0.0026134045115169,1341.0,1327.25,2074890,-0.0814531451428983,21.8,0.0105247629741782,0.0128345479340716,7.722002398522962,-0.0169262059308798,1315.051717636028
2012-06-19,0.007059289950992,1350.5,1336.5,1772340,0.0045766670274116,21.9,0.0097762884771078,0.011983916385333,7.56540069398193,-0.0157093417808727,1320.0983778807197
2012-06-20,0.0001850994915049,1350.75,1338.75,2364882,-0.0685037543336442,20.45,0.008785419975483,0.0115088471820077,7.430517757949212,-0.0141063255323029,1331.5831447132082
2012-06-21,-0.0243548943135962,1318.25,1317.5,2713717,0.1326141016260953,23.35,0.0113694714319229,0.0107352872175294,7.292826484002583,-0.018240286933313,1326.3352751292548
2012-06-22,0.0064272432974252,1326.75,1318.25,1859289,-0.0663960625733071,21.85,0.0060725288374834,0.0136627430064636,7.273630010641311,-0.0097411234847163,1305.471105409776
2012-06-25,-0.0153805367473367,1306.5,1302.5,1843892,0.0270896926466641,22.45,0.0092822372302047,0.0129655170074567,7.114742828702399,-0.014874585406251,1307.1611926786857
2012-06-26,0.0068650155196801,1315.5,1303.25,1810328,-0.0316768566535703,21.75,0.0067915199067463,0.0134269000165699,7.284476383566365,-0.0108952157633149,1292.3426642650868
2012-06-27,0.0075729252487324,1325.5,1312.0,1615882,-0.002301496988279,21.7,0.0075525897084749,0.0128163509686341,7.042143045211491,-0.0120968642615183,1299.682439392717
2012-06-28,-0.0022658619966255,1322.5,1306.75,2291307,-0.0162605208717803,21.35,0.0111694559090864,0.0122952435439908,7.039154992144013,-0.0178895706625863,1301.9982192531868
2012-06-29,0.0253839683665315,1356.5,1316.0,2488982,-0.0880764532432585,19.55,0.0165046004439188,0.011533011324993,6.897570070818432,-0.0264077309307406,1288.032878084614
2012-07-02,0.0007369197091042,1357.5,1349.5,1688137,-0.0743047257205153,18.15,0.0066246907462504,0.0143615188113941,6.777615253176942,-0.0105899409891369,1342.2105408556913
2012-07-03,0.0077050463744052,1368.0,1355.25,1047073,-0.0251059211310762,17.7,0.0059110133252886,0.0134220121557077,6.691773196095456,-0.0094425755749123,1344.7420324871996
2012-07-05,-0.0047627860686816,1361.5,1357.0,1885277,0.0602922302561204,18.8,0.0090349612106354,0.0128471642164143,6.819154711474508,-0.0144475661096641,1348.3778172669772
2012-07-06,-0.0071869838516995,1351.75,1342.25,1955639,-0.0296917898074031,18.25,0.0104516783858482,0.0121789616583978,6.6404867265112175,-0.0166889718229672,1338.9665181875791
2012-07-09,-0.0018511667633624,1349.25,1341.0,1473739,0.0081855845864393,18.4,0.0048607624578192,0.0117086812082713,6.695746490841667,-0.0077651002333641,1341.294173567357
2012-07-10,-0.0102431289487361,1335.5,1330.5,2020477,0.1416505170630269,21.2,0.0121734401211473,0.0110757343413936,6.301022673219432,-0.0193777529745942,1323.3562583115015
2012-07-11,0.0005614297892391,1336.25,1327.75,1912327,-0.036018299189156,20.45,0.0077902648376638,0.0110332091503656,6.540819542601045,-0.0124286073332987,1319.0043164337742
2012-07-12,-0.0052523099548071,1329.25,1319.75,1904895,0.0073081933067244,20.6,0.0099444796834982,0.0103481296028495,6.627936689671793,-0.0158774086034072,1315.2013539122047
2012-07-13,0.0167851758776667,1351.75,1328.75,1758931,-0.0625986563197442,19.35,0.007620327144514,0.0098942174830356,6.777643923429137,-0.0121815245518699,1313.155932643196
2012-07-16,-0.0031490254789625,1347.5,1343.0,1547166,-0.0025873235649513,19.3,0.0046754100134381,0.0110798038797762,7.125330619280533,-0.0074927754155394,1341.6594909990667
2012-07-17,0.0081301260832509,1358.5,1339.25,1970476,-0.0396353068573955,18.55,0.0098590624421169,0.0104938761323727,7.004635532428091,-0.0157869583608347,1326.3941108518368
2012-07-18,0.0064202733604794,1367.25,1352.5,1797575,0.0053763570363805,18.65,0.008454179202927,0.0103238465547924,6.844101803309917,-0.0135214376600392,1340.2547558838423
2012-07-19,0.003468106058948,1372.0,1366.0,1743124,-0.0244245520070749,18.2,0.0046855954213273,0.0099527034188553,7.186994694297935,-0.0075121512510254,1357.0174933910746
2012-07-20,-0.0100724228541979,1358.25,1357.0,1800661,0.0508811215439051,19.15,0.0049008984188084,0.0094961043887561,6.857752758150523,-0.007839207037855,1361.2866548733468
2012-07-23,-0.0107328935556596,1343.75,1332.0,2078031,0.0826502710806176,20.8,0.0118403648379469,0.0095967360019065,7.434560661291031,-0.0190119519755073,1332.6709406206635
2012-07-24,-0.0106612811928981,1329.5,1323.75,2115725,0.0492479348343266,21.85,0.0100634843641041,0.009768592550778,8.001035004899803,-0.0162064722464503,1322.1480712578298
2012-07-25,0.0041283601512756,1335.0,1321.25,1840501,-0.0349278810595783,21.1,0.0097879906077616,0.0098997245891414,8.653066667390917,-0.0158050173694892,1308.6524116284402
2012-07-26,0.0146856436118731,1354.75,1327.75,2275727,-0.0969703248553659,19.15,0.0134491274202017,0.0094914191534026,7.903547494101204,-0.0216488358880547,1306.4093973479069
2012-07-27,0.0202765189502667,1382.5,1352.75,2495356,-0.029141134907499,18.6,0.010896353720109,0.0102597316650836,8.867101146630908,-0.0176079145460506,1331.1044629823891
2012-07-30,-0.0014477020262813,1380.5,1375.75,1486890,0.0472528848505451,19.5,0.0059871957346278,0.0119677209591718,9.76427514812034,-0.0097003551031758,1369.154093735354
2012-07-31,-0.0043557237649087,1374.5,1371.0,1774241,0.0203052661607459,19.9,0.0075520076415797,0.0112028235361505,10.19598163591191,-0.0122426691739823,1363.7020310041587
2012-08-01,-0.0029143918624594,1370.5,1367.75,1800024,-0.0101010959865042,19.7,0.0070403038264633,0.0106513059736419,8.507371283903419,-0.0113620567093702,1358.9712394404994
2012-08-02,-0.006221429033383,1362.0,1349.25,2835526,-0.0520951118834016,18.7,0.017086483665623,0.0100617011415719,9.101698240958816,-0.027631828828052,1333.1489933852915
2012-08-03,0.0196298560448866,1389.0,1360.0,1945915,-0.0836141400411336,17.2,0.0099933195880659,0.0098523246706567,7.2765603888202435,-0.0160308737803786,1340.3400279128375
2012-08-06,0.0007196833703932,1390.0,1387.25,1171977,-0.0205587270210365,16.85,0.0043179400342611,0.0113134428241054,7.995503430259752,-0.0069535341816625,1379.3750435353934
2012-08-07,0.0050233331322244,1397.0,1387.5,1459898,0.0463851265809349,17.65,0.0073454127210029,0.0106279993680717,11.536956954560283,-0.0119077551503629,1373.5463776135057
2012-08-08,0.0008943744447353,1398.25,1390.5,1227991,-0.0493568969700923,16.8,0.0048791399243095,0.0101799419256445,15.633319892607515,-0.0079096445318738,1385.9938114894978
2012-08-09,0.0016078609984662,1400.5,1393.75,1179356,-0.0149927845861412,16.55,0.0049766572396901,0.0096985689972448,14.614086284898214,-0.0080677312668986,1387.0146774780535
2012-08-10,0.0014270426966875,1402.5,1392.0,1246593,-0.0121582044798094,16.35,0.0053474833107075,0.0092827638652778,13.282623757352852,-0.0086688827916346,1388.411701374683
2012-08-13,0.0,1402.5,1394.25,1202738,-0.0342179573103416,15.8,0.0048471132166808,0.0088122520919752,13.680464081370388,-0.0078577255714015,1391.522724576556
2012-08-14,-0.0007132667920082,1401.5,1397.25,1435083,0.0372713947972318,16.4,0.0061683611670177,0.0084047537706916,11.2799487716508,-0.0099996197961527,1388.5454197634183
2012-08-15,0.0014260251970945,1403.5,1397.0,1103484,0.1471576443362874,19.0,0.0043010093625024,0.0079473158021177,11.977673721082402,-0.0069724286889497,1391.7621289485062
2012-08-16,0.0067459868825903,1413.0,1401.75,1495429,-0.0132452267500204,18.75,0.0054829328812784,0.007499004699177,13.116124204302968,-0.0088884620559786,1391.080321194043
2012-08-17,0.0015910902322415,1415.25,1410.75,1139564,-0.02977215833367,18.2,0.0029277166656421,0.0074637965019624,19.2386339411646,-0.0047461639703946,1406.309559831975
2012-08-20,-0.000353356894136,1414.75,1409.5,1110701,0.0027434859457509,18.25,0.0042499877234859,0.0071057680945858,15.35523060583803,-0.0068897167695716,1405.5328410164357
2012-08-21,-0.0015916530020367,1412.5,1408.0,1731248,0.0270286723879191,18.75,0.0083035969205538,0.0066829520442349,16.249195819878235,-0.0134610814603431,1395.833538656353
2012-08-22,-0.0001770068152247,1412.25,1404.25,1675386,0.0132452267500204,19.0,0.0050128059926799,0.006291371097691,16.451659522231004,-0.0081263325349204,1401.0680680457854
2012-08-23,-0.0087119406020219,1400.0,1398.0,1592212,0.0156661167443994,19.3,0.0084598471731372,0.0059054320014901,14.70835835858791,-0.0137143810121335,1393.0140713399812
2012-08-24,0.0069401470839416,1409.75,1395.25,1572472,-0.0396353068573955,18.55,0.0071853009614406,0.0065243153421873,15.950293592483218,-0.011648195653575,1383.787134712157
2012-08-27,-0.0010645849124681,1408.25,1407.0,932096,0.0133870807824596,18.8,0.004442103027824,0.0066890959980433,15.237688850870274,-0.0072011576771947,1399.6346328538675
2012-08-28,-0.0003551136400954,1407.75,1403.25,1210117,0.0105821093305364,19.0,0.0043899470330317,0.0063615019021531,12.906007689558315,-0.007116606837208,1398.2636151564093
2012-08-29,-0.0003552397905917,1407.25,1404.75,959745,0.013072081567353,19.25,0.0038903834432588,0.0060038504889803,13.157291535286683,-0.0063067570527236,1398.8996007534645
2012-08-30,-0.0073103650871741,1397.0,1395.25,1217187,0.0231075750101492,19.7,0.0044857633403063,0.0056691964868769,12.24426524848349,-0.0072719360433089,1397.0536864058315
2012-08-31,0.005710222510884,1405.0,1395.5,2046718,-0.0388147042155071,18.95,0.0076539813107456,0.0060652273431479,12.482420816364192,-0.012407980168794,1379.77314794059
2012-09-04,0.0007114906027645,1406.0,1394.5,1680397,-0.0159577854386108,18.65,0.0075646015578147,0.0061576265539556,11.147724041601233,-0.0122630853543396,1387.8755787982293
2012-09-05,-0.001779676568673,1403.5,1397.25,1429039,-0.027175585378965,18.15,0.0054098607965691,0.0058186949707239,11.575790653696824,-0.0087700038391167,1393.7232867000248
2012-09-06,0.0194043837545132,1431.0,1403.25,2040626,-0.1198512887204423,16.1,0.0079853330703994,0.0055510488737547,10.810321054888876,-0.0129451393145718,1385.4485880752902
2012-09-07,0.0050535961869524,1438.25,1430.5,1472193,-0.0641245281695384,15.1,0.0025825309044463,0.0088469910955231,8.300139583328908,-0.0041644090876329,1425.0531218067706
2012-09-10,-0.0082032050898481,1426.5,1425.75,1096739,0.088665637085656,16.5,0.0040980735439461,0.0086077443862444,7.611365472454774,-0.0065867749047283,1428.8077022764096
2012-09-11,0.0028001418366097,1430.5,1421.5,1430082,0.1062691935940445,18.35,0.0076094643546427,0.0085990969644475,8.129568427246971,-0.012261571493194,1409.115665698983
2012-09-12,0.006271797562066,1439.5,1428.5,1725227,-0.0417306724564729,17.6,0.004284560928398,0.0081406839767354,8.40529327237715,-0.0069119259506383,1420.6465822033565
2012-09-13,0.0122552668734288,1457.25,1435.0,2603518,-0.0675734248327253,16.45,0.0117067127008691,0.0080148347175874,8.091149738237878,-0.0188604916275359,1412.604748392071
2012-09-14,0.0058159589186645,1465.75,1456.5,1291449,0.0532670291814874,17.35,0.0078769518031082,0.0087589723971149,7.753472051454645,-0.0126699737023542,1438.9031532865197
2012-09-17,-0.0034170544097777,1460.75,1457.5,676512,-0.0292418495944977,16.85,0.0033792382886446,0.0084851493270673,8.124697690992155,-0.0054450458820641,1457.790613276645
2012-09-18,-0.0053196178642638,1453.0,1449.0,1821180,-0.0362577480226242,16.25,0.0035031512221264,0.0081037738155041,7.862266176021867,-0.0056378358513158,1452.5377028243524
2012-09-19,0.0001720430111777,1453.25,1451.25,1658342,-0.0123840591997215,16.05,0.0038872142214323,0.0078622218857035,8.542133865921626,-0.0062742443562021,1443.912062733058
2012-09-20,0.0003439972514138,1453.75,1443.5,1744200,0.0215724852541279,16.4,0.005610001677379,0.0074603743621864,8.58720964845233,-0.0090564776413142,1440.148091987434
2012-09-21,-0.0012045084481329,1452.0,1450.5,1605312,-0.0215724852541279,16.05,0.0056231963685822,0.0071078582311976,7.985790500085422,-0.0090550872966526,1440.645587184308
2012-09-24,-0.0003444119200564,1451.5,1444.75,1261245,-0.0093897403498388,15.9,0.0047256904579849,0.0067437632061232,8.054401167396186,-0.0076122230846636,1440.989014290977
2012-09-25,-0.0098659389612842,1437.25,1435.0,1813743,0.0756790643857625,17.15,0.0087646104766951,0.0064266445263856,7.421552045568815,-0.0140721741546773,1431.217284872076
2012-09-26,-0.007157227026564,1427.0,1424.0,1793271,0.034387342309476,17.75,0.0065257475526286,0.0070812224665087,7.832061791631749,-0.0105007257923057,1422.2367945843162
2012-09-27,0.0097629785226853,1441.0,1427.5,1754826,-0.0975662439310074,16.1,0.0059875734979096,0.0072117546313788,7.428196365093022,-0.0096138278012735,1413.3468026304877
2012-09-28,-0.0046952525175409,1434.25,1429.0,2101935,0.0184620628397356,16.4,0.0065151201322596,0.0076376592381629,8.078561665274888,-0.0104958107728102,1425.9546314657437
2012-10-01,0.001915542597044,1437.0,1427.75,1903230,0.0329864989963062,16.95,0.0115194836014962,0.0074488069526194,7.33116064491909,-0.0184853125872202,1407.9809839293098
2012-10-02,0.0027797099204969,1441.0,1432.25,1610265,-0.0208651384639613,16.6,0.0064703295317282,0.0071004173181851,8.0039622872402,-0.0104201121150252,1422.1040424463704
2012-10-03,0.0025989791983658,1444.75,1435.5,1553817,-0.0060423144559629,16.5,0.006200754853238,0.006855883225473,7.52921900801727,-0.0099618770613719,1426.716200009932
2012-10-04,0.0075849355193415,1455.75,1444.0,1566715,-0.0433504408736138,15.8,0.0044200457589034,0.0066396137617491,6.843423836075631,-0.0070692923647451,1434.5726555520084
2012-10-05,-0.0001717475315512,1455.5,1451.25,1681666,-0.0031695747612787,15.75,0.0071497140456807,0.0069310946817281,6.424140897459417,-0.0113945513877792,1439.2565281268596
2012-10-08,-0.0039583564291278,1449.75,1447.5,961596,0.0094787439545438,15.9,0.0034997297864331,0.0065736418999755,6.677391581611424,-0.0055899978789571,1447.3864565601953
2012-10-09,-0.0095296571483807,1436.0,1435.25,1956139,0.126826575552704,18.05,0.0073261225003366,0.0064522459767783,6.755402069409055,-0.011709162358384,1432.873638716369
2012-10-10,-0.0068128484318839,1426.25,1425.0,1672672,0.0055248759319694,18.15,0.0042298133157643,0.0070128594151441,7.454817358069267,-0.0067925666996492,1426.278927113945
2012-10-11,0.001576320494542,1428.5,1421.25,1585045,-0.0336166107989845,17.55,0.0088182486829556,0.0070777711801065,7.73605455992211,-0.0141827716042603,1406.1645920583442
2012-10-12,-0.0049122905797727,1421.5,1420.0,1624836,0.0253178079842895,18.0,0.006552744929575,0.0067323438398173,7.958869249624159,-0.0105506192652582,1413.507668642667
2012-10-15,0.0098005684700641,1435.5,1416.5,1525436,-0.0483735842842159,17.15,0.008430076457462,0.0066691028302272,7.520246738337523,-0.0135427311916075,1402.3787766490873
2012-10-16,0.0095329606587233,1449.25,1434.5,1622289,-0.0235999153408732,16.75,0.0060671536772976,0.0072463271521321,7.341043992711101,-0.009736545697453,1421.591011284633
2012-10-17,0.0053333459753623,1457.0,1446.25,1534392,-0.0180727810596943,16.45,0.0045140248175759,0.0076754039377248,7.328330074199888,-0.0072435294164954,1438.7902435042054
2012-10-18,-0.0037820227305198,1451.5,1447.75,1805949,0.0150832422113285,16.7,0.0053426072329433,0.0075381177381101,6.995873985490196,-0.0085543922829483,1444.58940865852
2012-10-19,-0.0191276914927636,1424.0,1423.5,2400959,0.0524901826213968,17.6,0.0088703738194798,0.0072583114722062,7.298406990227723,-0.0142314229953739,1430.9893833256854
2012-10-22,0.0042046312820316,1430.0,1416.75,1777803,-0.0143063956512379,17.35,0.0067902089219672,0.0095340537577018,6.555913341601467,-0.0108345561351011,1408.654871004736
2012-10-23,-0.0163923649405646,1406.75,1402.0,2303989,0.1013177726408676,19.2,0.0115082131173264,0.0090633330638684,6.451005514451268,-0.0183453170322468,1404.005365587126
2012-10-24,-0.0010668564312039,1405.25,1401.75,1756752,-0.0237165266173162,18.75,0.006629521488719,0.0102310702098801,6.130569194865875,-0.0105340596855042,1392.0089891940836
2012-10-25,0.0021325758926389,1408.25,1399.5,1808585,-0.0242926925690443,18.3,0.0086172472863662,0.0095963638097887,5.901530199416337,-0.0136721250199357,1386.1679893774945
2012-10-26,-0.0005327177609775,1407.5,1394.5,2089898,-0.0027359798188748,18.25,0.0090143226608656,0.0091196094545398,6.011379107703797,-0.0143040421439485,1388.249716115618
2012-10-29,0.0,1407.5,1397.0,181669,0.0,18.25,0.0052659404210062,0.0085935045629235,6.2436367307418825,-0.0083774639449348,1395.7579723771023
2012-10-30,0.0,1407.5,1393.0,178848,0.0,18.25,0.0089905899693299,0.0082016128879222,5.940686368952807,-0.0142644705413221,1387.5652748799369
2012-10-31,-0.0005330017004574,1406.75,1400.5,1775915,0.0376388514999348,18.95,0.0085370888480183,0.007888649011339,5.523348182874893,-0.0135449456372307,1388.5640219198604
2012-11-01,0.0116609095178032,1423.25,1398.5,1705976,-0.1144903095994078,16.9,0.0094217045472612,0.0075475396475041,5.41465016302423,-0.0149484769544511,1385.8776238330856
2012-11-02,-0.0125498774846048,1405.5,1405.0,2089006,0.051884835369012,17.8,0.0106645963168125,0.0082324761202017,5.215746708103108,-0.0169204491045877,1399.3705659104344
2012-11-05,0.0046140277066006,1412.0,1402.5,1388947,0.0167134809737405,18.1,0.0050869025878703,0.0087740690595427,5.578729143231194,-0.0080708799265438,1394.2020318635898
2012-11-06,0.0093400978585043,1425.25,1409.75,1481236,-0.0597617345422545,17.05,0.0074399720226131,0.0084439101765941,5.735775292793385,-0.0118042600215184,1395.4303733416837
2012-11-07,-0.0257631731573475,1389.0,1384.0,3199570,0.1003627101644943,18.85,0.0179541220479788,0.0085898147986688,5.623479014622877,-0.0284860110317969,1385.2231224384575
2012-11-08,-0.009948530998777,1375.25,1372.5,2615376,-0.018742181809741,18.5,0.0108379261044081,0.0118461586854716,6.084787828264313,-0.01721228703929,1365.2967123948
2012-11-09,0.0003635041843015,1375.75,1363.5,2549324,0.0053908486348768,18.6,0.0125928213778565,0.0115307684704567,6.051606818364108,-0.0199917842061925,1348.0293005503995
2012-11-12,0.0018155415299245,1378.25,1372.5,1138665,-0.0840831172105414,17.1,0.0045523917650927,0.0107746706404706,5.537154482395773,-0.0072228250256376,1365.848998116978
2012-11-13,-0.0052741779074789,1371.0,1365.75,1950603,0.0623431305741353,18.2,0.0100118722943296,0.0101083900466455,5.44444316871927,-0.0158848371345075,1356.529691717488
2012-11-14,-0.0132160513915264,1353.0,1349.5,2448722,0.0430173850836905,19.0,0.0139147265032025,0.0096310392016411,5.728771482434778,-0.0220771058376137,1341.0639544090875
2012-11-15,-0.0012942592173699,1351.25,1345.25,2416674,0.0078637364602145,19.15,0.0070788601864779,0.0100480913957522,5.575871512981491,-0.0112313199623848,1337.8890409431854
2012-11-16,0.0062707693496522,1359.75,1340.25,2605521,-0.0508811215439051,18.2,0.0099062959645679,0.0095416350694593,5.158849633480626,-0.0157173297238834,1330.1779898671273
2012-11-19,0.01659259509342,1382.5,1360.25,1741462,-0.0920188987202519,16.6,0.0086799368498585,0.0091900900424433,5.502750634092306,-0.0137715882848309,1341.152435757001
2012-11-20,0.002708805268087,1386.25,1374.0,1548714,-0.0121213605323449,16.4,0.0063174907450108,0.0101520107860474,5.262405968861002,-0.0100233311645507,1368.7119611417093
2012-11-21,0.0014417014571392,1388.25,1377.0,1068642,0.0030441423812281,16.45,0.006438710612526,0.0096228780462132,5.250650469241451,-0.0102156586130377,1372.1606318650968
2012-11-23,0.0121712617604679,1405.25,1387.25,913304,-0.0215062052209638,16.1,0.0072626061282424,0.0092440157596419,4.770298369189479,-0.0115228512837251,1372.3452119400492
2012-11-26,-0.0014242480598758,1403.25,1395.0,1220715,-0.031548357734926,15.6,0.0050507841972567,0.0094746065658949,5.031090825670965,-0.0080135744860037,1394.033924902339
2012-11-27,-0.0041060487930542,1397.5,1395.5,1639215,0.0346491354131743,16.15,0.0054657936072026,0.0091122249955274,4.79729177468186,-0.0086720284387187,1391.1335889574668
2012-11-28,0.0067748520851349,1407.0,1383.0,2128449,-0.0410800257434647,15.5,0.0123462164546713,0.0087844795209122,4.917140236255287,-0.0195885077080843,1370.391435453313
2012-11-29,0.0061996478795247,1415.75,1404.5,1877829,-0.0162605208717803,15.25,0.0057860681819548,0.0085444553189879,5.6554470694132455,-0.0091801760966891,1394.1425991310264
2012-11-30,-0.0008833142522917,1414.5,1409.75,1686640,0.0194811355718225,15.55,0.0046915538627491,0.008351195263885,5.98156489685242,-0.0074436196174564,1405.250819955567
2012-12-03,-0.005316333627233,1407.0,1404.5,1652126,0.0532206962049097,16.4,0.0093526446685142,0.0079664588947991,6.154985592196621,-0.0148649593823147,1393.629022386024
2012-12-04,-0.0010666667678025,1405.5,1401.5,1619569,0.0060790460763819,16.5,0.0051479271385168,0.0078342785287273,6.015958836582493,-0.0081692351577163,1395.5527076073529
2012-12-05,0.0019546874282365,1408.25,1396.75,2045099,-0.0245411089161176,16.1,0.0087215330424329,0.0074687509998025,6.218450601826611,-0.0138712538576012,1386.1385469646796
2012-12-06,0.0033673049097044,1413.0,1404.0,1382373,0.0184620628397356,16.4,0.003811268221242,0.0071886612247029,6.124150159745857,-0.006055533747979,1399.7480624643697
2012-12-07,0.0021208915691373,1416.0,1408.5,1772166,-0.0246926125903717,16.0,0.0066687594336006,0.0071386312963491,6.0149701534946765,-0.0105825182757913,1398.125744032469
2012-12-10,0.0029969171835713,1420.25,1410.75,1136090,0.0,16.0,0.0047680960936622,0.0070691419728542,5.678114563417783,-0.0075650615252457,1405.3282898474483
2012-12-11,0.007889933100933,1431.5,1415.0,1772202,0.0307716586667536,16.5,0.0073472166544481,0.0070429888838124,5.452808206057889,-0.0116570943492707,1403.790135239571
2012-12-12,-0.002973329693801,1427.25,1425.75,1833412,0.0386377927054137,17.15,0.0061779830044907,0.0073176983854364,5.316815385158611,-0.0098019881757453,1417.5369983108733
2012-12-13,-0.0065020877522954,1418.0,1415.75,1950507,0.0115943327809198,17.35,0.0070514783757229,0.0072456493033236,5.007193555422363,-0.0111878759799303,1411.371095244167
2012-12-14,-0.0021178970147346,1415.0,1411.5,1043852,-0.0086831225734611,17.2,0.0069364958562286,0.0072543992012932,5.191148198412972,-0.0110054447081574,1402.4798391892634
2012-12-17,0.0122916385115567,1432.5,1415.0,856691,-0.0415490029128724,16.5,0.0082024841838816,0.0069925683298859,5.387957126595968,-0.0130140618586525,1396.704410655615
2012-12-18,0.0059161474106268,1441.0,1425.25,2497775,-0.0214403312378692,16.15,0.0071015296737606,0.0076916000868406,5.287512265313595,-0.0112672873721581,1416.4501994921927
2012-12-19,-0.0055671681713498,1433.0,1428.25,2013922,0.0571584138399487,17.1,0.0081086200832444,0.0074965609984604,6.278029369411711,-0.0129043585110048,1422.5242843990093
2012-12-20,0.0052201266964111,1440.5,1427.25,1647010,0.0231224174208541,17.5,0.0047773730302754,0.0073990395167062,6.582813425133082,-0.0076246333438763,1422.115448506447
2012-12-21,-0.0101169535503418,1426.0,1391.25,2112856,0.041964199099032,18.25,0.0241046888310298,0.0073609804516521,6.299102115614557,-0.0383692458560889,1386.2760201621293
2012-12-24,-0.0043925222166993,1419.75,1417.5,318126,0.021681066061324,18.65,0.002874856553261,0.0076530158297624,6.2584820855119165,-0.0045742418727898,1419.4920269583615
2012-12-26,-0.0044119016238965,1413.5,1410.75,578176,0.0445683194798762,19.5,0.005738751300351,0.0075014796253241,6.505794059490851,-0.0091527571960986,1406.8146602851882
2012-12-27,-0.001947420284396,1410.75,1396.0,1470310,-0.0207261305171164,19.1,0.0112522281019627,0.0074386754502509,6.069198421383574,-0.0178671097158427,1388.4691210349763
2012-12-28,-0.0191436206716346,1384.0,1382.25,1061849,0.1571379860069934,22.35,0.0116153790857906,0.0073353378889291,5.572114365528291,-0.0184289610983001,1384.9894423646117
2012-12-31,0.0256790144176921,1420.0,1383.5,1480199,-0.2332616814797945,17.7,0.0159661594434266,0.0086868355086407,5.320194666089783,-0.0253319094537446,1349.380971611282
2013-01-02,0.0257226555998979,1457.0,1438.25,1939767,-0.1262937253242921,15.6,0.0075493717642637,0.0114567046812861,4.522519173991182,-0.0119778336576564,1403.092933357542
2013-01-03,-0.0024050861962736,1453.5,1450.0,1598235,0.0190481949706948,15.9,0.0049889223842737,0.0144199842597987,4.888526219697517,-0.0079154245301122,1445.5127496678913
2013-01-04,0.0029197101033346,1457.75,1451.25,1514786,-0.0384662808277962,15.3,0.0054726661235953,0.0129798250197391,4.85250660167811,-0.0086829323736064,1440.93399164466
2013-01-07,-0.0013729193850364,1455.75,1450.75,1199834,-0.0366097456125609,14.75,0.0044625176655622,0.0119511201999559,4.832768003831377,-0.0070802307743644,1447.4652457696147
2013-01-08,-0.0024071538445875,1452.25,1446.0,1366996,-0.0068027473227525,14.65,0.0050018524208257,0.0111321216279586,4.800238338249487,-0.007935939326819,1444.2429762379886
2013-01-09,0.0024071538445875,1455.75,1451.25,1193627,0.1128409993670764,16.4,0.0035727753294013,0.01070386546366,4.3568475654829255,-0.0056685655347272,1444.0411139874402
2013-01-10,0.0076982674257521,1467.0,1454.75,1540850,-0.0184620628397356,16.1,0.0060191998769831,0.0101933417469941,4.361287257176804,-0.0095500628568822,1441.9136700665945
2013-01-11,0.0001704012954624,1467.25,1462.25,1150333,-0.006230549750636,16.0,0.00433161542719,0.0099324234372241,4.535805214543924,-0.0068725412757415,1456.9525472619114
2013-01-14,-0.0020467344685526,1464.25,1460.25,1168502,-0.0031298930089276,15.95,0.0051996438933976,0.0094834430756702,4.556322033051135,-0.0082497552881129,1455.195338923893
2013-01-15,0.0006827103866475,1465.25,1456.5,1324056,-0.0094488891979325,15.8,0.0056805551083623,0.0089459797016318,4.711111401191488,-0.0090127690483064,1451.11234517626
2013-01-16,0.0001706047944081,1465.5,1460.0,1232690,-0.0191699161077201,15.5,0.0042987284023405,0.0086659681777299,4.354270434424957,-0.0068203627203011,1455.2904659490175
2013-01-17,0.0069698539698519,1475.75,1460.5,1745053,0.0128206884290613,15.7,0.008476185148769,0.0081192868815548,4.2017642463486,-0.013448315824642,1445.9234241922663
2013-01-18,0.0021998485900009,1479.0,1470.5,1487277,-0.0692203768911858,14.65,0.0048107770269602,0.0081909014050306,4.403540920950538,-0.0076327790963708,1464.528805177379
2013-01-22,0.0070743094425367,1489.5,1475.0,1474784,-0.0418179396833213,14.05,0.0062184882278376,0.0078494186855603,4.5197538254186975,-0.009866253765342,1464.4795596440938
2013-01-23,0.0005033979466997,1490.25,1484.5,1192172,-0.0252265629456758,13.7,0.0032062220255225,0.0079247213894965,4.751406577532423,-0.0050869920425714,1481.9421649740495
2013-01-24,0.0010060363021553,1491.75,1482.75,1828454,0.0180836754332953,13.95,0.0061679401891874,0.0077761502399306,4.530740057390651,-0.009786054244431,1475.7374587384295
2013-01-25,0.0026778258679494,1495.75,1486.75,1591858,0.0106952891167479,14.1,0.0048927635348269,0.0076003232660041,4.49447439575581,-0.0077628588942751,1480.214587064759
2013-01-28,0.0008353521494877,1497.0,1491.25,1206900,0.0348467313301683,14.6,0.0041041575010399,0.007447180359753,4.576563703956194,-0.0065116565175637,1486.0418321944564
2013-01-29,0.0053297927633471,1505.0,1491.0,1500028,-0.0383991329345358,14.05,0.0057413667020724,0.0072347446656909,4.640668456523738,-0.0091092527262416,1483.4253699036465
2013-01-30,-0.0064994812583094,1495.25,1493.5,1798387,0.0753781361756233,15.15,0.0042913715186426,0.0072712967595282,4.873142280276294,-0.0068086902882201,1494.7877266712533
2013-01-31,-0.0013384643122513,1493.25,1491.25,1639166,-0.016639319003965,14.9,0.0041158892107838,0.0075311045050424,4.742181004403875,-0.0065302700488906,1485.5174264627744
2013-02-01,0.0090000607507381,1506.75,1495.75,1779718,-0.0411016756855517,14.3,0.0053237978394011,0.0072974125816861,4.813768152947535,-0.0084467379456914,1480.6900286326363
2013-02-04,-0.008832654706989,1493.5,1490.25,1765571,0.0675932911325283,15.3,0.0061657020518308,0.0079122163188837,4.564138894288154,-0.0097825032155776,1492.082074766113
2013-02-05,0.0083347707036747,1506.0,1492.25,1741970,-0.060624621816435,14.4,0.0068290885018449,0.0082082089724353,4.817785245368573,-0.0108350321937669,1477.405230548588
2013-02-06,0.0004978840033142,1506.75,1499.0,1753717,0.0638872674512511,15.35,0.0052830008545561,0.0083768142873415,4.928500750902511,-0.0083820094472856,1493.429450602762
2013-02-07,-0.000996016018596,1505.25,1494.5,1960681,0.0,15.35,0.0077200341970445,0.0081928793802391,4.950113769033155,-0.0122486066829213,1488.406979433201
2013-02-08,0.0048049135604397,1512.5,1503.75,1428025,-0.0197374828383209,15.05,0.0042698074820575,0.008064754516331,5.040189780376319,-0.0067744767865846,1495.0871815730295
2013-02-11,0.0003305238833588,1513.0,1509.75,1229917,-0.0066666913581894,14.95,0.0033812536520978,0.008021221950799,5.052529344082304,-0.0053646972309518,1504.407621426843
2013-02-12,0.0021457464699041,1516.25,1508.5,1258561,-0.0100841190666263,14.8,0.0046570810090816,0.0079434466799528,5.008003116862353,-0.0073889249859257,1501.861756992766
2013-02-13,0.0006593044577041,1517.25,1513.0,1269215,-0.0033840979842403,14.75,0.0041924759212768,0.0078221292473563,5.101171550173132,-0.0066517825279838,1506.197704647877
2013-02-14,0.0008235197698391,1518.5,1510.0,1369303,-0.0136520891683273,14.55,0.0049308141946241,0.007714761068852,5.123500541487758,-0.0078232300732084,1505.426513401992
2013-02-15,-0.0009883051372714,1517.0,1511.25,1732853,-0.0034423441909727,14.5,0.0048431887756571,0.0070835188196795,4.41074338057891,-0.0076842035786414,1506.8762536779168
2013-02-19,0.0072249903779342,1528.0,1515.25,1498369,-0.0422598092898827,13.9,0.0040973642486279,0.0069707511463948,4.352938525432279,-0.006500878342912,1507.1701534905271
2013-02-20,-0.0138387710999703,1507.0,1506.5,2018732,0.1024786692829375,15.4,0.0063619914339657,0.0075210871951506,5.182296191228636,-0.0100939359601014,1512.6540466845404
2013-02-21,-0.0039893669930339,1501.0,1495.0,2510874,0.0064725145056172,15.5,0.0063575313630645,0.0076616798661454,5.254594503057708,-0.0100868596113637,1491.8755101050265
2013-02-22,0.0089537988338301,1514.5,1502.0,1763806,-0.0428401586764923,14.85,0.0034139875913646,0.0075979114611284,5.276792533695454,-0.0054166329007982,1492.8916139162534
2013-02-25,-0.0181565743992768,1487.25,1481.75,3093507,0.1727359181305972,17.65,0.0163621189061417,0.0076090203376348,5.447181436675282,-0.0259601387591322,1475.6893148473164
2013-02-26,0.0035237891987423,1492.5,1482.75,2933833,-0.03458557964978,17.05,0.0064899790550993,0.0078246995718673,5.408066150003832,-0.0102970011268527,1472.014360390293
2013-02-27,0.015457799685083,1515.75,1490.0,2458935,-0.101782694309942,15.4,0.0101276637708629,0.0077409586040876,5.477945425720276,-0.0160685518975632,1468.7093389192837
2013-02-28,-0.0016507101800442,1513.25,1508.75,2199825,0.0475525402490819,16.15,0.0072393934823259,0.007911698097367,5.487579152182023,-0.0114860220984334,1498.4396657555424
2013-03-01,0.0021453923568399,1516.5,1499.5,2545008,0.0153612851614872,16.4,0.0089874957503627,0.0078471136197188,5.404668730503119,-0.014259561253338,1491.8248386728962
2013-03-04,0.0060810442959677,1525.75,1507.0,1980880,-0.0892311337279427,15.0,0.0084294559234948,0.0077569604131467,5.42635670059711,-0.013374175233244,1496.3530877295514
2013-03-05,0.0073463721139921,1537.0,1524.5,2368997,-0.0304592074847085,14.55,0.0073150885100658,0.0077153167816253,5.54078025367371,-0.0116061198336213,1508.1443270649652
2013-03-06,0.0013003903002832,1539.0,1537.0,2091010,0.010256500167189,14.7,0.003556478693397,0.0077890330537183,5.432871944122618,-0.0056427092911436,1528.3515790294468
2013-03-07,0.0024336833622964,1542.75,1537.5,1673556,-0.0346055291774756,14.2,0.0034645691329306,0.0077289390157892,5.330703547909793,-0.0054968855774374,1530.5635015725063
2013-03-08,0.0043657600266273,1549.5,1540.25,1136905,-0.0285733724440557,13.8,0.0054150686174297,0.0076968157424761,5.190364104792694,-0.0085915481671466,1529.5521651647307
2013-03-11,0.0041861275105334,1556.0,1545.5,755669,-0.0597192347016224,13.0,0.004049418681243,0.0076333298292288,5.240136359195853,-0.0064248079030541,1539.576672026911
2013-03-12,-0.0059624703272387,1546.75,1541.75,2086724,0.0190481949706944,13.25,0.0040297337254474,0.0075471342708554,5.357145329263,-0.0063935757511029,1546.0833313981882
2013-03-13,0.0020989755021947,1550.0,1542.25,1653624,0.1038499413524594,14.7,0.0040141345528651,0.0075885779065463,5.231009530804166,-0.0063688261030233,1536.9303213301505
2013-03-14,0.003863494825044,1556.0,1549.0,1528894,-0.0068259650703996,14.6,0.0031137677543516,0.0074911305616198,5.302981261525343,-0.0049403040908313,1542.3614126673272
2013-03-15,-0.0016079759052347,1553.5,1549.0,1699828,0.0068259650703996,14.7,0.0044187889460679,0.0074711338703752,5.294308742675837,-0.0070108507856023,1545.1292672467453
2013-03-18,-0.0043544944220039,1546.75,1529.5,2193099,0.046520015634893,15.4,0.0104959165578001,0.0073750316524775,5.356104622537348,-0.0166528217896331,1527.8440561785387
2013-03-19,-0.0029135663213502,1542.25,1531.75,2546167,0.0,15.4,0.0087158763426972,0.0073193921634272,5.413856989541597,-0.0138286098861515,1525.507811141721
2013-03-20,0.0043671723271208,1549.0,1536.5,1802214,-0.0602188599930548,14.5,0.0078808407496567,0.0072409552688688,5.472528229239265,-0.012503742368167,1523.0861628518514
2013-03-21,-0.0064767065779891,1539.0,1536.5,1904151,0.0305626504101668,14.95,0.0049751109090095,0.0071783504599637,5.572775097342938,-0.0078935112426961,1536.821081536423
2013-03-22,0.008411566904285,1552.0,1535.0,1579747,-0.0100841190666263,14.8,0.0067958445497559,0.0071728937536565,5.610129894247277,-0.0107822873375486,1522.4951994391247
2013-03-25,-0.0032268501700984,1547.0,1539.0,2254735,-0.0170361871525677,14.55,0.0097358152297215,0.0071884985292609,5.742007813541895,-0.0154468449805711,1528.210704389465
2013-03-26,0.0066038735611888,1557.25,1546.75,1594034,-0.0243490290102865,14.2,0.004109157027911,0.0071811698336152,5.569497239024922,-0.0065195887671732,1536.9470024905638
2013-03-27,-0.0003211303816934,1556.75,1545.75,1569031,0.0139862419747398,14.4,0.0066887003257877,0.0071774215386619,5.610231806410414,-0.0106122923058897,1540.811387762846
2013-03-28,0.00384677505936,1562.75,1549.75,1627305,-0.0139862419747398,14.2,0.0062569442327136,0.0070948695954404,5.608929284483172,-0.0099272680647998,1541.3721815938684
2013-04-01,-0.0043286640735846,1556.0,1552.5,1135817,0.0139862419747398,14.4,0.00493675329438,0.0070265229880059,5.707907249829562,-0.0078326530492088,1550.5573342430594
2013-04-02,0.0054478583706005,1564.5,1554.25,1609532,-0.0425596144187956,13.8,0.0052905640031841,0.0069732102771519,5.779011744081064,-0.008394009139316,1542.9935861262625
2013-04-03,-0.01027956369568,1548.5,1544.0,2269317,0.0597717432999171,14.65,0.0082295401189915,0.0069536363189811,5.789456986246734,-0.0130569888067904,1544.2051243241413
2013-04-04,0.0038672300855511,1554.5,1546.0,2004726,-0.0276834287484168,14.25,0.0046566518851481,0.007003759049025,5.948255508970103,-0.0073882441378691,1537.1014633883003
2013-04-05,-0.0054830003514414,1546.0,1533.25,2269710,0.0069930354909706,14.35,0.0094434569812558,0.0069869314439937,5.810642713888295,-0.0149829893674269,1531.3825596774518
2013-04-08,0.0085339862588647,1559.25,1543.0,1444510,-0.0500104205746612,13.65,0.0071115261264045,0.0069459492056035,5.937926452099361,-0.0112831477444744,1528.654294687185
2013-04-09,0.0025620510411759,1563.25,1555.5,1632380,-0.0036697288889624,13.6,0.0060289024118666,0.0069566475387884,6.1310266695399385,-0.0095797467522467,1544.3840993470278
2013-04-10,0.0123968529768285,1582.75,1561.0,2034329,0.0640788566845222,14.5,0.0074358898662855,0.0069251943611195,5.965688866929005,-0.0117977832720637,1544.9154813000716
2013-04-11,0.0031540792588478,1587.75,1580.75,1723235,0.0,14.5,0.0051981730131324,0.0070701955104385,5.841749696595697,-0.0082474215894031,1569.7500750978054
2013-04-12,-0.003628050355485,1582.0,1575.0,1809731,-0.0244340253372818,14.15,0.0061187927536421,0.007011344718952,5.8533591019883495,-0.0097080769204835,1572.410579480692
2013-04-15,-0.0246373043853846,1543.5,1538.75,2854380,0.1626955923372057,16.65,0.012821997675974,0.0070138283578152,5.688344125863724,-0.0203433822200506,1550.141918597761
2013-04-16,0.0162265589378796,1568.75,1542.25,2252603,-0.1211671336406237,14.75,0.0075923888655301,0.0073713084981184,5.113608599075112,-0.0120460845928989,1525.0184073304906
2013-04-17,-0.0146081737327268,1546.0,1538.0,2968750,0.1090823944255521,16.45,0.0109293902627016,0.0075226524460553,5.149663901646398,-0.0173405711937432,1541.7814794872586
2013-04-18,-0.0077922472201654,1534.0,1530.75,2316865,0.0445839066080262,17.2,0.0095312448459324,0.0077346990231821,4.996143380428396,-0.0151222735983659,1522.7968493919748
2013-04-19,0.0087620226315499,1547.5,1535.25,1879483,-0.0754505545885537,15.95,0.0057052485988095,0.0077314441449298,5.091888882035303,-0.0090519477416121,1520.1769692260154
2013-04-22,0.0054777001795853,1556.0,1542.75,1594693,-0.0416060008324636,15.3,0.0077544714674423,0.0077561760532704,5.191215952012504,-0.0123032448580343,1528.5773721364908
2013-04-23,0.011184011766125,1573.5,1548.75,2108112,-0.0502618347808883,14.55,0.011033796229993,0.0077059813134135,5.310536515819775,-0.0175062217072074,1528.99736569133
2013-04-24,0.0003177124728868,1574.0,1570.75,1421896,0.0068493418455748,14.65,0.0036989280129287,0.0078279585555281,5.279856574820776,-0.0058687193893712,1564.29261424908
2013-04-25,0.0049116790496448,1581.75,1570.75,1595167,0.0101868453069928,14.8,0.0070350247155797,0.0077475125212682,5.25668309269786,-0.0111617706018395,1556.5290577819032
2013-04-26,-0.0033246290418782,1576.5,1572.5,1335027,0.0,14.8,0.0040272927644043,0.007760525794005,5.11675100899641,-0.0063897029221772,1571.675308822364
2013-04-29,0.0074255811615273,1588.25,1573.75,1234877,-0.0033840979842403,14.75,0.006787574332437,0.0077102001877047,5.076912292386337,-0.0107691658102942,1559.6135000595534
2013-04-30,0.0025153291048329,1592.25,1581.25,1555013,-0.0205486682273878,14.45,0.0056010482027156,0.0076970842671958,5.233618410021634,-0.0088866233874212,1574.198348745148
2013-05-01,-0.0094652860005561,1577.25,1576.0,1467806,0.0473061173969373,15.15,0.0058114677366534,0.0076118244902761,5.277123235069291,-0.0092204750315751,1577.63617536888
2013-05-02,0.0094652860005561,1592.25,1578.75,1652820,-0.0404095383378768,14.55,0.0046652354753688,0.007669055192269,5.374150765282192,-0.0074018628625868,1565.618512243649
2013-05-03,0.0101539574276054,1608.5,1589.5,1936845,-0.020834086902842,14.25,0.0089184020811421,0.0076996412645157,5.552548333556322,-0.0141499372339409,1569.8784139782897
2013-05-06,0.0031036648129356,1613.5,1607.25,963963,-0.0248680665780134,13.9,0.0028675752115885,0.0077740608317285,5.559501977004411,-0.0045496949889016,1601.198438145065
2013-05-07,0.0043290110895854,1620.5,1609.25,1507222,-0.0036036075032983,13.85,0.0045248013438459,0.0077752311878899,5.370384543356058,-0.0071790500617653,1601.9580822991345
2013-05-08,0.0050781058574527,1628.75,1617.0,1593279,0.0107720969819107,14.0,0.0045038321058316,0.0077144833499791,5.475003247797423,-0.0071457802675751,1608.9615378322394
2013-05-09,-0.0026127733298997,1624.5,1620.0,1825700,0.0141846349919565,14.2,0.0051304438307591,0.0076829710780477,5.514216064994237,-0.0081399624649132,1615.5458496869608
2013-05-10,0.0030731431684607,1629.5,1620.25,1641619,-0.0249567319738672,13.85,0.0044809599797747,0.007625216720648,5.503543530055855,-0.0071094913511114,1612.9915892476906
2013-05-13,0.0007668123985897,1630.75,1621.5,1328925,-0.0145457110023787,13.65,0.0046956742437282,0.0075649899501416,5.523785519886649,-0.0074501570141451,1617.405079617246
2013-05-14,0.0105223997932117,1648.0,1626.5,2018666,-0.0073529743052587,13.55,0.0070378872628677,0.0074903575467487,5.494751672740136,-0.0111663123195245,1612.6418251065352
2013-05-15,0.0037853024227514,1654.25,1642.75,2123306,0.1116139846296682,15.15,0.0068219363279957,0.0076133182336337,5.413335761723951,-0.0108236845543432,1630.258753881985
2013-05-16,-0.0037853024227514,1648.0,1646.0,1920088,0.0131149420778275,15.35,0.0047250903855454,0.0075599309282408,5.46164437938393,-0.007496828666375,1641.894741672306
2013-05-17,0.0090607687235104,1663.0,1648.25,1923927,-0.0164207302123271,15.1,0.0054869145629152,0.0075070348097784,5.509728157322487,-0.0087055389482175,1633.7155389930483
2013-05-20,0.0009015778221517,1664.5,1659.75,1749840,0.0,15.1,0.0046107318364532,0.0076008236352438,5.410079677379756,-0.0073153873860765,1650.878900102501
2013-05-21,0.0006006006186547,1665.5,1660.0,1694697,0.0196727655987047,15.4,0.0055718443906205,0.0075555488656677,5.29969979825759,-0.00884028861754,1649.8501892812042
2013-05-22,-0.0060223006464337,1655.5,1646.5,2970647,-0.0065146810211937,15.3,0.0162107999220224,0.0075257113787784,5.133078658801305,-0.0257200560505808,1623.2094358051631
2013-05-23,-0.0033277900926744,1650.0,1632.75,2681434,0.012987195526811,15.5,0.0109199334837145,0.0074914416991819,5.285650189581426,-0.0173255670676806,1627.0645650348968
2013-05-24,0.0003029843986217,1650.5,1634.5,1950868,0.0,15.5,0.0089157580770549,0.0074124595027353,5.393122959925052,-0.0141457422569102,1626.8238337782282
2013-05-28,0.0024205760684186,1654.5,1644.25,2091551,-0.0195445960729703,15.2,0.0120328811702856,0.0073208742342543,5.375317296390714,-0.0190913699285922,1619.288576340669
2013-05-29,-0.004543397184026,1647.0,1638.0,2129262,0.013072081567353,15.4,0.0075710630277345,0.0072358557642969,5.3561640684975815,-0.0120122490174758,1634.7446247919488
2013-05-30,0.0039388022442068,1653.5,1641.0,1773923,0.0,15.4,0.0080380347004726,0.0072259946678621,5.202887668166847,-0.0127531462992035,1626.128936783001
2013-05-31,-0.0149279238198021,1629.0,1626.25,2559471,0.0413413401564413,16.05,0.009954477496976,0.0072389221807165,5.099111597627078,-0.0157937745458601,1627.5901396196496
2013-06-03,0.0044407086220648,1636.25,1620.75,2530617,-0.0031201273362437,16.0,0.0074892275161938,0.0074733898940018,5.198366830398101,-0.0118824087903507,1609.7581025254196
2013-06-04,-0.003060446153106,1631.25,1621.5,2173999,0.006230549750636,16.1,0.0103561036720917,0.0074203279934121,5.332748733335698,-0.0164309946574551,1609.5844556225818
2013-06-05,-0.014355421332092,1608.0,1605.5,2648546,0.0573309317391084,17.05,0.0083631710059679,0.0073298092801085,5.434390734053324,-0.0132690075794392,1609.747902615065
2013-06-06,0.009131070174666,1622.75,1596.5,2796168,-0.0297641019064536,16.55,0.010882394359204,0.0075533102895378,5.343295358288121,-0.0172660074906613,1580.4745708961395
2013-06-07,0.0096589482252911,1638.5,1618.0,2382985,-0.046376161790151,15.8,0.0093538019337064,0.0076003597335078,5.442616854383037,-0.0148407426640391,1598.8450075127848
2013-06-10,0.002133821873504,1642.0,1634.5,1820611,-0.0127390257774298,15.6,0.0056587876349208,0.0076089166785549,5.66363534104363,-0.0089782327737433,1623.855007054018
2013-06-11,-0.0091771827933353,1627.0,1621.5,2590976,0.0800427076735363,16.9,0.0070891804736028,0.0075977183370242,5.5029040503550695,-0.0112476941305065,1623.634763137197
2013-06-12,-0.0105036492405288,1610.0,1609.5,2600131,0.0931561671244165,18.55,0.0105634033296931,0.0076591488799239,5.418600142232962,-0.0167598963056416,1599.9588848251149
2013-06-13,0.0164783893426916,1636.75,1597.5,2359119,-0.0469051494736607,17.7,0.0154171961150041,0.007718478107603,5.362207779980179,-0.0244609242065848,1571.095669769012
2013-06-14,-0.0076663975605599,1624.25,1623.25,1040616,0.033336420267592,18.3,0.0055702076964775,0.0078281564887797,5.24591517617011,-0.0088376918385225,1622.34863901302
2013-06-17,0.009497620413204,1639.75,1624.0,893732,-0.0277026025493358,17.8,0.0079396590630925,0.0078715969687091,5.112137705471687,-0.0125970635075092,1603.9175530329755
2013-06-18,0.0033485571623836,1645.25,1632.25,1770819,-0.0084626739187338,17.65,0.0058946445071322,0.0081598715044975,4.784606459148409,-0.0093524433002053,1624.4858210432835
2013-06-19,-0.013154059351419,1623.75,1620.25,2369632,-0.0056818334674306,17.55,0.0089385581455405,0.0078514269236233,5.185115027826831,-0.0141819168468273,1622.0818738366845
2013-06-20,-0.024784995610438,1584.0,1577.0,3637001,0.1130233884033953,19.65,0.0144958357170638,0.0082119736472979,4.809889407082986,-0.0229990937483841,1586.831396094724
2013-06-21,0.0,1584.0,1570.5,2982380,-0.03363835914883,19.0,0.0119421785336196,0.0085230057187804,4.53374553850962,-0.0189474611202542,1554.269767239884
2013-06-24,-0.0112690661640932,1566.25,1553.25,2848089,0.0587653092262514,20.15,0.0131642112722291,0.0084847902938005,4.5734820104885054,-0.0208863383307477,1551.259148562333
2013-06-25,0.0096895365354257,1581.5,1558.25,2020973,-0.0353572183282362,19.45,0.0118651996565982,0.0085747319880542,4.557807240551823,-0.0188253264297253,1537.0406330409778
2013-06-26,0.0088134029725948,1595.5,1573.0,1731510,-0.0313341561704354,18.85,0.0110809645977766,0.0087233298925529,4.425801615503959,-0.0175810590421352,1553.9385448290648
2013-06-27,0.0068707328376147,1606.5,1594.75,1601032,-0.0350913198112703,18.2,0.0077160759607085,0.0087835365602411,4.398632647302181,-0.0122423265449324,1576.0864440093846
2013-06-28,-0.0045231302256665,1599.25,1594.25,2143749,-0.0082759093038595,18.05,0.0085022147248355,0.0088356516263084,4.337376718904507,-0.013489614351465,1584.9744466664988
2013-07-01,0.004678735921149,1606.75,1593.25,1551011,-0.0224099013995844,17.65,0.01172402104429,0.0087312306858599,4.456884308703919,-0.0186013324356488,1569.7767894257126
2013-07-02,0.0003111387704004,1607.25,1600.25,1670998,-0.0028368813351993,17.6,0.0080162073300469,0.0086772202750483,4.603845619502402,-0.012718514992082,1586.4439312823038
2013-07-03,0.0010882239705871,1609.0,1594.0,1031771,-0.0200867585667374,17.25,0.0083429250611875,0.0085542223105839,4.725916931781772,-0.0132368853623336,1586.115204030864
2013-07-05,0.011278605460113,1627.25,1608.25,1721212,-0.0783533142465153,15.95,0.006882874623181,0.0085651318276152,4.594496673844854,-0.0109203692568461,1591.524717799755
2013-07-08,0.0050570945259416,1635.5,1626.0,1317337,-0.0383433551976475,15.35,0.0052034239661421,0.0086185068834387,4.642337424710996,-0.0082557527517379,1613.8711286507769
2013-07-09,0.0060957214049564,1645.5,1635.75,1281034,-0.0164207302123271,15.1,0.0046434934185095,0.0086410100241317,4.569653449629439,-0.0073673669139744,1623.4949485226173
2013-07-10,0.0018214941283911,1648.5,1641.25,1460004,0.0795331535223837,16.35,0.0074783147320907,0.0085518847414209,4.733665986396116,-0.0118650945664907,1626.091357277446
2013-07-11,0.0129578428990146,1670.0,1657.5,1457417,-0.0185190477672376,16.05,0.0041692641794749,0.0086142027558959,4.525313207781377,-0.0066149547771604,1637.631234877321
2013-07-12,0.0001496893947861,1670.25,1666.25,1144481,0.0093023926623132,16.2,0.0033547199420669,0.0086294486608935,4.678824326979512,-0.005322598845153,1661.134873613447
2013-07-15,0.0043312740402505,1677.5,1669.75,911484,-0.0281708769666959,15.75,0.0030319431080463,0.0085842927452277,4.649964921466693,-0.0048104811024893,1662.234588388476
2013-07-16,-0.003732740429684,1671.25,1666.5,1171424,0.0281708769666959,16.2,0.0049365690738234,0.0086682488339307,4.489355072808968,-0.0078323607648636,1664.4125345973066
2013-07-17,0.0025397787612124,1675.5,1665.75,1413187,-0.0377403279828469,15.6,0.0060762339948059,0.0085795469851433,4.5802592594177005,-0.0096405531913662,1655.215639716812
2013-07-18,0.0029797399877944,1680.5,1671.75,1355890,-0.0096619109117366,15.45,0.0069114686386878,0.0086152575072444,4.441664855207499,-0.0109657365234265,1657.2272784833938
2013-07-19,0.0053412589891843,1689.5,1675.25,1145886,-0.0362477903923412,14.9,0.0053643776707976,0.008612853398175,4.377611469971308,-0.0085111219084237,1666.2577543520056
2013-07-22,0.0004438198164429,1690.25,1685.5,900143,-0.0135137191667227,14.7,0.0036601803990048,0.0085388780739604,4.473425801836044,-0.0058072424229819,1679.7170972635224
2013-07-23,-0.0011839575158356,1688.25,1686.0,979783,-0.0034071583216142,14.65,0.003885918656189,0.0086179167505836,4.27105779726633,-0.0061653987542836,1679.8609938473785
2013-07-24,-0.0026690407303782,1683.75,1677.25,1508386,0.0101868453069928,14.8,0.007244628299442,0.0087285801502097,4.0680214532758585,-0.0114943276595585,1668.9558006811726
2013-07-25,0.0001484670776985,1684.0,1671.75,1425052,-0.0204785313435404,14.5,0.0062115042602735,0.0088703652027379,3.8815161240010654,-0.0098551730020196,1667.2378511438665
2013-07-26,0.0014834596994326,1686.5,1670.5,1400373,-0.0034542348680877,14.45,0.0077829216100318,0.0087774985009669,3.907601484364367,-0.0123483838558363,1663.333185078745
2013-07-29,-0.0023745929828216,1682.5,1676.5,1100568,0.0137459209046353,14.65,0.0046030424695816,0.0089544761866605,3.719099011804488,-0.0073031874361738,1674.2280411420445
2013-07-30,0.0013364023074435,1684.75,1677.25,1318504,-0.0241807981972148,14.3,0.0046360364497712,0.0089944301407011,3.5490318412638566,-0.0073555356869629,1670.169714726364
2013-07-31,-0.0025258166611665,1680.5,1680.25,1981532,-0.0283706971292154,13.9,0.0056159719965041,0.0087548995910292,3.657692872507072,-0.0089103014794694,1669.8050504629384
2013-08-01,0.0116839308905882,1700.25,1684.5,1517822,-0.0218190473946395,13.6,0.0059356229698174,0.0086898779696868,3.63558455407956,-0.0094174597313623,1664.7482460920185
2013-08-02,0.0022031293335125,1704.0,1695.75,1216474,-0.033648034118233,13.15,0.0037932695717723,0.0087158406595338,3.7731953561481952,-0.006018401711837,1690.0479433213134
2013-08-05,-0.0008806693655936,1702.5,1698.75,856742,-0.007633624855071,13.05,0.0025951920097203,0.0087431335538227,3.632049528944604,-0.0041175317857911,1696.998150897614
2013-08-06,-0.0050051628116678,1694.0,1688.75,1273487,0.0264665731881632,13.4,0.0055468664080573,0.0090289457134021,3.310685556801468,-0.0088006585490274,1687.5826165007245
2013-08-07,-0.0034001067570477,1688.25,1680.5,1384518,0.0111318403688445,13.55,0.0051917402739287,0.0086974983201049,3.548374981161433,-0.0082372154050276,1680.1034700344344
2013-08-08,0.0032525161730596,1693.75,1684.5,1522504,-0.022388994893479,13.25,0.0048942213282144,0.0087703944901717,3.4394331440085253,-0.0077651718293441,1675.1912161274663
2013-08-09,-0.0044378771060458,1686.25,1682.5,1662642,0.022388994893479,13.55,0.0050000454581673,0.0085225447968777,3.620125557241093,-0.0079330723997655,1680.3665148902753
2013-08-12,0.0004446750240028,1687.0,1675.25,1251215,-0.0148701624794518,13.35,0.0055216906209186,0.0083514132789842,3.7856213165161448,-0.0087607146437642,1671.5417663224732
2013-08-13,0.0022204139090806,1690.75,1679.25,1604935,-0.0189041546391526,13.1,0.0063119914794049,0.0082357505341356,3.877906381943127,-0.010014606029437,1670.1896745171384
2013-08-14,-0.0051886559221552,1682.0,1681.0,1504592,0.1453883017482726,15.15,0.0037558875345929,0.0081194610682606,4.006090428345075,-0.0059590913695859,1680.7046266422735
2013-08-15,-0.0157294831678047,1655.75,1654.25,2399533,0.0388398333162638,15.75,0.0073030502794114,0.0080134766458556,4.185668924754027,-0.0115870199762009,1662.6231094023087
2013-08-16,-0.0028729134449605,1651.0,1649.5,1739935,-0.009569451016151,15.6,0.0051486863776547,0.0080280911563984,4.31509945727053,-0.0081689060908241,1642.2794285653094
2013-08-19,-0.0036407807206559,1645.0,1642.25,1468577,0.0221879149753623,15.95,0.0059037819477919,0.0080839061178369,4.157918713610942,-0.0093669407640602,1635.607384203692
2013-08-20,0.0033378880937755,1650.5,1641.0,1582327,-0.0189879122446914,15.65,0.0063293349221402,0.0080077254104648,4.279176352862224,-0.0100421231366377,1628.5633748749703
2013-08-21,-0.0085184573520127,1636.5,1634.0,2121839,0.0283483550042551,16.1,0.0070398084699786,0.007931959001771,4.413237146511141,-0.0111693605068327,1632.167541987562
2013-08-22,0.0110901250577972,1654.75,1631.5,1556777,-0.0412102686466626,15.45,0.008467051941981,0.0078734960041754,4.632454174215979,-0.0134338250782483,1614.6625538868054
2013-08-23,0.0040708687956163,1661.5,1650.5,1307807,-0.016313575491524,15.2,0.004720607874152,0.0078367671097932,4.886356410374685,-0.007489716713551,1642.4026879224352
2013-08-26,-0.0043730749024799,1654.25,1653.25,1213990,0.0418740724710589,15.85,0.0055577436149433,0.0078830465855244,4.695932835164775,-0.0088179163260727,1646.9134380809828
2013-08-27,-0.0158419154656579,1628.25,1626.25,2249547,0.0817398834961178,17.2,0.0077513711497014,0.0071597133715609,5.75243428603926,-0.0122983258937356,1634.030084796198
2013-08-28,0.0024536126402319,1632.25,1624.75,1652221,0.0086831225734611,17.35,0.0060946545888776,0.0079318351551745,4.735153368583776,-0.0096697793069366,1612.5810615249973
2013-08-29,0.0027531372544578,1636.75,1627.75,1743635,0.0,17.35,0.0069511672946342,0.008239101433197,5.963224804380251,-0.0110287224131411,1614.3472714159068
2013-08-30,-0.0033659762501967,1631.25,1625.5,1932571,0.0086083745366001,17.5,0.0079008773570873,0.007353998570307,6.073428668891759,-0.0125461927018927,1616.343299969673
2013-09-03,0.0047397076728259,1639.0,1630.75,2318259,-0.0378502241310978,16.85,0.0082845399499323,0.0069499673090941,5.875635700268568,-0.0131442515415952,1609.9487409129576
2013-09-04,0.0088079536780174,1653.5,1635.0,1638385,-0.0089419373756611,16.7,0.0064415104258791,0.0068984164514151,5.876423987307782,-0.0102201007970582,1622.3345610855326
2013-09-05,-0.0003024346008233,1653.0,1650.5,1254398,-0.0181273845925566,16.4,0.00324654194676,0.0077856440416752,5.083641723988595,-0.0051509636318311,1645.004779703389
2013-09-06,0.0003024346008233,1653.5,1638.75,2582191,0.0060790460763819,16.5,0.0107973526701663,0.0076014813276489,5.3484673348548615,-0.0171310803421427,1624.9235012126376
2013-09-09,0.0093303912399873,1669.0,1652.0,1483598,-0.0433504408736138,15.8,0.0054889467813788,0.00634939009202,6.75328553408032,-0.0087727016696738,1639.0577790600837
2013-09-10,0.0080561378570482,1682.5,1669.0,1849907,-0.0420094080775426,15.15,0.004239015229253,0.0074914526647269,6.987484708666837,-0.0067869554837763,1657.71092385999
2013-09-11,0.0037078277555258,1688.75,1677.75,1843965,0.0388398333162638,15.75,0.0047867544614084,0.0077152270622793,6.923812297874093,-0.0076603980448115,1669.6606204549082
2013-09-12,-0.0022230464879466,1685.0,1681.25,1354307,0.0031695747612787,15.8,0.0032267504305299,0.0070513513406206,7.03844327372062,-0.0051681026050342,1680.0448805765504
2013-09-13,0.00207499703916,1688.5,1680.5,762611,0.0,15.8,0.0039611220892727,0.0065650552736724,6.914823197891756,-0.0063386930040063,1674.3530817100343
2013-09-16,0.0056105270456701,1698.0,1694.75,1005353,-0.0159493014076779,15.55,0.0065385227484756,0.0063143777707918,6.460440671122363,-0.0104240097235372,1670.9904778448124
2013-09-17,0.0001472212001187,1698.25,1687.75,1448771,-0.0064516352814885,15.45,0.0036844000101121,0.0066644437329373,6.437186513938903,-0.0058725718671145,1688.057595286455
2013-09-18,0.0114169858397739,1717.75,1693.25,2330607,-0.049761509559064,14.7,0.0104366152675829,0.0062959285181097,6.335684425496558,-0.0166187802790327,1670.260377273426
2013-09-19,-0.0001455498146807,1717.5,1713.25,1860579,0.0033955890011383,14.75,0.005538190985784,0.0081416276653688,6.388983892313671,-0.008823316059205,1702.6604168148065
2013-09-20,-0.008771986072837,1702.5,1701.25,1767531,0.0154728953032443,14.98,0.0053086047884224,0.00752665785577,5.235436531849972,-0.0084226326501704,1703.0948781073907
2013-09-23,-0.0057433336579126,1692.75,1689.5,1671968,0.0243994959441327,15.35,0.005556332863039,0.0075109206980028,5.438809362232343,-0.0088156780270235,1687.5572700810949
2013-09-24,-0.0001476995793243,1692.5,1687.5,1501832,-0.0197374828383209,15.05,0.0056276142810642,0.0074516839188325,5.620178719922828,-0.0089287731287947,1677.703094454411
2013-09-25,-0.0039961571717386,1685.75,1684.5,1639285,0.0,15.05,0.0036858424036743,0.0073531275185991,5.7375296260638,-0.0058479577610062,1682.631215731151
2013-09-26,0.0039961571717386,1692.5,1685.75,1466733,-0.0167508104248157,14.8,0.0043876601151766,0.0073685124488055,5.566779311350089,-0.006961461780793,1674.0554685481798
2013-09-27,-0.0035513502847255,1686.5,1680.0,1432245,0.0462128431551316,15.5,0.0057897188503045,0.0073561002256583,5.491919065324882,-0.0091859682472941,1677.0239388694697
2013-09-30,-0.0072900717115453,1674.25,1666.75,2151896,0.0441712183131373,16.2,0.0060133248621677,0.0073732434244721,5.322041871962091,-0.009540741558052,1670.4860532990183
2013-10-01,0.0090673233641851,1689.5,1675.25,1762715,-0.0474022388945836,15.45,0.0058726609957717,0.0073737572711401,5.39566843106281,-0.009317564259868,1658.7225195237631
2013-10-02,-0.0038547119635383,1683.0,1673.25,1702460,0.056618893999508,16.35,0.0071167609824967,0.0073743883028845,5.578201450648381,-0.011291453367439,1670.530388325349
2013-10-03,-0.0079040005850608,1669.75,1663.25,2263290,0.0535842461341062,17.25,0.0076385085786381,0.0073047926989486,5.693704980218068,-0.0121192581322603,1662.7263872786873
2013-10-04,0.0089432702205813,1684.75,1667.5,1512965,-0.0264332570681555,16.8,0.0047223712876456,0.0072922231324727,5.87144545012523,-0.0074925145454973,1657.2861250277128
2013-10-07,-0.010141772236702,1667.75,1666.5,1599803,0.0963918456750656,18.5,0.0043590272912452,0.0073556775178421,5.827368822848976,-0.0069160329407638,1673.1384128459508
2013-10-08,-0.0103971402963765,1650.5,1646.0,2352160,0.0475023339850033,19.4,0.0089412503890858,0.0073702831818762,6.056854904090468,-0.0141955718717075,1644.2425803985595
2013-10-09,-0.0010608472617237,1648.75,1640.0,2485975,-0.0367495422087413,18.7,0.0078201477024418,0.0074114602223561,6.194227388598576,-0.0124344615209456,1630.1039907505954
2013-10-10,0.0217481387549378,1685.0,1648.0,2287318,-0.1041728670621702,16.85,0.0099377698199032,0.0074069231025403,5.957551584388583,-0.0157672661444946,1622.9575921685205
2013-10-11,0.0082742788854703,1699.0,1673.0,1558254,-0.0270693219682178,16.4,0.0097948021453577,0.0077398442814763,5.371847123105629,-0.0155404336241736,1659.0167874592248
2013-10-14,0.0030852885709622,1704.25,1680.75,1509558,0.0151288815962997,16.65,0.0079139675884683,0.0076807226015376,5.66409051233254,-0.0125563014124531,1677.8002178577883
2013-10-15,-0.0072138700767263,1692.0,1689.5,1872624,0.0382962850772807,17.3,0.0066187046828498,0.0076559175360644,5.659718943581313,-0.0105012372149431,1686.4469073302369
2013-10-16,0.0124808902997646,1713.25,1691.25,1797067,-0.1066458628784903,15.55,0.0081316758505661,0.0076839841249867,5.541725702092895,-0.0129017173531078,1670.310510925572
2013-10-17,0.0084278325055704,1727.75,1706.25,1669215,-0.0664696450077415,14.55,0.0073087034105145,0.0078872016989739,5.271622947361763,-0.0115959892343209,1693.4979152583892
2013-10-18,0.0050516092126251,1736.5,1727.0,1537541,-0.0138410514118714,14.35,0.0043332412304155,0.0079034590861698,5.329760057520969,-0.0068751207752288,1715.9122496902985
2013-10-21,0.0010072667949989,1738.25,1734.75,1138916,0.0172715865086607,14.6,0.0031506978717626,0.0078488807070863,5.43530678826369,-0.0049988974171528,1727.841075204975
2013-10-22,0.0064511728286156,1749.5,1736.0,1844860,0.0,14.6,0.0062161635192351,0.007873200293617,5.293283031359434,-0.0098625653825451,1721.1906584397852
2013-10-23,-0.0044396778975146,1741.75,1734.5,1520034,0.0068259650703996,14.7,0.0054276313049383,0.0078420862045807,5.395004439738846,-0.0086114801278409,1734.4988990613333
2013-10-24,0.0038679225932023,1748.5,1740.0,1252875,-0.0171530792262495,14.45,0.0042960781664392,0.0079072997561616,5.207042413295124,-0.0068161578558739,1729.9183261411615
2013-10-25,0.0031406164286975,1754.0,1742.75,1253456,0.0034542348680877,14.5,0.0048041651700211,0.0078104296501357,5.381514838112742,-0.0076222887237864,1735.223092658524
2013-10-28,0.0028465718054295,1759.0,1751.5,1157924,0.0034423441909727,14.55,0.0039075090631563,0.0077227655206004,5.517906685859279,-0.006199654095169,1743.1594452838067
2013-10-29,0.0048206530331702,1767.5,1754.5,1189498,-0.0068965790590604,14.45,0.0048724048652798,0.007631267099954,5.675217969848647,-0.0077305578280485,1745.454373862421
2013-10-30,-0.0039682591756209,1760.5,1751.75,1778748,0.0068965790590604,14.55,0.0081823813958264,0.0075538582922302,5.876000755777683,-0.0129821667740149,1744.702322041717
2013-10-31,-0.0054108063092552,1751.0,1750.25,1885721,-0.0034423441909727,14.5,0.0049899236214595,0.007475830198654,6.056897539776057,-0.0079222536988062,1746.6079731016512
2013-11-01,0.0021393433246785,1754.75,1747.0,1602379,-0.0034542348680877,14.45,0.0057382178220205,0.0074163835299752,6.265004878388121,-0.0091308024816588,1735.0847349984126
2013-11-04,0.0046905067873392,1763.0,1753.25,1005972,-0.0352149062910664,13.95,0.0029264737344229,0.0074299518883499,5.999426183787091,-0.00464314338848,1746.6213300328511
2013-11-05,-0.003693710691988,1756.5,1750.5,1479362,0.0035778213478838,14.0,0.004963556693583,0.0074735109281225,5.779567729701139,-0.007875179323863,1749.1705848871743
2013-11-06,0.0051107436625592,1765.5,1755.75,1322195,-0.0216614967811792,13.7,0.0049189660702429,0.0074251262670284,5.820326304866998,-0.0078044318384116,1742.8448700514273
2013-11-07,-0.0115361245179306,1745.25,1742.25,2463701,0.0393610738805803,14.25,0.0111915978594079,0.0074540127456292,5.670787541575969,-0.0177565897811426,1734.4274286115974
2013-11-08,0.0118192903133946,1766.0,1736.5,2071703,-0.046687113972653,13.6,0.0102460297669965,0.0075370316789638,5.984299635621125,-0.0162563513935586,1717.1079658809554
2013-11-11,0.0008490166068231,1767.5,1762.75,960010,-0.0223057575142981,13.3,0.0029970018136135,0.0076489690659446,5.808141784511056,-0.0047550432428146,1757.6225270411358
2013-11-12,-0.0014154284033311,1765.0,1758.5,1419105,0.00375234961855,13.35,0.0044042624589276,0.0075733432433368,5.939960785275423,-0.0069878030603041,1755.1921107262667
2013-11-13,0.0077601800366648,1778.75,1754.25,1682642,0.092923950616818,14.65,0.0100626484218406,0.0075176284204462,6.041559651350924,-0.0159731504873428,1737.031357716899
2013-11-14,0.0050469755244435,1787.75,1777.25,1584763,-0.0034188067487854,14.6,0.0037337756166223,0.0075199532195912,6.129901005188036,-0.0059327851222564,1768.2283008158026
2013-11-15,0.0032111720438319,1793.5,1786.5,1227567,-0.0172715865086607,14.35,0.0031749979296372,0.0075646548673221,5.849958725639523,-0.0050374518903172,1778.7669402448676
2013-11-18,-0.002651966101677,1788.75,1784.75,1559073,-0.0034904049397685,14.3,0.005683906334562,0.0075118010872898,5.999766458442801,-0.0090180861039798,1777.3987728194463
2013-11-19,-0.0019585904414407,1785.25,1782.0,1587851,0.0138891121606672,14.5,0.004405904919175,0.007505683233674,5.884832842860733,-0.0069904089878233,1776.289508629433
2013-11-20,-0.003085556445237,1779.75,1774.5,2066306,-0.0244340253372818,14.15,0.0075654306595268,0.0075378250116985,5.609201904916116,-0.0120033127017667,1763.9491819395112
2013-11-21,0.007835495523949,1793.75,1775.75,1390391,-0.0323187912551676,13.7,0.006049346744595,0.0074981353394965,5.698142754485565,-0.0095978938786982,1762.7498616349435
2013-11-22,0.0041724678057999,1801.25,1792.0,1240120,-0.0073260400920727,13.6,0.0034538559130683,0.0074683915974634,5.959692382748302,-0.0054798879822129,1783.9473342175957
2013-11-25,0.0006937218453728,1802.5,1798.5,1114352,0.0036697288889624,13.65,0.0042104103274791,0.0075121465777422,5.658725979386587,-0.0066802372578538,1789.257324197449
2013-11-26,-0.0002774309908213,1802.0,1798.75,1095564,0.0072993024816114,13.75,0.0032253824813117,0.0074664443709108,5.747783961674124,-0.0051173920227836,1793.2994623363572
2013-11-27,0.0012478337840997,1804.25,1801.25,849593,0.0072464085207673,13.85,0.0023232485305024,0.0074440033651149,5.718233916973251,-0.0036860662466615,1795.3699355588262
2013-11-29,-0.0001385713298143,1804.0,1802.75,818602,0.0071942756340268,13.95,0.0038101233121769,0.0074530494787656,5.538063915081492,-0.0060451418572927,1793.375953495661
2013-12-02,-0.0023586552731558,1799.75,1797.0,1330983,0.0247800289984869,14.3,0.0041385877552542,0.0072092785538779,5.880906309914979,-0.0065662835607995,1792.1932301773857
2013-12-03,-0.0045945086044039,1791.5,1786.25,1727930,0.0241807981972148,14.65,0.0053060516878973,0.0071186466259809,6.036865664280032,-0.0084222125326042,1784.6557756013435
2013-12-04,0.0001395381290194,1791.75,1777.75,2107738,-0.0276834287484168,14.25,0.0085982136705389,0.007091775236439,6.054198488242429,-0.0136505344669791,1767.2112220598049
2013-12-05,-0.0043347617340732,1784.0,1782.0,1576138,0.020834086902842,14.55,0.0038391209669451,0.0055736255527326,8.224218247422657,-0.0061887308137526,1780.6955832515875
2013-12-06,0.0117025576270259,1805.0,1784.25,1757106,-0.0421114853501269,13.95,0.004796108367679,0.0058227917244514,8.423743274431764,-0.0077377278510452,1770.2491622418236
2013-12-09,0.0022136146283138,1809.0,1804.75,1060287,-0.0144406841547941,13.75,0.0024958817120181,0.0070126176431308,6.454806520894598,-0.0039788410677555,1797.832460578683
2013-12-10,-0.0033222621919772,1803.0,1801.0,1174676,0.0108500160240656,13.9,0.0035029528343928,0.0069348530347178,6.579364768277056,-0.0055905060682498,1798.9149909408966
2013-12-11,-0.0124173203448547,1780.75,1779.25,2004200,0.1057201632071085,15.45,0.0078786309148922,0.0068716973956747,6.692368672413369,-0.0125858168447869,1780.4499751350245
2013-12-12,-0.0032342009489463,1775.0,1771.75,1833127,0.0032310205814463,15.5,0.0044381626064735,0.0070115953156832,6.53605054842606,-0.0070803563995744,1768.186185968801
2013-12-13,-0.000140854990021,1774.75,1771.75,994289,0.0,15.5,0.0044542145539823,0.0069474361482402,6.649996506031759,-0.0071129430778421,1762.4193219025722
2013-12-16,0.006598830543969,1786.5,1760.25,869476,0.0160003413464413,15.75,0.0121650789478183,0.006903298277461,6.539032516157995,-0.019407889513336,1740.6379403600206
2013-12-17,-0.0075853713892568,1773.0,1770.25,1826251,-0.0127797266463991,15.55,0.004516749173109,0.0068755287963644,6.755194279637791,-0.0072189977755946,1773.6496994261186
2013-12-18,0.0177490509450626,1804.75,1760.75,2702375,-0.0664696450077415,14.55,0.0142479340428233,0.0069523689435503,6.556530860852209,-0.0227343340006294,1733.1467607403013
2013-12-19,-0.0015249188509871,1802.0,1795.0,1516505,-0.0068965790590604,14.45,0.0045618058235252,0.0071908319165849,6.155894542909426,-0.0072505401984491,1791.711911288013
2013-12-20,0.0069127884848416,1814.5,1802.5,1356110,0.0,14.45,0.0044327912717818,0.007142714812392,6.109178880452743,-0.0070418735740256,1789.3551179029555
2013-12-23,0.0045364020334153,1822.75,1816.75,737153,-0.0424091819250933,13.85,0.0022811855673782,0.0071442145398309,6.1729521429964285,-0.0036263862392375,1807.931838711739
2013-12-24,0.0034230197043259,1829.0,1820.5,314408,-0.033030525676482,13.4,0.0027629139469452,0.007172857819366,5.970169716699482,-0.0043836394206447,1814.7772089339123
2013-12-26,0.0040922168688561,1836.5,1829.75,438937,-0.0037383221106073,13.35,0.002158725945544,0.0071206871835985,6.018737883610613,-0.0034257892463527,1822.7449518242613
2013-12-27,0.0,1836.5,1833.25,622702,0.0258794479878208,13.7,0.0025987755505295,0.0070749036353558,6.07983434306012,-0.0041270230446196,1828.936340612405
2013-12-30,-0.00095335383455,1834.75,1833.5,581577,0.0144930073025668,13.9,0.0018785733348479,0.0069838820677262,6.195108165254525,-0.0029870620005969,1831.0224456060043
2013-12-31,0.003400669807906,1841.0,1834.25,653055,0.0,13.9,0.0043237631838527,0.006993600105581,6.102375507901003,-0.0068681526038713,1822.1918320825052
2014-01-02,-0.0079073349977409,1826.5,1821.75,1243227,0.0213531244705689,14.2,0.0062658217067026,0.0069665308641958,6.626002798161895,-0.0100038800914278,1822.674671774128
2014-01-03,-0.0005476451396457,1825.5,1820.5,961601,-0.0106195688274599,14.05,0.0048017870242358,0.0064075309869279,8.919679594323027,-0.0077607898207541,1812.3797802925767
2014-01-06,-0.0026054179976666,1820.75,1817.25,1369207,-0.0143371631464073,13.85,0.0058042512888879,0.0059906807523036,8.835497617145931,-0.0093783494002822,1808.4598522940744
2014-01-07,0.0054772148431547,1830.75,1819.5,1162443,-0.0145457110023787,13.65,0.0045609051184112,0.0058023154269283,8.82740227483322,-0.007369181284508,1807.3818797231816
2014-01-08,0.0009554358196268,1832.5,1825.5,1330414,0.0007323325116752,13.66,0.0035242580365043,0.006018825427235,9.200854679606708,-0.0057010731491118,1820.342455607229
2014-01-09,0.0002728140788983,1833.0,1824.25,1324605,-0.0007323325116752,13.65,0.0056785256343021,0.0057295617468361,9.137355756635252,-0.0091841820410128,1815.7470353066772
2014-01-10,0.0025880284144923,1837.75,1826.25,1455887,-0.0297419691987377,13.25,0.006075860643802,0.0055016186013802,9.027751225325378,-0.0098234367384196,1815.081793733216
2014-01-13,-0.0124565295552461,1815.0,1809.5,1710408,0.0370412716803492,13.75,0.0080397157046049,0.0054424749560752,8.542309434598527,-0.0129766901111819,1814.056154087964
2014-01-14,0.0098685011407537,1833.0,1812.75,1595178,0.0251359732715421,14.1,0.0059138384332551,0.0067546964335674,8.41659283970776,-0.0095407310817181,1797.7659166921155
2014-01-15,0.0046264880454156,1841.5,1831.5,1260095,0.0,14.1,0.004665396137509,0.0067902835117865,8.81787265431962,-0.0075377644153896,1819.2352208316413
2014-01-16,-0.0028550083970335,1836.25,1834.5,952497,0.0140847398817389,14.3,0.003082142976236,0.0067469570469974,9.123980948892465,-0.0049847083270865,1832.3434998165565
2014-01-17,-0.0010897698939835,1834.25,1829.25,1182782,-0.0070175726586465,14.2,0.0050420049992192,0.0066892425358849,9.344948683267122,-0.0081597438225375,1821.32763454148
2014-01-21,0.0023143431472236,1838.5,1826.25,1329662,-0.0070671672230924,14.1,0.0066676907144904,0.0066516774774976,9.05388817497689,-0.0107812019350716,1814.580799680169
2014-01-22,0.0,1838.5,1834.75,941604,-0.0215062052209633,13.8,0.0032507674853346,0.0065927972356352,9.187888579979964,-0.0052584507054183,1828.8577123437276
2014-01-23,-0.0077810780955971,1824.25,1813.75,1815516,0.0250460319260876,14.15,0.0105709133384756,0.0065522986608203,8.890700938517273,-0.0170833743471178,1807.3589705451996
2014-01-24,-0.0234326146149754,1782.0,1780.0,2566321,0.1352966181490913,16.2,0.0120161083265457,0.006555250043152,9.337183284289772,-0.0194458696436607,1789.1185600520164
2014-01-27,-0.0035134601528348,1775.75,1767.0,2776036,-0.0061919702479209,16.1,0.0097104876097399,0.0068470564561382,7.811539330721209,-0.0156237693669117,1754.3748097339994
2014-01-28,0.0070146191105733,1788.25,1771.0,1726338,-0.0608187400350388,15.15,0.0084237031490293,0.0067970782400952,7.931214726746642,-0.0135612881150753,1751.831094785274
2014-01-29,-0.0095519759836024,1771.25,1764.0,2740741,0.0792808028747744,16.4,0.0119982128023902,0.0067873800629762,8.246802969633933,-0.0193431784377941,1753.9919590134043
2014-01-30,0.0056298530120706,1781.25,1767.75,1824579,0.0151288815962997,16.65,0.0095438743628216,0.0068365313018587,8.400322966013551,-0.0153960349464927,1744.188626571988
2014-01-31,-0.0026702285558792,1776.5,1761.25,2389820,0.0554886856176537,17.6,0.0104763662106411,0.0068302672961677,8.370179002890705,-0.0168982790870897,1751.4028334903276
2014-02-03,-0.0249353946629877,1732.75,1732.25,3026524,0.0870113769896296,19.2,0.0133416058591759,0.0067716766415252,8.51726335048777,-0.0215322823088979,1738.656787962466
2014-02-04,0.0063282247715816,1743.75,1734.0,2325416,-0.0290641329439114,18.65,0.0076598670322979,0.0071129926716906,6.847891603740263,-0.0122513847113758,1711.6509235003296
2014-02-05,0.0001433588992494,1744.0,1732.0,2075514,0.0264565695368301,19.15,0.0076132209224748,0.0071355691096299,6.732238369867938,-0.0121657716297593,1722.6644567375508
2014-02-06,0.0128188623302749,1766.5,1744.0,1739245,-0.1220348818001957,16.95,0.0069370702417504,0.0071075457819892,6.51616725455463,-0.0110649912051162,1724.8090251243527
2014-02-07,0.0151688301731374,1793.5,1758.25,2344919,-0.0894278099012582,15.5,0.0111071416396703,0.0071926895048841,6.698189743058215,-0.0177440869797691,1735.431526361116
2014-02-10,0.0006967184842547,1794.75,1786.25,1148560,0.0070717106021396,15.61,0.0038010950478866,0.0073479762467321,6.749367539874766,-0.0060749053595768,1782.6376844128386
2014-02-11,0.0103929432663649,1813.5,1794.25,1764385,-0.0200589061289506,15.3,0.0076240988719137,0.0072653768725152,6.726891765565322,-0.0121826300010952,1773.017870833089
2014-02-12,0.0019281096732139,1817.0,1811.25,1385941,-0.0198026272961797,15.0,0.0044892871956243,0.0073009237298411,7.028830639181066,-0.0071897542206676,1800.5081408231576
2014-02-13,0.0039821542495586,1824.25,1802.25,1645236,-0.0066889881507967,14.9,0.0092983973185202,0.0072411754413917,7.110030922385816,-0.0149000095860409,1790.1273808879964
2014-02-14,0.0058755378429404,1835.0,1816.0,1365228,-0.0135137191667227,14.7,0.0079302375564881,0.0071912220510092,7.279029017428875,-0.0127215582029878,1801.1896899883106
2014-02-18,0.0013614705983213,1837.5,1831.5,1210508,-0.0178453603200106,14.44,0.0030860071204597,0.0071652064059547,7.519058217582134,-0.004957568973277,1825.9253735632244
2014-02-19,-0.0065520299913002,1825.5,1823.25,1771087,0.061113340568526,15.35,0.0071578453927069,0.0070979464560226,7.604780148090416,-0.0115042917271998,1816.481994393628
2014-02-20,0.0058715263923954,1836.25,1817.25,1608588,-0.0297542610817926,14.9,0.0081845680906035,0.0071069543998613,7.576936447550449,-0.0131524700929407,1801.647370194926
2014-02-21,-0.0010897698939835,1834.25,1832.75,1316655,0.016639319003965,15.15,0.0042863950736793,0.0071288954518691,7.370140407082604,-0.0068799988318953,1823.65996153168
2014-02-24,0.0063854574686939,1846.0,1829.25,1612323,-0.0132892321186828,14.95,0.0099070868870533,0.0070665657632948,7.353143817529257,-0.0159000214963938,1805.3160205832817
2014-02-25,0.0001354187827926,1846.25,1837.25,1566204,-0.006711434587987,14.85,0.005248033437476,0.0070846673823882,7.234791377090134,-0.0084164633914749,1830.528407953176
2014-02-26,-0.0023046170303375,1842.0,1838.0,1464320,0.0298529631496813,15.3,0.0055410675466372,0.0071294666242279,7.107116357046603,-0.0088789859337106,1829.9297331488935
2014-02-27,0.0064935293105481,1854.0,1832.75,1615828,-0.0131580845775109,15.1,0.008117546239601,0.0070201000589955,7.170263121601952,-0.0130129839531771,1818.1853693204089
2014-02-28,0.0018860304661139,1857.5,1845.25,2106508,0.0098847592325417,15.25,0.0080339806045955,0.0070642793966969,7.074323458296592,-0.0128707544582819,1830.2905279320944
2014-03-03,-0.0078368189220912,1843.0,1832.25,2376689,0.0818065987696514,16.55,0.0065484578289524,0.0070537492000905,7.130916561822567,-0.0104948984741959,1838.1076643746344
2014-03-04,0.0153455696746602,1871.5,1843.5,1750397,-0.095008110628187,15.05,0.0074209319937243,0.0070045485862791,7.40117080857593,-0.011913377160157,1821.173915228516
2014-03-05,0.0005341880468909,1872.5,1867.75,1254803,0.0066225407604934,15.15,0.0028697320248367,0.0071619539513972,7.238513514930768,-0.0046024032499789,1862.9063931090325
2014-03-06,0.0020006675562971,1876.25,1871.0,1283006,-0.0099503308531683,15.0,0.0036770076863874,0.0071253088634527,7.042562180297947,-0.0058894225692951,1861.5044666919357
2014-03-07,0.0009322768205368,1878.0,1869.25,1756169,0.0327898228229908,15.5,0.0068457153675483,0.0070605784518345,7.144360077638569,-0.0109722792040825,1855.7757909212323
2014-03-10,-0.0003994407882146,1877.25,1865.75,1167755,-0.012987195526811,15.3,0.0048754893713445,0.0069949246255811,7.195932540367433,-0.0078170507874456,1863.376808201657
2014-03-11,-0.0064128476283702,1865.25,1863.0,1609666,0.012987195526811,15.5,0.0062833884767004,0.0069361500264057,7.158768445476796,-0.0100719428704344,1858.437344279012
2014-03-12,0.0013394055042867,1867.75,1853.75,1666288,0.0286188053056526,15.95,0.0057064622198021,0.0069289929392502,7.278514315131707,-0.0091541845442769,1848.25307247816
2014-03-13,-0.0113071604470631,1846.75,1841.5,2346907,0.0399438661316442,16.6,0.0104083135270358,0.0068807495827711,7.167592622639599,-0.0166849491854242,1836.8452254110523
2014-03-14,-0.0036617658058162,1840.0,1839.0,1309202,0.0296757681461166,17.1,0.0047733369488862,0.0069499473121966,7.3998761513637,-0.0076629360988553,1832.65255565116
2014-03-17,0.0096005064345474,1857.75,1830.5,797416,-0.0602591915181971,16.1,0.0107172529518949,0.0069069403808739,7.450339744461424,-0.0172101612040846,1808.604241339389
2014-03-18,0.0032245090413693,1863.75,1845.5,2054342,-0.0341157532401714,15.56,0.0071386709295091,0.0069427833087909,7.7402640766395585,-0.0114816822080937,1836.541890252617
2014-03-19,-0.0061894707821812,1852.25,1842.0,2004270,0.0247553104806077,15.95,0.0088919217212371,0.0068985159810943,7.752056594310047,-0.0143024361159999,1837.2835531836597
2014-03-20,0.0073959861105228,1866.0,1844.75,1671773,-0.0126184639592112,15.75,0.0066607001227375,0.0068829613931038,7.943032105076578,-0.0107236373203988,1832.4932641373955
2014-03-21,-0.0048348200545831,1857.0,1855.5,1750423,0.0157483569681389,16.0,0.0076246786508475,0.0068985211585953,8.117387289676225,-0.0122854267813581,1843.215638004356
2014-03-24,-0.0040469500801973,1849.5,1841.25,1835881,-0.006269613013595,15.9,0.0092244859604212,0.0068761940105417,8.062887055921776,-0.0148595303641446,1829.6098584236288
2014-03-25,0.0052578483109009,1859.25,1848.0,1657649,-0.0158481922400239,15.65,0.005514619723607,0.0068558682547203,7.874931637651731,-0.0088755632789848,1833.1572784291104
2014-03-26,-0.0090498355199182,1842.5,1841.5,1898746,0.0252379325898628,16.05,0.0087854241227538,0.0068286286917161,8.023016834971896,-0.0141496867394029,1833.1274437630975
2014-03-27,-0.0010860712444156,1840.5,1834.0,2031166,-0.0220481372217626,15.7,0.0053577215784099,0.0068923186788464,8.111031060863834,-0.0086325006514588,1826.663072042432
2014-03-28,0.0054185990071351,1850.5,1841.5,1502152,-0.006389798098771,15.6,0.0064622297111565,0.0068152546701383,8.1958490170048,-0.010415966624262,1821.4289077800772
2014-03-31,0.0075370477926641,1864.5,1855.0,1572419,-0.0292703823001128,15.15,0.003782286481893,0.0067972839695234,8.330688940834868,-0.0060998160426593,1839.2466469972944
2014-04-01,0.0070813309472459,1877.75,1862.25,1213329,-0.0473061173969373,14.45,0.0044199779723329,0.0068268030785107,8.541228631902017,-0.0071341391024975,1851.2457327521695
2014-04-02,0.0027919980910313,1883.0,1876.25,1181442,0.0103271141558498,14.6,0.003334169087951,0.0068443495728563,8.668377815082925,-0.0053841002914036,1867.667173509526
2014-04-03,0.0,1883.0,1875.5,1239722,-0.0103271141558498,14.45,0.0045091094538163,0.0068087236640479,8.31990152593004,-0.0072716662047235,1869.3571159024448
2014-04-04,-0.0122897619499058,1860.0,1855.75,2496813,0.0273054506902674,14.85,0.0112896151727194,0.0067269087878123,8.2808785350927,-0.0182033928261368,1849.033105613122
2014-04-07,-0.0118984637916144,1838.0,1834.5,2179083,0.0428401586764923,15.5,0.0069975051919318,0.0068747680294902,8.450277898330462,-0.0112904934789517,1839.1177891915656
2014-04-08,0.0038012535589952,1845.0,1830.75,1854828,-0.0228394919698224,15.15,0.0068081456590136,0.0069682836360064,8.442747214054606,-0.0109846377956837,1817.9207194441396
2014-04-09,0.0106477183606452,1864.75,1843.75,1414210,0.0196084713883761,15.45,0.0056036371134755,0.0069352238913223,8.58102532629497,-0.0090459948087608,1828.3854006651009
2014-04-10,-0.0204517184572665,1827.0,1823.75,2378458,0.0474022388945836,16.2,0.0105273124620544,0.0070029558452994,8.455848677703681,-0.0169862162594304,1833.3424560655783
2014-04-11,-0.0083820483886158,1811.75,1807.25,2527152,0.0243914531241595,16.6,0.0074691270739552,0.010106291692994,7.406043338990555,-0.0119910936536222,1805.223097269343
2014-04-14,0.0070127478871118,1824.5,1803.25,1885532,0.0,16.6,0.0072657279420048,0.009517545222503,7.86009362513691,-0.0116930568466553,1790.6884810011975
2014-04-15,0.0081878186683272,1839.5,1809.25,2609484,-0.0121213605323449,16.4,0.0125210701788156,0.0071383984396821,9.362104771193506,-0.0202645089379482,1787.8995014991856
2014-04-16,0.0071772262866387,1852.75,1840.5,1643896,-0.0328508002918352,15.87,0.0053397961131895,0.007159488411457,9.319937518783233,-0.008641050500202,1823.673265888004
2014-04-17,0.0028296185423153,1858.0,1847.25,1255343,-0.0203698959130744,15.55,0.00601195805259,0.0073009391985282,8.797833087089641,-0.0097127012221933,1834.8419015973557
2014-04-21,0.0034922802450916,1864.5,1856.5,533891,-0.0096931292056594,15.4,0.0029364302793614,0.0072802470238281,8.517086584132663,-0.0047391598741113,1849.2154730341897
2014-04-22,0.0050822631794922,1874.0,1860.75,1106460,-0.013072081567353,15.2,0.0059857027719254,0.0072696623228986,8.213722787551633,-0.0096486276441732,1846.5966440590096
2014-04-23,-0.0005337603542789,1873.0,1867.5,1000557,0.0098200461809754,15.35,0.0049992417138857,0.0072529550779935,8.21965447464927,-0.0080587096122913,1858.958666458269
2014-04-24,0.0,1873.0,1863.75,1577086,0.0097245498919948,15.5,0.0067933454121149,0.007244528704407,7.776504629843381,-0.0109282861111525,1852.6427575992104
2014-04-25,-0.0069649357368417,1860.0,1853.0,1507792,0.0064308903302903,15.6,0.0066837969170818,0.0071824966479121,7.895735651794935,-0.0107583916593001,1852.9575380639608
2014-04-28,0.0032206147000426,1866.0,1844.0,2065197,-0.0259754864032606,15.2,0.0104663269218248,0.0071151781761321,8.201705444574017,-0.0168702838746647,1828.884473842575
2014-04-29,0.0030767197035048,1871.75,1865.0,1219110,-0.0132452267500204,15.0,0.003370987953797,0.0070892304570236,8.268426138815606,-0.0054351040830754,1855.8856070686927
2014-04-30,0.0033335586574141,1878.0,1866.25,1502102,0.0,15.0,0.004662858461284,0.0070788867320201,8.03311698538655,-0.0075102848187383,1857.745279936002
2014-05-01,-0.0001331292020871,1877.75,1871.5,938351,-0.0066889881507967,14.9,0.0041981149102274,0.0070495377731477,8.148703692885796,-0.006765233993256,1865.337770328088
2014-05-02,-0.0017322943901545,1874.5,1872.0,1717169,0.0,14.9,0.005077006556875,0.0070410769252197,7.741123384024041,-0.0081657823304023,1862.4791363583408
2014-05-05,0.0006666222498719,1875.75,1860.5,1176754,-0.0203396842371224,14.6,0.0073721890946185,0.0070358530507653,7.377193650276108,-0.0118334389420619,1852.4489459214624
2014-05-06,-0.0061497520019342,1864.25,1861.75,1379161,0.0088647017602481,14.73,0.0060250176345579,0.0070317879990207,6.998372262464242,-0.0096472143291754,1857.7412445546456
2014-05-07,0.0053497519592671,1874.25,1854.5,1999538,-0.0226580238925842,14.4,0.0072999004641601,0.0070156223101915,7.185886665610561,-0.0117034349718183,1842.559048259651
2014-05-08,-0.0010676632536945,1872.25,1865.0,1753107,0.0027739268827251,14.44,0.0074024410385628,0.0069986120165227,7.278732712536719,-0.0118748536487908,1852.125180036712
2014-05-09,0.0006674231042653,1873.5,1862.5,1476536,-0.0273797376849249,14.05,0.0046050844019211,0.0069432408574441,7.1801366197051,-0.0073827428196828,1858.478557814661
2014-05-12,0.0102224587496735,1892.75,1874.0,1183703,-0.0399327103353712,13.5,0.0042497580740611,0.0068802434791407,7.2385496529730755,-0.0068156555012255,1860.7742857231449
2014-05-13,0.0007921838280671,1894.25,1892.0,1076997,0.0,13.5,0.0024125919499099,0.0069508656747337,7.5078631116768975,-0.0038755049481786,1885.4288337806656
2014-05-14,-0.0047625437287264,1885.25,1882.25,1186879,0.0919374953256855,14.8,0.0046629259678788,0.0068955787562469,7.603823005840765,-0.0074943476644293,1880.1068948061975
2014-05-15,-0.0095936778455802,1867.25,1859.0,2247238,0.006734032181344,14.9,0.0092947567823562,0.0068710852401686,7.334259405228005,-0.0149155756999353,1857.3390820697891
2014-05-16,0.0040085569443224,1874.75,1861.25,1522446,-0.0169208774883369,14.65,0.0048458385888947,0.006939219209563,7.587935972624487,-0.0077876544286574,1852.76497764902
2014-05-19,0.0039925525487332,1882.25,1865.75,1035685,-0.0206903932574462,14.35,0.0061976637382156,0.0069109912821896,7.662843371583953,-0.0099641627531973,1856.1624443809496
2014-05-20,-0.0075995299414435,1868.0,1864.75,1564172,0.0,14.35,0.0059554819392755,0.0068956796784535,7.402388657868221,-0.0095608494566479,1864.3398456849573
2014-05-21,0.0090594810933231,1885.0,1866.5,1358710,-0.0175751448215075,14.1,0.0051903558374095,0.0069066940022203,7.748656369681938,-0.0083484138448985,1852.470078242334
2014-05-22,0.002781274556268,1890.25,1882.75,1026615,-0.0042643987864576,14.04,0.0036280125503542,0.0069177842722434,8.154602533761182,-0.005846668427034,1874.0111852960545
2014-05-23,0.003564595496635,1897.0,1889.5,761557,-0.0100215584610188,13.9,0.0028873048401952,0.0068978167673262,8.028157395757788,-0.0046503641544637,1881.4800566768693
2014-05-27,0.0064368038334787,1909.25,1897.0,922499,-0.0329097340887978,13.45,0.0031352502171369,0.0068711157376106,8.116955438904423,-0.005051729412944,1887.4410342864728
2014-05-28,-0.0001309500427453,1909.0,1904.5,1062079,0.0,13.45,0.0035099319018855,0.00685907729826,8.452352978825894,-0.0056633304659682,1898.4678465751056
2014-05-29,0.0047034317176359,1918.0,1907.25,981817,-0.014981553615617,13.25,0.0029355426325645,0.0068247542943231,8.497299640408443,-0.0047373685972453,1899.977751080812
2014-05-30,0.0018231545615146,1921.5,1914.25,1169034,0.003766482795477,13.3,0.0025637447882989,0.0068107110323517,8.574038295157306,-0.0041385651902476,1910.078634814455
2014-06-02,0.0001300982243428,1921.75,1913.75,1053526,-0.0075472056353831,13.2,0.0038656332539801,0.0061446740917638,7.973271283098391,-0.0062245028946745,1909.5767642920343
2014-06-03,0.0001300813009965,1922.0,1916.0,948001,0.0075472056353831,13.3,0.00275776206017,0.0066365338263576,8.137311135576418,-0.004443893294403,1913.228895524028
2014-06-04,0.0019491917028373,1925.75,1916.0,917108,-0.0113422766039348,13.15,0.0039302940277005,0.0065819018090598,8.090502167664257,-0.0063320135210525,1909.8683195292624
2014-06-05,0.0065989758779085,1938.5,1921.0,1676659,-0.0387645434502439,12.65,0.0059010239763489,0.006525397508919,8.143827985137936,-0.0095092576969576,1907.5243405753888
2014-06-06,0.0055302050787258,1949.25,1937.75,1205739,-0.0527505653855291,12.0,0.0026912618896831,0.0065692980399401,7.996022487740551,-0.0043339709273596,1930.1167768021703
2014-06-09,0.0005128862787131,1950.25,1945.75,1026966,0.0165293019512104,12.2,0.0032475497322096,0.0065812089981132,7.826509240202045,-0.0052255609547858,1939.0906425975872
2014-06-10,0.0001281804782884,1950.5,1943.0,1038073,-0.0123712918025469,12.05,0.003152115021153,0.0065593776824725,7.509166354209149,-0.0050634867354377,1940.3998939802784
2014-06-11,-0.0033380439263268,1944.0,1938.5,1348569,0.1128840102830004,13.49,0.0040019674593936,0.0064924575199897,7.583325571498019,-0.006431323063518,1937.995956236368
2014-06-12,-0.0069686693160937,1930.5,1924.75,1665612,0.0456435618454316,14.12,0.0072442576672365,0.0064826971867563,7.35485014639909,-0.0116265296575394,1921.5289098727728
2014-06-13,0.0027158115625418,1935.75,1926.5,945294,-0.0229236399019368,13.8,0.0034911866419633,0.0065298950034439,7.193044925231318,-0.005597442769006,1919.7243229868316
2014-06-16,0.0003873716879745,1936.5,1926.5,866802,-0.0036297680505787,13.75,0.0051607640226782,0.0065376731250827,7.063352300872912,-0.0082671259075317,1919.8128788868528
2014-06-17,-0.0014210970675314,1933.75,1923.75,1817231,-0.0228034890175767,13.44,0.0041228598500671,0.0065087006650152,6.858411310596383,-0.0065947322804374,1923.771318194682
2014-06-18,0.007855297620285,1949.0,1929.25,1759084,-0.0605781199214741,12.65,0.0058289015735993,0.0064971383245573,6.602924777233805,-0.0093044726669916,1915.8409224451816
2014-06-19,0.0006411489608622,1950.25,1944.0,1422610,0.0110064004172216,12.79,0.0029072680593101,0.0065129078520413,6.7637094096533,-0.0046469216687653,1939.9641603470136
2014-06-20,0.001537082408431,1953.25,1948.25,1162086,0.0085636957768753,12.9,0.0027646334089548,0.0065164702855745,6.491586784334719,-0.0044087588903468,1941.6707438064652
2014-06-23,-0.000128000000175,1953.0,1950.0,1024411,-0.0275066457898334,12.55,0.0035258267817338,0.0058689199327653,7.058830403262794,-0.0056479131196807,1942.249308416645
2014-06-24,-0.0050048227663497,1943.25,1939.75,1530560,0.0413636804512593,13.08,0.0068853375352113,0.0056882125562449,7.150922734114565,-0.0110362646339589,1931.5646756922245
2014-06-25,0.0032111003123231,1949.5,1937.25,1532088,-0.0334271308555229,12.65,0.0053352191947873,0.005819800620037,7.0219733719739335,-0.0085441347082964,1926.7173394441863
2014-06-26,-0.0003847880506659,1948.75,1936.25,1486643,0.0078740564309054,12.75,0.00590963784051,0.0057888257080441,6.754260639263002,-0.0094451438520891,1931.1733770992628
2014-06-27,0.0016663466010511,1952.0,1942.75,1176129,-0.0118344576470028,12.6,0.0039040305720868,0.0056728515649677,6.386518116155033,-0.0062196632687031,1936.6670461089648
2014-06-30,0.0002561147408037,1952.5,1948.0,1155861,-0.0119761910467155,12.45,0.0031600514709795,0.0055905475576878,6.119625304532753,-0.0050205972232794,1942.2243545434333
2014-07-01,0.0067632491577844,1965.75,1953.5,1455654,-0.028515170308021,12.1,0.0055235114057763,0.005469312897269,5.982207665669876,-0.0087636035011199,1935.463822349572
2014-07-02,0.0010169061509337,1967.75,1964.5,920982,-0.0124741742251757,11.95,0.0019192597268017,0.0058283787907828,6.128074738354966,-0.0030495477231434,1959.764482762109
2014-07-03,0.0049426626192499,1977.5,1966.0,846127,-0.0143281001540791,11.78,0.0032146071555142,0.0056500182532006,6.226797600747154,-0.0051131515126832,1957.7142750667356
2014-07-07,-0.0032923924890893,1971.0,1967.25,1151705,0.0309259915631168,12.15,0.0033563651807976,0.0057189806074167,6.509649838893536,-0.0053532657394391,1966.9422015638752
2014-07-08,-0.0053414854203337,1960.5,1952.75,1776514,0.0203673028244337,12.4,0.0056653254489224,0.0056762928298368,6.213330071524445,-0.0090099926946882,1953.321067522774
2014-07-09,0.0034370856827061,1967.25,1958.25,1393006,0.0356473387302376,12.85,0.0028998102134882,0.0057986005064076,6.2687782290914,-0.0046144315428873,1951.4742473344925
2014-07-10,-0.0048407737840454,1957.75,1945.25,1972746,0.0381725735050295,13.35,0.0077167650211572,0.0057444405414214,6.14158501498139,-0.0122631279779107,1943.272680438262
2014-07-11,0.0024233160255162,1962.5,1953.0,1364154,-0.0112995552539332,13.2,0.0034063612205013,0.005787988772993,6.392198539300977,-0.0054271015080912,1947.1538711636117
2014-07-14,0.0043218574961567,1971.0,1962.5,1003831,-0.0346855579878901,12.75,0.0032050989815865,0.0056379074542187,5.994762801788519,-0.0050852102210006,1952.545606484292
2014-07-15,-0.0015232295405214,1968.0,1958.75,1905617,0.0194180858571018,13.0,0.0062052514106907,0.0056785209605683,6.167893921960017,-0.0098639126379717,1951.653799665529
2014-07-16,0.0034240094323294,1974.75,1967.0,1320381,-0.023347363996991,12.7,0.0033197745890582,0.0055479803943221,6.02002877882184,-0.0052683944075939,1957.659063789662
2014-07-17,-0.0108191725494029,1953.5,1948.5,2441561,0.0757938393695334,13.7,0.0081609785251118,0.0055471404021484,6.002411251628647,-0.012948577716788,1949.3446328058644
2014-07-18,0.0091720388225562,1971.5,1942.5,1796625,-0.0524464753725424,13.0,0.0090367985193082,0.0065113573406546,6.170000439280652,-0.0143652859125951,1925.6380157893336
2014-07-21,-0.0026664989451941,1966.25,1959.0,1414256,0.0303053494953289,13.4,0.0043165696722843,0.0068908626458165,6.392610544468031,-0.0068772958525159,1957.987927742899
2014-07-22,0.0044402229627351,1975.0,1965.25,1274851,-0.0303053494953289,13.0,0.0046219073771975,0.0065669782985629,6.173193055024777,-0.0073474358605511,1951.856048312103
2014-07-23,0.0029071625101284,1980.75,1972.75,1149621,0.0038387763071656,13.05,0.0029714764957577,0.0064056717585171,6.338932691704519,-0.0047317918309324,1965.6767862826043
2014-07-24,0.0,1980.75,1976.75,1165644,0.0114286958236227,13.2,0.003211141497367,0.0062108311178313,6.427827951724872,-0.0051177965751853,1970.6388199841224
2014-07-25,-0.0046808865276695,1971.5,1968.0,1426906,0.0224728558520586,13.5,0.0039555683404424,0.0060097259101634,6.3883033423675055,-0.0063018777467671,1968.3068045816224
2014-07-28,0.0007605527049339,1973.0,1960.75,1368020,-0.0111733005981253,13.35,0.0054322450482462,0.0060102186642361,6.611717744765585,-0.008671955695701,1954.4771566977363
2014-07-29,-0.0050813117461538,1963.0,1962.0,1509091,0.0074627212015898,13.45,0.0055156789035307,0.0058412742667887,6.6576006868958855,-0.0088085570387889,1955.697035914427
2014-07-30,0.0010183300269002,1965.0,1956.5,1768972,0.0074074412778619,13.55,0.0063817668029521,0.0059011331738918,6.866979938240689,-0.0102086337831217,1943.06239289994
2014-07-31,-0.0206961561452025,1924.75,1923.5,2772401,0.1149088805265203,15.2,0.0082354724432837,0.005733150526198,6.947141668751849,-0.0131817361937633,1939.2678581285888
2014-08-01,-0.0032524584711524,1918.5,1910.25,2886317,0.0544134217237943,16.05,0.0077254211365231,0.0082476856817809,6.166656157611675,-0.0122802218259647,1901.258180637562
2014-08-04,0.0070121050854563,1932.0,1914.75,1605356,-0.0709975497393293,14.95,0.0073129341487299,0.0077729516179927,5.800613229236537,-0.011602701723807,1896.3688555557276
2014-08-05,-0.0098830453322102,1913.0,1907.5,2137277,0.07720874983197,16.15,0.0074846279415652,0.00753830100169,5.960896148109432,-0.0118751111049912,1909.1929713613547
2014-08-06,0.00091437534945,1914.75,1903.0,1705227,0.0030911925696726,16.2,0.0075765465565331,0.007657277418752,6.219667418133327,-0.0120503515294686,1890.086015587176
2014-08-07,-0.0049738322434755,1905.25,1899.75,1954046,0.0273989741881144,16.65,0.0091011567512306,0.0071760262887838,6.088228432177137,-0.0144545910377908,1887.2721408414277
2014-08-08,0.0096631726068618,1923.75,1890.25,1904778,-0.0416982541995314,15.97,0.0127282703755287,0.0069500414950281,6.169400947683489,-0.0202332788859244,1867.087919321438
2014-08-11,0.0045380953084883,1932.5,1923.25,1178957,-0.0760847814568519,14.8,0.0058121744134878,0.0071703877203101,6.387266088398332,-0.0092596678855376,1906.0189324938165
2014-08-12,-0.0010354647572867,1930.5,1923.5,1234217,-0.0101868453069928,14.65,0.0054693511290442,0.0069303989284871,6.417396818849084,-0.0087159919673013,1915.729537301072
2014-08-13,0.0073543973825929,1944.75,1930.75,1120054,-0.0172121288811215,14.4,0.0041158514615862,0.0066090964662538,6.54365788937749,-0.0065666040462623,1917.8647017919693
2014-08-14,0.0044892014082416,1953.5,1942.0,967191,-0.0353393664453087,13.9,0.0040670285989144,0.0066558263440379,6.850553959385331,-0.0065050398153691,1932.1403813200527
2014-08-15,-0.0005120327812839,1952.5,1937.25,1813411,0.0014378147696274,13.92,0.0085981599602017,0.0064942347195142,6.895176955334622,-0.0137570041746932,1926.80970254985
2014-08-18,0.007653098577717,1967.5,1955.75,890465,-0.0380719479494078,13.4,0.0029891518773074,0.0062502226076596,6.662766150207792,-0.0047738906044996,1943.2011920007883
2014-08-19,0.0049432891079685,1977.25,1968.25,868384,0.007434978487518,13.5,0.0030612141278985,0.0060518584143321,7.77760015336401,-0.0049245264519382,1957.8348119753568
2014-08-20,0.0030299227825851,1983.25,1973.0,1058754,0.0,13.5,0.004311125450468,0.0063441240188171,7.047859650708055,-0.0069053355760612,1963.643458168354
2014-08-21,0.0031464376848715,1989.5,1980.75,841545,-0.007434978487518,13.4,0.0034024016429165,0.0061577670113741,7.123283217404523,-0.0054525875366065,1972.46558397325
2014-08-22,-0.0008800050853903,1987.75,1981.5,1115885,0.0059523985272953,13.48,0.003504261752855,0.0060443810002792,6.911330070853661,-0.0056074685280476,1978.375161604535
2014-08-25,0.0036407045423709,1995.0,1988.75,853066,-0.0096907206379026,13.35,0.0035748944263747,0.0059083425061935,6.53586791379094,-0.0057031451744932,1976.4458384563663
2014-08-26,0.0017528488274143,1998.5,1992.25,878014,0.0074627212015898,13.45,0.0035021751277621,0.0058465154855153,6.597465820673983,-0.0055901383467716,1983.8787875175196
2014-08-27,-0.0007508447355633,1997.0,1993.5,761368,0.0074074412778619,13.55,0.0023777315066034,0.0056985278262483,6.599970875891907,-0.0037953938769154,1990.929281354604
2014-08-28,-0.0001251956183168,1996.75,1987.5,1088971,0.0036832454162962,13.6,0.0042564870812616,0.0055429704750354,6.376605753353736,-0.0067805303401243,1983.5050839576256
2014-08-29,0.0023760406351298,2001.5,1992.25,1042385,0.012422519998557,13.77,0.0040094554497381,0.0054133591856953,6.357342072227124,-0.006385822172493,1984.0397355137968
2014-09-02,-0.0008747267036968,1999.75,1992.75,1244899,-0.0014534886279831,13.75,0.0047684862854222,0.005356665380388,6.386609865968604,-0.0075968680313241,1986.352478346726
2014-09-03,-0.0005001875807675,1998.75,1996.25,1297828,-0.0183491386681966,13.5,0.0051770043482859,0.0052314211490421,6.342522905509249,-0.0082441740266594,1983.331484531762
2014-09-04,-0.0005004378935922,1997.75,1990.75,1519084,0.0036968618813264,13.55,0.0067975671466894,0.0051090068995749,6.213651476113205,-0.0108107182054791,1977.2584558130404
2014-09-05,0.0041211422673095,2006.0,1988.25,1693274,-0.0284450315705204,13.17,0.0065503361725949,0.0050106970828516,5.866921184897286,-0.010392763732801,1977.0953714975428
2014-09-08,-0.0027455402245912,2000.5,1994.0,1212909,0.0135748690910686,13.35,0.0041046697842828,0.0051543989427578,6.08054971211343,-0.0065185328069623,1992.9663494798197
2014-09-09,-0.005388146611331,1989.75,1983.25,1768258,0.0367688477870893,13.85,0.0061963568380039,0.005100441841062,6.204060827157367,-0.00985357048895,1980.884731162207
2014-09-10,0.0026350476380052,1995.0,1981.5,1590462,0.045863416793181,14.5,0.0049554543771879,0.005410064228728,6.110534014334656,-0.007872287803996,1974.147609174557
2014-09-11,0.001002004091851,1997.0,1985.0,1742511,0.0,14.5,0.0050872581052146,0.00533544097246,5.859059048157585,-0.0080714439903819,1978.962280087158
2014-09-12,-0.0061530928105923,1984.75,1979.5,1254423,0.0170944333593001,14.75,0.0053677403726948,0.005158938055515,5.79388348298028,-0.0085164571714393,1980.0648511224883
2014-09-15,-0.0002519526342377,1984.25,1972.0,854380,0.0300523450664016,15.2,0.0053905575733949,0.0055256556367358,6.027794874964514,-0.008555446830014,1967.8420077510004
2014-09-16,0.0036471146507137,1991.5,1970.25,2081652,-0.0540672212702757,14.4,0.0073125942539434,0.0052735220290051,6.054707188502771,-0.0116095512015309,1961.3469523227263
2014-09-17,0.0011291639114556,1993.75,1983.25,2039712,-0.0104712998672953,14.25,0.0070602784220493,0.0052745875781756,6.018276887835636,-0.011204245515632,1969.3112811041792
2014-09-18,0.0053773655494069,2004.5,1993.0,1402964,-0.0141345109349044,14.05,0.0039766148773958,0.0050635967838392,6.108842354389456,-0.0063171741558964,1981.194832369823
2014-09-19,-0.0003742281587983,2003.75,1998.25,1670453,0.0035524016043675,14.1,0.0056843837774753,0.0053642320485914,6.0158588829825215,-0.0090205265523002,1986.4996628425235
2014-09-22,-0.008771986072837,1986.25,1982.5,1578996,0.0551864155672907,14.9,0.0053681666579565,0.0051176146730974,6.05656279439583,-0.0085227387125162,1986.7451292717055
2014-09-23,-0.0070734158757268,1972.25,1968.25,1631355,0.0330062964681703,15.4,0.0060177391206651,0.0060160975186629,5.991998870466717,-0.0095477452208274,1967.3760363314489
2014-09-24,0.0094620020889966,1991.0,1969.5,1566690,-0.0499271739565072,14.65,0.0047877516961083,0.0062800585577009,6.0061940087894445,-0.0075968022170846,1957.3239736458304
2014-09-25,-0.0149275384145886,1961.5,1957.75,2318873,0.0755696045698446,15.8,0.007838139911218,0.006865658616162,6.262754001270386,-0.0124719667168215,1966.3225224867865
2014-09-26,0.0073651126582054,1976.0,1956.5,1680945,-0.0321571116345311,15.3,0.006663036110136,0.0087149874741483,6.263019632577338,-0.0106021825543454,1940.8136728007096
2014-09-29,-0.0032948958968521,1969.5,1955.5,1786769,0.0602400803773566,16.25,0.0075528447697124,0.008233239427282,6.354419876066435,-0.0120290032143575,1952.3730786991043
2014-09-30,-0.0020330375490456,1965.5,1960.5,1991628,0.0030721990369704,16.3,0.006289936523888,0.0074066932138246,6.386431044828866,-0.0100207346810536,1949.8627173682912
2014-10-01,-0.0126721695761249,1940.75,1933.75,2450968,0.0361485141163107,16.9,0.0101834566906409,0.0067303882832707,6.238194912185669,-0.0161997160898014,1933.9159748610057
2014-10-02,-0.0011600181748061,1938.5,1918.25,2721573,-0.0209275201059555,16.55,0.010039239839811,0.007915945518499,6.157943153407087,-0.0159567349585731,1910.0277320386176
2014-10-03,0.011157538000047,1960.25,1935.75,1556834,-0.0883855698676936,15.15,0.0077837449486602,0.0070969903582622,6.160407571630262,-0.0123720985757851,1914.6644389059047
2014-10-06,-0.0021704445162686,1956.0,1950.5,1727529,0.0388398333162638,15.75,0.0072207116299321,0.0077608301925935,6.170765042442506,-0.0114784499370379,1937.8780120171664
2014-10-07,-0.0144183754242712,1928.0,1924.25,2166031,0.0822380982369721,17.1,0.0084031076335452,0.0070268019694386,5.970784073072135,-0.0133323710349565,1930.0949538212224
2014-10-08,0.0173537358370916,1961.75,1918.0,2521875,-0.1144989604551938,15.25,0.0123297847909863,0.0083924351805759,5.779037416405982,-0.0195624372295752,1890.6501392816167
2014-10-09,-0.0189109642856983,1925.0,1915.25,3103761,0.1203298807659867,17.2,0.0154834172110529,0.0101760940257965,5.496049894076097,-0.0245659906012291,1914.144796501813
2014-10-10,-0.0161029859104013,1894.25,1893.25,3069299,0.1407725538810824,19.8,0.0119332000017908,0.0121189458610589,5.886080888434768,-0.0189332157811592,1888.896416576784
2014-10-13,-0.0152938681502705,1865.5,1863.75,2948075,0.1388832076964696,22.75,0.0132055241764938,0.0126824262620147,6.620648466793549,-0.0210827064922957,1854.7321189043
2014-10-14,0.0049462035202862,1874.75,1864.75,3114778,-0.0848159864261943,20.9,0.0101530591294255,0.0128430883010482,6.571066932157795,-0.0162025150023559,1835.5177580380732
2014-10-15,-0.0150479797726514,1846.75,1813.0,4661757,0.0558284495529419,22.1,0.0247408499565358,0.0110444980770901,6.626448022413548,-0.0395008733691614,1802.1392723103215
2014-10-16,0.0020285354173639,1850.5,1815.25,3368379,-0.0486770483953167,21.05,0.0208792709992685,0.0116627290601359,6.650004304067196,-0.0333421468633594,1786.1905908513654
2014-10-17,0.016347677474819,1881.0,1851.0,2579053,-0.0561808283979434,19.9,0.0122562234481126,0.0100764707550611,6.43955802381161,-0.0195356485236897,1814.7001080137463
2014-10-20,0.010050335853502,1900.0,1872.25,1653127,-0.0838186718830713,18.3,0.0108725767712365,0.0115579768464176,6.333702502727659,-0.0173126475242539,1848.71518420891
2014-10-21,0.0198026272961797,1938.0,1885.75,2239114,-0.0766332260209163,16.95,0.0165508363237441,0.0109806078998097,6.324588691463488,-0.0263518976629595,1850.585339006469
2014-10-22,-0.0067305457288275,1925.0,1920.25,2022453,0.0656441044453211,18.1,0.0074700423172117,0.013167417887152,6.471387720662728,-0.0119102782679467,1915.054793851648
2014-10-23,0.0108500160240661,1946.0,1922.25,2014997,-0.0452054367680467,17.3,0.0102967824685119,0.0117731118062052,6.301163950393946,-0.0163905015691967,1893.705451750153
2014-10-24,0.0070409303228808,1959.75,1931.75,1601260,-0.0204386676772743,16.95,0.009782492132685,0.0113517725629618,6.333435944690913,-0.0155768404661271,1915.9223341172697
2014-10-27,-0.0014042256727551,1957.0,1944.5,1452059,0.0,16.95,0.0076160175156593,0.0103533851510242,6.332011756567649,-0.0121269533734051,1936.127725731944
2014-10-28,0.0116841562925049,1980.0,1956.75,1571000,-0.0766071214721968,15.7,0.004997111613684,0.0090022836029798,6.281876421515509,-0.0079528984869191,1941.4979026713631
2014-10-29,-0.0039218217133818,1972.25,1962.0,1895667,0.0375043954584546,16.3,0.0084258178234274,0.0095797556228261,6.455819682497855,-0.0134322486448866,1953.5819716514047
2014-10-30,0.0082055626725461,1988.5,1959.25,1980796,-0.0092450581440512,16.15,0.0113628561212365,0.0085978389775564,6.373951290408026,-0.0181004240807996,1936.8725776534184
2014-10-31,0.0115001267420975,2011.5,1986.75,1924396,-0.0250796843970233,15.75,0.0076034421111604,0.0084666709256982,6.4770044198399725,-0.0121235945780463,1964.5377798026136
2014-11-03,-0.0002486016171907,2011.0,2007.0,1361523,0.0126184639592112,15.95,0.0043021115365654,0.0091202415322855,6.557282867886755,-0.0068645942195471,1997.7391540763283
2014-11-04,-0.0027387045625442,2005.5,1995.25,1524332,-0.006289328907564,15.85,0.0063399403792533,0.0080644487399394,6.584299151411888,-0.010118603261695,1990.754091738807
2014-11-05,0.0065851017608586,2018.75,2003.75,1574778,-0.0353166719248996,15.3,0.0044436998476195,0.0072826531434322,6.534630111058605,-0.0070891008671649,1991.333082893307
2014-11-06,0.0045715777401067,2028.0,2010.75,1434905,-0.0264916154469765,14.9,0.0057811971791309,0.0071472172104726,6.690679889278694,-0.0092351173486764,2000.192429417092
2014-11-07,-0.0009866799024447,2026.0,2020.5,1282437,-0.006734032181344,14.8,0.0045187558214701,0.0067294675915873,6.712327371095514,-0.0072197181039958,2013.4111387872997
2014-11-10,0.0039408917998766,2034.0,2021.0,967814,-0.0555698511548108,14.0,0.0041770000131936,0.0061851539966353,6.387441484127203,-0.006654600334408,2012.5625397744857
2014-11-11,0.0012283504799617,2036.5,2031.0,779708,0.0071174677688641,14.1,0.0026498786550115,0.005994247332978,6.086487572300022,-0.0042084938299321,2025.4579108224243
2014-11-12,-0.0002455494180537,2036.0,2026.75,1082280,0.075120630468108,15.2,0.0036506685168844,0.0055291115379025,6.117501259248804,-0.0057999389893436,2024.7226113313009
2014-11-13,-0.0009828010619079,2034.0,2026.75,1541477,0.0227652107730125,15.55,0.0059018970368584,0.0051230145050958,6.105093497744336,-0.0093752493245578,2017.001190820297
2014-11-14,0.001964637174165,2038.0,2032.0,1047384,-0.0162078102268532,15.3,0.0022169128311208,0.0048579323590443,5.78925993448333,-0.0035173540201565,2026.858269283616
2014-11-17,0.000858316526239,2039.75,2025.25,1061143,0.0032626456348161,15.35,0.0052908209425517,0.0047188009860557,5.643609859052597,-0.0083944167993309,2020.963783155122
2014-11-18,0.0042805666780161,2048.5,2035.75,1146480,-0.0032626456348161,15.3,0.0056492446797307,0.0045198310956692,5.564060366840161,-0.0089630919205122,2021.5492227245236
2014-11-19,-0.0006103888366277,2047.25,2037.75,1188471,0.012987195526811,15.5,0.0043869583914836,0.0048351876244492,5.716270642737225,-0.006960348425943,2034.291232599012
2014-11-20,0.0023174981403624,2052.0,2035.25,1130058,-0.0228394919698224,15.15,0.0058610744191048,0.0045953929774385,5.682390026192306,-0.0092991809966891,2028.3004956939983
2014-11-21,0.0047402094228043,2061.75,2049.75,1634315,-0.016639319003965,14.9,0.0071660662783943,0.0045434649689422,5.673799188889775,-0.0113696811526303,2028.8015437046129
2014-11-24,0.0027850111843816,2067.5,2060.75,793915,-0.0237702193339117,14.55,0.0023418899217648,0.004970474910408,5.510973263842553,-0.003715642679067,2054.1034883562484
2014-11-25,0.0,2067.5,2062.75,977855,-0.0068965790590604,14.45,0.0035041735095,0.0048926401394222,5.452754594643296,-0.0055597218834872,2056.037169607191
2014-11-26,0.0022948255737889,2072.25,2065.25,743541,-0.017452449951226,14.2,0.0031975019682063,0.0046168163644098,5.484753918288403,-0.0050731567991524,2057.037808924352
2014-11-28,-0.0028996033364014,2066.25,2063.5,783116,0.0440842731320194,14.84,0.0030605318273338,0.0045314457119608,5.604457383357913,-0.004855839966088,2062.211877113641
2014-12-01,-0.0075297902523745,2050.75,2048.25,1471696,0.0499446765162567,15.6,0.0038824439468816,0.004534039660397,5.7577931609125645,-0.0061598857803049,2053.5612567330395
2014-12-02,0.0074087907967248,2066.0,2050.75,1152160,-0.0905140075408317,14.25,0.0038170775213431,0.0055929473803069,6.096491314125422,-0.0060629007311977,2038.354121786447
2014-12-03,0.0031412373298662,2072.5,2063.25,925314,0.0,14.25,0.0039660007185663,0.0061813415399191,6.388670497918459,-0.0063185204447902,2052.9870912197443
2014-12-04,-0.0002412836300766,2072.0,2061.25,1374378,-0.0212773984472849,13.95,0.0054593372836232,0.0057972290614286,6.39450061250039,-0.0086981462996218,2054.551265317378
2014-12-05,0.0019286409064056,2076.0,2068.5,1148282,-0.0290929609416643,13.55,0.0033460742012317,0.0053075794706528,6.496099141228951,-0.0053362001618799,2060.9728409949653
2014-12-08,-0.0079797304096436,2059.5,2053.75,1414138,0.0814609464589803,14.7,0.0064991927254316,0.005003326537956,6.496228747069099,-0.010364693622023,2054.594020879421
2014-12-09,-0.0009715813249107,2057.5,2033.25,1893729,0.0135137191667227,14.9,0.0099796632862866,0.0059803822466696,6.353738730413124,-0.0158939590558026,2027.0251519186568
2014-12-10,-0.0151814864828612,2026.5,2023.25,2376052,0.1750243029700113,17.75,0.0084588662054256,0.0054709092816184,6.438708292511597,-0.0134827934425187,2029.945326894189
2014-12-11,0.0022181155120213,2031.0,2023.75,2255859,0.0759171997052301,19.15,0.0112577110048714,0.0086037308953521,6.2827455434631805,-0.017916794112833,1990.514947746048
2014-12-12,-0.0167570482182339,1997.25,1996.5,1487564,0.0,19.15,0.0076405065301473,0.0076635371168702,5.92979173036986,-0.012122428082235,2006.5279784120607
2014-12-15,-0.0036365956436128,1990.0,1981.5,1128936,-0.021108963210235,18.75,0.0130629588958046,0.0104375714240008,6.0073452643273,-0.0207274868120141,1956.278115938944
2014-12-16,-0.0126423934151764,1965.0,1961.5,3365454,0.0695260626486105,20.1,0.0166134465081115,0.0091078570025614,6.151090163466584,-0.0264040577993618,1938.14354806994
2014-12-17,0.0217714507505606,2008.25,1966.0,2765611,-0.1299840316857246,17.65,0.0093620664161478,0.0099299773606263,6.231762390814805,-0.0148920646871612,1935.9539078341447
2014-12-18,0.0254422867297048,2060.0,2004.5,2358167,-0.0258263995598984,17.2,0.0125608091350775,0.0136806111430894,6.085967954399278,-0.0199487544080922,1968.5848643800705
2014-12-19,0.0033922978981406,2067.0,2056.5,1765615,-0.0385232819963352,16.55,0.0064454226580446,0.0177366579191923,6.160333298306417,-0.0102448552736919,2039.0033356751717
2014-12-22,0.0026573273276824,2072.5,2064.0,858554,-0.0075815374523977,16.425,0.0034243347624815,0.0148739684167362,6.142996183939305,-0.0054418790867873,2055.7821866033964
2014-12-23,0.003131400848563,2079.0,2071.5,777814,-0.0309143629124473,15.925,0.0040425525552281,0.0126522792497329,5.887967773485011,-0.0064139141071402,2059.249701575472
2014-12-24,-0.0001202573508756,2078.75,2077.0,235054,0.0186630611319267,16.225,0.0022094449307589,0.0108286526301025,5.772885197441115,-0.0035055054490304,2071.724813225041
2014-12-26,0.0026423267835848,2084.25,2078.5,309281,-0.0233837622668642,15.85,0.0030663978149466,0.0091714309588223,5.712551098424064,-0.004865146942358,2068.6611375926027
2014-12-29,0.0007194244914616,2085.75,2076.0,636345,0.0140957698003933,16.075,0.0043288576954449,0.0079253660226168,5.651010182345028,-0.0068681658584027,2069.9840717691964
2014-12-30,-0.0043243310630032,2076.75,2073.0,718028,0.0215392942469914,16.425,0.0041771421693709,0.0067426587238628,5.7079702062009305,-0.006627453996364,2071.9724931527417
2014-12-31,-0.011745609392598,2052.5,2050.75,836223,0.0943411204082158,18.05,0.0082909585388649,0.006293441518372,5.842227362664929,-0.0131544352751498,2049.6104208109714
2015-01-02,-0.0030497126412383,2046.25,2038.75,1358348,-0.0111421765532417,17.85,0.009451264846874,0.0082656554873117,5.967430390276229,-0.0149953773274476,2021.9516028338592
2015-01-05,-0.014893499494085,2016.0,2009.5,2033774,0.0689928714869512,19.125,0.0099751865644461,0.0074073156193511,5.665881392474472,-0.0158266315534505,2014.119683196704
2015-01-06,-0.0107219578457984,1994.5,1984.25,2345361,0.0384662808277962,19.875,0.0115869805509188,0.0098948869898929,5.879372792103807,-0.0183839039813058,1979.2766431771072
2015-01-07,0.0124565636580067,2019.5,1995.75,1760658,-0.0529497466463757,18.85,0.0068097213218447,0.0100504553115627,6.145134943181753,-0.0108221148898208,1973.0316677584983
2015-01-08,0.0174258919268668,2055.0,2020.25,1555733,-0.0643617021113835,17.675,0.0080725906648533,0.0106882420009675,6.278221175667102,-0.0128470449410541,1993.7213371174955
2015-01-09,-0.0096571864762475,2035.25,2031.25,1907571,0.0536949343071881,18.65,0.0090136564926555,0.0127508793646676,6.711445402076665,-0.0144012191587787,2025.6175738206675
2015-01-12,-0.0062842915214407,2022.5,2015.25,1622204,0.0484070957870419,19.575,0.0108807610284771,0.0118533731499371,7.029772989141947,-0.017426043143141,2000.090877602349
2015-01-13,-0.0032190197413868,2016.0,2001.0,2496445,0.0076336248550714,19.725,0.0175489310332291,0.0105312118745946,7.193095266092418,-0.0281363270564888,1966.387381778297
2015-01-14,-0.0042251833703428,2007.5,1981.25,2516599,0.0075757938084577,19.875,0.0131817067436521,0.0091377189953718,6.781464412537471,-0.0210723373785779,1973.9626361248245
2015-01-15,-0.0092581669669442,1989.0,1978.25,2259660,0.044287680201116,20.775,0.0160537692021134,0.0081354298864845,6.379797706679271,-0.0255742371337418,1956.810652367344
2015-01-16,0.0119941467858186,2013.0,1970.25,2017979,-0.0305460523488201,20.15,0.0119643101092391,0.0085550598670986,6.58108518185907,-0.0190946178594766,1951.3811072623653
2015-01-20,0.0018611581772924,2016.75,1997.5,1807759,-0.0012414650880647,20.125,0.0101426602172259,0.0096011690976205,7.036115653110614,-0.016244658797484,1980.5636736634967
2015-01-21,0.00482286225128,2026.5,2005.25,1639269,-0.0641245281695384,18.875,0.0090462721065115,0.0082795461549178,7.365291383360907,-0.0145195505386965,1987.679254248484
2015-01-22,0.0146953416021151,2056.5,2019.25,1834361,-0.0544352065550173,17.875,0.0105052714061207,0.0075567604321709,7.812685705587864,-0.0169026399452111,1992.534660753092
2015-01-23,-0.0060968363468836,2044.0,2042.25,1353089,0.0262264859205081,18.35,0.0058580506292568,0.0098471729659886,8.605160770301605,-0.0094575433913771,2037.1422447088044
2015-01-26,0.0046369820730181,2053.5,2025.5,1264468,-0.0632677576008569,17.225,0.0085380230721164,0.0089468037257374,8.488613351688869,-0.0137781719396884,2016.030543019743
2015-01-27,-0.0115098613607802,2030.0,2013.25,1957000,0.0370412716803487,17.875,0.0124416936991206,0.0081032286149997,8.534778295348934,-0.0200812328840982,2012.674473642398
2015-01-28,-0.0191476694141341,1991.5,1991.25,2087277,0.1358015411590618,20.475,0.0134776637662668,0.0090884333396606,9.048200334254435,-0.0217920720239346,1986.2406292143369
2015-01-29,0.013466537671297,2018.5,1982.0,2124643,-0.0708260525686124,19.075,0.0109695467143047,0.0125078688982124,9.027157712600635,-0.0177355028835575,1956.491113768715
2015-01-30,-0.0149740756452505,1988.5,1986.25,2353992,0.0985219829578696,21.05,0.0074282693477352,0.0126111663487223,8.65021579457565,-0.0119945670649464,1994.4335880105243
2015-02-02,0.0142306733064661,2017.0,1973.75,2038824,-0.0524190684760519,19.975,0.0135553316107363,0.013104288797129,9.27194832164932,-0.0219326488519857,1945.3617253326815
2015-02-03,0.0123184607703992,2042.0,2007.0,1705780,-0.0566431965172498,18.875,0.0099203254262854,0.0132240765974349,10.79231148284879,-0.0160819835011253,1984.822075218204
2015-02-04,-0.0058939266887776,2030.0,2022.75,1696963,0.046580218518629,19.775,0.0086270026295561,0.0128119006956084,13.636118199295694,-0.0139853591481057,2013.640666583716
2015-02-05,0.0122400548945016,2055.0,2020.75,1343547,-0.0572327826348364,18.675,0.0094867989554833,0.01112566516102,13.523838023543137,-0.0153791874484609,1999.019090715016
2015-02-06,-0.0009737099114008,2053.0,2044.5,1722475,0.0251169846077736,19.15,0.0080212844008328,0.0112778999185583,14.444891472462354,-0.0130034205380227,2028.450959061192
2015-02-09,-0.0051275902847756,2042.5,2036.5,1289419,0.0245015480418171,19.625,0.004758107872597,0.0095115520647927,13.499569489364426,-0.0077134377165622,2037.225229435727
2015-02-10,0.0096230720066827,2062.25,2040.5,1397704,-0.0245015480418171,19.15,0.0069848630404919,0.0085677542799895,13.113328378231156,-0.0113232628313961,2019.502683713908
2015-02-11,0.0016957368404524,2065.75,2053.25,1295469,-0.0039241384561341,19.075,0.008937255152443,0.008841251833636,13.679861361498176,-0.0144883140149924,2032.5868776218476
2015-02-12,0.0087957672919642,2084.0,2058.5,1433910,-0.0455842992757986,18.225,0.0084215736579286,0.0076092665434252,12.80279861611034,-0.0136523352612468,2037.739329035192
2015-02-13,0.0045481825859399,2093.5,2081.5,1224925,-0.0068823396229418,18.1,0.0033361974543105,0.0080156982087653,13.279502719739105,-0.0054083581043176,2072.7594056895214
2015-02-17,0.0011934599817351,2096.0,2080.75,1234818,0.0082531417567204,18.25,0.0059251983609427,0.007280502455045,13.194393834986773,-0.0096054250427202,2073.4873117325637
2015-02-18,-0.0002385780758062,2095.5,2088.5,1088179,-0.0207619914484293,17.875,0.0033645944984366,0.0063380010068996,12.718889099303926,-0.0054543929646163,2084.5987141588603
2015-02-19,-0.0001193103861112,2095.25,2087.25,1143901,-0.0140847398817389,17.625,0.004137855275775,0.0055483740476289,12.526590162541847,-0.0067079372314479,2081.490557293854
2015-02-20,0.0055922568251736,2107.0,2082.25,1645222,-0.0420047267693046,16.9,0.0083295085523978,0.0049449742960147,11.92594909243323,-0.0135030871827258,2067.1478166918478
2015-02-23,-0.0001186591517257,2106.75,2099.75,849695,0.0073692301065482,17.025,0.0028528514626755,0.0054247361603993,12.151172600718782,-0.0046247989035062,2097.278047077295
2015-02-24,0.0033171455603264,2113.75,2102.75,1080747,-0.0543119893537396,16.125,0.0037566988280392,0.0048778241195944,12.025764212366605,-0.0060900389831108,2093.9587993615214
2015-02-25,-0.00165719734896,2110.25,2107.25,974711,0.018433701688838,16.425,0.0033603092333799,0.0048044041278277,11.808170868287135,-0.0054474460592499,2102.2667664367195
2015-02-26,-0.0001184763937169,2110.0,2101.5,1176136,-0.0246545615639406,16.025,0.0044418859761645,0.0044852632123133,11.87900433990385,-0.0072008058115999,2095.1090783776435
2015-02-27,-0.0034419356275661,2102.75,2100.75,1207187,-0.0109805024834441,15.85,0.0028067143271885,0.0041447692130171,11.754377135590696,-0.0045500053236782,2100.421296867454
2015-03-02,0.0053358755876367,2114.0,2100.5,1075660,-0.0336840185010145,15.325,0.0040782617652846,0.0043197977702209,11.762529092797696,-0.0066113293268379,2088.8938814100866
2015-03-03,-0.0043851922124096,2104.75,2095.5,1360995,0.028940926605002,15.775,0.0057712773966718,0.0049389806594343,12.682989832648811,-0.0093559015340132,2094.3138585560973
2015-03-04,-0.0039274076069562,2096.5,2085.25,1490440,-0.0031746058407726,15.725,0.0061123230592209,0.0050488292404028,12.601213681400113,-0.0099087756064416,2083.9974903196576
2015-03-05,0.0015490023949196,2099.75,2093.25,1097593,-0.0257663207642293,15.325,0.0033171484737966,0.0050688712311244,11.729563020059793,-0.0053774775255891,2085.256376628153
2015-03-06,-0.0139074295273635,2070.75,2065.5,1901150,0.0555257604160632,16.2,0.0096296414666802,0.0046318372485663,11.881901401126257,-0.0156107515161316,2067.2258482264147
2015-03-09,0.0033747169547622,2077.75,2066.0,1189658,-0.0234202742080982,15.825,0.005478982887115,0.0085924749871202,10.95253285083517,-0.0088820586631224,2052.438917459419
2015-03-10,-0.0173558577085248,2042.0,2041.25,1903455,0.0672008507680987,16.925,0.0066664689584357,0.0074516392590898,11.144974654671277,-0.010807109564799,2055.41642615929
2015-03-11,-0.0012250399669975,2039.5,2038.25,1707510,0.0903293523838115,18.525,0.0046192629490695,0.0113991663991619,11.165767430833444,-0.0074883541962707,2026.7658911210144
2015-03-12,0.0119411678438403,2064.0,2038.25,1628622,-0.0612152145355628,17.425,0.0070974658036636,0.0094213887686482,10.879757901951637,-0.0115058048047381,2016.16839295181
2015-03-13,-0.0069280131251661,2049.75,2040.0,1209436,0.0243776243998241,17.855,0.0088730766738072,0.0102126665239117,11.414423095773106,-0.0143842733519901,2034.5233680100037
2015-03-16,0.0129659495945206,2076.5,2044.5,946436,-0.0215122929265376,17.475,0.010141726442529,0.0093120921263902,11.070918905925415,-0.0164408999012796,2016.325780437443
2015-03-17,-0.0049484139355744,2066.25,2056.25,1791792,-0.0057388966690181,17.375,0.0048828337355009,0.010536815958222,11.428489012271337,-0.0079156326227967,2060.1280714296063
2015-03-18,0.0126241532283968,2092.5,2052.25,2013069,-0.0501580057131056,16.525,0.0141498743793613,0.0091708138381791,10.981753722591126,-0.0229385666834008,2019.392661274663
2015-03-19,-0.0052707357286001,2081.5,2076.5,1496920,0.0,16.525,0.0067312222751397,0.0103461320190096,11.32027787172105,-0.0109120821061349,2069.79059696844
2015-03-20,0.0084913504286419,2099.25,2077.75,1417654,-0.0214075453507858,16.175,0.0078451124734209,0.0090635380551792,11.104385926163088,-0.0127178256700869,2055.1954686368776
2015-03-23,-0.0021459235702767,2094.75,2093.25,957576,-0.0062015702632813,16.075,0.0045433555729374,0.0089201585651192,11.028926073347549,-0.0073652996473407,2083.8451948577235
2015-03-24,-0.0046653592604934,2085.0,2083.0,1193863,-0.0125197253449274,15.875,0.0054635088585916,0.0075737899532375,10.812206963108393,-0.0088569734909415,2076.278775103762
2015-03-25,-0.0151014648814244,2053.75,2052.25,1777447,0.0431499912931707,16.575,0.0083749228750295,0.0069226036253058,10.809799439954888,-0.0135767090001455,2056.8838559666806
2015-03-26,-0.0025595723645519,2048.5,2033.25,1842218,-0.0060514556833553,16.475,0.0085152970451051,0.0101718156378289,10.759803000392752,-0.0138042716042067,2025.5942590473776
2015-03-27,0.0019507443396573,2052.5,2041.0,1158856,-0.0140589112675071,16.245,0.0057295167700093,0.0086407916015287,10.23511276062717,-0.0092882027761474,2029.5612064455656
2015-03-30,0.0111435261665109,2075.5,2047.25,1236364,-0.0293587606937868,15.775,0.0096285989258234,0.0073798605693686,10.249142283756465,-0.0156090614380204,2020.711143926744
2015-03-31,-0.0071320942997568,2060.75,2056.25,1596352,0.0312037796673561,16.275,0.0056122229385608,0.0087260075515219,10.610142591036938,-0.0090980560439505,2056.7026241323065
2015-04-01,-0.0037678561744032,2053.0,2033.5,1818878,-0.0154801852878994,16.025,0.0092904751622076,0.0083274324395826,10.52032915826556,-0.0150609240983522,2029.9457531548987
2015-04-02,0.0031610968572017,2059.5,2044.0,1047174,-0.0252778071842683,15.625,0.0070257693740705,0.0073658675365324,10.296597076444224,-0.0113895766823469,2029.7498550637392
2015-04-03,0.0,2059.5,2038.0,95921,0.0,15.625,0.0088769961664039,0.0065337503456742,10.5702163019959,-0.014390627298314,2030.0747348958932
2015-04-06,0.0066541894551779,2073.25,2038.75,948447,-0.0226546905648064,15.275,0.0098265753254157,0.0056422096319928,10.69512726170512,-0.0159300038522097,2026.952089526512
2015-04-07,-0.0026563647592974,2067.75,2066.0,1048474,0.0,15.275,0.0055975608004867,0.0061605652856123,10.613990752562197,-0.0090742870391582,2054.5218352777065
2015-04-08,0.0039819057137631,2076.0,2064.5,1217049,0.0906871009566332,16.725,0.0048805750424035,0.0055992653290372,9.91573195095035,-0.0079103828085111,2051.4578295558445
2015-04-09,0.0046855374964049,2085.75,2066.75,1211778,-0.0334377656273279,16.175,0.0064675636498429,0.0053965442693341,10.269294065583678,-0.0104846612827497,2054.3475508255065
2015-04-10,0.0046636855829422,2095.5,2083.0,880529,-0.0494240590105006,15.395,0.0034824900997656,0.0054395405678773,9.74798423219587,-0.0056420399916139,2074.015250180343
2015-04-13,-0.0043041673335189,2086.5,2085.25,1080267,0.0432224887472192,16.075,0.0047378831086967,0.0054593924648024,10.915411961799515,-0.0076806510583244,2079.4668470532933
2015-04-14,0.0021543993970256,2091.0,2075.75,1267366,-0.0283930745012175,15.625,0.0056433650731567,0.0053896245909696,10.710306848422356,-0.0091485410102436,2067.498619165833
2015-04-15,0.0041758695771036,2099.75,2087.25,1045308,-0.0193867138001904,15.325,0.0056801861442816,0.004969382367309,10.327829887547464,-0.0092082321829499,2071.833964583801
2015-04-16,0.0004761338025902,2100.75,2089.0,1113607,-0.0131364779053697,15.125,0.0053065938538061,0.0050317068653521,10.1040845166483,-0.0086025962997101,2081.764171748924
2015-04-17,-0.0120923353152333,2075.5,2064.5,1822841,0.0363558377257362,15.685,0.0100576720187044,0.0045719596452824,9.552861677581914,-0.0162862899938229,2066.813674823808
2015-04-20,0.0074403319355393,2091.0,2078.5,1119881,-0.0330555046970792,15.175,0.0057030316208239,0.0076654247397146,9.313058410670632,-0.0092286669189485,2056.434013945045
2015-04-21,0.0,2091.0,2087.25,1052404,-0.0033003330286569,15.125,0.0060553912012704,0.0076878802821913,9.512826411513668,-0.0098043714406729,2070.5992310951483
2015-04-22,0.0044139648163232,2100.25,2080.25,1188586,-0.0133113446382391,14.925,0.0075571476068004,0.006633567390808,9.219063137589645,-0.0122256115385771,2065.5918776588537
2015-04-23,0.0032087495592323,2107.0,2087.5,1362552,-0.0134909297410157,14.725,0.0087938105712969,0.0062528604901849,9.38148332062082,-0.0142329771437153,2070.568915908286
2015-04-24,0.0022518528034174,2111.75,2103.0,958312,-0.006130809393801,14.635,0.0037355277838958,0.005768495970333,9.429259253505776,-0.0060468498469649,2094.29773043504
2015-04-27,-0.0033202923898327,2104.75,2100.25,1210483,0.0329330837730559,15.125,0.0060357527666046,0.0052958726625642,8.987388252795103,-0.0097573242889431,2091.245169254946
2015-04-28,0.0034386706083786,2112.0,2088.25,1476513,-0.0439259804578462,14.475,0.0077931980651389,0.0051051416035634,9.03496139307377,-0.0126003134395945,2078.395874092951
2015-04-29,-0.006174325005519,2099.0,2090.5,1739720,0.0406147191541901,15.075,0.0065391336486097,0.0049904715037047,9.134683680236634,-0.0105760021899469,2089.7811836011506
2015-04-30,-0.0095740319626198,2079.0,2070.25,2026329,0.0294138852062935,15.525,0.0091108851074275,0.0055914157984945,9.575794422673766,-0.0147540756060517,2068.258533915532
2015-05-01,0.0107643665871579,2101.5,2080.5,1022085,-0.0686478654459237,14.495,0.0049290373523335,0.0070634363591693,10.225813659440512,-0.0079905339764988,2062.453874090688
2015-05-04,0.0036810586005646,2109.25,2098.0,1000837,-0.0013807389145599,14.475,0.0052595974450535,0.0083442103224968,10.81185024456021,-0.0085264097395225,2083.657922456883
2015-05-05,-0.0120433101724781,2084.0,2081.5,1590274,0.0505157901369019,15.225,0.0068519813545382,0.0073825516564031,10.924180345989686,-0.0111078464020674,2085.9504186282857
2015-05-06,-0.0046894813288629,2074.25,2061.25,1756254,0.0291282729230233,15.675,0.0105388510876607,0.0089963603297211,11.173896714389748,-0.0170846844261277,2048.697938623633
2015-05-07,0.0048094357463277,2084.25,2057.0,1437746,-0.0160775167275328,15.425,0.0102765590178388,0.0080359092450493,11.10316815289831,-0.0166594789456527,2039.98032584625
2015-05-08,0.0115677158958922,2108.5,2084.0,1379447,-0.06980357278794,14.385,0.0071621075573491,0.0073368300949341,11.346777500383844,-0.0116105964896458,2060.1905567889694
2015-05-11,-0.0051114524364361,2097.75,2095.75,1147278,0.0368516622751546,14.925,0.0047400982442361,0.0087946953684392,11.925003816264072,-0.0076842420466908,2092.359867406872
2015-05-12,-0.0013117883939406,2095.0,2079.25,1483837,-0.0203052661607459,14.625,0.0073129649957538,0.0079736180324722,11.435975307689814,-0.0118551536721167,2073.0276843583088
2015-05-13,-0.0002386919691481,2094.5,2091.5,1341325,0.0851578083403068,15.925,0.0050264588606303,0.0068603483768257,11.366309505180746,-0.0081484653972697,2077.998327833648
2015-05-14,0.0109212861391201,2117.5,2092.0,1104560,-0.0190180058357616,15.625,0.0061249163393503,0.0059522262352758,11.076382522642488,-0.0099291907555988,2073.806216239982
2015-05-15,0.0007081317420896,2119.0,2113.25,1023893,-0.0070648977221217,15.515,0.0031297904445275,0.0078331685850392,11.069862346470446,-0.0050737487056125,2106.7835464015484
2015-05-18,0.0032980006335936,2126.0,2112.25,917101,-0.0354251538988306,14.975,0.005134908451368,0.0067521768831496,10.833202119506527,-0.0083242746025128,2101.4340753411816
2015-05-19,-0.0007057993470267,2124.5,2121.25,1001397,-0.0067001925698195,14.875,0.0041860358681441,0.0061435357643038,10.708814738935022,-0.0067860434888797,2111.6217125616663
2015-05-20,-0.0009418413693635,2122.5,2119.25,1011268,0.0,14.875,0.0042938713306196,0.0054463638749589,10.191518578802846,-0.0069608571218854,2109.7630095917616
2015-05-21,0.0025879322760324,2128.0,2115.0,794479,-0.0376756888308902,14.325,0.0052484656719939,0.004921248983373,9.49473930234428,-0.0084974460997466,2104.5405833065124
2015-05-22,-0.0016460909066688,2124.5,2122.75,765943,0.0076495505140954,14.435,0.0023656572208624,0.0046970623393093,9.437920041635476,-0.0038294777653626,2119.866454870222
2015-05-26,-0.0092210134383847,2105.0,2096.0,1589652,0.0333818461637673,14.925,0.0086563096452708,0.0044064607487191,9.234989795888504,-0.014004452940829,2094.9549040554525
2015-05-27,0.0075722084482006,2121.0,2101.25,1290556,-0.0271663565406909,14.525,0.0062563810146028,0.0064796920831839,9.37133044839131,-0.0101257983329073,2083.792745899509
2015-05-28,0.0003535442851037,2121.75,2110.5,1082365,-0.0034482792789161,14.475,0.0040601423767037,0.0069719095351728,9.888465402128842,-0.0065801999029109,2107.089214075613
2015-05-29,-0.0074508061558651,2106.0,2102.25,1692162,0.0116759568206377,14.645,0.0050636925283281,0.0060740440980237,9.607247395959767,-0.0082007793682096,2104.4211485369583
2015-06-01,0.001542020351815,2109.25,2100.25,1338859,-0.0047912480431406,14.575,0.0058298252148731,0.0066695729160777,10.159024312669937,-0.0094508142516791,2086.1903413343725
2015-06-02,-0.0011859583932727,2106.75,2094.0,1442814,0.0203742191951374,14.875,0.0072833370554098,0.005904584198093,10.141793139575908,-0.0118071233880978,2084.4922713903597
2015-06-03,0.004381038325727,2116.0,2106.75,1314954,-0.0341913647482794,14.375,0.0038621318595276,0.0053057761126547,10.045717190704892,-0.0062609580003819,2093.6009325653204
2015-06-04,-0.008066473157557,2099.0,2091.25,1717287,0.040891557318099,14.975,0.0067929850165786,0.0053398494146099,10.234363816512811,-0.0110122065825127,2092.826003479467
2015-06-05,-0.0032209989076497,2092.25,2083.5,1460654,-0.0161565278118551,14.735,0.0062108068770284,0.0064515528932495,10.483331219320023,-0.0100684291525754,2077.9724022837254
2015-06-08,-0.0067138485017856,2078.25,2076.25,1290922,0.032713197406303,15.225,0.0040558275858745,0.005940812901009,10.22780111197272,-0.0065749609530567,2078.538663093537
2015-06-09,0.000841700284166,2080.0,2068.75,1449695,-0.0266238687121718,14.825,0.0054478220593454,0.0063638347273467,10.781935857365976,-0.0088315433930543,2059.976654635388
2015-06-10,0.012897241108825,2107.0,2080.0,1665519,0.0396746249076622,15.425,0.005356113594317,0.005640499704016,10.695415083796158,-0.008682873469627,2062.017804722759
2015-06-11,0.001067299241547,2109.25,2103.25,1480514,-0.0196405658745462,15.125,0.0037347238655165,0.0084785861393711,10.83442882704539,-0.0060544150524894,2094.2818867022106
2015-06-12,-0.0077339905997364,2093.0,2090.25,1134193,0.0150921499758807,15.355,0.0043054374545376,0.0072939829314992,10.272587670409042,-0.0069796071332034,2094.579520302546
2015-06-15,-0.0043093195727417,2084.0,2071.25,1082004,0.0427088489139477,16.025,0.0062238111653974,0.0075314968488721,10.72064043667949,-0.0100895105931539,2071.988828787149
2015-06-16,0.002396358683308,2089.0,2062.0,1657466,-0.0236790858205715,15.65,0.008608839638954,0.0069058883428529,10.905016526876556,-0.0139559148604798,2055.117880405261
2015-06-17,0.0001196673249799,2089.25,2078.75,1578971,-0.0015987213636967,15.625,0.0067690395438581,0.0061756754541568,10.878515417385437,-0.0109733882292158,2066.2019069216644
2015-06-18,0.0121314523025786,2114.75,2082.0,1902148,-0.0424900516209523,14.975,0.0099627183220611,0.0055052942522586,10.05714999129694,-0.0161507072396251,2055.7781594265352
2015-06-19,-0.0080712604339456,2097.75,2097.0,1239246,0.0302555139526097,15.435,0.0048281540710957,0.0080925390753,10.582910231313852,-0.0078269906253797,2098.2624795800143
2015-06-22,0.0071250746744127,2112.75,2103.5,1095709,-0.0607663552161477,14.525,0.0058380483016549,0.0081421945274716,11.10302959684542,-0.0094641448169854,2077.9902423043245
2015-06-23,0.0017733645363868,2116.5,2111.25,837133,-0.0314711287122211,14.075,0.003048222299944,0.0079290492470874,11.571602735881909,-0.0049415174028034,2102.335561863027
2015-06-24,-0.0080645598367299,2099.5,2099.0,1163124,0.034907558210802,14.575,0.003821390897991,0.0069460699883782,11.248151143527414,-0.0061949122364481,2103.428996912106
2015-06-25,-0.0026231086937658,2094.0,2092.0,1218149,0.0034246608813641,14.625,0.0066402191985902,0.0073920784753994,11.828030163540037,-0.0107645556982065,2077.021020488572
2015-06-26,0.0008353720874847,2095.75,2086.25,1321884,-0.005485101170755,14.545,0.0048885911348496,0.006612090944362,11.90453351418046,-0.0079249660264258,2077.470704702728
2015-06-29,-0.0218278186858533,2050.5,2047.25,2292340,0.1777850995036907,17.375,0.0116317742569034,0.0058991182309007,11.746744655335467,-0.0188564380350553,2056.601877034629
2015-06-30,0.001948843491351,2054.5,2046.75,2381572,-0.0028818463748887,17.325,0.0076454007914068,0.0124076271022512,8.657084435789885,-0.0123454812399467,2025.3412089476692
2015-07-01,0.0079990730721197,2071.0,2054.5,1496815,-0.08426034361774,15.925,0.0061034270568589,0.0105434587773137,8.34186440069871,-0.00984364276159,2034.3754478981
2015-07-02,-0.0010870222702115,2068.75,2062.25,1252317,0.061492284811508,16.935,0.0056601600814525,0.0098759117996948,8.53933115542354,-0.0091358101585461,2052.165900535987
2015-07-06,-0.0020564937992277,2064.5,2034.25,1973058,0.0169793306299874,17.225,0.0128601886631808,0.0085283462433133,8.350216631079316,-0.0207416903519446,2026.2825736966504
2015-07-07,0.0044704961785093,2073.75,2035.0,2531662,-0.0536641417372276,16.325,0.0146755732258152,0.0075066804370519,8.27807747747213,-0.023662641057086,2016.221923570747
2015-07-08,-0.0167764693239647,2039.25,2036.25,2393226,0.1210107629129053,18.425,0.0076191357045389,0.0070110860524551,8.182845604264863,-0.0122800064162669,2048.440057877858
2015-07-09,0.0009802721039848,2041.25,2038.25,1981972,0.021477335610557,18.825,0.0102360401085146,0.0104533923171698,8.1227719235786,-0.0164934312676774,2005.8916235442964
2015-07-10,0.0135030334608678,2069.0,2044.75,1573858,-0.1141045506217008,16.795,0.0072371439452596,0.00904069180725,8.00699809022255,-0.0116551882387186,2017.596955111601
2015-07-13,0.012249462641547,2094.5,2052.0,1333579,-0.1486581996051974,14.475,0.0084116991022186,0.0103259443480205,8.442925630003243,-0.0135719088692707,2041.1094129141504
2015-07-14,0.003574411049807,2102.0,2090.5,955518,-0.028022849433305,14.075,0.0044656790181781,0.0108061675329643,8.743262151383947,-0.0072132166994241,2079.4462757815204
2015-07-15,0.0010698366547883,2104.25,2095.0,1147598,0.086715300007452,15.35,0.0042590754003506,0.0094761301179355,8.870168230577057,-0.0068825051666688,2087.5826448115654
2015-07-16,0.0060408830431804,2117.0,2102.75,1107382,-0.058692450574147,14.475,0.0036312635495259,0.0082551195470711,8.82545107681433,-0.0058670943991044,2091.940312969733
2015-07-17,0.0008262999938946,2118.75,2112.75,903686,-0.0034602110648958,14.425,0.0023672482554845,0.0078806346890899,8.3999641060788,-0.0038188039207577,2108.9310088532857
2015-07-20,0.0015327480451681,2122.0,2116.5,937630,-0.0139618323817685,14.225,0.0030309717375144,0.0069935799783138,7.760331337268624,-0.0048754488066251,2108.445283312221
2015-07-21,-0.0035406622613853,2114.5,2106.75,1209300,0.0,14.225,0.0057683756353546,0.0062951195884532,7.81429301472791,-0.0092812030863258,2102.3964002681487
2015-07-22,-0.0030787472512896,2108.0,2102.25,1224393,-0.0035211303985787,14.175,0.0032710700476089,0.005980728154262,7.89325407540997,-0.005265125768745,2103.39614879985
2015-07-23,-0.0045168268876079,2098.5,2091.5,1437249,0.0070299059282579,14.275,0.0067753244616931,0.0056703211031718,8.170275794270655,-0.01091941509811,2085.107089038593
2015-07-24,-0.0100575560440416,2077.5,2069.75,1669725,0.0428514574093394,14.9,0.0092633708125979,0.0056704745234293,8.884209829384865,-0.0149699639982239,2067.319498336632
2015-07-27,-0.0062771814034583,2064.5,2056.5,1781810,0.0570651954758636,15.775,0.0071896591943915,0.0071734467571084,9.909244400343836,-0.011652738682495,2053.431937152781
2015-07-28,0.0109593437479649,2087.25,2061.5,1725788,-0.0929358217438629,14.375,0.0067391038147911,0.0070659057615812,11.304960176085828,-0.0109248589844319,2042.0683828591057
2015-07-29,0.0068039653710609,2101.5,2084.5,1397228,-0.02109041265766,14.075,0.0053309349845566,0.0082540480332137,12.806196165601426,-0.0086420560599807,2069.289587714895
2015-07-30,0.0010700910598444,2103.75,2087.75,1286157,-0.0107143882124063,13.925,0.0054227162958812,0.0079685691944169,15.011910039248171,-0.008790844075596,2083.107004601563
2015-07-31,-0.0024986627313703,2098.5,2095.25,1602805,0.0035842332278153,13.975,0.0046097429534895,0.0070430805547043,16.933682921347977,-0.0074729211932926,2088.08743747632
2015-08-03,-0.003580383345012,2091.0,2080.0,1512106,-0.0071813594086647,13.875,0.0072521329378376,0.0063824843983805,16.43180809131346,-0.0117565379403025,2073.9733618060573
2015-08-04,-0.0038332581676616,2083.0,2081.5,1327878,0.0178576174000064,14.125,0.0044654894494261,0.0060118676756274,15.704131087413552,-0.0072390697446112,2075.917761715682
2015-08-05,0.0051475543124048,2093.75,2082.25,1384241,-0.014260491219157,13.925,0.007654886696672,0.0057844949832285,14.642311910141752,-0.0124094479030573,2057.3108438053314
2015-08-06,-0.0068292363904101,2079.5,2070.0,1608876,0.0387372376457113,14.475,0.008932540981729,0.0058643959130066,15.159202535525022,-0.0144806718044411,2063.6495567076568
2015-08-07,-0.0028894794965301,2073.5,2062.0,1596391,-0.0139132679169851,14.275,0.0068075954316595,0.0063387786226224,15.832944566387644,-0.0110358917384103,2056.6770306746607
2015-08-10,0.0125802893193007,2099.75,2071.75,1198912,-0.0502798897220748,13.575,0.0056195810225055,0.0058879619266536,14.521731225068004,-0.0091099843406056,2054.696228547904
2015-08-11,-0.0095705958417395,2079.75,2070.75,1783349,0.0641931576390599,14.475,0.0084504807384567,0.0082969502566093,15.235079548499332,-0.0136991969489579,2071.181242509544
2015-08-12,0.0021613841267251,2084.25,2046.5,2364321,0.0537944815986,15.275,0.0132225248818589,0.0087082948599892,16.195976386631887,-0.0214352269563497,2035.64448138508
2015-08-13,-0.0018008288677267,2080.5,2073.25,1496065,-0.0131797624444098,15.075,0.0066703484200606,0.007640306230527,15.101116169271222,-0.0108133986163334,2061.833591144191
2015-08-14,0.0043165534649745,2089.5,2073.75,1069465,0.0033112613036561,15.125,0.0047976227562027,0.0067824544369636,14.535263284713388,-0.0077774958677706,2064.3816811750585
2015-08-17,0.0046553351757019,2099.25,2074.75,1292437,-0.0066335234956338,15.025,0.0082280718126083,0.0064274917572883,14.742173017887572,-0.0133386466119175,2061.813955575097
2015-08-18,-0.0025040256331898,2094.0,2090.25,1135552,0.0099338565242907,15.175,0.004374303420778,0.0062552498433685,13.96841697496922,-0.007091246750381,2084.4163569309253
2015-08-19,-0.0101998844341544,2072.75,2066.5,2289064,0.0356024656409421,15.725,0.0087758063868941,0.0057997386443501,13.46520753921906,-0.0142265870783987,2064.420433692341
2015-08-20,-0.0230596443535828,2025.5,2024.5,2583142,0.0968987424894627,17.325,0.0111860327599246,0.0074329981684666,15.46935617228164,-0.0181338400262052,2035.501829970463
2015-08-21,-0.0270219093250636,1971.5,1967.25,4168331,0.1385691866544798,19.9,0.0137024165927656,0.0138947979953867,11.476241529116187,-0.0222131863725478,1981.003228184062
2015-08-24,-0.0521880175838429,1871.25,1831.0,5258752,0.2331436346487931,25.125,0.0396451569412863,0.0189102882454299,12.13214708487629,-0.0642693392033234,1848.778840890144
2015-08-25,0.0008012820941534,1872.75,1860.0,3658827,0.007928683755507,25.325,0.0328686977046921,0.0349816212859011,10.533997570548298,-0.0532839228025467,1774.1523045471577
2015-08-26,0.0342485746227199,1938.0,1850.5,3527300,-0.0652627056387555,23.725,0.0279503256490742,0.0265934651159505,10.66463094093357,-0.0453106784933165,1789.7881490323111
2015-08-27,0.0261011698069326,1989.25,1934.5,2940255,0.0187896968433665,24.175,0.0131581143707523,0.0287466124353789,11.618908701059569,-0.0213308101421421,1897.0986700386436
2015-08-28,0.0002513194283144,1989.75,1967.25,1968514,0.0102881565894885,24.425,0.0090947336726102,0.026772719078111,12.399319744597344,-0.014743604729186,1960.1364311437453
2015-08-31,-0.0103562431025254,1969.25,1959.25,1876279,0.0787033338274549,26.425,0.0087027730394023,0.0203528426819252,12.480562869183895,-0.0141081916590021,1961.8753186688311
2015-09-01,-0.0274130800526277,1916.0,1898.75,2822050,0.1176779108205439,29.725,0.0189423001789037,0.0164132388459925,12.90903171329547,-0.0307076376893172,1909.6980143957053
2015-09-02,0.0160500468413937,1947.0,1907.25,2178629,-0.1348539055915543,25.975,0.0108668431816066,0.0207197730628217,13.761209701683915,-0.0176163971690747,1882.5425481578905
2015-09-03,-0.0005137426262491,1946.0,1942.0,2054305,-0.0135660995267188,25.625,0.0113674391056417,0.0185226055932601,14.351203123921444,-0.0184279204856115,1911.449406609918
2015-09-04,-0.0125397545167089,1921.75,1907.75,2138986,0.0895285314996514,28.025,0.0128232195281369,0.0143571851256062,14.137359235687804,-0.0207879072531621,1905.9643033913665
2015-09-08,0.0226376226423843,1965.75,1915.75,1880634,-0.1293347819000709,24.625,0.0112345672202792,0.013340259747808,14.78224755709023,-0.0182125199441634,1887.0668819687264
2015-09-09,-0.011769356782274,1942.75,1935.5,2144217,-0.0163770292813225,24.225,0.0188924010637718,0.016860011091343,15.358252566911446,-0.0306267455096971,1906.4580690227224
2015-09-10,0.0034684343333006,1949.5,1928.5,2270403,-0.0357180826020795,23.375,0.0139469614058914,0.0148996633949466,15.851614268477627,-0.0226096215176646,1899.317998523476
2015-09-11,0.0054990866883786,1960.25,1937.25,1045267,-0.0194390570322222,22.925,0.0084950701516211,0.0120133396832209,15.889731034978086,-0.0137714814936699,1922.8365160669
2015-09-14,-0.0031934625083032,1954.0,1946.5,893365,-0.0021834069809432,22.875,0.0095195435894096,0.0101982690016317,15.605989189481216,-0.0154322702496719,1930.2311177545728
2015-09-15,0.0081549891293066,1970.0,1935.25,2035624,-0.1132849704155187,20.425,0.010758911655759,0.0085741163030109,15.783826056852664,-0.0174414278063426,1920.214936396893
2015-09-16,0.0090955654844853,1988.0,1962.75,595800,-0.0736373174643727,18.975,0.0075616928740107,0.0086382153666454,16.4734409498431,-0.0122583700448174,1945.9984216803448
2015-09-17,-0.0054221178169928,1977.25,1972.0,522500,0.0736373174643727,20.425,0.0138101656688961,0.0089291009845537,17.44632504096008,-0.022387859963396,1943.9874461409795
2015-09-18,-0.0136212404528155,1950.5,1941.25,2423501,0.0524554095677278,21.525,0.0125959219124677,0.0081592678919465,17.264790731579954,-0.0204194317901141,1937.2850974090584
2015-09-21,0.0063881653297501,1963.0,1938.5,1513503,-0.0898662560103273,19.675,0.0101375458309437,0.010223100013111,18.80918440569953,-0.0164341226511744,1918.707202681856
2015-09-22,-0.0159181795039984,1932.0,1917.75,1985152,0.1014137284350993,21.775,0.013796403816043,0.0092236002211858,18.116913423412235,-0.0223655504240394,1919.5837484824424
2015-09-23,-0.0018132371241801,1928.5,1910.5,1423965,-0.0303053494953284,21.125,0.0114544506326954,0.0116405126854421,19.37821484365837,-0.0185689761347313,1896.455769411184
2015-09-24,-0.0050685663127758,1918.75,1897.25,2218286,0.0348872590004405,21.875,0.0137622769018394,0.009642426904554,17.945138667570728,-0.0223102267882126,1885.951129972505
2015-09-25,0.0002605523725005,1919.25,1910.25,2080724,0.0203626945188846,22.325,0.0147981530610058,0.0086149947077866,16.31018915662525,-0.0239895006613038,1873.2678735686115
2015-09-28,-0.0249271066704706,1872.0,1868.75,2354063,0.0754668309216262,24.075,0.0176643594623337,0.0074164165377011,15.522331619919552,-0.0286359494496511,1865.0699055766208
2015-09-29,0.0013345791384296,1874.5,1861.0,2374651,-0.0083420713173949,23.875,0.010824822381882,0.0147485482105325,10.913848171210038,-0.0175482766408827,1839.4361812215088
2015-09-30,0.0181066203568756,1908.75,1871.25,2216643,-0.0362513042254235,23.025,0.0096182679285827,0.0121940239485233,10.885225084958137,-0.0155923137084817,1845.4988926955923
2015-10-01,0.0041824659061617,1916.75,1890.25,2052465,-0.0353628007414021,22.225,0.0137723493496988,0.014026008015151,10.879959629314031,-0.0223265553795974,1866.606398756083
2015-10-02,0.0136021269384363,1943.0,1883.0,2466082,-0.0531302775120492,21.075,0.020833009859703,0.0118262896406688,10.98192531508468,-0.0337726945887073,1853.0971026439704
2015-10-05,0.0162086376670878,1974.75,1937.25,1675519,-0.0586248433475233,19.875,0.0111096447102682,0.0122302610705096,11.0063845421346,-0.01801000625045,1908.3197906508783
2015-10-06,-0.003169976660736,1968.5,1962.5,1606289,0.0223889948934785,20.325,0.0069368520347784,0.0133162464792807,11.849054939609005,-0.0112454314933523,1952.667480600021
2015-10-07,0.0094799420694302,1987.25,1960.5,1937061,-0.0427200636770623,19.475,0.0072664288344137,0.0111904225436382,11.154675663279866,-0.0117797132256879,1945.447675962654
2015-10-08,0.0096401372537489,2006.5,1971.0,1803978,-0.0554231536814118,18.425,0.0120793632344707,0.0106673615802049,10.853894892265728,-0.0195820310214961,1948.714145395012
2015-10-09,0.0004982561139454,2007.5,1998.75,1378359,-0.0136614146558171,18.175,0.0052640189797378,0.0103608690897052,10.85071239476938,-0.0085335775535595,1989.4502278814448
2015-10-12,0.0017419439517354,2011.0,2001.75,804576,-0.0831424174052908,16.725,0.0039298721385027,0.0088762671679576,10.173963353937472,-0.006370772749599,1994.75132627566
2015-10-13,-0.0084894392508685,1994.0,1991.25,1518662,0.0886293996215501,18.275,0.0061342966887075,0.0077837142968128,9.445179043869697,-0.0099302757835382,1991.1290407420256
2015-10-14,-0.0050276626769658,1984.0,1982.5,1780661,0.0243255237674411,18.725,0.0064178297100449,0.0081507076064193,9.966182478681436,-0.0104032049615708,1973.3635380956969
2015-10-15,0.01748733046802,2019.0,1985.0,1731138,-0.0864046912948701,17.175,0.0064756845494757,0.0076648860475234,9.36426897323297,-0.0104805242733735,1963.3152228329293
2015-10-16,0.0032142443299072,2025.5,2012.25,1362298,-0.0058394326515593,17.075,0.0044644560170449,0.0111950273648492,9.75277721878332,-0.0072330271628366,2004.4492047442843
2015-10-19,0.0009869233468231,2027.5,2014.25,1306548,-0.0681565762260003,15.95,0.0047217105197884,0.0096558825401576,9.104478072414032,-0.007635896814114,2010.092391322132
2015-10-20,-0.0034585014710399,2020.5,2018.5,1276349,0.0652240228047222,17.025,0.0041485401853366,0.0084043637289444,8.687327932278937,-0.0066996243701268,2013.9619122787924
2015-10-21,-0.0059568307191915,2008.5,2007.5,1791221,0.0681114258591462,18.225,0.0086923935666831,0.0076952142559406,8.484669357203975,-0.0140270729270925,1992.356148540212
2015-10-22,0.021913963219597,2053.0,2008.5,2099217,-0.1286442750879883,16.025,0.0102047440565603,0.0075160689128471,8.497804038787155,-0.0164684127318213,1975.6940652988253
2015-10-23,0.0063122326606501,2066.0,2053.25,2067465,0.0352526925557641,16.6,0.0063592531828424,0.0127728268374693,7.379486492399725,-0.0102076688872938,2032.1502504830485
2015-10-26,-0.001816750938743,2062.25,2057.5,1184323,0.0193891234358409,16.925,0.0034176886533159,0.0113530177285464,7.238606778702261,-0.0054812054048811,2054.706808059876
2015-10-27,-0.0008489479619688,2060.5,2051.25,1243601,-0.0269477384097678,16.475,0.0045338616552319,0.0098336872967475,7.232331150717244,-0.0072710060578875,2047.3097489063475
2015-10-28,0.0115803465419794,2084.5,2055.5,1890861,-0.0308190801249725,15.975,0.0075990425977289,0.008692032529807,6.765555216342608,-0.0121463417991002,2035.6238456976928
2015-10-29,-0.00071985605988,2083.0,2073.25,1407730,0.0124418401233659,16.175,0.0044649508498594,0.0095735932677421,7.048692658435401,-0.0071517663086179,2069.645325026912
2015-10-30,-0.0044505997563168,2073.75,2069.75,1751269,0.0274407461549537,16.625,0.0078271968782969,0.0084537615276844,6.723581425748267,-0.0125068284962647,2057.110511409352
2015-11-02,0.0104336258604718,2095.5,2064.25,1284044,-0.0461620417631625,15.875,0.0101189108820923,0.0079581264567973,6.2568412457241145,-0.0161001311002209,2040.6296892384603
2015-11-03,0.0035727083375736,2103.0,2089.0,1348316,0.0156253179030807,16.125,0.0065478850251637,0.0088316055830988,6.615300537567426,-0.0104532661323325,2073.7092713861907
2015-11-04,-0.0039306822093045,2094.75,2090.5,1546504,0.0365337433324559,16.725,0.0060614674185607,0.0080536531782926,6.616292018726729,-0.0096768142355543,2082.7478060575627
2015-11-05,-0.000358102062913,2094.0,2084.0,1538081,-0.0427546032075585,16.025,0.0069915596860843,0.0075599689134088,6.424661511752508,-0.011142554081073,2071.538691620553
2015-11-06,-0.0001193958571059,2093.75,2077.5,1846631,-0.0220829162877493,15.675,0.0072741735561711,0.0069424169218195,6.273564768310099,-0.0115758647632327,2069.8998980646816
2015-11-09,-0.0099598831375971,2073.0,2062.0,1856213,0.0826157655165915,17.025,0.0107505413847535,0.006491655463407,6.276763449034135,-0.0171085903219594,2058.233573322309
2015-11-10,0.0024090592233934,2078.0,2064.5,1286098,-0.0481295894454221,16.225,0.0046396802504056,0.0079413734434908,6.594857789414301,-0.007405647024742,2057.704799051013
2015-11-11,-0.00434049391363,2069.0,2067.75,1171396,0.068479128860702,17.375,0.0062445293591141,0.0073640987488643,6.623524615922742,-0.0099696757287042,2057.385942314309
2015-11-12,-0.0138705228996824,2040.5,2039.5,1807653,0.0748271379524276,18.725,0.0099319698415638,0.0071819581457956,6.7866013942020205,-0.0158779324021118,2036.407989454848
2015-11-13,-0.0108402145528643,2018.5,2011.5,2128939,0.0596031311371123,19.875,0.0099603065842751,0.0094505098362939,7.189711638718795,-0.0159690804605372,2008.1738874246544
2015-11-16,0.0145090458664025,2048.0,1998.5,1711062,-0.1060595719603245,17.875,0.0132024113218806,0.0098435571342857,7.651399741813801,-0.0212246074352744,1976.1095812289789
2015-11-17,0.0004881620795016,2049.0,2041.5,1621036,0.035718082602079,18.525,0.007569796801138,0.0111095481251771,8.272143857985874,-0.0122051079870822,2023.1558599559733
2015-11-18,0.0148958249250972,2079.75,2043.0,1543330,-0.0413281954928459,17.775,0.0100897861258556,0.0095409269608168,8.061912846243931,-0.0162533526629455,2015.966063717181
2015-11-19,-0.0002404424152002,2079.25,2075.25,1284869,0.0222540477302786,18.175,0.0047448367582375,0.0109849014722205,8.696044231080453,-0.007662844123351,2063.874104874181
2015-11-20,0.004558549160806,2088.75,2076.0,1273905,-0.0421410667729955,17.425,0.0054354671974454,0.0094867457300405,8.579501036201592,-0.0087744669587118,2061.08549802947
2015-11-23,-0.0021567226188805,2084.25,2078.25,976103,-0.0232231046110116,17.025,0.004724985924691,0.0087153252224529,8.512315169596196,-0.007625604512988,2072.882594742587
2015-11-24,0.000239865676372,2084.75,2065.5,1517871,0.0232231046110116,17.425,0.0088299159162939,0.0079791479876183,8.475772660308827,-0.0142485054270112,2054.7631233913344
2015-11-25,0.0015577260354344,2088.0,2082.25,746319,-0.038016273788842,16.775,0.0032612921486202,0.0073963428817252,8.4710638765514,-0.005262529314213,2073.8077591967417
2015-11-27,0.0009573959563278,2090.0,2081.5,653387,0.0235651552506679,17.175,0.005665422063111,0.0070229285311843,8.441279818298963,-0.0091408519532828,2069.0008675395443
2015-11-30,-0.0049163717948594,2079.75,2078.5,1389020,-0.0117131646636532,16.975,0.0047760427287553,0.0067360871608077,8.351538408884172,-0.0077031319239504,2073.9623038276086
2015-12-01,0.009689650547517,2100.0,2083.5,1482186,-0.0513708107629238,16.125,0.0042958248154615,0.0069473775061537,8.242329579733687,-0.0069254763713501,2065.396500296971
2015-12-02,-0.008848557076484,2081.5,2075.0,1725833,0.0395188201759091,16.775,0.0086245847139763,0.0081033299678838,8.514712368599817,-0.013919252892251,2070.9720612048955
2015-12-03,-0.0146394242307295,2051.25,2040.0,2655148,0.0883765649149697,18.325,0.0162633215753565,0.0084882864967669,9.078552006868414,-0.0262987282680272,2027.4727351285733
2015-12-04,0.0179967415329294,2088.5,2046.75,2269530,-0.1217129851825613,16.225,0.0117356204034045,0.0102851831861156,10.030978069101849,-0.0190247845300464,2012.5942849788823
2015-12-07,-0.0035975575435962,2081.0,2064.5,1699318,0.0183211231475963,16.525,0.0099918737005583,0.0124590801636091,11.109863484070118,-0.016197971446777,2054.943047615248
2015-12-08,-0.0107495449017838,2058.75,2050.25,2005017,0.0729185899515543,17.775,0.0085836497164487,0.0105429184629579,10.762615332982644,-0.0139150791115788,2052.243260532231
2015-12-09,-0.0081692827672394,2042.0,2034.25,2690846,0.067960928058445,19.025,0.0147148843906629,0.0104142450648548,11.743638102726214,-0.0238545126115099,2010.2206454423736
2015-12-10,0.0035441528085291,2049.25,2043.75,1814232,0.0052424759648501,19.125,0.0079278654378528,0.0097835730831547,10.98292046543068,-0.0128519777015451,2015.9241833585927
2015-12-11,-0.0194635363250696,2009.75,2005.0,1577785,0.1366311585456472,21.925,0.0126876439116689,0.008638284999278,11.410223532053903,-0.0205681236539853,2007.531281225625
2015-12-14,0.0043443250849257,2018.5,1992.25,1269316,-0.0708678975121803,20.425,0.0122414521267668,0.0121235084683729,10.597945906070866,-0.0198447956768485,1970.260052827222
2015-12-15,0.0091234759338094,2037.0,2010.0,2159593,-0.0789213456109778,18.875,0.0100569064770933,0.0103683405317539,10.868584932422916,-0.0163033970245002,1985.858400593641
2015-12-16,0.0130465790075327,2063.75,2031.0,2035482,-0.04054609439435,18.125,0.0103091123276544,0.0099111095693308,10.450869341685912,-0.0167122515885717,2003.2400318128448
2015-12-17,-0.0190784801052386,2024.75,2022.75,2114912,0.0615167187086544,19.275,0.013347052464433,0.0105362227098772,9.6603069543423,-0.0216189063108398,2019.6128001416369
2015-12-18,-0.0163070769845559,1992.0,1991.0,2118900,0.0579507212966734,20.425,0.0093629816708362,0.0130328300732295,10.11870061413138,-0.0151784654516226,1994.249463319952
2015-12-21,0.0114800362362395,2015.0,1995.25,1275266,-0.0815738670601091,18.825,0.0065367308966565,0.0134922739098457,10.819440573646617,-0.0105967893102362,1971.002644456182
2015-12-22,0.0103679032896302,2036.0,2007.25,1144898,-0.0545838073855975,17.825,0.008407712407719,0.0125910470028568,11.30856440159396,-0.0136298645873932,1987.722141902416
2015-12-23,0.0083150393485205,2053.0,2030.75,1003982,0.0028011222797115,17.875,0.0073369033280098,0.0117934984495986,11.773070346398942,-0.0118939604499029,2011.9273399458025
2015-12-24,-0.0008527746146329,2051.25,2049.0,325205,0.0193911893146507,18.225,0.0036721115179352,0.0108971534697091,12.231488565832215,-0.0059529132672655,2040.8149732495635
2015-12-28,-0.0012195123462612,2048.75,2035.25,696448,-0.0221923115943623,17.825,0.0066133021159618,0.0095467876186508,12.207049064088952,-0.0107209200249673,2029.376176068252
2015-12-29,0.0116463769382884,2072.75,2047.5,832686,-0.0198306781804857,17.475,0.0061413160176905,0.0084925085688963,12.263949825466302,-0.0099557765121297,2028.454300234238
2015-12-30,-0.0088437186728631,2054.5,2053.5,720601,0.0488582863807054,18.35,0.005143037795939,0.0093689963038554,13.040435582036038,-0.0083374532009607,2055.540385745493
2015-12-31,-0.0092910203804317,2035.5,2030.25,1029390,0.0094915966815709,18.525,0.0073817652090957,0.0092857083900669,12.800600574067392,-0.0119666866963163,2030.060960985682
2016-01-04,-0.0131044031280982,2009.0,1980.25,2216549,0.0678225963387615,19.825,0.0204027649768562,0.0092932301209227,13.532612704718872,-0.0330752183658958,1969.2766067040927
2016-01-05,0.0013679042113077,2011.75,1992.25,1688974,-0.0203828712672007,19.425,0.0086888731467827,0.0102077289101038,13.66711082676478,-0.0140856583413768,1980.90027852431
2016-01-06,-0.0128824244211243,1986.0,1970.5,2237518,0.0452907591801632,20.325,0.0130795780933667,0.0090412311200131,12.807653673898091,-0.0212034938432424,1969.5429213322168
2016-01-07,-0.0270493653967873,1933.0,1928.5,2969295,0.1462120300375691,23.525,0.0143973910253294,0.0099555099375097,12.869852772382767,-0.0233398195098621,1940.183868406237
2016-01-08,-0.0111849260718637,1911.5,1910.0,2694404,0.0717520794350914,25.275,0.0182795194165127,0.0153639708725608,11.287186193743636,-0.0296331941778781,1876.559423044369
2016-01-11,0.0014376268567657,1914.25,1892.5,2490336,-0.0738797398122081,23.475,0.0134097145050099,0.0139976183232601,10.96376235489628,-0.0217386827707244,1870.394911860426
2016-01-12,0.0056000667286513,1925.0,1899.0,2428110,-0.1078485212064075,21.075,0.0147318656223933,0.0119643088992914,10.575318036707458,-0.0238820411326806,1869.075380916024
2016-01-13,-0.0228566366883926,1881.5,1878.0,2899958,0.0928267795105699,23.125,0.0214992868182149,0.0107047822674564,10.619614571530764,-0.0348528058344107,1859.0640495389976
2016-01-14,0.0173871608838576,1914.5,1871.0,3045826,-0.037449310041616,22.275,0.0184736346896035,0.0140409121619583,10.825638014317834,-0.0299478772638676,1825.9884444050256
2016-01-15,-0.020847832512838,1875.0,1849.25,3441956,0.0890668761717257,24.35,0.0237679166054085,0.0145042292570212,11.11333856483739,-0.0385305145022271,1842.13638599188
2016-01-19,-0.0010672359604226,1873.0,1856.25,2796679,-0.0134368946722425,24.025,0.0192278934214627,0.0158364232795244,11.142981160306668,-0.0311706170390366,1817.4565840018652
2016-01-20,-0.0096567274025529,1855.0,1804.25,3929776,0.0287199226524195,24.725,0.0279639666343128,0.0134954633274775,11.153559939014656,-0.0453327920924293,1789.9874906588873
2016-01-21,0.0032292816007153,1861.0,1836.25,2729407,0.0140564563392233,25.075,0.0177483728590907,0.0124341704325266,11.407099743414964,-0.0287721447862415,1802.3881783445645
2016-01-22,0.0203450937410805,1899.25,1855.75,2106526,-0.0984056937844566,22.725,0.0111588321781927,0.0108456595116903,10.613346287915956,-0.0180897447684555,1827.637652940584
2016-01-25,-0.0153869596308169,1870.25,1867.5,1640401,0.0556293147928137,24.025,0.0098414049733325,0.0134073739551565,11.041916342605113,-0.0159540444096388,1869.189710357881
2016-01-26,0.0136742920624524,1896.0,1851.25,1780235,-0.0468669367138279,22.925,0.0164435661807714,0.0135748692642282,11.701058956136794,-0.0266569037461352,1821.0535514420396
2016-01-27,-0.0111377444104556,1875.0,1864.5,2113363,0.0364065902889256,23.775,0.016708452972378,0.0132820719629579,11.647637881905188,-0.027086315567747,1845.333626036115
2016-01-28,0.0030619740358197,1880.75,1865.75,2254109,-0.0212547852683231,23.275,0.0137903803275071,0.0126451381394827,11.582937840055816,-0.0223557856593677,1833.5479745837345
2016-01-29,0.0258493694586006,1930.0,1876.5,2406399,-0.0735297703451878,21.625,0.0126569423296045,0.0111729195779293,10.856260345562026,-0.020518352873794,1842.553314435697
2016-02-01,0.0006474587471236,1931.25,1912.5,1748062,-0.0046350025041488,21.525,0.0100835841378599,0.0152061518631683,10.167159617111729,-0.0163466445674851,1898.707436998564
2016-02-02,-0.0176302313762706,1897.5,1889.0,2102411,0.0738590611381244,23.175,0.0109916768067343,0.01344610898358,9.366127254870936,-0.0177894934112462,1897.197824351827
2016-02-03,0.0057803629154999,1908.5,1865.0,2848193,-0.0174106683058967,22.775,0.0171324713663203,0.0142565672402797,9.30825993298986,-0.0277234416367662,1845.6172763243849
2016-02-04,-0.0003930560155422,1907.75,1890.25,2255360,0.0130863372428939,23.075,0.011870399153676,0.0128886438691692,9.154624991558387,-0.0191996468280879,1872.2069953377545
2016-02-05,-0.0171825533199969,1875.25,1865.75,2320680,0.0444988668361334,24.125,0.0153408888636598,0.0116026256635921,8.426428296281989,-0.0247502496549717,1861.1122400573176
2016-02-08,-0.0124758476436204,1852.0,1821.75,2674512,0.0524842947095742,25.425,0.0225398265469802,0.0127864591209649,8.95360625945477,-0.0364336020924153,1808.1575194692505
2016-02-09,-0.0020268907689153,1848.25,1825.75,2792208,-0.0380807535180496,24.475,0.014557476318899,0.012615091725921,9.213251604708528,-0.0235500160513731,1808.894925042591
2016-02-10,-0.0008119080283623,1846.75,1838.5,2359881,0.0061099986415786,24.625,0.0148970556030923,0.0113635381549382,8.617477493315269,-0.0240516778673604,1804.3268168887769
2016-02-11,-0.0121213605323449,1824.5,1802.5,3203999,0.0456428428448707,25.775,0.016263171037823,0.010133680076319,8.599845990995165,-0.0262555980978258,1798.8934742185456
2016-02-12,0.0183292077289003,1858.25,1822.5,2018154,-0.0255416635237835,25.125,0.0103139830147444,0.0106741601828634,8.571395220307316,-0.0166493442054334,1794.3747502153742
2016-02-16,0.0162800499815469,1888.75,1865.0,2034059,-0.053127916838974,23.825,0.0069655947944363,0.0124844008980591,8.941475743530106,-0.0112588093818217,1837.445653317189
2016-02-17,0.0178412183502132,1922.75,1881.5,1854185,-0.0385074313977376,22.925,0.0130912524274869,0.0131568413466739,9.649861662541408,-0.02120399568177,1849.1225678341352
2016-02-18,-0.0032558471165531,1916.5,1911.25,1615605,-0.0065645749965064,22.775,0.0074827797757696,0.013998931867537,10.484825220307226,-0.0121304428761609,1899.567084749685
2016-02-19,-0.0010441139032604,1914.5,1898.5,1616647,-0.0177191789851027,22.375,0.0089219313635083,0.0125840786680967,10.357676626702844,-0.0144634723983888,1888.9802504584652
2016-02-22,0.011296620813729,1936.25,1908.25,1425321,-0.0622320583019075,21.025,0.0101645809864237,0.011450378034945,10.002966128443433,-0.0164779497340268,1883.2114586991715
2016-02-23,-0.0105134332002725,1916.0,1913.75,1600879,0.0532533223366318,22.175,0.0067454639882095,0.0114392540702663,10.517467046905242,-0.010935169553852,1915.1921235139573
2016-02-24,0.0074098486581197,1930.25,1886.75,2315370,-0.0182030054570772,21.775,0.0165861871211832,0.0113064999510277,10.92233112545274,-0.026888108622191,1865.168823394902
2016-02-25,0.0104362217577858,1950.5,1920.25,1844284,-0.0446083346856598,20.825,0.0099458431022535,0.0108119773060117,11.2227117017106,-0.016123350575921,1899.377455783197
2016-02-26,-0.0039812548573596,1942.75,1941.25,1876651,0.0307352798174127,21.475,0.0097442920553792,0.0107646184847146,11.850768127555234,-0.0157966132491515,1919.9307865449628
2016-02-29,-0.0068435931116779,1929.5,1926.5,1826411,0.013873054868247,21.775,0.0099318304136618,0.0100633699304018,11.944310688394076,-0.0161006344031085,1911.7209564594475
2016-03-01,0.0248253312049833,1978.0,1920.75,2035550,-0.1142016264848551,19.425,0.0136215432604836,0.009680386311698,12.188667151731712,-0.0220820814400429,1887.3596099785568
2016-03-02,0.0027767277717281,1983.5,1966.25,1821662,-0.0077519768043181,19.275,0.0062184989571966,0.0129279640796686,11.283375103190808,-0.0100808988953549,1958.1601517547583
2016-03-03,0.0035229024859866,1990.5,1974.75,1555391,-0.0505426716766779,18.325,0.005704265064059,0.0119800298668385,11.19102066115954,-0.0092472668692071,1965.2425918297931
2016-03-04,0.0022581868835924,1995.0,1984.0,2247812,0.0322175515507976,18.925,0.0082323217198035,0.0111587804224701,11.29699886678129,-0.0133455361981415,1964.112181635564
2016-03-07,0.0020030051764354,1999.0,1984.5,1633347,-0.0186672087196897,18.575,0.0069508987180905,0.0104443717381117,10.470155163165384,-0.0112682027754992,1972.646116038209
2016-03-08,-0.0090452878018485,1981.0,1976.0,1931272,0.054987673064649,19.625,0.0065410139549111,0.0097013812738669,10.565920189957934,-0.0106037326381237,1977.9151252073016
2016-03-09,0.0040302321554213,1989.0,1978.0,1744984,0.0251585596361549,20.125,0.0052251198614096,0.0097363901810679,10.254625986693949,-0.0084705176283774,1964.290772388381
2016-03-10,-0.000125699201976,1988.75,1967.25,2738172,-0.0099875986283479,19.925,0.0152844025927021,0.0091640126926739,10.415039480600088,-0.0247777668330415,1940.3225711438904
2016-03-11,0.0155912107432536,2020.0,1987.5,1220530,-0.0422868896236945,19.1,0.0074024689473108,0.0086024939604625,9.832205742840705,-0.0119953933415327,1965.0366711861336
2016-03-14,-0.0006190034242834,2018.75,2012.0,880362,-0.0145025613666271,18.825,0.0043767632258489,0.0099637526991039,9.995789824384742,-0.0070951640503053,2005.7184933471572
2016-03-15,-0.0060865972639954,2006.5,1995.0,1910850,0.0131928034845634,19.075,0.0052278543487892,0.0093804571981454,9.258147482274488,-0.0084583708109309,2001.7466755109583
2016-03-16,0.0053432870216445,2017.25,1997.0,2043775,-0.0428445715346783,18.275,0.0084588386968901,0.0090681232097273,9.380507359340024,-0.0136907797374752,1979.21664183922
2016-03-17,0.0064237404339042,2030.25,2005.75,2136877,-0.0277410299465379,17.775,0.0100526522562872,0.0087969392665775,8.9228734423934,-0.0162475648364479,1984.7394238649435
2016-03-18,0.0035646279524979,2037.5,2027.0,1775664,-0.0028169032711131,17.725,0.0051291668389284,0.0086084635283439,9.078051355668029,-0.0082941453436232,2013.4804520852863
2016-03-21,0.0025733731497989,2042.75,2031.0,1278261,-0.0432343989734311,16.975,0.0042799428011362,0.0082412140661497,8.819053692270396,-0.0069150250529312,2023.4592385129235
2016-03-22,-0.0001223915306587,2042.5,2028.75,1496196,-0.0088757979139684,16.825,0.006501164906333,0.0078206336369845,8.937323364508504,-0.0105079865867183,2021.3971943746228
2016-03-23,-0.0067547079053573,2028.75,2025.25,1557185,0.0521101968873995,17.725,0.0054183218733126,0.0073840985035415,8.883589212864097,-0.0087561986093319,2024.693536575399
2016-03-24,-0.0001232361822989,2028.5,2012.25,1524072,-0.0199436809673354,17.375,0.0062952321673839,0.0075422135679438,8.489928951715928,-0.0101589360832168,2008.24439235461
2016-03-28,-0.0002465179354285,2028.0,2022.0,907834,-0.0144930073025668,17.125,0.0061416588061977,0.0071634234927019,8.433141411229148,-0.0099089176636889,2008.499018212252
2016-03-29,0.0095694510161514,2047.5,2019.25,1549483,-0.063274114024606,16.075,0.0085120847035036,0.0068213417936883,8.38602522799796,-0.0137307843070149,2000.344271351244
2016-03-30,0.0037779583050179,2055.25,2046.75,1627085,-0.0140957698003933,15.85,0.0057532821726702,0.0076249183663147,8.317018350427851,-0.0092779856916442,2028.5911778278328
2016-03-31,-0.0018262621500015,2051.5,2047.25,1736311,0.0047207011349374,15.925,0.004130521655398,0.0074121568764295,8.078344058615764,-0.0066542336061591,2041.619287648999
2016-04-01,0.0065589935128915,2065.0,2035.25,2051323,-0.0319006316667755,15.425,0.0103021416548113,0.0071084975790627,7.947944971916146,-0.0165866943535905,2017.7530454411396
2016-04-04,-0.0036385728439078,2057.5,2054.25,1380117,0.0319006316667755,15.925,0.005578501575173,0.0072976701295845,8.221511072266702,-0.0089925396313902,2046.513649855246
2016-04-05,-0.0091547786160015,2038.75,2034.25,1827488,0.0519994813995183,16.775,0.0053041447431147,0.0071154331680654,8.294289725189778,-0.0085528868391427,2039.977476226937
2016-04-06,0.0104904597082695,2060.25,2035.0,1894599,-0.07101748723528,15.625,0.0068523568260944,0.0077347305507804,8.563512165345498,-0.0110610886002935,2016.323465212702
2016-04-07,-0.0123315157667978,2035.0,2026.0,2052195,0.1003881740312682,17.275,0.0099325650540928,0.0084408708757694,9.15972028569806,-0.0160655687104249,2027.4153717741945
2016-04-08,0.0028215684547703,2040.75,2030.25,1768420,-0.0353497778520459,16.675,0.0080881985459359,0.0093494568911277,9.833874702720609,-0.013106643752781,2008.5020091529184
2016-04-11,-0.0030672988897206,2034.5,2032.5,1679757,0.0237048136551663,17.075,0.0080604567969541,0.0087637579879472,9.584723062378142,-0.013053333942611,2014.284515943
2016-04-12,0.0103906564092604,2055.75,2029.25,1831285,-0.0697252039986269,15.925,0.0072409188867107,0.0083214508576976,9.410547339327431,-0.0117205519292843,2010.7937337417395
2016-04-13,0.009802220434774,2076.0,2054.0,1637033,0.0928810866616469,17.475,0.0047976458311944,0.0088337753840751,9.963164396097527,-0.0077768555792276,2039.8247336537956
2016-04-14,0.0002408187850289,2076.5,2068.5,1363745,-0.0115109184661403,17.275,0.0045143833262323,0.0091308463311862,10.58219571811112,-0.0073183323177945,2060.8625999309884
2016-04-15,-0.0007226304060097,2075.0,2069.5,1230494,-0.0116449641968796,17.075,0.0034826084053807,0.0085513186207586,10.301715999741903,-0.005645707021648,2064.809720367772
2016-04-18,0.0056466780660473,2086.75,2058.5,1400343,-0.0510621428667001,16.225,0.0078108474939786,0.008074188674657,10.195048407020735,-0.0126622782146982,2048.891418603845
2016-04-19,0.0033488848425307,2093.75,2084.75,1565161,0.0,16.225,0.0039006778855321,0.00798025431617,9.739748898612897,-0.0063194207502457,2073.6045283795806
2016-04-20,0.002027793382866,2098.0,2085.75,1464683,0.0122513017805205,16.425,0.0064855120799167,0.007702041213519,9.407365752688987,-0.0104977145089834,2071.8853753340404
2016-04-21,-0.0072953741012238,2082.75,2078.75,1638276,0.021085118487071,16.775,0.0072795510949442,0.0073834785366831,9.35599728738296,-0.0117812571266772,2073.42795157055
2016-04-22,0.0015592207056993,2086.0,2075.0,1497994,-0.036422842470781,16.175,0.0043737986718692,0.0076139591032296,9.652819299562184,-0.007084327915098,2068.047257052331
2016-04-25,-0.0013191822984017,2083.25,2071.0,1280888,0.0030864222031894,16.225,0.0065173815134338,0.0072801965548305,9.521347880408058,-0.0105526316568776,2064.102949319522
2016-04-26,0.0025169306749139,2088.5,2079.5,1225834,-0.0186630611319267,15.925,0.0037776760801187,0.0069705651696803,9.444684866965062,-0.0061153406047524,2070.549091457724
2016-04-27,0.0010767483244045,2090.75,2076.25,1420203,-0.028664382887567,15.475,0.0054609858166967,0.006741463612203,9.413234417235657,-0.0088395206897999,2070.1200158442366
2016-04-28,-0.0087672452521845,2072.5,2065.25,1938653,0.0626182618179109,16.475,0.0078479651323746,0.0064596820015422,9.301881554957273,-0.0126991928728322,2064.367038224167
2016-04-29,-0.006535179981661,2059.0,2045.75,2419757,0.0239891563700225,16.875,0.0093832970401608,0.007203439755543,9.713466063972248,-0.0152006968432201,2041.234784337434
2016-05-02,0.0073792145166056,2074.25,2055.5,1306173,-0.0674068283313165,15.775,0.0063403292104248,0.0073591436897429,9.65413414430702,-0.0102695914540335,2037.9631161839995
2016-05-03,-0.0083510318914372,2057.0,2048.0,1827577,0.052481178114641,16.625,0.0079292715635399,0.0076063133556444,9.568370726042817,-0.0128403272166165,2047.786216687652
2016-05-04,-0.0048733039916681,2047.0,2039.0,1557981,0.0149256502166754,16.875,0.0066056078703748,0.0079806208961941,10.083819902018805,-0.0107084467717959,2035.0902440850105
2016-05-05,-0.0014666343376941,2044.0,2039.5,1433289,-0.0089286307443012,16.725,0.0070310638261961,0.0077755778999428,9.54777207923192,-0.0113851766707785,2023.8267096710929
2016-05-06,0.0042716852653033,2052.75,2030.5,1813432,-0.0616528034277878,15.725,0.0078202994922356,0.0073923725580638,9.349924509465344,-0.0126561860746367,2018.2937702095596
2016-05-09,0.0007304602223987,2054.25,2048.25,1370423,-0.0160259840158443,15.475,0.0039408654658627,0.0072502809119329,9.371279727820308,-0.00637819261581,2039.6988307883348
2016-05-10,0.0112544299183063,2077.5,2048.0,1416966,-0.0633545158326849,14.525,0.0082668417942119,0.0069079749501606,8.646528993120592,-0.0133484468149481,2027.0111557150933
2016-05-11,-0.0094306103356087,2058.0,2057.5,1471852,0.2131106008691352,17.975,0.0043936790880424,0.0080725468801915,9.115422414417576,-0.0071056496913408,2062.7903355188564
2016-05-12,0.0003643650978553,2058.75,2048.5,1799103,-0.0282106154872363,17.475,0.0083211802941969,0.0085309736529872,9.747631139783236,-0.0134812701802047,2030.4417236333388
2016-05-13,-0.0074349784875185,2043.5,2038.5,1878403,0.0337584799249546,18.075,0.0071776208395541,0.0080071787127163,9.61437479822259,-0.0116245595124436,2034.9565005139389
2016-05-16,0.0093760199801211,2062.75,2035.0,1421736,-0.0366238113982411,17.425,0.0095337239489282,0.0081496085858515,9.365099777451327,-0.0154298224192169,2012.2111692041997
2016-05-17,-0.0093760199801211,2043.5,2036.75,1988181,0.0324658012495771,18.0,0.0097903741356796,0.0085552753871981,9.960480775857064,-0.0158698332916247,2030.2728861836488
2016-05-18,-0.0009791922447011,2041.5,2030.75,2085972,0.004158010148664,18.075,0.0093143181490286,0.0088608615026891,10.473931512489086,-0.0150995763102701,2012.8758038536712
2016-05-19,-0.0013479568244072,2038.75,2022.0,2055973,-0.0055478644377182,17.975,0.0077780625725862,0.008304144635197,10.3150953830647,-0.0126091301028911,2015.920070138969
2016-05-20,0.0055029181972301,2050.0,2037.25,1583721,-0.0368313585311432,17.325,0.0052981077243774,0.0078644221409183,10.199995925067894,-0.008588839312152,2021.3144864464832
2016-05-23,-0.0023197617386454,2045.25,2043.5,1183296,0.0143268926207613,17.575,0.0035647671412888,0.0077782802801168,10.390597665215704,-0.0057788957406235,2038.1874284155392
2016-05-24,0.0144411222709903,2075.0,2041.25,1603195,-0.0646333573081574,16.475,0.0084196075907569,0.0074537639430815,10.330096834987335,-0.0136491480412254,2017.5237303951656
2016-05-25,0.0058862564093118,2087.25,2073.5,1442270,-0.0183772400016066,16.175,0.0053119445915497,0.0091114589842773,10.372769850958727,-0.0086112704583102,2057.2083281914
2016-05-26,0.0011970315051552,2089.75,2082.5,968439,-0.0218758723567242,15.825,0.0031197038759726,0.0088330987207031,10.155051858942503,-0.0050573972229634,2076.720595778975
2016-05-27,0.0035825211471385,2097.25,2088.0,1035175,-0.0288481543376581,15.375,0.0030283663456138,0.0083186625287316,10.035789286088496,-0.0049093286271114,2079.5158724041007
2016-05-31,-0.001073409370166,2095.0,2086.0,1631254,-0.0065253086349228,15.275,0.0058053159548289,0.0080085128014462,9.729544774396288,-0.009404847441838,2077.6181457047314
2016-06-01,0.0014309566000045,2098.0,2083.25,1317565,0.0,15.275,0.005278422754601,0.007627921283402,9.66173669908073,-0.0085497642591632,2077.1645967685245
2016-06-02,0.0027369565487731,2103.75,2086.75,1299962,-0.0299025601738698,14.825,0.0057090403962622,0.0072984916575227,9.638435473955631,-0.0092466970375668,2078.689844779643
2016-06-03,-0.002856124754837,2097.75,2082.75,1746160,-0.0067682153461388,14.725,0.0076632102640739,0.0070590090738038,9.59020907278314,-0.0124102030419446,2077.803369834125
2016-06-06,0.0049928777045726,2108.25,2094.0,1272974,-0.0171237060785913,14.475,0.005249326796915,0.0068548432426762,9.315607397549496,-0.0084945430152041,2080.006042491168
2016-06-07,0.0009482044090782,2110.25,2106.5,1125951,0.0171237060785913,14.725,0.0038044283749498,0.0068544792050492,9.569902651576497,-0.0061607558066417,2095.301513756416
2016-06-08,0.0036658232975224,2118.0,2106.5,1308451,0.1362865072209431,16.875,0.0038036232995869,0.0065572870525296,9.320462552211149,-0.0061551696682385,2097.300945902525
2016-06-09,-0.0017721074990202,2114.25,2106.25,1644419,0.0176216013498198,17.175,0.0039696784080119,0.0064315596673153,9.548226525795965,-0.0064279811056396,2104.4291991714736
2016-06-10,-0.0085501055249128,2096.25,2088.5,1244099,0.0702535999669868,18.425,0.006851247446367,0.0061907324595752,8.8835691431061,-0.0110718559598798,2090.970440314493
2016-06-13,-0.0083832826302812,2078.75,2075.75,1222789,0.1414712941220108,21.225,0.0069505482343017,0.0069133154579266,9.549801720855088,-0.011254861978386,2072.789266885184
2016-06-14,-0.0061523808275536,2066.0,2054.75,2770212,-0.0166274614604917,20.875,0.0061559470694894,0.0074031737348262,9.863333473831426,-0.0099762208974359,2058.115031452633
2016-06-15,-0.0012108004869473,2063.5,2059.75,1917677,-0.0144755241737857,20.575,0.006741101479145,0.0074061911374001,10.240366164309208,-0.0109280974271038,2043.54546684439
2016-06-16,0.0033865537929855,2070.5,2040.75,2446637,-0.0270952536087105,20.025,0.0102978434466266,0.0069973562474732,10.32563440224904,-0.0166939834420162,2029.3379092359733
2016-06-17,-0.005569695957833,2059.0,2053.25,1833560,0.0024937668784024,20.075,0.0067552467248788,0.0067570620724203,10.661079386274691,-0.0109510284902228,2047.949595932396
2016-06-20,0.0073792145166056,2074.25,2070.25,1598465,-0.0830567929985597,18.475,0.0074959877845266,0.0068162159639969,10.284422204653454,-0.0121518545708166,2034.1307412774916
2016-06-21,0.003008606878601,2080.5,2074.0,1400709,0.0107672641846154,18.675,0.0040547698431548,0.0071155574480249,10.603017493765808,-0.0065732462309851,2060.660157627422
2016-06-22,-0.0018040777038148,2076.75,2075.25,1419838,0.0393751652348299,19.425,0.0053791008856058,0.0068291829173992,10.604747673091367,-0.0087201385011008,2062.436623881909
2016-06-23,0.0138675264762921,2105.75,2083.0,1314510,-0.1526503044520235,16.675,0.0076391763442236,0.0064881838141972,11.090189077147054,-0.0123839796227323,2051.1901632275312
2016-06-24,-0.0423170369024772,2018.5,1999.0,4174598,0.3062492601273554,22.65,0.0292874308917408,0.0083233641823322,11.305316914928143,-0.0474782792047665,2008.10887104692
2016-06-27,-0.0167357471717055,1985.0,1981.5,3021015,0.0432032630088987,23.65,0.011394878898792,0.019976199437061,6.951058256247687,-0.0182392149230484,1982.0178588518456
2016-06-28,0.0216776895252115,2028.5,1982.25,2285755,-0.2255248198028532,18.875,0.0087820620165492,0.0193662416782676,7.412799032661473,-0.0140994685807733,1957.208934884119
2016-06-29,0.0186807214862829,2066.75,2022.75,2065151,-0.0770670070152146,17.475,0.0136217090382284,0.0199813372517674,7.28972233402964,-0.0218531790070377,1984.6516839423705
2016-06-30,0.0113063508973825,2090.25,2056.5,2301226,-0.0290296146751138,16.975,0.0105591057213263,0.0193365906947646,7.589118275195922,-0.0169694462990399,2031.9742936056812
2016-07-01,0.0028663581072514,2096.25,2081.5,1665376,-0.0118519905870146,16.775,0.0058288940265257,0.0174942627270043,7.52337788194515,-0.0093641539793111,2070.7679360288957
2016-07-05,-0.0064608982824001,2082.75,2072.5,1862935,0.0029761926730462,16.825,0.0096791549195545,0.015107535059233,7.638327758318304,-0.0155594249898191,2063.885990980116
2016-07-06,0.0053869765754637,2094.0,2065.75,2054794,-0.0393990351438273,16.175,0.0093094018089425,0.0131794079783452,7.851253309006269,-0.0149813825075285,2051.7800908530908
2016-07-07,-0.0009555662456692,2092.0,2081.75,1666356,-0.0155766389287372,15.925,0.0068450668120618,0.0112427066301384,8.035083779948945,-0.0110251819995342,2071.0400701688764
2016-07-08,0.0135313637298324,2120.5,2087.5,1962358,-0.0749536381660651,14.775,0.0095910992909569,0.0097072358772945,7.636088989488802,-0.0154176890581507,2059.993561156717
2016-07-11,0.0045874337934197,2130.25,2120.0,1467322,-0.0102041701742416,14.625,0.0047344465466744,0.0110586734182708,7.909428913416824,-0.0076211747972834,2104.400724462362
2016-07-12,0.0072497978902639,2145.75,2128.5,1704053,-0.0242226375758463,14.275,0.0052961035186086,0.0100093302228889,7.56050225358753,-0.0085099830581392,2112.198526397892
2016-07-13,0.0001165025923146,2146.0,2139.5,1633489,0.1280435070480798,16.225,0.0042007567592086,0.0096500287809542,7.286279103659613,-0.0067390901177042,2131.338213088284
2016-07-14,0.0052286181977727,2157.25,2142.75,1782561,-0.0061823999083174,16.125,0.0075233691199174,0.0086136415666782,7.234548021655455,-0.0120654838560628,2120.2630482553486
2016-07-15,-0.0020881678121424,2152.75,2143.25,1518276,0.0123268124806585,16.325,0.0069746081485361,0.0082941635720054,7.345138004673244,-0.0111931033025029,2133.2383112496364
2016-07-18,0.0033621271019361,2160.0,2152.75,1205765,-0.0374458725759905,15.725,0.0030538791229223,0.007728298969764,7.222129993075416,-0.0048972220725914,2142.233277564199
2016-07-19,-0.0005788712173222,2158.75,2151.25,1151631,-0.00318471606752,15.675,0.003094892939177,0.0074368832602579,7.286096737966521,-0.0049649955846121,2149.3021888060407
2016-07-20,0.0040450791938084,2167.5,2155.25,1134131,-0.0128412679483242,15.475,0.004063982192195,0.0070094487227201,7.271969267968171,-0.0065190865362441,2144.7226942282214
2016-07-21,-0.0043925628366165,2158.0,2153.5,1300678,0.02236514945958,15.825,0.0046196976912362,0.006994586112344,7.330221125525165,-0.007413185294601,2151.491331799183
2016-07-22,0.0043925628366165,2167.5,2156.0,1133059,-0.0288481543376581,15.375,0.0035784008877781,0.0070298242722571,7.407573999814203,-0.0057448919280521,2145.638066205296
2016-07-25,-0.0024250834680756,2162.25,2155.75,1264905,-0.0032573318703068,15.325,0.0052402187499042,0.007051117435897,7.440339324073868,-0.0084144485601166,2149.3382006680126
2016-07-26,0.0004623743002269,2163.25,2153.75,1609035,-0.0098361448767128,15.175,0.0046608546595395,0.0067872785875082,7.179642604394266,-0.0074721280680202,2146.1536031463206
2016-07-27,-0.0012720441148603,2160.5,2152.0,1642569,-0.0267127736534003,14.775,0.0054197608092606,0.0064537066476613,7.01262373877673,-0.0086789547940299,2144.556488452072
2016-07-28,0.0019652049559226,2164.75,2153.5,1622142,-0.0274459766087478,14.375,0.0048744741763636,0.0062021857579622,6.655128454184566,-0.0077843904136319,2143.747114608994
2016-07-29,0.0016155092366547,2168.25,2157.5,1718155,-0.0390120392750157,13.825,0.0045876740301793,0.0060490415627293,6.485459151693797,-0.0073155533577197,2148.9714406839576
2016-08-01,-0.0017310026825292,2164.5,2159.75,1659094,-0.0145722068590905,13.625,0.0051994428091692,0.0058450473706579,6.471239887307385,-0.0082900101757252,2150.349485675961
2016-08-02,-0.0054432933057615,2152.75,2141.5,1958950,0.0430946394630868,14.225,0.0088907564886185,0.0056388517722276,6.443274418624432,-0.0141717960866671,2134.0414830876425
2016-08-03,0.0019722728128819,2157.0,2145.25,1371176,-0.0285224326039963,13.825,0.004046370666113,0.0062398890519826,6.623397643236735,-0.0064602082317652,2138.887611897311
2016-08-04,0.0010425717712392,2159.25,2154.0,1239577,-0.02935990701347,13.425,0.0032787197810626,0.0059256422077032,6.58542939660448,-0.0052329181293603,2145.742077179219
2016-08-05,0.0080719995483296,2176.75,2159.25,1370482,-0.0418311938451285,12.875,0.0038646293709856,0.0055711387811702,6.493628632634952,-0.0061630356885222,2145.98338848181
2016-08-08,-0.00057441554799,2175.5,2173.25,970557,-0.0315608049122171,12.475,0.0031620223281561,0.0069800907048774,6.691111152195532,-0.0050511597641951,2165.782610320706
2016-08-09,0.0009189065659231,2177.5,2173.75,1191826,-0.0080483331828284,12.375,0.0031354029792778,0.0063932180809603,6.650442503762058,-0.0050069492403003,2164.6346058653744
2016-08-10,-0.0021837834090883,2172.75,2167.75,1371937,0.203971028490808,15.175,0.0042118783987108,0.0059814493483016,6.295684194256912,-0.0067041336420363,2162.950574136285
2016-08-11,0.0041336607258513,2181.75,2170.0,1326004,-0.006611594332313,15.075,0.0041890610311668,0.0057311361893937,6.074846899377785,-0.0066521234822024,2158.3445651905267
2016-08-12,-0.0006877579363262,2180.25,2175.5,1270055,-0.006655598611736,14.975,0.0027240528592816,0.0057999868950172,6.303734046666562,-0.0043362808892222,2172.3098016380736
2016-08-15,0.0026338406293895,2186.0,2180.5,1090675,-0.0100671991177239,14.825,0.0029602989663057,0.0053551016349105,6.4203300968631165,-0.0047176811005511,2169.988500054796
2016-08-16,-0.0042404510277593,2176.75,2175.25,1391768,0.0331705369384858,15.325,0.002403244859799,0.005178321525776,6.581912252362901,-0.0038355216959677,2177.631608405481
2016-08-17,0.001377252599199,2179.75,2165.5,1702425,-0.0331705369384858,14.825,0.0053288486120513,0.0053578231080969,6.87046006646926,-0.0085245498561932,2158.273051823519
2016-08-18,0.001718902617692,2183.5,2176.25,1201115,-0.0170072126472331,14.575,0.0025582993342752,0.0050112242511994,7.067231832583828,-0.0040982975052598,2170.8350166180203
2016-08-19,-0.000801786882195,2181.75,2172.5,1431860,0.0068376334776041,14.675,0.0037813980633669,0.0047720701160142,6.955507474053171,-0.0060528903009917,2170.32343241651
2016-08-22,-0.0001145934797568,2181.5,2173.5,1543249,0.0034013638234902,14.725,0.0035689044042458,0.0045043657959893,6.271159938769982,-0.0056792904492554,2169.3943270004893
2016-08-23,0.0017175248969332,2185.25,2179.25,1125503,-0.0034013638234902,14.675,0.0037508810051973,0.0042351230730849,5.406555198897766,-0.0059511480097706,2168.556124278649
2016-08-24,-0.0047015739378126,2175.0,2168.75,1508048,0.030203638202745,15.125,0.0053527700971386,0.0038707218156933,5.856144275018345,-0.008492705331416,2166.7698997719654
2016-08-25,-0.0006898930939378,2173.5,2167.5,1501328,-0.0099668599153921,14.975,0.0031445246371749,0.0044918505221645,6.398097225095695,-0.0050102184350861,2164.130028108888
2016-08-26,-0.0023030871534261,2168.5,2157.5,2535682,0.0099668599153921,15.125,0.0093910402160552,0.0040722369411881,6.61118366513276,-0.0149916494557839,2141.158680492839
2016-08-29,0.0049450966162645,2179.25,2164.5,1245215,-0.030203638202745,14.675,0.0047472339332444,0.0039830603058202,6.438259206464384,-0.0075667004482695,2152.153532482422
2016-08-30,-0.001837180445551,2175.25,2168.5,1372345,-0.010274062976185,14.525,0.0040030568248523,0.0045559753955082,6.847757262139936,-0.0064025836060094,2165.3417415820977
2016-08-31,-0.0026468742077288,2169.5,2159.5,1864629,0.0034364294985809,14.575,0.0051626190226353,0.0042975387620273,6.66671255801846,-0.0082453444278342,2157.388054675327
2016-09-01,-0.0010376434896555,2167.25,2154.75,1943431,0.0,14.575,0.0073282070688156,0.0041713169024758,7.021429973446298,-0.0117357783515088,2144.1880471148484
2016-09-02,0.004947941744156,2178.0,2164.25,1700143,-0.0456219464232083,13.925,0.0053780959287524,0.0039091749801807,6.722846623868787,-0.0085934371328299,2148.705667272992
2016-09-06,0.0029799448985849,2184.5,2173.0,1627643,-0.0402984930312775,13.375,0.0040299944775199,0.0044442257578509,7.020178101754858,-0.0064537896385028,2163.9889071221305
2016-09-07,0.0,2184.5,2177.5,1459543,-0.0112783150377069,13.225,0.0029898185197852,0.0043703061693175,6.79886223325897,-0.0047801877756941,2174.082598208975
2016-09-08,-0.0032095396648328,2177.5,2175.75,2105651,0.0112783150377069,13.375,0.0038924885923268,0.0040733098999674,6.923004302343577,-0.0062292385139712,2170.934523625712
2016-09-09,-0.025465011847185,2122.75,2119.75,2073225,0.2084567876065008,16.475,0.0110597540829833,0.0041535381828858,6.807145818692095,-0.0176837166733533,2139.332176064728
2016-09-12,0.0167011181160594,2158.5,2107.0,1450133,-0.072358598566296,15.325,0.0150696375513194,0.013095868900978,5.04893674447115,-0.0239094877702689,2072.598077372335
2016-09-13,-0.0169366893774549,2122.25,2112.25,3724471,0.1483074938670294,17.775,0.0097768040926276,0.014299647755033,5.164383157654338,-0.0155118779127192,2125.27596133132
2016-09-14,-0.00424979980904,2113.25,2112.0,2546136,0.0600453194457841,18.875,0.0066537583127775,0.0151766775107767,5.310915373811274,-0.0105568533061202,2099.963562377052
2016-09-15,0.0116437657759531,2138.0,2107.75,2301296,-0.0350440172403665,18.225,0.0102079135973319,0.0134436888701363,5.199645058761691,-0.0161958762766661,2079.299733725529
2016-09-16,-0.0025758122191561,2132.5,2123.0,2064530,-0.0391658449740681,17.525,0.0044993583118546,0.013163346730662,5.185010204026593,-0.0071386821458043,2122.7918452485687
2016-09-19,0.0002344391055162,2133.0,2127.75,1527880,-0.0230890487723649,17.125,0.0062823689747076,0.0116841153734739,5.138139222159703,-0.0099676069618501,2111.3496623925453
2016-09-20,-0.0009380863727335,2131.0,2129.0,1385876,0.0173665724982985,17.425,0.0047321691318109,0.0103821922095821,4.907504182642807,-0.0075080598055904,2117.045277887094
2016-09-21,0.0117792486810524,2156.25,2126.25,1826950,-0.0806406865229045,16.075,0.0069629639467645,0.0091795862946245,4.887841235273923,-0.0110474389820619,2107.587469894577
2016-09-22,0.0055497887848954,2168.25,2152.75,1523998,-0.0477797883014079,15.325,0.0055552389859212,0.0101314737617296,4.708969358693007,-0.008813942481528,2137.328445763726
2016-09-23,-0.0047385237464849,2158.0,2156.0,1448300,0.0161815828512419,15.575,0.003287557922112,0.0093803952036054,4.858830729544818,-0.0052160395805873,2156.9697668259105
2016-09-26,-0.0084928670563613,2139.75,2136.75,1602771,0.0439631234211161,16.275,0.0057695502131279,0.0086171160346707,4.975410024613973,-0.009153968686437,2138.335875278628
2016-09-27,0.0060570948145555,2152.75,2132.75,1659780,-0.0471785602750904,15.525,0.0058189293031035,0.0086767590850677,5.27850618863808,-0.0092323135533165,2120.086068536844
2016-09-28,0.0048656259105737,2163.25,2144.0,1733016,-0.0195128142235816,15.225,0.0061752131065293,0.0083377289927131,5.286472869995999,-0.0097975934554869,2131.76121836097
2016-09-29,-0.0068417962717983,2148.5,2137.25,2306654,0.044951387862266,15.925,0.0089346085962363,0.0077670425502545,5.454483239096337,-0.0141756504916834,2132.800852204603
2016-09-30,0.005569752156938,2160.5,2135.75,1989690,-0.00946379303095,15.775,0.0097935841497399,0.0077836994963761,5.409389976023316,-0.0155385011522593,2115.373564368541
2016-10-03,-0.0033613477027047,2153.25,2146.75,1406125,-0.0192005898566169,15.475,0.0054325349703641,0.0074783151189902,5.510972337712737,-0.008619260283676,2141.9581116302675
2016-10-04,-0.0039553332162078,2144.75,2136.0,2143439,-0.009740336748385,15.325,0.0073729889213081,0.0069579760365001,5.359949125112215,-0.0116979846292925,2128.2080702185685
2016-10-05,0.0039553332162078,2153.25,2141.0,1369566,0.0,15.325,0.0049495538415413,0.0066333414835672,5.211866897854039,-0.0078529623980412,2127.973318438237
2016-10-06,0.001508208418615,2156.5,2143.25,1209239,-0.0231033378207619,14.975,0.0045074569650811,0.0063231788658329,5.2805320974331575,-0.0071515314694602,2137.9058971775125
2016-10-07,-0.0046479284232825,2146.5,2138.0,1958026,0.0231033378207619,15.325,0.0073045921841728,0.0058273639165518,5.126704786031135,-0.0115894663623804,2131.651583858185
2016-10-10,0.0058065428501921,2159.0,2148.5,952867,-0.0433401161081148,14.675,0.0044864709850077,0.0058886792221094,5.037070576568154,-0.007118235112318,2131.274960324164
2016-10-11,-0.0114127243167905,2134.5,2121.75,2243746,0.0754456023160798,15.825,0.0106536594678154,0.0061376813885499,5.254992773600212,-0.0169030966993656,2122.812912738094
2016-10-12,-0.0014064699927516,2131.5,2126.25,1483026,0.0847708488694825,17.225,0.004785828219778,0.0080473691686857,5.4555899525288325,-0.0075931953175192,2118.3537031658407
2016-10-13,-0.0024660924951938,2126.25,2107.75,2195134,0.0172666160209313,17.525,0.0081600805618892,0.0071993150914948,5.342154487347429,-0.01294678426966,2104.081801066245
2016-10-14,0.000352671490166,2127.0,2122.25,1841156,-0.0114778878446868,17.325,0.0069590912454095,0.0065860645256365,5.390540881198468,-0.0110412945538783,2102.9025775293376
2016-10-17,-0.0018823534969811,2123.0,2116.75,1251946,-0.0116111609276781,17.125,0.0043087628331032,0.0060643775592424,4.999879334155722,-0.0068362833487028,2112.5088146785743
2016-10-18,0.0042303235824787,2132.0,2120.25,1139317,-0.0296317976063709,16.625,0.0058483083390308,0.0056029992163181,5.086238401153903,-0.0092789263333394,2103.3919509009424
2016-10-19,0.0028103062992554,2138.0,2126.5,948475,-0.0336423164182351,16.075,0.0049510742105099,0.0055685433675042,5.305094155936902,-0.0078553746155306,2115.3179489828003
2016-10-20,-0.0004678362658427,2137.0,2126.75,1611098,-0.0188388616964059,15.775,0.005875271032336,0.0052965577626209,5.432918028531218,-0.009321705344025,2118.1627959047946
2016-10-21,-0.0010534325314326,2134.75,2123.25,1409837,-0.01275934375376,15.575,0.0050474661642405,0.0048734786532287,5.430642940115336,-0.0080083100946373,2119.954584910371
2016-10-24,0.0044402970828159,2144.25,2134.75,1010790,-0.0426294053948508,14.925,0.0042072046077025,0.004579337265321,5.2687863943806,-0.0066751510626794,2120.547675335369
2016-10-25,-0.0029190282855404,2138.0,2135.25,1198210,0.0199011543172948,15.225,0.0043661627244053,0.0049372309268765,5.323246442582569,-0.0069273540194093,2129.447351931709
2016-10-26,-0.0018726597232916,2134.0,2124.75,1548442,0.0259333820265044,15.625,0.0050438878625255,0.0048196606759439,5.42686920859018,-0.0080026327609388,2120.9586499371985
2016-10-27,-0.0049324821083729,2123.5,2122.5,1795356,0.0283930745012175,16.075,0.0063767944558501,0.004561055993775,5.475113924021375,-0.0101174224354399,2112.518273615824
2016-10-28,0.0001177232328162,2123.75,2112.5,2391182,0.0336423164182351,16.625,0.0075048207760791,0.005080761433956,5.385600173968504,-0.011907149057345,2098.365108395624
2016-10-31,-0.0017673053200839,2120.0,2114.75,1371713,0.0354542303578044,17.225,0.0052467971975828,0.0046416700064456,5.398001054846929,-0.0083245687231346,2106.144079692798
2016-11-01,-0.0076946221610425,2103.75,2091.0,2257062,0.0342401494006372,17.825,0.0115198617576958,0.0043963557644605,5.380613257125822,-0.0182774133002756,2081.603843901808
2016-11-02,-0.0054814245920322,2092.25,2087.25,2013595,0.0385192048817906,18.525,0.0057755755113906,0.0059564373139529,5.30299780536175,-0.0091635284249932,2084.5602841096884
2016-11-03,-0.0041908700504755,2083.5,2079.75,1795490,0.0652973424715672,19.775,0.006272904725352,0.0061070806926299,5.444643198827716,-0.0099525909833004,2071.529971532747
2016-11-04,-0.001681278167144,2080.0,2078.75,2079129,-0.0230189191802319,19.325,0.0051153931264146,0.0059049837502855,5.54034182447566,-0.0081160830165699,2066.6585766762887
2016-11-07,0.0232844921981154,2129.0,2102.75,1761750,-0.187249591666752,16.025,0.0064741243579439,0.0053750894033059,5.617097791708866,-0.0102718460634714,2058.743916691049
2016-11-08,0.0030484253880418,2135.5,2119.0,1751369,-0.0031250025431353,15.975,0.0078199771545661,0.0135442819845608,5.009147721832026,-0.0124071761848387,2102.7483133136056
2016-11-09,0.0115231444399874,2160.25,2028.5,5280237,-0.015773197677094,15.725,0.0461745770817174,0.0116280246695407,4.865588717945309,-0.0732605865451622,1984.645333259445
2016-11-10,0.0032351270272412,2167.25,2147.75,3132340,0.0343783855081287,16.275,0.0104667487390218,0.0117512622517491,5.021577607869384,-0.0166065441267504,2124.6719449519983
2016-11-11,-0.0026566576410633,2161.5,2148.5,1883989,-0.0092593254127968,16.125,0.0071332116435621,0.0101998399796586,5.052652470592174,-0.011317553987193,2142.8603072863143
2016-11-14,-0.0004627487356989,2160.5,2152.25,1815339,-0.0093458624182378,15.975,0.0071811128735446,0.0089747543841765,4.928781427466775,-0.0113935540813258,2137.012597026442
2016-11-15,0.0086411045196976,2179.25,2158.5,1443589,-0.0448074952059394,15.275,0.0045461289760531,0.0078847443203808,4.788041440907115,-0.0072128884842018,2144.972620377303
2016-11-16,-0.0029871345741154,2172.75,2168.75,1327887,0.0194495596158579,15.575,0.0049673818889287,0.0084066707045877,4.6532164298855765,-0.0078812483790095,2162.142293066173
2016-11-17,0.0052788738606341,2184.25,2171.75,1350348,-0.0359515842522455,15.025,0.002945747711755,0.007523590969689,4.743534337344371,-0.0046737234819784,2162.618860817862
2016-11-18,-0.0016036658648763,2180.75,2176.5,1280719,-0.0033333364197583,14.975,0.00344244705962,0.0072745575330775,4.5717570248846,-0.0054617866947024,2172.3526124845253
2016-11-21,0.0056016151045605,2193.0,2178.5,1233201,-0.033959120542454,14.475,0.0043732758288907,0.0065336352814506,4.574385086938521,-0.0069386396713782,2165.6709361300905
2016-11-22,0.0033005208360332,2200.25,2191.75,1257560,-0.0034602110648958,14.425,0.0030304346378571,0.0066303846861862,4.615053230962304,-0.0048080877636039,2182.481171523917
2016-11-23,0.0002272210870941,2200.75,2192.0,1101994,0.0,14.425,0.0036973376611245,0.0062075450981583,4.685187544781424,-0.0058661961371109,2187.380685815059
2016-11-25,0.0047597551329792,2211.25,2197.5,561560,-0.0069565497933599,14.325,0.0035427219027046,0.0056015364384773,4.748213012214084,-0.0056208827662723,2188.4145428090137
2016-11-28,-0.0047597551329792,2200.75,2198.25,1371374,0.0069565497933599,14.425,0.0029749321720676,0.0056862006726389,4.88750539958937,-0.0047200275483204,2200.8374322186623
2016-11-29,0.001362243371064,2203.75,2196.25,1405556,-0.0104530568520893,14.275,0.0041368451968423,0.0057269328149661,5.019805971500217,-0.006563518817527,2186.352636332239
2016-11-30,-0.0022714376603119,2198.75,2197.25,1960189,0.0173615471959012,14.525,0.005135213519472,0.0052618987615075,5.017959233360457,-0.0081475300532882,2185.8678273361206
2016-12-01,-0.0030746479838619,2192.0,2186.0,2148721,0.0338441776832962,15.025,0.0050496169081331,0.00499570340618,4.950073302174593,-0.0080117224650159,2181.2046035034627
2016-12-02,0.0,2192.0,2184.25,1682042,0.0033222621919777,15.075,0.004174387106427,0.0049041710090869,4.927322556104604,-0.0066230828133452,2177.5301727985534
2016-12-05,0.0055729458992308,2204.25,2179.0,1663731,-0.1084979178807037,13.525,0.0076838726806151,0.0045790440736231,4.769929433797354,-0.0121912328189596,2165.4390519815884
2016-12-06,0.0026052005446617,2210.0,2200.25,1483946,-0.0300210162548579,13.125,0.0034931141977122,0.0052330849480062,4.760987021762123,-0.0055421751787946,2192.0674504569392
2016-12-07,0.0120314039159072,2236.75,2206.75,2328449,0.0151231615742206,13.325,0.0083390450381005,0.0049944018633493,4.825173237882519,-0.0132307293174898,2180.9526706165834
2016-12-08,0.0049057964371765,2247.75,2232.5,2109978,0.0074766703430202,13.425,0.0051170590574961,0.0077529711589007,4.698835509827923,-0.0081187261829157,2218.663956371424
2016-12-09,0.0054350974014489,2260.0,2245.0,1090581,-0.0302480527554975,13.025,0.0035569499148541,0.0073042937479978,4.682226910928571,-0.0056434569311335,2235.100646296467
2016-12-12,-0.001771479648382,2256.0,2252.25,1019782,0.0302480527554975,13.425,0.0054748360647465,0.0070456368448846,4.829053449520512,-0.0086863752023567,2240.453807724218
2016-12-13,0.0051948168771041,2267.75,2247.75,2325023,-0.0112360732669256,13.275,0.0062618595964702,0.0064085388623737,4.773748083104731,-0.0099350667812072,2233.697461395208
2016-12-14,-0.0069694402354718,2252.0,2243.0,2267763,0.1436029146942723,15.325,0.0081241747887525,0.0063363148856998,4.869834509771877,-0.0128898161680205,2238.706702886475
2016-12-15,0.0028821658350777,2258.5,2247.25,1976782,-0.0164477392090258,15.075,0.0061457740608762,0.0067176741593113,4.8989360165499525,-0.0097508854640296,2230.147718623631
2016-12-16,-0.0014400445579108,2255.25,2249.5,1415262,-0.006655598611736,14.975,0.0043900193685299,0.006218050226059,4.793272362523526,-0.0069652049722935,2242.8237421212884
2016-12-19,0.0021039817295829,2260.0,2254.0,928690,-0.033959120542454,14.475,0.0028465839196752,0.0057131602762014,4.751144921199232,-0.0045163902039939,2245.0873774514776
2016-12-20,0.0028719781145722,2266.5,2260.0,814005,-0.0174220434466643,14.225,0.0024191592639018,0.005373159817725,4.691927236610697,-0.0038382382215641,2251.342207583082
2016-12-21,-0.002650763646244,2260.5,2258.0,667705,-0.0141595286036344,14.025,0.0025158017682917,0.0052099439121864,4.604263886933025,-0.0039915712243607,2257.47113548568
2016-12-22,-0.000774464828221,2258.75,2251.5,847626,0.0176683041333136,14.275,0.0029741148555541,0.0050617896916109,4.499202807025522,-0.004718730793895,2249.8584361237663
2016-12-23,0.0005532503598928,2260.0,2254.25,396535,0.0,14.275,0.0019991103111091,0.0047631515856714,4.380284571785355,-0.0031717885298905,2251.597072441584
2016-12-27,0.0004423800116386,2261.0,2257.75,498741,-0.0212397365009109,13.975,0.0036179110661989,0.0044435725696515,4.458660768901,-0.0057401778972203,2247.064359908658
2016-12-28,-0.0069903197269107,2245.25,2243.5,1000606,0.0454623740767572,14.625,0.0060938412544629,0.0041668619296523,4.51349513610548,-0.0096684888705094,2239.24488567563
2016-12-29,-0.000111352374704,2245.0,2239.5,913220,0.0135825517658689,14.825,0.0033046580669444,0.0054485561133614,4.51579443340065,-0.0052431706713218,2233.5085790855505
2016-12-30,-0.0039051653534265,2236.25,2228.0,1281987,0.020034059033116,15.125,0.0073028737434677,0.0050236241763151,4.4303540902545775,-0.011586739884263,2219.13788708465
2017-01-03,0.0072403546595642,2252.5,2239.5,1810351,-0.093493648877927,13.775,0.0053812328026485,0.0050989029897349,4.409391725928109,-0.0085378642615482,2217.2384754403106
2017-01-04,0.0052028677725655,2264.25,2251.0,1404875,-0.0445342606115519,13.175,0.003981788373524,0.006028029603791,4.327558151378163,-0.0063175056530963,2238.314673635188
2017-01-05,0.0,2264.25,2254.0,1324035,-0.0114505067879955,13.025,0.0037539309839588,0.006035414138881,4.533098002378894,-0.0059559871062419,2250.804237336867
2017-01-06,0.0031968279444001,2271.5,2258.25,1551007,-0.0115831410896309,12.875,0.005498830786877,0.0055189087764787,4.357582940462996,-0.0087244452298126,2244.581597594596
2017-01-09,-0.0028656472823236,2265.0,2263.5,1025182,0.0038759738446931,12.925,0.0032358615685903,0.0053728843312478,4.405836274989291,-0.0051340181432379,2259.867962882334
2017-01-10,-0.0005520287195119,2263.75,2259.5,1304523,0.113259603064566,14.475,0.0045185648373782,0.0052357949769893,4.26829754486059,-0.0071691552202596,2248.819931437845
2017-01-11,0.002977341340383,2270.5,2255.0,1733727,-0.0174220434466643,14.225,0.0048948208486035,0.0048354432286775,4.389532405982212,-0.0077661230284266,2246.2375290150635
2017-01-12,-0.0030877836619929,2263.5,2248.5,1752976,0.0070052825884086,14.325,0.0066120350136667,0.0047746699116259,4.471333801398015,-0.0104906551174493,2246.805470430548
2017-01-13,0.0039682591756209,2272.5,2262.75,1192660,-0.0070052825884086,14.225,0.0025352965428815,0.0047769641649788,4.485600356625789,-0.0040225016348003,2254.4133553233787
2017-01-17,-0.0042996593443538,2262.75,2257.25,1540220,-0.0035211303985787,14.175,0.0035913522083507,0.0049622166521167,4.395741463716518,-0.0056980396118931,2259.588026385641
2017-01-18,0.0016559036736234,2266.5,2258.25,1111992,0.0,14.175,0.0029544057721141,0.0052053294114695,4.333863787676781,-0.0046874603610217,2252.16826916541
2017-01-19,-0.0022084814630058,2261.5,2253.0,1386240,0.0035211303985787,14.225,0.0050414162438086,0.0048789910678553,4.452140997511697,-0.0079987112905462,2248.443232566381
2017-01-20,0.0019878526700543,2266.0,2259.75,1737181,-0.0285224326039963,13.825,0.0038168045467386,0.0047518174696339,4.353019812946412,-0.0060557423044169,2247.846322081683
2017-01-23,-0.0017667849118865,2262.0,2251.75,1474482,-0.0182486815883993,13.575,0.0048047990529149,0.0045638189858682,4.477197067207102,-0.0076232944424209,2248.791291658517
2017-01-24,0.0055108703339934,2274.5,2259.5,1273116,-0.0413592781805682,13.025,0.0053468609256807,0.0044443431732036,4.455675449208827,-0.0084833298396549,2242.8918727715445
2017-01-25,0.0085367706792567,2294.0,2274.75,1386477,-0.0233020252028444,12.725,0.0039497101346045,0.0050942089076818,4.433004143946049,-0.0062666103174569,2260.2911619573542
2017-01-26,0.0,2294.0,2289.5,1170427,-0.0039370129593394,12.675,0.0030810070491644,0.0063307947137841,4.354902697744337,-0.0048883259541739,2282.813544058285
2017-01-27,-0.0021819777367486,2289.0,2287.0,942076,-0.0119049025063184,12.525,0.0026851075674311,0.0057750383508312,4.17555054680634,-0.0042601918146153,2284.247907618754
2017-01-30,-0.0056955247063452,2276.0,2263.25,1850992,0.0275607995788713,12.875,0.0068008763837511,0.0053837477582248,4.314884432623856,-0.0107902708456429,2264.4338461138896
2017-01-31,-0.0006592682361628,2274.5,2262.25,1628810,0.0038759738446931,12.925,0.0049717711445646,0.0057444695639507,4.315841411236695,-0.0078882123722435,2258.117053609045
2017-02-01,0.0,2274.5,2268.25,1565006,-0.019531870917246,12.675,0.0051574804285533,0.005254803983364,4.4650104232676044,-0.0081828587324651,2255.964029854918
2017-02-02,0.0004395604466376,2275.5,2264.5,1414426,0.019531870917246,12.925,0.0047439962091751,0.0049836936966425,4.295432504379368,-0.0075268246471889,2257.44450472155
2017-02-03,0.0067885949967987,2291.0,2270.5,1415043,-0.0354367787569103,12.475,0.0056200285328701,0.0047157643116142,4.269274615111396,-0.0089167375802915,2255.3001558284755
2017-02-06,-0.0019661393553853,2286.5,2283.5,1164914,0.0,12.475,0.0028135881080929,0.0055264827739399,4.517086046561383,-0.0044640390475173,2280.795679729874
2017-02-07,0.0008743169955867,2288.5,2284.0,1202059,0.0079840743482204,12.575,0.0033418684763788,0.00523714426679,4.431543304476264,-0.0053022087089832,2274.408583720832
2017-02-08,0.0007644008016214,2290.25,2281.0,1283261,0.1055593030553598,13.975,0.003174568751706,0.0050076936935215,4.203999303705371,-0.005036770956588,2277.0023295392534
2017-02-09,0.0060942619784558,2304.25,2287.75,1354847,-0.0217006707331179,13.675,0.0049034766735728,0.004700652403292,4.320216157986978,-0.0077798563608003,2272.5013146027336
2017-02-10,0.0036820487776543,2312.75,2303.0,1177521,-0.0221820555259748,13.375,0.0031628273217329,0.0053323721830016,4.557696994576745,-0.0050181420031449,2292.7159103431763
2017-02-13,0.0058202363050323,2326.25,2313.25,1210205,-0.0226852828310835,13.075,0.0035621642562477,0.0052619942349099,4.47915048889669,-0.0056517300054763,2299.715828932523
2017-02-14,0.0046105265823976,2337.0,2319.75,1390309,-0.0611027475726144,12.3,0.0046946273089213,0.0056072185068379,4.501776984476031,-0.0074484959473227,2308.987306664459
2017-02-15,0.0057600159253272,2350.5,2331.25,1532340,0.0456881841714276,12.875,0.0046441543701426,0.0056033770951791,4.449551671237939,-0.007368415579872,2319.843299265112
2017-02-16,-0.0021294726956728,2345.5,2336.75,1737007,0.0077369825021524,12.975,0.0040322914103747,0.0058959058502756,4.405579127677766,-0.0063976337741496,2335.510362047644
2017-02-17,0.001065303179474,2348.0,2336.5,1399520,0.0114943794257351,13.125,0.0036112026242468,0.0054708915107045,4.47731824597523,-0.0057295342828489,2332.099802443193
2017-02-21,0.0050977170716688,2360.0,2346.0,1653551,0.0038022859497388,13.175,0.0044518815656865,0.0050848509529165,4.585075269997215,-0.0070633555377148,2331.4736755595745
2017-02-22,0.0004236390658576,2361.0,2355.25,1301504,0.0037878833169369,13.225,0.0025336807449622,0.0053523341074284,4.566936443662552,-0.0040199380097324,2350.531989454938
2017-02-23,0.0007409367896524,2362.75,2353.0,1556359,0.0224308469881822,13.525,0.0043395817442232,0.0050603302863455,4.453079338791274,-0.0068851806347859,2344.799922748324
2017-02-24,0.0009518270508674,2365.0,2349.5,1551959,-0.0148978546806373,13.325,0.0047860603513341,0.0048482300295642,4.378841259169933,-0.0075935636174589,2344.87625615488
2017-02-27,0.0013732638296106,2368.25,2361.0,1156575,-0.0037594029239054,13.275,0.00253049756725,0.0047412538550783,4.230519506562456,-0.0040148875797987,2355.5238264885647
2017-02-28,-0.0023250908804781,2362.75,2357.5,1610710,0.0186572576045427,13.525,0.0032726041576537,0.004602161099411,4.283703114641519,-0.0051923139370729,2355.9851714936176
2017-03-01,0.0129305349573982,2393.5,2363.25,2171551,-0.0186572576045427,13.275,0.0082564421570408,0.0046081146326514,4.267266134670649,-0.0130996715818435,2332.0005942471694
2017-03-02,-0.0048162589173186,2382.0,2378.0,1744834,0.0,13.275,0.0040084131324204,0.0075314143106003,4.196216020507233,-0.00635974849703,2378.3262437527205
2017-03-03,-0.0003149110402338,2381.25,2373.75,1357594,-0.0344861760711694,12.825,0.0027969833320952,0.0068507240652045,4.249632414171697,-0.0044376939090033,2371.4528329670898
2017-03-06,-0.0024176182480353,2375.5,2367.0,1376883,-0.0117648415795863,12.675,0.0039030168475475,0.0060577081193009,4.242268651304115,-0.0061925267456363,2366.549608946109
2017-03-07,-0.0037958712806736,2366.5,2364.5,1303962,-0.0039525743158232,12.625,0.0030361036341842,0.0055941503627704,4.321022234899831,-0.0048170821934891,2364.0845379328507
2017-03-08,-0.001056970820314,2364.0,2359.5,1651698,0.0039525743158232,12.675,0.0040079145192039,0.0054103435766193,4.445427208236047,-0.0063589573972732,2351.4992723611863
2017-03-09,0.000951323997544,2366.25,2354.0,1788548,0.0078585866125213,12.775,0.004518585475043,0.0051184117482735,4.271917962948735,-0.0071691879639797,2347.112646289874
2017-03-10,0.002321655749454,2371.75,2362.25,1361113,-0.0197634891188398,12.525,0.0050986388739242,0.0048543288195287,4.292025110154927,-0.0080895007186444,2347.185434298831
2017-03-13,0.0013693581957552,2375.0,2368.0,1042690,-0.0324572101473812,12.125,0.001852928028269,0.0047207017355945,4.464807173599075,-0.002939855711872,2364.787636402061
2017-03-14,-0.0050654392818341,2363.0,2354.75,2014740,0.0404095383378764,12.625,0.0045802790812382,0.0046180184839192,4.358950697593731,-0.0072670710429724,2357.8032668938854
2017-03-15,0.0073785514476654,2380.5,2363.0,1775343,0.0835400122341707,13.725,0.0058686262830127,0.00507322650757,4.491960521530048,-0.0093111627843821,2341.0998385489784
2017-03-16,-0.0006303183316154,2379.0,2373.5,1616078,-0.0333364202675916,13.275,0.0045282351252245,0.0059351774661618,4.479167300035282,-0.00718449809949,2363.4585925560104
2017-03-17,-0.0015775362160983,2375.25,2372.75,1277357,0.0,13.275,0.0026247912842141,0.0053537768157312,4.38453699598726,-0.0041644939963358,2369.1132696860363
2017-03-20,-0.002107260288791,2370.25,2365.5,1076099,-0.0075614727005763,13.175,0.0029944781254191,0.0050676516451128,4.238078643590446,-0.0047510391589861,2363.99185934807
2017-03-21,-0.0118834289667706,2342.25,2338.0,2567939,0.0445342606115519,13.775,0.0099735337158259,0.0049021073560907,4.221066245906402,-0.0158240091437386,2333.038337647549
2017-03-22,0.0001067292812795,2342.5,2332.25,1883451,0.0108304307743694,13.925,0.0049566160440877,0.0072733006925862,4.202271998069219,-0.0078641672889908,2323.9023930516346
2017-03-23,-0.0010678057608304,2340.0,2338.25,1631527,0.0248239697287262,14.275,0.0053140135516969,0.0062314515319811,4.26880412463555,-0.0084312141942801,2322.83290599439
2017-03-24,0.0020278570373015,2344.75,2331.75,1600274,-0.0248239697287262,13.925,0.0062612391171138,0.0056718420822908,4.115055525882633,-0.0099340823286261,2316.8693285706204
2017-03-27,-0.002669088223107,2338.5,2317.75,1614233,-0.0254559199933486,13.575,0.0071978168614131,0.0052645674622944,4.226989601238026,-0.0114200566293995,2318.125140283177
2017-03-28,0.0055437242191613,2351.5,2333.5,1623900,-0.049066445425506,12.925,0.0075947513133639,0.005031800483192,4.344831801251676,-0.0120498328527623,2310.4905593228896
2017-03-29,0.0023362015510288,2357.0,2348.75,1154538,0.0,12.925,0.0031306972139081,0.005444924900528,4.257753057739113,-0.0049671643722975,2339.848673960157
2017-03-30,0.0031769591477992,2364.5,2353.25,1164616,-0.0077670293376597,12.825,0.0035302028927616,0.0051435520367433,4.272473479569563,-0.0056010201044061,2343.835297910722
2017-03-31,-0.002222811182488,2359.25,2356.75,1568884,0.0344861760711694,13.275,0.0025020374943763,0.0050115712695556,4.379801162848703,-0.0039697328266072,2355.132172918949
2017-04-03,-0.0013785061299653,2356.0,2340.0,1716027,0.0149535496670583,13.475,0.0069798656389403,0.0048545613083336,4.329323918554113,-0.0110742552078004,2333.2671990272856
2017-04-04,0.0002122015923085,2356.5,2344.75,1209054,-0.0187271390506977,13.225,0.0041673477609615,0.0046458898739668,4.37640024568914,-0.0066119141874413,2340.47371596726
2017-04-05,-0.0042526111293135,2346.5,2343.75,1938825,0.047979681888135,13.875,0.0087888924350608,0.0045042469072016,4.27792305105086,-0.0139444572223237,2323.8679335509164
2017-04-06,0.0030849447368899,2353.75,2338.0,1595949,-0.0218587938124992,13.575,0.0066479925901715,0.0048112010926682,4.236619451040531,-0.0105477054103155,2321.8798803960617
2017-04-07,-0.0006374840844873,2352.25,2336.75,1473460,0.0326115855887612,14.025,0.007181865193004,0.0048680046558799,4.113249744900411,-0.0113947477114216,2327.0818396035475
2017-04-10,0.0001062755726595,2352.5,2347.5,1351301,0.0688740290125111,15.025,0.0047241677673285,0.0046329773290333,4.1496774366679725,-0.0074953648402613,2334.684938560868
2017-04-11,-0.0006378229194652,2351.0,2333.25,1856700,-0.0338441776832962,14.525,0.0067315703371681,0.0044557283084169,4.184917500779622,-0.0106803098683109,2327.50826831879
2017-04-12,-0.004369378721071,2340.75,2337.5,1534596,0.0271663565406909,14.925,0.0049272183865307,0.0043810711094232,4.038021567983514,-0.0078175249638892,2332.6926511240454
2017-04-13,-0.0056766606677758,2327.5,2324.0,1587079,0.0199011543172948,15.225,0.00561057677304,0.0048211109739285,3.8842643671176,-0.0089017414176236,2320.005715886206
2017-04-17,0.0074906717291574,2345.0,2322.75,981675,-0.0609325509951577,14.325,0.0042826418973007,0.0052653687323823,4.018655456306592,-0.0067948398705175,2311.738618873486
2017-04-18,-0.0033103773089546,2337.25,2330.25,1432200,0.0,14.325,0.0046277908326609,0.0059803864653059,4.135343679565205,-0.0073424531904008,2327.8450042163354
2017-04-19,-0.0014986087154928,2333.75,2331.25,1254296,0.0173014696357527,14.575,0.0053335620997706,0.0055913832160626,4.056526524389727,-0.0084622299217323,2317.5551020209955
2017-04-20,0.0077896141625855,2352.0,2332.5,1468523,-0.0173014696357527,14.325,0.005960216068957,0.0051591139906297,4.041543655601402,-0.009456479143814,2311.7849614476554
2017-04-21,-0.0019150979360995,2347.5,2340.5,1277783,0.0,14.325,0.0044560906609156,0.0059740484241896,4.137076413428863,-0.0070700336884375,2335.429925279768
2017-04-24,0.0095390230467584,2370.0,2365.25,1553985,-0.1223747131235564,12.675,0.0032431730706408,0.0055144558912177,3.949304528687129,-0.0051456185727946,2335.4516850010627
2017-04-25,0.0063091691932655,2385.0,2368.25,1324272,-0.0159049078396642,12.475,0.0048571678116906,0.0066446693165503,4.0463989798139,-0.0077063827179834,2351.80606770328
2017-04-26,-0.0011537050941443,2382.25,2381.5,1493096,-0.0080483331828284,12.375,0.0039183593895866,0.0064472334804682,4.186978621921835,-0.006216869223682,2370.2187610235733
2017-04-27,0.0015729044295635,2386.0,2378.75,1115269,0.0,12.375,0.0027244613036498,0.0057068230059277,4.239890897196996,-0.004322630454671,2371.974637895647
2017-04-28,-0.0023077740232881,2380.5,2378.25,1167297,-0.0081136347741699,12.275,0.0027303708968881,0.0051972792048254,4.325860420272718,-0.0043320066156288,2375.686188095131
2017-05-01,0.0027267977042573,2387.0,2377.0,906278,-0.0373487393025873,11.825,0.0038182368848899,0.0049606740917276,4.247296625024234,-0.0060580148522068,2366.122489201945
2017-05-02,-0.0005238070414668,2385.75,2381.75,958983,0.0,11.825,0.0020710584356263,0.0048442200089761,4.204102815283705,-0.0032859414282187,2379.1693304175496
2017-05-03,-0.0010484379236759,2383.25,2375.5,1076558,0.0209212651606396,12.075,0.0031124734017937,0.0046396412443904,4.097626311297315,-0.0049382504709914,2373.9976109423465
2017-05-04,0.0009436435824738,2385.5,2376.0,1229736,-0.0294138852062935,11.725,0.0042798783897869,0.004547593269882,3.9419718191716377,-0.0067904552893437,2367.1214694387127
2017-05-05,0.0051220516518988,2397.75,2379.0,1127621,0.0042553255701385,11.775,0.0051573942086377,0.0044576824930807,3.871469741282231,-0.0081827219359422,2366.059762322895
2017-05-08,-0.0011475667630449,2395.0,2389.75,957161,-0.030174703122213,11.425,0.0036446967322818,0.0048911094768828,4.031023840725604,-0.0057826760365051,2383.924600961327
2017-05-09,-0.0007309560185531,2393.25,2388.75,1105436,0.0,11.425,0.0033064668144893,0.0046374724309982,4.038130995043031,-0.0052460404302763,2382.468631940804
2017-05-10,0.0008353347045204,2395.25,2387.5,998859,0.0879227048573141,12.475,0.0026568871793126,0.0044047349920807,4.15547371448968,-0.0042154173452697,2383.1826863106003
2017-05-11,-0.0017759210726584,2391.0,2379.0,1356242,0.0119523335238409,12.625,0.0047000927526965,0.0043216878093233,4.056081321060478,-0.007457167420718,2377.454653639639
2017-05-12,-0.0009414719038414,2388.75,2384.25,1087422,-0.0159684031787308,12.425,0.0021111496831391,0.0043455342438061,3.927318002993041,-0.0033495502037341,2383.004623395872
2017-05-15,0.0040733253876359,2398.5,2388.0,1041264,-0.0203259030140392,12.175,0.0033599847637815,0.0042066170134167,4.024058386220448,-0.0053309520115758,2376.0495711485432
2017-05-16,-0.0006255865077342,2397.0,2393.75,1071111,-0.0082474694300169,12.075,0.0030872240919792,0.0045391573718906,4.011741161345791,-0.0048981899146469,2386.780417292232
2017-05-17,-0.0166162199267718,2357.5,2354.75,2814349,0.1638637804737581,14.225,0.0072305587432478,0.004395800515133,3.880389586794277,-0.0114720049009247,2369.6587336806992
2017-05-18,0.0025418357256778,2363.5,2344.5,2460956,0.0035087755296792,14.275,0.0088609885108372,0.0089356874166176,3.463411092973613,-0.0140588448601278,2324.5881665094084
2017-05-19,0.0075869700076243,2381.5,2361.0,1672971,-0.1149411931054875,12.725,0.0066057399548955,0.0073464280908533,3.555026129878067,-0.0104806673768556,2338.85829895324
2017-05-22,0.004712790835101,2392.75,2378.25,1113022,-0.0400855270756506,12.225,0.0037785473057652,0.0071398601090296,3.690247344932191,-0.005995043363778,2367.2655150393657
2017-05-23,0.0021917245114435,2398.0,2386.75,1024986,0.0081466845678179,12.325,0.0035818571436521,0.0065325534458833,3.672603671420629,-0.0056829747417185,2379.190627465566
2017-05-24,0.0016666670524694,2402.0,2394.75,984358,-0.0288085766317744,11.975,0.0023987212832604,0.0056857976949491,3.7759807402199375,-0.003805811320351,2388.8910089990336
2017-05-25,0.0047762524606183,2413.5,2402.5,1315611,0.0041666726948457,12.025,0.0035602278129104,0.0052899472762921,3.6649022002156046,-0.0056486576443705,2388.4701729936346
2017-05-26,0.000103578642177,2413.75,2408.0,879560,-0.00835077921742,11.925,0.0022639007073104,0.0054650192423739,3.555744889211521,-0.0035919049871112,2404.846487914024
2017-05-30,-0.0012436523522305,2410.75,2407.75,1040285,-0.008421102396408,11.825,0.0025787957413439,0.0050147915640803,3.5710172070199464,-0.0040915174654804,2403.894275900495
2017-05-31,0.0001036967906768,2411.0,2402.75,1729723,0.0,11.825,0.0041060889875866,0.0048111169745113,3.5035224555274604,-0.0065147210142253,2395.09568343364
2017-06-01,0.0076438756647867,2429.5,2410.5,1432385,-0.0170579829045767,11.625,0.0042185690654263,0.0045902296800535,3.530332098585131,-0.0066931819119308,2394.916622937353
2017-06-02,0.003390007869271,2437.75,2427.0,1735800,0.0,11.625,0.0030023307768066,0.0056477472261751,3.6033175496759946,-0.0047634981761108,2417.954601255367
2017-06-05,-0.0013340860924726,2434.5,2433.0,891938,0.0128206884290613,11.775,0.0017310892193422,0.0053588941714453,3.634005469244512,-0.0027465462509073,2431.0637930682665
2017-06-06,-0.0015415449329889,2430.75,2426.25,1353806,0.0168425033944976,11.975,0.0026145653258843,0.0049913439539144,3.63632361650332,-0.0041482694902856,2424.4219555999816
2017-06-07,0.0005141123962912,2432.0,2424.0,1431930,-0.008385793376274,11.875,0.0031370945854367,0.0048048280329267,3.55839204755873,-0.0049773144423178,2418.68145231285
2017-06-08,0.000205570974102,2432.5,2427.25,1445922,-0.0212773984472849,11.625,0.0034051763719992,0.0045454764722589,3.630308705431911,-0.0054026530196671,2418.896177433019
2017-06-09,-0.00082253757465,2430.5,2414.75,1588107,0.0085653628589228,11.725,0.0089814770901768,0.0043762202280893,3.627045570231424,-0.0142500120467551,2398.0826519137668
2017-06-12,-0.0008232146997109,2428.5,2419.0,1253497,0.012712035588362,11.875,0.0034779824917452,0.004221685024039,3.697654202229991,-0.0055181672132726,2417.125031184494
2017-06-13,0.0039042482554174,2438.0,2425.25,1923275,-0.0386314131404366,11.425,0.0028160348677306,0.0041848448334845,3.6049411776480738,-0.0044679210764934,2417.673856851881
2017-06-14,-0.0011286103901513,2435.25,2425.75,1818280,0.0717607369003157,12.275,0.0050250155795745,0.004537392081346,3.5466912610800367,-0.0079726899957676,2418.639860535635
2017-06-15,-0.0013354565650072,2432.0,2416.25,1874682,0.0121458983021085,12.425,0.0053019117856317,0.0044467737090081,3.43712071950296,-0.0084120135315734,2414.8505645028363
2017-06-16,-0.0004112687699349,2431.0,2420.25,1336684,-0.008080852053939,12.325,0.004803901297019,0.0042829990001815,3.5184122892456293,-0.0076218700628668,2413.534073846825
2017-06-19,0.0067644000885422,2447.5,2432.75,1223334,-0.0163602831052065,12.125,0.004094139382314,0.0041412521431487,3.5289952768189936,-0.0064957617698405,2415.25998019268
2017-06-20,-0.004094171532663,2437.5,2434.0,1332027,-0.0041322372849106,12.075,0.0041736431142503,0.0050721321888141,3.532162783585984,-0.0066219023953165,2431.3464365748514
2017-06-21,-0.0016423735984938,2433.5,2428.0,1374762,0.0082474694300169,12.175,0.0034385085169123,0.0051140422375336,3.462924038026875,-0.0054555378026251,2424.2383342576045
2017-06-22,-0.0007193875239588,2431.75,2428.0,1056822,-0.0165635256716742,11.975,0.0031962966250629,0.0047408444851534,3.5528368669087245,-0.0050712444016547,2421.1903657116527
2017-06-23,0.0013355937671404,2435.0,2428.25,1197448,-0.008385793376274,11.875,0.0028967333686782,0.0044066628748718,3.700913878704571,-0.0045959573225487,2420.599424193786
2017-06-26,0.0004105933130977,2436.0,2430.0,1265812,-0.0212773984472849,11.625,0.0049702167327702,0.004320324390974,3.5877322520718047,-0.0078857461424048,2415.8737197524474
2017-06-27,-0.006383219450039,2420.5,2416.5,1639883,0.0338298645184047,12.025,0.0046167939831712,0.0040776126605095,3.8300252275188296,-0.0073250055883938,2418.221479759913
2017-06-28,0.0074089657703586,2438.5,2413.75,1560424,-0.0295380124368636,11.675,0.0063089439483888,0.0047246207928652,3.815122982333849,-0.0100097708165587,2396.3922077668053
2017-06-29,-0.0076155559993758,2420.0,2402.25,2337789,0.0295380124368636,12.025,0.0111326351308631,0.0051531693067439,3.933286574899248,-0.0176630395127807,2395.8068336461474
2017-06-30,0.0004131377873264,2421.0,2415.0,1638217,0.0246419039369287,12.325,0.004305154375936,0.0054607027654352,4.1297478903143165,-0.0068305581703622,2403.5263753037293
2017-07-03,0.0016508464335256,2425.0,2421.5,766228,0.0200809960570493,12.575,0.0042983542249802,0.0050628042392456,4.025285861042966,-0.0068197690504806,2404.5455108106235
2017-07-05,0.0012363488078053,2428.0,2419.25,1287423,-0.0200809960570493,12.325,0.0036297034532861,0.0047641936256743,4.062955874524794,-0.0057588876992234,2411.0748325525583
2017-07-06,-0.0080637261091141,2408.5,2405.25,1603746,0.055240867710677,13.025,0.0054232280629079,0.0045851596013553,3.941400185935505,-0.0086044939437925,2407.197912765353
2017-07-07,0.0057959176946464,2422.5,2407.5,1266391,-0.0351598716536276,12.575,0.0038220587649064,0.0051972863490572,3.879781185540779,-0.0060640786472517,2393.9388611451286
2017-07-10,0.0008252527804852,2424.5,2419.25,861222,-0.0282276806248673,12.225,0.0031114011429382,0.0051990675645232,4.114094717600285,-0.0049365492250321,2410.5706785695656
2017-07-11,0.0,2424.5,2410.25,1132273,-0.0082135985373885,12.125,0.0051118961585266,0.0048576531986727,4.081534480877163,-0.0081105347271259,2404.915536147823
2017-07-12,0.0063727217418403,2440.0,2422.5,1163339,0.0244411351591455,12.425,0.0048424569956589,0.0046415193951117,3.981789047719508,-0.0076830425364559,2405.943838538708
2017-07-13,0.002251561692165,2445.5,2439.0,941061,-0.0040322635279386,12.375,0.002047676923089,0.0049904182142357,3.8423293331632142,-0.0032488443191371,2432.085683014488
2017-07-14,0.0042844092876208,2456.0,2442.0,1091078,-0.0286904924629292,12.025,0.0050024568472556,0.0047573797016164,3.9445163228787554,-0.0079368983098259,2426.167138150911
2017-07-17,0.0010173975849614,2458.5,2454.0,862469,-0.00835077921742,11.925,0.0018315965407729,0.0048148186980058,3.849336572523804,-0.0029060111726339,2448.873196860214
2017-07-18,-0.0003051106049607,2457.75,2448.0,1091158,-0.0126583968719233,11.775,0.0037258773123878,0.0046144345081545,3.852211156284449,-0.0059114771493797,2444.009505739284
2017-07-19,0.0055789564999804,2471.5,2457.75,958463,-0.0214600510197691,11.525,0.0028175364063174,0.0044781673986897,3.772028563159613,-0.004470303417698,2446.7876325850493
2017-07-20,-0.0001011582621872,2471.25,2465.5,1106684,-0.0043478329361033,11.475,0.0030757614030097,0.0046883054634216,3.931520793797972,-0.0048800032116955,2459.468452933486
2017-07-21,-0.000708394504147,2469.5,2462.75,1095937,-0.008752791109595,11.375,0.0034995028449093,0.0045388069283449,3.812909478379526,-0.0055523114067899,2457.5668720817034
2017-07-24,-0.0004050222817619,2468.5,2463.5,857750,-0.0044052934679164,11.325,0.0019815587909783,0.004463123483701,3.6576179596290346,-0.0031439412870827,2461.748228933213
2017-07-25,0.002225595253515,2474.0,2466.25,1074033,-0.013333530869465,11.175,0.0031110044135977,0.0044489800616224,3.453235728853024,-0.0049359197742387,2456.345703031226
2017-07-26,-0.0003031987491013,2473.25,2471.5,972444,0.0089087448891094,11.275,0.0023022510627727,0.0044460248045864,3.432928611022609,-0.0036527516632032,2464.979577097268
2017-07-27,-0.0005055356257503,2472.0,2457.0,1647577,0.0132160513915264,11.425,0.0067016079032926,0.0043202819441271,3.485124303971171,-0.0106327714690711,2447.091811428857
2017-07-28,-0.0007081795025092,2470.25,2461.5,1156784,-0.0043859719432544,11.375,0.0029775276009745,0.0042203026907327,3.513958448359813,-0.0047241454559672,2460.3494535385416
2017-07-31,-0.000911254049793,2468.0,2465.25,1229202,-0.008830079448272,11.275,0.002719212192512,0.004144790406229,3.5120616332864727,-0.0043143022146502,2459.615551561576
2017-08-01,0.0017205611248209,2472.25,2466.25,1043439,-0.004444451760424,11.225,0.0029595618698823,0.0040623705910475,3.5445882218097715,-0.0046956410260253,2456.438323931659
2017-08-02,0.0005054845176637,2473.5,2463.25,1304650,0.004444451760424,11.275,0.0036484453525848,0.0040210438739671,3.60560693103327,-0.0057886235976846,2457.9804157821977
2017-08-03,-0.0007077498905214,2471.75,2466.0,1087355,0.0044247859803556,11.325,0.002403725043945,0.0040276672671032,3.3808526919627435,-0.0038137502873293,2464.084653965552
2017-08-04,0.000101137800339,2472.0,2467.75,1070866,-0.0044247859803556,11.275,0.0028422688193357,0.00394724628967,3.3852555456495126,-0.0045095438655573,2460.6286299503463
2017-08-07,0.0022224476265622,2477.5,2472.0,599701,-0.013393057336438,11.125,0.001204079463483,0.0038300489770097,3.441539475688973,-0.0019103925431875,2467.282017667269
2017-08-08,-0.001919095584193,2472.75,2467.5,1367671,0.0353237608304084,11.525,0.0058725596678823,0.0039998937042026,3.167513815818527,-0.0093174034930331,2454.52334047429
2017-08-09,0.0001010969014654,2473.0,2459.0,1555517,0.1261834210682741,13.075,0.0043786525620343,0.0039599928656476,3.265882431783232,-0.0069471703964805,2455.6309178442048
2017-08-10,-0.0144590646494133,2437.5,2432.75,2324062,0.1489473269945755,15.175,0.0075973045013326,0.0038316871871554,3.284818451154486,-0.0120538837409343,2443.3696844612964
2017-08-11,0.0010251154152447,2440.0,2430.25,1670104,0.0065681681120968,15.275,0.0044988066652871,0.0069755441075552,3.147590302077298,-0.0071378069033299,2420.1635414251577
2017-08-14,0.0095850636967709,2463.5,2441.5,1470477,-0.1478964106302327,13.175,0.0045615688328711,0.0064225472363114,2.942153807419805,-0.007237385361881,2422.4045291224847
2017-08-15,0.0001014764829116,2463.75,2460.0,1060173,0.0,13.175,0.0037936697323216,0.0070711180676702,3.094335311511204,-0.0060190366065866,2448.716638747874
2017-08-16,0.0015209128407072,2467.5,2461.5,1137333,-0.0076190844764396,13.075,0.0035010277884436,0.0064229230513896,3.0248915541930166,-0.0055547308822856,2450.102471055248
2017-08-17,-0.0155200174616796,2429.5,2423.75,2236170,0.1323356493276795,14.925,0.008826736892896,0.0064111945962978,2.7805910031884835,-0.0140045012412127,2433.184738092541
2017-08-18,-0.0011325612536214,2426.75,2419.5,2203303,0.0033444847228469,14.975,0.0058210395102595,0.0090538259367876,2.7263420507379967,-0.0092356616081065,2407.1652569454013
2017-08-21,0.0005149595870532,2428.0,2415.75,1339966,-0.0584358669690083,14.125,0.0045911597336183,0.0080305001086277,2.734632118253208,-0.0072843342866389,2409.136969252902
2017-08-22,0.0101419708641108,2452.75,2427.5,1367156,-0.0849218479805524,12.975,0.0045076594714916,0.005717970666599,2.9352089395238883,-0.0071518527661423,2410.6972486005056
2017-08-23,-0.004597239541785,2441.5,2438.75,1243382,0.0488819114973555,13.625,0.0035848421295855,0.0073939900075512,2.9774767287248807,-0.0056877107205651,2438.839065716764
2017-08-24,-0.0003072353959341,2440.75,2434.5,1407417,-0.0147877001543794,13.425,0.0041971385504256,0.0069178353719907,3.060388966890368,-0.0066591802556485,2425.295625213593
2017-08-25,0.0007167358111566,2442.5,2437.5,1211227,-0.0264166304439417,13.075,0.0046263540613887,0.0066503542650755,2.9093533786091426,-0.0073401736090211,2422.900062228254
2017-08-28,0.0005116398167386,2443.75,2436.25,953054,-0.0038314223115558,13.025,0.0037367072600027,0.005541159367782,3.0300057287683013,-0.005928659944863,2428.0620891065028
2017-08-29,0.0013290397089953,2447.0,2421.0,1615262,0.0114505067879955,13.175,0.0072681882521638,0.005195799319981,3.08346948988783,-0.0115317078818467,2415.731251370357
2017-08-30,0.0035694291123071,2455.75,2442.75,1301444,0.0,13.175,0.0043066885125757,0.0051108136781666,3.0455897586859244,-0.0068329922316394,2430.3366630689943
2017-08-31,0.0057859370670438,2470.0,2454.75,1752826,-0.0426421192660027,12.625,0.0041766924125403,0.005014883568042,3.087093344283696,-0.0066267404121518,2439.530183844409
2017-09-01,0.0017191691547777,2474.25,2470.0,1057024,0.0,12.625,0.0025978793875014,0.0051794958997747,3.0726690752791623,-0.0041217955795268,2459.840117781395
2017-09-05,-0.0058776010309253,2459.75,2445.5,2123649,0.0426421192660027,13.175,0.007396887907823,0.0049306117597308,3.144275217217924,-0.0117359027626156,2445.382168951844
2017-09-06,0.0023349079183061,2465.5,2456.5,1574076,0.0,13.175,0.0033355275927747,0.0051878068421689,3.070656631133163,-0.0052921482627071,2446.767022532624
2017-09-07,0.0004055150096116,2466.5,2457.5,1534736,-0.026924703370593,12.825,0.0031675231787901,0.0050759731086423,3.080467561847451,-0.0050255924502109,2453.1404847704634
2017-09-08,-0.0016230476275485,2462.5,2456.75,1242750,0.0344861760711694,13.275,0.0029178830955552,0.0048117924142559,3.157497979414324,-0.0046295134803785,2455.107695760694
2017-09-11,0.0101010959865037,2487.5,2468.0,1333316,-0.0947453675893661,12.075,0.003459592192513,0.0047037312651682,3.1591732025033,-0.0054889891634963,2449.0203927378943
2017-09-12,0.002709892760869,2494.25,2485.25,1739059,-0.0167018496179314,11.875,0.0019810127564656,0.0048165662640888,3.4333959269942693,-0.0031430749486948,2479.693875109256
2017-09-13,0.0002004409708051,2494.75,2489.0,1426452,0.0847280704737878,12.925,0.0018399847656719,0.00459150936658,3.626142269514412,-0.0029193199307213,2486.9791044617346
2017-09-14,-0.0002004409708051,2494.25,2487.5,1372582,0.0077071672449378,13.025,0.0024821643204738,0.0042649102794125,3.98541359543926,-0.0039382020477971,2484.9444911519263
2017-09-15,0.0012020436186421,2497.25,2487.0,1367390,-0.0077071672449378,12.925,0.0035820064824727,0.0042217140711744,3.92693228225342,-0.0056832116826994,2480.11485382016
2017-09-18,0.0022000008873339,2502.75,2497.75,1090827,-0.0394528484118001,12.425,0.002137357477988,0.0040781779467359,4.070828730982567,-0.0033911314924872,2488.795839566972
2017-09-19,0.000798801839779,2504.75,2501.0,961109,0.0,12.425,0.0013220910204532,0.0040501236498217,4.071638608318183,-0.0020976296859867,2497.5056595684296
2017-09-20,0.0001996007990658,2505.25,2494.0,1232948,-0.0121458983021085,12.275,0.0037282005219581,0.0039805629128965,4.118377002091639,-0.0059151631538121,2489.977728361353
2017-09-21,-0.0016978780608187,2501.0,2496.5,1117630,0.0040650462481695,12.325,0.0026155661711603,0.0039168665158701,4.146551809843285,-0.0041498574314556,2494.8751117125744
2017-09-22,-0.0005999400239939,2499.5,2492.0,1024727,0.008080852053939,12.425,0.0025301447214483,0.0037932062317983,4.356927796635329,-0.0040143277546301,2490.980290939244
2017-09-25,-0.0010007005738517,2497.0,2485.0,1539626,-0.0040322635279386,12.375,0.0055046211672937,0.0037706873264506,4.265591457941676,-0.0087336322477012,2477.7653356328733
2017-09-26,-0.0006009013701095,2495.5,2492.25,1144642,-0.0081136347741699,12.275,0.0024717593384883,0.0037539158528452,4.182289428046794,-0.003921693502805,2487.22670777764
2017-09-27,0.0036000038880077,2504.5,2493.0,1576031,-0.0081800047119307,12.175,0.0039404224424074,0.0036912929149144,4.181565136015661,-0.0062518744645046,2479.947115273484
2017-09-28,0.0012968229659229,2507.75,2499.0,1109027,-0.0207476321942485,11.925,0.0023620124072001,0.0037340849441797,4.118092228962448,-0.0037475690155686,2495.1317783931736
2017-09-29,0.0032844020567361,2516.0,2504.75,1368322,-0.0211872332194436,11.675,0.0030384411023971,0.0037282719692536,4.033725898993236,-0.0048207908206847,2495.6897551349875
2017-10-02,0.0040656508975001,2526.25,2517.0,1138362,-0.0260318387179472,11.375,0.0023183709761413,0.0037594587115355,3.980348557270743,-0.0036783275186433,2506.762327970256
2017-10-03,0.0025696792159557,2532.75,2525.5,849153,0.0,11.375,0.0017820473473541,0.0038207924390011,3.9063891722922497,-0.0028273964196221,2519.117377921609
2017-10-04,0.0013809432062377,2536.25,2529.0,956590,-0.0044052934679164,11.325,0.0023821535772792,0.0038247810651717,3.87095385967887,-0.0037795249971274,2523.1954752198576
2017-10-05,0.0054067470124472,2550.0,2534.5,1104438,-0.0451543974805441,10.825,0.0027244969261666,0.0038195873658644,3.798153348124599,-0.0043226869733581,2525.310246762895
2017-10-06,-0.0019627091678486,2545.0,2541.5,1169419,0.0,10.825,0.0021009794158843,0.0038936788534782,3.748974807423648,-0.0033334140571467,2541.5139457783284
2017-10-09,-0.0004912797937182,2543.75,2539.25,735488,0.0273365541637504,11.125,0.0031234875329604,0.0038468073642755,3.786200945110916,-0.0049557254921082,2532.418878662977
2017-10-10,0.0018655805891913,2548.5,2542.75,1149236,-0.0181410870706497,10.925,0.0026168928068799,0.0038466765061177,3.680324393676399,-0.0041519622717616,2533.2103412448705
2017-10-11,0.0017641874613874,2553.0,2544.25,818238,0.1083309279869992,12.175,0.0023479181023545,0.0038736375394948,3.573456599153153,-0.003725206990723,2539.023971027196
2017-10-12,-0.0013718767462735,2549.5,2546.25,938476,-0.0082474694300169,12.075,0.0018219680246139,0.0038527114893251,3.625483119643393,-0.0028907345683648,2545.6306112521283
2017-10-13,0.0012739479404375,2552.75,2547.0,918541,-0.0167018496179314,11.875,0.0020518637718366,0.0037935420229902,3.6603304817734057,-0.0032554871735909,2541.213630853545
2017-10-16,0.0013701313554639,2556.25,2550.75,795923,-0.0169855463657437,11.675,0.0016756806436882,0.0037607405689422,3.637674210665712,-0.0026586350017179,2545.9721833619647
2017-10-17,0.0002933555000748,2557.0,2552.25,738739,0.0042735107773816,11.725,0.0014778099558277,0.0036921555598776,3.696450810998992,-0.0023446933574426,2550.26339871982
2017-10-18,0.0011725621824218,2560.0,2556.25,753384,-0.012875714360045,11.575,0.001423075573396,0.0036430011517977,3.682890846438451,-0.0022578517832568,2551.23318574602
2017-10-19,0.0001952934289963,2560.5,2542.5,1362805,-0.0086768440256888,11.475,0.0052631345894361,0.0036432576566704,3.574660879048692,-0.0083504896299502,2538.711753890025
2017-10-20,0.0052585572534677,2574.0,2559.5,1254054,-0.0131580845775114,11.325,0.002677555290215,0.0036127212484986,3.502658830323228,-0.0042482093711677,2549.6455322553866
2017-10-23,-0.004087596932317,2563.5,2561.5,1272965,0.0389659685333838,11.775,0.0037116566493965,0.0036116758067808,3.638033499299822,-0.0058889146446933,2558.8864785007945
2017-10-24,0.0014617748546488,2567.25,2562.25,1047808,0.0126583968719233,11.925,0.0018799454910212,0.0035963679412179,3.7352658191566825,-0.002982721619765,2555.865185051878
2017-10-25,-0.0034141378332579,2558.5,2541.5,2099172,0.00835077921742,12.025,0.0066828442806871,0.0035932162521759,3.639694466947868,-0.0106030011044102,2540.173246510055
2017-10-26,0.0011718751341112,2561.5,2555.5,1392205,0.0041493835468116,12.075,0.0025784717200144,0.0035937295486589,3.654002242782499,-0.0040910033732212,2548.0545486262035
2017-10-27,0.0066148101117562,2578.5,2557.5,1561074,-0.055333262758368,11.425,0.004903792036957,0.003544419464726,3.655295426808802,-0.007780356716363,2541.647944451408
2017-10-30,-0.0039831013946409,2568.25,2565.5,1237600,0.0130436631920294,11.575,0.0030362185050903,0.0036586545769476,3.5934985468809533,-0.0048172644476752,2566.108554020775
2017-10-31,0.0017506326198279,2572.75,2566.75,1051279,-0.0262597145835559,11.275,0.0021146205205924,0.0036313635477932,3.710209741924748,-0.0033550570346291,2559.6478132535344
2017-11-01,0.0007770762897107,2574.75,2571.0,1290220,0.008830079448272,11.375,0.0039473203969982,0.0035867872825205,3.7331959055620336,-0.0062628187596389,2556.6876832263965
2017-11-02,0.0007764729109904,2576.75,2562.25,1297222,-0.0222231367847101,11.125,0.0042868793712255,0.0035933048279167,3.620192817427683,-0.0068015630468803,2557.2970963400658
2017-11-03,0.0023258078126531,2582.75,2573.5,992681,-0.013574869091069,10.975,0.0030366914941393,0.0036006760475078,3.4815481088442524,-0.0048180148921264,2564.365039546605
2017-11-06,0.0023204109802392,2588.75,2575.5,848119,-0.023042494147154,10.725,0.0033662101704749,0.0036105639439891,3.4116593033634626,-0.005340829242179,2568.9927435550258
2017-11-07,-0.0007728722247346,2586.75,2580.75,1163840,0.0138891121606672,10.875,0.0034765164707101,0.003561379996321,3.4720822482252385,-0.0055158412242173,2574.5101744425097
2017-11-08,0.0016416400770502,2591.0,2579.75,1058023,0.1210980967058361,12.275,0.0030538637342448,0.0034504204353267,4.264158046550373,-0.0048452603692251,2574.246837739118
2017-11-09,-0.0027053156596172,2584.0,2563.25,2218191,0.0040650462481695,12.325,0.0083897869621289,0.0034268785345091,4.2493432454841,-0.0133112364569525,2556.7391195665195
2017-11-10,-0.0017430042177881,2579.5,2571.5,1193217,0.0200809960570493,12.575,0.0038609619971207,0.003448709423941,4.270504585182215,-0.0061258025176291,2568.2193103367817
2017-11-13,0.0009687107218834,2582.0,2570.25,1052173,0.0157794201039651,12.775,0.0041617822334332,0.0034298768983327,4.248998399871677,-0.0066030839211578,2562.5234554818608
2017-11-14,-0.0015503879074554,2578.0,2564.25,1582882,-0.0078585866125213,12.675,0.0049164554189317,0.0033946381155391,4.236256827225327,-0.0078004484389028,2561.9375917493157
2017-11-15,-0.0050554258942625,2565.0,2555.5,1917948,0.0386895449501794,13.175,0.0051986973503314,0.0033526825395829,4.295611786030375,-0.008248253502832,2556.8234572757688
2017-11-16,0.0077670293376597,2585.0,2562.25,1528865,-0.0386895449501794,12.675,0.00555573107041,0.003429752275712,4.249842723327441,-0.0088147232228052,2542.489592194199
2017-11-17,-0.0033906547378608,2576.25,2574.75,1186958,-0.0039525743158232,12.625,0.0024063796883411,0.0035324770765135,4.184493646123313,-0.0038179621462746,2575.1493844564084
2017-11-20,0.002229439201919,2582.0,2567.75,1000520,-0.044541775622787,12.075,0.0042199662924222,0.0035666362291374,4.128998227928235,-0.0066953987523596,2559.0585948423886
2017-11-21,0.0055038037837338,2596.25,2579.25,1153787,-0.0379792480652163,11.625,0.004686155843684,0.0035399101739612,4.176273908253139,-0.0074350551201098,2562.873877674399
2017-11-22,-0.0006742763825275,2594.5,2592.75,536543,-0.012987195526811,11.475,0.0019516669882754,0.0036149190898067,4.1112620358045255,-0.0030965149512653,2588.2231071683677
2017-11-24,0.0025021666408573,2601.0,2589.5,551196,-0.0043668191663406,11.425,0.0031747805612255,0.0035822381446097,4.073074334925181,-0.0050371070135833,2581.4640850652745
2017-11-27,0.000288309069317,2601.75,2596.5,960112,-0.0087912654111708,11.325,0.002440168170595,0.0035645313020599,4.142060430593347,-0.0038715709540826,2590.949512090908
2017-11-28,0.0092774803447728,2626.0,2597.5,1558414,-0.0044247859803556,11.275,0.0056463053312783,0.0035481835757292,4.055571335774151,-0.0089584283500954,2578.54649767652
2017-11-29,-0.0003808798370172,2625.0,2619.75,1661775,0.0175828705578671,11.475,0.0039011638743855,0.0036999091166057,3.890353941718288,-0.0061895868183153,2609.7963437152475
2017-11-30,0.0087237420311749,2648.0,2621.75,2346236,0.0172790476083521,11.675,0.0082149291583606,0.0036377103967517,3.923636292118273,-0.0130338070558473,2591.0082585866853
2017-12-01,-0.0015117160853224,2644.0,2605.0,2520826,0.0169855463657437,11.875,0.0122869315582448,0.0037642189703715,3.855187359195341,-0.0194944462881434,2596.878616735103
2017-12-04,-0.0021771034203768,2638.25,2633.75,1756938,0.0042016868536998,11.925,0.007490711644427,0.0037402289960429,3.8360192132116806,-0.0118847635082875,2612.7626770641687
2017-12-05,-0.0037975930952596,2628.25,2627.25,1392821,-0.0042016868536998,11.875,0.0054647588236824,0.0036954086308149,3.908804342200858,-0.0086703866511284,2615.4742324547697
2017-12-06,0.0003804089441974,2629.25,2620.0,1307666,-0.012712035588362,11.725,0.0038575396641334,0.0037520491623232,3.847127182211808,-0.0061203726439226,2612.213256082944
2017-12-07,0.0038908708635334,2639.5,2626.25,1345485,-0.0480441738327104,11.175,0.0034222476568086,0.0037084483985784,3.8359113941652936,-0.0054297383210875,2615.0125483168777
2017-12-08,0.0043474220253543,2651.0,2637.75,1154864,-0.0272125635248845,10.875,0.0028716938463507,0.003762492718069,3.8619983035526446,-0.0045562296150426,2627.5011873610074
2017-12-11,0.0039529463237863,2661.5,2649.25,1266601,-0.0518984381276514,10.325,0.0034751285110149,0.0038307891308909,3.801518044450649,-0.0055136390872884,2636.4235643096004
2017-12-12,0.0023455468838626,2667.75,2663.25,1659061,0.0048309272696656,10.375,0.0025515593368413,0.003897218998689,3.732153874016657,-0.0040483041845941,2650.7472183635487
2017-12-13,0.0004684499078493,2669.0,2659.25,1565803,0.143422077180217,11.975,0.0042979505694745,0.0038670449938642,3.772775023852329,-0.006819128610633,2649.6201547759943
2017-12-14,-0.0048826388081995,2656.0,2651.75,1467120,-0.008385793376274,11.875,0.0049847269840589,0.0038711055524099,3.6824298440592567,-0.0079087681079,2647.9747494271846
2017-12-15,0.0097415532452993,2682.0,2652.5,1410847,-0.0342645939740959,11.475,0.004469167181395,0.0039749081843118,3.5996957670092926,-0.0070907808965516,2637.233499141929
2017-12-18,0.0046498735319273,2694.5,2682.5,1040769,-0.0131580845775114,11.325,0.0030872535499691,0.005168587420144,2.755539683237767,-0.0048982366526953,2668.895051070001
2017-12-19,-0.0039044392819782,2684.0,2682.5,980483,0.0,11.325,0.0031836890167741,0.004985846460596,2.8832920437209766,-0.0050512411696481,2680.923747996444
2017-12-20,-0.0009318796685926,2681.5,2679.0,981223,0.0087912654111708,11.425,0.004275956520653,0.0041650320700235,3.555836262729339,-0.0067842328515594,2665.8527462274783
2017-12-21,0.0023280729423573,2687.75,2680.75,853748,-0.0176605031519505,11.225,0.0037410473555154,0.0041382277905353,3.534243955989668,-0.0059355459406429,2665.6309758109355
2017-12-22,-0.0006513142821544,2686.0,2682.25,360430,0.0176605031519505,11.425,0.0024281391212525,0.0052616874746591,2.6014214070414634,-0.0038524856637323,2677.4154013856723
2017-12-26,0.0003722315323084,2687.0,2683.5,376101,-0.0087912654111708,11.325,0.0015781861027735,0.00405096508536,3.593922902087625,-0.0025039501577241,2679.2828031490144
2017-12-27,-0.0005583992699778,2685.5,2681.5,666329,0.0,11.325,0.0024575264521241,0.0039725008488255,3.654940156442831,-0.0038991116045143,2676.543485923949
2017-12-28,9.30882011376255e-05,2685.75,2683.0,535624,-0.0088692377407797,11.225,0.0015267056032789,0.0038973790809041,3.715963388390267,-0.002422271194386,2679.0028627983947
2017-12-29,-0.0036368762985325,2676.0,2667.75,1092038,0.0220273223182911,11.475,0.0077781099515806,0.0039106066492585,3.619154790204055,-0.0123407496782722,2652.809504806844
2018-01-02,0.0063326715634799,2693.0,2674.5,996265,-0.053704178971861,10.875,0.0038936818238943,0.0038886894639508,3.7027861011440537,-0.0061777157965932,2659.519391201007
2018-01-03,0.006661756687067,2711.0,2692.25,1114548,-0.0185620178600598,10.675,0.0041685276851835,0.0039973903633866,3.634825536354448,-0.0066137862552771,2675.247842810922
2018-01-04,0.0046920367601641,2723.75,2708.5,1166017,-0.0094118341823463,10.575,0.0043463636148572,0.0041448160109109,3.523811523869788,-0.006895940751108,2692.369416154762
2018-01-05,0.0068603058905551,2742.5,2723.75,1136500,-0.0095012591241405,10.475,0.003100834382875,0.0042430255843012,3.448152986720397,-0.004919784002933,2710.3826475276837
2018-01-08,0.0015484814316053,2746.75,2736.5,903544,0.0,10.475,0.0028793179638396,0.0042812743292693,3.4966363092889456,-0.0045683260402711,2729.999939749197
2018-01-09,0.0020003643695218,2752.25,2742.75,1137598,0.1169871740942802,11.775,0.0042384447483931,0.0042753366049821,3.4664172824581065,-0.0067247166716225,2728.3408520089606
2018-01-10,-0.0006360456349998,2750.5,2736.5,1289898,-0.0171310399301836,11.575,0.0039902739837311,0.0042668279796511,3.453427091734629,-0.006330968922719,2734.8806312646248
2018-01-11,0.0068840851576457,2769.5,2747.75,1045414,0.0,11.575,0.0038349712497067,0.0041824165285116,3.516632151563925,-0.0060845655963483,2733.8152136410044
2018-01-12,0.006926668273584,2788.75,2766.75,1357120,0.0086022035826633,11.675,0.0038732595197607,0.0042870094583345,3.470596796607056,-0.0061453137677282,2752.53274148114
2018-01-16,-0.0022436625970421,2782.5,2769.25,1981469,0.0336873959836752,12.075,0.0098195269751038,0.0043965528938753,3.420357189522085,-0.0155796620404128,2745.638917543288
2018-01-17,0.0076080026847176,2803.75,2779.0,1541873,0.0041322372849106,12.125,0.006143155577544,0.0044271857999842,3.3666577106723463,-0.0097467309782304,2755.511459729988
2018-01-18,-0.002678573030078,2796.25,2793.75,1345331,-0.0041322372849106,12.075,0.0032446273586334,0.0046019802188618,3.2611169761359733,-0.005147925946204,2789.3535902474064
2018-01-19,0.0052610581021923,2811.0,2791.75,1363990,-0.0125001627642316,11.925,0.004976165129633,0.0045574565447487,3.30436183048389,-0.0078951838691955,2774.260013824563
2018-01-22,0.008589824788908,2835.25,2802.0,1179414,-0.008421102396408,11.825,0.0059299690991168,0.0045939941826694,3.31799279982384,-0.0094084892997969,2784.6767617079204
2018-01-23,0.0014978636220472,2839.5,2828.75,1282163,0.0126052089189823,11.975,0.003878098436835,0.0047065991050434,3.2857368055348712,-0.0061529911938251,2817.858292100273
2018-01-24,0.0005281225367008,2841.0,2825.5,1885278,0.0206618920639565,12.225,0.0073543301627646,0.0046477540536568,3.318598581263448,-0.0116683806419581,2806.5601840543764
2018-01-25,8.79933125643717e-05,2841.25,2830.75,1439217,0.016227536621757,12.425,0.0057155269522226,0.0047087232090233,3.218287064025278,-0.0090682553777045,2815.3535465158443
2018-01-26,0.0116346498965933,2874.5,2841.25,1286287,-0.008080852053939,12.325,0.0049712036129549,0.0047760026719664,3.131678814002384,-0.0078873119265602,2818.928319734762
2018-01-29,-0.0073324350865835,2853.5,2851.5,1395078,0.0929101048037917,13.525,0.0049120424607509,0.0049121438425799,3.096646593655097,-0.0077934468392096,2852.184806147084
2018-01-30,-0.0102149532114452,2824.5,2818.5,2133815,0.0327301943086175,13.975,0.0075647498941564,0.0050081442540856,3.081669977414826,-0.0120022325993925,2819.4563379279844
2018-01-31,0.0004424583055238,2825.75,2813.0,1841227,-0.0364339022461019,13.475,0.0066697570465243,0.0053334539935257,2.9343696160773787,-0.0105822368979655,2794.768064531233
2018-02-01,-0.001150799047024,2822.5,2809.5,1646906,-0.0149535496670583,13.275,0.0068126451281544,0.0051934798986842,2.9916229841579023,-0.0108089431361625,2795.3711065702987
2018-02-02,-0.023570567385029,2756.75,2755.25,2532442,0.1629896284944627,15.625,0.0112524922254332,0.0050601364694433,3.057321297862405,-0.0178532047856376,2772.556481983189
2018-02-05,-0.0555646690827069,2607.75,2595.75,4009557,0.7544304089768437,33.225,0.0274393881687034,0.0054666306483533,2.849923383962123,-0.0435353347822114,2639.308932436287
2018-02-06,0.0326320919208606,2694.25,2529.0,4806868,-0.3304707182325148,23.875,0.0431822290185276,0.0071976062856303,2.3844191607348297,-0.0685129269430267,2435.0684173908057
2018-02-07,-0.0096970456828673,2668.25,2660.5,2491133,-0.1833692258263983,19.875,0.0169247967504651,0.0370169709735478,2.2566361402784225,-0.0268528834579769,2622.864363329975
2018-02-08,-0.0284145120026195,2593.5,2577.0,3121915,0.085542793908103,21.65,0.0241266346820536,0.0156701608543435,2.2350909920912394,-0.0382793199175386,2568.041399232944
2018-02-09,0.0097842507162573,2619.0,2530.25,3909443,-0.0582458137024324,20.425,0.0287986864803676,0.0276116260283281,2.581422333843619,-0.0456919975584862,2477.6643380966307
2018-02-12,0.0137462466939366,2655.25,2620.0,2170447,-0.0298158732251545,19.825,0.0122109016700044,0.0216191786427219,2.513692493898912,-0.0193738172632669,2568.748327744038
2018-02-13,0.0024449889930666,2661.75,2634.25,1461104,0.0,19.825,0.0086437203132742,0.0189892915106696,2.546428777906744,-0.0137141271258884,2619.0841224997016
2018-02-14,0.0131562429450147,2697.0,2627.0,2087016,-0.1035406789408406,17.875,0.0181541666457673,0.0136037147384259,2.4612845404652663,-0.028803401801684,2586.176161892261
2018-02-15,0.0136256941441645,2734.0,2688.5,1668909,-0.0197746556594173,17.525,0.0089724728987102,0.0149297059030016,2.4892524688225426,-0.0142357259960774,2658.878236277834
2018-02-16,0.000365697572187,2735.0,2722.25,1738551,0.0141645427686505,17.775,0.0083888294366441,0.0151607662386321,2.486936889829492,-0.0133097172469655,2697.852324342056
2018-02-20,-0.0077078744612668,2714.0,2705.75,1447502,0.0331980694095959,18.375,0.0098364502504862,0.0119089503393616,2.449611597532579,-0.0156065125100682,2692.647535043832
2018-02-21,-0.0056348585657977,2698.75,2693.5,1661308,0.0108255455049226,18.575,0.0136286403774234,0.0110196486270878,2.496168332808759,-0.0216232015746701,2655.944565140979
2018-02-22,0.004713284452098,2711.5,2682.0,1623017,-0.0272868225589943,18.075,0.0124488694568256,0.0098939844179243,2.4502320123955585,-0.0197513769669654,2645.96893663754
2018-02-23,0.0136442755878558,2748.75,2710.0,1290000,-0.0746400851870832,16.775,0.0064453190214355,0.0089211649651485,2.477755831439732,-0.010226143514978,2683.9131060331497
2018-02-26,0.0129220611607525,2784.5,2742.5,1256268,-0.036422842470781,16.175,0.0083017716836821,0.0114409284240625,2.554977034058952,-0.0131715914113133,2712.781986108099
2018-02-27,-0.0133769167519472,2747.5,2742.0,1717155,0.0798762451212811,17.52,0.009141552583084,0.0121105155223598,2.643606554866973,-0.0145039878326324,2744.405116610216
2018-02-28,-0.0120836329322706,2714.5,2712.0,1876678,0.0584735050955775,18.575,0.0106684242373957,0.0125744181571842,2.7320158749102674,-0.0169265224835962,2701.3857573585747
2018-03-01,-0.013444178202838,2678.25,2658.5,2818966,0.0726649010485154,19.975,0.0166452458204924,0.0125191191354199,2.803244237891945,-0.0264093479370603,2643.7501655353904
2018-03-02,0.0044705299378344,2690.25,2647.0,2171819,-0.0487275879045889,19.025,0.0126937138886882,0.0129243191477668,2.833962684689877,-0.0201398471560659,2624.849993308563
2018-03-05,0.0104461315054731,2718.5,2663.75,1781823,-0.040219898111907,18.275,0.0146984230192695,0.0113215166764725,2.77524480153861,-0.0233205187732398,2628.237862378762
2018-03-06,0.0020211306834276,2724.0,2710.25,1450085,0.0027322421368727,18.325,0.006194341355569,0.0112436617711961,2.840353286811325,-0.0098279423364685,2691.9135975679355
2018-03-07,-0.0002753683068483,2723.25,2681.25,1870360,-0.0248631591926438,17.875,0.0116442241644529,0.009778230197608,2.811448003775612,-0.0184747267016971,2674.1368665927407
2018-03-08,0.0058581403229478,2739.25,2720.0,1502808,-0.0370412716803487,17.225,0.0036954160280583,0.0084120521546294,2.755841511133048,-0.005863147273982,2707.3299007358387
2018-03-09,0.0162045821688083,2784.0,2730.0,1541679,-0.0879354084724455,15.775,0.0099550103074564,0.0081252909519916,2.806105145800862,-0.0157946199029977,2696.324475980949
2018-03-12,0.0,2784.0,2779.0,1232395,0.0250404319596873,16.175,0.0054495460321078,0.0109669479039414,2.8773291227579514,-0.0086462500351769,2760.032603266474
2018-03-13,-0.0040491349694598,2772.75,2762.5,2226645,0.036422842470781,16.775,0.0109068901811234,0.0097273334146978,2.854585817282662,-0.0173048725630701,2736.23768705092
2018-03-14,-0.006785207196251,2754.0,2748.25,1930552,0.0293706867959882,17.275,0.0085233620973374,0.0087707647169589,2.880622009927753,-0.0135231667738432,2735.5060350862536
2018-03-15,0.00054451403469,2755.5,2745.0,1392307,-0.0323557636394413,16.725,0.0057059456020606,0.0085067129720319,2.876893618568578,-0.0090530536070088,2729.1804064348225
2018-03-16,0.0001814388102596,2756.0,2750.25,1142517,-0.0150605256257212,16.475,0.0040878169254993,0.0076129534049621,2.785119889334692,-0.0064857305595095,2737.6863989950834
2018-03-19,-0.0121379541777537,2722.75,2697.25,1986809,0.058927207731303,17.475,0.0133532286117208,0.0065992447771286,2.800983369990466,-0.0211862332520128,2698.2249203579154
2018-03-20,0.0002754188679334,2723.5,2712.75,1099899,-0.0057388966690181,17.375,0.0041983424887433,0.0085720881074839,2.857234715101108,-0.0066610904242498,2704.6737865305367
2018-03-21,-0.0019295269458705,2718.25,2712.5,1423759,-0.0028818463748887,17.325,0.0080839558460381,0.0076103184488001,2.850056228440816,-0.0128260047912911,2688.7914378568357
2018-03-22,-0.0279790702652231,2643.25,2641.75,2548609,0.1118330301634435,19.375,0.0139019775078419,0.006899622507395,2.785480262446326,-0.0220568782808713,2658.9502781060924
2018-03-23,-0.0173635348798795,2597.75,2586.0,2875654,0.0527760655066558,20.425,0.0159802231956091,0.0148693624128402,2.7863393985807674,-0.0253542230037331,2577.0749040585715
2018-03-26,0.0234924494496162,2659.5,2591.0,2302375,-0.0553600462725807,19.325,0.0118413507088254,0.0160580037484249,2.864783812227401,-0.0187874876878733,2549.400409678573
2018-03-27,-0.0165872719212156,2615.75,2596.0,2448450,0.0553600462725807,20.425,0.0199449585855342,0.0188753236493424,2.931371145319757,-0.0316446723921107,2576.658650351958
2018-03-28,-0.0031589553862287,2607.5,2593.0,2802883,0.0289525651129451,21.025,0.0109549433685814,0.0184690464648271,2.960984424001549,-0.0173811137529418,2570.6781855566046
2018-03-29,0.0135227277293612,2643.0,2601.0,2042949,-0.061293692205294,19.775,0.0136176734876806,0.0156684199513024,2.887925144964836,-0.0216058015067992,2551.767117412088
2018-04-02,-0.0260651015064521,2575.0,2552.0,2395329,0.0801399508301261,21.425,0.0197263184611734,0.0151679629468355,2.922361975369069,-0.031297777958738,2561.561049639116
2018-04-03,0.01474512331498,2613.25,2573.5,2220246,-0.0453538347447106,20.475,0.0096574325165431,0.0189642470049787,2.975413201579589,-0.0153224829635182,2535.845345683661
2018-04-04,0.0128322658142847,2647.0,2559.5,2247386,-0.0247231380867947,19.975,0.023064827537433,0.0179153635493596,3.011681869768572,-0.0365946566433068,2519.347654595379
2018-04-05,0.0055568779676136,2661.75,2644.0,1642890,-0.0461029144818176,19.075,0.0065141122725673,0.0167226977413692,3.052169066877266,-0.0103352908910189,2619.7833731581263
2018-04-06,-0.0212632595752833,2605.75,2584.5,2615117,0.0781253550502238,20.625,0.0166280708945732,0.0147058408816982,3.055405799545408,-0.0263820981986495,2592.445666675369
2018-04-09,0.0050720238882799,2619.0,2607.5,1762078,0.0096502558321618,20.825,0.0121276300530778,0.0167028646614237,3.107324499559493,-0.0192416985112573,2556.0902452901923
2018-04-10,0.0136520891683273,2655.0,2612.25,1998582,-0.031709973896894,20.175,0.0114981313171378,0.0147930058017922,3.090186525250872,-0.0182429357820873,2571.654920854087
2018-04-11,-0.0052870213789066,2641.0,2626.0,1637350,-0.0353126223992004,19.475,0.0088801809961856,0.0145915506077568,3.1570807567941195,-0.0140892956584403,2617.855206476209
2018-04-12,0.0086711193631474,2664.0,2639.75,1301132,-0.0392720623535285,18.725,0.007913076573132,0.0130073016819386,3.162614520194296,-0.0125548877274714,2608.049817248081
2018-04-13,-0.0025369992465886,2657.25,2644.75,1711823,-0.0325673286625449,18.125,0.0094357579052232,0.0121058329405943,3.1948652168451512,-0.0149707740129689,2624.414907097776
2018-04-16,0.0091778130638475,2681.75,2660.75,1237183,-0.0480318310870049,17.275,0.0066555605558222,0.0105179904388239,3.151824352080085,-0.0105597127450344,2629.337834898613
2018-04-17,0.0091867207594935,2706.5,2678.75,1251766,-0.053504588132418,16.375,0.0066856686993143,0.0103433800625349,3.156764921017905,-0.0106074823271598,2653.4537257050183
2018-04-18,0.0012000924588271,2709.75,2703.75,1044851,0.0030487828493588,16.425,0.0036533537125609,0.0102260588335582,3.1473454393088067,-0.0057964112018934,2690.8573923722843
2018-04-19,-0.0062005658842609,2693.0,2681.5,1577913,0.0090909717012519,16.575,0.0071189704719238,0.0088572580028097,3.1190855293462376,-0.011294958943486,2679.315685724893
2018-04-20,-0.0080157014137727,2671.5,2659.75,1604973,0.0267873159636495,17.025,0.0089209570230729,0.0082883583922797,3.153842083673505,-0.0141539909049492,2655.1517859908977
2018-04-23,-9.358476446852392e-05,2671.25,2657.25,1239828,-0.0118169765047841,16.825,0.0067498821573319,0.0084276803093914,3.143302020167204,-0.0107093634031931,2643.042588033796
2018-04-24,-0.0135684734980587,2635.25,2616.0,2329880,0.0492853362518448,17.675,0.0173079152942298,0.0072584484752574,3.127346388058516,-0.0274607393606495,2598.893527989488
2018-04-25,0.0035039573707358,2644.5,2611.25,1902899,0.0028248606355547,17.725,0.0097077178719146,0.0095054449747548,3.117335521923355,-0.0154022657111246,2594.9721605330933
2018-04-26,0.0112804354652702,2674.5,2639.5,1279539,-0.0491428356595977,16.875,0.008036054324968,0.0085722363045239,3.061724129742592,-0.0127500042353187,2610.996651581561
2018-04-27,-0.0011223345734787,2671.5,2657.75,1142350,-0.0270286723879191,16.425,0.0048160051739682,0.0094161755139453,3.1170669080439715,-0.0076410740747022,2654.1418255991434
2018-04-30,-0.0092131891707243,2647.0,2645.0,1341086,0.0121030221712437,16.625,0.0082225379206752,0.0083604882272753,3.0921565613993622,-0.0130458791185555,2636.874286463481
2018-05-01,0.0019814131122792,2652.25,2623.25,1323628,-0.0212773984472849,16.275,0.0091984112755751,0.0086904576171695,3.137050125930513,-0.0145941998372755,2608.6496798348344
2018-05-02,-0.0093755125882744,2627.5,2624.25,1427995,0.0212773984472849,16.625,0.0063769318215149,0.0078190849860964,3.112896833253349,-0.0101176403798112,2625.550782601401
2018-05-03,0.0016162003803277,2631.75,2591.25,2146587,-0.0060332008041679,16.525,0.012116794994027,0.0083209353378542,3.1774826713632227,-0.0192245076059695,2577.4700477012752
2018-05-04,0.0118042826824975,2663.0,2612.25,1699202,-0.0401288409589946,15.875,0.0134598921699658,0.0075074288742817,3.1696344435215185,-0.0213554656594086,2576.1436166415792
2018-05-07,0.0026251655803637,2670.0,2661.25,1148919,-0.0094937421922511,15.725,0.0050867756627969,0.0087164506619054,3.243851750049932,-0.0080706785472154,2641.59427856701
2018-05-08,9.362857550954118e-05,2670.25,2652.25,1281751,0.0031746058407726,15.775,0.0058176033656489,0.0079565414728959,3.199171368692859,-0.0092302098208779,2645.468728335758
2018-05-09,0.0095970920623926,2696.0,2666.5,1251722,-0.0095542128048116,15.625,0.0063997275816265,0.0071933707130826,3.196179860223777,-0.0101538081340619,2643.2739802625047
2018-05-10,0.0084030228047966,2718.75,2692.75,1173629,-0.0358344530092162,15.075,0.0066025253645031,0.0078411350832524,3.284619782322847,-0.0104755671075617,2667.90528204953
2018-05-11,0.0039462263848175,2729.5,2716.25,1066248,-0.0251902488285584,14.7,0.0029396225020767,0.0080264866939298,3.376017313208721,-0.0046640052239649,2706.099260287959
2018-05-14,0.0005494002518933,2731.0,2724.25,945963,-0.0154244703256316,14.475,0.0043151131873043,0.0074503347393373,3.408965276876218,-0.0068463588210285,2710.8766872822325
2018-05-15,-0.0080882793886098,2709.0,2700.5,1519108,0.0570624583632159,15.325,0.0066502855865882,0.0066958124332847,3.417842726047869,-0.0105513434785567,2702.3357699623284
2018-05-16,0.0051546505886639,2723.0,2704.5,1057687,-0.0433401161081148,14.675,0.0054956232470225,0.0071075126456824,3.4819072502542325,-0.0087193561469026,2685.481944350336
2018-05-17,-0.0015619978367649,2718.75,2711.0,1071506,-0.020654779030746,14.375,0.0054130730081133,0.0067966632336731,3.5596911816453534,-0.0085883819332952,2699.7139737709745
2018-05-18,-0.002117182178063,2713.0,2708.75,1013073,0.010380716054561,14.525,0.0045621181225568,0.006208048930699,3.519536235454908,-0.0072382568649266,2699.142038488368
2018-05-21,0.0073448732691367,2733.0,2724.25,951913,-0.0314711287122211,14.075,0.0037603100768111,0.0056689200053145,3.508692391375301,-0.0059661081753133,2696.862136508196
2018-05-22,-0.0025645736715906,2726.0,2721.5,891511,0.0106008059866407,14.225,0.0051036996965387,0.0062291059091046,3.4994623015210133,-0.0080975302200838,2710.95880994638
2018-05-23,0.0017409634671752,2730.75,2704.5,1295885,-0.0249123203798964,13.875,0.0072744021485677,0.0057781143947736,3.4626128055930807,-0.0115415668502239,2694.718554457258
2018-05-24,-0.001190858016427,2727.5,2705.75,1277264,-0.0036101122240999,13.825,0.0071320424222712,0.0053015958268108,3.45508258635766,-0.0113156989006283,2700.023827147765
2018-05-25,-0.003397147829367,2718.25,2713.75,993783,0.0214677296241063,14.125,0.005915935046619,0.0048363061544735,3.451884504622321,-0.0093862228713297,2702.0188500709137
2018-05-29,-0.0096110156688684,2692.25,2675.0,1989677,0.1199439244257223,15.925,0.0110487388483073,0.0047313284576389,3.4443156810379008,-0.0175299296662493,2671.0144958278383
2018-05-30,0.0119076498141632,2724.5,2685.75,1424364,-0.0482408645126648,15.175,0.0088125579465203,0.0062934893789004,3.480671366802229,-0.0139820049241108,2654.8688876789483
2018-05-31,-0.0069981869403639,2705.5,2699.75,1665452,0.0163402328458892,15.425,0.0066119721611432,0.0080316762070112,3.5684669637557853,-0.0104905553956319,2696.067876955444
2018-06-01,0.0103875549081884,2733.75,2706.0,1241171,-0.0670267573972882,14.425,0.0053771829544842,0.0079400095693685,3.632618276798065,-0.0085314387722272,2682.516373508785
2018-06-04,0.0042889147279492,2745.5,2729.0,857850,-0.0352770265808155,13.925,0.004061463635245,0.0087270557376168,3.647952558773168,-0.0064439184277381,2716.1905745124577
2018-06-05,0.0021830097808859,2751.5,2739.0,1027609,-0.0217794452640398,13.625,0.0034521025586074,0.0079811568991491,3.625791052043372,-0.0054771061099284,2730.503710797868
2018-06-06,0.0075130473335125,2772.25,2748.0,1326401,-0.0412043305983211,13.075,0.0049040103129545,0.0071992001290289,3.6054748179456895,-0.0077807030330729,2730.17446701014
2018-06-07,0.0,2772.25,2760.0,1773923,0.0076190844764396,13.175,0.005036909443708,0.0073597479803746,3.681843938305428,-0.0079915608012579,2750.183685155804
2018-06-08,0.0023419214450806,2778.75,2752.0,1367033,0.0113208756244818,13.325,0.0068788116738497,0.006644910594587,3.6590808369445416,-0.0109139229812128,2742.158384495414
2018-06-11,0.0015282962474847,2783.0,2770.5,1218834,-0.0343545235021083,12.875,0.0043192885164043,0.0061287598347308,3.664779270668547,-0.006852983398409,2759.772373332985
2018-06-12,0.0018846763487552,2788.25,2782.25,1496135,-0.0077973104600315,12.775,0.0028904583989105,0.0056229390084948,3.663849704955597,-0.0045860014551691,2770.2663784708548
2018-06-13,-0.0033230081321429,2779.0,2778.5,1384101,0.1039897135240477,14.175,0.0033610293135992,0.0051921830641044,3.6746995779295086,-0.0053326092943742,2773.42092610444
2018-06-14,0.0034126660871054,2788.5,2772.25,1275141,-0.035910501305771,13.675,0.004977327069439,0.005005034234139,3.681149763684426,-0.0078970274029557,2757.1405866418445
2018-06-15,-0.0014354927998851,2784.5,2765.5,1512061,0.0036496390875493,13.725,0.0058298959175752,0.0048468928480506,3.726168781475953,-0.0092497131844422,2762.82609595821
2018-06-18,-0.0017073284463648,2779.75,2761.25,993118,-0.0036496390875493,13.675,0.0064998858058449,0.0044715705569379,3.7397564423566334,-0.0103127191781322,2755.9317945789103
2018-06-19,-0.0048683832180991,2766.25,2735.75,1657081,0.0394316317043497,14.225,0.0110875988896668,0.004155280728062,3.765828655342921,-0.0175915850100141,2731.2773965671977
2018-06-20,0.0020764689445345,2772.0,2757.25,1082802,-0.021315194199047,13.925,0.0051466867856868,0.0045138123458353,3.7455970729071577,-0.0081657335380975,2743.7535147561
2018-06-21,-0.0070594917129591,2752.5,2747.0,1493235,0.0659961656183458,14.875,0.0087662533460178,0.0042710888582823,3.739107627406733,-0.0139085380423991,2733.7124119515684
2018-06-22,0.0025399142827211,2759.5,2749.25,1108771,-0.0307191390375303,14.425,0.0044967010859409,0.0051159113691312,3.795943162058448,-0.0071344661910231,2732.932267473003
2018-06-25,-0.0135907596533852,2722.25,2700.5,2206994,0.1237348627683316,16.325,0.0126410303151518,0.0048221166365746,3.8269918563856535,-0.0200562593953867,2704.7060695813784
2018-06-26,0.0022932634001158,2728.5,2714.75,1399067,-0.0279521303837393,15.875,0.0050919073193198,0.0077143275463767,3.835579223720736,-0.0080788204337377,2700.346029331527
2018-06-27,-0.0086500953457049,2705.0,2701.0,2117686,0.0640462740195833,16.925,0.0111620898040526,0.0070257814952967,3.82360983523022,-0.017709772298888,2680.604249512984
2018-06-28,0.0053461275824338,2719.5,2693.25,1678667,-0.0239174330605886,16.525,0.0079445548226891,0.0075472233018718,3.8613216968955335,-0.0126048311199552,2671.117919375205
2018-06-29,0.0007351590112394,2721.5,2716.75,1641889,-0.0307243829310164,16.025,0.0074357475615064,0.0072250730229855,3.8264417680980607,-0.0117975574912934,2687.605053568175
2018-07-02,0.0021105766036111,2727.25,2698.5,1213215,0.0,16.025,0.0076865822208784,0.0065136560087066,3.717571782481859,-0.0121955317756907,2688.5114257428613
2018-07-03,-0.0051465971517412,2713.25,2712.0,860533,0.0216057787145818,16.375,0.0069492269168897,0.0059519282385411,3.725544903574183,-0.0110256438097047,2697.345474189174
2018-07-05,0.0092631468976511,2738.5,2710.75,1165235,-0.0565299629506554,15.475,0.0047759664072358,0.005891264455562,3.784751776870487,-0.0075775485651957,2692.767916352643
2018-07-06,0.0089067206996409,2763.0,2731.25,1287758,-0.059918086334104,14.575,0.0068217918772134,0.0069608357733376,3.8713230715969535,-0.0108234553687241,2709.019794112128
2018-07-09,0.0088280908449576,2787.5,2761.75,970337,-0.0564523771975777,13.775,0.0034813630945509,0.0076013658697875,3.8842624708850977,-0.0055235308778705,2747.7805554151464
2018-07-10,0.0033128919586653,2796.75,2780.5,925706,-0.0257367146440499,13.425,0.0038582274745336,0.0080581816691987,3.917657009983113,-0.0061214639239416,2770.488539953039
2018-07-11,-0.0081677068522632,2774.0,2765.75,1369176,0.1025633110367651,14.875,0.0053949102463982,0.0073110047935807,3.909102889566937,-0.008559564894556,2772.913198740493
2018-07-12,0.0087932374566372,2798.5,2773.75,1120424,-0.0272589279726345,14.475,0.0049266150227716,0.0076803953663118,3.9885054453848894,-0.0078165676669156,2752.4013648591745
2018-07-13,0.0016958990095758,2803.25,2793.25,952307,-0.0174220434466643,14.225,0.0033744346585577,0.008129381550646,4.0051823350885725,-0.0053538782154249,2783.5572084505566
2018-07-16,-0.0024108230793471,2796.5,2795.0,801608,0.0035087755296792,14.275,0.0030216078279399,0.0071616555776943,3.951747665107481,-0.0047940831465022,2789.8431488767983
2018-07-17,0.0052605890118826,2811.25,2789.75,1059163,-0.0212397365009109,13.975,0.0055874971859737,0.0064145822236463,3.890369773380209,-0.008865123343511,2771.8182476050742
2018-07-18,0.0016882140044076,2816.0,2806.75,860523,-0.0035842332278153,13.925,0.0028143625688127,0.0062981168354646,3.92102172372568,-0.0044652678069381,2798.725000427356
2018-07-19,-0.0038247767329568,2805.25,2800.25,1082645,0.0177940638004683,14.175,0.0039720012037055,0.0056234814034035,3.8867848697759433,-0.0063019773289222,2798.309433165564
2018-07-20,-0.0016054231061435,2800.75,2793.0,1013663,0.0070299059282579,14.275,0.0042892607216594,0.0054400216761316,3.843071087758093,-0.0068053412976102,2786.224128527492
2018-07-23,0.0040087354917233,2812.0,2792.5,812481,-0.0141095815163199,14.075,0.004820137509341,0.0049709096832398,3.814996987563799,-0.0076476304382326,2779.4125933457303
2018-07-24,0.0031954580714401,2821.0,2810.25,1347688,0.0,14.075,0.0047266601309236,0.005035314607761,3.8327108949719886,-0.0074993192244787,2790.990790188981
2018-07-25,0.0071526641647565,2841.25,2814.0,1302896,-0.0179216266173556,13.825,0.0074324955655061,0.0049131153163439,3.843501948226976,-0.0117923978742599,2787.929021901044
2018-07-26,0.0004398504579388,2842.5,2833.25,1039552,0.0018066852249494,13.85,0.002892227475778,0.0058298441313319,3.879571867493602,-0.0045888082726247,2828.2419171206693
2018-07-27,-0.0088339797107597,2817.5,2808.75,1492056,0.0337210299674555,14.325,0.0081545150062701,0.0053092160728903,3.86544715761252,-0.0129379539588077,2805.960747150312
2018-07-30,-0.0050705085729418,2803.25,2798.25,1169457,0.0376756888308902,14.875,0.0051976092482525,0.0063799315142956,3.973547665390117,-0.0082465271200136,2794.3609493748013
2018-07-31,0.0048930305353831,2817.0,2802.75,1366896,-0.0552817774059395,14.075,0.0057415437650043,0.0062207586924015,4.091197325648433,-0.0091095336542992,2777.8296592972
2018-08-01,-0.0022211372465035,2810.75,2805.5,1098291,0.0141095815163199,14.275,0.0041223808469777,0.0060735945506021,4.225843061297551,-0.006540569679234,2798.635338356675
2018-08-02,0.0062951841533411,2828.5,2791.0,1238138,-0.0248239697287262,13.925,0.0096074758223973,0.0056626551256609,4.293615970805664,-0.0152432216698304,2768.23000882766
2018-08-03,0.0038814445342767,2839.5,2824.75,922242,-0.0291459610808022,13.525,0.0037145169891208,0.0058680283185809,4.496895517659555,-0.0058934528598575,2811.879393074241
2018-08-06,0.0036910139452084,2850.0,2835.0,797324,-0.0376692370931146,13.025,0.004207975481423,0.0056447359187048,4.646748153153672,-0.0066763741309668,2820.6055789503075
2018-08-07,0.0034152141430867,2859.75,2848.25,780222,-0.0233020252028444,12.725,0.0030822622236717,0.0054011312074228,4.869403171146706,-0.0048903174141164,2836.096619051258
2018-08-08,-0.0015748034750657,2855.25,2852.5,745412,-0.0118578464507832,12.575,0.0021954184789448,0.005166722209895,5.0451891028648514,-0.0034832510798083,2849.8061013265537
2018-08-09,-0.0005254860867118,2853.75,2850.5,696695,0.0079208334914437,12.675,0.0030317856463679,0.0047876687297605,5.159286017748317,-0.0048102312737816,2841.548567105045
2018-08-10,-0.005974888172906,2836.75,2826.0,1416182,0.0832238055617313,13.775,0.0057041143266134,0.0043840057672166,5.257923926864636,-0.0090501481052833,2828.039656536593
2018-08-13,-0.0039736906012004,2825.5,2820.0,1282874,0.0768265963927152,14.875,0.0054866436455371,0.0049079534894433,5.096898946011505,-0.0087051091106905,2812.162953456484
2018-08-14,0.0054707627842898,2841.0,2825.75,1022577,-0.0804629640360992,13.725,0.0031365431795212,0.00483761857101,5.290842816803868,-0.0049764395816618,2811.4739986821705
2018-08-15,-0.0069760537224423,2821.25,2803.0,1871800,0.1037198262003666,15.225,0.0089520690632775,0.0051029080944961,5.18913067097543,-0.0142033532696543,2800.933486351457
2018-08-16,0.0082951411053722,2844.75,2817.5,1271529,-0.0300022503037991,14.775,0.0069742330825649,0.0056388059721771,5.481736292753836,-0.0110653185935445,2790.204053338184
2018-08-17,0.0026329662393607,2852.25,2835.0,1202980,-0.0309303006913586,14.325,0.0051216447359948,0.0064683925157277,5.7538694572659645,-0.0081260018206748,2821.7272245645263
2018-08-20,0.0021888552275468,2858.5,2850.25,817383,-0.0105264129869873,14.175,0.002145106926858,0.0059757641295381,5.440621915964604,-0.0034034267684919,2842.5590765281618
2018-08-21,0.0011363140945599,2861.75,2852.0,1055051,0.0312525435041042,14.625,0.0053237989010105,0.0055105162970781,5.486484942882253,-0.0084467396300409,2834.456681545149
2018-08-22,-0.0001747335318089,2861.25,2846.25,996434,-0.0312525435041042,14.175,0.0051402563478022,0.0050301499841047,5.500763411843049,-0.0081555310049952,2838.5058222883763
2018-08-23,-0.0011365127769638,2858.0,2854.75,1050042,0.0035211303985787,14.225,0.0036149681800607,0.0046253710461441,5.22775354271341,-0.005735508713911,2844.886247772625
2018-08-24,0.0065391052137551,2876.75,2856.25,1058571,-0.0070547029798899,14.125,0.0033752082019732,0.0042760992088894,5.168631327100501,-0.0053551055194506,2842.736015027785
2018-08-27,0.0075321770762197,2898.5,2876.75,961496,0.0,14.125,0.0033293368661509,0.0050390878238581,5.302948301365639,-0.0052823260555044,2861.594132876851
2018-08-28,0.0002587210570252,2899.25,2894.25,902705,-0.0035461030067507,14.075,0.0029252200998111,0.0058384169869676,5.489398082144026,-0.0046411543717358,2885.0787831146613
2018-08-29,0.0053319699765879,2914.75,2897.5,1113797,-0.0107143882124063,13.925,0.0037921589668922,0.0052797372074583,5.466491181862859,-0.0060166396260729,2881.85862883443
2018-08-30,-0.0043838983692676,2902.0,2895.5,1331841,0.0421855169246274,14.525,0.0041065531691372,0.0054383223770661,5.629860688341656,-0.0065154574846991,2895.8208034480067
2018-08-31,0.0,2902.0,2891.75,1323038,-0.0350298513292148,14.025,0.0037439325721589,0.0053664926252413,5.697358410604957,-0.0059401236255285,2884.812858648341
2018-09-04,-0.0012930478936228,2898.25,2885.5,1605954,0.0141595286036344,14.225,0.0063443365562645,0.0048638311888474,5.538619253310722,-0.0100659247301668,2872.935213818202
2018-09-05,-0.0034563241873826,2888.25,2877.5,1604742,0.0243067522241613,14.575,0.0051579134073208,0.0044488502839215,5.55921793597012,-0.0081835456966015,2874.628823002042
2018-09-06,-0.0032077707509516,2879.0,2868.0,1633946,0.0403416047090061,15.175,0.0057854237775818,0.0044285131794267,5.535005660598269,-0.0091791536846754,2861.8596153657377
2018-09-07,-0.0014772976834018,2874.75,2865.0,1692240,0.0130934767470196,15.375,0.0048761196192737,0.004352992583048,5.631501599656862,-0.0077364516569403,2856.812691862124
2018-09-10,0.0019113819893883,2880.25,2873.25,1248308,-0.0398062504004199,14.775,0.0034036090857606,0.0040274405046057,5.6634500112523165,-0.0054001663632344,2859.2677128347373
2018-09-11,0.0032928972562142,2889.75,2867.25,1269254,-0.0379355832797672,14.225,0.0059435325641881,0.0038232801342419,5.677693802975519,-0.0094300090942272,2853.2168779264143
2018-09-12,-0.0004326569530563,2888.5,2879.5,1581597,0.0547145004088767,15.025,0.0038436019209556,0.0039756049433664,5.585630518455435,-0.0060982590198278,2872.181180051668
2018-09-13,0.0057821088816627,2905.25,2884.75,1641192,-0.0269830873033511,14.625,0.0037653189042326,0.0036753774916091,5.51727699397096,-0.0059740551811765,2871.295383441929
2018-09-14,0.0003441452326828,2906.25,2896.75,1203335,-0.0172418064345061,14.375,0.0037598504431477,0.0046669424606144,5.555755399343654,-0.0059653789205176,2887.9706729991394
2018-09-17,-0.0052611273193203,2891.0,2887.25,1161598,0.040891557318099,14.975,0.0037842094732228,0.0042241453160702,5.4933723828895165,-0.0060040269589784,2888.853074715499
2018-09-18,0.0071518119664153,2911.75,2883.5,1877029,-0.0202367782873529,14.675,0.0075904399775646,0.0047652811268861,5.6195537956715045,-0.0120429924871453,2856.3925158254724
2018-09-19,0.0011155448018316,2915.0,2905.75,1361242,-0.0276356101720862,14.275,0.0031275031536244,0.0057164222798764,5.790046781256072,-0.0049620966760752,2897.337402926174
2018-09-20,0.0083696790577167,2939.5,2913.25,1474453,-0.0176683041333136,14.025,0.0045055719031475,0.0051115395582598,5.7600487353173255,-0.0071485406300923,2894.2363075343656
2018-09-21,-0.0019580306770761,2933.75,2932.0,1489417,0.0071048256237444,14.125,0.003396893738369,0.0062965085141136,5.946441465841391,-0.0053895117926925,2923.700145082214
2018-09-24,-0.0028160619369428,2925.5,2917.75,1162107,-0.0071048256237444,14.025,0.0029011226207724,0.0056768462069352,5.910932404708664,-0.0046029213101636,2920.277210488477
2018-09-25,-0.0014537993752226,2921.25,2918.25,1032045,0.0035587226169937,14.075,0.0037017269323897,0.0053012752265576,5.933943744723553,-0.0058731601551425,2908.368427445483
2018-09-26,-0.0033431945758932,2911.5,2907.5,1308995,0.0245626383684092,14.425,0.0064870567309488,0.0048659415383865,5.908288081278897,-0.0102923645671944,2891.337628581829
2018-09-27,0.0029152039851529,2920.0,2907.5,1210835,-0.0210165353616584,14.125,0.0056500486503025,0.0047553535569557,5.973240827032953,-0.0089643675002658,2885.5168791448677
2018-09-28,-0.0003425244082126,2919.0,2908.0,1429127,-0.0106762579913417,13.975,0.0041857786483209,0.0046072712486426,5.953047159177683,-0.0066411566343425,2900.6720735592435
2018-10-01,0.0037613311569977,2930.0,2922.5,1239963,-0.0035842332278153,13.925,0.0044243710458737,0.0042409974896227,5.9015643070834365,-0.0070197073454623,2898.5812250176828
2018-10-02,-0.000512076481276,2928.5,2917.5,1132507,0.0035842332278153,13.975,0.0044668055606033,0.0044091218138187,5.951291016043307,-0.0070870339488732,2909.308398176804
2018-10-03,0.0010238908744328,2931.5,2924.75,1244514,-0.0144146640021847,13.775,0.0047896099250601,0.0040949526200883,5.821337618614308,-0.0075991953713284,2906.330099745187
2018-10-04,-0.008134651185121,2907.75,2887.75,2165850,0.0768265963927152,14.875,0.0085194399228013,0.0038707329273632,5.75994602663127,-0.0135169438515079,2892.141680451099
2018-10-05,-0.0047399580277192,2894.0,2873.25,2291213,0.0232568621642674,15.225,0.0097366023149599,0.0056575721868874,5.809637988933214,-0.0154480937700538,2863.1759835713324
2018-10-08,-8.638935688498606e-05,2893.75,2866.0,1760642,0.0291282729230233,15.675,0.0078713196963149,0.0056659518715183,5.753035010125222,-0.0124886362644097,2858.0826329400907
2018-10-09,-0.0019024564714165,2888.25,2874.5,1770753,0.018957913744614,15.975,0.0061856398904795,0.0050983082149694,5.712233055137802,-0.0098141365914775,2865.4892465187045
2018-10-10,-0.0378402071291628,2781.0,2771.5,3460738,0.1480961709185519,18.525,0.0188841312386787,0.0047776062851206,5.739731619286248,-0.029961563665067,2802.9970471343186
2018-10-11,-0.0128473675150377,2745.5,2712.25,4013855,0.0,18.525,0.0210737637865963,0.0200220313280011,4.006005663931819,-0.0334356347863885,2689.552816204937
2018-10-12,0.0083424495440942,2768.5,2732.25,2853415,-0.0218289704414118,18.125,0.0127486105335526,0.0182706499586599,4.029528516110465,-0.0202269461758362,2690.524783960586
2018-10-15,-0.007068448097776,2749.0,2745.25,1763922,0.0218289704414118,18.525,0.0071543724384067,0.0161351833912399,4.068695261214984,-0.0113511277054609,2737.2520879861186
2018-10-16,0.0247014849569424,2817.75,2745.5,1780311,-0.0698608015284167,17.275,0.0101364699493906,0.0143899586651261,4.108178991320372,-0.0160825237809011,2705.1427550124577
2018-10-17,-0.0005324813757336,2816.25,2783.25,1948526,-0.0087209855054446,17.125,0.0103403993479476,0.0176211718496752,4.172555956805654,-0.0164060781759017,2771.89891985533
2018-10-18,-0.0157469479131284,2772.25,2756.5,2218738,0.0731690539271112,18.425,0.0116356838936854,0.0152276135621012,4.177632754743239,-0.0184611767076262,2764.7356816272927
2018-10-19,-0.0017148792505334,2767.5,2762.25,2023613,0.0,18.425,0.0095875038016173,0.0153691399146652,4.267515791108884,-0.0152115340605592,2730.3989410972117
2018-10-22,-0.0039826265530535,2756.5,2749.75,1665740,0.0107963261902228,18.625,0.0082379961940282,0.013299340411824,4.274173935765043,-0.0130704052159101,2731.5630206142137
2018-10-23,-0.0037254143309182,2746.25,2692.25,2849774,0.0106810094203342,18.825,0.0167966505487903,0.0117427330666759,4.196939086754323,-0.0266495666873303,2684.010664226428
2018-10-24,-0.0303137525977552,2664.25,2652.25,2856919,0.0913181585347873,20.625,0.0175628750745367,0.0102696992676539,4.16487587901041,-0.0278652585621498,2670.781393009732
2018-10-25,0.0089678321695707,2688.25,2658.75,2535913,0.0144406841547946,20.925,0.0167450489226232,0.0177962807749288,3.940133545805625,-0.0265676955444068,2594.399015590262
2018-10-26,-0.0069992353303947,2669.5,2627.25,3509803,0.00714288751238,21.075,0.0173002531954279,0.0161776474678767,3.9241680465772486,-0.0274485826742676,2615.4648421248044
2018-10-29,-0.0097873922647364,2643.5,2603.0,2786555,0.0211275464258751,21.525,0.0271502476809557,0.0144989924925888,3.9450710904322737,-0.0430765844684,2556.948625734036
2018-10-30,0.0156700368026516,2685.25,2633.25,2503396,-0.0282704339382551,20.925,0.0106162776218052,0.0138416577446875,3.821427662666714,-0.0168437866604235,2599.3463511928567
2018-10-31,0.0095437370205093,2711.0,2682.0,2469662,-0.0315560163740626,20.275,0.0136448117323033,0.01449211962213,3.847804715490734,-0.0216488590472148,2627.742137067644
2018-11-01,0.0099101563497283,2738.0,2705.5,1820142,-0.0505796805520835,19.275,0.0057248351842798,0.0135834505920336,3.894713878257456,-0.0090830238191999,2686.487415148675
2018-11-02,-0.0050345659913988,2724.25,2699.5,2372699,0.0154443224274736,19.575,0.0172717255444454,0.0128845494923817,3.983327845397592,-0.0274033207016451,2663.9884209131187
2018-11-05,0.005582261121475,2739.5,2712.75,1311938,-0.0076923456231554,19.425,0.0070418225172627,0.011658825908682,4.033683601683608,-0.0111725559943648,2693.982561504354
2018-11-06,0.0070928732388155,2759.0,2729.75,1269341,-0.0420561319880881,18.625,0.006658685615415,0.0107253535720033,4.072172620299896,-0.0105646709647567,2710.7104278425454
2018-11-07,0.0206266841174826,2816.5,2744.75,1894012,-0.1016388887348314,16.825,0.0129184305851754,0.0101747638684707,4.133637794480905,-0.0204963826791095,2703.026071268185
2018-11-08,-0.0027554348352296,2808.75,2795.0,1317225,0.0088757979139684,16.975,0.0055846372088876,0.0131051582551876,4.143767306238518,-0.0088605857037083,2791.654396218445
2018-11-09,-0.0106483937570356,2779.0,2764.5,1724880,0.0290296146751138,17.475,0.0104701302487548,0.0118584226612473,4.165223048858278,-0.0166119092302792,2762.4767079226767
2018-11-12,-0.0186140572072952,2727.75,2722.25,1921301,0.1134819537569926,19.575,0.014750802291072,0.0116772502843131,4.238584739758778,-0.0234036237287712,2714.716497250904
2018-11-13,-9.165482798234592e-05,2727.5,2714.5,2101869,-0.0076923456231554,19.425,0.0106151554098345,0.0133083139260889,4.312052398866223,-0.0168420061588489,2682.1939224086163
2018-11-14,-0.0106893756485284,2698.5,2686.25,2295505,0.0,19.425,0.0142870444379726,0.0120003539189841,4.32476407892506,-0.0226678254934597,2666.3689772037096
2018-11-15,0.0132525407281303,2734.5,2671.25,2383852,-0.0155645165411115,19.125,0.0154334706272842,0.0117817625983014,4.406222725243304,-0.0244867453486662,2633.2249657938182
2018-11-16,0.0031036081507753,2743.0,2708.75,1875116,-0.0427301319398845,18.325,0.0100458124212787,0.0121491506511776,4.432605661958747,-0.0159386865417975,2691.2611621613755
2018-11-19,-0.0171902932342371,2696.25,2681.5,1988117,0.0557173274666955,19.375,0.0151411175261752,0.0111884073195742,4.303241043961799,-0.0240228979023184,2677.890383091501
2018-11-20,-0.0210830015630039,2640.0,2631.75,2533128,0.0527760655066558,20.425,0.011222027018394,0.0126382164844348,4.356403553891564,-0.0178048686864687,2648.6684712315937
2018-11-21,0.0034032931317078,2649.0,2632.25,1454916,-0.0147968174414394,20.125,0.0101700094367333,0.0147718166790832,4.429323301199462,-0.0161357375333693,2597.7434897199555
2018-11-23,-0.0073884962426706,2629.5,2626.0,872856,0.0172418064345061,20.475,0.0055890368563944,0.0134270307192324,4.362312322673208,-0.0088675661846853,2625.613660380026
2018-11-26,0.0152847583648965,2670.0,2631.5,1374735,-0.0787208304156203,18.925,0.0083055639139794,0.0125168908010043,4.427640413527128,-0.0131776081641121,2595.076785279452
2018-11-27,0.0050434402225878,2683.5,2655.25,1503048,-0.0079576016733144,18.775,0.0064928140083468,0.0131716301143831,4.51537204672566,-0.0103014990638317,2642.636183652746
2018-11-28,0.0213833032272194,2741.5,2681.0,1866115,-0.0297319197554761,18.225,0.0108700172174188,0.0120434201377678,4.547134643598069,-0.0172463699168221,2637.616168385999
2018-11-29,0.001002597723323,2744.25,2723.25,1489330,0.0081967672041782,18.375,0.0079425970846953,0.014659873874374,4.429603563725342,-0.0126017249727463,2707.169139339729
2018-11-30,0.0050886070729898,2758.25,2729.0,1475346,-0.0388398333162638,17.675,0.0084384556926162,0.0131803586687163,4.419309056709562,-0.0133884542674286,2707.7535947683705
2018-12-03,0.0117139562544261,2790.75,2773.5,1909240,-0.0522615289248911,16.775,0.0102325608799083,0.0122570389065531,4.26884755309657,-0.0162349816565614,2713.831405013471
2018-12-04,-0.0324106657115672,2701.75,2696.0,2709938,0.1466712133959657,19.425,0.0140213210586453,0.0122675626525528,4.344106773508562,-0.0222462287651598,2729.351808298533
2018-12-05,0.0,2701.75,2698.0,184904,-0.0208069925059617,19.025,0.0059148250688637,0.0180596188296503,4.368984125825186,-0.0093844617805618,2676.5141281279584
2018-12-06,-0.0039868394563686,2691.0,2621.25,3308356,0.0462213209285296,19.925,0.0240491734124675,0.0162605736594602,4.289110460010759,-0.0381564198629398,2600.6028702919066
2018-12-07,-0.020650255104508,2636.0,2623.25,2596155,0.0725832398075647,21.425,0.0184852818570343,0.014872847171336,4.251769738878683,-0.0293287492141468,2613.2224698174387
2018-12-10,0.002652018981891,2643.0,2583.0,2564357,-0.0046783711061011,21.325,0.0171903790194071,0.0161881902203238,4.347323781592222,-0.0272742563005316,2565.076647749273
2018-12-11,-0.0006623456740229,2641.25,2621.25,2265284,-0.0023474189183048,21.275,0.0151316640793855,0.0147647976416967,4.272169551452998,-0.0240078990631204,2580.302748835372
2018-12-12,0.0042503015578718,2652.5,2631.75,1900862,-0.0407730337133713,20.425,0.013778598821582,0.0134785112344328,4.200922009709193,-0.0218611256504449,2584.135866098796
2018-12-13,-0.0026425081439516,2645.5,2637.25,2043406,-0.0098401778015109,20.225,0.0088178935715127,0.0124315880933469,4.170384439338136,-0.0139904704270181,2615.648662053294
2018-12-14,-0.016579703271736,2602.0,2594.0,1664325,0.0316328077923637,20.875,0.0103462431411671,0.0112844177289327,4.174497854173697,-0.0164153499385462,2602.42768251752
2018-12-17,-0.0192071090336298,2552.5,2530.5,1602680,0.0376072519296863,21.675,0.0205766952031868,0.0126838153381125,4.206401621577244,-0.0326469857445292,2518.4242147964355
2018-12-18,-0.0056969017644874,2538.0,2530.0,2700902,0.0137459209046353,21.975,0.0123590148113253,0.0141745652297105,4.221084520202121,-0.0196088135814575,2502.936036716342
2018-12-19,-0.0132872554766612,2504.5,2489.5,2865330,0.0158016831913219,22.325,0.0277111649630305,0.0132129813672872,4.17157949141011,-0.0439665358590839,2428.83042143013
2018-12-20,-0.0073135626294895,2486.25,2441.5,3686614,0.0177585133009796,22.725,0.0213102710557437,0.0133248709488115,4.234509737903709,-0.0338108772326652,2421.236200957374
2018-12-21,-0.0296975750676349,2413.5,2409.25,3016623,0.0670107102829602,24.3,0.0218533626042547,0.0126504624960389,4.25364011747137,-0.0346725463134934,2401.5227249011878
2018-12-24,-0.030179463011307,2341.75,2340.5,1292750,0.0637666183589891,25.9,0.0218368461651866,0.0165550528432331,4.324590796993919,-0.0346463413303567,2331.313015420526
2018-12-26,0.0537244138993697,2471.0,2316.75,2015176,-0.0484523833859467,24.675,0.0354718501564412,0.0195822591049223,4.462116669082104,-0.0562796394150826,2213.597175894112
2018-12-27,0.0096658021970092,2495.0,2397.0,2283892,0.0140847398817389,25.025,0.0287358578023192,0.0294264270942025,4.526508105338876,-0.0455923135744285,2360.8709874559427
2018-12-28,-0.0036137361149632,2486.0,2472.75,2011392,0.0119167249334628,25.325,0.0141589508354241,0.0265736948969703,4.489524253607701,-0.0224645921765896,2439.575715334252
2018-12-31,0.007713536867782,2505.25,2482.75,1414594,-0.046473008795389,24.175,0.0082132581816901,0.0240321205666908,4.436894870899895,-0.0130311558841698,2453.8147077026697
2019-01-02,0.0022925502191473,2511.0,2452.25,1969697,-0.0444047579408688,23.125,0.0196073199445271,0.0221623533636463,4.390732646112188,-0.0311089749056623,2428.51401794224
2019-01-03,-0.0255118449234048,2447.75,2443.25,2257341,0.0526437334854219,24.375,0.0114698032151783,0.0203933643414071,4.302363181904995,-0.0181979904139556,2465.7181153698166
2019-01-04,0.0335440166206684,2531.25,2438.5,2350836,-0.1059304786256642,21.925,0.0206439231454333,0.0213006078567361,4.366720230125319,-0.0327536496014062,2368.8760109076734
2019-01-07,0.0075761665081319,2550.5,2523.25,1632131,-0.023069073774403,21.425,0.0118590707870457,0.0236486416730489,4.475199047820555,-0.0188156023649553,2484.068274762604
2019-01-08,0.0085887703452236,2572.5,2547.5,1664892,-0.0380545322630991,20.625,0.0080508504948774,0.0219455015691129,4.407811962712445,-0.0127734798393131,2518.128428626077
2019-01-09,0.0038797332855891,2582.5,2568.5,1596941,-0.017115332219268,20.275,0.0070702340702555,0.0205587977169837,4.407299295291088,-0.0112176337659105,2543.803889282159
2019-01-10,0.0044431638825956,2594.0,2560.5,1534119,-0.0124071070470535,20.025,0.0101460407870682,0.0191641083487645,4.384990900407694,-0.0160977088724882,2541.2604882146397
2019-01-11,0.0003854307235995,2595.0,2577.0,1213026,-0.0278499011976109,19.475,0.0056657604153666,0.0179235640123208,4.373234081591195,-0.0089892957875833,2570.786260631792
2019-01-14,-0.0056033380112072,2580.5,2567.25,1199404,0.0,19.475,0.0065058361103166,0.016640189209024,4.295478197623496,-0.0103221599315353,2568.351765255134
2019-01-15,0.0096414167604876,2605.5,2580.0,1532494,-0.0339458180708547,18.825,0.0071676191070465,0.0155283968289298,4.241752702313289,-0.0113721448706555,2551.320411884756
2019-01-16,0.0029700620635475,2613.25,2602.5,1330329,0.0105681300617921,19.025,0.0061703022969373,0.0149317148881264,4.291321050970849,-0.0097898019647173,2580.117120388022
2019-01-17,0.0083833967224817,2635.25,2596.5,1508869,-0.026632732565599,18.525,0.012272910305198,0.0136144775945992,4.216261871964376,-0.0194722001672858,2562.856501343472
2019-01-18,0.0136620582625273,2671.5,2632.75,1753852,-0.0108549234094352,18.325,0.0087974668271556,0.013034527369173,4.26969974087575,-0.0139580613532943,2598.72253813977
2019-01-22,-0.0148960989526178,2632.0,2616.5,1880446,0.0961779663832973,20.175,0.0124870960612201,0.0135571495429043,4.360897192811125,-0.0198120272996065,2619.0930274596785
2019-01-23,0.0023718051059917,2638.25,2612.5,1576181,-0.0225573474240743,19.725,0.0109353957773601,0.0140135371972839,4.410075169905728,-0.0173500995436317,2586.728406978548
2019-01-24,-0.0016122152479738,2634.0,2626.0,1266714,-0.0282795194786182,19.175,0.0057609361310328,0.0129966345810478,4.429034956835747,-0.0091403015833099,2614.245470787542
2019-01-25,0.0111374440538281,2663.5,2634.5,1388741,-0.0480733416174774,18.275,0.0078545099910036,0.0118715775148444,4.457311699113126,-0.0124619659850355,2601.3788655020467
2019-01-28,-0.0081048412747835,2642.0,2622.25,1408636,0.0454623740767572,19.125,0.0101980636497873,0.0118207272674529,4.62950743569429,-0.0161802483493484,2620.750688405658
2019-01-29,-0.0006625964556867,2640.25,2628.5,1261703,-0.0105125803890868,18.925,0.0057603030670243,0.0114265240339265,4.576033979906944,-0.009139297163919,2617.96398035998
2019-01-30,0.0158755858782697,2682.5,2636.25,1564987,-0.0515018957164024,17.975,0.0117884032403675,0.0103811012846108,4.580378319496174,-0.018703481231497,2591.3270743665894
2019-01-31,0.0081678568066276,2704.5,2675.75,1935195,-0.0484425194588213,17.125,0.0084909864539954,0.0116899797539672,4.5923770120529,-0.0134717995763307,2646.604230830548
2019-02-01,-9.244280108244852e-05,2704.25,2695.5,1469597,-0.005856532112713,17.025,0.0052967330851956,0.0111354554765928,4.801878888209275,-0.0084037970051759,2681.86716507593
2019-02-04,0.0062667240383582,2721.25,2697.0,1024581,-0.0298084662978257,16.525,0.0052805419873727,0.0101047223448448,4.951198415122457,-0.0083781082084767,2681.6881456786336
2019-02-05,0.0035765089249482,2731.0,2716.25,1225737,0.0,16.525,0.0049194886800085,0.0099787575701563,4.70861970779718,-0.0078052610110946,2700.092610360391
2019-02-06,-0.0005494002518933,2729.5,2722.25,1196377,0.0179914897930415,16.825,0.0036808117746649,0.0095032204361824,5.287147961537657,-0.0058399761647424,2715.097505385458
2019-02-07,-0.0093862840589569,2704.0,2685.5,1921663,0.0321665159200641,17.375,0.0101419273257956,0.0088604207205892,5.411784325421747,-0.0160911824546062,2685.93059917989
2019-02-08,0.0008317545879448,2706.25,2680.75,1579544,-0.0174169859940018,17.075,0.0073479239211991,0.0090586594569118,5.43440497220284,-0.0116582164987369,2672.659226319869
2019-02-11,0.0007387570748766,2708.25,2700.5,1110070,-0.0058737320120938,16.975,0.0054473285556269,0.0083395335635815,5.612900265181356,-0.0086427317868699,2682.9613906690784
2019-02-12,0.0133873262891652,2744.75,2705.5,1307152,-0.0148370674304678,16.725,0.0068834962019202,0.0077098072157076,5.513189519178817,-0.0109213554537079,2678.833167328402
2019-02-13,0.0017290808330274,2749.5,2742.75,1209879,-0.0029940142126045,16.675,0.0047554553816291,0.0089738693876038,5.447807528009791,-0.0075450057708366,2724.118774640608
2019-02-14,-0.0021845994488396,2743.5,2730.25,1679091,0.0148812269966511,16.925,0.0083304252749075,0.0083712921512632,5.478143946596819,-0.0132170532007321,2713.3988134193933
2019-02-15,0.0121367308077697,2777.0,2729.0,1518783,-0.0360941436358439,16.325,0.0098342932116336,0.0078870308001599,5.337922542895388,-0.0156030901521056,2701.025153326309
2019-02-19,0.0006299779716067,2778.75,2766.0,1198092,0.0,16.325,0.0054610409386011,0.0087281112721489,5.285390840957914,-0.0086644878544534,2753.042656165174
2019-02-20,0.0029645622035419,2787.0,2773.25,1284923,-0.0470306104889779,15.575,0.0039389713217687,0.0081556274394109,5.322738670146989,-0.0062495721164192,2761.438153643551
2019-02-21,-0.0045853081012747,2774.25,2764.25,1426061,0.0190784801052386,15.875,0.0080940493482038,0.0077246851704254,5.275093188837297,-0.0128420191423839,2751.4381245228096
2019-02-22,0.0061090837736941,2791.25,2770.5,1190834,-0.0450962078331933,15.175,0.0049626056063851,0.0074284394049693,5.306288406242318,-0.0078736703288622,2752.4922392132617
2019-02-25,0.0020578900475918,2797.0,2794.5,1256092,0.0260177277279547,15.575,0.0048855956676291,0.0073137193820243,5.388785513979101,-0.0077514863557837,2769.697304339596
2019-02-26,-0.0019683284515439,2791.5,2783.25,1201641,0.0095847379129874,15.725,0.0050380873356513,0.0069406181756332,5.25101927067774,-0.0079934296446801,2774.731496711217
2019-02-27,0.0012530208387842,2795.0,2775.0,1138855,-0.00318471606752,15.675,0.0054276501013304,0.0065943605007913,5.110404072505889,-0.0086115099501975,2767.564179670893
2019-02-28,-0.0036740038639004,2784.75,2781.75,1360457,-0.0064000218454673,15.575,0.0026701722541882,0.0062531472462661,4.946955922429738,-0.0042364954458002,2783.1840420276817
2019-03-01,0.0072454362314973,2805.0,2783.0,1265597,-0.0493521197897277,14.825,0.0046370549928853,0.0060937790464117,4.8326961222200735,-0.0073571517075239,2764.33735332566
2019-03-04,-0.004824453206381,2791.5,2767.5,1791972,0.0299025601738698,15.275,0.0122483246459767,0.0064505563627999,4.736957467966202,-0.019433192559009,2751.016133213116
2019-03-05,0.0,2791.5,2783.25,1203448,0.013008313513001,15.475,0.0039839145066363,0.0063435148905374,4.830107696310344,-0.0063208789760096,2773.910914142078
2019-03-06,-0.0071903958905563,2771.5,2768.5,1509846,0.0380394515530229,16.075,0.0051744025400581,0.0060305815673003,4.662300728863251,-0.0082097073555121,2768.676417574317
2019-03-07,-0.0077877781992423,2750.0,2738.5,1919820,0.0396393358906093,16.725,0.0085094693330495,0.006299931709734,4.864842054480127,-0.0135011245132576,2734.3330954790504
2019-03-08,-0.001091504565343,2747.0,2722.0,1380324,-0.0029940142126045,16.675,0.0076086910151233,0.006591776874451,5.0825890053072,-0.0120719495843427,2717.0017161933924
2019-03-11,0.013379335359037,2784.0,2736.75,1300372,-0.1041951113804162,15.025,0.0096898135686511,0.0062340631714026,5.081208520065852,-0.0153738587425791,2705.090987105281
2019-03-12,0.0047480492335196,2797.25,2785.5,1789055,0.0423516060977129,15.675,0.0041919774067343,0.0078156624149402,4.803135352857654,-0.0066509915847832,2765.545079219828
2019-03-13,0.0079227725594064,2819.5,2788.25,1630657,-0.0128412679483242,15.475,0.0083459386139953,0.0074857048756412,4.975013445860675,-0.0132416666653847,2760.4539063794155
2019-03-14,-0.0025746895743017,2812.25,2808.5,1247105,-0.009740336748385,15.325,0.0036645716238604,0.0075905341158804,5.157889129784184,-0.00581420954058,2803.154400617208
2019-03-15,0.0062034938395942,2829.75,2812.5,1382358,-0.0298035303905814,14.875,0.004825790901853,0.0071848376475031,5.161093941127866,-0.0076566001111041,2790.7999483611293
2019-03-18,0.0037917244846523,2840.5,2824.0,1036540,0.0100335289895778,15.025,0.0033789855916401,0.007094245820479,5.392984429964945,-0.0053610987261045,2814.6200237659777
2019-03-19,-0.0014091952305594,2836.5,2829.0,1497577,0.0066335234956338,15.125,0.0073157286194855,0.0067929977050277,5.566701196263548,-0.011607135431262,2807.7205376554475
2019-03-20,-0.0033548190730314,2827.0,2817.25,1693207,0.0131364779053697,15.325,0.0076631423977653,0.0064568048617576,5.387640192837351,-0.0121583421510464,2802.221668595315
2019-03-21,0.0124792901689039,2862.5,2813.75,1657949,-0.0164477392090258,15.075,0.009874483821181,0.0061892718474298,5.582740693696322,-0.0156668565754307,2783.0549358274875
2019-03-22,-0.0182440172326252,2810.75,2805.25,2254842,0.1038668634010431,16.725,0.0102973951793891,0.0073667735459804,5.78864246416315,-0.0163378477596943,2816.112875496997
2019-03-25,-0.0013350542679866,2807.0,2789.5,1801326,0.0059612695164994,16.825,0.0071918038309131,0.0096195609474634,5.821149885148416,-0.0114105163548764,2778.86017683345
2019-03-26,0.0056838518916064,2823.0,2806.0,1461068,-0.0549756740725646,15.925,0.006528042505224,0.0088659452340004,5.582274531543294,-0.0103573925989205,2778.0768417891472
2019-03-27,-0.0044377458113595,2810.5,2791.75,1726746,0.0186630611319267,16.225,0.009641905354685,0.0085101074844859,5.554987006618555,-0.0152978475676575,2780.1428233918678
2019-03-28,0.0037290285598663,2821.0,2795.0,1185882,-0.0376810669676883,15.625,0.0066805813991923,0.0081555136665026,5.3823991245124745,-0.0105994108165057,2780.8676759143914
2019-03-29,0.0059200526334528,2837.75,2820.25,1491974,-0.0259333820265044,15.225,0.003444714382259,0.0077861301108925,5.478309737169002,-0.0054653840289264,2805.624207233939
2019-04-01,0.0114747459722428,2870.5,2844.5,1256933,-0.0232568621642674,14.875,0.0044117741586811,0.0076381555158657,5.368428650216026,-0.0069997211235474,2817.9558987952228
2019-04-02,-0.0012200437243219,2867.0,2862.25,859942,0.0,14.875,0.0028166353317529,0.008168335274294,5.593313944767118,-0.0044688737727443,2857.7007183234537
2019-04-03,0.0044372979232463,2879.75,2865.25,1240848,0.0,14.875,0.0050931400943996,0.0077607823385782,5.400038429763059,-0.0080807763547474,2843.925768602792
2019-04-04,0.0010412148446095,2882.75,2871.0,1045539,-0.0067453881395316,14.775,0.003597753167719,0.0075395162632432,5.263148660245699,-0.00570819537438,2863.3586513880527
2019-04-05,0.0045857748543811,2896.0,2880.5,1221029,-0.0309303006913586,14.325,0.0031479615171642,0.0071776148548643,5.243484291294656,-0.0049945559167961,2868.387840092261
2019-04-08,0.0007766320449036,2898.25,2884.25,978909,0.0104167608582557,14.475,0.0037654631996715,0.0070329268303163,5.261422932660358,-0.0059742841203278,2878.750052538294
2019-04-09,-0.0054491334072963,2882.5,2877.25,1182395,0.0406147191541901,15.075,0.0043792163500758,0.006706858992398,5.225107894371154,-0.0069480649026181,2878.1825665415963
2019-04-10,0.0041544113758451,2894.5,2878.0,972310,0.0453886658140278,15.775,0.0034930287837203,0.0066814941523435,5.133711787428933,-0.0055420396609503,2866.569255860225
2019-04-11,-0.0009505293435481,2891.75,2885.25,968649,-0.0159747806077343,15.525,0.0035476078352218,0.0065159136787828,5.146633387303228,-0.0056286347870736,2878.253681797043
2019-04-12,0.0071499636984446,2912.5,2890.75,1227893,-0.0495150645273807,14.775,0.0038609589754289,0.0062531100233603,5.022938200036623,-0.0061257977234127,2874.0898708480445
2019-04-15,-0.0010305737772311,2909.5,2900.5,955662,-0.0067911975780017,14.675,0.003362712585115,0.0064036462513053,5.150675013304914,-0.0053352799730541,2897.002375922079
2019-04-16,0.00068716718045,2911.5,2904.5,1124491,-0.0034129725962399,14.625,0.0040573413497421,0.0061534230601259,5.016259540834055,-0.0064373780093318,2890.8306041323985
2019-04-17,-0.0037852763710555,2900.5,2898.5,1382265,0.0,14.625,0.0057033285495642,0.0059148782807427,4.876541828220683,-0.0090489013913737,2885.2729654848463
2019-04-18,0.0032699452594187,2910.0,2889.5,1335778,-0.013769580723757,14.425,0.00507090594063,0.0057686312781365,4.976533471085281,-0.0080454996451499,2877.257651804412
2019-04-22,0.0008587377084179,2912.5,2899.0,706067,-0.0174829627803472,14.175,0.0039943264897629,0.0056258186802876,4.967379846703192,-0.0063373986290125,2891.616483353646
2019-04-23,0.0087172588598667,2938.0,2908.0,1193738,-0.0035335725813112,14.125,0.0052767303118556,0.0053982197448508,4.865662378687495,-0.008372060603891,2888.218159838716
2019-04-24,-0.0024707147818849,2930.75,2927.75,1125250,0.0313614552040513,14.575,0.0025435157706895,0.0059599313029139,5.000009798126612,-0.0040355422620939,2926.167468233294
2019-04-25,-0.0015366231468165,2926.25,2914.25,1376185,0.0170072126472331,14.825,0.0051362490092809,0.0058042482876507,4.831367273978843,-0.0081491729614762,2906.9638616552475
2019-04-26,0.0051979154993899,2941.5,2917.25,1246988,-0.0343086822829858,14.325,0.0048703834408096,0.0055662781572228,4.838354333829782,-0.0077273506358727,2903.724981643519
2019-04-29,0.0005098139289616,2943.0,2937.75,944846,0.0138650401371718,14.525,0.003205351693312,0.005660260672947,4.74965813517185,-0.0050856111734383,2926.578648987823
2019-04-30,0.0018670972070866,2948.5,2926.0,1491268,-0.0069084903438119,14.425,0.0072224537044283,0.0053996584988187,4.777530272510273,-0.0114591454458865,2909.4682246245766
2019-05-01,-0.0086860803293129,2923.0,2916.0,1502201,0.0539760012017977,15.225,0.008530145440227,0.005239042532439,4.646064688851424,-0.013533929226046,2908.864029883277
2019-05-02,-0.0018834009505352,2917.5,2901.0,1813837,-0.0032894766503988,15.175,0.0076939388741739,0.0058556919023378,4.752270066783598,-0.0122072038422154,2887.5352463076747
2019-05-03,0.0102302682508153,2947.5,2916.5,1295606,-0.0611395814034883,14.275,0.0050528496432934,0.0056707137269822,4.602260838171036,-0.0080168515227995,2894.2043393757717
2019-05-06,-0.0051020518838953,2932.5,2883.5,2037157,0.0839418722774687,15.525,0.0129256773392387,0.006463515098712,4.709447727579583,-0.020507880379506,2887.668626844312
2019-05-07,-0.0143393175185595,2890.75,2862.5,2813033,0.1409514607605286,17.875,0.0159800454711346,0.0064576124610178,4.582205095429619,-0.0253539410260722,2859.084190725049
2019-05-08,-0.0012114920138746,2887.25,2868.75,2043325,0.0166439348395117,18.175,0.0075198955906425,0.0079731733601783,4.610840316653465,-0.0119310667589629,2856.465202573441
2019-05-09,-0.005034732857454,2872.75,2836.25,2705412,-0.0110651198124727,17.975,0.0119283107466021,0.0075001316732471,4.611053936293804,-0.0189254584886072,2833.1212909076908
2019-05-10,0.0049481415251921,2887.0,2826.0,2848095,-0.108611040925274,16.125,0.0161446329505522,0.0073642688815908,4.496215890878359,-0.0256150755299959,2800.098747785697
2019-05-13,-0.0281016033010521,2807.0,2802.0,2790074,0.1913248330439132,19.525,0.0123922652954835,0.0072402092446464,4.399031141106661,-0.0196615688014573,2830.791435880052
2019-05-14,0.0114236354098729,2839.25,2799.75,1797995,-0.0744034949850109,18.125,0.0113521987783935,0.0123886957564101,3.9889236224911873,-0.0180113992080651,2756.894591235572
2019-05-15,0.0055319103183553,2855.0,2815.0,1753507,-0.0422598092898827,17.375,0.0107744087705903,0.0123632308561335,4.126938224209625,-0.0170946775498096,2791.126437077397
2019-05-16,0.0081974820257535,2878.5,2840.5,1687728,-0.0351427085931104,16.775,0.0120289489149666,0.0117378039736857,4.001084577866683,-0.0190851310120862,2801.028614652143
2019-05-17,-0.0057486439994685,2862.0,2852.5,1926351,0.0147931691778304,17.025,0.0077198085875017,0.011388936785707,4.014074638884972,-0.0122482487308084,2843.4584528962564
2019-05-20,-0.0063091691932646,2844.0,2832.5,1659139,0.0087719860728374,17.175,0.0102111483559084,0.0107954833840192,4.081529890630844,-0.016201008544802,2816.0062917779787
2019-05-21,0.0077058174649859,2866.0,2846.25,1303238,-0.0538246500137802,16.275,0.0046257109814976,0.0103328157707886,4.150406640469647,-0.0073391532984304,2823.203854414942
2019-05-22,-0.0029702127191519,2857.5,2848.25,1258767,-0.0030769255044793,16.225,0.0050144347128562,0.0101398906027681,4.10931297643707,-0.0079559023920486,2843.288847395413
2019-05-23,-0.0133875524217286,2819.5,2805.75,2013518,0.0655972824858133,17.325,0.0101648563725475,0.0095542328637486,4.13380627129321,-0.0161275616814477,2811.785118142805
2019-05-24,0.0043353308335865,2831.75,2819.25,1201967,-0.0352459390616748,16.725,0.0052405504386033,0.0101586777284833,4.260961304675581,-0.008314657614993,2796.154014292496
2019-05-28,-0.0094913561240268,2805.0,2800.5,1633540,0.0381277854365635,17.375,0.0084534545204264,0.0096240302308114,4.308673044481313,-0.0134122514084597,2794.023421796315
2019-05-29,-0.0089526112721136,2780.0,2766.25,2087458,0.0227605842384486,17.775,0.0085228935788836,0.0096429132463527,4.392436165119426,-0.0135224234224385,2767.324905680131
2019-05-30,0.0037698635438054,2790.5,2776.5,1282029,-0.0198870190427169,17.425,0.0051521572591231,0.0096719742350463,4.332589778610121,-0.0081744129915535,2757.367760545246
2019-05-31,-0.0137112016316534,2752.5,2750.0,2211587,0.0421410667729955,18.175,0.0065861170079266,0.0093031807345899,4.153517593564719,-0.0104495336081122,2761.4923983717904
2019-06-03,-0.0010905126489655,2749.5,2728.75,2297243,0.0054869822162593,18.275,0.0088040864002753,0.010159777876771,4.127787342423102,-0.0139685639683713,2714.3188166545347
2019-06-04,0.0199844620089271,2805.0,2744.0,1836910,-0.0591721887361198,17.225,0.0110246838829273,0.0097214529145086,3.8956098769803487,-0.0174917640568505,2701.8245739430763
2019-06-05,0.008077803454694,2827.75,2801.0,1743779,-0.0354542303578044,16.625,0.0054095120017522,0.0117285515852921,3.9477385924190345,-0.0085827320404062,2781.028454454394
2019-06-06,0.0063453107938356,2845.75,2812.75,1566762,-0.009063506153347,16.475,0.0083818466520371,0.0113690283056447,3.993127352911341,-0.0132986383605227,2790.393719755099
2019-06-07,0.0102260210261251,2875.0,2838.0,1687328,0.0150605256257212,16.725,0.0091732929474488,0.0109536146171484,3.923863460974209,-0.0145543470964847,2804.631916014368
2019-06-10,0.0049442786240998,2889.25,2880.5,1416247,-0.0211488244929767,16.375,0.0061111775754792,0.0109145554578692,4.029473508387676,-0.0096959946783902,2847.258722275024
2019-06-11,-0.000779052192616,2887.0,2879.25,1397028,0.0060882988672554,16.475,0.0078450534364518,0.0104212282642245,4.040370352550156,-0.012446962215062,2853.51049993976
2019-06-12,-0.0020804445784063,2881.0,2875.25,1205406,0.0328387716470048,17.025,0.0036203913126421,0.0098049244441151,4.0483987244077,-0.0057441130563638,2870.4642825875007
2019-06-13,0.0046749284345306,2894.5,2867.25,1437516,0.0,17.025,0.0066537940344125,0.0092459744623098,4.083255542553653,-0.0105569099820683,2850.745520235172
2019-06-14,-0.0013828869965282,2890.5,2880.5,1257750,-0.0147931691778304,16.775,0.0044109347472052,0.0088668511022709,4.126161751052323,-0.0069983893132535,2874.313879685792
2019-06-17,0.0005188067561245,2892.0,2887.75,1157402,-0.0089820963158273,16.625,0.0031647053908825,0.0083812508344559,4.132202588033388,-0.0050211217477613,2876.022823836265
2019-06-18,0.0117734355264653,2926.25,2889.0,2257843,0.0,16.625,0.009829642169557,0.0078853655694214,4.168906306445776,-0.0155957108084902,2847.2470881636286
2019-06-19,0.0024745095607938,2933.5,2915.25,1666878,-0.0461620417631625,15.875,0.0048527341838782,0.0085197096252863,4.27083454390346,-0.0076993483238516,2903.8062937949376
2019-06-20,0.0089930189521911,2960.0,2930.5,1876076,0.0156253179030807,16.125,0.0053323938529867,0.008109331806471,4.250999093324225,-0.0084603763813205,2908.786177419415
2019-06-21,-0.0032146208208825,2950.5,2947.75,1547604,0.0245035230559138,16.525,0.004907098996387,0.0082543457984779,4.363091818540315,-0.0077856035383772,2937.0440922816847
2019-06-24,0.0005082592231397,2952.0,2947.25,910166,-0.015244197643117,16.275,0.0033664399966288,0.0079187944885261,4.302175599352871,-0.0053411938843674,2934.78281906494
2019-06-25,-0.0102145934097181,2922.0,2920.0,1417191,0.0242804037070545,16.675,0.0068563683883012,0.0074722636270153,4.315349457896105,-0.0108783144631234,2920.061250547537
2019-06-26,-0.0013698632279144,2918.0,2914.5,1232682,-0.0090362060639375,16.525,0.0058412711846713,0.0080352010198814,4.227875010660912,-0.0092677611838445,2895.044702386672
2019-06-27,0.0044452116281616,2931.0,2914.75,1060248,-0.0276091156140672,16.075,0.003718637521552,0.007612131372916,4.233331863679393,-0.0058999904968402,2900.8345156215933
2019-06-28,0.0045104540107656,2944.25,2930.0,1322759,-0.0348136423041403,15.525,0.0055586696011787,0.0074410232332515,4.149695775681868,-0.0088193854958848,2905.264035622113
2019-07-01,0.0079499742119857,2967.75,2955.5,1457722,-0.0394139685408765,14.925,0.0062348491402397,0.0072473765079517,4.14414216923884,-0.0098922119898617,2915.2684370652805
2019-07-02,0.0039514112533902,2979.5,2958.5,1119495,-0.0480366792662714,14.225,0.004520883874059,0.0074001038949218,4.251467313509935,-0.0071728346039853,2946.538982605175
2019-07-03,0.0069401173245164,3000.25,2973.75,805258,-0.0141595286036344,14.025,0.0048600728524238,0.0071360606428577,4.292334944311763,-0.0077109918557709,2956.6134521593126
2019-07-05,-0.0032550210269395,2990.5,2971.25,1339312,0.021164811192043,14.325,0.0079421242871076,0.0072093111007341,4.324613756227827,-0.0126009748320675,2962.681124598608
2019-07-08,-0.0040207794158684,2978.5,2973.25,1016611,0.0376756888308902,14.875,0.0044101522054135,0.0069931674968834,4.215658542536401,-0.0069971477324037,2969.6480668107133
2019-07-09,0.0011743982559417,2982.0,2963.5,956650,-0.0033670065479043,14.825,0.0053343901040906,0.0068558036737256,4.119799969105245,-0.008463543633432,2953.397712284359
2019-07-10,0.0051843915769858,2997.5,2971.25,1422362,-0.0554734934750289,14.025,0.0079671465569986,0.0066086178348583,3.972224919708053,-0.0126406751668569,2944.542747893493
2019-07-11,0.0021661259823559,3004.0,2992.5,1181911,-0.0289351108594524,13.625,0.0029218363927147,0.0065603350643402,4.020454001848309,-0.0046357857818699,2983.6363913068703
2019-07-12,0.0038209200070156,3015.5,3002.25,969956,-0.0373875320716203,13.125,0.0026501708633785,0.0063678450602664,3.891985221037804,-0.0042047612380381,2991.395415445977
2019-07-15,0.0005801666069658,3017.25,3010.75,829936,-0.0192313619278876,12.875,0.002959595330783,0.0063141536805854,3.792474369950384,-0.0046956941150921,3001.3733276193348
2019-07-16,-0.0034029165094793,3007.0,3004.5,939814,-0.0077973104600315,12.775,0.0034517253129623,0.006001093943314,3.803836482059773,-0.0054765075719671,3000.771171928088
2019-07-17,-0.0073431571618254,2985.0,2980.5,1039457,-0.0066758543634719,12.69,0.0063459723690134,0.0058565514293143,3.832391200670396,-0.0100685201107645,2976.875867231209
2019-07-18,0.0041788610749673,2997.5,2974.5,1345038,0.1886712000959787,15.325,0.0063842411410833,0.0062927653293128,3.8282974880663847,-0.0101292373466417,2954.9168434508674
2019-07-19,-0.0068625258858938,2977.0,2969.5,1482373,0.0352600629564805,15.875,0.0077279009977112,0.0061750280700528,3.897159044540137,-0.0122610881492931,2960.971783731416
2019-07-22,0.0040228012681611,2989.0,2972.5,1098399,-0.0450962078331933,15.175,0.0039553941247304,0.0064272028661499,3.9556650987024153,-0.0062756285365042,2958.3759537681503
2019-07-23,0.0063365227857925,3008.0,2987.5,1056909,-0.0267127736534003,14.775,0.0029343503929089,0.0062850552685786,4.014855853180105,-0.0046556404952684,2975.1166336178203
2019-07-24,0.0044779907318837,3021.5,2996.0,1068766,-0.0274459766087478,14.375,0.0047708412082245,0.0064444915098375,4.067423546339503,-0.0075694169241616,2985.3171501689026
2019-07-25,-0.0049767853219897,3006.5,2998.0,1333721,0.020654779030746,14.675,0.0065666786790645,0.0063571514641169,4.10647942943655,-0.0104186927544672,2990.1833424415336
2019-07-26,0.0059691770673442,3024.5,3006.0,961015,-0.020654779030746,14.375,0.0040690198245379,0.0063764343771665,4.057480870450292,-0.0064559070780872,2987.1528343187333
2019-07-29,-0.0009096548074012,3021.75,3015.5,823572,0.0069324367756449,14.475,0.0027494311607415,0.0064601502828349,4.155005283049798,-0.0043622476313102,3011.335117155036
2019-07-30,-0.0031488259361811,3012.25,3001.5,1182050,0.0406147191541901,15.075,0.0057404150419424,0.0062283295706898,3.979915227194441,-0.0091077428222268,2994.353627065811
2019-07-31,-0.0100092586413307,2982.25,2958.0,1951108,0.0642275275104338,16.075,0.0130646156195347,0.0060814190124962,3.941838308645529,-0.0207283198626885,2950.453796840231
2019-08-01,-0.0101951424416917,2952.0,2944.5,2736926,0.083506017996191,17.475,0.0161055221197763,0.0069854902155276,3.941631242986449,-0.0255530222837292,2907.0098992804965
2019-08-02,-0.0066276051927323,2932.5,2913.5,2447014,0.0,17.475,0.0108027008743014,0.0076817073235477,4.042759743670763,-0.0171395658031184,2901.8351318283853
2019-08-05,-0.0355785898903473,2830.0,2820.5,3072122,0.2130787646980692,21.625,0.0176793938155352,0.0077299104731129,4.019357596045889,-0.028050127203046,2851.385950059725
2019-08-06,0.0161237282036532,2876.0,2775.75,2601037,-0.0945012585144762,19.675,0.0236269604943044,0.015878057902819,3.6584851177248137,-0.0374865368236901,2725.8769008642
2019-08-07,0.0015634503315009,2880.5,2823.25,2680813,-0.0153652190640563,19.375,0.0168273846953853,0.0162178116173261,3.7342960962449023,-0.0266983294860134,2800.2315505102533
2019-08-08,0.0204456911602894,2940.0,2870.5,1800667,-0.0890075028212193,17.725,0.0110672554187028,0.0149022066656546,3.6618198717749095,-0.0175593080578603,2830.361896588194
2019-08-09,-0.0069115851740528,2919.75,2899.0,2026304,0.0414423944160744,18.475,0.0087331610796216,0.0161677612715396,3.7865536190600113,-0.0138560338507093,2899.5441862971134
2019-08-12,-0.0136209002405118,2880.25,2872.5,1710875,0.1173318739072462,20.775,0.0116242108344012,0.0151687291270685,3.7773283333839,-0.0184429735511329,2866.394655936971
2019-08-13,0.0178076880883795,2932.0,2866.75,2184012,-0.1364581400007734,18.125,0.0155770978730865,0.0150752384326481,3.794419445362548,-0.0247146243447797,2809.9381476508547
2019-08-14,-0.0316166822084236,2840.75,2835.75,2786308,0.1194674400053279,20.425,0.0152172256917802,0.0157131689346646,3.871498685584094,-0.024143651122066,2862.0585335588
2019-08-15,0.0027244381223319,2848.5,2817.75,2495340,0.0024449889930666,20.475,0.0131416791244102,0.0196307189739263,3.9376826302316186,-0.0208505888237752,2782.1319241517003
2019-08-16,0.0149828586778228,2891.5,2849.5,1631175,-0.0578050352656474,19.325,0.0068741010975753,0.017932949189299,3.812866497086147,-0.010906449180636,2817.601780717768
2019-08-19,0.0110916403001155,2923.75,2892.5,1285798,-0.0668698264286571,18.075,0.0070684135002476,0.0175930447290099,3.784147731656273,-0.0112147452494355,2859.253718993185
2019-08-20,-0.0087599323478784,2898.25,2894.25,1475214,0.0218886987894371,18.475,0.007806236956878,0.0167646768803526,3.795214920247751,-0.0123853759864288,2887.761582046816
2019-08-21,0.0106393109977549,2929.25,2893.0,1180368,-0.0613860753834099,17.375,0.0057343653502759,0.0157999662030786,3.79039038767518,-0.0090981443810951,2872.000893195875
2019-08-22,-0.002392550060386,2922.25,2904.25,1470309,0.0283706971292154,17.875,0.0083755981299003,0.0151525359339813,3.818422983300296,-0.0132887244549559,2890.581500446305
2019-08-23,-0.023106908382962,2855.5,2834.0,2864662,0.0959457057233956,19.675,0.0209756908793008,0.0139439206355911,3.773603958188517,-0.033280032306263,2826.597906189946
2019-08-26,0.0096711710011305,2883.25,2810.25,1850231,-0.0127878980497557,19.425,0.0157459306019044,0.0160636028651023,3.866427283374708,-0.024982494361636,2785.046207381905
2019-08-27,-0.0061752751142556,2865.5,2860.0,1528362,0.0354019270509158,20.125,0.0089531309530226,0.0152938295090364,3.818704382088872,-0.0142050380639824,2842.582847056188
2019-08-28,0.0084271381825846,2889.75,2851.75,1489617,-0.0379792480652163,19.375,0.0080823222975775,0.0143213100773785,3.722711491343822,-0.0128234130032133,2828.989107485525
2019-08-29,0.0127225991854045,2926.75,2875.25,1489670,-0.0475651084051449,18.475,0.0098052283073548,0.0136455299778646,3.732990739247657,-0.0155569757733734,2845.1421108456047
2019-08-30,-0.0006835854320703,2924.75,2913.25,1642516,0.0187673068516915,18.825,0.008018426521985,0.0136727398288483,3.748636930986359,-0.0127220359621333,2889.751627574908
2019-09-03,-0.0064314417974831,2906.0,2889.0,1999829,0.0365099220397922,19.525,0.0090563516705455,0.0126584837675454,3.6675482517102975,-0.0143688080600986,2883.025313511941
2019-09-04,0.0111216819224768,2938.5,2902.0,1252834,-0.0771659276809209,18.075,0.0050354554292994,0.0120178210859859,3.675554554935157,-0.0079892538619171,2882.8757241306494
2019-09-05,0.0113358797849452,2972.0,2936.5,1669999,-0.045269398391095,17.275,0.0095597647875482,0.0120729955298852,3.736969571936735,-0.0151675233393068,2894.2665367138093
2019-09-06,0.0029398198485912,2980.75,2970.25,1182287,-0.0443859839159834,16.525,0.0037268364927171,0.0121476526768023,3.7833212153090288,-0.0059129989849431,2954.4784206086915
2019-09-09,-0.0008390670067708,2978.25,2969.5,1199935,-0.0060698213670757,16.425,0.0052026957921688,0.0113497034740037,3.743346867329517,-0.0082545974308718,2956.246381596932
2019-09-10,8.393838927212016e-05,2978.5,2957.25,1493346,-0.0122513017805205,16.225,0.0066024980470887,0.0105438802583426,3.7157701441598303,-0.0104755237657505,2947.214113740567
2019-09-11,0.0078589151246655,3002.0,2972.0,1423833,0.0655972824858133,17.325,0.0059491435552362,0.0097311601220234,3.7241872044722415,-0.0094389114929338,2950.518467469159
2019-09-12,0.0032425719535549,3011.75,3001.0,1745651,-0.0174676930403911,17.025,0.0045243637408528,0.0096461560925623,3.7857758869493408,-0.0071783557608323,2980.527735984268
2019-09-13,-0.001744693667339,3006.5,3003.5,1275710,-0.0088496152769823,16.875,0.0046960602332196,0.009025856247351,3.834735866589,-0.0074507694250934,2989.3935350413303
2019-09-16,-0.0024977117306139,2999.0,2981.25,1197095,0.02342713289514,17.275,0.0050721758135892,0.0085041601269575,3.76476271728653,-0.008047514425657,2982.402241461421
2019-09-17,0.00299650632072,3008.0,2993.75,1699010,-0.0116449641968796,17.075,0.003508166347715,0.0079858411386972,3.809257280686911,-0.0055660569208195,2982.353765216005
2019-09-18,0.0001662095906773,3008.5,2980.75,1623840,-0.0418596239355384,16.375,0.0077852184759545,0.0076517640810244,3.771315431017389,-0.012352028063436,2971.073626878583
2019-09-19,-0.0001662095906773,3008.0,2991.25,1323245,-0.0092025189311617,16.225,0.0078057371141644,0.0072992163493728,3.637135464417288,-0.0123845829359517,2971.470751425011
2019-09-20,-0.0061692567487714,2989.5,2985.25,1476593,0.0598085543095687,17.225,0.0068090619201308,0.006867291543059,3.66717189258948,-0.0108032580181145,2975.6787018949467
2019-09-23,0.0025056389957054,2997.0,2982.0,1044218,-0.0294572108854302,16.725,0.0061918682396382,0.0073083075889142,3.564043890633465,-0.0098240184905964,2960.274885799375
2019-09-24,-0.0089656639782669,2970.25,2958.5,1936806,0.066498482565779,17.875,0.011005050075273,0.0070267679826994,3.609181090872982,-0.017460613056543,2945.1247474657243
2019-09-25,0.0053722953016217,2986.25,2953.75,1501723,-0.0370412716803487,17.225,0.0084602684392351,0.0078188175235685,3.737153537773066,-0.0134230623724174,2930.6465434614724
2019-09-26,-0.0019273479800379,2980.5,2964.25,1351351,0.0115441397468649,17.425,0.0072150281460443,0.0076969133384056,3.875896675897666,-0.0114473640545449,2952.260226918994
2019-09-27,-0.0056357132803652,2963.75,2946.25,1673557,0.0338537265244252,18.025,0.0106171552825599,0.0073182396634694,3.923261285079155,-0.0168451791570253,2930.713452459529
2019-09-30,0.0049644596891269,2978.5,2964.5,1155807,-0.0512202990227237,17.125,0.0051425610432989,0.0073077916195613,4.068053028086069,-0.0081591876349974,2939.666591777326
2019-10-01,-0.0137758358546919,2937.75,2937.0,1601531,0.081277206455534,18.575,0.0096799305597997,0.007177737744377,4.245644203638496,-0.0153581783601902,2933.105149146092
2019-10-02,-0.0196800920416126,2880.5,2874.0,2126769,0.0776586692290024,20.075,0.0125710725201748,0.0087781872176096,4.353106303082032,-0.0199452643540167,2879.7362724182994
2019-10-03,0.0107903848103232,2911.75,2855.0,2037970,-0.0563529365511317,18.975,0.0127567057425904,0.011394466640085,4.47729607674598,-0.0202397900349422,2822.7853215087075
2019-10-04,0.0133898209601781,2951.0,2896.75,1497975,-0.0738039745833614,17.625,0.0107898746622399,0.0113085805628942,4.732827108559123,-0.0171192157343541,2862.327368935382
2019-10-07,-0.0045852164905246,2937.5,2928.0,1266872,0.019663554908778,17.975,0.0073862676872113,0.0117741126284458,4.836146137725586,-0.0117190527200071,2916.618925713921
2019-10-08,-0.0154376993845826,2892.5,2890.5,1865325,0.1104933562257151,20.075,0.0112829527428947,0.0108871327303145,4.979387845246015,-0.0179015334443225,2885.382132205493
2019-10-09,0.009119911786283,2919.0,2888.25,1305749,-0.0406663403834324,19.275,0.0097517990331115,0.0117887858046529,5.401231458974359,-0.0154722048839116,2848.0910852015686
2019-10-10,0.0075085676998805,2941.0,2881.75,1577766,-0.0236231457634357,18.825,0.0169613873625715,0.0113690244364993,5.776027234066447,-0.0269109381251635,2841.49452156991
2019-10-11,0.01006478661614,2970.75,2941.75,1743810,-0.0406560056411287,18.075,0.0115810326101212,0.010861656117565,6.223738461804424,-0.0184201932285836,2887.3221080353333
2019-10-14,-0.0017687938913546,2965.5,2953.75,833670,-0.0423792229688615,17.325,0.0068292125306607,0.010774650034846,6.124609781466585,-0.0108506497200995,2938.689684526002
2019-10-15,0.0108163549807622,2997.75,2966.5,1181207,-0.0263173083173735,16.875,0.0058356337789114,0.009860324171645,6.052824571746883,-0.0092645133227607,2938.152959852421
2019-10-16,-0.0020870734294557,2991.5,2984.75,1148118,-0.0089286307443012,16.725,0.0028925044893389,0.0100718851251621,6.280966740224439,-0.0046033758255169,2983.9819441999834
2019-10-17,0.0021704658324548,2998.0,2985.25,1121748,-0.0090090699423659,16.575,0.0052340074750177,0.0093556344653193,5.846132289566175,-0.0083042765486072,2966.7606202014717
2019-10-18,-0.0032574679044525,2988.25,2975.0,1335276,0.0060150557297613,16.675,0.005890228688588,0.0086164377463787,6.02974636078351,-0.0093486955924955,2970.10321307509
2019-10-21,0.0060886797215342,3006.5,2983.75,886557,-0.0366453216780047,16.075,0.0033263503017927,0.0081633956942088,5.63110058475721,-0.0052775875723288,2972.520791583116
2019-10-22,-0.003999338775106,2994.5,2988.25,1125601,0.024578810264888,16.475,0.0055987571518392,0.0079458410374393,5.96048207645263,-0.0088829884059743,2979.9115625834165
2019-10-23,0.0037498481505,3005.75,2982.0,1055958,-0.0183772400016066,16.175,0.004899770086215,0.0075155279266895,6.210972493222273,-0.0077922794978583,2971.256695815257
2019-10-24,-0.0004991680636088,3004.25,2998.75,1061278,-0.0093168375802306,16.025,0.0038631255557582,0.0071064949356851,6.507064498292913,-0.0061613846968301,2987.287354087059
2019-10-25,0.0053116566082636,3020.25,3000.0,1098391,-0.0381604330152822,15.425,0.0052037964380583,0.0065373096005377,7.013322812799755,-0.0083331604084999,2979.3191236085613
2019-10-28,0.0052835919167097,3036.25,3022.75,1041931,0.0128826258310139,15.625,0.0037889613460553,0.0066062531193717,6.999944577743811,-0.0060669248459594,3001.981842038556
2019-10-29,-0.0001646903824532,3035.75,3029.5,1040149,-0.0096463770518053,15.475,0.0038650849976157,0.0066388701928208,7.062144921096335,-0.0061915016592639,3017.5091300196027
2019-10-30,0.0039451025113272,3047.75,3023.25,1179153,-0.0328436745691469,14.975,0.0070206068331802,0.0062223741029941,6.875864425973573,-0.0112313085338537,3001.845308544136
2019-10-31,-0.0039451025113272,3035.75,3020.25,1766536,0.0198353610561459,15.275,0.0066336507251837,0.0061693478315794,6.680525904926004,-0.0105959759554329,3015.626604199756
2019-11-01,0.0090179328956274,3063.25,3033.0,1279508,-0.0469097728211029,14.575,0.0049226561298106,0.0061105105113674,6.604785446820685,-0.0078579898586862,3011.9885880218585
2019-11-04,0.0040723301107217,3075.75,3064.75,1179714,0.0102389973010943,14.725,0.0037603224382879,0.0071271082497144,6.628642679530616,-0.0060037864650003,3044.913998906103
2019-11-05,-0.0012199586727152,3072.0,3069.75,1124217,0.020168750883621,15.025,0.0035483329808579,0.0068517734384452,6.749694110257519,-0.0056709561041233,3058.356921069362
2019-11-06,0.0011386743808596,3075.5,3063.0,1076833,-0.0167789171291095,14.775,0.0033583230689973,0.0063965765707584,6.780005922057435,-0.0053685693067582,3055.5519458537915
2019-11-07,0.0034082642746842,3086.0,3070.25,1353330,-0.0102041701742416,14.625,0.0058747442028812,0.0060148362675952,6.7656361290697085,-0.0093902219687345,3046.7555419704017
2019-11-08,0.0014571361762207,3090.5,3072.5,1080147,-0.0242226375758463,14.275,0.0045074649451456,0.0059277754189722,6.599912974493405,-0.0071949235243137,3063.876151144476
2019-11-11,-0.0009711881630956,3087.5,3074.5,844597,-0.0141095815163199,14.075,0.0040255946805991,0.0056071470069943,6.706091816442523,-0.0064314573425212,3070.687361446318
2019-11-12,0.00145642877108,3092.0,3081.25,1101243,-0.0143115143932557,13.875,0.0046682621407913,0.00534583111187,6.522502606678918,-0.0074465448951525,3064.59418307908
2019-11-13,0.0011313132519745,3095.5,3075.75,1251057,0.1315023083977418,15.825,0.0047930484088083,0.0051587505231668,6.275667765734597,-0.0076276521212837,3068.5050193240827
2019-11-14,0.0004844570139166,3097.0,3081.75,1105353,-0.0127187724077746,15.625,0.0041153285111803,0.0048909691367637,6.400110701833666,-0.0065571404228965,3075.268773805052
2019-11-15,0.0068380460326142,3118.25,3095.75,1251167,-0.0325231917055601,15.125,0.0033378794252754,0.0046586679002675,6.221996866615816,-0.0053089623095554,3080.6017111914925
2019-11-18,0.0011217949894373,3121.75,3111.0,1034214,-0.0066335234956338,15.025,0.0037572182112737,0.0056991080150154,6.1092977845433545,-0.0059686750355101,3099.6936126827536
2019-11-19,-0.0010416250290781,3118.5,3112.75,1195901,0.0132233331746896,15.225,0.0044322199081389,0.0053552147590176,6.246280659356155,-0.0070513094854739,3099.8150007336203
2019-11-20,-0.0030509859074232,3109.0,3090.75,1693828,-0.0032894766503988,15.175,0.0061403851371823,0.0051235102921861,5.893844154577583,-0.0097423353973996,3088.2660408811244
2019-11-21,-0.0016095287556439,3104.0,3091.25,1434552,0.0098361448767128,15.325,0.0051227359109613,0.0051436493925177,5.696457820680257,-0.0081277330789368,3083.83329054871
2019-11-22,0.0024133227061629,3111.5,3097.75,995416,-0.0365489185301131,14.775,0.0035057317274488,0.0048967909690789,5.813189301762769,-0.0055621941521708,3086.7828762328263
2019-11-25,0.0068062880361221,3132.75,3116.5,947831,-0.0485363892664079,14.075,0.002705988975827,0.0047915762498961,5.832382913965905,-0.0042933222583282,3098.1699633403737
2019-11-26,0.0035051418026537,3143.75,3128.0,1068011,-0.0143115143932557,13.875,0.0029252333694715,0.0057208021962272,5.6413153318158304,-0.0046411754253796,3118.2440460634016
2019-11-27,0.0031758661072185,3153.75,3141.75,928792,-0.0036101122240999,13.825,0.0022270236075349,0.005592630203953,5.835962671784341,-0.0035333957785729,3132.661488607348
2019-11-29,-0.0031758661072185,3143.75,3139.5,902189,0.0214677296241063,14.125,0.0027229792061894,0.0055508765348528,5.459571807865058,-0.0043202789587585,3140.1543099673454
2019-12-02,-0.0094280020818473,3114.25,3110.25,1927030,0.0749925365634562,15.225,0.0087002334818497,0.005391793273928,5.729364246790087,-0.0138037909222678,3100.652471257566
2019-12-03,-0.0074936896340851,3091.0,3069.5,2146620,0.0636144489941927,16.225,0.0109890321267771,0.0067532181925431,6.008940897772121,-0.0174370367278624,3060.417412748176
2019-12-04,0.0064495547655205,3111.0,3081.75,1485940,-0.0570677807678787,15.325,0.0076963807589067,0.0071021851443096,5.929072895359996,-0.012211078136667,3053.485072489543
2019-12-05,0.0021673699032191,3117.75,3103.25,1318780,-0.0197700014010036,15.025,0.0046925766433318,0.0072380074715684,5.981951348095184,-0.0074452423611853,3087.923861332496
2019-12-06,0.0090202168173672,3146.0,3117.0,1300299,-0.0407526680271081,14.425,0.0052362513820151,0.0066416552813113,6.239969414664766,-0.008329916522932,3091.8872694993893
2019-12-09,-0.0036621329041999,3134.5,3131.25,1145426,0.0799093832283022,15.625,0.0033535440981373,0.0074053297074274,6.659096323135243,-0.0053556875454852,3129.196045512962
2019-12-10,0.0004784307562761,3136.0,3116.25,1425723,-0.0226546905648064,15.275,0.0060235659894494,0.0070408477452359,6.186280629121067,-0.009576989472119,3104.624214886461
2019-12-11,0.0022296553272678,3143.0,3129.5,1225764,0.0816780310142673,16.575,0.0030376263598961,0.0063826405838391,6.332751837164795,-0.0048368352206412,3120.868308996515
2019-12-12,0.0079227161367487,3168.0,3137.25,2379008,-0.0400053346136992,15.925,0.0076757867458936,0.0059418236208472,6.571217272304713,-0.0122492355393191,3104.7354866630453
2019-12-13,0.0012618298204234,3172.0,3156.75,1834941,-0.0482408645126648,15.175,0.0062568600013006,0.0066603043228801,6.938804178876876,-0.0100141527911539,3136.433483715184
2019-12-16,0.0069900147166936,3194.25,3173.75,1413219,-0.023334392061773,14.825,0.0043343934415192,0.0060979595438453,7.108227813176078,-0.0069454678661549,3150.0453069928767
2019-12-17,0.0003912516189039,3195.5,3192.0,1615320,0.0033670065479043,14.875,0.0025355089029682,0.0065501436057437,6.905922449406613,-0.0040571222685043,3181.3167907397838
2019-12-18,0.0011728372273687,3199.25,3192.0,1181642,-0.0033670065479043,14.825,0.002047977933852,0.0060703958558831,6.4602749923308505,-0.0032649743879922,3185.0837879291034
2019-12-19,0.0038995525940137,3211.75,3194.5,1137443,-0.0135825517658689,14.625,0.0035222566081324,0.0056484569516014,6.540249449112906,-0.0056193883665688,3181.322589484548
2019-12-20,0.0043495214202362,3225.75,3208.5,1320006,0.0102041701742416,14.775,0.0039607737183743,0.0056532147454993,6.247507189101628,-0.0063013557599409,3191.575251528412
2019-12-23,0.0004649000548635,3227.25,3224.25,665895,0.0,14.775,0.0021891658472299,0.0056709351337743,6.450368893180039,-0.0034897428781509,3214.512581166367
2019-12-24,-0.0004649000548635,3225.75,3222.5,297971,-0.0170652605541867,14.525,0.0018559499296576,0.0054308196772174,5.823855790387137,-0.0029446502607818,3217.7608554086087
2019-12-26,0.0057957737292682,3244.5,3227.0,464639,0.0,14.525,0.0020937253870854,0.0053699539376279,5.119268635919988,-0.0033219048146541,3215.052144011401
2019-12-27,-0.0021598280534309,3237.5,3235.5,984389,0.0404777011789301,15.125,0.0039380780898153,0.0056227420414617,6.142277854959744,-0.0062582598687861,3224.258480265636
2019-12-30,-0.0043337012571189,3223.5,3217.25,1124598,0.0261026239026374,15.525,0.0051836748692711,0.0054349316936512,5.943029871534764,-0.0082244188335529,3210.982638441992
2019-12-31,0.0023239610738237,3231.0,3213.0,1157924,-0.0597192347016224,14.625,0.0048749785458729,0.0054785997956519,6.207467190352463,-0.00775256669254,3198.6062212874144
2020-01-02,0.0086287130130635,3259.0,3234.25,1416241,-0.0383322190921662,14.075,0.0042568106017687,0.0052950365086605,6.166735815985601,-0.0067665726409523,3209.211005341412
2020-01-03,-0.0072369243402405,3235.5,3206.75,1755057,0.0653153063955174,15.025,0.0114043299845362,0.0062771590705081,6.688834624890111,-0.018217460347929,3200.1668193938917
2020-01-06,0.0024695181557898,3243.5,3208.75,1502748,-0.0100335289895778,14.875,0.0077224415475608,0.0065641468442908,6.276826976215846,-0.0122896298098885,3195.980241753924
2020-01-07,-0.0025467889513315,3235.25,3226.0,1293494,-0.0135365857175333,14.675,0.0060146809109567,0.0061892017959078,7.754007902790898,-0.0096745618538907,3212.271861477441
2020-01-08,0.0076976748352315,3260.25,3181.0,2279138,-0.0346655161003441,14.175,0.0182260428046555,0.0058777128064327,7.569830843375405,-0.0292878149851998,3141.8707090491694
2020-01-09,0.0048192864359499,3276.0,3257.75,1297679,-0.0395735090645081,13.625,0.0030070792197732,0.006447057576564,7.555186525396763,-0.0048317485070448,3244.5352872724784
2020-01-10,-0.0034399758724443,3264.75,3260.75,1533121,-0.0036764747293087,13.575,0.0052886813607937,0.0063107495793081,7.650955620920103,-0.0085022286892135,3248.264771518353
2020-01-13,0.0076283839297346,3289.75,3265.5,1008998,-0.0299087713925727,13.175,0.0030890987746619,0.0060398303955251,7.672922418383472,-0.0049666978900032,3248.575174050724
2020-01-14,-0.0005320968541795,3288.0,3275.25,1694799,0.1446177191685347,15.225,0.0046205166547038,0.0064902194888631,7.997544820365867,-0.007440868613719,3265.362248029105
2020-01-15,0.0017472561136013,3293.75,3277.75,1468347,-0.0032894766503988,15.175,0.0044267024535252,0.0060108359546098,7.88944891134724,-0.007125104752359,3264.655918845257
2020-01-16,0.0068832766759374,3316.5,3294.0,1335246,-0.016611677666896,14.925,0.0029743047875331,0.0056864673674583,7.625314291073185,-0.0047809173916909,3278.0404363272114
2020-01-17,0.0025596641243446,3325.0,3316.0,1312253,0.0,14.925,0.0026095944860347,0.0060790635323915,7.9220396040023715,-0.004200992760315,3302.596631932321
2020-01-21,-0.0016555049307402,3319.5,3307.25,1573187,0.010000083334583,15.075,0.0046826087872963,0.0057811657000527,7.755711700470077,-0.007532000930551,3300.050175907399
2020-01-22,7.530971122271524e-05,3319.75,3315.25,1505107,0.006611594332313,15.175,0.0047214881980222,0.005512307041464,7.4085551547205615,-0.007580088783722,3294.4330202726023
2020-01-23,0.0018809018824352,3326.0,3301.25,1717046,-0.0099338565242907,15.025,0.0052444619877974,0.0052623427156842,7.028142263426516,-0.0083991533035532,3291.983680839036
2020-01-24,-0.0098195516721251,3293.5,3280.5,2515168,0.0644345223854623,16.025,0.010363582864608,0.0050532564170591,7.145254022917797,-0.0166107984479965,3271.208806914592
2020-01-27,-0.0165318321907346,3239.5,3233.0,2581636,0.1036429728825707,17.775,0.0055233979192069,0.0063602235719233,7.390413438626168,-0.0088665581201712,3264.427069710137
2020-01-28,0.0118907465215212,3278.25,3238.75,1910878,-0.0638823838876168,16.675,0.0067754512669317,0.009135416327172,6.939179845732688,-0.0108441917891239,3204.5600309626284
2020-01-29,-0.0017555246274785,3272.5,3265.25,1665382,0.0,16.675,0.0056649076039605,0.0096570463907603,6.981937495063423,-0.0090695487520314,3248.652174150615
2020-01-30,0.0052573552461954,3289.75,3239.75,2421276,-0.0366453216780047,16.075,0.0115024068507088,0.0085886853086656,7.129277290381752,-0.0184341528194057,3212.7268611426634
2020-01-31,-0.0201887494037311,3224.0,3212.75,3152069,0.1255290077710391,18.225,0.0130644042129612,0.0080631999349945,6.9458784685369785,-0.0209107555538467,3221.673092293948
2020-02-03,0.0066465968470037,3245.5,3222.0,1919477,-0.0138123742876117,17.975,0.0088394414616008,0.0115010739154443,6.6152726262461545,-0.0141115813331589,3178.823765520293
2020-02-04,0.0165015203499532,3299.5,3236.0,1698403,-0.0841075178693602,16.525,0.010677782850164,0.0104646967326191,6.749782604052119,-0.0170652756873323,3190.584554085286
2020-02-05,0.0107017375262472,3335.0,3288.25,2046111,-0.0496225831512457,15.725,0.0083882594668176,0.0118655026026804,6.872279044921346,-0.0134188676076433,3255.520185917024
2020-02-06,0.0030687498353749,3345.25,3332.5,1462323,-0.0095847379129874,15.575,0.0051120835348636,0.0114353627302031,7.070530408086768,-0.0081895471894492,3307.7993924782013
2020-02-07,-0.0059213904606227,3325.5,3320.75,1698940,0.0284829381332167,16.025,0.0043930367785013,0.0100599610163449,7.171435496566624,-0.0070423936322056,3321.774192663989
2020-02-10,0.0082354287417523,3353.0,3303.5,1399815,-0.0252778071842683,15.625,0.0089465823690078,0.0092667411337429,6.924250919806854,-0.0143175512997223,3278.2262131476364
2020-02-11,0.0013411819311635,3357.5,3349.25,1486164,0.0190180058357616,15.925,0.0051725112294293,0.0089731613830735,7.238343886524293,-0.0082955330432947,3325.300129151831
2020-02-12,0.0068269781333398,3380.5,3355.5,1229231,-0.038404719635952,15.325,0.0040232797390963,0.0079081572690234,7.350879166853224,-0.0064569292141505,3335.8907001011385
2020-02-13,-0.0008878366963784,3377.5,3348.5,1772784,0.0161815828512419,15.575,0.0075825157319816,0.007787368874666,7.097406786053428,-0.0121493981094213,3339.6774465608487
2020-02-14,0.0010357328735324,3381.0,3365.25,1334897,-0.0096774948820654,15.425,0.0048606759999189,0.0069473388885826,7.153590094491838,-0.0077911433031682,3351.2876581442138
2020-02-18,-0.0034813560586162,3369.25,3355.25,1735931,0.0256013982387885,15.825,0.0074310922320273,0.0062541160736744,7.186835095049416,-0.0119138393030672,3340.9583080817124
2020-02-19,0.0053282150772702,3387.25,3370.75,1163426,-0.0288481543376581,15.375,0.0039059128256505,0.0059843383257639,6.887082745879533,-0.0062490602185908,3348.2610029148377
2020-02-20,-0.0053282150772702,3369.25,3339.25,2073749,0.044522456431101,16.075,0.011507475044095,0.0060906920045844,7.038490754378877,-0.0184308742401265,3325.391822452855
2020-02-21,-0.008943936792054,3339.25,3328.0,2293728,0.0515265486746558,16.925,0.0070297185047704,0.0061617640143454,7.137919242873247,-0.011266716965099,3331.502657477236
2020-02-24,-0.0344257588243923,3226.25,3213.75,3636687,0.1706834410344866,20.075,0.0143407189694526,0.0070645510889962,7.266465786347617,-0.0230033398303457,3263.312850010431
2020-02-25,-0.0294890642626004,3132.5,3117.25,4375530,0.101742521567143,22.225,0.0261196254873444,0.0181280689179742,5.519706291332043,-0.04144139923916,3095.2821737212475
2020-02-26,-0.0071282989756227,3110.25,3091.0,3889097,0.0044893453625944,22.325,0.0197601714707176,0.0217738949140461,5.701335284042114,-0.0313514891455485,3035.8149890928144
2020-02-27,-0.0505278679421223,2957.0,2944.5,4734434,0.1629107900004518,26.275,0.0274972354539101,0.0182379876602732,5.707472959145619,-0.0436271152881117,2977.4760945733324
2020-02-28,-0.0020311449095382,2951.0,2853.25,5715227,0.0019011412570244,26.325,0.0345198650008292,0.0310628921359116,5.574075275219138,-0.0547692197146704,2799.4025548771065
2020-03-02,0.0379034734273728,3065.0,2889.25,3689149,-0.0019011412570244,26.275,0.0338297672335711,0.0254611310391968,5.515533407041225,-0.0536743105590682,2796.782880623276
2020-03-03,-0.0224357810536481,2997.0,2973.0,3754363,0.1046942614096049,29.175,0.0342566861407603,0.0294645496230191,5.556565083798698,-0.0543516601207663,2902.8584073781026
2020-03-04,0.0385371038623088,3114.75,2976.5,2590464,-0.0618571720113254,27.425,0.024335574155134,0.0272024613445125,5.610386541067365,-0.0386108232970545,2883.488843656684
2020-03-05,-0.0323832382879309,3015.5,2996.5,2807262,0.1503669973172958,31.875,0.0193529123958824,0.030789796610727,5.807679596735667,-0.0307053318749477,3020.563974037528
2020-03-06,-0.0172259464750643,2964.0,2898.0,3163400,0.1154273219639243,35.775,0.0306757192732355,0.0310425321668335,5.859609896960687,-0.0486700978912005,2872.249601522349
2020-03-09,-0.0757573124669672,2747.75,2715.0,2672753,0.2154269223530653,44.375,0.0344396248011333,0.0272759666295561,5.806712656324781,-0.0546419106094063,2806.3867359429496
2020-03-10,0.0420477010461093,2865.75,2695.25,3423140,-0.0591820009226919,41.825,0.0379394199569592,0.0483088247504576,5.639285607598128,-0.0601946857967125,2587.2297512362247
2020-03-11,-0.0447809388992865,2740.25,2702.75,2992894,-0.0808898486236633,38.575,0.0330323593846947,0.0467534617720904,5.526239087133945,-0.0524091432220502,2719.426337656544
2020-03-12,-0.104235946750653,2469.0,2442.5,4366577,0.1722253954765444,45.825,0.0629869069108317,0.0461670576620259,5.624053233962902,-0.0999350299795194,2479.6418319203435
2020-03-13,0.0879559826870179,2696.0,2393.5,3423449,-0.0429154736446433,43.9,0.0585159481876701,0.0702886504220021,5.735333990939313,-0.0928414066227022,2250.093573874765
2020-03-16,-0.1095524415096571,2416.25,2360.25,2378284,0.29816227034327,59.15,0.0622409322284563,0.0766479739480369,5.96716706362364,-0.0987514665073096,2442.48930580083
2020-03-17,0.0282570950121865,2485.5,2352.0,3788132,0.0377403279828474,61.425,0.0514061383721846,0.0892372483382841,6.181824617548948,-0.0817277750284813,2226.629431837418
2020-03-18,-0.034380304429848,2401.5,2262.0,3255696,0.1374411185929327,70.475,0.0646811412807099,0.0746738171857901,6.125038439082061,-0.102769641388816,2242.753170592535
2020-03-19,-0.0052186737790691,2389.0,2275.0,3127808,-0.0610681398083592,66.3,0.0551714743239394,0.063963514137388,6.08752600023815,-0.0876234548285131,2200.027999424082
2020-03-20,-0.0429782872321133,2288.5,2260.0,3075997,-0.0747463009146969,61.525,0.069081665734133,0.0514949419822212,5.964318987851712,-0.1096049746647984,2140.9933288071074
2020-03-23,-0.0301641853615395,2220.5,2174.0,3076791,-0.2184815382083984,49.45,0.065795919953402,0.048577358162933,5.938719865867638,-0.1043918102278262,2061.6461608287186
2020-03-24,0.0934456353090595,2438.0,2230.5,2639522,-0.0245662302837263,48.25,0.0366984854289252,0.0429438159408489,5.806667661812642,-0.0582258190060753,2094.9015862714127
2020-03-25,0.0118248064881401,2467.0,2386.0,3037767,0.0608074761734496,51.275,0.0496010802026163,0.0651061086297724,5.94799359605165,-0.0786970765858101,2253.4918678648933
2020-03-26,0.0555808065171872,2608.0,2402.25,2413913,-0.1112829975837099,45.875,0.0532185432174838,0.0532538368260063,5.818221064880132,-0.0844365436047631,2267.246940567923
2020-03-27,-0.0327386993854403,2524.0,2505.25,2320755,0.1523584948304766,53.425,0.0252674139081475,0.0540516204703825,5.9073139721263175,-0.0400892803005923,2505.5151541771625
2020-03-30,0.0339840892096718,2611.25,2445.0,1837692,-0.070765951254951,49.775,0.0322753730870672,0.0476165459105216,5.870788681088632,-0.0512081087204738,2398.0042668926985
2020-03-31,-0.0160204159777439,2569.75,2555.75,2248012,-0.0621639777901066,46.775,0.0191351182614772,0.0432090987153547,5.85899183660204,-0.0303597796892854,2533.1643544263325
2020-04-01,-0.0485372532608145,2448.0,2434.25,2091378,0.0928290907448436,51.325,0.0226453869911245,0.0358538320924675,5.726086886358713,-0.0359291722493945,2479.0599742018017
2020-04-02,0.0275976825841981,2516.5,2424.75,2145458,-0.0843138716503832,47.175,0.0247840940715681,0.0410225096358173,5.902336067618153,-0.0393224450212121,2353.606704860104
2020-04-03,-0.0135022304329472,2482.75,2449.0,1763886,-0.0488696585849912,44.925,0.0215294474322722,0.0368593036376976,5.904273370968646,-0.0341586224837566,2431.991392307765
2020-04-06,0.0631151947225667,2644.5,2484.75,2034419,-0.072696358188165,41.775,0.0324045658807235,0.0306303037083969,5.836207122047486,-0.0514130860140161,2358.329974894832
2020-04-07,-0.0009458054237638,2642.0,2623.5,2486524,-0.0515768080689849,39.675,0.0332886273502079,0.0449026993803501,6.004079000829222,-0.0528182811996893,2508.44673352639
2020-04-08,0.034595229773811,2735.0,2620.75,1920688,-0.0352713702258724,38.3,0.0269308830461972,0.0363876003187834,5.89724894429282,-0.0427285405267905,2531.488995961791
2020-04-09,0.016229559727277,2779.75,2701.0,2342733,-0.0365610677691567,36.925,0.0261921625301628,0.0358573539426693,5.991336532657047,-0.0415564865152973,2623.672225871816
2020-04-13,-0.0074020919303654,2759.25,2711.0,1571402,-0.0219036819848472,36.125,0.0252307740525321,0.0306788620317384,5.953235945727561,-0.0400311475036516,2670.671257445415
2020-04-14,0.029900928998007,2843.0,2752.5,1716496,-0.0912354478292178,32.975,0.0147926104657986,0.0252939024231284,5.884094415249616,-0.023469956581099,2695.244562750085
2020-04-15,-0.0242090854704652,2775.0,2751.25,1831570,0.1036152483028098,36.575,0.0183283264047077,0.0271766143553177,6.026922698273921,-0.0290889074937212,2761.4914802776266
2020-04-16,0.0044943895878395,2787.5,2746.0,1749108,-0.0013679892694251,36.525,0.02122562910998,0.0263372527787453,6.122911791809504,-0.0337238815786687,2682.976642376532
2020-04-17,0.0291668929852919,2870.0,2821.0,1924019,-0.054866080085941,34.575,0.0157900798328815,0.0217536252968418,6.042694438908951,-0.0250650339484203,2718.499579268603
2020-04-20,-0.0223738743714125,2806.5,2804.25,1566934,0.1223519987567183,39.075,0.0130100928839806,0.0246730667736324,6.225696986176378,-0.0206936056632724,2811.21963814913
2020-04-21,-0.0269042136915729,2732.0,2717.25,1969844,0.0668151981739173,41.775,0.0242994489036278,0.0240868808323974,6.32453324534404,-0.0386890563771364,2699.9927802439347
2020-04-22,0.0204698751389278,2788.5,2717.25,1369529,-0.052837842284013,39.625,0.0201669580852854,0.0251236850711985,6.48674610420431,-0.0321588202012399,2645.539783712406
2020-04-23,-0.0027831413574697,2780.75,2772.75,1703918,0.0025204802253351,39.725,0.0159884526560721,0.0238809938583117,6.53298179583487,-0.0255062447105246,2718.275228851037
2020-04-24,0.0173793421104395,2829.5,2755.25,1293756,-0.0771624459352784,36.775,0.0164799199136178,0.020104807673309,6.462811078257879,-0.026273609704054,2708.641088546146
2020-04-27,0.0138635193987859,2869.0,2812.75,1224445,-0.0821409872876364,33.875,0.0146058237074667,0.0194881874872035,6.573046901267166,-0.0233087538537223,2764.310574520756
2020-04-28,-0.0006101547367327,2867.25,2851.0,1614021,0.0088171034101485,34.175,0.015333438054415,0.0181303204606715,6.6363245380811,-0.0244831823526864,2799.6106519755617
2020-04-29,0.0253962773093636,2941.0,2860.75,1737371,-0.0681049806914102,31.925,0.0187429066260063,0.0152847902419282,6.602413307453279,-0.0299185182108469,2782.7366891937013
2020-04-30,-0.0131772249819492,2902.5,2878.0,2027924,0.0622355581186044,33.975,0.0176692744275056,0.0190279518507281,6.876586969573091,-0.0282668084173301,2859.0312713822555
2020-05-01,-0.0282151747363101,2821.75,2811.75,1647259,0.0947079515416189,37.35,0.0129430964975699,0.0176442871807436,6.951932681601639,-0.020717500862212,2842.986072344382
2020-05-04,0.0012395964045239,2825.25,2771.0,1510680,-0.0458827482159263,35.675,0.0142247242426324,0.0213148799366211,7.321860539184076,-0.022825114223932,2758.07271909976
2020-05-05,0.011612693181819,2858.25,2824.5,1474765,-0.0473546148253705,34.025,0.0146326856170383,0.0180970558714305,7.263339279357706,-0.0234712103709942,2759.7101218200496
2020-05-06,-0.0086968528124051,2833.5,2832.0,1466641,0.0218031892719769,34.775,0.0123275999684763,0.0165576433127569,7.419368963813456,-0.0197925409172258,2802.2341466059192
2020-05-07,0.0162775975203182,2880.0,2823.0,1494330,-0.0792641945941228,32.125,0.0144229337199143,0.0147875228351751,7.392308695745252,-0.0231529978602157,2768.649617897949
2020-05-08,0.0167000523998446,2928.5,2879.75,1326254,-0.0911941486758447,29.325,0.0082999856715481,0.0153222334500269,7.744332280449194,-0.0133497939917747,2841.808087587437
2020-05-11,-0.0019653926429086,2922.75,2889.75,1528302,-0.0525054973779308,27.825,0.0138652904101423,0.0158506428037526,8.030973789213194,-0.0223320653618162,2863.8253932213147
2020-05-12,-0.0243291511506971,2852.5,2838.0,1824303,0.172842812839411,33.075,0.020192547123406,0.0133252624074249,7.9682807438070276,-0.0325135943377039,2829.24915321458
2020-05-13,-0.0139442732463743,2813.0,2786.0,2591379,0.0544251951420062,34.925,0.0218891855855698,0.0176059484474398,8.051164957010785,-0.0352589574328261,2753.6762725990293
2020-05-14,0.0120142787881807,2847.0,2760.25,2501222,-0.0589706575136808,32.925,0.0228131692278375,0.0166816220260073,8.029131081877662,-0.0367436149295896,2711.516071865052
2020-05-15,-0.0001756388869003,2846.5,2809.5,1897194,-0.0060929358333812,32.725,0.0134618739773502,0.0155299337161613,8.026075796997848,-0.0216818184612015,2785.9362416627328
2020-05-18,0.0350368049180902,2948.0,2850.0,1775433,-0.0836141400411336,30.1,0.0205489483411389,0.0131023158084461,7.850686125300696,-0.0330688055352758,2753.909019167085
2020-05-19,-0.0099715318920194,2918.75,2914.25,1567224,0.0635517387468702,32.075,0.0138064807703712,0.0220783096402999,7.711653328213079,-0.0222027615981114,2883.2675377243986
2020-05-20,0.0169013322935223,2968.5,2908.5,1532404,-0.0744077952603365,29.775,0.0112316951871187,0.0194052190009182,7.615883317375704,-0.0180529838382691,2866.530629376872
2020-05-21,-0.0106681225121096,2937.0,2933.0,1608225,0.0411242158493072,31.025,0.0062490849707462,0.0188055308676783,7.679007794409367,-0.0100476918341487,2938.822770294006
2020-05-22,0.0054329505453027,2953.0,2903.75,1377263,-0.0211734294299583,30.375,0.0125075786189448,0.0169369560419953,7.662708334382949,-0.0201087805174256,2878.530358448392
2020-05-26,0.0139556699605947,2994.5,2947.5,1797241,-0.0250013022054171,29.625,0.0141650200340463,0.0146480521756251,7.514999640918385,-0.0227551188844413,2886.562892781953
2020-05-27,0.0135988828659705,3035.5,2965.5,2109332,-0.0187399010505671,29.075,0.0151836790837533,0.0145509869509495,7.6514221881233935,-0.024409758083498,2922.289880606944
2020-05-28,0.0008232485852293,3038.0,3019.5,1881295,0.0420937564253858,30.325,0.010673404826864,0.014386402887783,7.748681817669133,-0.0171676114355661,2983.832488346777
2020-05-29,0.0013157896635203,3042.0,2992.0,2258009,-0.0507293886749913,28.825,0.0154375087724766,0.0121433061674268,7.633149770624444,-0.0248153994304893,2963.538533151368
2020-06-01,0.003937012959339,3054.0,3008.0,1277803,0.0239942959283032,29.525,0.0108065749095642,0.0102080978807632,7.565903554227972,-0.0173649386590301,2989.631857314252
2020-06-02,0.0075028895434652,3077.0,3035.0,1458830,-0.0450292520477,28.225,0.0089107814902395,0.0088717259526676,7.464753038634852,-0.0143104536800365,3010.607101026712
2020-06-03,0.0131564914788135,3117.75,3074.25,1623708,-0.0443712440313968,27.0,0.0097486281419085,0.0086477241997104,7.575623151632842,-0.0156657765900254,3029.172014841893
2020-06-04,-0.0023281028457819,3110.5,3087.5,1830904,-0.0102374090932202,26.725,0.008814495706675,0.0105498052203747,7.623202387086112,-0.0141683182048354,3073.888183738952
2020-06-05,0.0242181037079571,3186.75,3106.5,2444330,-0.0538074067763618,25.325,0.0182169555695717,0.0090482637242929,7.533870803361701,-0.0292673716168063,3020.7831330692
2020-06-08,0.0127062550577665,3227.5,3183.25,1602601,0.0272655643662855,26.025,0.0081283908104546,0.015579794770437,7.4273313561577154,-0.0130511223262184,3145.429561489414
2020-06-09,-0.0068397592934861,3205.5,3190.0,1695764,0.0596635453368841,27.625,0.0079412165704763,0.0148839167273038,7.480630560819323,-0.0127545228354728,3186.5961863715465
2020-06-10,-0.0061018729573181,3186.0,3179.75,1996065,0.0494363677460385,29.025,0.0098301081397248,0.0131007361668337,7.44935008057556,-0.0157854607297852,3155.296986940716
2020-06-11,-0.0567430796976644,3010.25,2996.25,3528726,0.3125637388285174,39.675,0.0268465460029984,0.0115834641915569,7.427443102731131,-0.0431054304785649,3051.583941837523
2020-06-12,0.0081059170055848,3034.75,2982.0,2872339,-0.1303857467466032,34.825,0.0241836622397378,0.0326706734437567,6.203155194852469,-0.0384569754790058,2896.682614894014
2020-06-15,0.0125252343525712,3073.0,2935.0,1947459,-0.0217715420832731,34.075,0.0296729519845554,0.0277061876176286,6.110173628986449,-0.0471385800576627,2895.0155106211337
2020-06-16,0.0146176638753328,3118.25,3060.25,2997253,-0.013294139660593,33.625,0.0190659816067018,0.0242775495748115,6.061225706846363,-0.0302716089015373,2981.3692481881462
2020-06-17,-0.0036143166127704,3107.0,3094.5,1850300,0.0,33.625,0.0118579011033839,0.0219114917921223,6.044589441937743,-0.0188235392777583,3060.1024865680183
2020-06-18,-0.0029008884162333,3098.0,3064.5,1636217,-0.0014880955127019,33.575,0.0126344592172108,0.0184915343313346,5.923735880395734,-0.020045833691031,3045.3376956982984
2020-06-19,-0.0125052380742189,3059.5,3056.75,1952273,0.0493927553295763,35.275,0.0186064461446872,0.0155190376326874,5.846954036277113,-0.0295209884796211,3007.8807274265546
2020-06-22,0.0166123507531459,3110.75,3027.25,1392325,-0.1092265506911935,31.625,0.0140853457428123,0.014767386362516,5.852860341753504,-0.0223478103325912,2991.8852095611724
2020-06-23,0.002488262310436,3118.5,3060.0,1528485,0.0094414548709189,31.925,0.0194961467450431,0.015517360772112,5.927118496231267,-0.0309325875012278,3015.999448152475
2020-06-24,-0.0225384489779223,3049.0,3019.75,2387916,0.0503923404906982,33.575,0.0213979135531644,0.013051544602276,5.847076166720189,-0.0339499308239078,3014.4041621664974
2020-06-25,0.0071081634309493,3070.75,3005.0,1967245,-0.0425919889271111,32.175,0.0166159464671,0.0167894734734395,5.916145887730767,-0.0263628615813515,2969.6699135664667
2020-06-26,-0.0209789274306757,3007.0,2992.5,2208418,0.0704939458131654,34.525,0.0161729650307583,0.0146511688827092,5.858152298830837,-0.0256600272100139,2992.956827353353
2020-06-29,0.0134607094567282,3047.75,2983.5,1585146,-0.0658427746374346,32.325,0.009569187039954,0.0170204258211069,5.970791716437437,-0.0151824726854936,2961.6911253435164
2020-06-30,0.0138483803226758,3090.25,3030.25,1724164,-0.0458941297097799,30.875,0.0137054977842603,0.0161454966424063,5.984076592436413,-0.0217451435405976,2982.1916103312424
2020-07-01,0.0041173916804471,3103.0,3062.75,1537321,-0.0345998269641616,29.825,0.0120697305777707,0.015623157409735,6.0012278908181065,-0.0191501130017729,3031.6344022714256
2020-07-02,0.0083440792205031,3129.0,3095.5,1552517,-0.0254682695792514,29.075,0.0126826674051501,0.0133845838637389,5.916847458504048,-0.020122320804675,3041.1844603878967
2020-07-06,0.0136488390858566,3172.0,3105.75,1459512,0.0060008752731373,29.25,0.0124309919489935,0.0122849477464128,5.890882374708188,-0.0197230125120527,3067.891298604315
2020-07-07,-0.0112547752179406,3136.5,3132.5,1333466,0.0443031078953706,30.575,0.0094528066828903,0.0129262902287688,5.959027948610195,-0.0149978236045561,3124.781873174546
2020-07-08,0.00857148105014,3163.5,3125.5,1527612,-0.0349453194898101,29.525,0.0072674828352281,0.0126453739499307,5.987391129978451,-0.0115305886672976,3100.542015406876
2020-07-09,-0.0071377890482917,3141.0,3105.25,1881833,0.0234320344174303,30.225,0.0138959024598282,0.0117957726645752,5.979937590137421,-0.0220472396093577,3094.516796367005
2020-07-10,0.0118681668378162,3178.5,3111.5,1408591,-0.0491624418929101,28.775,0.0139611840064245,0.0108634811080598,5.953067371649235,-0.0221508153147887,3072.189210172401
2020-07-13,-0.0095626444905079,3148.25,3140.5,2074726,0.100745189835524,31.825,0.0177467902185397,0.0113775048050036,6.015582630408968,-0.0281622213836958,3090.235081003809
2020-07-14,0.0111344775711241,3183.5,3119.0,2256766,-0.0716335449881748,29.625,0.0150184299006942,0.0110921096702012,6.038372347538571,-0.0238389335151341,3074.0865781921902
2020-07-15,0.0112448475211586,3219.5,3192.0,1937696,0.0250013022054171,30.375,0.008569573999356,0.0112985302998631,6.09780817206539,-0.0136117859271213,3140.460466490192
2020-07-16,-0.0077954869358407,3194.5,3188.5,1471311,-0.0032976122215564,30.275,0.0068340439394173,0.0114639059771792,6.1594363873888085,-0.0108624548083308,3184.7175799833053
2020-07-17,0.0060856862550604,3214.0,3194.75,1261113,-0.0438889002133406,28.975,0.0060093707956225,0.010778233111293,6.1527524544542365,-0.0095509765053178,3164.1346457760123
2020-07-20,0.0096761214756462,3245.25,3190.25,1401168,-0.0513387066170718,27.525,0.01183255732293,0.0099593119416548,6.148640460485187,-0.0188052015080901,3154.124829168358
2020-07-21,0.0018471489897571,3251.25,3239.25,1463931,0.0108402145528647,27.825,0.0072424209682475,0.0100859622481178,6.226866946973606,-0.0115197971947461,3208.0798853016154
2020-07-22,0.0043733525798508,3265.5,3227.25,1354244,-0.0208813760523551,27.25,0.0091737510023972,0.0089708334947159,6.205499058842238,-0.0145885034909136,3204.163424455872
2020-07-23,-0.0117050466219144,3227.5,3214.25,1704453,0.054453433498693,28.775,0.0132054145945015,0.0082822346990758,6.238053146533693,-0.0210069782431998,3197.6172149731283
2020-07-24,-0.0073078145325471,3204.0,3191.5,1761346,-0.0017391308731267,28.725,0.0091595258083352,0.0094320543765168,6.427909485082053,-0.0145981189742997,3180.7268019959656
2020-07-27,0.0087784599464129,3232.25,3192.0,1299512,-0.0426731411260759,27.525,0.008504281973896,0.0091258838554515,6.559862926178629,-0.0135700258642944,3160.81530850826
2020-07-28,-0.0059734090188054,3213.0,3208.0,1375293,0.0,27.525,0.0073548580729909,0.009198376770194,6.742410689046448,-0.0117538719176455,3194.4809486166305
2020-07-29,0.0122188512708021,3252.5,3204.25,1218031,-0.027626066274931,26.775,0.0090200023562392,0.0086896317751746,6.885710963355455,-0.0144309315519331,3166.966369885638
2020-07-30,-0.0011536244309606,3248.75,3195.0,2000721,0.0148288166734604,27.175,0.0161183295733757,0.0098201760194858,7.1693426980181405,-0.025838633153782,3169.5362957645093
2020-07-31,0.0045299321195724,3263.5,3212.5,2282794,-0.0129631444905107,26.825,0.0133099966444549,0.0087158889604681,7.139861161836354,-0.0213325610922689,3180.1798311882803
2020-08-03,0.0076312946661332,3288.5,3254.75,1250449,-0.0018656721829497,26.775,0.0082239307144558,0.0080593210580928,7.181389283008356,-0.0131844839149421,3220.7548423648573
2020-08-04,0.0034909347131666,3300.0,3271.0,1145269,-0.0341913647482794,25.875,0.0061041472272589,0.0081274577255147,7.351345052913269,-0.0097965242641173,3256.4414176903297
2020-08-05,0.0048367688006134,3316.0,3292.0,1116787,-0.021485201450786,25.325,0.0060352210120518,0.0074490361030153,7.251194441114388,-0.0096799116081173,3268.210400176616
2020-08-06,0.0084832159205099,3344.25,3300.5,1346665,-0.0179287670900905,24.875,0.0081139898264199,0.0070931573049718,7.199495256139301,-0.0130097571108561,3273.1390551908607
2020-08-07,0.0001494991780344,3344.75,3322.25,1615367,-0.0101010959865037,24.625,0.0054034947612654,0.0076773964150201,7.35233933881312,-0.0086721017215065,3315.37371383404
2020-08-10,0.0023889522373199,3352.75,3329.0,1201751,-0.0351275786266986,23.775,0.0058792033512976,0.0068487163501957,7.165170058275367,-0.0094244518834918,3313.3756398594296
2020-08-11,-0.0068086006165604,3330.0,3319.5,1733040,0.0472367074164479,24.925,0.0119837536992379,0.0062468133869312,7.1511285898287165,-0.0192083621643113,3288.9637397566144
2020-08-12,0.0119404403719176,3370.0,3326.25,1408718,0.0753251705999247,26.875,0.0104248907023735,0.0066427178167272,7.217295263899177,-0.0167169103841748,3274.795399197485
2020-08-13,-0.0006678787677287,3367.75,3357.5,1205758,-0.0018621979310644,26.825,0.0051410913136292,0.0085812669942022,7.271422352813702,-0.0082468630093131,3342.322355394956
2020-08-14,-0.0018575626695866,3361.5,3350.0,1084771,0.005576222627436,26.975,0.0062468349457836,0.0075924541866178,7.041518454117294,-0.0100054139846863,3334.222276131552
2020-08-17,0.0054144393354231,3379.75,3364.75,759304,-0.0435674961384959,25.825,0.0027951720124507,0.0068394229477829,7.000690975386226,-0.0044756825335545,3346.4886113271705
2020-08-18,0.0021428315732574,3387.0,3365.25,1019552,-0.0136454358969135,25.475,0.005144477985792,0.0067410967697968,6.992287106424757,-0.0082369450762488,3352.025524123389
2020-08-19,-0.0042161384988457,3372.75,3365.5,1368420,0.0290155751735721,26.225,0.0056019625415274,0.0061470148691608,6.935587710532233,-0.0089657741398142,3356.7686492321686
2020-08-20,0.002369143034544,3380.75,3344.75,1203334,-0.0134359026968278,25.875,0.008662927131271,0.0059609222216258,6.974702427642924,-0.0138686772887889,3326.2972821091166
2020-08-21,0.0034695343555544,3392.5,3356.75,1221450,0.0019305025300582,25.925,0.008105745987087,0.0055201173783571,6.94400624640254,-0.0129738000652557,3337.172122016296
2020-08-24,0.0102640197274457,3427.5,3393.5,1282950,-0.0038647391098889,25.825,0.0053169550868871,0.0053356386142726,6.994148481789105,-0.0085132147560913,3363.741506245349
2020-08-25,0.0045120519020542,3443.0,3421.75,1133837,-0.0136454358969135,25.475,0.0047440991876866,0.0073642244416365,6.91959545876179,-0.0075919003717025,3401.5772873107644
2020-08-26,0.0107609459301514,3480.25,3436.75,1277539,0.0232794217780472,26.075,0.007118294121278,0.0069693771974734,6.880713593933212,-0.0113879989140546,3404.0135300119086
2020-08-27,0.0014356473645218,3485.25,3464.75,1633581,0.0357853626384359,27.025,0.0067261993824136,0.0085058871945262,7.0348477939565575,-0.010772701337447,3442.9595263705787
2020-08-28,0.005508079307182,3504.5,3480.75,1248430,-0.0027790661702655,26.95,0.0050227633820141,0.0074903353180523,6.910005418248403,-0.0080372741013274,3457.350359156474
2020-08-31,-0.0015706435726912,3499.0,3490.0,1439600,0.0337469324252763,27.875,0.0067484731929135,0.0072604599688044,6.88539678927686,-0.0107967295758581,3466.866386750517
2020-09-01,0.007970437868364,3527.0,3484.25,1283622,0.0160145771337871,28.325,0.0070266404778503,0.0064808686578356,6.818991446872365,-0.0112360997124094,3459.904936434101
2020-09-02,0.0147056300043839,3579.25,3526.25,1853078,0.0192313619278876,28.875,0.0082862668458711,0.0072598186491872,6.917816562283962,-0.0132601969404864,3480.540000526418
2020-09-03,-0.0334512601223568,3461.5,3424.5,2872337,0.1597011103579073,33.875,0.0252893245728957,0.01033495182397,6.982497732967627,-0.0404885119575261,3437.2260638496755
2020-09-04,-0.0127927315199745,3417.5,3347.75,2994363,-0.1332151537561303,29.65,0.0274440434189591,0.0208889818263011,6.726760485193085,-0.0438530872313356,3312.982807518839
2020-09-08,-0.0242866964485344,3335.5,3327.5,2732946,0.0192072710571218,30.225,0.0194378702298649,0.0187148180980939,6.687186432082123,-0.031049946431064,3313.017293464985
2020-09-09,0.0192263651632913,3400.25,3295.5,2011132,0.0946332080984526,33.225,0.0220003706337813,0.0206980000075761,6.862215739123661,-0.0351917678275011,3220.159283762756
2020-09-10,-0.0177284619473301,3340.5,3327.25,2332667,-0.0166923450890235,32.675,0.0175500122993574,0.0203015146896185,6.931805550888691,-0.0280874961806499,3306.0742626896795
2020-09-11,-0.0020226998693075,3333.75,3308.75,1876451,-0.0247882560316954,31.875,0.0138539316240248,0.0196289647363291,6.960090509257313,-0.0221767455894868,3267.233984956332
2020-09-14,0.0145172845487184,3382.5,3345.5,1378626,-0.0158106060266418,31.375,0.0103896382778844,0.0167020657140515,6.8241250907804,-0.0166144299887045,3278.8192293286647
2020-09-15,0.003688679947853,3395.0,3366.25,1903406,-0.0307467585783571,30.425,0.0076223097644579,0.0162720903549491,6.864998484762796,-0.0121928940836644,3341.507949471885
2020-09-16,-0.0045759914523877,3379.5,3373.75,1787505,0.0032813811231773,30.525,0.0090456878726215,0.0142078949261494,6.764187400114463,-0.014458509222758,3346.26651691485
2020-09-17,-0.0084689608030981,3351.0,3310.25,2676297,-0.0231990520127887,29.825,0.0150863288738904,0.0126027897927226,6.697497582460907,-0.0241008556013466,3299.0248142161986
2020-09-18,-0.0104241822853605,3316.25,3280.75,2365554,0.008347293876763,30.075,0.0166667071986273,0.0118661011978006,6.712836888252131,-0.0266288841714887,3262.944225927946
2020-09-21,-0.0125167573825972,3275.0,3217.75,2507980,0.0375247941508987,31.225,0.0222345405190974,0.0117033780123123,6.773386647254236,-0.0355419811461693,3200.4539058467035
2020-09-22,0.0073773008275868,3299.25,3256.5,1576319,0.0047923414403068,31.375,0.0101368784840488,0.0120809164877841,6.859571903955558,-0.0162146153419137,3222.325338511726
2020-09-23,-0.0208261106402005,3231.25,3221.0,1979661,0.0344591651047152,32.475,0.016301929294608,0.0112255978314459,6.8694027827602895,-0.0260779604824317,3214.32444433897
2020-09-24,0.0020867959808423,3238.0,3198.0,2277010,-0.0077280137314121,32.225,0.0152440221215911,0.0143754970259848,6.972102538758332,-0.0244040473838519,3153.34883987259
2020-09-25,0.0150954937294471,3287.25,3206.5,1697090,-0.0315234928136098,31.225,0.0176545941857988,0.0126320917287182,6.872112049259159,-0.0282423744319146,3147.830485609028
2020-09-28,0.0177142535797418,3346.0,3287.5,1495804,-0.0128930069612334,30.825,0.0088498409555734,0.0134177824931514,7.019632501451468,-0.014172424705759,3240.990277402602
2020-09-29,-0.0036678060505455,3333.75,3316.5,1326597,-0.0346569338090443,29.775,0.009441683570888,0.0147766982855163,7.186666999241469,-0.0151372872750633,3295.73205677837
2020-09-30,0.0054593861057501,3352.0,3291.25,2170601,0.0199507864193488,30.375,0.0192203056827361,0.0129861540132894,7.090372151032375,-0.0307950575868813,3232.651631284991
2020-10-01,0.0046876829767033,3367.75,3343.25,1517912,0.0098280889362625,30.675,0.0083818651009339,0.0116374631235854,6.986481075904742,-0.0134198476851075,3307.317159599996
2020-10-02,-0.0084986347214623,3339.25,3300.25,2028921,0.0446289199047251,32.075,0.0150892784456337,0.0104377863443621,6.850412030161693,-0.0241346351251018,3287.4435638652603
2020-10-05,0.0159682549270154,3393.0,3346.5,1077474,-0.0397508614512922,30.825,0.0094274515241872,0.0101099391448785,6.865282299635151,-0.0150804897063406,3289.2702812653056
2020-10-06,-0.0117844610020316,3353.25,3330.5,1701062,0.0128930069612334,31.225,0.0177286694808639,0.0121457744084054,6.948857580791982,-0.0283769454565861,3298.070301603592
2020-10-07,0.0158287328477317,3406.75,3332.25,1400616,-0.039188688045594,30.025,0.0123692318633637,0.0122242599426184,7.038863586350312,-0.0198111529299734,3287.471972098381
2020-10-08,0.0089857053448962,3437.5,3405.5,1104986,-0.0653715074414629,28.125,0.0064822665159359,0.0134921385041827,7.130779903751416,-0.0103888073744442,3371.5411361950355
2020-10-09,0.0103462920541446,3473.25,3445.25,1185272,-0.0454623740767576,26.875,0.0053431213301151,0.0125680701593693,7.103501332561876,-0.0085615889032327,3408.195165125121
2020-10-12,0.0169858494338832,3532.75,3464.25,1401063,-0.0206774284277875,26.325,0.0102875136374793,0.0121581826048548,7.131723307969689,-0.016487392082387,3416.4546555759407
2020-10-13,-0.0079574132142106,3504.75,3491.5,1617226,0.0169495583137733,26.775,0.007254020446897,0.0138904122702421,7.267677829114927,-0.0116359553930193,3491.8813128143534
2020-10-14,-0.0067995824372051,3481.0,3472.0,1539718,0.0518533616102554,28.2,0.009824621345646,0.012647939711393,7.236048585017221,-0.0157562310192725,3449.9611159728142
2020-10-15,-0.0015812552708993,3475.5,3431.5,1650150,0.0236541908978895,28.875,0.0112236278207989,0.011468938397799,7.163444634835904,-0.0179914412682879,3418.931815234172
2020-10-16,-0.0038196868177138,3462.25,3461.25,1398947,0.0051813587419977,29.025,0.0091351364254086,0.0099207923645754,7.0753346158516335,-0.0146349508100637,3425.0066137983536
2020-10-19,-0.0114743452089616,3422.75,3410.75,1645853,0.040511868916901,30.225,0.015250388278304,0.0088272845831408,7.0388510104923965,-0.0244257486109942,3378.70641278832
2020-10-20,0.0027717012638497,3432.25,3418.75,1702183,-0.0083056955872784,29.975,0.0104485052313243,0.0099446643481829,7.15524455799019,-0.0167480181757349,3365.9030861343167
2020-10-21,7.283586441175771e-05,3432.5,3420.5,1681275,-0.0253391935554456,29.225,0.0076669230896362,0.00875377159645,7.084494265160791,-0.0122835664249967,3390.34761139703
2020-10-22,0.0048679574460166,3449.25,3402.5,1501259,-0.0137814412030095,28.825,0.0098358472728265,0.0076244261476775,7.02290999605694,-0.0157518093323555,3378.855522439966
2020-10-23,0.0007245327081193,3451.75,3431.5,1216313,-0.0017361115471765,28.775,0.0063184146594175,0.0072324810691223,7.052375044917279,-0.0101208226849615,3414.5168130463503
2020-10-26,-0.0170195116524496,3393.5,3356.0,1957780,0.084909546174186,31.325,0.0161837865880361,0.0063878378318433,7.021599939027897,-0.0259176025936721,3363.4382727295806
2020-10-27,-0.0030989473631031,3383.0,3368.25,1566246,0.0,31.325,0.0084629064515475,0.0111738705116691,6.76350408429266,-0.0135269258397263,3347.905449445047
2020-10-28,-0.0359626507054375,3263.5,3260.75,2627180,0.1391024376739777,36.0,0.0124280986572851,0.0097944340615291,6.671550559302375,-0.0198500150586032,3316.509500978523
2020-10-29,0.0118038152287009,3302.25,3250.25,1965277,-0.0832306541497236,33.125,0.0173904949422088,0.0219057497824289,6.213448654571707,-0.0276574450763336,3174.476681441728
2020-10-30,-0.0114208642034565,3264.75,3225.0,2494925,0.0290090999830847,34.1,0.0154396771831353,0.0194866469330436,6.167208189123079,-0.0245428416579844,3222.189871317325
2020-11-02,0.0108907820283086,3300.5,3243.25,1849320,-0.0214902675690575,33.375,0.0154864724922976,0.0175855187924947,6.137502176332995,-0.0246092913939593,3185.387350447744
2020-11-03,0.0183133307802663,3361.5,3301.25,1664690,-0.0602033622441022,31.425,0.0135051774467023,0.0160535421001467,6.099100942278994,-0.0214517363085633,3230.4525501895832
2020-11-04,0.0216296227473584,3435.0,3319.0,2813083,-0.1020952786747444,28.375,0.0307788088560539,0.0170051840708958,6.201615075653108,-0.0489438131312271,3200.9367130400437
2020-11-05,0.0201022655921949,3504.75,3428.25,1671417,-0.021372140275873,27.775,0.016273529592567,0.0187466556656653,6.338921094959895,-0.0259140349019147,3347.128756690644
2020-11-06,-0.0011419600127577,3500.75,3456.75,1640000,-0.0864387564169049,25.475,0.0125404597395509,0.0193683412119075,6.443550655596972,-0.019989445754499,3435.387558004192
2020-11-09,0.0122788014890851,3544.0,3515.75,2605322,0.0039177327289015,25.575,0.02973732252281,0.0164217282207841,6.330725798566471,-0.0473500162985812,3338.85259973839
2020-11-10,-0.0008468596130679,3541.0,3506.5,2160319,-0.035824726518145,24.675,0.0111540298065903,0.0155683606028079,6.348815377390922,-0.0177634431596203,3481.602198087207
2020-11-11,0.0075960415879965,3568.0,3531.0,1324983,0.012084739215072,24.975,0.0082716619089066,0.013390348880308,6.256058656689436,-0.0131608800342148,3494.7026489970517
2020-11-12,-0.0099993791412185,3532.5,3513.0,1685890,0.0620955996933942,26.575,0.0098301358244755,0.0123282609345593,6.240703499285072,-0.0156380637124767,3512.637398850548
2020-11-13,0.0139154680619757,3582.0,3518.0,1334530,-0.0580995903800123,25.075,0.0120356247841098,0.0120670881222605,6.272106672353644,-0.0191527873818893,3465.4865740508985
2020-11-16,0.0113811082744188,3623.0,3586.5,1303941,-0.0221783283965724,24.525,0.0076961244645863,0.0129569027259966,6.356978480821826,-0.0122575020834344,3538.361622661942
2020-11-17,-0.0044953220691947,3606.75,3584.25,1268206,-0.0205980505950704,24.025,0.0083695057781432,0.0128372879043084,6.389935307580924,-0.0133342216809999,3575.010775373579
2020-11-18,-0.0116430359774852,3565.0,3556.5,1325309,0.0347683281883002,24.875,0.0112238297747869,0.0114972946714024,6.334000599776507,-0.0178720079838405,3542.862732584148
2020-11-19,0.0041987465463488,3580.0,3542.25,1291117,-0.0162110946280824,24.475,0.0074031749106204,0.011857074158429,6.411139299331438,-0.0117970490011264,3523.19061885447
2020-11-20,-0.0072187298789376,3554.25,3542.75,1189621,-0.004094171532663,24.375,0.0078253976146912,0.0106720635297933,6.363945910848367,-0.0124642362771264,3535.654971691577
2020-11-23,0.0061007867775977,3576.0,3545.5,1204848,-0.0113461763873017,24.1,0.0066697406540892,0.0101898885008268,6.386700204193213,-0.0106258423190331,3516.683043683161
2020-11-24,0.0157450799074005,3632.75,3575.25,1288993,-0.0209651284650447,23.6,0.0080814874025199,0.0096042211291752,6.396778294627666,-0.0128761938621785,3530.2499063843543
2020-11-25,-0.0015151518050107,3627.25,3615.25,1016343,-0.0421912224455747,22.625,0.00760225062487,0.012018441399974,6.48134277390398,-0.0121221746274437,3588.9790059394354
2020-11-27,0.0025468951987992,3636.5,3612.75,639268,0.0088009368950423,22.825,0.0057489482524531,0.0105979793899463,6.397971687945873,-0.0091598748401912,3594.176549566501
2020-11-30,-0.0036502674919685,3623.25,3592.25,1712274,-0.019912162320113,22.375,0.0111250241477731,0.0094854540885604,6.3447834332757775,-0.0177165516920848,3572.641109743613
2020-12-01,0.0102283369840705,3660.5,3626.0,1365328,0.019912162320113,22.825,0.0086113630257002,0.0086887138267441,6.323056634934464,-0.0137106254237702,3573.911976893156
2020-12-02,0.001842312281175,3667.25,3642.25,1106696,-0.0065934304798318,22.675,0.0058081295001508,0.0096440097523174,6.381409047269714,-0.0092527043157533,3626.786686038167
2020-12-03,-0.0007501620019674,3664.5,3655.25,1124033,0.0131436722405502,22.975,0.0050369060910382,0.0086690554375565,6.309238031871254,-0.0080184347520545,3637.961974141067
2020-12-04,0.0091002325811651,3698.0,3665.5,991860,-0.0220030878840664,22.475,0.0043216501005952,0.0078335004330906,6.254257208304796,-0.0068759661033422,3639.389450790109
2020-12-07,-0.0019624435328715,3690.75,3672.25,1078372,0.0,22.475,0.0062419912686894,0.0088120225954083,6.330381624894333,-0.0099389373460568,3661.427854880516
2020-12-08,0.0030435247192457,3702.0,3664.25,1119000,-0.05018156553486,21.375,0.007741880087375,0.0080342216079641,6.253970490848942,-0.0123176904831209,3645.567328211408
2020-12-09,-0.0080005850854103,3672.5,3659.5,1792176,0.1313360020610869,24.375,0.0087762625130043,0.0075477901096798,6.232261290484621,-0.0139603097106124,3650.67800245204
2020-12-10,-0.0010897698939835,3668.5,3644.0,1601203,0.0122325684356341,24.675,0.0071895556402816,0.0083377996990251,6.29751590843211,-0.0114439742970897,3630.7115733003434
2020-12-11,-0.0019782400121055,3661.25,3628.25,1538362,0.035824726518145,25.575,0.0088817086340011,0.0076279881414798,6.238208058328056,-0.014128913415737,3617.03252705399
2020-12-14,-0.0040368157176562,3646.5,3642.75,1486250,0.0212773984472849,26.125,0.0092288054406461,0.0071418971546705,6.183925582820396,-0.0146726961597856,3607.921782292965
2020-12-15,0.0110453158098575,3687.0,3636.25,1909018,-0.0450173857503579,24.975,0.0074704765745504,0.0070623387340746,6.191806286277457,-0.0118781600825013,3603.4425173446502
2020-12-16,0.0018290829202634,3693.75,3680.0,1509876,-0.0356634840380079,24.1,0.0046434610222157,0.0091327606182657,6.214340150824116,-0.0073849232128467,3659.8720802062417
2020-12-17,0.0051306397566452,3712.75,3692.0,1227753,-0.0114763909563433,23.825,0.0040874388120705,0.0082966444291361,6.139092109406061,-0.0064953928112659,3669.835394262446
2020-12-18,-0.001752258165018,3706.25,3677.25,1731161,0.0145835917990919,24.175,0.0086696445919251,0.0081152103145317,6.145262972067622,-0.0137779530590481,3661.946691253489
2020-12-21,-0.0055465510161063,3685.75,3596.0,1837575,0.0852000166806812,26.325,0.0241225228055859,0.0075211527815157,6.096718042777871,-0.0383153948300458,3566.9296685745494
2020-12-22,-0.0023088425304766,3677.25,3663.75,1104998,-0.0211140281170156,25.775,0.0058614160567425,0.0076392479843468,6.125437289983462,-0.0093130433570696,3651.5837930737152
2020-12-23,0.0011550876093178,3681.5,3651.0,1021819,-0.0456428428448707,24.625,0.0096841168647405,0.0071904159407088,6.103890582986397,-0.0153831543324904,3621.115168103339
2020-12-24,0.003660276573532,3695.0,3678.5,369650,-0.0330267375178867,23.825,0.0029267590527521,0.0067378891766497,6.0835219821378566,-0.0046480754410848,3664.4278173964585
2020-12-28,0.0087572132565902,3727.5,3676.0,760654,-0.006315810468124,23.675,0.007552464458149,0.006669936116194,6.091860551109839,-0.01199542461505,3650.9416834502495
2020-12-29,-0.002014099371701,3720.0,3714.5,992636,0.0393425479860107,24.625,0.0060283013757746,0.0080155759319407,6.1554371708208615,-0.0095813426884263,3691.956096207004
2020-12-30,0.00114182099251,3724.25,3716.5,769995,-0.0393425479860107,23.675,0.0041259143309961,0.0074514008246571,6.104915925823063,-0.0065540619866151,3695.698612799082
2020-12-31,0.0065569618035166,3748.75,3715.0,993343,0.0,23.675,0.0060149996105211,0.0069451958919827,6.0670061172970415,-0.0095508176232866,3688.84968752601
2021-01-04,-0.0151864227567983,3692.25,3652.5,2037616,0.1041982776908727,26.275,0.0209724187624526,0.0074926299729203,6.098938651878345,-0.0333127041569508,3625.9261557806126
2021-01-05,0.007017099166287,3718.25,3673.25,1414022,-0.0368258666282677,25.325,0.0101156892642241,0.0109702904210951,6.10241831071429,-0.0160684403343889,3633.395418166989
2021-01-06,0.0059661648397515,3740.5,3685.5,2127155,-0.007928683755507,25.125,0.0164796154325882,0.0104536418638459,6.098774735776948,-0.0261762629167625,3622.1829341373023
2021-01-07,0.0145968621443639,3795.5,3742.0,1302021,-0.0786340816793376,23.225,0.0092125750252932,0.0098762999288121,6.080948724675777,-0.0146303469682407,3686.1735635040473
2021-01-08,0.0057796036359647,3817.5,3775.0,1619438,-0.0195658415538804,22.775,0.0086291882935598,0.0118947658294951,6.197240679949421,-0.0137213184295758,3743.776405373928
2021-01-11,-0.0067021737178745,3792.0,3776.5,1292422,0.0719887452705521,24.475,0.0072873848101773,0.0109246766533595,6.147319347799463,-0.0115815006304404,3773.5426586677913
2021-01-12,0.0006590654690548,3794.5,3768.0,1216214,0.0380807535180496,25.425,0.0072346117975621,0.0103664356408158,6.148878221766007,-0.0114978259348917,3748.649937364258
2021-01-13,0.0024347723672129,3803.75,3776.5,1049186,-0.0138616080866245,25.075,0.006620517097221,0.0093617618641845,6.066397786376177,-0.0105122057611937,3754.820360908544
2021-01-14,-0.0032916422083903,3791.25,3786.25,1170812,0.0099207162867478,25.325,0.0051343054286562,0.0086346342591286,6.049594023253406,-0.0081507987989417,3772.8724085334634
2021-01-15,-0.0076785973359623,3762.25,3741.5,1781463,0.025342486850544,25.975,0.0092595679139058,0.0081109509321948,6.060818595823032,-0.0147016147032016,3735.920218388271
2021-01-19,0.0074807538295313,3790.5,3740.5,1315580,-0.0292989707456183,25.225,0.0082343391078492,0.0084356265950111,6.133576073906289,-0.013084486183845,3713.343547501304
2021-01-20,0.0142756664433854,3845.0,3788.5,1248787,-0.0180004860236211,24.775,0.0088721069571753,0.0086191964804518,6.224552737241829,-0.0141116357132242,3737.385492543813
2021-01-21,0.0002600442089804,3846.0,3836.5,1068271,-0.0101420747646248,24.525,0.0042098634252077,0.0106533809310582,6.413640776222898,-0.0067086269209338,3819.2916597391545
2021-01-22,-0.0030597986178353,3834.25,3813.25,1186856,0.0141702775932297,24.875,0.0062806421671342,0.0096358385073213,6.376745669874928,-0.0100049973824804,3807.712631955356
2021-01-25,0.0037096134434815,3848.5,3788.5,1763898,0.0424431922316106,25.9535,0.0117972045142054,0.0089245181609841,6.365947901738476,-0.0187908655826218,3762.873833823328
2021-01-26,-0.0015602655616202,3842.5,3821.5,1172461,-0.0211833554301992,25.4095,0.0074893087142355,0.0084001608786107,6.319342947591541,-0.0119237021944456,3802.884127594165
2021-01-27,-0.0259018665402468,3744.25,3706.5,2572020,0.2159495513097358,31.5342,0.0218550484783255,0.007787483802984,6.1574416860558845,-0.0347370248273041,3711.3146672667694
2021-01-28,0.0093042473563134,3779.25,3703.5,2149910,-0.0368077101009323,30.3946,0.0213410828756898,0.0147943308618082,5.704049433014723,-0.0338597632678914,3619.592920531312
2021-01-29,-0.0197748443917937,3705.25,3685.5,2691820,0.0634581818376727,32.3859,0.0136200922868215,0.0139743808494648,5.738907979025657,-0.0216096391736496,3698.45785963184
2021-02-01,0.0161963117459009,3765.75,3656.5,1687396,-0.0655792270825723,30.3302,0.0193794080774679,0.0160119848347007,5.891726066775791,-0.0307473699248129,3593.0569667433
2021-02-02,0.0138451578676299,3818.25,3760.0,1419765,-0.0951219363182382,27.5781,0.0110456187640826,0.0163728275824781,5.895046055038929,-0.0175249793404463,3700.33022349288
2021-02-03,0.0013740310337251,3823.5,3807.75,1285692,-0.0674462561072348,25.7794,0.0065356133944836,0.0160412719163276,5.944827599903774,-0.0103694045722374,3778.861591100174
2021-02-04,0.0106660740626463,3864.5,3811.25,1136404,-0.0620914993074661,24.2274,0.009472424209519,0.0142120555255913,5.790247238717433,-0.0150289487733874,3766.466464909922
2021-02-05,0.004067276984367,3880.25,3860.0,1138874,-0.0053014296454096,24.0993,0.0044711709260066,0.0137387032791553,5.80964856036518,-0.0070939600378629,3837.1824009730135
2021-02-08,0.0071261496313805,3908.0,3885.5,972437,-0.0109060433627052,23.8379,0.0035552367306916,0.0125090777409464,5.8137205301641535,-0.0056407387930469,3858.4241381621823
2021-02-09,-0.0006399181123217,3905.5,3895.0,881922,0.1128735740377813,26.6863,0.0032083294002247,0.0118452006816891,5.880201440576533,-0.0050903356033903,3888.1575137647465
2021-02-10,-0.0006403278697373,3903.0,3878.25,1560824,0.022205100450638,27.2855,0.0089833664291451,0.010801896258113,5.934126409128706,-0.0142530096720663,3850.229690522736
2021-02-11,0.0023032639740936,3912.0,3884.5,1296054,-0.0219915305159767,26.692,0.0064743905738472,0.0099027733494677,6.08762673879223,-0.0102826527634025,3863.072438693021
2021-02-12,0.0048450942671518,3931.0,3890.25,1050298,-0.0309513869029238,25.8785,0.0072392060038917,0.0091821922223978,6.21543398969946,-0.0115133073374098,3867.218229513602
2021-02-16,-0.0008271035941529,3927.75,3918.75,1450425,0.0094840298904093,26.1251,0.0071376301014808,0.0087627790563826,6.446253840453155,-0.0113776412199709,3886.527965534235
2021-02-17,6.364764664823497e-05,3928.0,3896.5,1382825,-0.0203041865433286,25.6,0.0064561152944133,0.0081070306803094,6.60561509526756,-0.0103059095492045,3887.4788356951726
2021-02-18,-0.0047209019097866,3909.5,3880.5,1536949,0.0078480297441752,25.8017,0.0095911804194545,0.0074989253896809,6.73919499935589,-0.0153273663079777,3868.253155706472
2021-02-19,-0.001664000383954,3903.0,3890.25,1427294,-0.039645116326223,24.7988,0.007271103167143,0.0073116842095558,6.940952527415757,-0.0116376388255449,3864.266367863877
2021-02-22,-0.0075869971086568,3873.5,3861.25,1514278,0.0435673877593036,25.9031,0.0082250332151517,0.0068301585998843,7.045896309307473,-0.0131742494321904,3851.91812595686
2021-02-23,0.0011610657306384,3878.0,3804.75,2282940,-0.0456179749940304,24.748,0.016758501175556,0.0073482033423997,7.316287950842478,-0.0268899155760954,3770.729844820077
2021-02-24,0.0114096488045909,3922.5,3851.75,1944661,-0.0407622271667653,23.7595,0.0116852014927297,0.0069061965043836,7.001093817355746,-0.0187106199777387,3806.114821021064
2021-02-25,-0.0243867320343422,3828.0,3810.25,2863387,0.1718713009191264,28.215,0.0167418692147574,0.0083631691669295,6.939558344880229,-0.0267956382380391,3818.789804754248
2021-02-26,-0.0049101542233813,3809.25,3785.0,3010481,-0.05352864578937,26.7444,0.0134070150467729,0.0134922107892692,6.929901820210652,-0.0214566369827943,3746.738906133007
2021-03-01,0.02322366957255,3898.75,3812.5,1692835,-0.0829365924418792,24.6158,0.0126285449078863,0.0124385332159968,6.762781904721813,-0.0201850764121735,3733.130817895878
2021-03-02,-0.0080476854747928,3867.5,3865.5,1641396,0.0060428528503471,24.765,0.0047911243622483,0.0157114637826145,7.108163371484641,-0.0076773339350481,3868.9325998463632
2021-03-03,-0.01320902831017,3816.75,3813.0,2203398,0.0535570334463204,26.1275,0.0132530046026996,0.0144304914913757,6.90956306595514,-0.0212069879969223,3786.3455362774257
2021-03-04,-0.0135186205956454,3765.5,3720.5,3192468,0.0519609501277433,27.521,0.0210799471088488,0.0142168020182286,6.910121637029181,-0.0337315229559263,3690.152378546928
2021-03-05,0.0193312614593921,3839.0,3728.5,2948117,-0.0940475783620442,25.0507,0.0192300140642348,0.0141507108633261,6.68239110036028,-0.0307167060287171,3651.5945986367465
2021-03-08,-0.0051578477549654,3819.25,3796.25,2198363,0.0125355190068932,25.3667,0.0140726887419032,0.0154303255294848,6.46980622993687,-0.022437250341406,3753.822543278011
2021-03-09,0.0140398796305696,3873.25,3826.25,1704837,-0.0565257787756663,23.9726,0.0119369011741962,0.0139041153866032,6.54275024490475,-0.0190444859221632,3747.202577775725
2021-03-10,0.005984766407213,3896.5,3856.25,1845205,0.0987831140071051,26.4616,0.0105311465232847,0.0140928861645293,6.915341475225956,-0.0168522853123164,3808.523809869032
2021-03-11,0.0102767955169031,3936.75,3893.0,1599748,-0.0252697472354941,25.8013,0.0108663919706894,0.0128847260640985,6.425796386420227,-0.0173181171077112,3829.6009118186967
2021-03-12,0.0013961164851785,3942.25,3910.25,1448886,-0.0152466624239,25.4109,0.0066621825688383,0.0125609744542944,5.837460566150867,-0.0105702192312509,3895.356842220047
2021-03-15,0.0063845471148678,3967.5,3922.25,1295099,-0.0580373020647777,23.9781,0.0077961109575792,0.0115889966253217,5.751858377993994,-0.0123693100753827,3893.7874295314286
2021-03-16,-0.0037878833169369,3952.5,3942.75,1973548,0.0028693348799526,24.047,0.00493539270921,0.0111912530598894,5.468144021735087,-0.007830494344703,3936.553833703565
2021-03-17,0.0027791831935832,3963.5,3925.0,1941883,-0.044407342971954,23.0025,0.0086283839048739,0.0099877169009031,6.7465023521406255,-0.0137895571510612,3898.370841649152
2021-03-18,-0.0146136408405865,3906.0,3900.5,2124392,0.0548775598899933,24.3001,0.0108509969339357,0.0093369030263932,6.42846224733933,-0.01729401366298,3895.544482358112
2021-03-19,-0.0016013839376469,3899.75,3875.0,2047619,-0.0413835353040887,23.315,0.0086193204352148,0.0108602817272713,6.112569773756846,-0.0136930540377954,3852.879452198915
2021-03-22,0.0077269773643298,3930.0,3885.0,1325987,-0.0703571177226844,21.731,0.0090484771171407,0.0099682542096168,6.338904637537087,-0.0144088295418714,3843.962051707769
2021-03-23,-0.0077269773643298,3899.75,3890.5,1877976,0.0494670454157644,22.833,0.0069064383735568,0.0099031009763334,6.004143112045584,-0.0109582914313472,3887.169020462132
2021-03-24,-0.0048840145924238,3880.75,3877.5,2063480,0.0063086182967633,22.9775,0.0089281374720857,0.0098769757606495,5.659860136723815,-0.014165383405749,3844.897963334071
2021-03-25,0.0050763161218139,3900.5,3843.25,2279488,-0.0296777082334407,22.3056,0.0117480644456376,0.0092891709843699,6.448006150528357,-0.0187271451670465,3808.750904348136
2021-03-26,0.0163380513503437,3964.75,3900.75,1984060,-0.0421059416493871,21.3859,0.0080229525886709,0.0089068055031062,6.522183167224161,-0.0127977188300469,3850.900554536545
2021-03-29,-0.0014513332725805,3959.0,3928.75,2003052,0.0284560709589842,22.0032,0.0075910709715484,0.0108555227731006,7.211961100163431,-0.012172300945067,3916.782400116872
2021-03-30,-0.0028456717593776,3947.75,3933.75,1590486,-0.0451380552504403,21.0321,0.0055784200298367,0.0099893686970058,6.822557915586354,-0.0089205368957942,3923.840647732132
2021-03-31,0.0049903770538115,3967.5,3941.5,1642169,-0.0142749771749226,20.734,0.0069895749225682,0.0094124815191439,6.445239007966007,-0.0111415309337912,3904.0101382325984
2021-04-01,0.0106550679000498,4010.0,3964.5,64747,-0.0319310553072162,20.0824,0.0060861599362767,0.0090656663425136,6.31332083990258,-0.0096891742867464,3929.243835629967
2021-04-02,0.0042925195774614,4027.25,4012.5,64290,0.0,20.0824,0.0040227031723827,0.0095448877608489,6.472093493969758,-0.0064138624476661,3984.362716477913
2021-04-05,0.0100062601413526,4067.75,4021.0,1250666,-0.0272624626388799,19.5423,0.0071661042830141,0.009185021973175,6.098505575783078,-0.0113826239487918,3981.669234195405
2021-04-06,-0.0009223107611102,4064.0,4052.25,1252163,0.0009564410893978,19.561,0.0040376957380539,0.00947239955748,6.140307507866137,-0.0064164307926254,4041.733120656952
2021-04-07,0.0014752891783231,4070.0,4056.5,1101579,-0.0298359225846152,18.986,0.0032723063036335,0.0089087222136572,6.9546925986451695,-0.0052379554046005,4042.7686023351193
2021-04-08,0.0046574419280016,4089.0,4072.5,988346,-0.026542130807059,18.4887,0.0038994196563803,0.0083697671705805,7.157561375946593,-0.0062505159376739,4044.6397400546575
2021-04-09,0.0074313553910023,4119.5,4081.0,1090560,-0.0184616261117667,18.1505,0.0061791267815399,0.008153951480349,7.281154002621568,-0.0099125861393559,4048.667664403504
2021-04-12,0.0001820443586435,4120.25,4104.5,1089291,-0.0081097074467821,18.0039,0.003315667742135,0.0083427469923377,7.178372289593875,-0.0053155248316014,4097.660790308784
2021-04-13,0.0030292038188317,4132.75,4101.25,1081282,-0.0182618157227412,17.6781,0.0064330525650339,0.0078553509744341,7.205707452882306,-0.0103150003212701,4077.9680639148983
2021-04-14,-0.0035754363453861,4118.0,4113.0,1529562,0.1690146070768299,20.9333,0.0046718262430245,0.0075871287715601,7.100485882580748,-0.0074857819120931,4101.928639721173
2021-04-15,0.0107482467009649,4162.5,4119.5,1277980,-0.0310060615101632,20.2942,0.0054879997018116,0.0074220030747464,6.798316652441801,-0.008774297665889,4082.0254985051297
2021-04-16,0.0032978593822665,4176.25,4154.25,1304078,-0.0168553924372272,19.955,0.0045348255459619,0.0084085971491876,7.184895678251461,-0.0072703311510032,4132.346990583925
2021-04-19,-0.0049809566778851,4155.5,4141.75,1618649,0.0366829468578009,20.7006,0.0054292088905324,0.0080577348998615,7.155987618008935,-0.0087025782746936,4140.0635435960685
2021-04-20,-0.0070031679603417,4126.5,4110.5,1700883,0.0168708825510437,21.0528,0.0086064149126876,0.007924337445474,6.964545683307241,-0.0137772009328805,4098.64141694893
2021-04-21,0.0092266597570862,4164.75,4113.0,1505474,-0.0515263196718485,19.9955,0.006577697870369,0.0081023955467623,7.000228538514256,-0.0105323003340556,4083.266536238195
2021-04-22,-0.0089237854778829,4127.75,4115.25,1944942,0.0568794232726883,21.1658,0.0085468160208534,0.0086203269033011,6.928919487175099,-0.0136782580001091,4108.171306108816
2021-04-23,0.0105432190301861,4171.5,4127.5,1509514,-0.0352941608350603,20.4318,0.0078142778920058,0.0088913663617535,7.183858255229731,-0.0125279360409974,4076.3603870270704
2021-04-26,0.0019159387970812,4179.5,4163.75,1019731,-0.0111574628871493,20.2051,0.003536268249262,0.0094128993489149,7.119949338455722,-0.0056669916835986,4147.927001272542
2021-04-27,-0.0001196386912951,4179.0,4166.75,992029,-0.0248444422212363,19.7093,0.004340498798632,0.0088409028494997,6.906692198908798,-0.0069453649178386,4150.572419910034
2021-04-28,-0.0006582687769487,4176.25,4172.75,1282972,-0.0023417370533582,19.6632,0.0034994738423777,0.0083082548965656,7.047968852555815,-0.005605278661042,4155.641068295999
2021-04-29,0.0065037969043846,4203.5,4168.0,1746965,-0.0048328482404826,19.5684,0.0067046892209919,0.0079195094323817,6.853728606043993,-0.0107241244898097,4131.70266760511
2021-04-30,-0.0069229209412959,4174.5,4167.25,1898434,0.0434798929169226,20.438,0.0042802091412152,0.0079987659725027,6.795078433169824,-0.0068430910096313,4174.833263351754
2021-05-03,0.0026913087025981,4185.75,4181.0,1256240,-0.0351339583840171,19.7324,0.003571464447733,0.0082088731110402,6.884341721317929,-0.005713860125334,4150.715506252042
2021-05-04,-0.0065915866660084,4158.25,4120.5,2003587,0.0405649222957364,20.5493,0.0103671949031036,0.0078238028238126,6.951269094366562,-0.0165942776896976,4116.863642594984
2021-05-05,0.0004207615846638,4160.0,4153.0,1418246,-0.02817518716799,19.9784,0.0045747827271253,0.0079452498239144,6.932117189804752,-0.0073216179443812,4127.916064433112
2021-05-06,0.0081994653952008,4194.25,4140.5,1751616,-0.014581427869424,19.6892,0.0080465590091138,0.0075338235028948,6.858728461168749,-0.0128709273874086,4106.800042887685
2021-05-07,0.007363890987829,4225.25,4191.75,1652592,-0.073622857015295,18.2917,0.005427333719845,0.0079841769258333,6.79616038304752,-0.0086771582063098,4158.013272466296
2021-05-10,-0.0099302139026846,4183.5,4172.0,1662210,0.063038424343333,19.4819,0.0091238507891272,0.0081857731265145,6.643922459046176,-0.014569151453427,4164.13794915102
2021-05-11,-0.0089439054743909,4146.25,4103.75,2520859,0.0863438682102106,21.2388,0.0131828392418831,0.0087389584129993,6.983346631042691,-0.021106011576694,4096.128278241328
2021-05-12,-0.0213292668442068,4058.75,4051.0,2629953,0.2187986644350368,26.4334,0.0119430260931069,0.0090072395529583,6.876129309963891,-0.019106051746782,4067.783512276292
2021-05-13,0.0118177905395029,4107.0,4029.25,2381081,-0.0932093668801488,24.0809,0.0148130783820462,0.0121313044668283,6.673386811609286,-0.023659636698021,3963.848543484434
2021-05-14,0.0149833639242373,4169.0,4105.25,1513171,-0.1195806796688048,21.3668,0.0091330125812778,0.0119960302718805,6.646949835138416,-0.0145841516407178,4047.537547876656
2021-05-17,-0.0027021363305461,4157.75,4136.5,1480730,0.0343906645569611,22.1144,0.0069867010503147,0.0126599393244778,7.092712201393653,-0.0111943733825305,4122.59090239315
2021-05-18,-0.008393008843349,4123.0,4111.5,1285520,0.0119119128273039,22.3794,0.0102637696604469,0.0113673985275359,7.621745470351525,-0.0164977348529537,4089.719262466584
2021-05-19,-0.0027931282959503,4111.5,4055.5,2313119,0.0440009358986661,23.3861,0.0116661446348286,0.0108452615207482,7.603444392489949,-0.0187500219060261,4046.4138989432354
2021-05-20,0.0103439811703722,4154.25,4084.5,1486599,-0.0564239585917918,22.1031,0.0127253398619129,0.0099281081771735,7.38561270331904,-0.0204270530658241,4028.36615179777
2021-05-21,-0.0006019744944598,4151.75,4147.0,1466725,-0.0117320747509861,21.8453,0.0064489134136846,0.0101452623828378,7.377110156334802,-0.0103514416208839,4111.469326472143
2021-05-24,0.0100653896331284,4193.75,4142.5,1046500,-0.0511070739075054,20.7569,0.0087756315441439,0.0092777563851058,7.365372990036943,-0.0140851708524691,4093.681802176151
2021-05-25,-0.00196915061988,4185.5,4179.25,1221701,-0.0026870519157404,20.7012,0.0052645516708106,0.0096504980699789,7.281285765627033,-0.008445427102216,4158.48113005493
2021-05-26,0.0017902970706504,4193.0,4180.5,1051147,-0.0534791298888257,19.6232,0.0039365604444326,0.0089624411172871,6.99441997755108,-0.0063030152584345,4159.201696006357
2021-05-27,0.0014299335134317,4199.0,4177.75,1179928,-0.0553321142056204,18.5669,0.0056195763190421,0.0083967218584061,7.076713645431174,-0.0090029304872213,4155.420130771266
2021-05-28,0.0008331845985765,4202.5,4201.0,1110833,0.0301021105181527,19.1343,0.0024519027327158,0.0079090651315097,7.172078929852243,-0.0039306151488333,4182.5277412525975
2021-06-01,-0.0009522676591515,4198.5,4190.0,1366344,0.021753585946775,19.5551,0.006613403596062,0.0074680644951539,7.241263183098155,-0.0106065936900827,4158.161346730889
2021-06-02,0.0018441957694186,4206.25,4190.75,1059938,-0.0327628907400772,18.9248,0.0039156001521261,0.0071069164239646,7.228470401305561,-0.0062793384045734,4172.218798343629
2021-06-03,-0.0035724956125982,4191.25,4165.25,1384271,0.0189321380580089,19.2865,0.007713498793534,0.0069097368319494,6.976682098925746,-0.0123488908611635,4154.62687798618
2021-06-04,0.0087891770737122,4228.25,4177.0,1051573,-0.062135237762277,18.1246,0.007409785148735,0.006788859866939,7.277548742183475,-0.0118865470741342,4141.725430746578
2021-06-07,-0.0006505988696137,4225.5,4214.0,934681,-0.0273335342720875,17.6359,0.0029343298963924,0.0079058570165155,6.941017945093088,-0.0046964933653879,4208.438610372824
2021-06-08,5.916284574958297e-05,4225.75,4205.75,1305814,0.0149311524462234,17.9012,0.0051864912493919,0.0074584249017525,6.691942031578183,-0.0082851959047392,4190.6355336091165
2021-06-09,-0.0017171452246049,4218.5,4217.0,1057216,0.1354644492163714,20.4981,0.0028300457090583,0.0070476817799227,6.833400691345549,-0.0045259461188797,4206.667698496136
2021-06-10,0.0046118452225627,4238.0,4207.0,1563728,-0.0528450908085167,19.443,0.0066321619821692,0.0067366313103864,7.185063717377546,-0.0106328382619296,4173.882994847341
2021-06-11,0.0018270227566343,4245.75,4230.75,1084830,-0.0309688891939527,18.8501,0.0026837152029127,0.0068547972221772,12.828055585832177,-0.0043506096584901,4219.602166183276
2021-06-14,0.0021175232899075,4254.75,4233.5,1116773,0.0119075393133631,19.0759,0.0038735960306444,0.0065743474725642,12.384255692482386,-0.0062795427345345,4219.172167089782
2021-06-15,-0.0042985492362674,4236.5,4228.25,1671493,0.0252909412632109,19.5645,0.004790792446616,0.0064037931368475,11.743061565157298,-0.0077664231537859,4221.833797117814
2021-06-16,-0.0055624736595021,4213.0,4190.25,1612367,0.0029856481508749,19.623,0.0077697572880494,0.00661869725649,11.2843219008088,-0.0125956662856116,4183.473115314167
2021-06-17,-0.0001780362605217,4212.25,4183.0,1746318,-0.0055394442782228,19.5146,0.0065825325328228,0.0069356252839356,11.5706413642948,-0.0106710390072472,4168.281931131483
2021-06-18,-0.01404559443937,4153.5,4140.75,1951342,0.0893734810505253,21.339,0.0096714391647587,0.0064590730405197,11.49362772916305,-0.0156785103710076,4146.723218141276
2021-06-21,0.0144016352691451,4213.75,4126.75,1425623,-0.0690179767407292,19.9159,0.011661192673198,0.0095548173433039,11.68048773276045,-0.0189041286565974,4075.719207021194
2021-06-22,0.00532545637299,4236.25,4205.75,1063749,-0.056252955892285,18.8265,0.0061643743782444,0.0110944509560143,11.282838163594963,-0.0099931567550206,4171.8510358615285
2021-06-23,-0.0011219038111001,4231.5,4230.5,938299,-0.0206727372275561,18.4413,0.0028266035886678,0.0097452936933621,12.131164465839351,-0.0045822480940727,4216.882857924058
2021-06-24,0.00577321191132,4256.0,4231.75,878788,-0.0149859531023093,18.167,0.0042146201649141,0.0084421823599678,11.682503230711449,-0.0068323819071566,4202.687317669303
2021-06-25,0.0035767724080209,4271.25,4253.5,906160,-0.0259460812911291,17.7017,0.0036113912275201,0.0080667668186449,12.009145284292758,-0.0058544787233694,4231.15613345747
2021-06-28,0.0021633007530379,4280.5,4264.25,823723,0.0011066257516425,17.7213,0.0028264395476527,0.0075209144967267,12.0476816284839,-0.0045819821648027,4251.723976785323
2021-06-29,0.0003503649670886,4282.0,4271.75,741471,0.0226793656510051,18.1278,0.0031718460402694,0.0070362299285966,11.543745917551467,-0.0051419256421332,4258.546477349183
2021-06-30,0.0015168312808473,4288.5,4269.25,1100062,-0.0124616181712808,17.9033,0.0040926610118154,0.0066210737887458,10.983903720236423,-0.0066346721543348,4253.684370163978
2021-07-01,0.0051748814497649,4310.75,4286.0,985190,-0.0242996058710409,17.4735,0.0035507036673624,0.0063721461752985,10.828707959233714,-0.0057560972389681,4263.885885569618
2021-07-02,0.0073958851017916,4342.75,4308.0,999780,-0.0001659793788744,17.4706,0.0042583310991606,0.0067793126135566,10.826655093707329,-0.0069032423369475,4281.094326017483
2021-07-06,-0.0020168848857284,4334.0,4305.25,1368133,0.0297800649188619,17.9987,0.0069143786587099,0.0075593878708661,10.836485121802475,-0.0112089995772994,4294.34391579178
2021-07-07,0.0036274690705226,4349.75,4320.25,1221078,0.0027630457668195,18.0485,0.0043868738383806,0.0069745943189957,10.35098971237769,-0.0071116248367643,4303.28755509105
2021-07-08,-0.008484654518984,4313.0,4279.25,1991636,0.0796569204123067,19.545,0.010552667198789,0.0068042730689762,10.12821516722705,-0.0171070819243615,4275.971338485088
2021-07-09,0.0108383396952369,4360.0,4293.25,1311506,-0.093734547883717,17.7962,0.0090942023322921,0.0078534802211002,10.414167675698447,-0.0147427433656862,4249.880964962714
2021-07-12,0.0037772608294126,4376.5,4341.75,1055739,-0.0241655322276272,17.3713,0.0057206148426683,0.0091349206381542,10.568223174271209,-0.0092737717325603,4319.753263215064
2021-07-13,-0.0034906046715086,4361.25,4356.5,1249893,0.0206755595321599,17.7342,0.0037975149211164,0.0081194138212929,10.246054055685878,-0.0061562065438754,4349.640124361693
2021-07-14,0.0014892888535698,4367.75,4350.0,1308582,0.1001825358095307,19.6029,0.0054609720140542,0.0074906031118297,9.892886051843318,-0.0088505944513784,4322.820657070463
2021-07-15,-0.0036124928187746,4352.0,4332.5,1611726,0.0107566654725923,19.8149,0.00577563375493,0.0069135044236606,9.46164727883547,-0.0093500958164075,4327.101449059731
2021-07-16,-0.0077273898154377,4318.5,4314.25,1636065,0.0405011743485146,20.6339,0.0076844906000808,0.0067684318261078,9.281453616826338,-0.0124339227913446,4298.222592917254
2021-07-19,-0.0156950623989349,4251.25,4224.0,2599774,0.1371674447245374,23.6675,0.0125305785706421,0.0075993238796684,9.49154371474893,-0.0202872588908891,4231.772181877051
2021-07-20,0.0150001353383064,4315.5,4252.75,1844380,-0.0967384730171705,21.4852,0.0099734347170267,0.0109112741085305,9.524855841606048,-0.0161486613621075,4183.149350478179
2021-07-21,0.0080775883463672,4350.5,4310.0,1191429,-0.0662366339328399,20.1082,0.0058149924435854,0.0122015940477083,10.063157386061192,-0.0094267686309083,4275.009925099229
2021-07-22,0.0020665908617907,4359.5,4341.5,981969,0.0225358464117837,20.5665,0.0048268487356192,0.0106967535648707,10.157813594048177,-0.0078248745270973,4316.590724301805
2021-07-23,0.0099287548878841,4403.0,4367.25,1173337,-0.0097230452800225,20.3675,0.0048727452281496,0.0088750185345954,9.72451224392988,-0.0078939435762604,4325.221825966796
2021-07-26,0.0025518174271539,4414.25,4375.5,938628,-0.0107510932582695,20.1497,0.006345365789404,0.0093828058332744,9.835815150321151,-0.0102824933449212,4357.958149918459
2021-07-27,-0.0044841851782084,4394.5,4364.75,1575473,0.0276541932208735,20.7147,0.0076905700757711,0.0081097761460026,9.542206297939874,-0.0124529068213533,4359.620609388069
2021-07-28,-0.0001706824457254,4393.75,4377.5,1221313,-0.0296810900314059,20.1089,0.0044628919067101,0.0075782398156701,9.566624092723288,-0.0072269846593894,4362.855500800185
2021-07-29,0.0040883595643688,4411.75,4380.5,1009496,-0.0200769713267052,19.7092,0.0062506565818973,0.0068693594547214,9.012171624233952,-0.0101055423602513,4349.5723686753245
2021-07-30,-0.0050561107570796,4389.5,4370.75,1376982,0.0282537451530551,20.274,0.0054783344440785,0.0068465960427922,9.120327561125766,-0.0088599363611995,4372.834823317749
2021-08-02,-0.0022236802503314,4379.75,4377.25,1193301,0.0422817158236843,21.1496,0.0064072683882394,0.0070404057701109,9.187184634917395,-0.0103643934250154,4344.240444132708
2021-08-03,0.008016188922129,4415.0,4365.25,1296856,-0.0632910489966631,19.8525,0.007067887965049,0.0066520718860939,8.884077890916211,-0.0114219741094819,4330.009218622741
2021-08-04,-0.0045971873580601,4394.75,4391.25,1047251,-0.0001561638111176,19.8494,0.0031721024851681,0.0077905859070711,9.2172473940621,-0.0051316559689752,4392.40177165525
2021-08-05,0.0060683583357885,4421.5,4393.75,763343,-0.0274005135585273,19.3129,0.0029947696868304,0.0074232983933524,9.19218076143769,-0.0048444108570425,4373.51151090554
2021-08-06,0.0018077058362973,4429.5,4416.0,951045,-0.0321214085462151,18.7024,0.0024313763383369,0.0075783514971672,9.063830707260957,-0.003931493522456,4404.151027423512
2021-08-09,-0.0008469552466987,4425.75,4412.25,789726,-0.0150465458731168,18.4231,0.0031422314245174,0.0069019367458145,9.046877185103424,-0.0050806614056064,4407.052283215136
2021-08-10,0.0009598284337926,4430.0,4416.5,950320,-0.0244787735105194,17.9776,0.0034522459531104,0.0064332631368948,9.011495078445604,-0.0055812923802709,4401.117400062966
2021-08-11,0.0023673986593788,4440.5,4420.75,1001054,0.0931050090124037,19.7318,0.003225027281843,0.0061546154723684,8.805262375732969,-0.0052103705075384,4406.978087082793
2021-08-12,0.003147838462139,4454.5,4430.25,850527,-0.0170667347127095,19.3979,0.0036074986563496,0.006096829416422,8.238139741380103,-0.0058156945107556,4414.750357129315
2021-08-13,0.0017943259271966,4462.5,4451.0,789104,0.0045314462157226,19.486,0.001700502586681,0.0062034634624358,8.291418927394085,-0.0027420129104487,4442.302434074448
2021-08-16,0.0025737159621801,4474.0,4432.5,1239520,0.0070417604330055,19.6237,0.0065330170386173,0.0060430556065394,8.22252505197398,-0.0105312631093774,4415.750834324973
2021-08-17,-0.0068405088715461,4443.5,4411.75,1789568,0.0274434588447367,20.1697,0.0087729719024108,0.0060304405043799,8.06204164747129,-0.0141321418944653,4411.217467884049
2021-08-18,-0.0110885951738293,4394.5,4381.5,1546011,0.0733980276582815,21.7058,0.0091700280553628,0.0070940309788288,8.380210106465931,-0.0147917637792992,4378.256520298155
2021-08-19,0.001591632896261,4401.5,4347.75,1924058,0.029067828185973,22.346,0.0106852060033157,0.0091452817270762,8.77999892840757,-0.0172615647194186,4319.294999176016
2021-08-20,0.0080330804779489,4437.0,4371.75,1328852,-0.084891626599449,20.5273,0.0099939610534509,0.0077109364590027,8.703721296146455,-0.0161405481726128,4331.027638424114
2021-08-23,0.0086396049320836,4475.5,4433.5,997026,-0.0337129224560865,19.8468,0.0060592576086683,0.0082316309690484,8.977513770755786,-0.0097950083640982,4393.75170238441
2021-08-24,0.0015628491682946,4482.5,4476.75,787503,-0.0058720549551565,19.7306,0.0023956437252618,0.0087062791563892,8.929801270742544,-0.0038720396095572,4458.204193360837
2021-08-25,0.0023397035908718,4493.0,4476.25,801106,-0.0255535752890319,19.2328,0.003164975192447,0.0074598942339969,8.830030853858347,-0.0051137843893694,4459.635972155
2021-08-26,-0.0059155259282661,4466.5,4465.0,1306718,0.0452413152085044,20.1229,0.0026507337470398,0.0068023729355653,8.43311571423836,-0.0042766784387814,4473.825913699747
2021-08-27,0.0086937685331989,4505.5,4462.25,1216414,-0.0599015159132538,18.9529,0.0056986973198487,0.0071482427953891,8.658643981163738,-0.0092020759424942,4425.587456667863
2021-08-30,0.0043739515515692,4525.25,4500.75,975807,-0.0109765577963787,18.746,0.0047698772295648,0.0081394750716737,8.963315730740849,-0.0077103221480505,4470.894723912733
2021-08-31,-0.0010502170492401,4520.5,4512.5,1378199,-0.0066796797206167,18.6212,0.0044790537262941,0.0074578869094344,9.231964573138823,-0.0072462901162589,4492.577246742812
2021-09-01,0.0001658970888858,4521.25,4519.25,1061414,-0.0294667071547789,18.0805,0.0031137333211165,0.0066723447308794,9.170947328767625,-0.0050365247636509,4497.789628487195
2021-09-02,0.0030917045551248,4535.25,4516.0,1016806,-0.0065087887265202,17.9632,0.0040051124552831,0.0062570265496358,8.128062713693197,-0.0064536273237294,4492.165488706716
2021-09-03,-0.0001653849338101,4534.5,4519.25,1156146,0.0214569306936098,18.3528,0.0047072248276574,0.006119292495175,9.554820547120272,-0.0076224033736382,4500.81191233804
2021-09-07,-0.0033687730326583,4519.25,4510.75,1277938,0.0257435379316692,18.8314,0.0055002849803961,0.0058422571719007,8.880550595918534,-0.0088885632753614,4494.373407892668
2021-09-08,-0.0014947272138279,4512.5,4492.0,1606757,0.105729512005233,20.9315,0.0050903057262348,0.0059280881203022,9.123574244458416,-0.0082324725435422,4482.1981220031175
2021-09-09,-0.004497633834573,4492.25,4485.5,1696301,0.0199370436728862,21.353,0.0063986407892284,0.0057399774427297,8.779911171912934,-0.0103367701464559,4466.095573845023
2021-09-10,-0.0075973774739406,4458.25,4456.5,1721413,0.0368393635499062,22.1543,0.0085833469435976,0.0060838341103416,8.546811012820804,-0.0138543862005142,4430.441779707898
2021-09-13,0.0024083576008298,4469.0,4444.75,1534719,-0.0378186280553278,21.3321,0.0075132104986669,0.007062146873765,9.054666276407582,-0.0121483797767468,4404.417138947473
2021-09-14,-0.007693425564403,4434.75,4425.25,2152610,0.0106499563461519,21.5605,0.0074490499973146,0.0065557861312278,8.620811692069843,-0.012026829438984,4415.57401581711
2021-09-15,0.0083644914658851,4472.0,4427.5,1640051,-0.0340894928130706,20.8379,0.0063114070278534,0.0073329693304202,8.915803321214742,-0.0102005511716866,4389.743043822951
2021-09-16,-0.0017345087576998,4464.25,4433.25,1489822,-0.0136400341515061,20.5556,0.0069925103394926,0.0079260375680424,9.184319717298028,-0.0113109822560241,4421.702281898858
2021-09-17,-0.0095656817623321,4421.75,4406.5,1968041,0.0650732080917131,21.9377,0.0091082938437116,0.0069985517180535,8.962431055763062,-0.0147231623839441,4399.003617495251
2021-09-20,-0.0167620800266394,4348.25,4293.75,2711340,0.1089510661533741,24.4629,0.0180468444214334,0.0080891701873007,9.05365767503066,-0.0291804974726357,4294.585519961253
2021-09-21,-0.0011505495142536,4343.25,4329.25,1941006,-0.0431660401498308,23.4294,0.0107784940024451,0.0113742445016138,8.81330855414586,-0.0174142717181346,4273.183900742471
2021-09-22,0.0093386338538419,4384.0,4321.25,1767853,-0.0584411851632959,22.0994,0.0120408857694137,0.0092074936416875,8.798151215798015,-0.019452839384951,4259.577923606062
2021-09-23,0.0122422748646879,4438.0,4385.75,1447395,-0.0702788007026051,20.5996,0.0083100285186054,0.0092132706049256,8.824857722025762,-0.013426627442818,4325.531063969241
2021-09-24,0.0017447591312311,4445.75,4410.75,1182037,-0.038670950709795,19.8182,0.0066745702108005,0.0101202303176611,9.39772797057243,-0.0108034375466702,4390.312402973649
2021-09-27,-0.0028720278787162,4433.0,4425.0,1306188,0.0145319577325953,20.1083,0.0072458322256263,0.0084222828522662,8.925100582819393,-0.0117111378054706,4393.988891427272
2021-09-28,-0.020396081045078,4343.5,4334.75,2307037,0.1131512375015484,22.5173,0.0122199269641889,0.0073984364040524,8.602478625388981,-0.0197282937821878,4346.401502661801
2021-09-29,0.0014378974668503,4349.75,4344.25,1815726,0.0208276313644808,22.9912,0.0055840784822156,0.0125416525944577,8.196577090450589,-0.0090005709276081,4304.58142759494
2021-09-30,-0.012026742245224,4297.75,4294.25,2373423,-0.0053817265023585,22.8678,0.0125805338887858,0.0101515371585676,8.132952629880764,-0.0202720461397229,4262.459435836112
2021-10-01,0.0106464003915007,4343.75,4260.0,2269695,-0.0389601186290136,21.994,0.0162125810503442,0.010491503382334,8.419708927661262,-0.0261559024004884,4186.7958489589455
2021-10-04,-0.0121599645412011,4291.25,4267.5,2135338,0.0307578807095558,22.681,0.0130701499617271,0.0102750724895612,8.513804323447008,-0.0210938959034064,4253.083011527846
2021-10-05,0.0099128373244017,4334.0,4269.0,1650217,-0.041725324081455,21.7541,0.0138159863375133,0.0106016199990124,8.553886990998238,-0.022300987531262,4196.610091240614
2021-10-06,0.0046040596981882,4354.0,4273.75,2202805,-0.0249947851952936,21.2171,0.0134210367511277,0.0101493501054344,8.470555204708422,-0.0216565878865602,4241.149390732895
2021-10-07,0.0082342642747246,4390.0,4355.0,1406808,-0.0540229707310468,20.1013,0.0095094786664786,0.0088822756745717,8.253857782567332,-0.0153313667157516,4287.756329866576
2021-10-08,-0.001766935966561,4382.25,4376.25,1428160,-0.0193083535847153,19.7169,0.0049349200808353,0.0087142536148947,8.253486779713182,-0.0079561618698666,4355.2110262576025
2021-10-11,-0.0071565873819761,4351.0,4344.0,1245705,0.0217529659748261,20.1505,0.0093306490752031,0.0076592435640793,7.974530852572487,-0.0150244450067451,4316.901269355063
2021-10-12,-0.0023585594964323,4340.75,4317.25,1295686,-0.0217529659748261,19.7169,0.0077131212067818,0.0077647090224718,7.870304109310802,-0.0124136852636936,4297.321916149328
2021-10-13,0.0032774660623555,4355.0,4318.75,1372482,0.0681286030126928,21.107,0.0063737825655718,0.0070799331529096,7.634044688408585,-0.0102457411820421,4296.502858414827
2021-10-14,0.0168492146365952,4429.0,4354.0,1264458,-0.0536424919104345,20.0046,0.0083031920629425,0.0067212612710649,7.501557111666577,-0.013337486801525,4297.300880930751
2021-10-15,0.0075353221646974,4462.5,4426.25,1185108,0.0046729872657103,20.0983,0.0051020357697799,0.0103247048936473,7.515380654041857,-0.0081960829919089,4392.84790359859
2021-10-18,0.0033557078469712,4477.5,4436.25,1095216,-0.0202095106371533,19.6962,0.006695175556222,0.0095026113656282,7.679314757516596,-0.010764963152532,4414.7189937397225
2021-10-19,0.0075094220221316,4511.25,4471.75,1018177,-0.0085405453236266,19.5287,0.0052625483542555,0.0084178741772777,7.209642897302604,-0.0084383833907272,4439.876104051998
2021-10-20,0.0037060639260211,4528.0,4504.0,1006857,-0.0109772960131651,19.3155,0.0041021055389409,0.0082871087766625,7.544988550494145,-0.0065908539246859,4481.6147782189855
2021-10-21,0.003032059435835,4541.75,4510.25,938565,-0.032507360756139,18.6977,0.0046150505367878,0.0075681741985235,7.887683677423758,-0.0074282014994081,4494.48971825943
2021-10-22,-0.0011566107091702,4536.5,4515.25,1315668,0.0213715795339402,19.1016,0.005583561167016,0.0069943693596128,8.112371442148357,-0.0089964327352842,4501.073696784487
2021-10-25,0.0047281411959456,4558.0,4522.5,1031431,-0.0292753583095279,18.5505,0.0055074614049854,0.0063885221047371,8.589685403553464,-0.0088910240795435,4496.344644901788
2021-10-26,0.0015893462365141,4565.25,4560.75,1257346,0.0199659201686501,18.9246,0.0045199788903672,0.0065650223413657,7.430294507591088,-0.0072575028440105,4525.040050172094
2021-10-27,-0.0045555664833187,4544.5,4543.75,1263181,0.0222090843907656,19.3496,0.004391054363387,0.006114706770735,8.11685786213779,-0.0070751638209552,4533.064102877024
2021-10-28,0.0094175028040002,4587.5,4545.25,1195785,-0.0368095156761656,18.6503,0.0044344963936581,0.0062211140735703,12.251822757003929,-0.0071888264521695,4511.94752542371
2021-10-29,0.0020687034434025,4597.0,4559.25,1418280,0.0068929676386799,18.7793,0.0062691209145814,0.0076409336540123,12.526230010990142,-0.01016296288504,4541.113519061719
2021-11-01,0.0019016060713905,4605.75,4586.5,1071118,-0.020409969572452,18.3999,0.0050603417117219,0.0068047387641788,11.891422588827403,-0.0082033933788441,4559.443257620258
2021-11-02,0.0038464711400756,4623.5,4593.25,980833,-0.0303137107797391,17.8505,0.0045915413382974,0.0063173225167086,11.217433044130342,-0.0074434142907833,4571.594768096597
2021-11-03,0.0061989795036421,4652.25,4613.0,1074650,-0.0424970191787172,17.1078,0.0052718174418532,0.0062883064016271,10.36925172101274,-0.0085462197536571,4584.154918299315
2021-11-04,0.0045037875711049,4673.25,4650.75,1169886,0.0171713107883824,17.4041,0.0025579081596267,0.0066628211160222,10.609852358999884,-0.0041466620350492,4632.998633587838
2021-11-05,0.0036311248312799,4690.25,4667.5,1459142,0.0578218304597473,18.4401,0.0062034960005515,0.0065963153177808,10.8381448606724,-0.0100565773846315,4626.488623537116
2021-11-08,0.0007992114872479,4694.0,4676.25,1000404,0.0029457494781435,18.4945,0.0041536866941292,0.0063824874390678,11.059485648751572,-0.0067336017734694,4658.773817253043
2021-11-09,-0.0033609890530712,4678.25,4663.25,1289857,0.0216938224715108,18.9001,0.0053759185831894,0.0060474047243196,10.307433770942772,-0.0087149796244756,4653.269625626048
2021-11-10,-0.0077788005235159,4642.0,4625.25,1639098,0.1055694874249142,21.0045,0.0071257407638327,0.0060026948107984,10.449699713922264,-0.0115516417529626,4624.51946738529
2021-11-11,0.0002154011855406,4643.0,4638.0,936857,-0.0099904659155138,20.7957,0.0035637120754628,0.0068721993568809,10.72533314343255,-0.0057771853581031,4615.259622001382
2021-11-12,0.0075633993379753,4678.25,4643.75,1155591,-0.0336284887359616,20.108,0.0047647057955213,0.0063042952388659,10.230298985424934,-0.0077241337051563,4607.274997175478
2021-11-15,0.0001603035083181,4679.0,4667.0,1047123,-0.0108503777074053,19.891,0.0045423940146449,0.0069373062468737,10.258385265445227,-0.0073637408512397,4643.927106903218
2021-11-16,0.0036266706417169,4696.0,4670.75,1043587,0.0055499018187723,20.0017,0.0055212257880538,0.0063884874267727,9.636367188391128,-0.008942452924877,4637.344790228816
2021-11-17,-0.0020783934578112,4686.25,4679.25,1056696,0.0135466688432415,20.2745,0.0029847562511618,0.0062407918327706,9.687485778415642,-0.0048349040211864,4673.350089909764
2021-11-18,0.00324891766701,4701.5,4668.0,1168195,0.0110365568180759,20.4995,0.0053946830947288,0.0060145240627046,9.111525085036844,-0.0087244115721426,4645.543056535993
2021-11-19,-0.0014899960185292,4694.5,4684.25,1344893,0.0145236445343543,20.7994,0.005726440872514,0.0059573743969273,9.158134504075235,-0.0092622683900228,4658.154493902213
2021-11-22,-0.0031469210171639,4679.75,4674.25,1685386,0.0168528717946454,21.1529,0.0095450594711767,0.0057536637747897,8.88924913903534,-0.0154254440429089,4622.640907015756
2021-11-23,0.0018680121782406,4688.5,4649.0,1872492,-0.0282836675926319,20.563,0.0070296404267037,0.0057598591392271,8.89456657912368,-0.011360563333841,4626.886253268802
2021-11-24,0.0022370182431359,4699.0,4656.25,1408571,-0.0105107173788625,20.348,0.0067431260180962,0.005624110454609,8.318808206216872,-0.0108743294776436,4637.791914149771
2021-11-26,-0.0222177567398347,4595.75,4577.25,2068167,0.2657156156915441,26.5412,0.0160011748786319,0.0055504033596331,8.391454683701532,-0.0258119431651836,4579.261666557749
2021-11-29,0.0119502868611167,4651.0,4588.75,2014967,-0.178421286141261,22.2041,0.0091387367503394,0.0121332416547119,6.902616983094776,-0.0146227311902355,4529.03653838266
2021-11-30,-0.0183899511146048,4566.25,4557.0,2845560,0.1456886055474919,25.6865,0.0116876663354323,0.0113677768988444,7.081242864689811,-0.0187249882953936,4564.720392725186
2021-12-01,-0.0127277951695301,4508.5,4497.75,2670344,0.0801633863550153,27.8304,0.0210459301383536,0.0132531887760428,6.857008306929432,-0.0336637203823598,4415.09158875224
2021-12-02,0.0148061157601091,4575.75,4505.5,2587324,-0.0703736104015111,25.9392,0.0108884786426477,0.0122233123183542,7.083528779865403,-0.017444869299322,4430.531856088642
2021-12-03,-0.0083944201269652,4537.5,4492.0,2747667,0.1021900156555566,28.7301,0.0164571761256711,0.0123551500396966,7.32987584432108,-0.02640861960067,4456.492404029811
2021-12-06,0.0115038244814851,4590.0,4531.5,2031995,-0.1055535181015114,25.8521,0.0105751119064117,0.010656996211009,7.090073553001199,-0.0169435660981626,4461.266228587363
2021-12-07,0.0204858916179322,4685.0,4587.25,1771947,-0.1369361878082107,22.5437,0.0115309456800356,0.0104953851959864,7.310336940767712,-0.0185013451042239,4505.859581521491
2021-12-08,0.0029838044302916,4699.0,4671.75,1418355,-0.0792198303834283,20.8267,0.0060457371822542,0.0139729536885592,7.363389307091931,-0.0097034868923663,4639.759016535814
2021-12-09,-0.0068332531529993,4667.0,4662.25,1593325,0.0349378246796372,21.5672,0.0052435180829446,0.0109119985535533,7.093220829258206,-0.0084014045162884,4659.6871728960095
2021-12-10,0.0093837327502246,4711.0,4664.25,1585049,-0.0856179749514107,19.7975,0.0047848232691701,0.0094573846978595,7.274452687050631,-0.007675516307959,4631.315489105011
2021-12-13,-0.0090088298189137,4668.75,4664.75,1605196,0.0389632660074581,20.5841,0.0082290033847368,0.009260466376453,7.512612921600777,-0.0132191433391698,4649.134421596464
2021-12-14,-0.0087665605675599,4628.0,4596.25,2297097,0.0335165526390923,21.2857,0.0113491602035044,0.0090367990807949,7.674672982974164,-0.0182475131556415,4584.3294975264525
2021-12-15,0.0155440767050389,4700.5,4602.0,2096181,0.0316924676690839,21.9711,0.0125600906657412,0.0089509838335761,7.398233712459928,-0.0201633023265723,4535.618722493397
2021-12-16,-0.0088143950578309,4659.25,4642.0,2151049,0.037856804181843,22.8188,0.0141219264536912,0.011326654006282,7.592988065227562,-0.0226957037135696,4595.020339882584
2021-12-17,-0.0106266339700802,4610.0,4590.0,2472118,0.0325554102339897,23.5739,0.0094648673144773,0.0102171812443155,7.613205418203802,-0.0152128971064617,4588.905735838719
2021-12-20,-0.0112342349657375,4558.5,4520.25,2097624,0.0307764148142508,24.3107,0.0138839952567563,0.0101042696840724,7.842684385602999,-0.0223422175255003,4508.144453535687
2021-12-21,0.0178823690643756,4640.75,4565.75,1493880,-0.0483345016084557,23.1636,0.006605989320609,0.0102762212168586,7.918677781018561,-0.0106343218946308,4510.280290026999
2021-12-22,0.0097033489784088,4686.0,4622.25,1104688,-0.0606400016684243,21.8007,0.0085233907856259,0.0129339484109443,8.129040018179134,-0.0137342022333853,4577.448692496627
2021-12-23,0.0063286301580927,4715.75,4684.25,978022,-0.0068534875011825,21.6518,0.0061102911210481,0.0114157353735916,8.33535684391717,-0.0098544521882422,4640.0488207555145
2021-12-27,0.0140031768069288,4782.25,4713.25,898698,-0.0303138050369971,21.0053,0.0062343422648953,0.0097315049679632,8.415302434365676,-0.0100577450850321,4668.55790944539
2021-12-28,-0.000784457326528,4778.5,4770.5,954520,-0.0228632014957952,20.5305,0.0040561507400697,0.0111397226560472,8.327479219037654,-0.0065414000644941,4751.0694828442665
2021-12-29,0.0012548365130822,4784.5,4770.0,876030,-0.0258193765677545,20.0072,0.0038167799285316,0.0089750327466584,8.475554419830392,-0.0061589899730167,4749.159712429835
2021-12-30,-0.0025636344383066,4772.25,4767.25,753935,-0.0031688766001627,19.9439,0.0045207653067082,0.0075199210277827,8.589371312225913,-0.0072981330860448,4749.70919064926
2021-12-31,-0.0028853992686119,4758.5,4750.5,954083,-0.013599951149434,19.6745,0.003648786188151,0.0066705062777733,8.5397125519263,-0.0058893503943705,4744.22714677769
2022-01-03,0.0057624969559206,4786.0,4747.5,1322362,-0.0423967596112304,18.8578,0.0061860428128509,0.0062427784846264,8.195933014949484,-0.0099708059894053,4711.28967332838
2022-01-04,-0.0003657166781447,4784.25,4764.5,1392809,0.0006043417365262,18.8692,0.0064620696832786,0.0066296465887936,8.265490136632664,-0.0104187825107531,4736.39456972413
2022-01-05,-0.0193637833295099,4692.5,4689.5,1856376,0.0961953099179613,20.7745,0.0086385847296327,0.0059992242266478,8.16096841481371,-0.0139217657741414,4718.10627909343
2022-01-06,-0.0010660981819974,4687.5,4662.0,1862918,0.003608490345305,20.8496,0.0080839001742547,0.0121775050350566,7.23262937317318,-0.0129642682702301,4632.057812063749
2022-01-07,-0.0042222344332216,4667.75,4653.75,1618440,-0.021897906580178,20.398,0.0069747577562307,0.0095829595549619,7.123907927907857,-0.0111775857526789,4635.396803232387
2022-01-10,-0.0011789926338892,4662.25,4572.75,2231980,-0.0245462854204516,19.9034,0.0166142722230493,0.0083016209529827,6.975826745327235,-0.026598380823735,4545.232020946145
2022-01-11,0.0091276088079244,4705.0,4627.25,1729004,0.0533127677899814,20.9933,0.0108397520123217,0.007183356652061,7.040460471361423,-0.0173616575916693,4582.004227384684
2022-01-12,0.0023882192590392,4716.25,4695.0,1583216,-0.0010485028817384,20.9713,0.0064716956835674,0.0080678294082461,7.342129191021963,-0.010385821636844,4656.387586093961
2022-01-13,-0.0137167576399654,4652.0,4642.5,1824612,0.0521693464328318,22.0944,0.0109670999636653,0.0071375116059742,7.36349295812889,-0.0176023492048018,4633.959300133925
2022-01-14,0.0005909689376064,4654.75,4606.0,2010610,-0.0158851531219661,21.7462,0.0093031075561054,0.009573053206923,7.451891150366219,-0.0149394084424803,4583.01842684534
2022-01-18,-0.018101513112569,4571.25,4560.0,2268240,0.0729636038354346,23.3922,0.0114238089218042,0.0080673196494788,7.34447245346708,-0.0183332675717399,4570.190715180253
2022-01-19,-0.0103348729232806,4524.25,4517.25,2001348,0.0285096077340081,24.0687,0.0111097285977718,0.0119961461403614,6.668181055022695,-0.0177438340592149,4490.853875641308
2022-01-20,-0.0110013333137022,4474.75,4437.75,2040704,0.0365946471055287,24.9658,0.0234625616511224,0.0110485940864754,7.07542549011212,-0.0375882343735729,4357.347859552462
2022-01-21,-0.0191212571573924,4390.0,4381.25,3012106,0.0896947825961258,27.3086,0.0142431905973816,0.0107007196322132,7.576970218513235,-0.0228885838599027,4373.492549778823
2022-01-24,0.0031272235862314,4403.75,4212.75,3846785,0.0274391547631873,28.0683,0.0350950650448718,0.0134047953947379,8.206372759740038,-0.0565695626088554,4148.5532727075015
2022-01-25,-0.0125105170578088,4349.0,4276.5,2483392,0.0034214939980956,28.1645,0.0197937162707301,0.0107074483217343,9.107138277681802,-0.0320104388491105,4265.016338736873
2022-01-26,-0.0017260230969391,4341.5,4294.25,2423103,0.016497579151435,28.633,0.0241416450225573,0.0109875856124151,10.302751972816845,-0.0391363710623923,4182.083480021354
2022-01-27,-0.0054854772766717,4317.75,4263.25,2295458,0.0067282660671703,28.8263,0.0255491111641486,0.0089079983789953,10.04952207430795,-0.0414180348480872,4165.356539474885
2022-01-28,0.024140286769084,4423.25,4266.25,2251268,-0.0701512150861347,26.8734,0.0237055367096259,0.0081299656514738,10.184022150558365,-0.0384293895479872,4154.969317044169
2022-01-31,0.0181466755026971,4504.25,4395.5,1846145,-0.078186646200185,24.8523,0.0138393785099736,0.0140365610649255,8.9056465632283,-0.0223665698421057,4325.415262254542
2022-02-01,0.0068036880534272,4535.0,4474.0,1618163,-0.0885697906228233,22.7458,0.0112668777057516,0.0149072683848643,8.660896229166424,-0.0181935457524864,4423.042686026087
2022-02-02,0.0092732975434781,4577.25,4535.25,1624220,-0.0321614793253659,22.0259,0.0070778170463243,0.0127101918581193,8.77038695166958,-0.0114335755692847,4483.444030970968
2022-02-03,-0.0239337111592625,4469.0,4462.0,1800714,0.15546191146109,25.7306,0.0084419286521098,0.0116711737324228,8.397188583139691,-0.0136182227570718,4515.3385089418725
2022-02-04,0.0052446697242611,4492.5,4438.5,1957881,-0.0587984568742911,24.2613,0.0143953543506145,0.0157983043540804,8.37188272931403,-0.0232197287690193,4366.426505046953
2022-02-07,-0.0037354042263313,4475.75,4462.75,1495143,-0.0254305823083487,23.6521,0.0076023340776207,0.0133418217503311,8.111681896361963,-0.0122491141569421,4437.806511892511
2022-02-08,0.008177388209754,4512.5,4456.25,1459766,-0.0583451833300299,22.3116,0.0098741617371281,0.011257358134931,8.271887559182032,-0.0159205173661443,4405.057964432658
2022-02-09,0.0143562873806875,4577.75,4517.25,1383317,0.0158783957751378,22.6687,0.0068084789729551,0.0103912341073319,8.561801208205004,-0.0109901903494951,4463.178289978273
2022-02-10,-0.0176859241971349,4497.5,4476.0,2403026,0.080943917414344,24.5799,0.0121777748338807,0.0114365856815343,9.038559522254475,-0.0196896750454764,4488.497153302653
2022-02-11,-0.0197603824964538,4409.5,4393.25,2479025,0.1191423014015082,27.69,0.0163347449720065,0.0130361292845607,9.375885312104955,-0.0264377251380485,4380.1543421640135
2022-02-14,-0.0035213303836787,4394.0,4354.0,2098618,0.0020780127829147,27.7476,0.0116505090006529,0.0146038365424811,9.995940721781322,-0.0188866287132396,4327.000927666109
2022-02-15,0.0159172520127146,4464.5,4381.75,1523305,-0.0825746575861279,25.5484,0.00952402192231,0.0125643213547466,10.381424341952556,-0.0154395301401213,4326.679738474322
2022-02-16,0.0012311826503434,4470.0,4422.75,1426847,-0.0430328266980546,24.4723,0.0096783618283006,0.0131417758693862,10.962486580063842,-0.0156897328013293,4394.999833151143
2022-02-17,-0.0215961810612945,4374.5,4367.25,1629730,0.1191246962270011,27.5683,0.0116759644597658,0.0114179184151646,11.381082223124295,-0.0189280754141539,4386.18721257913
2022-02-18,-0.0071117528463435,4343.5,4321.0,1824590,0.0208168474710102,28.1482,0.0139631752493831,0.0139704644426122,11.650969153485978,-0.0226359060146259,4276.5915330937405
2022-02-22,-0.0100654520183223,4300.0,4250.0,2589159,-0.0067049154824889,27.9601,0.0228530674683859,0.0125515021148482,12.369239086514686,-0.0370474392909409,4185.528730663606
2022-02-23,-0.0183060732733881,4222.0,4212.5,1914227,0.059334347272554,29.6693,0.0177749875635536,0.0118419935213899,11.951321624656156,-0.028815290269849,4177.86241778109
2022-02-24,0.0145782031593739,4284.0,4101.75,2945330,-0.0385014402549837,28.5487,0.0301069239078771,0.0131603172909758,12.290945863265843,-0.0488067712247835,4020.8856053281
2022-02-25,0.0221615718028527,4380.0,4227.5,1950397,-0.0462936945219611,27.2572,0.0199416570777819,0.0131773849957434,13.172570096914717,-0.0323277096596287,4147.722726080672
2022-02-28,-0.0027434859457518,4368.0,4251.5,2189820,0.0486797460059511,28.6169,0.0196206997807753,0.0151952045362107,14.79493756585369,-0.031807401128081,4242.875923935269
2022-03-01,-0.0148185027720071,4303.75,4275.0,1869277,0.1156090748600529,32.1241,0.0180350695380493,0.0133150821372799,14.57815638273334,-0.0292369129327202,4242.141979432448
2022-03-02,0.0179614523005522,4381.75,4278.25,1712970,-0.0813424210084821,29.6145,0.0167300471559948,0.0133810894083177,14.428885990467585,-0.0271213222121587,4188.595242742298
2022-03-03,-0.0051481637556829,4359.25,4341.0,1547676,0.0097849914292611,29.9057,0.0123818008120025,0.014120271104191,14.183635131694947,-0.020072316967066,4294.67494766483
2022-03-04,-0.0073677878910949,4327.25,4281.25,1842722,0.0528079113292321,31.5274,0.014164937520748,0.0127464359599206,14.092148053501043,-0.0229629857604822,4260.289170834065
2022-03-07,-0.0302049176828891,4198.5,4185.25,1902001,0.0990620564000366,34.8105,0.0167862847916416,0.01172135609356,14.138439763598956,-0.0272124898593629,4211.08252497668
2022-03-08,-0.007111087959684,4168.75,4138.75,2333021,-0.0654074104079036,32.6065,0.0227506465225041,0.0167677379642828,12.287894676581235,-0.0368814032093547,4046.4741246515073
2022-03-09,0.0252263495292286,4275.25,4152.0,1659520,-0.034755882058302,31.4927,0.0165548415389413,0.0151855089012168,12.26005367258545,-0.026837293843967,4058.359942034383
2022-03-10,-0.0042191682864487,4257.25,4207.0,1745090,-0.044357228535877,30.1263,0.0121294326001788,0.0174317547842146,11.963861655860931,-0.0196631991967957,4192.006011313401
2022-03-11,-0.0131818075384408,4201.5,4198.0,1645055,0.0214665840040297,30.78,0.0211943309913574,0.0155466543314729,12.22976004447243,-0.034358437518317,4113.461854783976
2022-03-14,-0.0070460672476109,4172.0,4160.75,1438651,0.0301926027480443,31.7235,0.0143430587118168,0.0149485747697216,12.387569746440873,-0.0232517406080176,4104.934816704176
2022-03-15,0.0194054096944533,4253.75,4129.5,2054335,-0.0319452748829305,30.7261,0.01896964094227,0.0136158309905832,12.528977843921666,-0.0307519601975485,4045.6554500101424
2022-03-16,0.0222599491324793,4349.5,4239.0,1980647,-0.1094330218703074,27.5411,0.0154265402208773,0.0147317138756829,13.136791460318683,-0.0250081882046172,4148.690567824178
2022-03-17,0.0119980871388118,4402.0,4320.25,1442645,-0.0156181704147742,27.1143,0.0127543507508639,0.016378946568175,12.769742117083254,-0.0206762630789788,4260.491941700503
2022-03-18,0.0116313207855167,4453.5,4364.5,1405299,-0.0558842312760559,25.6406,0.0129652798437123,0.0154315799546684,13.128076173500824,-0.0210182032921603,4310.4434170597415
2022-03-21,-0.0002807175158086,4452.25,4415.0,1375090,-0.0062047121555202,25.482,0.0091652745995021,0.0146177429021799,13.078588555290086,-0.0148579596493809,4387.819226142531
2022-03-22,0.0117783046863237,4505.0,4433.0,1205860,-0.0191404966590167,24.9989,0.011052803989562,0.0129786585198975,12.722406987791697,-0.0179178609333047,4373.185650952941
2022-03-23,-0.0128457505024481,4447.5,4444.75,1336967,-0.00426527062007,24.8925,0.0076123008333638,0.0126072453031403,13.024182770146796,-0.0123404113420902,4449.748063885209
2022-03-24,0.0145091831011452,4512.5,4445.75,1221569,-0.025515085910122,24.2654,0.0071548179918572,0.0125215874379496,13.36047038366346,-0.0115987792692489,4396.212440721851
2022-03-25,0.0053044659685479,4536.5,4493.25,1251078,-0.0339592486593813,23.4552,0.0066016245971224,0.0129689528672082,12.99194749548704,-0.0107019894297258,4464.464767439629
2022-03-28,0.0069196827261617,4568.0,4509.75,1182527,-0.019832812955896,22.9946,0.0086441097583533,0.0117296867892402,13.070541560377755,-0.0140130917628381,4473.372944827435
2022-03-29,0.0125090008755268,4625.5,4565.25,1353683,-0.0554985326052608,21.7532,0.0068160472493641,0.0108398215939935,13.118994367097596,-0.0110495931027344,4517.803296007085
2022-03-30,-0.0063981132427262,4596.0,4574.75,1206203,0.014458347119203,22.07,0.0073569033307954,0.0111781391714557,13.467229438757483,-0.0119263827446361,4570.662175062334
2022-03-31,-0.0142988712816869,4530.75,4526.25,1650667,0.0614611811024081,23.469,0.0099516005489237,0.0103886496991681,12.88931276373651,-0.0161326840562636,4522.44906627698
2022-04-01,0.0018743114638173,4539.25,4501.25,1441126,-0.0496418625662427,22.3324,0.0084678629032286,0.0113029587766019,13.431808571066606,-0.0137273754285,4468.979636265859
2022-04-04,0.0084458108710467,4577.75,4527.75,1025558,-0.0633320346053665,20.9619,0.0060674055887478,0.0101543335968795,12.653801567736554,-0.0098359592432659,4494.820981207959
2022-04-05,-0.0126403089905604,4520.25,4507.75,1303877,0.1038523590822859,23.2559,0.0100013676717336,0.0098602871956881,13.093156019795996,-0.016213362261215,4504.127725977646
2022-04-06,-0.009893366599881,4475.75,4444.5,1803684,0.0190090075554154,23.7022,0.0112999560285152,0.0104958456340559,13.816503172210554,-0.0183185226900434,4438.199514102974
2022-04-07,0.0045697805784516,4496.25,4444.5,1446250,-0.0310785074293149,22.9769,0.0109450878450771,0.0103829211521805,14.122792491757426,-0.017743240728425,4397.036075431872
2022-04-08,-0.0028397246177309,4483.5,4468.75,1358450,-0.0056476612436107,22.8475,0.0078715937812733,0.0095628369836327,13.769099507223835,-0.0127607549025132,4439.238981210864
2022-04-11,-0.0167560850341654,4409.0,4403.5,1431371,0.0781315675002969,24.7042,0.0083979934154543,0.0087100387189366,13.738436042053994,-0.0136141089880018,4422.87475805194
2022-04-12,-0.0036355413821578,4393.0,4375.5,1739771,0.058965514327173,26.2047,0.0143718998327087,0.0107722637133644,14.396173219608364,-0.0232984953676053,4307.464340888977
2022-04-13,0.011148639849404,4442.25,4384.0,1254348,-0.0701719263423998,24.4289,0.0083079462412563,0.0098380807682954,14.266978654476272,-0.0134681322072464,4334.231136962614
2022-04-14,-0.0124014160510625,4387.5,4385.0,1396074,0.0270332571110651,25.0983,0.008746324698438,0.0101411141379578,14.140033328977257,-0.0141787938854374,4379.708680861761
2022-04-18,-0.0001709547828756,4386.75,4355.5,1149765,-0.0124928957670884,24.7867,0.0081785876097562,0.010604875635761,14.688544330152425,-0.013258427052615,4329.71258294864
2022-04-19,0.0163919564471672,4459.25,4371.75,1465764,-0.0515381500571878,23.5416,0.0126805303454368,0.009575434328757,14.378241058691971,-0.0205565917485424,4297.493914682846
2022-04-20,-0.0008413023856377,4455.5,4432.75,1423396,-0.0236270889477681,22.9919,0.0079126027432688,0.0111829152184361,14.74144527794356,-0.01282723512588,4402.415446142386
2022-04-21,-0.0146961722527247,4390.5,4380.0,1704137,0.0712846745262156,24.6907,0.0174069381236581,0.0101116390884399,14.098760814563136,-0.0282186399821159,4331.5292192733705
2022-04-22,-0.0284735241556077,4267.25,4247.5,2039961,0.1253456194029012,27.9879,0.0167130123043199,0.0111328844810181,14.255810739850409,-0.0270937067669179,4273.142089821055
2022-04-25,0.0059579615494698,4292.75,4195.25,2280374,-0.0264398926107247,27.2576,0.0161335669711703,0.0164322524732578,12.14737150367742,-0.0261543595290919,4157.089675200525
2022-04-26,-0.0288916205122458,4170.5,4136.75,2018166,0.1058747353847517,30.3018,0.02125705283889,0.0146178473246708,12.421976804500014,-0.0344601168155007,4147.3411260620205
2022-04-27,0.0023351206611117,4180.25,4149.0,2035627,0.0171156882336589,30.8249,0.013981895725921,0.0185261950890785,12.499032304476696,-0.0226662540507919,4077.033655005887
2022-04-28,0.0243993790613199,4283.5,4182.5,1798644,-0.0527612305216065,29.2407,0.0173289286690693,0.0162940987897604,12.675302816305596,-0.0280921777232969,4064.451801139623
2022-04-29,-0.0370985356098145,4127.5,4118.75,2117160,0.0791354990935033,31.6487,0.0208778211025168,0.0181873344881851,12.905865711062084,-0.0338453387446829,4140.949435029169
2022-05-02,0.0056773722587557,4151.0,4056.0,2351404,-0.022398390536507,30.9477,0.0188499247204243,0.0236912348945638,12.490656178867296,-0.0305578864931276,4003.279940813313
2022-05-03,0.0043868944486487,4169.25,4129.0,1678497,-0.0689277868388043,28.8864,0.0107695647038632,0.0208854174384181,12.681667676665276,-0.0174586976172093,4079.1579057077606
2022-05-04,0.0297735974403892,4295.25,4142.75,1783477,-0.1144703581478028,25.762,0.0197156537244529,0.0185825971994187,12.605178565371643,-0.0319613323440413,4038.102208261788
2022-05-05,-0.0360292569384235,4143.25,4099.25,2389422,0.1955829996673608,31.3271,0.0261702026219972,0.0212994058521902,13.151691629691118,-0.0424248952229843,4116.835829455144
2022-05-06,-0.0057487072480082,4119.5,4062.0,2310919,-0.0165858041491451,30.8118,0.0151750614521709,0.0251852094630222,13.204258826015712,-0.024600512323491,4042.5674263451374
2022-05-09,-0.0325673286625445,3987.5,3970.0,2139992,0.093059986932809,33.8168,0.016596306169911,0.0223332991966544,13.127340721415148,-0.0269045127589199,4010.1445338160793
2022-05-10,0.0023170627519011,3996.75,3953.0,2247750,-0.0473156538665966,32.254,0.0198353242333547,0.0248312858160462,13.243034747555654,-0.0321553319425455,3861.320163093674
2022-05-11,-0.0167784937733781,3930.25,3923.75,2157244,-0.0160990086453653,31.7389,0.0203954288416204,0.0219040251525999,13.04337070055341,-0.0330633256506113,3866.76486488334
2022-05-12,-0.0007636016915739,3927.25,3855.0,2380563,-0.0151717436680138,31.261,0.0192132556750507,0.0210897299440144,12.893827155021476,-0.0311468875759216,3809.7217291911
2022-05-13,0.0232802762444706,4019.75,3915.5,1859074,-0.0615161054074833,29.3959,0.0140189946096765,0.0188441153215354,12.29460983729722,-0.0227263955895852,3839.004314230953
2022-05-16,-0.0037385550429274,4004.75,3979.5,1695198,-0.0456017799137997,28.0855,0.0108372248417663,0.0200801446324803,11.800810784013002,-0.0175683824485716,3949.746221761765
2022-05-17,0.0197793703293402,4084.75,4000.5,1716498,-0.0214456775980962,27.4896,0.0095469876053712,0.0178999246313933,11.827250284051372,-0.0154767601421839,3943.246609089684
2022-05-18,-0.0404675884717562,3922.75,3905.5,2202394,0.1367986505941325,31.5195,0.0209566468585034,0.0183816403661562,11.85422397798582,-0.0339731243215434,3948.3090656270274
2022-05-19,-0.0063934748825165,3897.75,3856.0,2317604,-0.0734968157866324,29.286,0.0155833844049517,0.0247576820644727,11.705634750301762,-0.0252624505873661,3824.892980258426
2022-05-20,0.000448876213893,3899.5,3807.5,2408399,0.0046467028713861,29.4224,0.0258910607220841,0.0223411792412111,11.248099721896036,-0.0419723742384428,3737.537938132092
2022-05-23,0.0183584638295801,3971.75,3906.5,1736162,-0.0117159527609853,29.0797,0.0095453331351365,0.0200543720823129,11.085713483213668,-0.0154740780564786,3839.623295786599
2022-05-24,-0.0078991848064298,3940.5,3872.0,2017453,0.003631674353937,29.1855,0.0148022572461562,0.0197988528417747,11.062409245177944,-0.0239961540154063,3877.57768080632
2022-05-25,0.0091572839847664,3976.75,3913.5,1744116,-0.0242627825875549,28.4859,0.0144651037354267,0.0181632686139007,11.09305710367692,-0.0234495895667713,3849.171880713959
2022-05-26,0.0196707245120375,4055.75,3960.5,1493132,-0.0149358650573425,28.0636,0.0151175227415504,0.0167657460398969,11.444395469761556,-0.0245072354847673,3880.475382184183
2022-05-27,0.0243572901250601,4155.75,4041.25,1547507,-0.0435448193749081,26.8678,0.0144779668589728,0.0174935495459394,12.138998578549108,-0.023470442163007,3961.668144373825
2022-05-31,-0.0059128928155711,4131.25,4102.75,2222573,-0.0170987328363585,26.4123,0.0161950742592782,0.0190663520900048,13.034357556951392,-0.0262540698863682,4048.0644267072594
2022-06-01,-0.0078369830956592,4099.0,4071.5,1912031,-0.0083108869041188,26.1937,0.0149071925283198,0.0174082265614284,13.3861060590025,-0.0241662661240243,4032.609796294154
2022-06-02,0.0184311952273894,4175.25,4072.25,1513748,-0.0229226661092329,25.6001,0.01411329330319,0.0161039773085524,13.772036168424448,-0.0228792645699961,4006.282592039425
2022-06-03,-0.0164814017751684,4107.0,4096.75,1532766,0.0140646348630641,25.9627,0.0116293272026481,0.0166122611098698,14.566279536263226,-0.0188524710798931,4097.273553961133
2022-06-06,0.0032816802468786,4120.5,4104.5,1457918,-0.0146390162954674,25.5854,0.0107930323747931,0.0166696407398847,14.665897620358392,-0.0174967413990901,4035.7658828054064
2022-06-07,0.0092400331292488,4158.75,4076.0,1677883,-0.0360084181442275,24.6805,0.0140602820132069,0.0152064147296853,15.05069766204197,-0.0227933271985645,4027.64238251044
2022-06-08,-0.0108187571197841,4114.0,4105.25,1706628,0.0618810761964785,26.256,0.0075636298115941,0.0143390074884217,15.66346967202119,-0.0122615100424404,4108.068794137324
2022-06-09,-0.0240471597828335,4016.25,4014.75,2024783,0.0462696519049523,27.4994,0.0164750222615994,0.0137819693798429,16.342034617855465,-0.0267078976552207,4005.578015492753
2022-06-10,-0.0296285214474707,3899.0,3895.25,2117225,0.0560858963188382,29.0858,0.013483159878267,0.0161119506089232,16.99051959001978,-0.021857746131068,3929.416278936476
2022-06-13,-0.0388309455729061,3750.5,3732.5,2155159,0.1230219471726083,32.8934,0.0182136853423029,0.0191441054887965,17.542004087005143,-0.0295264696048667,3785.5592883382856
2022-06-14,-0.0027367103153501,3740.25,3708.5,2701717,-0.0334441701121326,31.8115,0.0183165735222359,0.0241626935390701,17.451388942858195,-0.0296932631263534,3640.772561508754
2022-06-15,0.0141366216837877,3793.5,3723.5,2247431,-0.0576109978163805,30.0306,0.0207589893873605,0.0218453647373612,17.390428655193823,-0.0336526989268912,3616.474857738599
2022-06-16,-0.0327568722652991,3671.25,3642.0,2476785,0.0610347075818071,31.9206,0.0292868972340925,0.0206941440498814,17.57166695866227,-0.0474774140846091,3617.603035781997
2022-06-17,0.0012249899449372,3675.75,3639.0,2207570,-0.0324306626692014,30.902,0.0143076656508924,0.0234963980688584,18.29665830067843,-0.0231943644033688,3587.0776255902674
2022-06-21,0.0247208128420179,3767.75,3661.5,1566039,-0.0189210019329353,30.3228,0.0185506382359437,0.0213531506869128,16.908730581140112,-0.0300727088302283,3566.8558185983134
2022-06-22,-0.0013279332673139,3762.75,3693.25,1660579,-0.0442420713744504,29.0105,0.0211632850401724,0.0221038883714008,16.964392303836444,-0.0343081084763472,3640.677890056347
2022-06-23,0.0097852020440996,3799.75,3735.0,1607695,-0.0001103109736404,29.0073,0.0116620769763628,0.0200633578233839,16.513198465219823,-0.0189055622132899,3692.2813196905818
2022-06-24,0.0301992881898307,3916.25,3781.25,1563128,-0.0184367322056373,28.4774,0.0141381003311809,0.0187304421338518,16.532921719816898,-0.0229194796030439,3713.652135423138
2022-06-27,-0.0031969336691126,3903.75,3892.5,1497368,-0.038137212619314,27.4118,0.0098497915957535,0.0212459921584372,17.67280242444551,-0.0159676400849426,3854.2133371647383
2022-06-28,-0.0202484519253829,3825.5,3821.75,1791690,0.0330571548719302,28.3331,0.0188389424256609,0.0194660708114551,17.272072640559667,-0.0305400829357241,3786.331266367913
2022-06-29,-0.0011115834668622,3821.25,3801.25,1717770,1.4117663667878588e-05,28.3335,0.007080980318298,0.0196654082296925,17.99659024779191,-0.0114790799451931,3781.837859712135
2022-06-30,-0.0083435099529598,3789.5,3741.25,2394361,0.008042816283877,28.5623,0.014682636298949,0.0179420093339953,18.167225612319022,-0.0238022347620845,3731.369630651012
2022-07-01,0.009912445360106,3827.25,3744.5,1752977,-0.0310524440316051,27.689,0.0148744443153145,0.0166975324119256,18.50043393836718,-0.0241131775207162,3699.216005338717
2022-07-05,0.001762114993399,3834.0,3744.0,2031501,0.0013389854224925,27.7261,0.0211445735500927,0.015737380819737,18.75760876463893,-0.0342777750082589,3698.283357742605
2022-07-06,0.0037098548845939,3848.25,3808.75,1684324,-0.0192050297904819,27.1987,0.0120805808532175,0.0142932569656169,18.33827391589105,-0.0195840049209153,3759.6453821743926
2022-07-07,0.0146392837836035,3905.0,3832.5,1314443,-0.0129033570872558,26.85,0.0124627137785589,0.0129490111888498,18.450838342360967,-0.0202034861512682,3771.2820627971096
2022-07-08,-0.0009607686887971,3901.25,3868.0,1485497,-0.0302864412082559,26.049,0.0097799991675577,0.0133365995937133,19.46357685553119,-0.0158544985668455,3843.576390005508
2022-07-11,-0.0114721546929406,3856.75,3850.0,1486103,0.0427227551664386,27.186,0.0061407599942442,0.0120619766192296,18.78856078384665,-0.0099548751344525,3862.606209567248
2022-07-12,-0.0085932434269349,3823.75,3804.75,1640864,0.0073991751049771,27.3879,0.0116723806828569,0.0120506071408427,18.70096027592215,-0.0189222657014033,3784.4576760592336
2022-07-13,-0.0050470398485362,3804.5,3752.0,2157968,0.0177508854183066,27.8784,0.0221939145993745,0.0115109649161321,19.250885866464824,-0.0359788770101035,3688.621236092304
2022-07-14,-0.0029614052112272,3793.25,3723.75,1916260,0.0024004110136184,27.9454,0.0154895798881612,0.0106138633513068,19.339592615739228,-0.0251103827240117,3710.1570004718183
2022-07-15,0.0187385106161723,3865.0,3780.25,1523753,-0.0508876983620281,26.5589,0.0120730539824908,0.0096316855093458,19.190946001686427,-0.0195718030015587,3719.731054230639
2022-07-18,-0.0081182455930619,3833.75,3820.25,1439590,0.0310722602886492,27.3971,0.0146503489863389,0.0120754014559993,20.548942349740443,-0.0237498933310952,3774.288124807368
2022-07-19,0.0267025677054277,3937.5,3834.0,1611604,-0.0132974477523313,27.0352,0.0133706071497768,0.011525743198361,20.428193595581675,-0.0216752852696743,3751.5464857735287
2022-07-20,0.0063291350516472,3962.5,3922.25,1734355,-0.0287730247580428,26.2684,0.0095404945215191,0.0157169542862058,17.914616433639758,-0.015466234109731,3877.070218352339
2022-07-21,0.0097316730985372,4001.25,3930.25,1821097,-0.0201767588848227,25.7437,0.0110362057665033,0.0145812078424996,16.257410974991046,-0.0178909533130495,3892.237503183506
2022-07-22,-0.009100957215125,3965.0,3941.5,1736592,-0.009338950682264,25.5044,0.0127889571152677,0.0139165832439733,16.14467553785033,-0.0207323639584822,3919.148647063643
2022-07-25,0.0012602396122876,3970.0,3946.0,1493471,-0.0114476244472991,25.2141,0.0076112714259695,0.0132326984376778,16.69692025177473,-0.0123387425548259,3916.377473065952
2022-07-26,-0.0118457027624057,3923.25,3913.25,1589161,0.0288183428444122,25.9513,0.0072707445188903,0.0120930872299973,15.729743020512274,-0.0117867094444174,3923.481452361803
2022-07-27,0.0254802876149593,4024.5,3938.75,1740431,-0.0373418798360307,25.0001,0.0127486837822536,0.0121529844569294,16.82915926162356,-0.0206670762739319,3843.0000156796486
2022-07-28,0.0121019012169067,4073.5,3994.5,2014467,-0.0547981520791385,23.667,0.0187266263737781,0.0156393449807396,17.238515934451065,-0.030358005754213,3904.160087764893
2022-07-29,0.014621924942034,4133.5,4081.0,1919598,-0.0106706645963852,23.4158,0.009942390015803,0.0150919827329369,18.383986534396143,-0.0161177527273688,4008.370613882581
2022-08-01,-0.0031499904892928,4120.5,4097.0,1776936,0.0335364893333882,24.2144,0.0082313690927606,0.0150655568078932,19.757626646399352,-0.0133439918806188,4078.7089879857504
2022-08-02,-0.0065130948198746,4093.75,4080.5,1892241,0.0162663158604674,24.6115,0.0100023018604196,0.0137830497715657,19.822569851263463,-0.0162148766880498,4054.2253701651207
2022-08-03,0.0151518050206007,4156.25,4084.5,1696602,-0.0606403666125898,23.1634,0.0116169352546321,0.0128790934218511,20.545117164291337,-0.0188323823131465,4017.3763410786737
2022-08-04,-0.0009628694250558,4152.25,4136.0,1245063,0.0015831422418592,23.2001,0.0063328238866043,0.0134047470592717,21.82187118939428,-0.0102662326973721,4113.799247844105
2022-08-05,-0.0013254610929553,4146.75,4103.75,1722401,-0.0329728847658294,22.4476,0.0106590637445552,0.0122898393192246,21.887022791203066,-0.0172795629086098,4081.1172760136633
2022-08-08,-0.0012064910675047,4141.75,4129.25,1536449,0.0093690064902838,22.6589,0.0099173935246652,0.0113114920921382,21.574680620348133,-0.0160772305528644,4080.614804132058
2022-08-09,-0.0041736035178612,4124.5,4113.0,1280085,0.0144631299241204,22.989,0.0062133840034097,0.0104152393152055,21.758415506731623,-0.0100726069695485,4100.241182035941
2022-08-10,0.0205178473756415,4210.0,4113.75,1627940,0.0262266340780743,23.5999,0.0118448785138781,0.0097431343111926,22.316421638502323,-0.0192019044383657,4046.057280172578
2022-08-11,-5.9384186009481255e-05,4209.75,4202.75,1598130,0.0105207780195564,23.8495,0.0096490762233875,0.0123854216556872,25.947887045027965,-0.0156422574822451,4144.658472805577
2022-08-12,0.0167833636545271,4281.0,4208.25,1300170,-0.0095255065353585,23.6234,0.0085104425028704,0.0114372185579016,26.277915391258983,-0.0137964018353464,4152.069404620485
2022-08-15,0.0040213359550111,4298.25,4249.0,1317241,-0.0180725365955072,23.2003,0.0086874746838329,0.0125227777905649,32.92611101982199,-0.014083391272796,4221.131566777815
2022-08-16,0.0022077629232519,4307.75,4278.75,1363248,0.0102446248104057,23.4392,0.0077787062238383,0.0116803835716787,33.777541411563526,-0.0126101735352758,4244.388635911141
2022-08-17,-0.0072223506908066,4276.75,4255.0,1638797,-0.0067593712050144,23.2813,0.0087118537686843,0.0108580188247542,34.1184713157614,-0.0141229125610104,4247.339612824399
2022-08-18,0.0022771737864086,4286.5,4258.0,1366220,-0.0121605951349224,22.9999,0.006116415217342,0.0104967130848552,34.85968978066752,-0.0099154094633524,4234.553814516516
2022-08-19,-0.0129140090086501,4231.5,4220.75,1701251,0.0468381482269402,24.1028,0.0077037634428315,0.0098171546719555,28.43392279522853,-0.0124886827055006,4233.300151050435
2022-08-22,-0.0215588654960541,4141.25,4131.5,1724203,0.0688523523514992,25.8208,0.0095736281820844,0.0105388846554887,39.70791661084925,-0.0155199475676716,4166.334333754983
2022-08-23,-0.0025992096115459,4130.5,4118.0,1575674,-0.019183008913878,25.3302,0.0070499728372469,0.0129908787886285,57.55529709113318,-0.0114288132677155,4094.189860070649
2022-08-24,0.0029613535073433,4142.75,4110.75,1348612,-0.0394614034618254,24.3501,0.007870198539344,0.0120644087149019,49.48439325913001,-0.0127584930555755,4078.135798896744
2022-08-25,0.0139627736594789,4201.0,4143.0,1635476,-0.0313867066412041,23.5977,0.0064812988654509,0.0112789600782532,55.9006013191182,-0.0105069276400817,4099.450297281101
2022-08-26,-0.0342627788668821,4059.5,4042.75,2241117,0.103854150216835,26.1802,0.0213671746026636,0.0117968091837548,61.41357053963559,-0.034638636804717,4057.97449140657
2022-08-29,-0.0069833117584181,4031.25,4006.75,1963446,-0.005838202301343,26.0278,0.0099693352491892,0.0172942513534729,28.43231225909544,-0.01616143403621,3994.419968374631
2022-08-30,-0.0109120334509817,3987.5,3964.5,2555455,0.0164991949750756,26.4608,0.0175203728986485,0.0160308357449462,27.124528292225023,-0.0284025307418905,3918.363024601503
2022-08-31,-0.0078046720438536,3956.5,3953.0,2366488,-0.025526362681616,25.7939,0.0105291266614454,0.0153046199290834,29.473711790810164,-0.01706892001768,3920.0152656500986
2022-09-01,0.0030913875917537,3968.75,3903.5,2212034,-0.0067178960848961,25.6212,0.0120500644291262,0.0144596521900083,30.398487363754416,-0.0195345343030009,3879.961619730068
2022-09-02,-0.0112122290741325,3924.5,3906.0,2510355,0.0122233980812169,25.9363,0.0190414927069355,0.0135482918666631,31.86947319652754,-0.0308684401358795,3848.1124044904327
2022-09-06,-0.0035737115252025,3910.5,3886.75,2360326,0.0311862249839389,26.7579,0.0134664712924267,0.0133049717221338,36.26406502379565,-0.0218306920223963,3839.7538483865055
2022-09-07,0.0176165762368167,3980.0,3883.5,1956209,-0.0720985088817105,24.8966,0.0150660532755115,0.0125789937331839,37.170020436735,-0.0244237975865047,3816.1476510971634
2022-09-08,0.0063865973766894,4005.5,3942.75,2356008,-0.0235925655661177,24.3161,0.0115611454079106,0.0133109438342568,49.06221581834879,-0.018741940583067,3906.101738011784
2022-09-09,0.0152986787341067,4067.25,4005.75,1677890,-0.0151870601404504,23.9496,0.008919385758993,0.0127283468954773,49.499520534407765,-0.0144593456819701,3947.99980030949
2022-09-12,0.0106383982050566,4110.75,4062.25,1718859,-0.0012659578158968,23.9193,0.0085389053811165,0.0130863763547808,62.11076213040887,-0.0138425434202923,4011.3367985524073
2022-09-13,-0.0398266255627266,3950.25,3938.5,3207923,0.1116618755430347,26.745,0.0295250705795831,0.0128625335816051,69.95056046396124,-0.0478635203510869,3918.629491912232
2022-09-14,0.0038530824917657,3965.5,3929.0,2494976,0.0268998425031168,27.4742,0.0092400755074475,0.0186339014893208,21.759584493675987,-0.0149792204866777,3891.519302454037
2022-09-15,-0.0117316415747339,3919.25,3905.0,2515924,-0.0046368921469901,27.3471,0.0100076911418958,0.0174081588493522,20.93003235594568,-0.0162236133304541,3901.6843214986434
2022-09-16,-0.0074911513361488,3890.0,3853.0,2688630,-0.0035789878211183,27.2494,0.0092125493626986,0.0168104809714804,21.14562446416991,-0.0149345974539967,3861.152490234825
2022-09-19,0.0069807193720254,3917.25,3846.25,2100098,-0.0273623787410426,26.5139,0.0140114447302286,0.0159572344750057,21.66609887756917,-0.0227141563704568,3802.637866352136
2022-09-20,-0.0114250279980456,3872.75,3843.25,2357296,0.0319574113847771,27.3749,0.014887761601956,0.0151664690815142,21.04398149067548,-0.0241347663673362,3823.839836819288
2022-09-21,-0.0173203965282642,3806.25,3792.0,2440206,0.0295819611660115,28.1968,0.0214209033511853,0.0148483269633556,19.241229209327063,-0.0347257372585966,3740.57413525802
2022-09-22,-0.0090390877048598,3772.0,3763.5,2578314,-0.0035955158786573,28.0956,0.0124238238763434,0.015176274043154,21.65875357099177,-0.0201404411664604,3730.3572677578536
2022-09-23,-0.0168430662637568,3709.0,3660.25,2913560,0.0608800196082555,29.8592,0.0204397378040523,0.0145844344522461,21.51381824926026,-0.0331351555525714,3649.062222418536
2022-09-26,-0.0105706364409741,3670.0,3657.5,2899415,0.0350622172846835,30.9247,0.0126482660139699,0.0149368671155545,22.01341039026525,-0.0205042875726179,3633.723975335169
2022-09-27,-0.0024553279283807,3661.0,3635.25,2963065,0.0147111276874838,31.383,0.0187249935804108,0.0144576205588164,23.803129082446763,-0.0303553588091921,3560.26971009659
2022-09-28,0.0192079488469989,3732.0,3613.0,2780935,-0.0486788043439747,29.8919,0.024315776067759,0.0135267054788946,24.080045150125542,-0.0394186574265622,3519.495574743576
2022-09-29,-0.0210534091978331,3654.25,3622.0,2860631,0.0345657250968418,30.9432,0.0177900153750533,0.0145520145566499,22.28042768066035,-0.0288396520731378,3625.907605545719
2022-09-30,-0.014540448439984,3601.5,3595.25,2976179,0.0183420876008413,31.516,0.0166295311276037,0.0155684614216595,26.7418602157292,-0.0269583742199587,3557.053378880232
2022-10-03,0.0243437810876887,3690.25,3571.75,2315515,-0.0496547020086364,29.9893,0.0215644732552092,0.0154927328217968,26.707041475563926,-0.0349584805133342,3477.772298974651
2022-10-04,0.0301617579261321,3803.25,3686.25,2381497,-0.0404687364611553,28.7999,0.0148749997296159,0.0170127544563649,29.279435430876525,-0.0241140779108998,3602.3273710124417
2022-10-05,-0.0024350928482785,3794.0,3734.0,2089198,0.0056921222446866,28.9643,0.0160602766423823,0.0195508278825738,30.491238294083168,-0.0260355475135872,3705.508205609974
2022-10-06,-0.0098666495891244,3756.75,3750.0,2157569,0.0324397199523307,29.9193,0.0112875582865058,0.0181206924597788,28.46792992802467,-0.0182984245305698,3725.2070976932287
2022-10-07,-0.0279370395510731,3653.25,3632.5,2238683,0.0418630543385178,31.1984,0.02129829138097,0.0171709798623494,31.72116757577533,-0.034526969214474,3629.254490654628
2022-10-10,-0.0076939309267576,3625.25,3600.0,2024447,0.0287321798235429,32.1078,0.0129307414625179,0.0191036644465784,38.710439834851066,-0.0209622126212241,3577.4668628547074
2022-10-11,-0.0071977610215405,3599.25,3579.0,2398140,0.0199261007549473,32.754,0.0138406676979073,0.0178456162653947,44.74479614546152,-0.0224373072452372,3544.8148998802485
2022-10-12,-0.0029912025363376,3588.5,3585.5,1948173,-0.0302382783161556,31.7784,0.0092048559303701,0.0167054493519191,49.39562364066528,-0.0149221255192106,3545.9402761224537
2022-10-13,0.0256538947361448,3681.75,3502.0,3288646,-0.0248125125354272,30.9996,0.035579258024574,0.0154645687483324,51.89589845810973,-0.0576780514697017,3387.378222283692
2022-10-14,-0.0231490228447484,3597.5,3591.25,2730405,0.0187586788489673,31.5866,0.023607602055077,0.0172500698468612,82.40203297547109,-0.0382706262583808,3543.5092736974098
2022-10-17,0.0251840255820354,3689.25,3590.5,1951998,-0.0226566388125277,30.879,0.0137952643780943,0.0183285214051563,85.31011037821214,-0.0223637032646466,3517.9395268011563
2022-10-18,0.011722042063214,3732.75,3697.25,2746886,-0.0238682010617559,30.1507,0.0144748003958825,0.0194659030981385,99.2667924139382,-0.0234653089637433,3603.688399563522
2022-10-19,-0.0068548655515936,3707.25,3676.75,2348844,0.0081620972216267,30.3978,0.0163129512203351,0.0184187015661721,80.82785537802341,-0.026445161938435,3635.330634646238
2022-10-20,-0.0086692043111025,3675.25,3666.25,2403705,-0.0144102876801515,29.9629,0.0145864751662558,0.0171532283889582,99.97787128674123,-0.0236463465544937,3620.615414226232
2022-10-21,0.0238610641611938,3764.0,3641.5,2681019,0.0007506468425795,29.9854,0.0205913075426676,0.0161917691809293,82.13758341369152,-0.0333808674552499,3554.592004870918
2022-10-24,0.0119500976441937,3809.25,3736.5,2109780,-0.0213396887654799,29.3523,0.0147169887183296,0.0173825075065697,99.931314584326,-0.023857923967626,3675.2615410145336
2022-10-25,0.0158867850711104,3870.25,3790.0,1836723,-0.0405667943904468,28.1854,0.011130542049173,0.0166503105628626,99.75721857293726,-0.0180438832297871,3741.132735921069
2022-10-26,-0.0075863550746699,3841.0,3824.25,2118534,-0.0250691194873615,27.4876,0.0134159032506516,0.0164805343644776,99.99992680731312,-0.0217487154360883,3786.9857612199216
2022-10-27,-0.00561322536449,3819.5,3757.5,2211786,-0.0209249262454083,26.9184,0.0206098109167956,0.0155532479554396,99.98778219516056,-0.0334108635435487,3714.789022412608
2022-10-28,0.0237374920016772,3911.25,3776.75,2084386,-0.0247555826542567,26.2602,0.020046853308341,0.0146584222028655,98.9295364463972,-0.0324982447954772,3697.368236762429
2022-10-31,-0.0072489652514242,3883.0,3872.25,2002625,-0.0147656392706583,25.8753,0.0062384546771016,0.0160976183179128,99.99983004450732,-0.0101132494024676,3871.893897750811
2022-11-01,-0.0043876699633909,3866.0,3852.5,1895614,-0.0093692504135871,25.634,0.0134164791007113,0.0152815280924968,98.99068376563136,-0.0217496489549761,3799.457911905815
2022-11-02,-0.0254769992927812,3768.75,3760.25,2210708,0.0312420405711604,26.4475,0.0222970586512951,0.0144868175459157,99.9999316697034,-0.0361460853293821,3728.7546184696585
2022-11-03,-0.0109385470044784,3727.75,3704.25,1887557,-0.0298347454053571,25.6701,0.0132910639951168,0.0160402703240967,99.96811280097216,-0.0215463367074144,3688.415805208119
2022-11-04,0.0137868912612155,3779.5,3711.0,2494788,-0.0055274981698123,25.5286,0.0152191570950006,0.0155556034318741,99.99974650709528,-0.0246719964099485,3636.904246593926
2022-11-07,0.0094144676387522,3815.25,3738.25,1483146,-0.0147069308250515,25.1559,0.0113600748166718,0.0153682233198536,99.0045192713672,-0.0184159821299,3710.533784969256
2022-11-08,0.0052284283538988,3835.25,3792.75,1878046,0.0369079848285598,26.1017,0.0132123836620143,0.0149293881011431,99.99967200864523,-0.0214187868777016,3734.400908956976
2022-11-09,-0.0210131895988165,3755.5,3750.0,1889153,0.0339290080033607,27.0025,0.0133672500316512,0.0143843147388822,99.99925899801998,-0.021669842996766,3753.034747660746
2022-11-10,0.0532750864958497,3961.0,3751.5,2408104,-0.0501079471646224,25.6828,0.0239294886178326,0.0151044362887448,99.99955472655677,-0.0387924412361186,3612.604538120229
2022-11-11,0.0098603405270676,4000.25,3951.0,1927068,-0.0090979056340469,25.4502,0.009533251983557,0.0207512479683407,61.09416030158762,-0.0154544931263451,3900.2553506326663
2022-11-14,-0.0085988290692426,3966.0,3964.0,1592615,-0.0026006077492457,25.3841,0.0090521784761066,0.0196028100532079,56.674268929303935,-0.014674617882621,3941.9764763968633
2022-11-15,0.0084113232091347,3999.5,3960.0,2230543,0.0143116333471682,25.75,0.0155501742679998,0.0187464976528063,52.948782420840985,-0.0252086131524454,3867.272263089572
2022-11-16,-0.0077811637579454,3968.5,3962.0,1502501,-0.0273931489623624,25.0542,0.0087934258111447,0.0179861756518745,64.14002182226125,-0.0142551501827245,3942.890970572509
2022-11-17,-0.0033443792017564,3955.25,3912.5,1560808,-0.0115455068854419,24.7666,0.0134801139348344,0.0173502926352011,49.03035188652653,-0.02185280830797,3882.7178345502266
2022-11-18,0.0047293337825884,3974.0,3942.5,1534155,-0.010210796158744,24.515,0.008929931961609,0.0166870556099443,53.2284781795566,-0.0144764422840655,3898.404504665442
2022-11-21,-0.0040342969492517,3958.0,3937.5,1178421,-0.0290157312935783,23.8139,0.0076146611632501,0.0161491791781678,59.20239197206666,-0.0123442377071195,3925.245536793145
2022-11-22,0.0131147363344403,4010.25,3945.25,1161999,-0.0369297210480112,22.9505,0.008703955040848,0.015640296414869,66.07282277569804,-0.0141101078186976,3902.544355888441
2022-11-23,0.0056569323764161,4033.0,4002.0,1281153,-0.0241626992078085,22.4026,0.0055549802851389,0.0154465723606676,54.881309002159945,-0.0090052591478475,3974.298777494133
2022-11-25,-0.0001239848740031,4032.5,4024.75,608795,0.0037558938771793,22.4869,0.0041820016228601,0.0149901866052452,55.24890937592198,-0.0067795035153095,4005.750734935297
2022-11-28,-0.0155574660086088,3970.25,3960.25,1481503,0.0399441206305231,23.4033,0.0081856730214876,0.0144496504581369,55.73105591980544,-0.0132699133163883,3979.342551957107
2022-11-29,-0.0020801167322588,3962.0,3941.25,1500171,-0.0156582231519153,23.0397,0.0085953544743858,0.0146521023474689,51.9245187567626,-0.0139340538645168,3915.311966289566
2022-11-30,0.0296543657662446,4081.25,3942.75,2479997,-0.0406462264295228,22.122,0.0191230356235465,0.014205484326302,66.04085408609231,-0.0310006305412564,3841.05979857978
2022-12-01,0.0001225039815331,4081.75,4054.5,1834073,-0.0250512565898648,21.5747,0.0094161276468372,0.015638261965667,46.28482639053352,-0.0152646211645123,4019.424338014781
2022-12-02,-0.0015323794717616,4075.5,4006.75,1849784,-0.0173267726844552,21.2041,0.0137595223426421,0.0152165645552653,41.473499517530186,-0.0223057613323269,3991.711381818355
2022-12-05,-0.0178869073319258,4003.25,3987.25,1497688,0.0224308295535458,21.6851,0.0110639282776654,0.0148494758493791,35.48551112087152,-0.0179358946781723,4003.053896209481
2022-12-06,-0.0146575769226124,3945.0,3921.5,1869101,0.0346741340752618,22.4502,0.0136356644093964,0.0150409108396565,38.6867240888505,-0.0221049734394555,3915.729151836419
2022-12-07,-0.0020934444794562,3936.75,3914.0,1756473,0.0181809948299802,22.8621,0.0084417003020788,0.0157626156057347,21.760340618137526,-0.0136849628561339,3891.380548444295
2022-12-08,0.0073394824880459,3965.75,3916.0,1708915,-0.0205177779125893,22.3978,0.0099075358769927,0.0147164728118784,34.15640272516022,-0.0160612501771794,3874.0259351857
2022-12-09,-0.0074664988733292,3936.25,3930.0,1739761,0.030939139446426,23.1016,0.0097305410382258,0.015609983110636,19.138793600760604,-0.015774321275705,3903.68379848738
2022-12-12,0.0140012378045764,3991.75,3924.5,1619977,3.030047247332135e-05,23.1023,0.0079815354603677,0.0155534996365579,19.31690883794422,-0.0129389829538428,3885.647009943423
2022-12-13,0.0157826067104132,4055.25,4017.5,2864043,-0.0631500135166867,21.6885,0.0275740371238369,0.015543760198101,20.17748010156584,-0.0447006717047796,3817.245386670683
2022-12-14,-0.0060598750863753,4030.75,3997.0,1951473,0.0674218353183944,23.2012,0.0159819233510294,0.0155485265467366,21.377875189788195,-0.0259085278560005,3951.533810874608
2022-12-15,-0.026013027463799,3927.25,3908.0,2216621,0.0593551192837593,24.62,0.0168291697943596,0.0154978654057029,21.013071805539685,-0.0272820113595678,3922.269543723094
2022-12-16,-0.0123620469400833,3879.0,3855.25,1965701,0.0024745960985956,24.681,0.0128185352315874,0.0156167870140514,22.005089337173736,-0.0207803134720524,3846.4826062009743
2022-12-19,-0.0086737549428583,3845.5,3827.25,1405774,-0.0271552266324013,24.0198,0.0123055772410383,0.0155939367817238,22.84038193555296,-0.0199487498301054,3802.385521667344
2022-12-20,0.0009746906129208,3849.25,3803.5,1541868,-0.0034990662466487,23.9359,0.0115687668220354,0.0155540685550565,22.38096911979021,-0.018754295768098,3774.0524242452498
2022-12-21,0.0145715021819832,3905.75,3855.5,1522069,-0.039315804970017,23.0131,0.0084897573034314,0.0155094354870717,21.05815987125784,-0.0137628687583756,3796.636166565679
2022-12-22,-0.0145715021819832,3849.25,3788.5,1842326,0.0525797767852007,24.2555,0.0216598870358189,0.0155218209248136,20.14823302623764,-0.0351131571776177,3770.986616201869
2022-12-23,0.0053115813439585,3869.75,3821.25,1374913,-0.0261178408108566,23.6302,0.0088675534399943,0.0155186800921961,21.120534848532728,-0.0143753195575092,3794.311625617588
2022-12-27,-0.0038188984565579,3855.0,3837.25,1006414,-0.0075527199090483,23.4524,0.0109531857744576,0.0154800905764693,21.096248704187925,-0.0177563683992517,3801.643742702344
2022-12-28,-0.0123982012281125,3807.5,3804.5,1282810,0.0040723027310165,23.5481,0.0100747327663825,0.0154527317030211,19.4396724286562,-0.0163322954807419,3792.5503620568825
2022-12-29,0.0167337954269672,3871.75,3806.25,1146984,-0.0145006946571135,23.2091,0.0100683601814795,0.015435108570674,21.023970599421983,-0.0163219647908838,3745.8585423770505
2022-12-30,-0.0027803839320483,3861.0,3821.5,1401810,-0.0047940800823438,23.0981,0.0089909461835877,0.015440401465993,23.80499410054168,-0.0145753533246847,3815.7271440173527
2023-01-03,-0.0038925701155108,3846.0,3814.5,1782473,-0.0020238579373672,23.0514,0.0149532963327434,0.0154020838052545,24.00080856010817,-0.0242410056703818,3768.530778634668
2023-01-04,0.0073829750552789,3874.5,3836.5,1912155,-0.0286209044036493,22.401,0.0096570972655869,0.0153676216957377,24.2051669682984,-0.0156552605101468,3786.2587208688064
2023-01-05,-0.0118129497267105,3829.0,3822.5,1679973,0.0111248888890695,22.6516,0.0093615888890636,0.0153404634891677,24.611798952456816,-0.0151762075928805,3816.14371724614
2023-01-06,0.0223393627136978,3915.5,3819.0,2026154,-0.0203319131872499,22.1957,0.0150396561988011,0.0150648640916008,27.64388910384768,-0.0243810049024049,3736.773982198285
2023-01-09,-0.0004470415503767,3913.75,3909.75,1697887,0.0032026944380079,22.2669,0.0113672027062934,0.0153820819479674,26.870008028224326,-0.0184275372551975,3844.007714322272
2023-01-10,0.0068750668660371,3940.75,3891.5,1520955,-0.0032567604255588,22.1945,0.0084668398432662,0.0150805967598839,27.85548798180768,-0.0137257169311494,3860.3979604604415
2023-01-11,0.0124201703772577,3990.0,3934.5,1398769,0.0069146942774236,22.3485,0.0069347744636318,0.0149981834497214,28.33919328548629,-0.0112420635126192,3896.6959315070817
2023-01-12,0.0033777476287788,4003.5,3954.0,2102587,-0.0503081961246696,21.252,0.0118291380411958,0.0149577355341588,30.924735162276065,-0.0191763873296923,3914.215176491903
2023-01-13,0.0036775059365616,4018.25,3961.75,1456784,-0.0247870787498811,20.7317,0.0108128873593917,0.0148587689344455,30.291560079745768,-0.0175289286027361,3933.9344206129767
2023-01-17,-0.0021799392021666,4009.5,3996.75,1423931,0.0102455733329263,20.9452,0.0065810618937189,0.014763117747002,29.885450299886084,-0.0106686549328555,3975.6085452534503
2023-01-18,-0.016027494968057,3945.75,3943.75,1902551,0.0348219435736969,21.6874,0.012530483445663,0.0146683113262862,27.723810629317835,-0.0203133485420077,3928.875280379605
2023-01-19,-0.0076960150880349,3915.5,3901.75,1896890,0.0026569980519237,21.7451,0.0070395152177191,0.0146733316999461,31.094189752742867,-0.0114118602689498,3900.977606387116
2023-01-20,0.0184721851601921,3988.5,3911.75,1620355,-0.0307791316426047,21.086,0.0099568973476304,0.0146150734237656,28.129509255237647,-0.0161412707735082,3852.806194317352
2023-01-23,0.011962759483886,4036.5,3980.25,1594736,-0.0158317679284181,20.7548,0.0110634952836027,0.014659407625108,30.425110060601533,-0.017935192745214,3917.6031584403713
2023-01-24,-0.0009294544771734,4032.75,4005.25,1472856,-0.0395383768780615,19.9502,0.0073974367761245,0.0146222455031074,30.920166204161173,-0.0119920921010347,3988.383008572343
2023-01-25,-0.0001859946066922,4032.0,3963.25,1760515,0.0004059285671589,19.9583,0.0136073835444477,0.014545064055793,26.92928554169991,-0.0220591269189072,3944.765059203433
2023-01-26,0.0107309077833086,4075.5,4027.25,1613804,-0.0145352129785125,19.6703,0.0053672684146446,0.0144289487502753,26.927321906514145,-0.0087009567107263,3997.069925445279
2023-01-27,0.002144674372106,4084.25,4057.25,1587936,-0.0180881098583309,19.3177,0.0085129168094296,0.0143838212025764,26.645162984646664,-0.0138004129696138,4019.642730143143
2023-01-30,-0.0127515819072545,4032.5,4029.5,1786112,0.0371126120914095,20.0481,0.0071002219081582,0.0142676877821154,26.70158249706877,-0.0115102727657277,4037.508687134633
2023-01-31,0.0141584390374838,4090.0,4007.5,1790751,-0.0264028396144313,19.5257,0.0123963403490208,0.0142383358593439,28.274611307966065,-0.0200958872215077,3952.272159543584
2023-02-01,0.0102770827606146,4132.25,4048.5,2000400,-0.0405057946511413,18.7506,0.0184693591126698,0.0142602254875647,26.770486720391112,-0.029940946064058,3969.356631424475
2023-02-02,0.0142366122804489,4191.5,4136.75,2290729,0.0288223475634898,19.2989,0.010040250680038,0.0142246458651033,25.160283246244205,-0.0162763960702037,4065.536264744408
2023-02-03,-0.0104926465544465,4147.75,4132.5,2354996,0.0019877737792008,19.3373,0.0095557966029976,0.0142085631352156,26.842340933095688,-0.0154910405360624,4127.069638715841
2023-02-06,-0.005863701250055,4123.5,4104.0,1560324,0.0343162081862753,20.0124,0.0064891282401827,0.0141537578879715,27.168989459082773,-0.0105196199530705,4104.34594369373
2023-02-07,0.0125916655966467,4175.75,4098.25,2180936,-0.040681674703265,19.2146,0.0132172578762683,0.0141042519655113,24.154481618930603,-0.0214266885371579,4036.086880931577
2023-02-08,-0.010895517867496,4130.5,4121.25,1804101,0.0960120510482833,21.1509,0.0082063941882667,0.0140645434639558,25.53655833484835,-0.0133035047005361,4120.565775926732
2023-02-09,-0.0094257136165669,4091.75,4078.25,1828571,0.0295713334758178,21.7857,0.0145378730790777,0.0140050367181095,26.78424278986578,-0.0235675570057105,4034.2923484520775
2023-02-10,0.001953244837562,4099.75,4060.75,1744956,0.0120225288013058,22.0492,0.0075297864360906,0.0139351121543774,27.267571287195267,-0.0122066460553149,4042.107059313667
2023-02-13,0.0115194677488279,4147.25,4078.75,1376325,-0.0369947216375043,21.2484,0.0106110586662781,0.0130940389798549,41.92471240064626,-0.0172017411796192,4029.8302563608263
2023-02-14,-0.0004220554161094,4145.5,4103.75,2379034,-0.0394387298013536,20.4267,0.0141022164828227,0.0131398340480677,38.09369315355905,-0.0228613077757644,4053.5139877157008
2023-02-15,0.0030709041143701,4158.25,4113.0,1611550,-0.018499008226203,20.0523,0.0079332353787042,0.0128457384168889,32.79667301931437,-0.0128606829905818,4092.527400690472
2023-02-16,-0.0141683164470887,4099.75,4095.0,2042993,0.053792375810052,21.1605,0.0088714147269231,0.0125111495362882,32.95288977642418,-0.01438157914578,4098.875769474736
2023-02-17,-0.0029924600180475,4087.5,4055.75,2008448,0.0041359496997972,21.2482,0.0068763030807936,0.0127713819215672,33.234500850734484,-0.0111472747054295,4054.302737697156
2023-02-21,-0.0202027073175194,4005.75,4002.0,1883040,0.0749127584407243,22.9011,0.0095725457568637,0.0124189370912849,34.28451937461124,-0.0155181928324395,4024.559015053878
2023-02-22,-0.0016864990411704,3999.0,3983.75,1925300,-0.0306017849684629,22.2109,0.0071635960715292,0.0132490508182218,33.40774001703749,-0.0116130095415828,3959.5002561635806
2023-02-23,0.004926579139111,4018.75,3974.25,1955820,-0.0384734315554688,21.3726,0.0105085799873157,0.0129147546366628,32.706064792744534,-0.0170356115060983,3931.4515874498993
2023-02-24,-0.0107574994499035,3975.75,3947.5,2063242,0.037410325293381,22.1873,0.0119535995508191,0.012637854227716,31.379066829365776,-0.0193781536889879,3941.6237405931247
2023-02-27,0.0030764425457032,3988.0,3973.0,1621961,-0.039325823849996,21.3317,0.0089731482516363,0.012641658980987,29.66563903323332,-0.0145465008389348,3918.335352807707
2023-02-28,-0.0031393257401912,3975.5,3965.0,1847930,-0.0264101947424704,20.7757,0.0064079084481122,0.012325024284956,27.403017720090737,-0.010387953369575,3946.7872705215073
2023-03-01,-0.0047907302922904,3956.5,3943.0,2042321,0.0122705621834655,21.0322,0.0083463693330066,0.0120320423632123,24.01864801941545,-0.0135304204388354,3922.072079752568
2023-03-02,0.0071147789499157,3984.75,3925.0,1836555,-0.0403274388314152,20.2009,0.0119184325856549,0.0117004942537824,24.52720006808013,-0.0193211440114567,3880.7896542154
2023-03-03,0.0161805758010835,4049.75,3974.0,1665102,-0.0353947469488251,19.4984,0.0093290929564375,0.0114989642276798,23.51361348159122,-0.0151235279649561,3924.939931544112
2023-03-06,0.0006788238095847,4052.5,4041.75,1528845,-0.0143706016059899,19.2202,0.0070759910381255,0.0121064544523788,23.48171528827953,-0.0114709917507067,4003.56077574059
2023-03-07,-0.0156054023305358,3989.75,3982.5,2141615,0.0272726914087413,19.7516,0.0104815670230418,0.0117049686364882,23.55533597271902,-0.0169918203977323,3984.2223712040304
2023-03-08,0.0013150069210787,3995.0,3971.5,1831712,-0.0228600110511156,19.3052,0.0055763997993755,0.0121681147123806,26.092769242981465,-0.0090399826331922,3953.845262903895
2023-03-09,-0.0189519254158661,3920.0,3909.5,2547423,0.1213703288707521,21.7964,0.0155090836112669,0.0118038731622891,24.379277450386528,-0.0251420004925544,3895.8098523555695
2023-03-10,-0.0147122887539801,3862.75,3846.25,3285811,0.1038141112900721,24.1808,0.0148332950601393,0.0125864333142206,27.22048362210448,-0.0240464698660402,3826.8621443477823
2023-03-13,-0.0015545051384791,3856.75,3808.75,2750477,0.0481030392243475,25.3724,0.0232046949119972,0.0128497020331946,27.15980887265249,-0.0376174676422,3720.142215048984
2023-03-14,0.0249660899515493,3954.25,3885.0,3100361,-0.0681151935316459,23.7017,0.0129071721526648,0.0124921262642851,26.411635979094005,-0.02092400407101,3776.889758942974
2023-03-15,-0.0074245986270895,3925.0,3865.0,3042061,0.0876377181340406,25.8726,0.0172993008848676,0.0137665256517014,27.000644682190025,-0.0280441476924024,3844.8969523489154
2023-03-16,0.0175520637055885,3994.5,3895.0,2507937,-0.0940331958155797,23.5506,0.0152946134700383,0.0135033163137932,26.77224118208467,-0.0247943198344599,3828.878848163003
2023-03-17,-0.0119626182592504,3947.0,3932.5,2224268,0.1045563912594049,26.1463,0.0114174751049271,0.01386689155612,27.166708897101227,-0.018509034570119,3921.245686027773
2023-03-20,0.0090795075187966,3983.0,3897.25,1818807,-0.0471545596057314,24.942,0.0162662166442707,0.0138465826043178,25.87113631991739,-0.0263693998390175,3844.280259856288
2023-03-21,0.013156853855996,4035.75,3981.75,1531670,-0.0911136411760726,22.7699,0.0076958592525428,0.0136537739151993,24.90724630936253,-0.0124758691079269,3933.617299916387
2023-03-22,-0.0163001267023741,3970.5,3966.25,1802929,0.0315609328276309,23.5,0.0156647291494955,0.0136849000658573,25.36254676738361,-0.0253943197331293,3934.555198784005
2023-03-23,0.0018871490786516,3978.0,3948.5,2236954,0.0303269434190536,24.2236,0.0160906209021058,0.0138905260388221,28.19262576618085,-0.0260847390333466,3868.269665970479
2023-03-24,0.0058276318701562,4001.25,3937.0,1944981,-0.0421368319656503,23.2241,0.0129784788589468,0.0135292762101643,26.24320681968299,-0.0210396004072862,3895.178787336644
2023-03-27,0.0014984082219164,4007.25,3997.5,1304572,-0.0420668071396064,22.2674,0.0064698620178265,0.0132686039743863,24.43209684630334,-0.0104883872004391,3959.502654581013
2023-03-28,-0.0014359296988892,4001.5,3980.75,1224495,-0.0258345066576097,21.6995,0.0073657150193952,0.0129649064674656,22.41898458359971,-0.0119406675008907,3959.685302421058
2023-03-29,0.0138977295816467,4057.5,4006.0,1389352,-0.0360626827951029,20.9309,0.0056573774060602,0.0126328744771688,22.151511473563087,-0.0091712566064445,3964.9689903784833
2023-03-30,0.0055299680094602,4080.0,4052.5,1328529,-0.004942704501623,20.8277,0.0051197208459538,0.0127602923687845,23.743412246047058,-0.0082996537549905,4023.963517994599
2023-03-31,0.0140551734224416,4137.75,4078.0,1695840,-0.0030534815354994,20.7642,0.0070326579908938,0.012517987990451,22.690474463274327,-0.011400743919039,4033.749113030898
2023-04-03,0.0038593788481549,4153.75,4122.75,1380286,-0.0270775590922003,20.2095,0.004428029147267,0.0126430367275344,24.65389028724349,-0.0071783423051995,4108.154165727149
2023-04-04,-0.0059762937827141,4129.0,4115.25,1582414,0.0191237217008213,20.5997,0.0089737602571678,0.012373307775474,22.96390692850928,-0.0145474929699826,4093.760755585972
2023-04-05,-0.0028497821317721,4117.25,4099.0,1470176,-0.0088400574704134,20.4184,0.005738324027159,0.0120839383942296,23.953081929163663,-0.0093024803485139,4090.768159814586
2023-04-06,0.0035760864852107,4132.0,4096.5,1299214,-0.0217997815087955,19.9781,0.006062214747171,0.0117382590933512,23.695154026575867,-0.0098275442946621,4076.98571682794
2023-04-07,0.0,4132.0,4121.0,73009,0.0,19.9781,0.0043814048311156,0.0114307650613223,22.64071132601958,-0.0071027589497269,4102.755381704054
2023-04-10,0.0010280289962931,4136.25,4098.75,1167715,-0.0087527361043107,19.804,0.0075817481488237,0.01104202258568,22.192404963289203,-0.0122908819418362,4081.524902965713
2023-04-11,6.043939441546797e-05,4136.5,4128.75,1221824,-0.0018902928505752,19.7666,0.0039166379787763,0.0105964329870252,22.67587026994896,-0.0063493186612272,4110.070828586828
2023-04-12,-0.0042396041941561,4119.0,4113.5,1853671,0.0629876723138802,21.0517,0.0105993049958424,0.0100996442500137,23.26362179933344,-0.0171826871339199,4066.030972092394
2023-04-13,0.0129648754224458,4172.75,4110.25,1458785,-0.0296881588314059,20.4359,0.0078183029664106,0.0097270560563173,21.524248033722127,-0.0126743643892432,4067.12373685809
2023-04-14,-0.0021591803506382,4163.75,4138.0,1882896,-0.0170709793042322,20.09,0.0086295012729755,0.0100670335121214,24.22210878651645,-0.0139894097352103,4114.782104224149
2023-04-17,0.0031173216299986,4176.75,4148.0,1298123,-0.0258820952546696,19.5767,0.0055061010610379,0.0094274080521255,23.54426225424897,-0.0089260203283771,4126.74966140786
2023-04-18,0.000777814380914,4180.0,4164.5,1427797,-0.0067912584924711,19.4442,0.0056899779091311,0.0091809989913456,22.660370661139503,-0.0092241057550345,4138.400358772594
2023-04-19,-0.0003589160773103,4178.5,4150.5,1292622,-0.0022396771871497,19.4007,0.0062646016164282,0.0088579318064025,23.40473515874412,-0.010155636585225,4137.764267453862
2023-04-20,-0.0062417679540409,4152.5,4137.0,1768379,0.0222699789050513,19.8376,0.0054665691311105,0.0085651100834752,21.429253801862824,-0.008861934543129,4141.6339998206295
2023-04-21,0.0010229564330384,4156.75,4135.25,1645161,-0.0218783171720948,19.4083,0.0043664704523873,0.0083591177868183,22.900970434393543,-0.0070785486116596,4123.210114130015
2023-04-24,0.0006613558034533,4159.5,4133.5,1328041,-0.0042391213489647,19.3262,0.005044488310201,0.0080286195720955,21.357063760790563,-0.0081776931995919,4122.895986325742
2023-04-25,-0.0160555992043409,4093.25,4091.5,1770908,0.0839841325212886,21.0194,0.0062396124065224,0.0077610748469091,18.2799170626148,-0.0101151262144315,4117.63820809164
2023-04-26,-0.0042231601769859,4076.0,4068.75,1814741,-0.0286959720213717,20.4248,0.0063490236075156,0.0086140898408037,20.11691506585204,-0.0102924943000135,4051.33631589523
2023-04-27,0.018895425326189,4153.75,4080.75,1686692,-0.0491033129564706,19.4461,0.0104975138044995,0.0084998203860009,17.4830141692503,-0.0170176719565549,4007.2228424781856
2023-04-28,0.0083311339250595,4188.5,4131.5,1753803,-0.0533358368063372,18.4361,0.0089765686145703,0.0092404943806567,19.01938331605907,-0.0145520456389196,4093.74211809097
2023-05-01,-0.0006567752572106,4185.75,4178.5,1240490,-0.0145773423889585,18.1693,0.0046377750799788,0.0092436465317151,17.225371871044125,-0.0075183644803149,4157.127413424402
2023-05-02,-0.0117754439646997,4136.75,4105.5,2034176,0.0624524746086172,19.3402,0.0131930881382464,0.0091163491583805,16.20075102560699,-0.0213875066241266,4097.17778975418
2023-05-03,-0.0070958844605293,4107.5,4095.0,1658392,0.0312488047719567,19.9541,0.0116965428786069,0.0091958360708014,17.857356431150198,-0.018961435387548,4059.050259439775
2023-05-04,-0.0077597920916598,4075.75,4062.25,1994772,0.060118332032423,21.1905,0.0094848103118061,0.0090701560361212,19.02228052667164,-0.0153759636293389,4044.826298443174
2023-05-05,0.0181137945544218,4150.25,4076.75,1545895,-0.0941320439428561,19.2868,0.0099380354800661,0.0090777399365293,17.28726045535964,-0.0161106935262975,4010.612951253099
2023-05-08,0.0006021919970002,4152.75,4137.5,1026014,-0.0148714247201886,19.0021,0.0039962556854662,0.0098423314617497,17.570323671457576,-0.0064783880808647,4123.449974083558
2023-05-09,-0.0045253041294728,4134.0,4131.0,1000924,0.0217642620966751,19.4202,0.0028242571458695,0.0094121711206542,17.724989590665917,-0.0045784442416034,4133.780324613291
2023-05-10,0.0043446846040104,4152.0,4112.25,1887587,0.0664541473834972,20.7546,0.0100141485490095,0.0093158998800217,16.52070760075619,-0.0162340815268286,4067.4301194115214
2023-05-11,-0.001988970911551,4143.75,4121.5,1473383,-0.0111778481315427,20.5239,0.0079037383016801,0.0091382728597939,17.140862987802674,-0.0128128648509897,4099.1403500738825
2023-05-12,-0.0013885956286845,4138.0,4111.75,1434601,0.0013146748804047,20.5509,0.0089608934716822,0.0089679558818534,15.835600996858808,-0.0145266344373237,4083.990362638375
2023-05-15,0.0028957549192565,4150.0,4123.0,1179165,-0.0239327156998614,20.0649,0.0050160552780443,0.0087449709661606,16.249138034258063,-0.0081315999985745,4104.487877453466
2023-05-16,-0.0065272805178437,4123.0,4120.0,1316691,0.0284381682096408,20.6437,0.0038217743618017,0.0086035221504908,14.505879675127089,-0.0061955338751959,4124.368018312833
2023-05-17,0.0116946296352278,4171.5,4122.0,1584910,-0.0326033426359702,19.9815,0.0069166942501488,0.0084806278043407,15.295946954692203,-0.0112127534161822,4077.028035470553
2023-05-18,0.0096619109117366,4212.0,4161.25,1760668,-0.0426451319582672,19.1473,0.0069387158463448,0.0086559455560584,14.863929250152584,-0.0112484529453282,4124.839996943811
2023-05-19,-0.0017227556463232,4204.75,4191.5,1713351,0.0258392860044529,19.6485,0.0057919761893856,0.0086765367194933,18.228530087913047,-0.009389456647239,4172.636697806403
2023-05-22,5.945479950675292e-05,4205.0,4186.5,1302845,0.001144470425916,19.671,0.0054348173956988,0.0084751138380993,18.19702122916994,-0.0088104613441077,4167.866929680697
2023-05-23,-0.0110597450743625,4158.75,4153.0,1685056,0.0188741855505325,20.0458,0.0092864921718877,0.0082529498502897,18.538534975402385,-0.0150544672149478,4142.170087418023
2023-05-24,-0.0079061337014891,4126.0,4114.0,1911903,0.0463361016661996,20.9965,0.0075221192567987,0.008396448864478,18.2171485687843,-0.0121942166797073,4108.345249202511
2023-05-25,0.0081465616644198,4159.75,4131.5,1966626,-0.0275422623012611,20.4261,0.0074795032108543,0.0083481217724107,18.998471073315542,-0.0121251311892308,4076.273786367706
2023-05-26,0.0127793450605118,4213.25,4146.0,1744425,-0.0421925045239985,19.5822,0.0095909588510116,0.0083128922018602,19.71456387855684,-0.0155480425665528,4095.57422658662
2023-05-30,0.0004152700798272,4215.0,4200.0,1957579,-0.0319203633388793,18.967,0.0062640504745534,0.0085388365936832,19.17196709743421,-0.0101547431211341,4170.682027752479
2023-05-31,-0.0058295328969943,4190.5,4174.0,2138566,-0.0053869727783331,18.8651,0.0065790660148227,0.0083936834936909,16.811899553749544,-0.010665419384615,4170.284137877855
2023-06-01,0.0089090094511661,4228.0,4178.0,1868363,-0.0634835131695408,17.7047,0.0085787129274591,0.0082740153878748,17.49702071783685,-0.0139070760113106,4132.625761461253
2023-06-02,0.0140913557605095,4288.0,4229.0,1955603,-0.0437806201419279,16.9463,0.0079163219255138,0.0082688089250044,18.51141040092474,-0.0128332643461859,4174.087634078303
2023-06-05,-0.0016337966056916,4281.0,4273.0,1668759,-0.0266042951204288,16.5014,0.0053025343411229,0.0086081371747896,17.977508560710834,-0.0085960153647923,4251.298256486582
2023-06-06,0.0020418290207846,4289.75,4268.5,1548125,-0.067903081850376,15.4181,0.0040852993590357,0.0084108702566885,16.4587740116515,-0.0066227380721896,4252.741735141658
2023-06-07,-0.0036198077825115,4274.25,4269.25,1925195,0.0021251101327539,15.4509,0.0052406609166566,0.0082243837114096,16.99272440245453,-0.0084957114585526,4253.459895176353
2023-06-08,0.0055993147167381,4298.25,4262.75,1664333,-0.0287707445254965,15.0127,0.0054709152887583,0.0080686499551173,16.987448446170436,-0.0088689801623584,4236.5093693789495
2023-06-09,0.0015111010663382,4304.75,4284.0,2176645,0.0148826733338158,15.2378,0.0067414651283465,0.007961840240322,17.005098896576783,-0.0109286869441012,4251.531522140887
2023-06-12,0.0087887238157371,4342.75,4305.25,1665175,0.0211042682649074,15.5628,0.0042805243152206,0.0078400908586758,14.791518316193656,-0.0069392200815453,4274.981795865636
2023-06-13,0.0168963435107585,4416.75,4381.75,2519014,0.0950367632525073,17.1144,0.0054685673076867,0.0079219493725616,13.825110596425723,-0.0088651738161721,4304.420914440085
2023-06-14,0.0003961404652681,4418.5,4383.5,2142634,-0.0304693274277187,16.6008,0.008974478394131,0.0085999135485537,15.412204199548588,-0.0145486571522344,4352.957392122814
2023-06-15,0.0118677396151678,4471.25,4393.75,2023296,0.0289138716170929,17.0878,0.0129464771098199,0.0082575128574356,15.770909616093284,-0.0209877219074033,4326.732118641621
2023-06-16,-0.0039215736531801,4453.75,4451.0,1895105,-0.0363871514558713,16.4772,0.0064164858863275,0.0085749290905091,15.877403975054822,-0.0104018583791319,4424.981745815542
2023-06-20,-0.0042751935509972,4434.75,4410.5,1540416,0.0028725725623517,16.5246,0.0075380797227586,0.0085171777989899,15.715292675049133,-0.0122200904226751,4399.655962451389
2023-06-21,-0.005766637418576,4409.25,4403.5,1468258,-0.0211360746727211,16.179,0.0047557272157449,0.0082518823728155,16.3780483934632,-0.0077095783991937,4400.691404596485
2023-06-22,0.003283145709199,4423.75,4393.0,1384002,-0.0250405005269831,15.7789,0.0050967420836439,0.0082221616787913,15.07678994747262,-0.008262402549968,4372.969091690941
2023-06-23,-0.0078863419714387,4389.0,4381.5,1550992,0.0110798521741051,15.9547,0.0049770184509712,0.0079442655079797,15.597399882446066,-0.0080683168317479,4388.201385004234
2023-06-26,-0.0042811949969401,4370.25,4368.5,1622416,0.0025664794497064,15.9957,0.004804842095557,0.0079251948659126,15.9718731523676,-0.0077891992435569,4354.94600337816
2023-06-27,0.011036634953589,4418.75,4371.5,1512256,-0.0275135948926985,15.5616,0.0060296345299805,0.007893891818325,15.76201356634994,-0.0097747280318072,4327.740094668592
2023-06-28,-0.0002829254510317,4417.5,4399.25,1689461,-0.037302956268487,14.9918,0.0049407653733723,0.0081437536841034,17.139475236060004,-0.0080095464415886,4383.499176667673
2023-06-29,0.0041227856098373,4435.75,4409.75,1628750,0.0221843602567317,15.3281,0.004189819014035,0.0079354006527379,15.448983172894769,-0.0067921764015803,4387.5972281569175
2023-06-30,0.0117661599472498,4488.25,4433.0,1774940,-0.0209044795375352,15.011,0.0071717289642891,0.007657729771202,16.02287411206261,-0.0116261938920512,4384.477738600584
2023-07-03,0.0008908190556251,4492.25,4479.5,641289,-0.0077845345225973,14.8946,0.0020853291934123,0.0080250712381122,16.89185180385627,-0.0033805574153861,4473.102830543771
2023-07-05,-0.0018939399600714,4483.75,4466.25,1193759,0.0257096517653017,15.2825,0.0041874392590245,0.0077073704458613,16.401449674733815,-0.0067883185462004,4461.858446490688
2023-07-06,-0.008230038335796,4447.0,4419.5,1741520,0.0561524005896418,16.1652,0.0089414780647067,0.0075150159976781,16.748050558828727,-0.0144951598393412,4419.226098953861
2023-07-07,-0.0029276003344396,4434.0,4431.5,1691644,-0.0189407762443667,15.8619,0.0069918227150873,0.0075226947740142,18.02082171196037,-0.0113345452608736,4396.879858316828
2023-07-10,0.0023090146265385,4444.25,4411.25,1361155,-0.0055126164522221,15.7747,0.0058301835999686,0.0073862634757857,16.808886423951186,-0.0094513952349581,4392.289933183879
2023-07-11,0.0065599741848565,4473.5,4439.0,1340232,-0.0141859934067585,15.5525,0.0049278916951693,0.0072232675906664,17.266209479013504,-0.0079886767350454,4408.887760236226
2023-07-12,0.0075715760898216,4507.5,4470.0,1784296,0.0136850660466016,15.7668,0.0067748993616954,0.0071839836152833,17.24723089953704,-0.0109828876649429,4424.636872322443
2023-07-13,0.0079549640579283,4543.5,4509.25,1158193,0.0106993374751995,15.9364,0.0047916621729595,0.0071822496663149,17.941613736459452,-0.0077678330797819,4472.622130502243
2023-07-14,-0.0014867434802674,4536.75,4531.0,1381069,-0.0116003699162168,15.7526,0.0045733586961728,0.0071912434549468,19.2879362410858,-0.0074139381457891,4509.939334110952
2023-07-17,0.0037401726676407,4553.75,4528.0,1057965,-0.0003238084986754,15.7475,0.0053453937868609,0.0070248510058272,19.7011597300528,-0.0086654954342061,4497.60665676173
2023-07-18,0.0074386384680096,4587.75,4544.75,1301460,-0.0134895281666809,15.5365,0.0057657229994746,0.0069167667703429,17.871683021682674,-0.0093468972201176,4511.384866491764
2023-07-19,0.002014209015444,4597.0,4582.25,1538747,0.0234414308538415,15.905,0.0036789140408761,0.0069189910295578,18.74240641357507,-0.0059639409359157,4560.470357916478
2023-07-20,-0.0068758797498329,4565.5,4557.25,1527727,-0.0037164226580572,15.846,0.0043020624073129,0.0067737378370222,17.098772597524448,-0.0069741357951726,4565.051434062521
2023-07-21,-0.000164289039553,4564.75,4561.75,1432643,-0.0149413085685208,15.611,0.0043606881107977,0.0067596234770259,18.031000136683367,-0.0070691747738019,4533.33949063125
2023-07-24,0.004099150384988,4583.5,4560.0,1203661,-0.0148818224328879,15.3804,0.0042867389858883,0.0065932979585721,17.503514101840427,-0.0069492947743449,4533.13817384622
2023-07-25,0.0027234615668163,4596.0,4579.25,1219737,-0.0022260851589859,15.3462,0.0042653070944335,0.0064843908150104,17.518429226310538,-0.0069145512241122,4551.9164732576455
2023-07-26,-0.0001631986947732,4595.25,4573.75,1372426,-0.0303258007707674,14.8878,0.0055507482143442,0.0063345146618866,18.224080104917267,-0.0089983984764711,4554.828875499946
2023-07-27,-0.006768954280254,4564.25,4553.75,1924565,0.0523476289630138,15.6879,0.0117194198123681,0.0061660857092204,17.31061546880426,-0.0189985215168326,4508.771130483548
2023-07-28,0.0092141425553666,4606.5,4558.0,1573973,-0.0455998024191006,14.9886,0.0071549954923514,0.006174482983538,16.43079950622256,-0.0115990670178757,4511.614808042857
2023-07-31,0.0017351701566461,4614.5,4595.25,1299434,-0.0083880968839769,14.8634,0.0036010137131266,0.0063497910664005,16.73855193027636,-0.0058376555841991,4579.687177706682
2023-08-01,-0.0028755140124019,4601.25,4591.0,1212261,0.0139634414881539,15.0724,0.0041631497958585,0.0062025299988165,15.512943752879025,-0.0067489425450007,4583.461859749649
2023-08-02,-0.0140069040567194,4537.25,4527.75,1917865,0.102675190513183,16.7022,0.0083638646560674,0.006064590628373,16.12521436062866,-0.0135587823609217,4539.283695801838
2023-08-03,-0.0034220145988861,4521.75,4505.75,1764076,0.0027563133098844,16.7483,0.0062920948233036,0.0066176102217622,16.31836054993359,-0.0102002062218412,4491.204351108334
2023-08-04,-0.0052662335183626,4498.0,4493.75,2044936,0.0443383117859612,17.5076,0.0098573757377663,0.006512376742262,15.186150869838114,-0.0159799348476122,4450.0669998366575
2023-08-07,0.0087984409548251,4537.75,4500.5,1397301,-0.0718197189647673,16.2943,0.0039212907083059,0.0064391181720266,16.296087854846526,-0.0063568612685828,4469.497527128108
2023-08-08,-0.0042512141320774,4518.5,4482.0,1696546,0.0122722630327216,16.4955,0.0087869310759224,0.0065226005230365,18.148607847821204,-0.0142446214732114,4473.569666417118
2023-08-09,-0.0072743747492332,4485.75,4478.25,1640285,0.0641008060035459,17.5875,0.0080478624630469,0.0064198326061987,19.317701007687862,-0.0130465066203488,4459.932242890376
2023-08-10,0.0,4485.75,4473.5,2227022,0.006359267843095,17.6997,0.0111250861329462,0.006427549386482,21.18274231727683,-0.0180350385648217,4405.5744831897455
2023-08-11,-0.0011152624810701,4480.75,4459.0,1511048,-0.0373798914009544,17.0503,0.0058019952846124,0.0063000453414476,18.230383054900663,-0.009405698747897,4443.756187007783
2023-08-14,0.0056193988804835,4506.0,4465.0,1277132,-0.0161410166306077,16.7773,0.006080351644282,0.0061485495704953,18.98337866298693,-0.0098569462817509,4436.800447976807
2023-08-15,-0.0116072731748761,4454.0,4447.0,1492516,0.0533118430878838,17.696,0.0085454415997874,0.0061204903363588,17.735382715968452,-0.013853139379226,4444.008136320149
2023-08-16,-0.0076628727455698,4420.0,4417.0,1499218,0.0176884733291156,18.0118,0.0065028257990591,0.0063989833652433,19.552157019830787,-0.0105418252645285,4407.293329593049
2023-08-17,-0.0080641018523337,4384.5,4377.75,1630481,0.045740424719046,18.8548,0.0079861566074994,0.0064202039511085,21.91892996740386,-0.0129464743625149,4363.145410679137
2023-08-18,-0.0003992129854264,4382.75,4350.0,1746289,-0.021773616088629,18.4487,0.0074215997322882,0.0064642898065892,23.875309637090123,-0.0120312630198973,4332.064989492121
2023-08-21,0.0067650410075685,4412.5,4372.25,1361470,-0.0330296155290383,17.8493,0.0065950912759521,0.0063108129640305,25.0315663929569,-0.0106913981679724,4336.141871673082
2023-08-22,-0.0030073504096819,4399.25,4394.25,1375651,0.0028922854376358,17.901,0.0071575031628146,0.0063087653089727,24.757063867995708,-0.0116031322388521,4361.597066827108
2023-08-23,0.0107956396788253,4447.0,4399.5,1306640,-0.0345374339548363,17.2933,0.0102928944722953,0.0062191100034837,20.627552844712937,-0.0166859605879137,4326.453318169873
2023-08-24,-0.013812061532862,4386.0,4378.5,1783795,0.0406191208146862,18.0102,0.012279793475083,0.0064593423554349,23.56417193972827,-0.0199069513929703,4359.349112686501
2023-08-25,0.0064202942050748,4414.25,4365.25,1853335,-0.0473320545928426,17.1776,0.0093507364367313,0.0071082919859964,25.895213915147465,-0.0151586145249262,4320.015695516238
2023-08-28,0.0063230606422752,4442.25,4414.5,1266414,-0.0443390428366905,16.4326,0.0044280639781005,0.007066181998786,24.66317050018011,-0.0071783987699691,4382.676213426445
2023-08-29,0.0144152680569629,4506.75,4433.5,1444714,-0.0327782605077406,15.9027,0.0082766346180674,0.0071814246968452,25.764732640607505,-0.0134173724805359,4383.044754716446
2023-08-30,0.0038755446581646,4524.25,4496.25,1397669,-0.0384465532094875,15.3029,0.0049662837294885,0.0078377612889529,27.731851203468054,-0.0080509146189821,4470.612206880114
2023-08-31,-0.0018251712707577,4516.0,4512.75,1395751,-0.017076406738036,15.0438,0.0041869843130317,0.0076397722766616,26.859900833727764,-0.0067875810266498,4493.64527008201
2023-09-01,0.0012171509109819,4521.5,4507.25,1416762,-0.0165347305588983,14.7971,0.0062915229777644,0.0073999487153168,27.032977988578,-0.0101992791947395,4470.17414774062
2023-09-05,-0.0042109991304251,4502.5,4499.25,1391805,0.013132200350677,14.9927,0.0042944611217154,0.0071646869693912,28.68328716674462,-0.0069618132407892,4490.131479018459
2023-09-06,-0.0069088752638748,4471.5,4447.0,1600128,0.0233370512326542,15.3467,0.0080502368516815,0.0070204370005321,27.78092587328406,-0.0130503557762187,4444.1225250549
2023-09-07,-0.0034163176236301,4456.25,4434.25,1602226,-0.0029038582963902,15.3022,0.0056616641149157,0.007005198090006,31.39283324303612,-0.0091782058523741,4430.647416026671
2023-09-08,0.0012334605735198,4461.75,4443.0,1686158,-0.0239209625643508,14.9405,0.0054477020446814,0.0068533598989323,26.419329117279062,-0.0088313488355409,4417.06856885001
2023-09-11,0.0063673137374458,4490.25,4459.25,1714266,-0.0241231820289504,14.5844,0.003934413041241,0.006650771657452,27.330959897222773,-0.0063781340729204,4433.3829209825
2023-09-12,0.005219914118097,4513.75,4507.25,1870977,0.0037025799496404,14.6385,0.0038565409310922,0.0066329404573179,25.187274707073392,-0.006251894465166,4462.265001658083
2023-09-13,0.0008304498747158,4517.5,4495.0,1773153,0.0677738801366665,15.665,0.0054886925708829,0.0065555630682026,25.26868363779567,-0.0088977991723746,4473.765708880687
2023-09-14,0.008266787227674,4555.0,4519.0,1640992,-0.0276497415215035,15.2378,0.0048454598540324,0.0064466147980366,78.59563104221306,-0.0078550452812204,4482.153837538525
2023-09-15,-0.0125926771747959,4498.0,4494.0,1825966,0.0344633734626165,15.7721,0.0078621600283334,0.0065859789370859,99.99792807518064,-0.0127454617087304,4497.31282766236
2023-09-18,0.0007778210292688,4501.5,4487.0,1155158,-0.0057545058124897,15.6816,0.0043116638114279,0.0071352231207472,94.30421746590622,-0.0069897007707081,4466.669947334752
2023-09-19,-0.0025579728122302,4490.0,4462.25,1422950,-0.006962247842686,15.5728,0.0072193914999733,0.0068961115601141,97.9433071700068,-0.0117034603202738,4449.123961643366
2023-09-20,-0.0096229902256048,4447.0,4443.25,1482206,0.03760713342536,16.1696,0.0081721072697131,0.0066959484267079,98.74062484007597,-0.0132479216793357,4430.909111628631
2023-09-21,-0.0170091412142667,4372.0,4366.5,1998638,0.0782619057660913,17.4859,0.007805950998243,0.0069136024788248,96.81743067158934,-0.0126543404344087,4391.0807051901365
2023-09-22,-0.0025191814536622,4361.0,4357.25,1736576,0.0003259238110473,17.4916,0.0066132089284573,0.0079643059527136,78.41725007378466,-0.0107207689573515,4325.379150326749
2023-09-25,0.0040619066689302,4378.75,4338.25,1561595,0.0003315327704775,17.4974,0.0070720762832482,0.0077122537467649,72.2425736586601,-0.0114646454847686,4311.288189682719
2023-09-26,-0.0147239101001837,4314.75,4305.5,1758048,0.0915133269290326,19.1742,0.0079178207013909,0.0075346990911257,52.0663462451076,-0.0128356940335089,4322.90487693559
2023-09-27,-0.0002897458948805,4313.5,4277.0,1965913,-0.0465443541911656,18.3022,0.0097207455637627,0.0081681734474306,55.1845253832863,-0.0157584416899119,4247.289198304167
2023-09-28,0.0055485057384814,4337.5,4301.0,2012088,-0.0533423132137023,17.3515,0.0087073969444623,0.0079054213332176,60.62813278146295,-0.0141156875385917,4253.039705021245
2023-09-29,-0.0027704046346848,4325.5,4311.0,2106053,0.0239002114434851,17.7712,0.0095244561084552,0.0077620583274579,43.48415037843691,-0.0154402340055817,4271.042366001974
2023-10-02,-0.0002890256963965,4324.25,4295.5,1950463,0.0044635537122887,17.8507,0.0091447288496543,0.0075431446653371,30.64371334148635,-0.0148246526361659,4261.848933213484
2023-10-03,-0.0138551523634031,4264.75,4251.25,2256808,0.0963602618891616,19.6564,0.0107299687894982,0.0073236245675519,25.51398405148284,-0.017394508105861,4249.682213455332
2023-10-04,0.0077080673609728,4297.75,4235.5,2168271,-0.0596759535911552,18.5177,0.0101422952050524,0.0077643110067306,21.69784427718201,-0.0164418219304596,4195.203045971326
2023-10-05,-0.0016300871048553,4290.75,4258.0,1673477,-0.017316426429633,18.1998,0.0072685743736438,0.0077899663474915,20.92465223323096,-0.0117831913904675,4247.405978317129
2023-10-06,0.0117583676839529,4341.5,4242.25,2216456,-0.009140649832136,18.0342,0.0174616489941421,0.0075966951037164,21.93559936764489,-0.02830733256816,4170.993305765773
2023-10-09,0.0062570164814204,4368.75,4299.5,1485254,-0.0217211581193184,17.6467,0.0097628228071067,0.0078604792797085,23.34750564438036,-0.0158266537196744,4273.329461586006
2023-10-10,0.0051939273750516,4391.5,4366.25,1610271,-0.038053357694451,16.9878,0.0078540391244054,0.0078054968786144,21.1380529402719,-0.0127322967935313,4313.4783923176
2023-10-11,0.0041471441344143,4409.75,4377.25,1489644,0.0213103007756112,17.3537,0.0063559057731388,0.0076938855082319,21.483962964813024,-0.0103036510785715,4346.483830004665
2023-10-12,-0.0066551253851674,4380.5,4355.5,1881573,0.0224445553708649,17.7476,0.0108649203082958,0.0075596407256333,21.79981475530817,-0.017613279971248,4332.759853511627
2023-10-13,-0.0053217487046275,4357.25,4340.75,2159101,0.1155442352993958,19.9214,0.010302054583047,0.00752705151859,24.12698569587507,-0.0167008101763746,4307.9496124350935
2023-10-16,0.0099906634092992,4401.0,4354.5,1668948,-0.1026457426601399,17.978,0.0073085599420662,0.0074166303395087,20.55246453610348,-0.0118480125756625,4305.92986832636
2023-10-17,0.0001704012954633,4401.75,4365.75,1879736,0.0251673349884153,18.4362,0.009230475837488,0.0075360581871192,18.517401835033656,-0.0149636583224067,4335.6352075869145
2023-10-18,-0.013609542172432,4342.25,4330.75,2271572,0.061045061574537,19.5967,0.0077635050410933,0.0073718309154296,16.297750478061232,-0.0125855306773456,4346.698791332518
2023-10-19,-0.0090801930955226,4303.0,4292.75,2741942,0.0477381706274964,20.5549,0.0102956220217593,0.007728369106188,16.342613741025666,-0.016690382257929,4270.3776446252605
2023-10-20,-0.0127464743950032,4248.5,4243.5,2328806,0.0082413456797025,20.725,0.0074331587063853,0.0077960773809447,17.23613748838946,-0.0120500014405369,4251.459996005982
2023-10-23,-0.0015900595205469,4241.75,4213.25,1963670,-0.0355934275798666,20.0003,0.0110367335205418,0.0080771267639607,18.18852357343454,-0.0178918088627795,4173.162620760761
2023-10-24,0.0069306045064525,4271.25,4242.0,1807092,-0.0467136028967414,19.0875,0.0074321274230673,0.0078741103641147,15.711227508794954,-0.0120483296121853,4190.950636118574
2023-10-25,-0.0145032609390831,4209.75,4203.75,1981633,0.0616266235934768,20.3008,0.0076599581214819,0.0078351009469542,15.306285831057052,-0.0124176692634073,4218.538981484207
2023-10-26,-0.0127298895192762,4156.5,4146.25,2419407,0.0115921892251589,20.5375,0.0072934254550535,0.0081865925921163,14.615230715183472,-0.0118234778391517,4160.269208117506
2023-10-27,-0.0045212121504931,4137.75,4122.25,2195767,0.0311117030233205,21.1865,0.0097442915057892,0.0084277167298094,15.429174162163417,-0.0157966123582032,4091.357252696271
2023-10-30,0.0115337375160038,4185.75,4143.5,1904610,-0.0783398497980591,19.5901,0.0072196354308187,0.0083039325138517,15.873661053993713,-0.011703855760107,4089.604663444624
2023-10-31,0.0063110473818426,4212.25,4166.75,1836212,-0.0776328304340276,18.1268,0.0070067267641424,0.0084125215488896,14.50306872504195,-0.0113587064310676,4138.474298257196
2023-11-01,0.0103328053029851,4256.0,4191.25,2027080,-0.0466561033344299,17.3005,0.0097452267655184,0.0083407669012996,14.807065244788609,-0.0157981285213216,4146.2272244455735
2023-11-02,0.0185648536092148,4335.75,4257.75,1819596,-0.043956628858202,16.5565,0.0075562207324379,0.0084374550894107,15.909670179982417,-0.0122494990767082,4204.18413901371
2023-11-03,0.0092404594711208,4376.0,4325.5,1803552,-0.0247410841543715,16.1519,0.0082181568713481,0.0089556632797294,14.329508859958391,-0.0133225733567662,4278.369727715897
2023-11-06,0.0018835084475856,4384.25,4364.25,1348878,-0.0318160051552078,15.6461,0.0040171538864841,0.0089566022693954,14.249774000543592,-0.0065122664577859,4347.594913115331
2023-11-07,0.0026764629741098,4396.0,4366.0,1371257,-0.0092913422254015,15.5014,0.0055634514833821,0.0087629045876025,13.359672042646332,-0.0090189919302439,4344.886262074617
2023-11-08,0.0007958615621035,4399.5,4375.0,1390288,0.0345292549044571,16.046,0.0052659079809384,0.0086124915749088,13.143460589229106,-0.0085366398408167,4358.632653973262
2023-11-09,-0.0085029188072756,4362.25,4357.75,1972630,0.0372148484476024,16.6544,0.0077456461082729,0.0084631436795196,13.3841923982592,-0.0125565793022017,4344.602711728918
2023-11-10,0.0155244652090171,4430.5,4354.25,1752002,-0.0402732411196082,15.997,0.0091588293173405,0.0084533737765072,12.320220173414423,-0.014847511108942,4297.959899704983
2023-11-13,-0.001185670466091,4425.25,4407.25,1276182,-0.0094399279059365,15.8467,0.0047167381517065,0.0090924747386457,99.999184710368,-0.0076463726617158,4396.751935490084
2023-11-14,0.0191920843871304,4511.0,4420.25,1901847,-0.0065718067706779,15.7429,0.0116079884157908,0.0088822998122212,99.99638170668754,-0.0188178784628743,4342.754809929896
2023-11-15,0.0018271924465675,4519.25,4510.75,1573452,-0.025228394383542,15.3507,0.0047370844281078,0.0095683760772701,99.98850819742287,-0.0076793563056321,4476.491096378172
2023-11-16,0.0008847111442413,4523.25,4501.75,1491734,-0.0134312073327418,15.1459,0.0041653654552135,0.0093213914595453,99.999115611045,-0.0067525343825323,4488.836408964569
2023-11-17,0.0009391487583627,4527.5,4512.75,1331912,-0.0160868158409921,14.9042,0.0041789662603265,0.0090941623832738,99.99995468642688,-0.0067745828450604,4492.710431365928
2023-11-20,0.0076460121113566,4562.25,4520.0,1220790,-0.0086388095286293,14.776,0.0062746851079327,0.0088894537294974,99.99957846612716,-0.0101719830796232,4481.679782924641
2023-11-21,-0.0024140023792824,4551.25,4536.75,1101669,-0.0221506714544532,14.4523,0.0044755919697616,0.0088304677040768,99.99906323596976,-0.0072554470869234,4529.268628507854
2023-11-22,0.0035093527270362,4567.25,4543.0,1403636,0.0076167605296082,14.5628,0.0051688529991852,0.0086562229533897,99.99999396656632,-0.0083793026015442,4513.273031495452
2023-11-24,0.0002189261680243,4568.25,4562.0,572702,-0.0502139806222325,13.8496,0.0017651721310123,0.0085049752226778,99.97861987823778,-0.0028615461557711,4554.199284837378
2023-11-27,-0.0015883016730029,4561.0,4552.0,1124213,0.0074596880815969,13.9533,0.0025970460983609,0.008336917736148,94.39540566682822,-0.0042101091154569,4549.057598434501
2023-11-28,0.0004384042157017,4563.0,4547.0,1441119,-0.0121930307347719,13.7842,0.0046841620927874,0.0081734762640856,99.99878158715696,-0.007593563139895,4526.4969249518335
2023-11-29,-0.0008221656304598,4559.25,4555.5,1592398,0.0155128921175489,13.9997,0.0063797414291362,0.0080278822036444,99.99875711647776,-0.010342291406385,4516.051321251229
2023-11-30,0.0038310029341825,4576.75,4544.75,2056268,-0.0174299648127322,13.7578,0.0050120256456722,0.0078626328192641,99.9952673282141,-0.0081250675030627,4522.355872593373
2023-12-01,0.0052301944341799,4600.75,4562.5,1914151,-0.004341498660747,13.6982,0.0057665057279443,0.0077828281543017,99.99973126776489,-0.009348166112598,4534.165136052665
2023-12-04,-0.0052848198404706,4576.5,4553.5,1818991,0.0074476321381204,13.8006,0.0069932551797859,0.0076743037109777,99.9999096305133,-0.0113368674501828,4548.88644766491
2023-12-05,-0.0003278151152112,4575.0,4555.5,1890825,-0.0100206201225252,13.663,0.0046333845399875,0.0075613223394521,99.99976816521615,-0.0075112469122245,4542.253556265456
2023-12-06,-0.0041616531425496,4556.0,4552.0,1837961,0.0054014729867173,13.737,0.0067919970616243,0.0074042993468803,99.99910361558652,-0.0110106049944003,4524.902788574128
2023-12-07,0.0073260400920727,4589.5,4548.75,1832361,0.000836804909575,13.7485,0.0057150581627166,0.0072885509848407,99.9971905904359,-0.0092647637180583,4513.984668096539
2023-12-08,0.0039143248848336,4607.5,4561.75,2289425,-0.0300352586026195,13.3417,0.0074950519705267,0.0072814424357357,99.99670627378102,-0.0121503375091619,4534.073433632765
2023-12-11,0.0040071532474055,4626.0,4599.5,1663229,-0.0300226438063231,12.9471,0.003472022614403,0.0071212080569373,99.9999613983465,-0.0056285462422851,4581.639320477252
2023-12-12,0.0152846672822466,4697.25,4662.25,1861122,-0.0428931339955065,12.4035,0.0053761665248981,0.0069514257699984,99.9995423530179,-0.0087153815663774,4585.857826147485
2023-12-13,0.0134279877652954,4760.75,4696.75,1970985,0.1362909145693689,14.2146,0.0062565732891879,0.0077096191121526,99.9998997837289,-0.0101426217474376,4649.848364785729
2023-12-14,0.0027793090598482,4774.0,4746.25,2265347,-0.0044489798795304,14.1515,0.0065215043393636,0.0080147159485535,99.99865617570458,-0.0105721053172581,4710.683967614505
2023-12-15,-0.0012575981535896,4768.0,4757.25,1801823,0.032925442700058,14.6252,0.0047034561624008,0.0078797014632465,99.99979381686992,-0.0076248410361191,4737.737432735575
2023-12-18,0.0052295904144461,4793.0,4769.5,1139029,0.0011070641382699,14.6414,0.0038549989609995,0.0077966239336641,99.99966178329709,-0.0062493947550734,4738.295799120971
2023-12-19,0.0056692737598744,4820.25,4787.75,1122973,0.0167964180073356,14.8894,0.0031409838451886,0.0077289731875232,99.99999051854168,-0.0050918944898502,4768.6565793715845
2023-12-20,-0.0147338088548565,4749.75,4743.25,1749145,0.0597463910904494,15.8061,0.0093428023011636,0.0076645217329671,99.9996806655506,-0.0151457523826261,4747.793774183919
2023-12-21,0.0098466201735583,4796.75,4751.0,1687065,-0.0233437274129864,15.4414,0.0036726505254212,0.0080549491845842,99.9973704763327,-0.0059537870601227,4721.555016661608
2023-12-22,0.0017704649490326,4805.25,4784.75,1326697,-0.0265250830840568,15.0372,0.0053062665514662,0.0081462264879975,99.98985485655368,-0.0086020657051374,4755.665002594354
2023-12-26,0.0041016645858462,4825.0,4800.25,688201,-0.0290741884858038,14.6063,0.0038803852438662,0.0080181044094058,99.99972423662986,-0.0062905488266058,4775.11721549238
2023-12-27,0.0017601081315739,4833.5,4816.5,1042284,-0.04286000640431,13.9935,0.002835170622206,0.0079000841830272,99.99934764313991,-0.0045961362364567,4802.874527451218
2023-12-28,-0.0002586452177997,4832.25,4828.0,927035,-0.0007005704931741,13.9837,0.0019531313063661,0.0077507881648607,99.9931463001586,-0.0031662495023889,4818.220135726753
2023-12-29,-0.0025382696422155,4820.0,4796.75,1281733,0.0048154357914471,14.0512,0.0062092336807501,0.0076202079042332,99.99990002445875,-0.0100658788212602,4783.853144146964
2024-01-02,-0.0068177942403693,4787.25,4765.5,1678142,0.003580464738345,14.1016,0.0083097560038407,0.007530667978219,99.9996078931232,-0.0134710660396333,4755.5048462496425
2024-01-03,-0.0085486294824228,4746.5,4741.0,1707174,0.0415388192895695,14.6997,0.0046067306669648,0.0074999507248258,99.99996906795204,-0.0074680379318965,4751.631799985069
2024-01-04,-0.0035880156686278,4729.5,4727.0,1395366,-0.0025816134086769,14.6618,0.0052342745909971,0.007543967608364,99.9999456193696,-0.0084853584933548,4706.394640723017
2024-01-05,0.0011094382626204,4734.75,4702.0,1767245,-0.0317640994379382,14.2034,0.0087021057193313,0.0074290117938662,99.99912811693444,-0.0141071098567516,4663.248828926576
2024-01-08,0.0139473737442692,4801.25,4715.25,1417728,-0.0289939562350416,13.7975,0.0099029454672414,0.0073033332350138,99.99939327731995,-0.0160538085973208,4659.346109007828
2024-01-09,-0.0017719412599568,4792.75,4767.5,1369103,0.0447180009471237,14.4285,0.0053539145269437,0.0079949001288528,99.98834823642714,-0.0086793085295977,4759.758787899938
2024-01-10,0.0057214345193479,4820.25,4786.0,1377780,-0.0091067321096254,14.2977,0.0049520662738228,0.0076735134407742,99.99988779709588,-0.0080278664952949,4754.428468730746
2024-01-11,-0.0009859119185868,4815.5,4772.75,1795564,-0.0031874044057325,14.2522,0.0095799396154504,0.0075934657001436,99.99939887321584,-0.0155301791238856,4745.968946073973
2024-01-12,0.0002076411967593,4816.5,4791.5,1519899,0.0147999177331854,14.4647,0.0065750481811238,0.0074766424408588,99.99998034822616,-0.0106589060161034,4764.444618710441
2024-01-16,-0.003744154139996,4798.5,4779.5,1905532,0.0355119940617587,14.9876,0.0061639805139452,0.0072900913870185,99.99967792367714,-0.0099925182558899,4768.610701644434
2024-01-17,-0.0056950439982426,4771.25,4746.25,1663328,0.0348225558019388,15.5187,0.007174713627314,0.0071650882970299,99.99836121136006,-0.0116310323725909,4743.01180917172
2024-01-18,0.0083486005385164,4811.25,4763.5,1746936,-0.0337489110085118,15.0037,0.0055561181001472,0.007106327321149,99.99969677720452,-0.009007103676268,4728.467817596196
2024-01-19,0.012034336803298,4869.5,4808.5,1876757,-0.0269192076652817,14.6052,0.0060230748550424,0.007261523052951,99.99998086313164,-0.0097640940475785,4764.501104230818
2024-01-22,0.0023588544858927,4881.0,4872.5,1356050,-0.0365938702690997,14.0804,0.003566142978369,0.0077113393828201,99.99992290446764,-0.0057811261300789,4841.430022527862
2024-01-23,0.0028641590774629,4895.0,4874.25,1130749,-0.0273733281496069,13.7002,0.0036436689652839,0.0076511417856289,99.99999998443926,-0.0059068046324363,4852.253869058926
2024-01-24,0.0006126825475032,4898.0,4889.0,1586824,0.0243575070405617,14.038,0.0063647876081535,0.0075366103577504,99.34510627994794,-0.0103180495501969,4844.752819684345
2024-01-25,0.0051419230001918,4923.25,4893.25,1532026,0.0133103673612082,14.2261,0.0037279255043667,0.0072903084397212,99.99995839681588,-0.0060433941305793,4868.488719517085
2024-01-26,-0.0014228367662862,4916.25,4898.5,1363612,-0.0076773100191709,14.1173,0.0051278347374678,0.0072103532696483,99.99981700441144,-0.0083128073022634,4882.493606171272
2024-01-29,0.0077502097529347,4954.5,4901.75,1197989,0.0094120498394594,14.2508,0.0052276638514806,0.0070546704759858,99.99993412869196,-0.0084746417275971,4874.7625863903
2024-01-30,-0.0007066781375311,4951.0,4933.0,1157425,-0.0182629873720436,13.9929,0.0034662522662962,0.0071650283574787,99.99996951822536,-0.0056191918472364,4926.737787641557
2024-01-31,-0.0163929751504117,4870.5,4866.0,2285993,0.0610310478931479,14.8735,0.0071021005846018,0.0070023398409241,99.9968394966438,-0.0115133183153716,4894.324448908802
2024-02-01,0.0118380808944831,4928.5,4872.5,1835510,-0.0118900870527212,14.6977,0.0111912696665687,0.007302331247177,99.99991683571297,-0.0181423296515579,4782.9345062514085
2024-02-02,0.0104454084564,4980.25,4925.75,1957796,-0.0102856095706052,14.5473,0.0096666825845596,0.0073789238937006,99.99903506403086,-0.0156707994098248,4851.868471979908
2024-02-05,-0.0036712053101481,4962.0,4937.75,1504676,-0.0415173824247179,13.9557,0.0058757328754781,0.0074271324259355,90.32614920028442,-0.0095252358264462,4933.037157970875
2024-02-06,0.0025662328220299,4974.75,4954.5,1267419,-0.0293465100956606,13.5521,0.0027916549017049,0.0074013600551351,91.5205040824209,-0.0045255922705013,4939.594747911731
2024-02-07,0.0081081525284218,5015.25,4970.0,1336172,0.0774960071028667,14.6441,0.004521771102849,0.0073536961053793,98.92004020010654,-0.0073303087496709,4938.416875748668
2024-02-08,0.0004983554374042,5017.75,5003.75,997431,-0.0076293602041803,14.5328,0.0022792251523098,0.0073678927745084,99.99546467800327,-0.0036948849679543,4996.753420574313
2024-02-09,0.0052177920452081,5044.0,5013.0,1212336,0.0111331607048574,14.6955,0.0034069044341479,0.0073268596370631,99.96626113500292,-0.0055229822153519,4990.113444342165
2024-02-12,-0.0005453508972319,5041.25,5031.5,1141487,0.0173973742581017,14.9534,0.0048993077296881,0.0073050831343084,95.25498264610782,-0.0079423388538256,5004.09751211758
2024-02-13,-0.0139827496656774,4971.25,4936.5,2112726,0.0685745959621448,16.0148,0.0124294356724111,0.0072548227585445,72.2775971593107,-0.0201495385304977,4940.687683387839
2024-02-14,0.0093601304044668,5018.0,4968.75,1632071,-0.0561994671098897,15.1396,0.0053161716165409,0.0073593781860005,97.5331072995476,-0.0086181229498612,4928.591239535901
2024-02-15,0.0056634857525477,5046.5,5011.0,1361757,-0.0080044196126536,15.0189,0.0044686056658694,0.007370947164235,99.9987037064802,-0.0072441214883065,4981.780346548928
2024-02-16,-0.0053148020300533,5019.75,5012.75,1527729,-0.0044977787166806,14.9515,0.0053982529364384,0.0073433624408971,99.60589842444011,-0.0087511861686186,5002.529815251017
2024-02-20,-0.0056436658723821,4991.5,4968.25,1609827,0.0377881357431455,15.5273,0.0080885683455985,0.007338612951137,79.30849205382151,-0.0131124955172309,4954.35821232797
2024-02-21,0.0009511652490541,4996.25,4959.0,1485687,-0.0115233796734677,15.3494,0.0086805976515396,0.0073053700494992,99.96740318250625,-0.0140722428159536,4921.750318241988
2024-02-22,0.0201116348693233,5097.75,5015.25,1738869,-0.0207088712639995,15.0348,0.0081265774251926,0.0073024730306897,94.3968085716734,-0.0131741125877058,4930.8605099677725
2024-02-23,0.0007353482205036,5101.5,5092.0,1340050,-0.0410512112886731,14.4301,0.0042702902324881,0.0075970758337104,98.35889825310832,-0.0069226294615221,5062.582033508496
2024-02-26,-0.0041741411553086,5080.25,5076.25,1094682,-0.0124050220054119,14.2522,0.0040238718402657,0.0075576523565477,99.58466781731202,-0.0065231570301447,5068.330417227332
2024-02-27,0.0019173575845172,5090.0,5067.0,1026819,-0.0179896746437577,13.9981,0.0032805691551285,0.0075334000182238,73.44916450096075,-0.0053181782612984,5053.304040106504
2024-02-28,-0.0017697379508376,5081.0,5063.25,1201011,0.0159528281006977,14.2232,0.003713067058985,0.0074857421844341,64.76400463614704,-0.0060193068891621,5059.453753778708
2024-02-29,0.0044674710400531,5103.75,5060.0,1790702,-0.0151887306446711,14.0088,0.0065071382781645,0.0074437385116771,71.82564657133258,-0.0105488162869841,5027.683173562173
2024-03-01,0.0082441502079042,5146.0,5089.25,1597331,0.0028014517428958,14.0481,0.0062886954845451,0.0073913155592315,61.43472197183405,-0.0101946955044524,5051.98314483314
2024-03-04,-0.0015071592905702,5138.25,5132.0,1208040,-0.0013106441839418,14.0297,0.0035098950356179,0.0076179276666351,99.9998488446834,-0.0056899417738783,5116.802703862006
2024-03-05,-0.010270043319057,5085.75,5063.0,1885769,0.0468750434610121,14.703,0.0081845889209053,0.0073232388379175,46.59644730694264,-0.0132681558652031,5070.5251833795455
2024-03-06,0.0050993000911017,5111.75,5083.75,1996223,0.0058794379458064,14.7897,0.006553162296202,0.0076441622713284,99.95764524550216,-0.0106234264904734,5032.007876904284
2024-03-07,0.0097338579418249,5161.75,5086.5,1791666,-0.0117183926121402,14.6174,0.0100561841025936,0.0074500013225634,55.67079518284133,-0.0163022259727164,5029.092676163512
2024-03-08,-0.0063649608757199,5129.0,5121.75,2786680,0.0309777015272993,15.0773,0.0090594836085941,0.0076683720822635,99.90257394685466,-0.0146864603389004,5086.496122523287
2024-03-11,-0.0011705034500657,5123.0,5094.75,1840000,-0.0121244341287201,14.8956,0.0051973471124233,0.0074864270047364,79.40677467697746,-0.008425494821989,5085.967178038308
2024-03-12,0.0228198145457696,5241.25,5176.25,2317426,-0.0648267909744571,13.9606,0.0075312252525091,0.00735703085121,43.936885964767335,-0.0122089785414894,5060.833668836695
2024-03-13,-0.0016708441648169,5232.5,5217.5,1602402,0.0742282012645065,15.0363,0.0039962532703565,0.0076322623531103,28.38343987038855,-0.0064783841656953,5207.404918084505
2024-03-14,-0.0027749886234822,5218.0,5188.0,2188953,0.0241729218911737,15.4042,0.0085945152714393,0.007605572216018,98.03914902813766,-0.0139326934204426,5160.102697530337
2024-03-15,-0.0067783832834518,5182.75,5167.75,1927775,0.0176054994469994,15.6778,0.0075905359022368,0.0076033866386446,62.646108380125625,-0.0123051278964122,5154.185272044229
2024-03-18,0.0061553452340152,5214.75,5181.75,1377276,-0.0223818221762037,15.3308,0.0071415846034816,0.0075845488155547,74.2148482506321,-0.0115773264313253,5123.093608529929
2024-03-19,0.005164263378111,5241.75,5186.0,1440289,-0.0270674526261225,14.9214,0.0073161141717007,0.0075753250529381,55.45562493576527,-0.0118602588469415,5153.267037811535
2024-03-20,0.0085482782967467,5286.75,5233.0,1404974,-0.0242093632020932,14.5645,0.0066939977514326,0.0075726731473552,43.65654730523354,-0.010851736890593,5185.175429515473
2024-03-21,0.0029747171167429,5302.5,5293.5,1326994,-0.0074290860337655,14.4567,0.0037889356075312,0.0076346722491634,37.2371433944055,-0.006142298494129,5254.376728366013
2024-03-22,-0.0017459835027917,5293.25,5287.75,1162606,0.0017070924489388,14.4814,0.0027834245482705,0.0076305058446557,30.35816721541457,-0.0045122499251191,5278.627694181254
2024-03-25,-0.0028378205678532,5278.25,5272.5,920608,-0.0056021391653668,14.4005,0.0026440247980382,0.0075872010660643,30.50277279371045,-0.0042862669672056,5270.610271996555
2024-03-26,-0.0024659755465989,5265.25,5263.0,1092706,-0.0037708589633749,14.3463,0.0046761939874908,0.0075519605709658,28.04067481497291,-0.0075806459287745,5238.3887335893305
2024-03-27,0.0081335862403104,5308.25,5270.75,1487671,-0.0197244220357695,14.0661,0.0040129272566023,0.0075097011159438,28.70760537814431,-0.0065054146067524,5231.10853833018
2024-03-28,4.709539172331745e-05,5308.5,5301.0,1317836,0.0212845825472549,14.3687,0.0026621604211046,0.0075113262544084,34.96180843287328,-0.0043156668889222,5285.390723228267
2024-04-01,-0.0024991171795196,5295.25,5282.25,1125234,0.0092481323060313,14.5022,0.0064543876118177,0.0075117251253125,25.904106677554022,-0.0104633014163112,5253.245142655743
2024-04-02,-0.0065841130257648,5260.5,5235.0,1426691,0.0337231720244646,14.9996,0.007146504189716,0.0074530236710679,24.7807384428284,-0.0115853016439574,5234.256925256404
2024-04-03,0.0011399260282534,5266.5,5244.5,1402981,-0.0036735035065462,14.9446,0.0048477633634112,0.0074708628288349,22.175200757586417,-0.0078587795337003,5219.3209108905785
2024-04-04,-0.013236365749373,5197.25,5192.5,1941274,0.0576073789976852,15.8308,0.0129573658856241,0.0074251602663445,21.403653689669145,-0.0210053738598651,5157.028963679624
2024-04-05,0.010669702426739,5253.0,5191.5,1908306,0.0154571495639248,16.0774,0.0089299351894443,0.0075412841430416,23.20332776224628,-0.0144764475167561,5122.554252159285
2024-04-08,4.759071981830232e-05,5253.25,5236.5,1167648,-0.0464945439420874,15.347,0.0042471898519352,0.0075402627087216,29.405523735453126,-0.0068851810994011,5216.956369535863
2024-04-09,0.001331621445642,5260.25,5208.25,1651973,-0.0178623722802084,15.0753,0.0089003291440935,0.0075500759222202,27.40924751042651,-0.0144284527270283,5177.99792173384
2024-04-10,-0.0100306534553986,5207.75,5176.5,2369864,0.0690295754449907,16.1527,0.0130447383772326,0.0074481152808218,29.367193767891333,-0.0211470146738627,5150.179350779959
2024-04-11,0.00679363439618,5243.25,5173.5,1762470,-0.0158184248627781,15.8992,0.0102764755976923,0.007474637872358,38.02782629227866,-0.0166593437120427,5121.710969559228
2024-04-12,-0.0145525225042799,5167.5,5150.0,2005106,0.0737741170657448,17.1165,0.0098462021255932,0.0074620431156447,45.50182765031574,-0.0159618211427795,5160.222578520137
2024-04-15,-0.0123644665312987,5104.0,5094.0,2226105,0.0510674633803445,18.0133,0.0145089415891978,0.007556992600548,52.01228511092151,-0.0235206557476452,5047.375255714934
2024-04-16,-0.0022556769236636,5092.5,5078.75,2098015,-0.0314441310658462,17.4557,0.0060757028326439,0.0076349956676121,57.51046574091976,-0.0098494100257461,5053.9753721744455
2024-04-17,-0.0059578206215817,5062.25,5047.0,1928645,-0.0142163075056962,17.2093,0.0093385627460517,0.0075964487729655,62.80607384848299,-0.0151388795783146,5015.985886048664
2024-04-18,-0.0026208446204645,5049.0,5038.5,1701401,0.0100370290064106,17.3829,0.0077305683375032,0.0075799310144552,80.34134547766837,-0.0125321365092153,4999.205060969135
2024-04-19,-0.0090025725521325,5003.75,4963.5,2357143,0.0256982819939208,17.8354,0.0122027454891422,0.0075269933253736,78.02767643810822,-0.0197820477849282,4950.101869628905
2024-04-22,0.0087054398802095,5047.5,5006.0,1584393,-0.079662917282433,16.4697,0.009033492832373,0.0075293928995557,95.73183336662302,-0.0146443263144196,4931.00738550071
2024-04-23,0.0116211668311621,5106.5,5037.75,1357493,-0.0418732136375181,15.7943,0.0080770894538223,0.0075310497548869,96.5266810876652,-0.0130938869192038,4981.8394200022585
2024-04-24,0.000195809673622,5107.5,5072.25,1512469,-0.0107641199093433,15.6252,0.0077760514668828,0.0075493335959881,86.4943539223125,-0.0126058698702525,5042.532157736291
2024-04-25,-0.0049559707906023,5082.25,5022.25,1887635,0.023816220371585,16.0018,0.0153158764877516,0.0075254076467681,99.92327827723896,-0.0248287896210199,4982.248315288803
2024-04-26,0.0096439371845953,5131.5,5104.5,1455855,-0.0385675000538987,15.3964,0.0057939769804819,0.0075110084814298,98.3018312645492,-0.0093927001587185,5034.73743456598
2024-04-29,0.0030160065669857,5147.0,5118.75,1163440,-0.0149589560865059,15.1678,0.0048185179022522,0.0075161882086112,99.99979263972236,-0.0078113692922384,5091.572107259285
2024-04-30,-0.0156650941768443,5067.0,5051.0,1675335,0.0321520208905594,15.6634,0.0091878780219321,0.0075864980510773,96.37493064953938,-0.0148946023854775,5070.905586324745
2024-05-01,-0.0040539927969955,5046.5,5037.75,1955160,0.0028497222160503,15.7081,0.0123756203451358,0.007699881959396,93.69953565216466,-0.0200622977225444,4966.357275260306
2024-05-02,0.008877548932805,5091.5,5036.25,1573131,-0.0353050631445426,15.1632,0.0098243992198156,0.0076678089757414,98.2108866422534,-0.0159264761358442,4966.763682893077
2024-05-03,0.0123461370581043,5154.75,5099.25,1604172,-0.0384322723397656,14.5915,0.0075780701550172,0.0076922750815795,99.91902568421747,-0.0122849194927056,5029.333966596274
2024-05-06,0.0099892253001261,5206.5,5155.75,1019307,-0.0273169282634806,14.1983,0.0052596620410525,0.0077512891994946,96.86878590927536,-0.0085265144570337,5110.984797069507
2024-05-07,0.0013915215412048,5213.75,5202.25,1106457,-0.0071389494445552,14.0973,0.0031439835444289,0.0077758284917993,99.99677061386664,-0.005096757345817,5180.031242593951
2024-05-08,-0.0001918189235254,5212.75,5188.75,1013418,-0.0132890186002696,13.9112,0.0039731172576129,0.0077740281987279,94.01206786312171,-0.0064408780397129,5180.276786283378
2024-05-09,0.0050230928205898,5239.0,5195.0,1094931,-0.007214413884153,13.8112,0.0057351486637244,0.0077346551596566,99.95668889575715,-0.0092973327207728,5164.509928348506
2024-05-10,0.0013828952395815,5246.25,5232.75,1112925,-0.0190121323590348,13.5511,0.0041595052514926,0.0077123815774157,98.4340398469852,-0.0067430343212436,5203.792080699323
2024-05-13,-0.0001429694762613,5245.5,5233.25,922763,0.0195839683662639,13.8191,0.0041001013677486,0.0076749366353066,99.77164780361728,-0.006646733823304,5211.495203572748
2024-05-14,0.0045649152024509,5269.5,5216.75,1252615,-0.0221627271889324,13.5162,0.0070222451188764,0.0076337674556301,99.71129898477042,-0.0113838634611118,5186.124546458415
2024-05-15,0.0119784502266107,5333.0,5266.25,1391029,0.019031722638001,13.7759,0.0056987554543468,0.0076054123993475,99.99461272880475,-0.0092383351609534,5221.042769575957
2024-05-16,-0.0023936368878203,5320.25,5315.5,1207843,-0.0026530709394143,13.7394,0.0042440047217867,0.0076541590306607,99.99830463373844,-0.0068800176386985,5296.434794794505
2024-05-17,0.0013148628332473,5327.25,5305.75,1052765,-0.0091248713853104,13.6146,0.0028724175713218,0.0076208318715552,91.85400715485034,-0.0046565178061539,5295.533751627644
2024-05-20,0.0008443569316742,5331.75,5323.75,1031456,-0.0009185537466991,13.6021,0.0032335419920719,0.0075965420462315,97.26771830990997,-0.0052419418448623,5299.397928552816
2024-05-21,0.0025288015723869,5345.25,5322.5,1011849,-0.015813124975287,13.3887,0.0029170559551162,0.0075580409678985,99.88101381943306,-0.0047288817378649,5306.59630609059
2024-05-22,-0.0032323828298643,5328.0,5306.75,1257477,0.0204194337764933,13.6649,0.0053436521648955,0.0075301506484975,99.542162765473,-0.0086626720655656,5299.145833092537
2024-05-23,-0.0080560113449834,5285.25,5273.5,2012153,0.0138950674964561,13.8561,0.0109090320723946,0.0075052661618071,99.99948415446816,-0.0176847901921287,5234.603718816993
2024-05-24,0.0068352966058569,5321.5,5285.75,1264244,-0.0314430685443736,13.4272,0.0040043857961665,0.00751452575295,99.99891611473866,-0.006491567921296,5251.051561481918
2024-05-28,0.0006105436376113,5324.75,5296.75,1387872,0.0219802019473474,13.7256,0.005606994103573,0.0075118592479781,99.97692138956882,-0.0090895795036768,5273.348970497815
2024-05-29,-0.0076823754764951,5284.0,5268.25,1445855,0.0437482910048516,14.3394,0.00580584002462,0.007479119538808,88.2000836820129,-0.0094119315117139,5274.86892453943
2024-05-30,-0.005884044688253,5253.0,5238.25,1495148,-0.0032550793264931,14.2928,0.00478408865512,0.0074977828824691,88.20594275243775,-0.0077555555401139,5243.178147214016
2024-05-31,0.0080580613297627,5295.5,5205.5,2452894,-0.035841229107393,13.7896,0.0125826146068625,0.0074903276457214,99.42714577790932,-0.0203978591238968,5146.9354682311605
2024-06-03,0.0003304146734173,5297.25,5246.75,1785532,-0.009918785838157,13.6535,0.0089020014866458,0.0074916633871025,94.86901731772149,-0.0144311637858071,5219.628545599779
2024-06-04,0.0012734349085565,5304.0,5262.0,1679093,0.0046035886929747,13.7165,0.0067061574317512,0.0074736646486569,99.84061937551158,-0.0108714491248051,5239.973121579318
2024-06-05,0.0116214991198706,5366.0,5302.5,1450596,-0.026895854481074,13.3525,0.0050439469693524,0.0074589019319301,70.62792267036443,-0.0081768156240868,5260.807001181492
2024-06-06,-0.0003727865840001,5364.0,5345.25,1228240,-0.0072382657137981,13.2562,0.0036687432265124,0.0074900644892121,99.2295631103798,-0.0059474528811633,5334.180683575453
2024-06-07,-0.0015392153042395,5355.75,5329.0,1591439,-0.0187624479019001,13.0098,0.0074222264503913,0.0074668280967135,85.36938809832156,-0.0120322790017086,5299.845591305424
2024-06-10,0.0028899059918749,5371.25,5338.25,1185881,0.0015130977989836,13.0295,0.0043885597364721,0.0073901694283083,83.91392037597042,-0.0071143578706242,5317.782495183515
2024-06-11,0.0023709362353585,5384.0,5334.5,1413433,0.0891548498836773,14.2445,0.0066248797121852,0.0073534826823969,80.24468605360215,-0.0107396886342061,5313.873103913802
2024-06-12,0.0080470304278836,5427.5,5380.0,1899786,-0.0196233460953831,13.9677,0.0083741497596229,0.0073068302066146,80.97917648937225,-0.0135754556915412,5311.403625900243
2024-06-13,0.0020246647814587,5438.5,5408.5,1682858,-0.0001718397598473,13.9653,0.0057559599473332,0.0073183862345128,68.26448455979866,-0.0093310701946209,5377.091166453642
2024-06-14,-0.0001838911369667,5437.5,5397.75,1789793,0.0315826479955814,14.4134,0.00590056305776,0.0073413242553483,73.47401699134414,-0.0095654883952509,5386.726107415924
2024-06-17,0.0198026272961797,5546.25,5489.75,2126072,-0.0065500517829635,14.3193,0.007487020604546,0.0072745987042086,69.71296358787349,-0.0121373177452284,5371.902230535812
2024-06-18,0.0024311195118205,5559.75,5541.5,1561429,-0.00162150485985,14.2961,0.0023654480297166,0.0075104530368852,32.268046673148376,-0.0038346621256875,5525.022730899426
2024-06-20,-0.0027466978116681,5544.5,5525.5,1811776,0.0324826763388985,14.7681,0.0077154287691917,0.0074923746070853,31.18604113754466,-0.0125075935353372,5490.643982738449
2024-06-21,-0.0018503897866857,5534.25,5519.0,1392213,-0.0220657342652526,14.4458,0.0038727589295554,0.0074787054443319,30.14370839555049,-0.0062781856978121,5509.79964102512
2024-06-24,-0.0031218213341546,5517.0,5510.25,1410359,-0.003404701217339,14.3967,0.0056710196256846,0.0074637159874077,27.63801154926549,-0.0091933722066381,5483.604736945213
2024-06-25,0.003618603550537,5537.0,5511.0,1141183,-0.0224567538067668,14.077,0.0028212269243248,0.0073378729328547,28.36559723255224,-0.0045735319054862,5491.825436693431
2024-06-26,0.0011732323894388,5543.5,5516.25,1197372,-0.0120564756136087,13.9083,0.0044346294232841,0.0073091645372996,25.133361713180538,-0.0071890421084266,5497.337014106311
2024-06-27,0.0004508769633169,5546.0,5515.75,1257121,-0.0108144329344166,13.7587,0.0047970985968295,0.0072629735569723,23.82805375590156,-0.0077766461454047,5500.557353393763
2024-06-28,-0.0044273846885385,5521.5,5510.75,1855777,0.0190132250616117,14.0228,0.0089743369809161,0.0072325429798168,19.90132169748167,-0.0145484279052197,5465.898507065366
2024-07-01,0.0022161425591651,5533.75,5504.5,1432355,-0.0441247512905675,13.4175,0.0046729669271961,0.0071970768163767,20.95345228597786,-0.0075754144945033,5479.830380462529
2024-07-02,0.0063049071727689,5568.75,5502.75,1315097,-0.0158885532964676,13.206,0.0075930808591887,0.0071509261766712,20.38900131145637,-0.0123092535630565,5466.051183837848
2024-07-03,0.003853396649136,5590.25,5559.75,808966,0.0048270407483159,13.2699,0.0034794691782412,0.0071607378288638,18.704831288680108,-0.0056406179749792,5537.427231585653
2024-07-05,0.0055745233215596,5621.5,5585.0,1233173,0.0025138122310135,13.3033,0.0039135573846688,0.0071204151814076,19.415287865940023,-0.0063443246654176,5554.89590654749
2024-07-08,0.0006668593396259,5625.25,5610.75,981186,-0.0167748852126878,13.082,0.0030270345162848,0.0070954152930249,20.662606821185086,-0.0049071695792602,5593.9819193745625
2024-07-09,0.0010660508272071,5631.25,5626.25,1063568,-0.0066187060244615,12.9957,0.0024158123349141,0.0070535150163391,18.41850833544682,-0.0039163084316732,5603.262868291623
2024-07-10,0.0100272501264289,5688.0,5630.75,1200224,0.0854140612180769,14.1545,0.0041896886743712,0.0069988038833767,18.18396861784611,-0.0067919651060599,5593.132339938068
2024-07-11,-0.0085189542145442,5639.75,5630.0,1970766,0.0029628606204292,14.1965,0.0083782517490402,0.0070377992679098,20.8869156626532,-0.0135821054861092,5611.267259675053
2024-07-12,0.0044230245931338,5664.75,5621.25,1684437,-0.0122823544268659,14.0232,0.0104693466722398,0.0070584311235085,21.93534473603187,-0.0169720098097192,5544.839794368619
2024-07-15,0.0032164994354548,5683.0,5665.5,1701349,0.0138659974880375,14.219,0.0066114348549658,0.0070334602097179,20.487466659017763,-0.010717892981071,5604.360020502397
2024-07-16,0.0060086582393719,5717.25,5673.0,1485113,0.0081668556433611,14.3356,0.0051202271573817,0.0070006785905121,18.856159706088587,-0.0083004745437931,5636.023635938655
2024-07-17,-0.0137811757293118,5639.0,5631.75,2059862,0.0324216212135981,14.808,0.0067531448716797,0.0069796745927301,20.305788379695827,-0.0109476211455019,5655.001073549657
2024-07-18,-0.0079227725594055,5594.5,5570.25,2528379,0.0322537875102701,15.2934,0.0104550842543657,0.0070852936972033,23.02200271603448,-0.0169488887971433,5544.230602709648
2024-07-19,-0.007310596997657,5553.75,5542.0,2106581,0.0399600750555744,15.9169,0.0062865559945045,0.0070981584034197,23.46430673014253,-0.0101912271461017,5537.774720795476
2024-07-22,0.0102110251705056,5610.75,5553.5,1671918,-0.0564088444193497,15.0439,0.0060130220458055,0.007092941246359,26.576842303849208,-0.0097477972926496,5499.876172946927
2024-07-23,-0.0020517402380448,5599.25,5587.75,1385653,-0.0074459414876164,14.9323,0.0052104422299295,0.0071362097883825,28.776765395599387,-0.0084467235069998,5563.557139195756
2024-07-24,-0.0229884798801922,5472.0,5462.0,2178690,0.1339130426293224,17.072,0.0093041928485147,0.0070870222181249,29.272758825108344,-0.0150831620386803,5515.429334402127
2024-07-25,-0.0056353664358805,5441.25,5432.5,2888086,0.0042318951175781,17.1444,0.012116246131962,0.0073565205069761,17.065885742715412,-0.0196418224218222,5365.568622572875
2024-07-26,0.0105574436413071,5499.0,5445.25,1977698,-0.0580749277326502,16.1771,0.0088424922145514,0.0073329325790098,17.857015976410082,-0.0143346924412835,5363.807736356651
2024-07-29,0.0007271405519446,5503.0,5481.0,1697647,-0.0127469509084003,15.9722,0.0068292040756475,0.007372573004297,20.602263630156685,-0.0110709218247395,5438.4567540312055
2024-07-30,-0.0055578476627413,5472.5,5433.0,2053956,0.0316314956313847,16.4855,0.0116425581601373,0.0073269636782233,19.03229878057289,-0.0188739199770717,5400.110833601135
2024-07-31,0.0155027809054324,5558.0,5451.5,2156505,-0.0299299851306709,15.9994,0.0131221220820439,0.0073155791455074,17.91500867306141,-0.0212724625206374,5357.315916937343
2024-08-01,-0.0140876109630134,5480.25,5444.75,2751690,0.0877564398116463,17.4669,0.016913911402907,0.007437902763202,19.92557514930156,-0.0274193872108587,5407.67339569709
2024-08-02,-0.0192061171364503,5376.0,5331.75,3239738,0.2240168223532461,21.8527,0.0155121623681914,0.0075359846153193,23.1755566445778,-0.0251469915100801,5344.156542015956
2024-08-05,-0.02992624325163,5217.5,5120.0,3436090,0.3844879317761682,32.0986,0.0274414559789353,0.0077352064382965,18.637621877387293,-0.0444857424869116,5142.086138941102
2024-08-06,0.0093001743418703,5266.25,5221.75,2172067,-0.2195936298811829,25.7702,0.015984070571299,0.0080808460291012,9.480569285866505,-0.0258777505229835,5084.214834648144
2024-08-07,-0.0073853819904368,5227.5,5196.75,2247229,-0.0272836452099207,25.0766,0.0217086974696475,0.0081004337465023,9.803929746491734,-0.0351755715257266,5084.226799543924
2024-08-08,0.0228362522737342,5348.25,5182.0,1912347,-0.1000769521979085,22.6885,0.0174592204024254,0.0081113782422358,9.63711854562144,-0.0282778807658634,5081.7478712444645
2024-08-09,0.0041050577775632,5370.25,5319.5,1412017,-0.1515924516273146,19.4971,0.0083032438337358,0.012027772609506,13.464747020202507,-0.0134605090661789,5276.742177907877
2024-08-12,-9.31098697147803e-05,5369.75,5347.75,1219995,-0.0016631678961727,19.4647,0.0064179999871949,0.0110457781361258,12.512970470800052,-0.0104043129100189,5314.665897206871
2024-08-13,0.0164842702973864,5459.0,5367.5,1271171,-0.1038221604359446,17.5452,0.0071668334439445,0.0082623108457339,8.500044824431967,-0.0115659330079652,5308.001608453277
2024-08-14,0.0032918830019639,5477.0,5438.75,1301826,-0.0758939682288617,16.2629,0.0059420557281542,0.0107788927777313,14.190008923995988,-0.0096327527653219,5406.667261481898
2024-08-15,0.0163886143478002,5567.5,5471.75,1440377,-0.0323508830828602,15.7452,0.0083566735335023,0.0100197056361368,13.593832961989728,-0.0135471247277818,5403.302718102748
2024-08-16,0.0019289869830902,5578.25,5536.5,1183498,-0.0035374844427562,15.6896,0.0062314104267686,0.0106699586358399,13.758832794301544,-0.0101018298660347,5511.5411813219125
2024-08-19,0.0092343350191228,5630.0,5565.25,1010612,-0.0203983584513589,15.3728,0.0066743533494105,0.009950246147207,12.702627503320471,-0.0108198910654175,5518.219291178012
2024-08-20,-0.0018222632212054,5619.75,5607.75,1020393,0.0425295283604696,16.0407,0.0043947609951841,0.0097423130817023,12.574329987306882,-0.0071244108211079,5590.032109966094
2024-08-21,0.0038628086659713,5641.5,5613.5,1086814,0.011608902960313,16.228,0.004642824116799,0.0091116061844289,12.663301032697936,-0.0075265495471701,5577.61145104575
2024-08-22,-0.0084553928165966,5594.0,5582.75,1409474,0.0470338661577045,17.0095,0.0089105603394182,0.0086315526635585,12.159707097712598,-0.0144450386662328,5560.594065846708
2024-08-23,0.0104033303902202,5652.5,5597.75,1415472,-0.0656557759366807,15.9286,0.0053880718008637,0.0085207939606759,13.092551398081069,-0.0087346813820012,5545.350968548432
2024-08-26,-0.00274591607055,5637.0,5619.75,1090361,0.0011544882006102,15.947,0.0059881023357055,0.0086851845464876,12.8340437224418,-0.0097073995889997,5597.894391858471
2024-08-27,0.0013739005418624,5644.75,5611.5,1027658,-0.0233211949762219,15.5794,0.0044866297967532,0.008349773340834,11.454936285994938,-0.0072733406684281,5596.148920650531
2024-08-28,-0.0061306278197506,5610.25,5576.0,1381099,0.0616624074940173,16.5703,0.008624739722728,0.0084303459955169,7.477848125830422,-0.0138521204338015,5567.097312044619
2024-08-29,-4.456228694493802e-05,5610.0,5561.25,1571688,-0.0390877129398261,15.9351,0.0124914477391371,0.0084188066422591,7.473725743868913,-0.0200619330482282,5498.819037748426
2024-08-30,0.0090498355199173,5661.0,5594.25,1558874,-0.0334426831905636,15.411,0.0075521677940727,0.0084288220632778,6.944736813825859,-0.0120878245117751,5542.595512034572
2024-09-03,-0.021290219699793,5541.75,5516.75,1910577,0.2156952075988885,19.1208,0.0145813743101154,0.0084285242557347,7.23186648667578,-0.0233842483814655,5530.157558242137
2024-09-04,-0.0021225198204852,5530.0,5506.75,1749591,0.0219171691752855,19.5445,0.0073789502033302,0.009357847498783,9.569167152409126,-0.0119491855823852,5475.9246636057005
2024-09-05,-0.0032149272636115,5512.25,5490.0,1737210,-0.0413775053672682,18.7523,0.0084361338440265,0.0089270696667509,9.581466452858376,-0.0136615973259828,5454.965082237956
2024-09-06,-0.0169693279969642,5419.5,5394.0,2377532,0.0873654930594249,20.4643,0.0144342975126861,0.0085193213571785,7.117057952773025,-0.0231310105851198,5386.209429504452
2024-09-09,0.0110102956476421,5479.5,5405.25,1611701,-0.0888063539828127,18.7253,0.008168507911875,0.0093060171139989,9.728627927070182,-0.0132332833548955,5348.254665410934
2024-09-10,0.0044612447097325,5504.0,5448.25,1525620,-0.0237179364755619,18.2864,0.0072398342676421,0.0093428865191901,10.542937862201166,-0.0117366003875842,5415.565220559336
2024-09-11,0.0103478025070717,5561.25,5412.0,2309139,0.0174608514174865,18.6085,0.0187794432164818,0.0090235571272654,10.794000677079366,-0.0304436279043384,5338.963178157985
2024-09-12,0.0073453996230092,5602.25,5540.25,1726434,-0.0054802334632459,18.5068,0.0068864118883026,0.0090590036722474,11.230163610679584,-0.0111636622399699,5499.511339337855
2024-09-13,0.0048967334311882,5629.75,5597.25,1706322,-0.0010920868050856,18.4866,0.004362975791311,0.0089033976208452,11.500595710625085,-0.0070728833658783,5562.765737557148
2024-09-16,0.0014643564996088,5638.0,5609.25,1588010,0.0094539424090078,18.6622,0.0036877578754618,0.0086484853536102,11.930474736328692,-0.0059782778044942,5596.194193436717
2024-09-17,0.0109806408358998,5700.25,5677.75,1773538,0.0196216852812973,19.032,0.0073115164738442,0.0083475097427532,11.138749858463372,-0.0118528054522297,5571.568361246375
2024-09-18,-0.0035588007947602,5680.0,5675.25,1735285,-0.0154988501430999,18.7393,0.0096917018424547,0.0085319345530787,10.842327599112725,-0.0157113584918497,5611.391202833735
2024-09-19,0.0171063693109836,5778.0,5691.0,1739117,-0.0390185915588463,18.0222,0.0093292649027973,0.0082802592917644,11.185079971153025,-0.0151238067096951,5594.743107329524
2024-09-20,-0.0027729653817072,5762.0,5733.5,1623655,-0.0037802604473342,17.9542,0.0050954122357341,0.0090191480150187,12.135614831051816,-0.0082602467142242,5730.46887415863
2024-09-23,0.0025566041441411,5776.75,5745.25,1077941,0.0029142865056606,18.0066,0.0045445494362484,0.0087255601684526,11.16760350404883,-0.0073672350364783,5719.705978016333
2024-09-24,0.002636414276937,5792.0,5754.75,1181221,0.0025790578276976,18.0531,0.0044332137917806,0.0084692826973424,10.17505538851134,-0.0071867472076541,5735.382783979245
2024-09-25,-0.0022469977477737,5779.0,5768.0,1043665,0.0143702204766618,18.3144,0.0034798094424868,0.0082230706570339,10.277392607925298,-0.0056411695822854,5759.418331541193
2024-09-26,0.004402821460312,5804.5,5778.25,1360026,-0.0009122667729077,18.2977,0.0058884728505308,0.0079880162784776,10.222834444018297,-0.0095458887848722,5724.096775665058
2024-09-27,-0.002285321047232,5791.25,5782.0,1280272,0.0510057852369305,19.2552,0.0046080823527205,0.008631017181218,6.945647594808179,-0.0073756384578869,5761.845601648218
2024-09-30,0.0039636431195066,5814.25,5756.25,1502729,-0.0216661973899308,18.8425,0.0071145990258043,0.0085624023938675,7.110974670511225,-0.0114007030709851,5725.600613987527
2024-10-01,-0.0094177298801341,5759.75,5733.0,1947177,0.0826793324152035,20.4666,0.0097055210517379,0.0085284302058812,7.0750082199223145,-0.015548701141086,5724.545168460509
2024-10-02,8.680555561113579e-05,5760.25,5724.0,1250353,-0.0179998500044358,20.1015,0.0060580089992111,0.0077193155527617,10.239859685277784,-0.0098207262956152,5703.461919036335
2024-10-03,-0.0018679820371225,5749.5,5725.75,1421429,0.0472076518414166,21.0732,0.0053625932737583,0.0075022932385789,10.340106026962976,-0.008693377771995,5710.391006229587
2024-10-04,0.0087450230457903,5800.0,5741.0,1460645,-0.0421660330085802,20.2031,0.0051827465081835,0.0084618481542176,7.069439288627941,-0.0083026870316431,5701.961323376558
2024-10-07,-0.0095715232994635,5744.75,5734.25,1211368,0.1105905647979086,22.5656,0.006608326583796,0.0084889820082316,7.063195762858404,-0.0105859924749384,5738.925083302976
2024-10-08,0.0096577264804142,5800.5,5725.25,1172261,-0.0504316176830612,21.4558,0.0085570590414426,0.0077477361439641,10.424466148472654,-0.0138719725824725,5665.609174284806
2024-10-09,0.0070006942991742,5841.25,5780.75,1113875,-0.1033852763754361,19.3484,0.0066211422313996,0.0085479369499422,7.271602318500782,-0.010621035718129,5739.218693863533
2024-10-10,-0.0020993559690847,5829.0,5811.5,1116046,0.0106366207162214,19.5553,0.0038721852992813,0.0079112399890308,10.381677496269129,-0.0062772557774508,5804.697823395752
2024-10-11,0.0052614814994136,5859.75,5816.0,1028816,-0.0110605182014129,19.3402,0.0055362684895236,0.0084984726799266,7.246662492463232,-0.0088793854754912,5777.471172782266
2024-10-14,0.0082427387154311,5908.25,5850.0,919072,-0.0364201173324927,18.6485,0.005957888049417,0.0084618371482595,7.373394877875163,-0.0095630620875393,5803.97993823789
2024-10-15,-0.0077309024918452,5862.75,5850.0,1365310,0.0345984158153807,19.305,0.0056955212860095,0.0076849464076398,10.66822135145556,-0.0092330922037313,5853.949648820033
2024-10-16,0.004127753259711,5887.0,5853.25,935721,-0.0131343117237316,19.0531,0.003879348514675,0.0077133862527322,11.093323715593485,-0.0062888681698701,5825.995630963637
2024-10-17,0.0,5887.0,5871.25,1236083,-0.0152843481863751,18.7641,0.0066974012141324,0.007587514231154,10.455557384848731,-0.0108572542933628,5823.429071321179
2024-10-18,0.0032222532756076,5906.0,5876.25,952612,-0.0250334810566896,18.3002,0.0043196717238311,0.0073667230712593,10.603327943947644,-0.0070026825137067,5845.919213768502
2024-10-21,-0.0016522277053976,5896.25,5865.0,1063780,0.0030662987856797,18.3564,0.0058459731545593,0.0072704358407221,9.82634993678388,-0.0094730192592153,5850.316510051656
2024-10-22,-0.0006361997881842,5892.5,5861.25,1033296,-0.0039847431804882,18.2834,0.0050949495986963,0.0082545274814801,6.725144316251984,-0.0081411603140479,5848.442551599283
2024-10-23,-0.0093349071977026,5837.75,5801.0,1468269,0.0527634930745009,19.274,0.009912802048746,0.008275702574405,6.274935502975736,-0.0157751053104346,5800.274537696267
2024-10-24,0.0019252578304413,5849.0,5822.5,1159448,-0.0194840104247702,18.9021,0.0057205383160787,0.0084084676219214,6.496688717742842,-0.0091229597525569,5784.734637909932
2024-10-25,-0.0005130397718335,5846.0,5835.0,1368245,0.0512858877756681,19.8968,0.0078857351085171,0.0071115376870735,8.941160112389781,-0.0127460610216712,5774.921397191037
2024-10-28,0.0026478768406921,5861.5,5857.0,1017440,-0.0568190730682096,18.7978,0.003277687492894,0.0070048256927936,8.230250071713629,-0.005283825342341,5815.192220188875
2024-10-29,0.0016194335523014,5871.0,5837.5,1195753,-0.0021461692740372,18.7575,0.0055641670635735,0.0069435406884485,7.640792173289782,-0.0089446219440053,5809.304879280535
2024-10-30,-0.00324149392417,5852.0,5840.25,1347170,0.0294539843043821,19.3182,0.0054444008814245,0.0067897485028635,7.632750232027768,-0.0087517160281015,5819.842858109177
2024-10-31,-0.019585631019293,5738.5,5733.25,1973513,0.0814680068515802,20.9579,0.0080178604875195,0.0067549521409178,7.161767564311544,-0.0128524643207071,5777.268648520074
2024-11-01,0.0034357569622933,5758.25,5732.5,1592031,-0.022676314696485,20.488,0.008556127559193,0.0087225375418631,4.983471968071172,-0.0135751524574309,5661.125362119408
2024-11-04,-0.002608356910736,5743.25,5724.25,1333685,-0.0490300894740012,19.5077,0.0064230223129396,0.0087920650981051,4.742796093373738,-0.0101907675560483,5699.867001766302
2024-11-05,0.0119425070456546,5812.25,5735.0,1198797,-0.0614958111795616,18.3442,0.0086604775262112,0.008862930333254,4.575837937662513,-0.0137407141208586,5664.873352349168
2024-11-06,0.0248090545643737,5958.25,5814.75,2023257,-0.1214667236148994,16.246,0.011040538811775,0.0090693621186513,4.398616862302641,-0.0175169194878348,5711.323823252881
2024-11-07,0.0076074601967253,6003.75,5951.0,1285585,-0.0379446595039913,15.6411,0.0060193276490625,0.0094761653334777,4.091151116320675,-0.0095502655800703,5901.617985933272
2024-11-08,0.0035746982949138,6025.25,5990.25,1184512,-0.0092620612022367,15.4969,0.0056234759636794,0.0093701555359741,4.245986104725856,-0.0089222072742036,5950.421555565505
2024-11-11,0.0010782119316097,6031.75,6013.5,1069929,-0.0006971565334166,15.4861,0.004655193199563,0.0092086284239876,4.414164349991275,-0.0073859297872393,5980.911867277843
2024-11-12,-0.0031133921659876,6013.0,5986.75,1407120,-0.0148913246069977,15.2572,0.0056062275051581,0.0092736075632315,4.237831918507325,-0.0088948408689623,5978.336448274905
2024-11-13,0.000498794590106,6016.0,5991.75,1445258,0.0131915836828695,15.4598,0.005100335501525,0.0094350464475965,4.0216856533526695,-0.0080921925880894,5964.537992372476
2024-11-14,-0.0062947036535323,5978.25,5964.25,1538927,-0.0012038446811639,15.4412,0.0059176528966897,0.0092330056361604,4.144291492277151,-0.0093889484123466,5959.780420706272
2024-11-15,-0.0137689284461188,5896.5,5876.75,2008339,0.0584294556377709,16.3703,0.0085350846487866,0.0093230337646089,3.996227687674328,-0.0135417657746193,5897.8396168422
2024-11-18,0.0039774943480264,5920.0,5886.5,1332326,-0.0321919673292638,15.8517,0.0051400817545204,0.0093874216468892,4.178673745614333,-0.0081552539952845,5848.60809557254
2024-11-19,0.0031622246230806,5938.75,5855.0,1636346,0.0343520853281056,16.4057,0.0108887888695992,0.0092220780815457,4.348660190417041,-0.0172761530212071,5818.603566199446
2024-11-20,-0.0001683997814776,5937.75,5880.0,1597257,0.0327687834938972,16.9522,0.0092886473870028,0.0090735352696201,4.504698104190357,-0.0147373684566447,5851.870215224161
2024-11-21,0.0055004022537854,5970.5,5905.25,1867101,-0.0107106391628142,16.7716,0.0088276502897123,0.0090454796366279,4.291018994465124,-0.0140059504366519,5855.165852549657
2024-11-22,0.0027597759519135,5987.0,5940.75,1550734,-0.0430190886452419,16.0654,0.0058948244793728,0.0089399307713221,4.440665311908548,-0.0093527288441723,5914.919850617777
2024-11-25,0.0032517642360776,6006.5,5982.5,1619917,-0.0391106690384264,15.4492,0.0067636116170248,0.0088363369521843,4.479921101627838,-0.0107311465646993,5923.096119719598
2024-11-26,0.0052720186867691,6038.25,5976.25,1336843,-0.0127089026897615,15.2541,0.0075424316493049,0.0087071227692512,4.6275105059704345,-0.01196682247088,5935.049650321325
2024-11-27,-0.0038578854394195,6015.0,6000.25,1157171,-0.0055944477685554,15.169,0.0047446297361322,0.0086180884813048,4.798729743047254,-0.007527829801094,5992.965741646318
2024-11-29,0.0060498257698782,6051.5,6014.75,847984,-0.0211395347984679,14.8517,0.0037348486622138,0.0085205637281797,4.953426172499159,-0.0059257110935086,5979.462244996564
2024-12-02,0.0016923620739959,6061.75,6036.0,989033,-0.009396473608433,14.7128,0.0036485094051763,0.008452801730514,5.156947395903323,-0.0057887252235299,6016.570724835924
2024-12-03,0.0002474226816744,6063.25,6047.5,991961,-0.0124404467265826,14.5309,0.0027122155133762,0.0083897697743848,5.169067160254563,-0.0043032012831473,6035.721113556555
2024-12-04,0.0057968793489653,6098.5,6063.0,1142137,0.008654265833182,14.6572,0.0032341821168558,0.0083511495533944,5.09900478005382,-0.0051313535250234,6032.217009455676
2024-12-05,-0.0016000331625409,6088.75,6081.5,1118784,-0.0036909995287581,14.6032,0.0029131506514453,0.0083341765998412,5.129527188789756,-0.0046220049842926,6070.377743273138
2024-12-06,0.0016820171757032,6099.0,6076.0,1167677,-0.0219956459601986,14.2855,0.0038208657638269,0.0071978456090377,5.963701440319712,-0.0060621858316733,6051.950521355058
2024-12-09,-0.0054666282173663,6065.75,6060.0,1351194,0.0310145116067066,14.7355,0.0043088288993655,0.0070606014787606,5.955281188234363,-0.0068363881694382,6057.447066381896
2024-12-10,-0.0032199499418972,6046.25,6039.75,1350731,-0.0056622286995509,14.6523,0.0036565234167532,0.0070936292180624,5.905045820109934,-0.0058014402547398,6030.661793255092
2024-12-11,0.007661294578563,6092.75,6045.5,1271795,0.0994134221773221,16.1838,0.0052223509979316,0.006984690683736,5.980546591714039,-0.0082857823814193,5996.359066420375
2024-12-12,-0.0052659849340894,6060.75,6055.5,1565731,0.0070991496596461,16.2991,0.0026559644633679,0.0071266481764573,6.262598343384713,-0.0042261363097507,6067.055540385532
2024-12-13,-0.0008666048205601,6055.5,6041.25,1996354,-0.0012831022133443,16.2782,0.0050380346918147,0.0071528575522917,6.000670407751662,-0.0079934094404739,6012.497053437869
2024-12-16,0.0041199794599489,6080.5,6051.5,1612199,0.020123948579759,16.6091,0.0037519155438961,0.0070651993163939,5.548122561772745,-0.0059527894089272,6019.559961604178
2024-12-17,0.0076591064752804,6127.25,6114.25,1874532,0.0204999700286072,16.9531,0.0037786002759205,0.0069979279134127,5.6758364768634015,-0.0059951274062293,6044.155681073524
2024-12-18,-0.0309948158832131,5940.25,5906.5,2604006,0.1533101938133478,19.762,0.0208275058021465,0.0071345539133396,6.004790045689873,-0.0330467900552804,5928.073257877159
2024-12-19,-0.0010526981623542,5934.0,5931.25,2391121,0.0940719605642006,21.7113,0.0086162698020661,0.0085530754954457,4.436209372143103,-0.0136705741432912,5859.595921803121
2024-12-20,0.0113525714996374,6001.75,5866.0,2340873,-0.1730871290024271,18.2606,0.0211021287898472,0.0096076647771994,4.806905315030916,-0.0334806387021111,5738.6149492050645
2024-12-23,0.0056904475373347,6036.0,5965.0,1406019,-0.0700217661383342,17.0257,0.0084782750246637,0.0098572633879384,4.677318578091858,-0.0134516316218518,5921.557240853173
2024-12-24,0.0102193076604599,6098.0,6030.0,634201,-0.0628980358074127,15.9878,0.0052514097919284,0.0096428880444237,4.424273102210603,-0.0083318870655778,5985.917659601693
2024-12-26,-0.0004510692467754,6095.25,6063.25,911486,0.0028169296625448,16.0329,0.0051255799281792,0.0095537386734986,4.632804214133732,-0.0081322453968116,6048.610662865187
2024-12-27,-0.0112604048183797,6027.0,5982.75,1641100,0.0551233720682602,16.9415,0.0113612232519026,0.0091414126778637,4.573143273025745,-0.0180257174382324,5986.363076579606
2024-12-30,-0.0113886469640096,5958.75,5918.25,1575134,0.0259450645129373,17.3868,0.0119242022561874,0.0086341813887872,4.439581100215532,-0.0189189399574885,5914.047389740937
2024-12-31,-0.0038673384616831,5935.75,5917.25,1382187,0.0075005007191113,17.5177,0.0075807307066028,0.0086171768963747,4.668273312328106,-0.0120275877573017,5887.509893581506
2025-01-02,-0.0032483312327382,5916.5,5874.75,1826031,0.0221362507127782,17.9098,0.0139411219165119,0.0085458840028471,4.760971574525535,-0.0221189848018267,5805.898620408649
2025-01-03,0.012262878346771,5989.5,5911.25,1206570,-0.0707899907525089,16.6858,0.0072110551514744,0.0085399484065851,4.668073721788267,-0.011441060501141,5849.194721600942
2025-01-06,0.0051623761608894,6020.5,5980.75,1547298,-0.0070487204851787,16.5686,0.0099116958743818,0.0086506802810564,4.604921593131221,-0.015725897221092,5896.046484725534
2025-01-07,-0.0110650620589414,5954.25,5935.0,1771767,0.0762013957334519,17.8805,0.0105646167957407,0.0085971076105033,4.690527216498464,-0.0167618215909396,5920.426503193492
2025-01-08,0.0008393839415052,5959.25,5917.0,1764315,-0.0090337185491464,17.7197,0.0068863927193017,0.0085960280578941,4.919391429852552,-0.0109259510683452,5889.548263508564
2025-01-09,-0.0024361571188311,5944.75,5929.25,113831,0.0138430295216429,17.9667,0.0031232353741296,0.0086357450000888,4.626629563486066,-0.0049553254168933,5929.793021742841
2025-01-10,-0.0132928889873795,5866.25,5845.25,2130067,0.0565450543693466,19.0119,0.01095436065438,0.0085536355122065,4.717115748982443,-0.0173801892185576,5842.321809180849
2025-01-13,0.0014053618989997,5874.5,5809.0,1755341,-0.022123972588695,18.5959,0.0089182416387954,0.008636939872433,4.768374220244661,-0.0141496826761048,5783.82891524555
2025-01-14,0.0013183917532586,5882.25,5842.5,1839961,-0.0022341686211042,18.5544,0.0091235553007193,0.008545203393787,4.860425817071616,-0.0144754333434397,5790.076573818826
2025-01-15,0.0179851115035774,5989.0,5879.5,1657670,-0.0837945811471096,17.063,0.0102942347038316,0.0084644048567039,4.956061970879568,-0.0163328333490005,5786.956515708148
2025-01-16,-0.0022566769575274,5975.5,5961.75,1566439,0.0021485429499419,17.0997,0.0064415423144949,0.0086128870846314,4.981811993707229,-0.0102201513915376,5928.103230480248
2025-01-17,0.0096594972067194,6033.5,5968.0,1417304,0.0080669319368773,17.2382,0.0073228647846103,0.0085629411298305,4.928619279968985,-0.0116184576712426,5906.475660823253
2025-01-21,0.008376191408546,6084.25,5994.5,1725952,-0.0415456980664941,16.5367,0.0102481688680466,0.0086351167280991,4.88946816776896,-0.0162597452914027,5936.190087861732
2025-01-22,0.0059403275933664,6120.5,6087.0,1249850,0.0124100523281782,16.7432,0.0049540812411972,0.0087263978739713,4.739890484761185,-0.007860145570585,6036.6143660720445
2025-01-23,0.0051334396699118,6152.0,6101.5,1136009,-0.0162513172756026,16.4733,0.00511819145885,0.0086623015265383,4.88427434512411,-0.0081205228509663,6070.99959648594
2025-01-24,-0.0030524433053376,6133.25,6122.0,1254280,-0.0055577173246184,16.382,0.0043866756345556,0.0085972548292289,4.996981461395665,-0.0069598998037853,6109.331353399359
2025-01-27,-0.0142038512761857,6046.75,5948.0,2385614,0.0724711273851363,17.6133,0.0175556872260632,0.0085105672922618,5.115018427710991,-0.0278538543213652,5964.772612728765
2025-01-28,0.00827590930386,6097.0,6023.5,1585216,-0.0390356428743019,16.939,0.0087585407041313,0.0086479078911312,5.184776868742178,-0.0138963011643565,5963.303681357874
2025-01-29,-0.0048501883070599,6067.5,6042.25,1552941,-0.0056775782210336,16.8431,0.0076994470034856,0.008592194266831,5.710331355876509,-0.012215943040485,6022.972473890502
2025-01-30,0.0052191541819031,6099.25,6056.5,1606753,-0.0079816114456168,16.7092,0.006190245414665,0.0086059488331517,5.29947856670879,-0.0098214437164043,6008.200072377042
2025-01-31,-0.0052603581622125,6067.25,6057.75,1866467,0.0381285948813236,17.3586,0.0096483403058258,0.0082545356931867,5.815043947704085,-0.0153080572614925,6006.593337889461
2025-02-03,-0.0074445109934409,6022.25,5935.5,2314824,0.0313158220394877,17.9108,0.014325037222747,0.0085549810754748,5.277626207023426,-0.0227281048478787,5930.908170645512
2025-02-04,0.0067437834447243,6063.0,5987.0,1333376,-0.0404305475955633,17.2011,0.0095993876056036,0.008618274688341,5.118920096558703,-0.0152303889046194,5931.22373271177
2025-02-05,0.0038684767779209,6086.5,6020.25,1216433,-0.025363870500076,16.7703,0.0070767186604498,0.0086667512752878,4.969041285715662,-0.0112279222170705,5995.305851077951
2025-02-06,0.0031986904451724,6106.0,6070.0,1179112,-0.0114424723257835,16.5795,0.0041726540008971,0.0085988952710986,5.029820992722806,-0.0066203330680159,6046.338430949386
2025-02-07,-0.0092962703132908,6049.5,6041.25,1683475,0.0451834097230667,17.3458,0.0085962449514891,0.008526278445686,5.116811026407479,-0.013638802714261,6023.286807252867
2025-02-10,0.0064671821392199,6088.75,6014.0,1005560,-0.0378159421400261,16.7021,0.0059907276264454,0.0085801088117665,5.079768966775403,-0.0095048887826084,5992.272576298762
2025-02-11,0.0005746654784193,6092.25,6057.75,1017366,0.0501688516604272,17.5614,0.0047196816505255,0.0085169352975488,5.274045166758656,-0.0074882471670941,6043.326219565905
2025-02-12,-0.0032059213648381,6072.75,6020.75,1558395,-0.0046516622932237,17.4799,0.0088252388081986,0.0077876176154461,5.598279859072177,-0.0140021243799492,6007.54000172434
2025-02-13,0.0102392768766783,6135.25,6053.5,1523953,-0.0136627838851395,17.2427,0.008011414329153,0.0076155037047854,5.736447012554653,-0.0127109104165993,5996.048325527835
2025-02-14,-0.000529866119308,6132.0,6121.25,1018370,-0.0035381814424337,17.1818,0.0029394487975223,0.0078950056017038,5.621860103391738,-0.0046637296243093,6106.703471209906
2025-02-18,0.0024025258425997,6146.75,6118.25,1200599,-0.003276264028778,17.1256,0.0044684564524237,0.0077696548657462,5.3568056544882,-0.0070896532539265,6088.67998962317
2025-02-19,0.0026401851279391,6163.0,6129.25,1078997,-0.0128703417954549,16.9066,0.0038177661436244,0.0076377270941879,5.290655406904373,-0.0060572679740889,6109.63002439577
2025-02-20,-0.0043091249246796,6136.5,6102.75,1405343,0.0074250765417551,17.0326,0.0063082411106439,0.0075095167282402,5.253745453933036,-0.0100086556941539,6101.624311373671
2025-02-21,-0.0176733875481573,6029.0,6024.5,1940563,0.071810155704755,18.3007,0.0087297678630121,0.0074362439010187,5.254144222898464,-0.0138506501730494,6052.091391677377
2025-02-24,-0.0046966980910632,6000.75,5994.5,1797847,0.0070513130128677,18.4302,0.0074970745683843,0.0085285148918405,4.98962041723668,-0.0118948589237891,5957.71072403282
2025-02-25,-0.0051375340116948,5970.0,5924.0,2215332,0.0028932289414767,18.4836,0.0102172828157332,0.0083535621750291,5.201338005770733,-0.0162107414790984,5904.2576127204
2025-02-26,0.0001256202501487,5970.75,5945.5,1901306,-0.0191117668586859,18.1337,0.0091713504582525,0.0081829103813409,5.346312223334514,-0.0145512651430186,5883.757934408601
2025-02-27,-0.0159537442984571,5876.25,5873.0,2579895,0.06265938193871,19.3063,0.0128481690136538,0.0079703327335668,5.304059912102617,-0.0203849056658571,5850.268993542686
2025-02-28,0.0146968311113635,5963.25,5848.0,2784347,-0.0250279220596074,18.8291,0.0120711943287599,0.0086392872350985,5.478582194654424,-0.0191521575879411,5764.778005926633
2025-03-03,-0.0173380527200759,5860.75,5821.75,2610882,0.0926845858033065,20.6577,0.0182050407360172,0.0091126192898399,5.74118485046801,-0.028884118636081,5793.47054810214
2025-03-04,-0.0122316496773002,5789.5,5744.0,3353551,0.0278404370973905,21.2409,0.0144513421823093,0.0099447668228097,5.888246968835732,-0.0229285003036881,5727.900630289048
2025-03-05,0.0106093815619541,5851.25,5750.75,2284032,-0.0538713395712115,20.1269,0.0143068172842579,0.01009205396398,5.89861607634106,-0.0226991970924667,5659.563306883733
2025-03-06,-0.0181078454938425,5746.25,5720.0,2553819,0.1259350044639355,22.8281,0.0124315557869463,0.0099987411454502,6.190772289635557,-0.0197661268341817,5736.7289972804665
2025-03-07,0.0051639334522235,5776.0,5673.0,2315005,-0.0541236834934126,21.6254,0.0145172497594772,0.0109503971336175,6.071051716912195,-0.0230520349240454,5615.302347948804
2025-03-10,-0.027246294631551,5620.75,5571.5,2590102,0.1423798263892144,24.9344,0.0182125674151181,0.0102868280517342,6.101649804086184,-0.0289298173735897,5611.2953003816765
2025-03-11,-0.0078141095515569,5577.0,5534.0,2623963,-0.0909757887373827,22.7661,0.0140247652171467,0.0130795009288461,5.647392051947604,-0.0222516932672282,5497.060054026327
2025-03-12,0.004963455088955,5604.75,5550.25,2004740,-0.0473199789332303,21.7139,0.0154747121812785,0.0122498442360082,5.650401901836182,-0.0245521792005087,5441.739758059848
2025-03-13,-0.0138788187469085,5527.5,5509.25,2163776,0.0414608280897477,22.6331,0.0122221170256757,0.0113264718466659,5.858375082219896,-0.0193916115471938,5497.111876470846
2025-03-14,0.0201484317605036,5640.0,5538.75,2191954,-0.090227044752114,20.6804,0.0083508337493404,0.0117897926973319,5.9748205802942005,-0.0132494332873933,5454.746791197608
2025-03-17,0.0071111803390078,5680.25,5599.0,2086734,-0.037617774256879,19.9169,0.0122308456535336,0.0129557078546747,6.177533929265767,-0.0194442526832347,5531.393720627003
2025-03-18,-0.0019384119907162,5669.25,5650.75,1866513,0.0279094790611056,20.4806,0.0084846405054436,0.0120600608769935,6.25902609202159,-0.0135001567698568,5604.08103781275
2025-03-19,0.0106150658991204,5729.75,5657.5,1746831,-0.0362587846514452,19.7513,0.0124023938276051,0.011098423181596,6.0922802134708975,-0.0196985608669641,5558.666675787626
2025-03-20,-0.0029713808185096,5712.75,5682.5,1726750,-0.0179204730326807,19.4005,0.0100123452555889,0.0109196929068871,6.123682308224404,-0.0159080333198924,5639.3221179724205
2025-03-21,0.0009622955864632,5718.25,5651.25,1629871,0.0008964821407029,19.4179,0.0090078879917006,0.0101348631148463,6.060473950130572,-0.0143019607960039,5631.627958353891
2025-03-24,0.016863952271624,5815.5,5739.0,1404629,-0.0723019934117803,18.0635,0.0067775058384949,0.0094553298346792,5.772640838250432,-0.0107531911372502,5657.0899867678045
2025-03-25,0.0018897102342236,5826.5,5802.25,1078548,0.0079237925856086,18.2072,0.0040006998339784,0.0106349014444618,5.937570707712856,-0.0063475105772965,5778.70296058489
2025-03-26,-0.011565811646756,5759.5,5743.0,1483959,0.034403973882878,18.8445,0.0084617841439873,0.0099127415389793,6.002497018122257,-0.0134258631093907,5748.796990760804
2025-03-27,-0.0035221256108801,5739.25,5720.0,1575855,0.0069697380034097,18.9763,0.0073447937729945,0.010049558892432,6.252329847916566,-0.0116857107382408,5692.5878683459
2025-03-28,-0.0204632104634789,5623.0,5602.25,1910914,0.1004597971035337,20.9817,0.0126488234529083,0.0094850851952004,6.330166815182803,-0.0201403033263616,5624.816000015914
2025-03-31,0.0053652717109002,5653.25,5533.75,2229839,-0.0066084801964185,20.8435,0.0160880132801006,0.0111695539920251,6.1393872644223455,-0.025565716772026,5481.066027122015
2025-04-01,0.003751852738091,5674.5,5600.25,1871505,0.0017208779284079,20.8794,0.0113563963485549,0.0105647050867537,6.2942685219449634,-0.0180759529825849,5551.980150713173
2025-04-02,0.0066305378274602,5712.25,5566.25,2060456,-0.0352510935965635,20.1562,0.0254422116119002,0.0099790211777243,6.37915346616964,-0.0405301158258933,5449.110247093443
2025-04-03,-0.0501675401688075,5432.75,5415.25,2470412,0.2689160327663114,26.3753,0.013899882118103,0.0096420977439734,6.376541443209838,-0.0221423235402808,5587.157542040396
2025-04-04,-0.0611971247197598,5110.25,5074.0,3678162,0.2087382743159587,32.4976,0.031605163465076,0.0184050503950253,4.971822729734408,-0.0501447540972492,5167.043651080016
2025-04-07,-0.0025471480830034,5097.25,4832.0,3673583,0.0205037303921158,33.1708,0.0625888285447362,0.0294223813439141,4.510178408071254,-0.0993034388219117,4627.167398408136
2025-04-08,-0.0152214453545145,5020.25,4940.5,2438061,0.166312657553751,39.1728,0.0486563717923605,0.0263077261282515,4.330387710022718,-0.0771982021699815,4718.556735423315
2025-04-09,0.0896306550363039,5491.0,4871.75,3096194,-0.4413608808008122,25.1944,0.0671068884345365,0.0245210410264702,4.439921428994126,-0.1064717928923162,4513.206788245868
2025-04-10,-0.0350262804299017,5302.0,5146.75,2524214,0.1702663624739182,29.871,0.0450642604055086,0.0425551982068553,4.142304271189795,-0.0714989580454366,5112.105886852668
2025-04-11,0.016693161113082,5391.25,5206.0,1759660,-0.0333337534365276,28.8917,0.0261534602593438,0.0414591068155058,4.10868651113288,-0.0414950814902808,5086.495193895008
2025-04-14,0.0091396500321234,5440.75,5391.0,1303900,-0.1171295147841435,25.6983,0.0137999802429436,0.0379342015746354,4.083047264593649,-0.0218950494147569,5274.491199110786
2025-04-15,-0.0023001206202959,5428.25,5413.0,1158703,-0.0090256389520937,25.4674,0.0093348520258213,0.0347011193771979,3.920080564717012,-0.0148106767391432,5360.762606385042
2025-04-16,-0.02282566025813,5305.75,5251.0,1559064,0.0813509157933309,27.6258,0.0200490555407701,0.0316481710592978,3.746076564927072,-0.0318098326270306,5258.295715380391
2025-04-17,0.0013184538332193,5312.75,5285.5,1381396,-0.0330234481729827,26.7284,0.0113661883744056,0.030018996229913,3.839028752200736,-0.0180335951018696,5210.925832910223
2025-04-21,-0.0243879674554854,5184.75,5127.25,1191218,0.0623125210206447,28.4469,0.0213032785032912,0.0265811037434009,3.806472174331821,-0.0337997828485581,5136.181009854059
2025-04-22,0.0247643494876879,5314.75,5171.75,1572006,-0.0693974663946503,26.5397,0.0162079244524797,0.0260481332396771,3.9061337382700216,-0.0257154938304457,5053.121295543125
2025-04-23,0.0162370011446064,5401.75,5377.75,1846494,-0.0424015372527297,25.4379,0.0156581037815032,0.0260244737179903,3.887350721419592,-0.0248431483235425,5184.341463832098
2025-04-24,0.0200684825463692,5511.25,5355.25,1411419,-0.0348076158371255,24.5677,0.0211879000928511,0.0244807405089345,3.853879971345264,-0.0336167234561889,5223.179163637322
2025-04-25,0.006961424008729,5549.75,5480.25,1339888,-0.0445130052401192,23.4981,0.0102406179152973,0.0241899473979525,3.762924325576632,-0.0162477649493541,5422.428038598014
2025-04-28,0.0005854405607301,5553.0,5492.0,1198801,0.0077956990911047,23.682,0.0110360012649943,0.021268994727106,3.846009673487744,-0.0175097202158622,5453.421236193009
2025-04-29,0.0055222714247218,5583.75,5521.5,1227182,-0.012633303549574,23.3847,0.0084915547545472,0.018243836413413,3.863072166261969,-0.0134727012420176,5478.687807043473
2025-04-30,0.00058187679282,5587.0,5455.5,1833646,0.0264259315529566,24.0109,0.0217762339698343,0.0160487766355327,3.790172440588637,-0.034550174017867,5394.125115004765
2025-05-01,0.0064673180972594,5623.25,5601.75,1388619,-0.0185374196544825,23.5699,0.0101002779252693,0.0133216416282958,3.846086782841228,-0.0160251015134335,5498.181322744367
2025-05-02,0.0151340884078514,5709.0,5601.0,1383367,-0.0472643812633228,22.4818,0.0108139166775131,0.0124037530333445,3.690059151086978,-0.0171573607971128,5527.592829767569
2025-05-05,-0.0065461648872897,5671.75,5655.25,989373,0.0307476659077132,23.1838,0.0052058991073374,0.0133786755594081,3.744800207608412,-0.008259679810895,5662.039693485497
2025-05-06,-0.0081434395591148,5625.75,5605.0,1303877,0.0390733845784385,24.1076,0.0073051629018006,0.0123969668356767,3.674020759707149,-0.0115903718630002,5606.391802955562
2025-05-07,0.0046551922865631,5652.0,5596.0,1390561,-0.0330699950270116,23.3234,0.0107218201146504,0.0121620024712817,3.504813059753849,-0.0170112403853941,5530.8584145053
2025-05-08,0.0057337077647421,5684.5,5636.5,1428613,-0.0452158210940591,22.2923,0.0121753994593833,0.0116159676606007,3.305455695549175,-0.0193174894539369,5543.8653571722425
2025-05-09,-0.0011441145362436,5678.0,5662.5,1029418,-0.0129352723834301,22.0058,0.0064553481970603,0.010776709326395,3.4065936375105457,-0.0102420558055776,5626.576169673052
2025-05-12,0.0324034240546584,5865.0,5734.25,1765593,-0.169704830765077,18.571,0.013249034368486,0.0097858603826228,3.470331904545586,-0.0210209186599485,5559.888974182104
2025-05-13,0.0067122899537608,5904.5,5835.75,1335457,-0.0071928954309545,18.4379,0.0102718133774041,0.0172689350600458,3.1829229449273853,-0.0162972596712537,5770.191232013681
2025-05-14,0.0006772200377334,5908.5,5890.0,1207202,0.0684413189430159,19.744,0.0041331522458242,0.0156298563838858,3.258785746963498,-0.0065576595812379,5865.9069772561525
2025-05-15,0.0041801314905463,5933.25,5867.0,1291986,-0.0143446964234703,19.4628,0.0087562388076608,0.0140267093079128,3.3024073522854502,-0.0138926489752894,5826.982839281307
2025-05-16,0.0070956527373198,5975.5,5923.0,1180875,-0.0026083683170963,19.4121,0.0049071987989056,0.0129230741019371,3.298838611093001,-0.0077857618850587,5887.2344936307145
2025-05-19,0.0011707644755922,5982.5,5892.75,1245859,0.0122570882972872,19.6515,0.0098739233345868,0.0129088174888828,3.067786880945258,-0.0156659673073695,5882.617459391696
2025-05-20,-0.0038100069116282,5959.75,5926.75,1112908,-0.0079135798866487,19.4966,0.0076334958994187,0.0118054241686672,3.1080551920695827,-0.0121113050151342,5910.481119392793
2025-05-21,-0.0166656424671032,5861.25,5847.75,1548946,0.0642512503110257,20.7904,0.0090005553656399,0.0109288150457337,3.185795531605252,-0.0142802816396573,5875.247884515296
2025-05-22,-0.0007680491929029,5856.75,5828.75,1419522,-0.0072846261903398,20.6395,0.0079905952237443,0.0122662877372523,3.278206048597095,-0.0126778788228092,5787.410833753738
2025-05-23,-0.0068101773001316,5817.0,5756.5,1537693,0.0657656924653102,22.0425,0.0129008778388517,0.0113232411916318,3.300236303564464,-0.0204685334908239,5738.089462881139
2025-05-27,0.0199559861502987,5934.25,5813.0,1288369,-0.1123131639225754,19.7008,0.0096935391684446,0.0108500654317264,3.358015341363488,-0.015379769779417,5728.220334569274
2025-05-28,-0.005322307063988,5902.75,5890.0,1181330,0.0110650080999823,19.92,0.0063087393837266,0.0131929764972185,3.271068720039841,-0.0100094462542544,5875.147727524658
2025-05-29,0.0033825240487281,5922.75,5884.0,1414864,0.0019759581548108,19.9594,0.0147465809237177,0.0125058268109614,3.212547760932572,-0.0233969261070941,5766.246897861831
2025-05-30,-0.001140323215111,5916.0,5853.25,1633334,0.0031264641675128,20.0219,0.0095312828147602,0.0115721168113958,3.270192316367445,-0.0151223338397102,5833.858018377046
2025-06-02,0.0052683829946857,5947.25,5867.5,1194125,-0.0159085911879386,19.7059,0.0092142684905205,0.0110494754974355,3.1621580876722057,-0.0146193588953828,5830.141003699308
2025-06-03,0.005742444785584,5981.5,5909.25,1154297,-0.0257994926221432,19.204,0.0091374829959181,0.0106969076480303,3.141308530381027,-0.0144975310254105,5861.651541007002
2025-06-04,-8.359456640327778e-05,5981.0,5974.0,1097088,-0.0029516544946388,19.1474,0.0029510972781018,0.010692545273486,3.0329937165862835,-0.0046822111042393,5953.55881858137
2025-06-05,-0.0058690534865135,5946.0,5928.75,1278102,0.0222497661610692,19.5782,0.0099625930905201,0.0099637052035003,3.110701473532203,-0.0158066507470248,5887.203677647522
2025-06-06,0.0101651123138584,6006.75,5930.0,1278102,-0.0549501117348092,18.5314,0.0080817322478423,0.009646593219256,3.222250650184632,-0.0128224768302709,5870.244278708708
2025-06-09,0.0005825081299768,6010.25,5992.25,912371,-0.0123032700643137,18.3048,0.0041766859958513,0.0106938567570883,3.006490147207611,-0.0066267302314326,5967.076486202618
2025-06-10,0.0057651390470141,6045.0,5991.25,1104373,-0.0089997753881538,18.1408,0.0059504716595521,0.009998771124709,3.087237182090484,-0.0094410186633146,5953.774131928281
2025-06-11,-0.0026503245594859,6029.0,6006.25,1610313,0.1022925535550394,20.0947,0.0079556213445625,0.0096752808994749,3.208669039729455,-0.0126223892641701,5969.177196072415
2025-06-12,0.0033944644921266,6049.5,5987.75,1330953,0.0101500089105308,20.2997,0.0069114879801677,0.0092564772524525,3.262118177137254,-0.0109657672106196,5963.2485558744565
2025-06-13,-0.0116804819625588,5979.25,5927.5,2162167,0.072225455732426,21.8201,0.0121014691541777,0.0089136736372157,3.3369546006718305,-0.0192001916276191,5934.456404476594
2025-06-16,0.0183118879392374,6089.75,6000.0,1919981,-0.0731174922714337,20.2816,0.0088773637085766,0.0099870804259231,3.2996764651447283,-0.0140848257497644,5895.623619628545
2025-06-17,-0.0084513932427814,6038.5,6030.25,1726542,0.0539198120901538,21.4052,0.0048218950162012,0.011977610049412,3.403971604942305,-0.007650418898714,6043.338621123653
2025-06-18,-0.0007040649687208,6034.25,6017.75,1360954,-0.0284261212229504,20.8053,0.0065398342828688,0.0115072843879806,3.546472675311346,-0.0103761014339822,5976.167853070789
2025-06-20,-0.0026965935567186,6018.0,5969.5,1694443,0.0152683460336033,21.1254,0.0117376910624216,0.0115365633890864,3.108348211701114,-0.0186230212871705,5922.913958285339
2025-06-23,0.0097561749453642,6077.0,5959.0,1358034,-0.0175395760239336,20.7581,0.0084226912668499,0.0108789890046367,3.120390067729202,-0.013363442428638,5938.113769830629
2025-06-24,0.011330986590794,6146.25,6075.25,1077333,-0.0755085915550064,19.2484,0.006116011198094,0.0109758977601812,3.213994958150657,-0.0097036637042975,6018.316020945996
2025-06-25,0.0001220181808605,6147.0,6130.75,902500,-0.0120630742060723,19.0176,0.0033866679005787,0.0112329404970543,3.333072827379219,-0.0053732874778903,6113.313001067958
2025-06-26,0.0077783571562335,6195.0,6141.25,1039428,-0.0056105270456701,18.9112,0.0044385649576813,0.0106011465484864,3.321040981637056,-0.0070422274067191,6103.863494942097
2025-06-27,0.0046301038931488,6223.75,6183.25,1353399,-0.0031194167787318,18.8523,0.0057777477712783,0.0104891239416331,3.386838068990714,-0.0091669749326507,6138.470090291145
2025-06-30,0.0048086648460223,6253.75,6223.25,1364101,-0.0074431726200558,18.7125,0.0036955115373953,0.0100695507820677,3.4595774488260727,-0.0058632988091014,6187.365066144067
