DATE,ret_true,sigma_lstm,gk_vol_actual,shape,VaR_ret_95,VaR_ret_99,viol_95,viol_99
2006-01-31,-0.0038880298,0.005185077,0.006194141,17.728073,-0.008405603757957698,-0.012817461655240534,0,0
2006-02-01,0.0029174385,0.0052189617,0.0044153407,17.946579,-0.008460534197044801,-0.01290122349043743,0,0
2006-02-02,-0.011917695,0.0052150227,0.005867443,17.926205,-0.00845414854616082,-0.012891486196400499,1,0
2006-02-03,-0.005123164,0.0054141884,0.00655859,17.729158,-0.008777018904516334,-0.01338382185211324,0,0
2006-02-06,0.0025648628,0.0056814933,0.003315056,19.069603,-0.009210351064047563,-0.014044597508295679,0,0
2006-02-07,-0.00890654,0.005629509,0.005668721,19.36034,-0.00912607920902316,-0.01391609379797402,0,0
2006-02-08,0.008512374,0.005721058,0.005785326,19.915745,-0.009274490310535554,-0.01414240158711364,0,0
2006-02-09,-0.0019731657,0.005703305,0.006863358,22.991804,-0.009245710149929717,-0.014098515553983929,0,0
2006-02-10,0.0019731657,0.0057475334,0.008875409,19.696024,-0.009317409885529353,-0.014207848403616434,0,0
2006-02-13,-0.0019731657,0.0059175044,0.0047353297,19.957966,-0.009592952493558392,-0.014628015343969007,0,0
2006-02-14,0.009827123,0.0058459537,0.008271707,19.419785,-0.009476960006387078,-0.01445114176065183,0,0
2006-02-15,0.0031243924,0.0058676167,0.0057668854,23.333517,-0.009512078554270035,-0.01450469301691363,0,0
2006-02-16,0.0073815407,0.005739158,0.004417031,20.801151,-0.00930383257046583,-0.014187144749218847,0,0
2006-02-17,-0.0021311643,0.00549362,0.003162011,24.050217,-0.00890578691342051,-0.0135801764584065,0,0
2006-02-20,-0.00019396761,0.0052388883,0.0017676872,21.837118,-0.008492838028340647,-0.012950482666919534,0,0
2006-02-21,-0.0027195043,0.0050057005,0.006000768,19.505371,-0.008114813572758424,-0.01237404412619232,0,0
2006-02-22,0.005431633,0.005088413,0.005962494,18.03067,-0.00824890042542031,-0.012578509283241692,0,0
2006-02-23,-0.001548887,0.0051870327,0.005112513,16.862356,-0.008408773795589238,-0.01282229555378702,0,0
2006-02-24,0.0021291017,0.005269035,0.0037004733,15.542676,-0.00854170944182689,-0.013025005269511204,0,0
2006-02-27,0.0007730963,0.0052203042,0.0042014886,14.943083,-0.008462710854939302,-0.012904542613001698,0,0
2006-02-28,-0.008926898,0.0051615178,0.005978134,24.785446,-0.00836741138764288,-0.012759223216202828,1,0
2006-03-01,0.0073801074,0.005274411,0.004350633,17.118721,-0.008550423669341708,-0.013038293342592268,0,0
2006-03-02,-0.0003870718,0.0052521555,0.004799896,16.593573,-0.008514345501440897,-0.012983278789565999,0,0
2006-03-03,-0.0038789809,0.0052320575,0.0101362085,16.649792,-0.008481763996454748,-0.012933596196517922,0,0
2006-03-06,-0.0054559764,0.0055764467,0.007478825,16.763956,-0.009040058600544939,-0.01378492346417304,0,0
2006-03-07,-0.0015643336,0.00584348,0.0041845385,15.676169,-0.009472950195740792,-0.014445027316563875,0,0
2006-03-08,0.0015643336,0.005798309,0.0071579963,27.98411,-0.009399722832848002,-0.014333365032328297,0,0
2006-03-09,-0.005878912,0.005807601,0.0056314743,23.574404,-0.009414786419548675,-0.014356335059287215,0,0
2006-03-10,0.008610621,0.005773845,0.00586533,24.286293,-0.009360063602734565,-0.014272889821279465,0,0
2006-03-13,0.0019466621,0.005671598,0.0030571418,15.876915,-0.009194310133476461,-0.014020137157982972,0,0
2006-03-14,0.017924735,0.005409335,0.007027798,14.298825,-0.0087691512019601,-0.013371824620417192,0,0
2006-03-15,0.0041936776,0.005295995,0.0048785135,12.203526,-0.008585414774284738,-0.01309165026480707,0,0
2006-03-16,0.0019004187,0.0051646573,0.0052115903,12.530215,-0.00837250066531013,-0.01276698370827826,0,0
2006-03-17,0.00056942203,0.00513041,0.0031848405,12.357886,-0.008316981963116215,-0.012682324847712112,0,0
2006-03-20,-0.0015191799,0.0050431234,0.0039137644,11.2104,-0.008175480632128161,-0.012466553567464954,0,0
2006-03-21,-0.0060999044,0.005044121,0.0077910703,11.351616,-0.008177097722677159,-0.012469019421995057,0,0
2006-03-22,0.0053394483,0.005335273,0.0050038276,12.0956745,-0.008649088980640946,-0.01318874521740056,0,0
2006-03-23,-0.0020942416,0.0054208664,0.004640083,12.716464,-0.00878784480246622,-0.013400329950264408,0,0
2006-03-24,0.0007620499,0.005427833,0.004692466,12.107615,-0.008799139116519805,-0.01341755232256182,0,0
2006-03-27,-0.0013339687,0.0053875,0.003514917,11.206159,-0.008733754136393861,-0.01331784866060898,0,0
2006-03-28,-0.0065047103,0.005271336,0.0072512547,11.289272,-0.008545439046803934,-0.013030692436091855,0,0
2006-03-29,0.005741643,0.0054232976,0.0067643947,11.5287075,-0.008791786249681154,-0.013406340148936423,0,0
2006-03-30,-0.0019102202,0.005517499,0.0076839905,12.152747,-0.008944497495424829,-0.013639205103436627,0,0
2006-03-31,0.0,0.0056565264,0.0048667737,11.87833,-0.009169876536715789,-0.013982879074138246,0,0
2006-04-03,-0.0013393286,0.0055826036,0.007391737,11.711157,-0.0090500396615222,-0.013800143294900077,0,0
2006-04-04,0.006868945,0.0056393943,0.0063204644,11.359822,-0.009142104103727648,-0.013940529695658295,0,0
2006-04-05,0.0032273403,0.005577718,0.0043971958,11.123445,-0.009042119631401228,-0.013788066270416522,0,0
2006-04-06,-0.0011378723,0.005377027,0.005600581,11.415229,-0.008716776373615356,-0.01329195976200378,0,0
2006-04-07,-0.010299538,0.00529389,0.0105918655,13.930543,-0.008582001666675061,-0.013086445715892802,1,0
2006-04-10,0.0011496457,0.0056712576,0.004531402,10.904232,-0.009193758162067776,-0.014019295472772801,0,0
2006-04-11,-0.008847913,0.005705917,0.008362449,10.2246685,-0.009249944462708588,-0.014104972334869903,0,0
2006-04-12,0.0011585249,0.0059949975,0.0030550507,10.469483,-0.009718577472606375,-0.014819577235089977,0,0
2006-04-13,-0.0009653442,0.0058485502,0.0052924724,10.438926,-0.009481169843369538,-0.014457561219104938,0,0
2006-04-17,-0.00096627703,0.0057580625,0.0069474517,9.807637,-0.009330131924610722,-0.014250475765202919,0,0
2006-04-18,0.01573023,0.00578861,0.00802397,9.355814,-0.009368306493549706,-0.014367885767209454,0,0
2006-04-19,0.0013314314,0.0057686786,0.0055916766,9.765155,-0.009346338419543031,-0.0142805084173125,0,0
2006-04-20,0.0013296611,0.0056285374,0.0068917735,9.627382,-0.009116044838084765,-0.013945693647277749,0,0
2006-04-21,0.0,0.005605459,0.0064369617,9.22296,-0.009068363793699026,-0.013925918965571863,0,0
2006-04-24,-0.0019000575,0.005613976,0.0050459555,8.566933,-0.00906220862390489,-0.014015022652590347,0,0
2006-04-25,-0.0038109801,0.0055744345,0.006315087,8.559127,-0.008998116092800882,-0.01391717029175682,0,0
2006-04-26,-0.00038189805,0.005640306,0.0047139158,8.23882,-0.009092835002505122,-0.014118728795190723,0,0
2006-04-27,0.0045731785,0.0055822902,0.010828418,7.8919215,-0.008985216262105697,-0.014016384633258354,0,0
2006-04-28,0.00076016726,0.005866227,0.006014178,7.9480476,-0.009444770492349569,-0.014721776568765154,0,0
2006-05-01,-0.005906467,0.005843282,0.006779907,7.9733305,-0.009408946130618384,-0.014660844076582018,0,0
2006-05-02,0.00742507,0.0058913864,0.0034911097,7.810586,-0.009478949161710106,-0.014803624868821669,0,0
2006-05-03,-0.004372215,0.0056158705,0.005110102,8.290017,-0.009055381630141104,-0.01405147883453435,0,0
2006-05-04,0.0036132017,0.005493476,0.0040654507,8.445618,-0.008863577223780703,-0.013727562123887293,0,0
2006-05-05,0.009070357,0.005327196,0.005693964,8.260038,-0.008588831319507285,-0.013332556318660323,0,0
2006-05-08,-0.0013176473,0.0052321064,0.0020587381,8.093008,-0.008429430409128117,-0.013113436646278237,0,0
2006-05-09,0.0015057409,0.005006803,0.0026719884,7.846329,-0.008057125417056945,-0.012576699139028735,0,0
2006-05-10,-0.0011290931,0.0048916587,0.004884879,7.3984785,-0.007852820406139828,-0.012341235610167851,0,0
2006-05-11,-0.012123656,0.004951254,0.010018196,7.451393,-0.007950955033502924,-0.012484854472957522,1,0
2006-05-12,-0.013430747,0.0054832185,0.0065826103,6.536117,-0.008747575661846401,-0.013969690031120644,1,0
2006-05-15,0.0023152626,0.00596576,0.0063950876,6.1870046,-0.009485155900852719,-0.015268398790990472,0,0
2006-05-16,-0.0017359441,0.006210864,0.0052299057,5.6869354,-0.00985415804472325,-0.01593694184667986,0,0
2006-05-17,-0.020281507,0.0061619496,0.011790671,5.596186,-0.009776549683674982,-0.015811427324664996,1,1
2006-05-18,-0.0047393455,0.0067409454,0.008570783,5.0726495,-0.010695184637213154,-0.017297118112900824,0,0
2006-05-19,0.006117434,0.007088314,0.008995352,5.0227447,-0.011246319099335149,-0.018188457366104988,0,0
2006-05-22,-0.0069095134,0.0072060814,0.009564246,5.266889,-0.011433169860959802,-0.018490647538873174,0,0
2006-05-23,-0.0075562103,0.0073661776,0.012732847,5.598076,-0.011687177806385878,-0.018901449744041548,0,0
2006-05-24,0.006763503,0.007795813,0.010683961,5.7054253,-0.012368837971250757,-0.02000388572663339,0,0
2006-05-25,0.0118251275,0.007926337,0.0075672087,6.0242233,-0.012579503896163793,-0.020331858273602614,0,0
2006-05-26,0.0052760257,0.0074610077,0.0039261887,5.89476,-0.011837635849595733,-0.0191447826674753,0,0
2006-05-29,-0.002146133,0.006678207,0.0015931552,5.665034,-0.010595644186631633,-0.017136133240818377,0,0
2006-05-30,-0.015748357,0.005951865,0.0079611065,5.646084,-0.009443229518607061,-0.015272354979477907,1,1
2006-05-31,0.009478744,0.0061109606,0.007821167,5.516491,-0.009695651237737576,-0.015680591811114288,0,0
2006-06-01,0.010751741,0.00631484,0.010167176,5.8151054,-0.01001912648432535,-0.016203742157426253,0,0
2006-06-02,0.0019425026,0.006589587,0.0068969205,6.1067863,-0.010467852288674365,-0.016883512369700922,0,0
2006-06-05,-0.014661586,0.0065676724,0.008942498,6.186996,-0.010442154774940406,-0.01680889783399329,1,0
2006-06-06,-0.0029582903,0.006872065,0.010202009,5.9970193,-0.010903219165982908,-0.017633568388211802,0,0
2006-06-07,-0.007732764,0.0073153367,0.009414941,6.161819,-0.011627750600195339,-0.018728837201145605,0,0
2006-06-08,-0.00039816843,0.0076874304,0.014715982,6.4340057,-0.012252645292157258,-0.01961074749078245,0,0
2006-06-09,-0.003590668,0.008389225,0.0074769245,6.1582494,-0.013334185367523494,-0.02147926952420836,0,0
2006-06-12,-0.011658424,0.008326395,0.010850665,6.3626146,-0.013262050339969958,-0.02126036254714583,0,0
2006-06-13,-0.0032401811,0.008564321,0.010873803,6.5406637,-0.013663520047971126,-0.021818227960938876,0,0
2006-06-14,0.0070743095,0.008943153,0.0066069886,6.5577874,-0.014270058684228272,-0.02277845946783145,0,0
2006-06-15,0.02112474,0.008693531,0.010242745,6.991403,-0.013919330829796293,-0.022029204977822042,0,0
2006-06-16,-0.006131955,0.008044504,0.0050185034,7.10976,-0.012890711888686754,-0.020357801703702747,0,0
2006-06-19,-0.00916889,0.00729416,0.009223668,7.4818935,-0.011715358717133207,-0.018386956772293496,0,0
2006-06-20,0.0031987233,0.0071811485,0.0067991903,7.512777,-0.011535870716748484,-0.01809647670660574,0,0
2006-06-21,0.0073580923,0.006989476,0.009954116,7.1652446,-0.011204240705979713,-0.01767721736436305,0,0
2006-06-22,-0.004567578,0.00700519,0.00829149,7.575275,-0.01125712535113483,-0.017642121170348884,0,0
2006-06-23,-0.00039816843,0.007031835,0.0073101153,7.195471,-0.011274365164721445,-0.0177785557594117,0,0
2006-06-26,0.0037762143,0.00698993,0.0039117397,7.152087,-0.011203998063046639,-0.01768088591705414,0,0
2006-06-27,-0.008366583,0.006620043,0.0066401223,6.031655,-0.010507255238432725,-0.016979305485435334,0,0
2006-06-28,0.006380879,0.0065454864,0.0051420266,7.2099376,-0.010495566803410211,-0.016546355275129924,0,0
2006-06-29,0.019486887,0.006392457,0.008661369,7.040114,-0.010238554207235863,-0.016189504406862662,0,0
2006-06-30,-0.0023419214,0.006255587,0.0042380067,6.1426477,-0.00994120646846159,-0.01601984857473625,0,0
2006-07-03,0.0068153315,0.0059724515,0.0032719453,6.09541,-0.009486299777540088,-0.015304725990054061,0,0
2006-07-04,-0.00038819876,0.0056176474,0.0013682477,5.8272114,-0.008912960311561692,-0.014414760705323515,0,0
2006-07-05,-0.006231763,0.005275422,0.006775795,5.53934,-0.008369985006602883,-0.013536617101370914,0,0
2006-07-06,0.0023414644,0.0054359552,0.0050305626,5.7696247,-0.008624686982587256,-0.013948541748923224,0,0
2006-07-07,-0.006060032,0.005559929,0.009792865,5.822339,-0.008821384472419716,-0.014266656847404564,0,0
2006-07-10,0.0015673984,0.006059202,0.005540646,5.9786296,-0.00961353032076463,-0.015547779218475317,0,0
2006-07-11,0.0041027702,0.0062007247,0.007835993,5.46932,-0.009838070470673754,-0.015910923720025373,0,0
2006-07-12,-0.0109783495,0.006296716,0.008319717,5.52176,-0.009990370816643314,-0.016157236164572153,1,0
2006-07-13,-0.01649645,0.0065853246,0.0077088447,6.146473,-0.010465652104887695,-0.016863384658752995,1,0
2006-07-14,-0.0042172973,0.007009767,0.008934932,6.1415696,-0.011139597137154404,-0.017951482695473538,0,0
2006-07-17,-0.0014097274,0.0074857515,0.007155542,6.0325694,-0.011881424690561094,-0.01919945809668742,0,0
2006-07-18,0.004223234,0.0075759385,0.008558684,5.796985,-0.01201998491366168,-0.019439692330647552,0,0
2006-07-19,0.013356124,0.007525319,0.011449658,5.921012,-0.011939671914622864,-0.01930980364919907,0,0
2006-07-20,-0.006556098,0.007445483,0.008308984,6.2454853,-0.011845074235326877,-0.019040500099829452,0,0
2006-07-21,-0.0076030777,0.0072972323,0.007631673,6.3819237,-0.011624993013989986,-0.018627852375529823,0,0
2006-07-24,0.01811175,0.007250653,0.0087455325,6.3990216,-0.011552676534078031,-0.018504852321877898,0,0
2006-07-25,0.0031508494,0.0070455447,0.008800623,5.9145265,-0.011178461550928614,-0.018078712647387765,0,0
2006-07-26,0.0013753809,0.006881499,0.00715327,6.051515,-0.010924739988505572,-0.01764498478342505,0,0
2006-07-27,-0.0007857003,0.006692027,0.008301488,5.8047624,-0.010617570846981901,-0.017171594810371872,0,0
2006-07-28,0.009387904,0.006694203,0.006046924,5.8389807,-0.010621022902496767,-0.017177177753911265,0,0
2006-07-31,-0.0019485587,0.0064644814,0.0027296615,5.7475777,-0.010256546466003444,-0.016587716965225253,0,0
2006-08-01,-0.0039085452,0.00610099,0.0065372637,5.4628572,-0.009679831503382025,-0.01565500685648802,0,0
2006-08-02,0.005857104,0.0061135646,0.0057777814,5.6044607,-0.009699781941125616,-0.015687272318914376,0,0
2006-08-03,0.0023332697,0.0060705286,0.0077020284,5.5609746,-0.009631501821310052,-0.015576844183517492,0,0
2006-08-04,-0.0009715341,0.006183854,0.01082711,5.704667,-0.009811302788828196,-0.015867632858745595,0,0
2006-08-07,-0.0029202786,0.0065637114,0.0045215925,5.645028,-0.010413985533668662,-0.016842340166354,0,0
2006-08-08,-0.004298561,0.0065203877,0.008319521,5.4611316,-0.010345247552754663,-0.016731171540935903,0,0
2006-08-09,-0.0041204807,0.0066706566,0.010791651,5.407921,-0.010583664694374405,-0.017116759036488616,0,0
2006-08-10,0.0031409527,0.007031362,0.007835413,5.0326843,-0.011155959397181898,-0.0180423203433412,0,0
2006-08-11,-0.002551272,0.0070803794,0.006083362,5.2136574,-0.011233730633719727,-0.018168098280778634,0,0
2006-08-14,0.0007857003,0.0069135716,0.0069043967,5.363846,-0.01096907334586784,-0.017740073097231458,0,0
2006-08-15,0.011323823,0.006716772,0.0064761853,5.3988323,-0.010656831078876806,-0.01723508963456249,0,0
2006-08-16,0.008698228,0.0064050774,0.0050237104,5.76103,-0.010162296754241172,-0.01643528870411917,0,0
2006-08-17,0.0015384619,0.005991203,0.0049144994,6.124132,-0.009519121356919671,-0.015346692072462849,0,0
2006-08-18,0.004601235,0.0057004187,0.0051768553,5.6991434,-0.009044285009067256,-0.014627149633700784,0,0
2006-08-21,-0.003640897,0.0055291685,0.003994355,5.8439054,-0.008772579736836521,-0.014187725879451553,0,0
2006-08-22,-0.00019199385,0.005434996,0.004611904,5.693874,-0.00862316500162369,-0.013946080278141242,0,0
2006-08-23,-0.003269548,0.0054222685,0.006677962,5.37748,-0.008602972060373418,-0.013913422619419065,0,0
2006-08-24,-0.0013493978,0.005615103,0.0038862901,5.310668,-0.008908922809148234,-0.014408230929681897,0,0
2006-08-25,0.0011567381,0.0056381826,0.0037956655,4.8474164,-0.008945540838656925,-0.014467452570350883,0,0
2006-08-28,0.004805391,0.005571241,0.0064579174,4.9578447,-0.008839331541641703,-0.014295682300133354,0,0
2006-08-29,0.00095831347,0.0055875066,0.005670213,5.1882935,-0.008865138258098851,-0.014337419010419988,0,0
2006-08-30,0.0,0.0055837305,0.002706632,4.743276,-0.00885914715467449,-0.014327729713126586,0,0
2006-08-31,0.00038306837,0.0054118023,0.002833339,4.8084283,-0.00858636599934882,-0.013886565953669406,0,0
2006-09-01,0.0053476063,0.0052408003,0.0035024572,4.788961,-0.008315054342884525,-0.013447778786691377,0,0
2006-09-04,0.002853069,0.0050779735,0.0018573292,4.618003,-0.00805671300457229,-0.013029968267863722,0,0
2006-09-05,-0.0013304193,0.004883144,0.0033930377,4.753976,-0.007747597042117001,-0.012530040917889017,0,0
2006-09-06,-0.008978951,0.004836647,0.005244966,4.8367195,-0.007673824398847899,-0.01241072982907559,1,0
2006-09-07,-0.0050019342,0.0050474927,0.0043076444,5.0525074,-0.008008352557130066,-0.012951755838646712,0,0
2006-09-08,0.0023116944,0.005331639,0.0030864342,5.3122497,-0.008459179244141942,-0.013680869240444338,0,0
2006-09-11,0.000961631,0.0054408647,0.0065353937,5.076871,-0.008632476955307437,-0.013961140323216971,0,0
2006-09-12,0.018663654,0.0056524505,0.0075483276,5.0478125,-0.008968178721978276,-0.014504064387249585,0,0
2006-09-13,0.0030143203,0.0056968797,0.004694142,4.461511,-0.00903867032899655,-0.014618069118717313,0,0
2006-09-14,0.00037615196,0.0055715977,0.0034537443,4.115419,-0.008839897986399843,-0.01429659840043628,0,0
2006-09-15,0.0020663105,0.0054033767,0.004427316,4.136653,-0.008572998445974997,-0.013864946864571775,0,0
2006-09-18,0.0015000941,0.0053275265,0.0037669425,4.303015,-0.008452654271057352,-0.013670316525932525,0,0
2006-09-19,-0.0028145248,0.0052529597,0.006066876,4.4425774,-0.008334346039759223,-0.013478978880075355,0,0
2006-09-20,0.004499445,0.005375028,0.004723442,4.610341,-0.008528020379532661,-0.01379220469563006,0,0
2006-09-21,-0.004687362,0.0053910143,0.007120277,4.81989,-0.00855338371271267,-0.013833224330599707,0,0
2006-09-22,-0.0032000027,0.005603317,0.005275946,4.7268386,-0.008890223798082774,-0.014377989375752258,0,0
2006-09-25,0.00732604,0.005716486,0.00864993,4.8591433,-0.009069776832911252,-0.014668377074170456,0,0
2006-09-26,0.00820135,0.0058936044,0.0051608654,5.1288643,-0.009350793153961904,-0.015122859410076397,0,0
2006-09-27,0.0007422528,0.0057303496,0.003763015,5.071793,-0.009091773167776497,-0.01470395132698805,0,0
2006-09-28,-0.0003710575,0.0054782634,0.003936172,4.7968063,-0.008691813401018428,-0.014057104025076927,0,0
2006-09-29,-0.0012997866,0.005294858,0.0029068969,4.8088846,-0.008400822765959812,-0.01358649042137682,0,0
2006-10-02,-0.0037230125,0.0051347152,0.0043680244,4.8573565,-0.008146739716835771,-0.013175566752430264,0,0
2006-10-03,0.0020493718,0.005155732,0.0060593225,4.7089977,-0.008180084853868112,-0.013229495206524678,0,0
2006-10-04,0.011105056,0.00530774,0.00746361,4.816625,-0.008421260925308253,-0.013619544666651863,0,0
2006-10-05,0.0018389119,0.0054317433,0.003276929,4.75985,-0.00861800456319609,-0.013937734399502931,0,0
2006-10-06,-0.0014708589,0.005293362,0.004621011,4.8819327,-0.00839844840326754,-0.013582650409883408,0,0
2006-10-09,0.0003679176,0.0052250004,0.003844468,4.643789,-0.008289985995313389,-0.013407236226320379,0,0
2006-10-10,0.0011029413,0.005122832,0.0031761443,4.636426,-0.008127885974055228,-0.013145074953849187,0,0
2006-10-11,-0.0012868831,0.004982609,0.005939963,4.3889565,-0.007905408008816716,-0.012785265584232626,0,0
2006-10-12,0.0086089,0.005110371,0.0045011695,4.2393937,-0.008108114699350156,-0.013113099248387654,0,0
2006-10-13,0.0020041913,0.005133293,0.0032498864,4.343413,-0.008144482986441519,-0.013171916985408705,0,0
2006-10-16,0.0018185129,0.005069779,0.003241266,4.33872,-0.00804371192104998,-0.013008941863466865,0,0
2006-10-17,-0.0030934426,0.0049808966,0.0058877007,4.225478,-0.007902690702732536,-0.01278087093693281,0,0
2006-10-18,0.00054659747,0.0050915573,0.00643197,4.2802987,-0.008078265051296565,-0.013064823981945315,0,0
2006-10-19,0.0012742333,0.005265215,0.003279893,4.288875,-0.008353790658621341,-0.013510426291272741,0,0
2006-10-20,0.00054560334,0.00521624,0.003597316,4.06895,-0.008276087286870829,-0.013384758110261378,0,0
2006-10-23,0.0041730986,0.0051223584,0.01404773,3.9328911,-0.008127134937075585,-0.013143860316067353,0,0
2006-10-24,0.002892788,0.0056149145,0.003390947,3.790475,-0.00890862420408404,-0.014407748001407192,0,0
2006-10-25,0.0032444152,0.0054878932,0.0036443742,3.8276374,-0.008707092026803103,-0.014081813855132672,0,0
2006-10-26,0.0026956615,0.005247413,0.004897925,3.6300607,-0.008325546239003761,-0.013464747130161697,0,0
2006-10-27,-0.005940077,0.0050677485,0.0053445157,3.5492964,-0.00804049060581199,-0.013003732091776108,0,0
2006-10-30,-0.0010838151,0.0050415494,0.0041945125,3.7229483,-0.007998922971148301,-0.012936505549099132,0,0
2006-10-31,0.0,0.005018132,0.00524401,3.804828,-0.00796176835738789,-0.01287641610095469,0,0
2006-11-01,-0.007437676,0.005059828,0.007376619,3.8702285,-0.00802792385692851,-0.012983408128506095,0,0
2006-11-02,-0.0012753942,0.005293049,0.004459384,4.0494404,-0.008397951633024378,-0.01358184699284458,0,0
2006-11-03,-0.002007483,0.0053543192,0.00592869,3.8448882,-0.008495163868969004,-0.013739066487803344,0,0
2006-11-06,0.011081955,0.0054241642,0.0073056,3.8296888,-0.008605979827747317,-0.013918287024222459,0,0
2006-11-07,0.0037868586,0.005424182,0.0048046247,3.9394271,-0.008606007878526074,-0.0139183323902119,0,0
2006-11-08,0.0017982383,0.005316004,0.0065338756,3.9515107,-0.008434372402217933,-0.013640749608168459,0,0
2006-11-09,-0.005404445,0.0053133606,0.0055452213,3.9990926,-0.008430178358361733,-0.013633966661037373,0,0
2006-11-10,0.00054176076,0.005344061,0.003563776,3.8974285,-0.008478888083242682,-0.013712743969993887,0,0
2006-11-13,0.0023442442,0.005264981,0.0047838995,3.8282752,-0.008353419664450674,-0.013509826289476896,0,0
2006-11-14,0.0069999387,0.005221548,0.007021296,3.725917,-0.008284508854544976,-0.013398378151027075,0,0
2006-11-15,0.0026792907,0.0052602664,0.004453605,3.7771769,-0.008345939155160659,-0.013497728204486026,0,0
2006-11-16,0.002494211,0.005175156,0.004083061,3.6862502,-0.008210903611084591,-0.013279337794731286,0,0
2006-11-17,-0.00017795178,0.005071685,0.0036508671,3.799571,-0.008046735975972833,-0.013013832609812516,0,0
2006-11-20,0.0003558719,0.0049779587,0.0045330175,3.8289587,-0.007898029749139591,-0.012773332865590369,0,0
2006-11-21,0.0007113641,0.0049402094,0.002066488,3.6250825,-0.0078381368121726,-0.012676469161036642,0,0
2006-11-22,0.0015987214,0.0048139077,0.0032731467,3.6782374,-0.0076377465730462545,-0.012352381849558116,0,0
2006-11-23,-0.000887863,0.0047541186,0.0014027859,3.5129187,-0.007542885173334297,-0.012198964317198396,0,0
2006-11-24,-0.0030246442,0.0046342965,0.003673771,3.2637115,-0.007352775544622672,-0.011891503640850358,0,0
2006-11-27,-0.013996281,0.004671124,0.008260845,3.3942077,-0.007411205769207021,-0.011986001728567537,1,1
2006-11-28,0.0036075076,0.005117625,0.005746824,3.353254,-0.00811962456727915,-0.013131713938249013,0,0
2006-11-29,0.0098540615,0.005407644,0.0044964775,3.464322,-0.008579768637157759,-0.013875896165636451,0,0
2006-11-30,0.0005347117,0.0053631715,0.0066674566,3.364523,-0.008509208260488338,-0.01376178021432364,0,0
2006-12-01,-0.0017834854,0.005369224,0.00955311,3.448033,-0.008518811580325634,-0.013777311480321958,0,0
2006-12-04,0.007292162,0.005586941,0.006074289,3.5055285,-0.008864240633178602,-0.014335967298757845,0,0
2006-12-05,0.0042440384,0.005542307,0.0028013398,3.6695824,-0.008793425084908869,-0.014221438663283011,0,0
2006-12-06,-0.001412679,0.0052480875,0.00273624,3.5560355,-0.00832661578805188,-0.01346647689143655,0,0
2006-12-07,-0.0042500505,0.0049938816,0.005627509,3.5055811,-0.007923292642434372,-0.012814190061049432,0,0
2006-12-08,0.00088691805,0.0050268425,0.0056153475,3.5480168,-0.007975589247540991,-0.012898768362978465,0,0
2006-12-11,0.0031864073,0.0051357676,0.0031162407,3.5541673,-0.008148409190603775,-0.01317826676051157,0,0
2006-12-12,0.007395702,0.005057392,0.004913786,3.4728527,-0.008024059183506755,-0.0129771578658962,0,0
2006-12-13,0.001052078,0.005057646,0.0038900583,3.6648326,-0.008024461847911503,-0.012977809087357545,0,0
2006-12-14,0.008203205,0.0050288197,0.005706635,3.7230783,-0.007978725505578876,-0.012903840573281882,0,0
2006-12-15,0.0,0.005070012,0.003801113,3.7595465,-0.008044082010356815,-0.013009540401843697,0,0
2006-12-18,-0.0024364789,0.0050600455,0.005575353,3.8308425,-0.008028268610048081,-0.012983965691150528,0,0
2006-12-19,0.0010449322,0.005175297,0.00687527,3.6426702,-0.008211127112450822,-0.013279699259227808,0,0
2006-12-20,-0.0006965001,0.0053537777,0.0031518089,3.7127273,-0.008494304248329653,-0.013737676239739798,0,0
2006-12-21,-0.0038394462,0.0052816276,0.0057751867,3.644131,-0.00837983082994686,-0.013552540563665054,0,0
2006-12-22,-0.0066666915,0.005342312,0.004164022,3.653504,-0.008476112865873325,-0.013708255663877159,0,0
2006-12-26,0.005967024,0.0053523555,0.0029183433,3.6706178,-0.008492047517935399,-0.01373402647271824,0,0
2006-12-27,0.005757671,0.005189092,0.0035711934,3.6825821,-0.008233013958792529,-0.013315096438344677,0,0
2006-12-28,-0.0022642177,0.0050123944,0.002600148,3.8735847,-0.007952665427249078,-0.012861694105671256,0,0
2006-12-29,-0.0036684468,0.004862418,0.005376102,3.663821,-0.007714712480774587,-0.012476857344072858,0,0
2007-01-03,-0.002628583,0.004950599,0.011067543,3.7489164,-0.00785462071658003,-0.012703128265219377,0,0
2007-01-04,0.0019283028,0.0054425467,0.0072578187,3.8686132,-0.00863514539874475,-0.013965455945890017,0,0
2007-01-05,-0.007735622,0.0057056705,0.0051070526,3.8881025,-0.009052616995222145,-0.01464062479598407,0,0
2007-01-08,0.0042268466,0.0057660397,0.005250762,3.899781,-0.009148399546313956,-0.014795532088900304,0,0
2007-01-09,-0.0014069647,0.005726728,0.006411924,4.0749216,-0.00908602728245031,-0.014694658616247512,0,0
2007-01-10,0.0028119527,0.0057188356,0.006011919,4.1412215,-0.009073504871894542,-0.014674406360509198,0,0
2007-01-11,0.0045526256,0.0056622457,0.0068661734,4.133411,-0.00898371975827391,-0.014529198608819464,0,0
2007-01-12,0.0067903106,0.0055940496,0.005072434,4.162113,-0.008875519760830718,-0.014354208816770568,0,0
2007-01-16,-0.0013891303,0.005390317,0.003931915,4.2817426,-0.008552277969111314,-0.013831436032564284,0,0
2007-01-17,0.0,0.005181305,0.0038064003,4.339449,-0.008220658948045478,-0.013295114915124,0,0
2007-01-18,-0.0038300883,0.0050325063,0.005049478,4.290863,-0.007984575450245618,-0.012913301577209059,0,0
2007-01-19,0.0024390256,0.005048974,0.0032832755,4.453044,-0.008010702488498903,-0.01295555633782674,0,0
2007-01-22,-0.0040101176,0.004970026,0.0055415435,4.565455,-0.007885443998115662,-0.012752978170521055,0,0
2007-01-23,0.00313972,0.0050537647,0.004710634,4.5415163,-0.008018303344678426,-0.012967849057546506,0,0
2007-01-24,0.007460779,0.0050652456,0.0031152368,4.3758693,-0.00803651915845819,-0.01299730914572253,0,0
2007-01-25,-0.011824168,0.0049112714,0.006355553,4.5906267,-0.007792224021392949,-0.012602215280253199,1,0
2007-01-26,-0.0012251686,0.0050588553,0.005315915,4.5502214,-0.008026380159233001,-0.012980911535667772,0,0
2007-01-29,-0.0008760404,0.0052099368,0.0045169187,4.552079,-0.008266085826947938,-0.013368582939896786,0,0
2007-01-30,0.00541912,0.005267989,0.0029088224,4.3614397,-0.008358191916294819,-0.013517544361358092,0,0
2007-01-31,0.0062565375,0.0051159947,0.007815073,4.3586907,-0.008117037561586618,-0.013127530023287249,0,0
2007-02-01,0.0053563844,0.0051781987,0.0040665995,4.508577,-0.00821573105962242,-0.013287145135172353,0,0
2007-02-02,0.0015497205,0.0050345343,0.0027591477,4.379668,-0.007987792241164452,-0.012918504031804745,0,0
2007-02-05,0.00051604025,0.0048460495,0.0029982196,4.1242332,-0.007688742888827879,-0.01243485721836366,0,0
2007-02-06,-0.00034399726,0.0047124876,0.0040187007,4.1608305,-0.007476833280702313,-0.012092139851124123,0,0
2007-02-07,0.0017188041,0.004736409,0.0033238702,4.1939616,-0.007514787341657321,-0.012153522229967661,0,0
2007-02-08,-0.0012028526,0.0047517424,0.0043380912,4.247923,-0.007539115058182869,-0.012192866981875489,0,0
2007-02-09,-0.0075940993,0.004841117,0.0086164065,4.0089116,-0.007680916721554461,-0.012422200107309343,0,0
2007-02-12,-0.0034710206,0.0052389577,0.004327265,4.107092,-0.0083121307278469,-0.01344305047985631,0,0
2007-02-13,0.00796541,0.0054093366,0.003542824,3.9335763,-0.008582454273007857,-0.013880239593270768,0,0
2007-02-14,0.006189841,0.005309017,0.0046788445,4.088454,-0.00842328691542563,-0.013622821261824786,0,0
2007-02-15,0.00068540097,0.0051501733,0.0026313276,4.3122134,-0.00817126514610837,-0.013215231261392707,0,0
2007-02-16,-0.00034264178,0.004908433,0.0025387818,4.3141055,-0.007787720514106581,-0.012594931843819239,0,0
2007-02-19,0.00034264178,0.004734865,0.002260134,4.1520343,-0.0075123374228351705,-0.012149560022986557,0,0
2007-02-20,0.0015404368,0.0046132673,0.0055276183,4.2087207,-0.007319410500586053,-0.01183754299153763,0,0
2007-02-21,-0.00085550523,0.0046998407,0.0042083473,4.2581635,-0.0074567679252522,-0.012059688534482955,0,0
2007-02-22,-0.0008562377,0.004769827,0.005801246,4.3313866,-0.007567807837828658,-0.012239271267108099,0,0
2007-02-23,-0.0037761803,0.0049104975,0.0036785656,4.0922155,-0.0077909961211744235,-0.012600229420650852,0,0
2007-02-26,-0.0008602151,0.004963113,0.0058014947,3.9573753,-0.007874475238757544,-0.012735238605230223,0,0
2007-02-27,-0.040212598,0.0050826273,0.01941217,4.041542,-0.0080640966934324,-0.013041909767020066,1,1
2007-02-28,0.009806622,0.0066496944,0.012952902,3.2137072,-0.010550405519406,-0.017062969607200554,0,0
2007-03-01,-0.0028429301,0.007970233,0.016531434,3.1582043,-0.012645573381517441,-0.02045144462718288,0,0
2007-03-02,-0.013795793,0.009216062,0.009401153,3.2345748,-0.014622204986645366,-0.02364821321971644,0,0
2007-03-05,-0.009789781,0.009368879,0.009553517,3.3284194,-0.01486466415499772,-0.024040337808005845,0,0
2007-03-06,0.016801046,0.009279637,0.012030624,3.2729223,-0.01472307287246681,-0.023811344927492806,0,0
2007-03-07,-0.0016136265,0.008932115,0.0057532545,3.1214516,-0.014171694097110473,-0.022919610551154792,0,0
2007-03-08,0.008220203,0.008105265,0.007980956,3.1707084,-0.012859814371303308,-0.020797932493512652,0,0
2007-03-09,0.00017795178,0.0074912817,0.008047492,3.1267536,-0.011885668736331173,-0.019222465339009148,0,0
2007-03-12,0.0014224753,0.00713278,0.005959084,3.0503473,-0.01131686952250243,-0.018302557219808644,0,0
2007-03-13,-0.010718216,0.006811506,0.009785872,3.0901465,-0.010807136200099241,-0.01747817524018283,0,0
2007-03-14,0.006979894,0.007130874,0.01294959,3.2300816,-0.011313845467579577,-0.01829766647346299,0,0
2007-03-15,0.0012476608,0.0077795484,0.005984877,3.3291104,-0.01234303215965744,-0.019962150479765774,0,0
2007-03-16,-0.0032114212,0.0077913636,0.0070919804,3.1956005,-0.012361778223642109,-0.019992468131484153,0,0
2007-03-19,0.011901731,0.0078010582,0.0071464814,3.082964,-0.012377160003903506,-0.02001734479130752,0,0
2007-03-20,0.0054592015,0.007557766,0.0045393114,3.1894927,-0.011991152332554017,-0.019393061947177243,0,0
2007-03-21,0.014990694,0.007047489,0.010667596,3.3160853,-0.011181546231728137,-0.018083701442807368,0,0
2007-03-22,0.0,0.00690165,0.004890108,3.418126,-0.010950158977210626,-0.017709483249576427,0,0
2007-03-23,0.0013831261,0.0065469164,0.0035344623,3.271203,-0.010387338198712612,-0.016799243939803123,0,0
2007-03-26,-0.0012101306,0.0062006833,0.007591209,3.128532,-0.0098380044156141,-0.015910816890437333,0,0
2007-03-27,-0.0032920414,0.0062384643,0.0045079207,3.195116,-0.00989794802495562,-0.016007762546455855,0,0
2007-03-28,-0.007665543,0.0061423234,0.006605944,3.3192456,-0.009745410604662365,-0.01576106668612734,0,0
2007-03-29,0.0013981127,0.006368245,0.007374296,3.4634767,-0.01010385793345043,-0.016340776713921354,0,0
2007-03-30,-0.00017465724,0.006582176,0.010761432,3.303894,-0.010443280500193912,-0.016889718356940597,0,0
2007-04-02,0.0013964045,0.0069966996,0.0050233616,3.2979276,-0.011100964488131545,-0.01795337812591165,0,0
2007-04-03,0.009720611,0.006866439,0.0060301307,3.3834164,-0.010894292684291122,-0.017619131759636145,0,0
2007-04-04,0.0008633342,0.0065535367,0.0027348264,3.2204337,-0.01039784185806165,-0.016816231307720628,0,0
2007-04-05,0.0029297736,0.0060409126,0.003609278,3.309445,-0.009584512242571635,-0.015500848834107083,0,0
2007-04-06,0.0,0.0056626867,0.0033990436,3.038583,-0.008984419218015193,-0.014530329831717485,0,0
2007-04-09,0.0012038869,0.0054249736,0.002930888,3.1388817,-0.008607263829523358,-0.013920363615803689,0,0
2007-04-10,0.0010307508,0.0052546756,0.0033416238,3.2380855,-0.008337068775026388,-0.013483382307889256,0,0
2007-04-11,-0.0051644114,0.005178388,0.0059369793,3.3221982,-0.008216031474414277,-0.013287630990285085,0,0
2007-04-12,0.004820946,0.0053709038,0.0065412996,3.0766609,-0.008521476404307622,-0.013781621249318947,0,0
2007-04-13,0.0039427495,0.0055912565,0.0038363077,3.25226,-0.00887108864265082,-0.014347042453857747,0,0
2007-04-16,0.009704682,0.005555212,0.00510529,3.394652,-0.008813900343674377,-0.014254552908737637,0,0
2007-04-17,0.0023692683,0.0054355306,0.005206981,3.600913,-0.008624013763897069,-0.013947452965176617,0,0
2007-04-18,0.0008448087,0.0053549935,0.00546286,3.6720023,-0.008496233418017123,-0.013740796249078197,0,0
2007-04-19,0.0,0.0053348285,0.006471019,3.6438382,-0.00846423924268431,-0.013689052679572067,0,0
2007-04-20,0.008576526,0.00541777,0.004307876,3.7114182,-0.008595834494475313,-0.0139018791702346,0,0
2007-04-23,-0.0031865856,0.0053247437,0.0031607046,3.7853196,-0.00844823853556258,-0.013663175041142946,0,0
2007-04-24,0.00016796842,0.005208969,0.005349667,3.8982103,-0.008264551177890739,-0.013366100981248605,0,0
2007-04-25,0.008196082,0.0052403556,0.0059775957,3.797973,-0.008314348549096425,-0.013446637319860257,0,0
2007-04-26,0.0013317798,0.005275575,0.0035555782,3.7762861,-0.008370227510109563,-0.013537009297666736,0,0
2007-04-27,-0.0004992096,0.005197251,0.0043630507,3.7471955,-0.008245958940757324,-0.013336032110762648,0,0
2007-04-30,-0.009028652,0.0051648733,0.006124482,3.7440674,-0.00819458891621354,-0.013252952349904217,1,0
2007-05-01,0.002851155,0.0053488915,0.004710195,3.6591954,-0.00848655227989037,-0.01372513912904465,0,0
2007-05-02,0.005511496,0.0054389923,0.0048729354,3.7986982,-0.008629505382486776,-0.013956334455174147,0,0
2007-05-03,0.0048184856,0.0054212552,0.0038432197,3.9812436,-0.008601364117345918,-0.013910822123830728,0,0
2007-05-04,0.0039702286,0.0052771335,0.0038369917,4.145529,-0.008372700502959402,-0.013541008821832701,0,0
2007-05-07,0.0,0.0051299566,0.0020605025,4.0557175,-0.008139189533030777,-0.013163355984175295,0,0
2007-05-08,-0.0013216588,0.0049500205,0.0037962047,3.8818467,-0.007853703184655501,-0.012701644358338919,0,0
2007-05-09,0.0021468096,0.004960705,0.005025858,3.9421887,-0.007870654903663501,-0.012729060050152025,0,0
2007-05-10,-0.010780434,0.005070983,0.0064119985,4.0301275,-0.008045622088597,-0.013012031141005964,1,0
2007-05-11,0.008633625,0.0053884536,0.00566296,4.2266006,-0.008549320874111947,-0.01382665357922569,0,0
2007-05-14,-0.0023171145,0.005559469,0.006180919,4.282801,-0.008820654247308183,-0.014265475868260059,0,0
2007-05-15,-0.0001657138,0.0057091382,0.007836001,4.2312636,-0.009058119472177823,-0.01464952384700977,0,0
2007-05-16,0.0062778993,0.005905094,0.0041578067,4.1336694,-0.00936902254069913,-0.015152341449537636,0,0
2007-05-17,-0.0018132371,0.0057448656,0.0039467397,4.1164794,-0.009114804666864288,-0.014741199731157954,0,0
2007-05-18,0.008379249,0.0055576167,0.0044019,4.033811,-0.008817715249585434,-0.014260722683301748,0,0
2007-05-21,0.0,0.00536505,0.003575684,3.980807,-0.008512188881947309,-0.013766600716556604,0,0
2007-05-22,-0.0018013597,0.0052005257,0.0037033777,3.925314,-0.008251154668874328,-0.013344435062742518,0,0
2007-05-23,0.00016389412,0.0051295287,0.0054308656,4.0056014,-0.008138510885157605,-0.013162258419914603,0,0
2007-05-24,-0.00921969,0.0052089645,0.010043474,3.95305,-0.008264543938980093,-0.013366089273896492,1,0
2007-05-25,0.0037969504,0.005709876,0.004100133,3.884651,-0.00905928946111117,-0.014651416047795207,0,0
2007-05-29,0.003454235,0.005780427,0.004309964,3.7699492,-0.009171225641312132,-0.014832448296953973,0,0
2007-05-30,0.0075249826,0.0056742043,0.009044334,3.890427,-0.009002692943080133,-0.014559883578710422,0,0
2007-05-31,-0.00065210304,0.0057528857,0.003570689,3.857015,-0.009127528862054344,-0.014761778329336447,0,0
2007-06-01,0.0042310883,0.005548342,0.0041549313,3.8928468,-0.008803000353967408,-0.014236924563291889,0,0
2007-06-04,0.00048705254,0.0053534624,0.004349016,3.8123455,-0.008493803858631167,-0.013736866969024914,0,0
2007-06-05,-0.004229024,0.005239307,0.006103424,3.9123724,-0.00831268540937524,-0.01344394755571205,0,0
2007-06-06,-0.011310669,0.005336165,0.0068373373,3.98394,-0.00846636024350393,-0.013692482933741488,1,0
2007-06-07,-0.018132411,0.0056438046,0.0125101805,3.8734748,-0.008954460986301895,-0.014481878954993437,1,1
2007-06-08,0.012511632,0.0066117654,0.011436661,3.7506087,-0.010490227550332278,-0.016965644925657337,0,0
2007-06-11,0.0016564523,0.007293505,0.0057924083,3.652651,-0.011571876437597816,-0.018714975039568756,0,0
2007-06-12,-0.0019880722,0.0071595977,0.006315162,3.7789938,-0.011359418934422643,-0.018371371572116088,0,0
2007-06-13,0.014978471,0.006869935,0.009138586,3.703948,-0.010899839499574512,-0.017628102518193547,0,0
2007-06-14,0.0060265674,0.0066302624,0.0047176927,3.5291548,-0.010519574998959719,-0.017013107994546764,0,0
2007-06-15,0.005344575,0.00618643,0.0063915267,3.61054,-0.009815390058752352,-0.015874243122432997,0,0
2007-06-18,-0.0011313133,0.005939262,0.004205111,3.5236697,-0.009423233837671926,-0.015240016346100838,0,0
2007-06-19,0.0019386113,0.005733801,0.004473555,3.4827285,-0.009097249403681078,-0.014712807938862338,0,0
2007-06-20,-0.014304535,0.0056076166,0.010005239,3.6089904,-0.008897045566503897,-0.014389022091700747,1,0
2007-06-21,0.005713835,0.0060803047,0.008090878,3.6260927,-0.009647012092235436,-0.015601928648840887,0,0
2007-06-22,-0.009979633,0.0064508403,0.008464874,3.5484724,-0.01023490393289608,-0.016552714909242233,0,0
2007-06-25,-0.004614379,0.006868404,0.010462377,3.5137267,-0.010897409940188557,-0.017624173238140264,0,0
2007-06-26,-0.010460868,0.0073917964,0.00807354,3.513625,-0.011727825194533546,-0.018967187989581025,0,0
2007-06-27,0.014088241,0.0076814047,0.010076099,3.647991,-0.01218731776245391,-0.019710316555278197,0,0
2007-06-28,-0.0011527379,0.0076755397,0.0057857726,3.532294,-0.012178012142816979,-0.01969526675413557,0,0
2007-06-29,-0.0011540683,0.0072659263,0.01196448,3.647152,-0.011528119937327188,-0.01864420848629629,0,0
2007-07-02,0.010175699,0.0074258675,0.0053355754,3.528645,-0.01178188175979126,-0.019054612641492788,0,0
2007-07-03,0.0034232652,0.0069922684,0.001942811,3.6778288,-0.011093933696165485,-0.017942007360170868,0,0
2007-07-05,-0.0011397868,0.006319471,0.0056217094,3.6040995,-0.010026473978632225,-0.016215625119822025,0,0
2007-07-06,0.0051998817,0.0060575986,0.0048238323,3.7003813,-0.009610986748535983,-0.01554366554762624,0,0
2007-07-09,0.0,0.0058337315,0.0036671425,3.7638564,-0.009255798739266805,-0.014969226755121582,0,0
2007-07-10,-0.014694142,0.005688213,0.0071876515,3.5969176,-0.009024919113358426,-0.014595829539957637,1,1
2007-07-11,0.007210782,0.006040816,0.0062824637,3.5226803,-0.009584359320584213,-0.015500601516293674,0,0
2007-07-12,0.016036628,0.0063231126,0.009057311,3.567037,-0.010032251534192493,-0.01622496905022806,0,0
2007-07-13,0.002728077,0.006566785,0.005220552,3.6472378,-0.010418861844853359,-0.016850226531421836,0,0
2007-07-16,-0.00016026925,0.0064967624,0.004411044,3.639983,-0.010307763568559806,-0.01667054940827027,0,0
2007-07-17,-0.000641334,0.006332195,0.004754451,3.252493,-0.010046661490699509,-0.016248273998030117,0,0
2007-07-18,-0.002569457,0.0062448056,0.0069841463,3.1134803,-0.00990800920589135,-0.016024034302475388,0,0
2007-07-19,0.003210791,0.0064199897,0.0073003164,2.9756074,-0.010185956228827604,-0.01647355272108497,0,0
2007-07-20,-0.009501642,0.006595687,0.009673365,3.0250576,-0.010464717629211664,-0.01692438821680738,0,0
2007-07-23,0.0025856511,0.0070858714,0.0054208157,3.0732493,-0.011242444472411253,-0.018182191005885934,0,0
2007-07-24,-0.01725584,0.0071029356,0.012116704,3.1118166,-0.011269517998231655,-0.01822597650279253,1,0
2007-07-25,0.0014767416,0.0077591045,0.010067415,3.1840646,-0.01231059641077515,-0.019909692761780687,0,0
2007-07-26,-0.024397526,0.008135407,0.023360243,3.020215,-0.012907638234493812,-0.020875277115254207,1,1
2007-07-27,-0.020367302,0.010189807,0.01318785,3.0047097,-0.016167149584512524,-0.026146822649441962,1,0
2007-07-30,0.015483082,0.0113714645,0.011309556,2.9632413,-0.01804196591138806,-0.02917892733449123,0,0
2007-07-31,-0.012743355,0.011231702,0.017235195,2.8608902,-0.01782021998098874,-0.028820301870857205,0,0
2007-08-01,0.0054570395,0.011788895,0.015555542,2.947037,-0.018704262895135597,-0.03025004761359697,0,0
2007-08-02,0.007961421,0.012066916,0.0072228066,3.0481954,-0.019145369534875993,-0.03096344096834344,0,0
2007-08-03,-0.026499541,0.0108814,0.01661178,3.0915136,-0.01726443089932062,-0.0279214347902437,1,0
2007-08-06,0.017006336,0.0115084015,0.016037421,2.9709957,-0.01825923095609678,-0.02953030594716665,0,0
2007-08-07,0.009999236,0.012022156,0.01512181,2.9795356,-0.01907435401169963,-0.030848588917266453,0,0
2007-08-08,0.014398374,0.012040542,0.010832297,3.0054047,-0.019103526821607708,-0.030895769546286127,0,0
2007-08-09,-0.031062592,0.011256851,0.013429644,3.1013842,-0.01786012085647592,-0.02888483279570992,1,1
2007-08-10,-0.0048126597,0.011781727,0.017043345,3.1794786,-0.01869288875678124,-0.03023165243658775,0,0
2007-08-13,0.0027529267,0.013605704,0.009180849,3.064098,-0.021586811592658458,-0.03491193864012097,0,0
2007-08-14,-0.0143638365,0.013806445,0.013069399,2.9064958,-0.02190530737358481,-0.03542703579159747,0,0
2007-08-15,-0.013865952,0.014031767,0.017135318,2.9889047,-0.022262802785622773,-0.03600520630258849,0,0
2007-08-16,0.0070447633,0.014876584,0.029145239,2.9925032,-0.023603188436694646,-0.03817298644943679,0,0
2007-08-17,0.017742682,0.017577987,0.033751503,2.9592555,-0.02788923703749436,-0.04510473109905358,0,0
2007-08-20,-0.0006898931,0.020279171,0.011004301,3.1045341,-0.03217493455112769,-0.052035907942092834,0,0
2007-08-21,0.000862292,0.018027112,0.0096090995,3.0367303,-0.02860181730432478,-0.046257173572781626,0,0
2007-08-22,0.012675744,0.015248294,0.006249166,3.0144982,-0.024192944296846937,-0.03912678735300751,0,0
2007-08-23,-0.0015330894,0.012399971,0.012848791,3.144908,-0.019673795534297826,-0.031818054257965786,0,0
2007-08-24,0.011525551,0.011212193,0.009033663,3.02887,-0.01778926820878912,-0.0287702441600555,0,0
2007-08-27,-0.009311843,0.01013149,0.0047817035,3.1637874,-0.016074623638348107,-0.025997182201558038,0,0
2007-08-28,-0.021665221,0.009414201,0.011152959,3.2625327,-0.014936571873911344,-0.024156632790230885,1,0
2007-08-29,0.018769385,0.009999388,0.010648831,3.4297502,-0.01586503002919772,-0.025658210455285498,0,0
2007-08-30,-0.0027331756,0.010390058,0.009050543,3.486614,-0.01648486718254431,-0.026660661260566203,0,0
2007-08-31,0.010380422,0.010635753,0.009254372,3.4511123,-0.01687468795007719,-0.027291110952422565,0,0
2007-09-04,0.008596766,0.010416133,0.013517004,3.531431,-0.016526237556892864,-0.02672756877789807,0,0
2007-09-05,-0.008766071,0.01048473,0.0087673655,3.4496582,-0.016635072768745346,-0.026903585890094974,0,0
2007-09-06,0.0020297708,0.010344682,0.0070499703,3.4405758,-0.016412874406430578,-0.02654422871695382,0,0
2007-09-07,-0.013439004,0.009955218,0.011899148,3.4118862,-0.015794950135222505,-0.025544871579469258,0,0
2007-09-10,-0.003087481,0.010425446,0.011963842,3.5516074,-0.01654101398325139,-0.0267514664104009,0,0
2007-09-11,0.011953694,0.011108318,0.006851827,3.5174599,-0.017624459930085087,-0.028503702874474637,0,0
2007-09-12,0.0023736872,0.010459743,0.007219183,3.6009946,-0.0165954306843138,-0.026839473503080337,0,0
2007-09-13,0.0059096836,0.009715688,0.008723815,3.5779355,-0.015414912755429267,-0.02493024437399505,0,0
2007-09-14,0.0,0.009183668,0.006568063,3.589518,-0.014570807816186656,-0.023565089556287583,0,0
2007-09-17,-0.0054017687,0.008683007,0.0049416795,3.5448282,-0.013776460434141172,-0.02228040668675514,0,0
2007-09-18,0.037213597,0.0083037345,0.014941741,3.5938225,-0.013174706079591205,-0.021307200847055365,0,0
2007-09-19,0.0055293683,0.008341578,0.00862604,3.466969,-0.013234748319090293,-0.021404306015746444,0,0
2007-09-20,-0.0063450956,0.008239962,0.0050389823,3.4127948,-0.013073525110884271,-0.02114356279630007,0,0
2007-09-21,0.0017937225,0.008016103,0.0069918283,3.394652,-0.012718349769708726,-0.02056914449166161,0,0
2007-09-24,-0.0017937225,0.007897125,0.006765772,3.2722464,-0.012529578887034912,-0.020263848943745166,0,0
2007-09-25,-0.0017969457,0.007834734,0.00584035,3.1302693,-0.012430590403390238,-0.020103756757261417,0,0
2007-09-26,0.004730455,0.0077501633,0.005348387,3.1135137,-0.012296409955634366,-0.01988674927847515,0,0
2007-09-27,0.0053558513,0.007491405,0.0025031462,3.1265168,-0.011885864186918647,-0.019222781437516226,0,0
2007-09-28,-0.0042173625,0.0069768387,0.0052075097,3.1432598,-0.0110694526052206,-0.017902414558740122,0,0
2007-10-01,0.01195684,0.0068176673,0.009853565,3.1099007,-0.010816911444064407,-0.01749398455579386,0,0
2007-10-02,-0.0012857604,0.0070038186,0.0038961994,3.197497,-0.011112258998468787,-0.01797164452204762,0,0
2007-10-03,-0.0024152657,0.0068958607,0.0043368484,3.045933,-0.010940973704463203,-0.017694628083162696,0,0
2007-10-04,0.0009668064,0.0068382923,0.0030173603,3.0251954,-0.010849635844508753,-0.017546909104444494,0,0
2007-10-05,0.011847721,0.006672045,0.0074600945,3.0024455,-0.010585868037802636,-0.017120322461788334,0,0
2007-10-08,-0.0051061227,0.0066330023,0.0038383855,3.0991323,-0.010523921964803343,-0.017020138259491256,0,0
2007-10-09,0.008601518,0.006504917,0.00558316,3.1261644,-0.010320702216477785,-0.016691474836755146,0,0
2007-10-10,-0.0019050649,0.006486354,0.0048314743,3.1963196,-0.01029124980364596,-0.016643842011260068,0,0
2007-10-11,-0.0050979876,0.006490912,0.013376386,3.0672083,-0.010298481475382478,-0.016655537656022016,0,0
2007-10-12,0.005892206,0.00733641,0.006162842,3.0875347,-0.011639949343596103,-0.018825068052011375,0,0
2007-10-15,-0.009091697,0.0075203246,0.010316585,3.1246061,-0.01193174802205571,-0.019296988488891213,0,0
2007-10-16,-0.008205339,0.008036288,0.005513393,3.17439,-0.012750376520139451,-0.02062094074425225,0,0
2007-10-17,0.0032258092,0.008141431,0.012371519,3.25326,-0.012917195406275733,-0.020890733746882797,0,0
2007-10-18,-0.0037105794,0.008624693,0.006297111,3.2637122,-0.013683939917159741,-0.022130775019385304,0,0
2007-10-19,-0.026864842,0.008446068,0.011932792,3.2999527,-0.013400532041004031,-0.02167242486702468,1,1
2007-10-22,0.0051337364,0.009136213,0.010388986,3.232763,-0.014495516811409311,-0.02344332285036823,0,0
2007-10-23,0.007897376,0.00964307,0.00635614,3.2290895,-0.015299696443841309,-0.0247439072309096,0,0
2007-10-24,-0.0022969658,0.009231739,0.013689323,3.251711,-0.014647077883629029,-0.02368843968158036,0,0
2007-10-25,0.0019691507,0.0095357,0.011243214,3.2294905,-0.015129343159581548,-0.02446839811360936,0,0
2007-10-26,0.011410067,0.009585496,0.007997234,3.146275,-0.015208348630384718,-0.024596172154582242,0,0
2007-10-29,0.0029130948,0.009008026,0.004234838,3.234901,-0.014292135092458023,-0.02311439747562857,0,0
2007-10-30,-0.007135937,0.008113494,0.004046762,3.2440605,-0.012872870651519304,-0.020819048166469376,0,0
2007-10-31,0.012293911,0.007562763,0.008594251,3.197929,-0.011999080749440326,-0.019405884424580168,0,0
2007-11-01,-0.025565179,0.007348684,0.01347527,3.2884183,-0.011659422918100812,-0.01885656229261722,1,1
2007-11-02,0.0011538779,0.00837152,0.013202244,3.3283818,-0.013282254575076154,-0.021481136977413995,0,0
2007-11-05,-0.007939175,0.009722005,0.009435322,3.1904774,-0.015424933217492607,-0.02494645027615894,0,0
2007-11-06,0.012869341,0.01054243,0.006807769,3.194122,-0.01672662146197239,-0.027051645845443496,0,0
2007-11-07,-0.028095938,0.01014515,0.013147269,3.2721462,-0.016096296936825724,-0.026032234013787545,1,1
2007-11-08,-0.0049015563,0.01091325,0.017557362,3.2659235,-0.017314963924820823,-0.028003160888513942,0,0
2007-11-09,-0.013991015,0.012408379,0.010289033,3.2771158,-0.019687136846620552,-0.031839630907912,0,0
2007-11-12,-0.010189191,0.013002042,0.013251578,3.3523285,-0.02062904037357021,-0.033362953516099476,0,0
2007-11-13,0.029418917,0.013605775,0.015470952,3.3083684,-0.021586923795773486,-0.03491212010407874,0,0
2007-11-14,-0.0035458037,0.013174086,0.012577798,3.3895373,-0.020902007025981214,-0.03380441727645458,0,0
2007-11-15,-0.0136241885,0.01261569,0.01476645,3.3767102,-0.020016054849151168,-0.032371583719594726,0,0
2007-11-16,0.0015420204,0.012889215,0.009280781,3.4738736,-0.02045002935217644,-0.03307344240567082,0,0
2007-11-19,-0.01570216,0.012351134,0.012495581,3.4695342,-0.01959631023473056,-0.03169273876093686,0,0
2007-11-20,0.00589563,0.012543889,0.01663975,3.580688,-0.01990213611229671,-0.032187345119375724,0,0
2007-11-21,-0.019730017,0.013096074,0.008705828,3.5919528,-0.020778232512280642,-0.03360423911633228,0,0
2007-11-23,0.016959932,0.012799347,0.008200354,3.711585,-0.020307444529159207,-0.03284284269108012,0,0
2007-11-26,-0.02297339,0.011877743,0.01864178,3.7948813,-0.01884522801189553,-0.03047802780815214,1,0
2007-11-27,0.012166244,0.013021697,0.010896984,3.808032,-0.020660225600638203,-0.033413388789006855,0,0
2007-11-28,0.030378588,0.012934071,0.01876782,3.830377,-0.020521198702204053,-0.03318854323798023,0,0
2007-11-29,0.00067980966,0.012947543,0.0078198705,3.8224902,-0.020542573395617474,-0.033223112121935024,0,0
2007-11-30,0.008290378,0.0119131785,0.0098800445,3.7883666,-0.018901450821164404,-0.03056895588518404,0,0
2007-12-03,-0.0055757514,0.011052669,0.0058019115,3.787868,-0.01753616512719394,-0.028360905373901384,0,0
2007-12-04,-0.008336926,0.010197557,0.0039197514,3.6955445,-0.016179444874246735,-0.026166707587007697,0,0
2007-12-05,0.016100679,0.009530779,0.0075583896,3.6771035,-0.015121535089584748,-0.02445577027093533,0,0
2007-12-06,0.013691982,0.009096204,0.010673873,3.7642632,-0.014432038803944312,-0.023340661079680015,0,0
2007-12-07,-0.00016585123,0.0089179035,0.0067983745,3.8001935,-0.014149146700172213,-0.022883145076157515,0,0
2007-12-10,0.00760083,0.008663816,0.007752675,3.7626727,-0.013746011766231529,-0.022231162636925365,0,0
2007-12-11,-0.027197806,0.008478077,0.017499201,3.7570252,-0.013451318428376888,-0.021754560722618915,1,1
2007-12-12,0.008254069,0.010022165,0.022197608,3.7805183,-0.015901168480876037,-0.025716656483876926,0,0
2007-12-13,-0.0015109547,0.012429763,0.010710396,3.789872,-0.019721062001368497,-0.03189449741359456,0,0
2007-12-14,-0.013532006,0.012823576,0.009361857,3.6701984,-0.020345886764150983,-0.032905014584481855,0,0
2007-12-17,-0.014754085,0.012501351,0.0065836958,3.7430952,-0.01983464412887786,-0.03207819162194026,0,0
2007-12-18,0.013731764,0.011820646,0.012134639,3.811043,-0.01875463847432923,-0.030331519076958732,0,0
2007-12-19,-0.0010233669,0.0114026265,0.009507495,3.8771935,-0.018091407671108204,-0.02925888854943028,0,0
2007-12-20,0.0066332417,0.010851297,0.007241202,3.8381321,-0.017216668566870614,-0.027844189680995113,0,0
2007-12-21,0.0156424,0.010072494,0.008591415,3.815694,-0.015981020904224926,-0.02584580028504715,0,0
2007-12-24,0.0056581944,0.009389765,0.0057215863,3.8450751,-0.014897801173348954,-0.02409392967572698,0,0
2007-12-26,0.0021549945,0.008577408,0.0053552156,3.7887125,-0.013608916752076343,-0.022009441485494174,0,0
2007-12-27,-0.013335753,0.008056556,0.009051613,3.7099802,-0.012782532666097994,-0.02067294626576193,1,0
2007-12-28,-0.0028569046,0.008307118,0.010274391,3.7854125,-0.01318007463669991,-0.021315883312066956,0,0
2007-12-31,-0.0055691646,0.008903378,0.007917891,3.7411785,-0.014126099818399298,-0.02284587179386437,0,0
2008-01-02,-0.012773741,0.009271736,0.013842912,3.737266,-0.014710537793817412,-0.023791072183888293,0,0
2008-01-03,0.00017139429,0.010302,0.0066683013,3.8152668,-0.01634515439732634,-0.026434706437926763,0,0
2008-01-04,-0.024812585,0.010224968,0.016330564,3.710857,-0.01622293624941491,-0.026237045358508983,1,0
2008-01-07,-0.001054667,0.01142388,0.01106249,3.747687,-0.018125130136358025,-0.02931342724925364,0,0
2008-01-08,-0.017385572,0.011803521,0.019513277,3.7188232,-0.01872746722321509,-0.0302875755307986,0,0
2008-01-09,0.010325888,0.013351649,0.014598021,3.8030589,-0.021183727331092302,-0.034260038152353615,0,0
2008-01-10,0.00670788,0.013639665,0.016912576,3.8195906,-0.021640694424060636,-0.03499908231558199,0,0
2008-01-11,-0.0093681635,0.013500364,0.010348877,3.768738,-0.02141967781390902,-0.03464163636767346,0,0
2008-01-14,0.0088402275,0.012661402,0.012233167,3.8154008,-0.020088581494925123,-0.03248887968042552,0,0
2008-01-15,-0.02296905,0.0118852155,0.011780646,3.860207,-0.018857083537807923,-0.030497201524076947,1,0
2008-01-16,-0.008683123,0.011665111,0.014599527,3.9288676,-0.018507867629822657,-0.029932421297066393,0,0
2008-01-17,-0.02669771,0.012139402,0.023001458,3.948537,-0.019260377727782843,-0.03114944152505561,1,0
2008-01-18,-0.010881908,0.014491122,0.022518152,4.0123343,-0.022991616309579462,-0.037183902513432315,0,0
2008-01-22,-0.012146667,0.016951244,0.040632922,4.0334473,-0.026894845979169763,-0.043496521407525066,0,0
2008-01-23,0.024333937,0.022380164,0.043141883,4.015699,-0.03550836965667526,-0.05742700895606939,0,0
2008-01-24,0.007981481,0.026180455,0.011741737,4.004531,-0.04153791531602792,-0.06717847814287227,0,0
2008-01-25,-0.013587925,0.021848757,0.019815005,4.009293,-0.034665239255778524,-0.05606343024064028,0,0
2008-01-28,0.015250435,0.01973322,0.023962287,4.072772,-0.03130873012254311,-0.05063501204180015,0,0
2008-01-29,0.005521825,0.018459653,0.007857477,4.1095557,-0.029288087750408073,-0.04736706567525111,0,0
2008-01-30,-0.008479314,0.015406256,0.020196034,4.043458,-0.0244435662418178,-0.039532113444224526,0,0
2008-01-31,0.02124622,0.015122228,0.025643626,4.0266404,-0.023992929576210412,-0.0388033073604199,0,0
2008-02-01,0.012605965,0.015670694,0.008755881,4.1687465,-0.0248631262640169,-0.04021065986540349,0,0
2008-02-04,-0.013149789,0.014002202,0.0077747665,4.2598715,-0.022215894644629138,-0.03592934266088936,0,0
2008-02-05,-0.02608524,0.0127355475,0.015741136,4.3673515,-0.020206221031852222,-0.032679135859631156,1,0
2008-02-06,-0.009913108,0.013511484,0.013732148,4.543511,-0.021437320848883827,-0.034670170111613455,0,0
2008-02-07,0.0076772217,0.014412586,0.018582962,4.61819,-0.022867009321154468,-0.036982378007816896,0,0
2008-02-08,-0.007489269,0.015525918,0.011091503,4.5615573,-0.02463342477081635,-0.03983916802179611,0,0
2008-02-11,0.0059958957,0.015163685,0.0110918805,4.6041408,-0.024058704128078225,-0.0389096832885663,0,0
2008-02-12,0.0085566,0.014236815,0.015144346,4.5222764,-0.022588132098200053,-0.036531355194460664,0,0
2008-02-13,0.010318868,0.013727689,0.012463256,4.54031,-0.021780352917448752,-0.035224949333080575,0,0
2008-02-14,-0.009393199,0.01278602,0.011121961,4.7092404,-0.020286299671158834,-0.03280864551555494,0,0
2008-02-15,0.000185031,0.012203511,0.010619475,4.87381,-0.019362091661286177,-0.031313941529610305,0,0
2008-02-19,0.0031403,0.011691224,0.012509442,5.0009794,-0.01854929772518405,-0.029999425400053202,0,0
2008-02-20,0.0025787451,0.0114821205,0.016677042,5.178758,-0.01821753302104144,-0.029462868672151622,0,0
2008-02-21,-0.008869238,0.011789049,0.014787293,5.357057,-0.01870450720836994,-0.03025044273673082,0,0
2008-02-22,0.0062904926,0.012079175,0.015525692,5.674795,-0.019164820487784926,-0.030994898623473925,0,0
2008-02-25,0.011807552,0.012256534,0.013046238,5.8905516,-0.01944621866137222,-0.031449998522203884,0,0
2008-02-26,0.008096328,0.011662457,0.011559037,6.319114,-0.01856771482719964,-0.02979552952370766,0,0
2008-02-27,-0.0016285175,0.010837492,0.009715885,8.091945,-0.017460166536795305,-0.027162690810243476,0,0
2008-02-28,-0.0107420245,0.010177671,0.0066619543,7.7505083,-0.01637040305918744,-0.025588474526859514,0,0
2008-02-29,-0.025585378,0.009579251,0.014984558,8.042225,-0.01542956806766993,-0.024019620294649182,1,1
2008-03-03,0.00056322163,0.01057989,0.008305458,7.47335,-0.016991831365021512,-0.02667184518993883,0,0
2008-03-04,-0.0037608168,0.010996044,0.016107526,7.1305866,-0.01762279302250093,-0.02782077733202871,0,0
2008-03-05,0.006384998,0.011984908,0.012657985,6.6677938,-0.019141559300335335,-0.03048462895990387,0,0
2008-03-06,-0.0208065,0.011975823,0.017448442,6.7194858,-0.019135151902086183,-0.03044252409575635,1,0
2008-03-07,-0.011727521,0.0129380515,0.018498022,6.853373,-0.02069430766727909,-0.03283654400901476,0,0
2008-03-10,-0.013433474,0.014166343,0.012514036,7.05181,-0.022691529458092635,-0.035872943052545535,0,0
2008-03-11,0.0373192,0.014370762,0.01670883,7.298219,-0.023056092042401232,-0.03629392080450158,0,0
2008-03-12,-0.011012073,0.013742203,0.012520925,6.7175026,-0.02195715073300987,-0.034933494568250796,0,0
2008-03-13,0.002859596,0.013255996,0.02193882,6.6450686,-0.02116764906671306,-0.03372707847780419,0,0
2008-03-14,-0.016700648,0.014220124,0.03063449,6.545749,-0.02268780863228532,-0.036224493396531963,0,0
2008-03-17,-0.009334957,0.01734613,0.033262394,6.7227745,-0.02771664791860167,-0.04409209937652447,0,0
2008-03-18,0.04171257,0.021108098,0.016964195,6.4939423,-0.03366178498838146,-0.053805999708288886,0,0
2008-03-19,-0.026202373,0.01903528,0.019584108,6.3352556,-0.03031076282862676,-0.04862148152705267,0,0
2008-03-20,0.019244187,0.018496659,0.02196593,6.2970877,-0.02944192723768445,-0.04726944998818004,0,0
2008-03-24,0.019991325,0.0180219,0.015057215,6.436191,-0.02872487295752485,-0.04597284521251537,0,0
2008-03-25,0.0,0.016313694,0.009161238,6.5842695,-0.026036800072086946,-0.0415377756942696,0,0
2008-03-26,-0.011909333,0.0144175105,0.005853124,6.4635634,-0.022985709096405606,-0.03676539556263163,0,0
2008-03-27,-0.004314799,0.012925453,0.0111020375,6.4506216,-0.020604474026237125,-0.03296601089424429,0,0
2008-03-28,-0.008117081,0.012570919,0.013239679,6.2176895,-0.01999339043800706,-0.03215989256151133,0,0
2008-03-31,0.0037835839,0.01290838,0.011001133,6.1760693,-0.020521056201067887,-0.03304181988072503,0,0
2008-04-01,0.03451818,0.012781302,0.019750759,6.0714073,-0.020295593947897803,-0.03276368732955522,0,0
2008-04-02,0.0003647638,0.012993336,0.008758233,6.30513,-0.020683716659660244,-0.03320180973434175,0,0
2008-04-03,0.001821826,0.012232239,0.009294781,5.990712,-0.019407671462176056,-0.0313876568721965,0,0
2008-04-04,-0.0010926973,0.011585157,0.01218507,5.8742323,-0.018381011149914056,-0.02972725873178153,0,0
2008-04-07,0.00018219915,0.011424813,0.009867607,5.7316704,-0.018126610493585372,-0.029315821402760966,0,0
2008-04-08,-0.0009113279,0.011047991,0.005170526,5.608697,-0.017528743434052932,-0.028348902411146442,0,0
2008-04-09,-0.007871894,0.010330965,0.012737777,5.6058717,-0.016391110621569872,-0.02650903056282289,0,0
2008-04-10,0.0018362106,0.010721213,0.009219662,5.718887,-0.017010278175681598,-0.027510398438033042,0,0
2008-04-11,-0.020198964,0.010679676,0.015025152,5.656753,-0.016944375133149798,-0.027403814704386617,1,0
2008-04-14,-0.003187403,0.011599318,0.0058155986,5.801963,-0.018403478918835196,-0.02976359542590555,0,0
2008-04-15,0.0035617247,0.011279977,0.0069181183,5.786046,-0.017896813084818743,-0.028944174436738076,0,0
2008-04-16,0.025860326,0.010606272,0.01234211,5.5263,-0.016827911919202864,-0.02721546096989952,0,0
2008-04-17,0.0009113279,0.010078365,0.00826003,5.6141376,-0.015990335572500167,-0.025860864720379923,0,0
2008-04-18,0.011412133,0.00950459,0.013091859,5.6440053,-0.015079983742470014,-0.02438857006980061,0,0
2008-04-21,0.00018009906,0.009471578,0.0067448625,5.8584175,-0.015027605699618612,-0.024303860060160297,0,0
2008-04-22,-0.0054171314,0.009034537,0.009817784,5.6243625,-0.014334196782773383,-0.02318242304508733,0,0
2008-04-23,-0.0016308783,0.009084935,0.008656188,5.6826997,-0.014414159599509643,-0.023311745383377293,0,0
2008-04-24,0.005425949,0.009089375,0.015722139,5.7226257,-0.014421203059569334,-0.02332313663698428,0,0
2008-04-25,0.00790518,0.0096835615,0.009167284,5.5853972,-0.015363939966107246,-0.024847807054083876,0,0
2008-04-28,0.00035784577,0.009421014,0.0056584734,5.7677374,-0.014947382282099056,-0.024174116257194223,0,0
2008-04-29,-0.0044823023,0.008744254,0.0054727877,5.789133,-0.013873633760941069,-0.02243756325469629,0,0
2008-04-30,-0.0037807229,0.008191962,0.011876214,5.5919514,-0.012997367246556929,-0.021020394134965058,0,0
2008-05-01,0.018231068,0.008475208,0.008353847,5.6325226,-0.01344676515357982,-0.02174719679813917,0,0
2008-05-02,0.0030064574,0.008230055,0.010294815,5.8475637,-0.01305780581641395,-0.021118140281184382,0,0
2008-05-05,-0.0053116274,0.008240154,0.00795109,5.8126984,-0.013073829145131452,-0.02114405450508886,0,0
2008-05-06,0.008837102,0.008181601,0.011567057,5.8715906,-0.012980928585341046,-0.020993808201733036,0,0
2008-05-07,-0.01811129,0.00832062,0.012316234,6.127211,-0.013220663569037018,-0.02131267926696558,1,0
2008-05-08,-0.0023320487,0.008876992,0.0069067227,6.5394397,-0.014162202438176614,-0.022615126705118792,0,0
2008-05-09,-0.0021574982,0.008907442,0.0057737567,6.560563,-0.014213423725010806,-0.02268672065294666,0,0
2008-05-12,0.011275287,0.008597678,0.005592531,6.1982427,-0.013671357400047405,-0.022001015148523633,0,0
2008-05-13,0.0,0.008018055,0.007157456,6.2568455,-0.012757474264313985,-0.0205016382536193,0,0
2008-05-14,0.002133334,0.007854485,0.011287127,6.266702,-0.012498478546061733,-0.02008076016491815,0,0
2008-05-15,0.01182819,0.0081747025,0.007016568,6.3155384,-0.013014423869298549,-0.02088591295469132,0,0
2008-05-16,0.0008771161,0.008023507,0.007304799,6.5504723,-0.01280181185942426,-0.02043795953778438,0,0
2008-05-19,0.0028016127,0.007934052,0.009305723,6.5644474,-0.012660633989779298,-0.02020657618786655,0,0
2008-05-20,-0.008604847,0.0080151195,0.008813085,6.341339,-0.012763611422369665,-0.020471248692246414,0,0
2008-05-21,-0.017435063,0.008280908,0.012780142,6.6376944,-0.013222430156198667,-0.021070916422347066,1,0
2008-05-22,0.00017945268,0.009279335,0.0048141493,7.148725,-0.014873303043481676,-0.02347274722236444,0,0
2008-05-23,-0.014276921,0.009254019,0.0068199164,7.179994,-0.014835770526365592,-0.023400788811169623,0,0
2008-05-26,0.00090966985,0.009308405,0.002561341,7.359094,-0.014939724938877129,-0.023493835813136344,0,0
2008-05-27,0.0072477213,0.008742245,0.00747304,7.3409777,-0.014029516527615415,-0.02206902746427828,0,0
2008-05-28,0.004862684,0.008436428,0.007355985,7.5251665,-0.01355331038509547,-0.021257152158149942,0,0
2008-05-29,0.004481499,0.008167882,0.009650806,7.429929,-0.013114729559348639,-0.020600246377377337,0,0
2008-05-30,0.0019655148,0.008131113,0.0049008233,7.552581,-0.013064812262400163,-0.020482275741083123,0,0
2008-06-02,-0.01076823,0.007697062,0.009837972,7.521621,-0.01236525477107614,-0.019394864809514526,0,0
2008-06-03,-0.005065134,0.007983264,0.01197778,7.9512696,-0.01285344690966295,-0.020034067912852626,0,0
2008-06-04,-0.00072568946,0.008676401,0.008962296,8.001411,-0.013972705314053466,-0.021763674614166797,0,0
2008-06-05,0.01994496,0.00899995,0.008627624,7.6077733,-0.014465210050496221,-0.022658570886709372,0,0
2008-06-06,-0.03309824,0.008694197,0.01758487,7.461374,-0.013962353721550634,-0.021920674768551328,1,1
2008-06-09,0.0029379383,0.010087317,0.010692993,6.2046003,-0.016041143570941,-0.025810707158761804,0,0
2008-06-10,-0.005331385,0.010726873,0.010082655,6.344599,-0.01708246669533138,-0.02739611289342191,0,0
2008-06-11,-0.015230606,0.010988456,0.01155399,6.5242996,-0.01752843666310776,-0.027999624301866734,0,0
2008-06-12,0.0039226725,0.0113631245,0.011548642,6.388749,-0.01810342233238556,-0.0290044044150301,0,0
2008-06-13,0.012229169,0.01142183,0.010262725,6.40375,-0.018199551220098566,-0.029148597499564166,0,0
2008-06-16,0.0001841451,0.010860825,0.008199172,6.6909704,-0.017349560802438425,-0.027617678191232627,0,0
2008-06-17,-0.0035045687,0.010108336,0.010251229,6.8098536,-0.01616281020058305,-0.02566782849785938,0,0
2008-06-18,-0.010588006,0.0098232655,0.008949099,6.9461956,-0.0157230565266506,-0.02490466516140831,0,0
2008-06-19,0.002052048,0.009778978,0.009139285,6.7360377,-0.015627083058192295,-0.024853221056403377,0,0
2008-06-20,-0.016914517,0.009794568,0.010263499,6.729989,-0.015651236156073976,-0.024894644574341387,1,0
2008-06-23,-0.0005687743,0.010186717,0.006037348,6.885103,-0.016297461399523573,-0.025844202733338435,0,0
2008-06-24,-0.0020882778,0.010024444,0.012172169,6.912668,-0.01604112816131898,-0.025424446370063507,0,0
2008-06-25,0.0053070635,0.010406659,0.011882924,6.6613884,-0.016619992548173503,-0.026472279717455745,0,0
2008-06-26,-0.029154347,0.010533093,0.01139846,6.157471,-0.016741597370863184,-0.026968586495476062,1,1
2008-06-27,-0.0035094596,0.011118828,0.010193858,6.4659505,-0.017727039358317872,-0.028352726132934377,0,0
2008-06-30,0.000780945,0.011447086,0.009219981,6.37603,-0.018234963199303532,-0.029223538803230156,0,0
2008-07-01,0.004089985,0.01124296,0.014231849,6.9196844,-0.017991925457919847,-0.02851260457967737,0,0
2008-07-02,-0.018439125,0.011387038,0.014746908,7.077911,-0.018242932510002228,-0.02882667266536025,1,0
2008-07-03,0.0017802399,0.01207755,0.012297643,6.6797733,-0.01929143588924501,-0.030715814362947496,0,0
2008-07-04,0.0,0.01228582,0.0071347924,7.5279374,-0.019737749054451668,-0.030955554440919804,0,0
2008-07-07,-0.01052955,0.0114474455,0.018962272,7.641198,-0.01840226772546197,-0.028811082643083633,0,0
2008-07-08,0.017422734,0.012344438,0.019330699,7.4839745,-0.01982698931616817,-0.031116932961638658,0,0
2008-07-09,-0.020423036,0.012790125,0.013876636,7.7665486,-0.020574118548795754,-0.032151773150878055,0,0
2008-07-10,0.0051948167,0.012902401,0.012306379,6.6902695,-0.02061074630193052,-0.03280942136969081,0,0
2008-07-11,-0.01182734,0.01257902,0.019209607,7.8126087,-0.0202392252142487,-0.03160742927711654,0,0
2008-07-14,-0.009319355,0.013342198,0.019465066,8.225511,-0.02150797620104859,-0.033401773140347917,0,0
2008-07-15,-0.01373113,0.014357485,0.018256571,8.570255,-0.023176467162415493,-0.03584182805438261,0,0
2008-07-16,0.024058245,0.015182814,0.020825766,9.067796,-0.024550654559722225,-0.03776059036984328,0,0
2008-07-17,0.010022133,0.015233119,0.012432214,9.540125,-0.024665991944642515,-0.03776396611019705,0,0
2008-07-18,0.005568829,0.013724722,0.01134199,9.618135,-0.02222817661032059,-0.03400742726316141,0,0
2008-07-21,0.00079302146,0.012244817,0.007765506,9.83042,-0.019842128211783588,-0.03030011925667152,0,0
2008-07-22,0.010056281,0.0108514875,0.015262875,9.158576,-0.017551831752101024,-0.026970982853576235,0,0
2008-07-23,0.0064535276,0.010532523,0.009530793,9.576739,-0.017056304134326013,-0.026104669061704257,0,0
2008-07-24,-0.022672238,0.009957472,0.013329725,9.032683,-0.016099470514310772,-0.024771079030175634,1,0
2008-07-25,0.0,0.010481641,0.0075963004,8.746498,-0.01693073003393574,-0.026130397126378192,0,0
2008-07-28,-0.0150680905,0.010433404,0.011507876,8.241565,-0.01682006588356222,-0.026116129580419558,0,0
2008-07-29,0.021428676,0.010984121,0.011967656,8.263499,-0.017709529627785117,-0.027489533527434995,0,0
2008-07-30,0.0180645,0.01090819,0.0082511725,8.677945,-0.017615428805105287,-0.027208105111774048,0,0
2008-07-31,-0.013912246,0.009978676,0.010899723,9.059308,-0.016135115909047745,-0.024819085230930998,0,0
2008-08-01,-0.0053417874,0.009878265,0.011851286,8.696064,-0.015953257715578924,-0.024635728785935767,0,0
2008-08-04,-0.009167063,0.010197883,0.0073117074,8.097475,-0.01643010430319029,-0.025558357576322143,0,0
2008-08-05,0.027058035,0.010095315,0.012589752,8.074684,-0.01626319480095164,-0.025306366467354513,0,0
2008-08-06,0.0036954237,0.009950441,0.0087628495,7.7777557,-0.01600712899297225,-0.025010744126195653,0,0
2008-08-07,-0.015455654,0.009455957,0.01013169,7.448701,-0.015184582624159863,-0.023844359892072595,1,0
2008-08-08,0.018944029,0.009504675,0.016028976,7.9508095,-0.015302960735241067,-0.023852161972966197,0,0
2008-08-11,0.009818155,0.009935069,0.0122638075,8.644078,-0.016041985630747393,-0.024787386829160325,0,0
2008-08-12,-0.010398707,0.009872466,0.010778149,8.317689,-0.01592080084446308,-0.02469618663042321,0,0
2008-08-13,-0.005434796,0.010025641,0.01051712,8.055817,-0.01614957806660471,-0.025135899860306926,0,0
2008-08-14,0.0071754404,0.0102762645,0.01331056,8.066148,-0.016554060845116673,-0.025761898788938174,0,0
2008-08-15,0.00462696,0.010583131,0.0058188615,7.4701324,-0.016996722969765485,-0.026680881909793154,0,0
2008-08-18,-0.01375058,0.009880516,0.015384886,7.6935573,-0.015887759128452604,-0.024854856613800557,0,0
2008-08-19,-0.010586258,0.010472315,0.009124681,8.29583,-0.016886624209571755,-0.02620151801262706,0,0
2008-08-20,0.0041302056,0.01061199,0.008609973,8.12593,-0.017099441428202987,-0.026589597012585363,0,0
2008-08-21,0.0013729531,0.010406191,0.010244843,8.328254,-0.016782235035127817,-0.02602901311234062,0,0
2008-08-22,0.013046627,0.010188032,0.0092788935,7.9181213,-0.016400650610510985,-0.025574655748692155,0,0
2008-08-25,-0.020127695,0.009717464,0.009905701,8.100437,-0.015656294118381067,-0.024353679548684767,1,0
2008-08-26,0.004136714,0.009810553,0.006964616,7.7889304,-0.01578298279844555,-0.02465654144922899,0,0
2008-08-27,0.008027454,0.009590073,0.009684023,7.044242,-0.015360492895385368,-0.024286653383668557,0,0
2008-08-28,0.01240326,0.00948579,0.010939974,7.3440375,-0.01522303626344541,-0.023945279267230633,0,0
2008-08-29,-0.01201332,0.009328516,0.005745326,7.3895698,-0.014974734132208891,-0.023537198541068307,0,0
2008-09-02,-0.0046893405,0.009000243,0.01737127,7.5491605,-0.014461027593047723,-0.022672381849443153,0,0
2008-09-03,-0.0009797199,0.0100577595,0.008734248,7.394923,-0.0161458743836544,-0.025375788063305545,0,0
2008-09-04,-0.03085743,0.010199284,0.013663596,7.52124,-0.016385015634709458,-0.02570000025430533,1,1
2008-09-05,0.0036326982,0.011333839,0.016361857,6.9366155,-0.01813960621890829,-0.028737517709944333,0,0
2008-09-08,0.020734396,0.012369432,0.01963987,7.075907,-0.0198165328118411,-0.031314327421380204,0,0
2008-09-09,-0.032487318,0.012946333,0.021030338,7.1342545,-0.02074892676435788,-0.0327538370103624,1,0
2008-09-10,0.0054883766,0.014469291,0.013804196,7.442012,-0.02323420037618318,-0.036488572470247234,0,0
2008-09-11,0.01429027,0.014330723,0.021894133,7.1933756,-0.02297659182838501,-0.03623311419141536,0,0
2008-09-12,0.0049835644,0.014722437,0.013413508,8.145925,-0.02372481802677785,-0.03688239268499943,0,0
2008-09-15,-0.05078061,0.013779245,0.017494382,7.9269547,-0.022182705416816325,-0.03458676720993162,1,1
2008-09-16,0.017626168,0.014689312,0.032708842,6.589081,-0.023445245141691544,-0.03739956079790987,0,0
2008-09-17,-0.04476948,0.017860942,0.032085188,6.82141,-0.028561452809898673,-0.04534766414794975,1,0
2008-09-18,0.034023356,0.022153646,0.045771163,6.73829,-0.0354027921990918,-0.05630186087638202,0,0
2008-09-19,0.03491219,0.027339866,0.045436237,7.254874,-0.043851525306529415,-0.06907946541249832,0,0
2008-09-22,-0.02622368,0.029805219,0.020922529,7.8105726,-0.04795512266786574,-0.07489329990433648,0,0
2008-09-23,-0.022285625,0.027415914,0.017239943,8.303034,-0.04420951841734671,-0.06858990903911834,0,0
2008-09-24,0.0050420277,0.0250921,0.017555848,8.665112,-0.04051887982062393,-0.06259300857672316,0,0
2008-09-25,0.017037602,0.022885645,0.019906314,8.64526,-0.036953219608738125,-0.057097755210705654,0,0
2008-09-26,0.00082372327,0.020955132,0.021424865,8.97439,-0.03387438275561003,-0.052151814972866105,0,0
2008-09-29,-0.08212048,0.020174397,0.036961686,8.503318,-0.032558122993102026,-0.05038998055214917,1,1
2008-09-30,0.043936692,0.025612857,0.028157486,6.0896606,-0.040679369696045894,-0.06563954180647298,0,0
2008-10-01,-0.0004278075,0.027883355,0.017848093,6.4270678,-0.04443912602736871,-0.07113717898552138,0,0
2008-10-02,-0.03838238,0.027088968,0.027477942,6.4498253,-0.043182228561052714,-0.0690903727848447,0,0
2008-10-03,-0.014556298,0.02881891,0.035385687,6.537964,-0.045976597555754534,-0.07342073834906733,0,0
2008-10-06,-0.050901573,0.032276038,0.056576967,6.6048284,-0.05152195744002153,-0.08216008555594183,0,0
2008-10-07,-0.04614709,0.041185174,0.04483353,6.8876286,-0.06589232447552533,-0.10448577382596679,0,0
2008-10-08,-0.02491635,0.04613069,0.055959888,7.3983636,-0.07405582181524405,-0.11638392285552952,0,0
2008-10-09,-0.07238437,0.05137994,0.06265827,7.63002,-0.08259055112300394,-0.12932776624231682,0,0
2008-10-10,-0.023843657,0.0574375,0.08288001,7.8780484,-0.09244480113573814,-0.14423627657282645,0,0
2008-10-13,0.13202211,0.06523192,0.03906724,7.9280977,-0.10501506887871877,-0.16373450026503236,0,0
2008-10-14,-0.014363794,0.051968634,0.064020954,6.7334094,-0.08304559520734973,-0.13208216356945907,0,0
2008-10-15,-0.104003385,0.049998567,0.05011234,6.73388,-0.07989774399463016,-0.12707438101230983,1,0
2008-10-16,0.040943768,0.049876183,0.06104906,7.1006713,-0.07991792602958382,-0.12623160300588138,0,0
2008-10-17,-0.008002177,0.050921433,0.059319828,6.7418694,-0.08137769531235686,-0.1294075483330424,0,0
2008-10-20,0.059268903,0.051686786,0.035942934,6.6836405,-0.08256177592294327,-0.1314444765333526,0,0
2008-10-21,-0.03205814,0.04400048,0.021628601,6.933495,-0.07042038289694323,-0.11156940790168064,0,0
2008-10-22,-0.060706068,0.037134062,0.064359695,7.004533,-0.05946138457722815,-0.09408295923270421,1,0
2008-10-23,0.013751592,0.04455223,0.05297169,7.326335,-0.07149084533091393,-0.1124853183183791,0,0
2008-10-24,-0.055312343,0.046836495,0.05193136,7.130332,-0.07506230619214294,-0.11850000439448856,0,0
2008-10-27,-0.03675263,0.049643483,0.052534852,7.410205,-0.07970064853227818,-0.1252312159308936,0,0
2008-10-28,0.117416926,0.051601257,0.05833552,7.4955926,-0.0828847223382778,-0.13005740590005158,0,0
2008-10-29,-0.012595638,0.046980735,0.042043075,7.5294194,-0.07547740103470427,-0.11837170097133191,0,0
2008-10-30,0.036541,0.043614928,0.021854695,7.1222,-0.06989548050045823,-0.11035898556860638,0,0
2008-10-31,0.0059624286,0.035691578,0.031983472,7.1552877,-0.05721042120829985,-0.09027799284033397,0,0
2008-11-03,0.002323481,0.032770615,0.016437251,6.9663167,-0.052460065358376044,-0.08306349881614887,0,0
2008-11-04,0.034219533,0.027741207,0.022114724,6.76791,-0.044342488625872006,-0.07047738998089537,0,0
2008-11-05,-0.04615223,0.023968758,0.03439639,6.5402064,-0.03823960861639057,-0.061062496359799885,1,0
2008-11-06,-0.05746547,0.026656704,0.030194508,6.727465,-0.04259523267221728,-0.06775482506605535,1,0
2008-11-07,0.03450023,0.031864125,0.017284412,6.8507924,-0.05096540874416017,-0.08087300723902546,0,0
2008-11-10,-0.015879758,0.030250533,0.041157812,6.890233,-0.048398889713830384,-0.07674255528070448,0,0
2008-11-11,-0.031416196,0.033899166,0.02964866,6.5429015,-0.054083805851847876,-0.08635816050753412,0,0
2008-11-12,-0.04524104,0.03280225,0.041416638,6.652096,-0.052382891791519365,-0.08345123778547212,0,0
2008-11-13,0.06162347,0.035631616,0.06969881,6.7381835,-0.05694131244947817,-0.09055524880015314,0,0
2008-11-14,-0.052293953,0.041007105,0.03264275,6.986219,-0.06565460947170036,-0.10391711429424148,0,0
2008-11-17,-0.012262927,0.03853347,0.027287703,7.1092157,-0.061746762012117956,-0.09751520672754477,0,0
2008-11-18,0.018049981,0.035517283,0.035152737,7.0101905,-0.056874760526559286,-0.08998096195474212,0,0
2008-11-19,-0.064346194,0.03376612,0.034751512,6.8091125,-0.053990313363374204,-0.08574215143659888,1,0
2008-11-20,-0.08237877,0.035433408,0.04713238,6.9225707,-0.05670470964327718,-0.08985760218513261,1,0
2008-11-21,0.056824245,0.042857848,0.047022015,7.080861,-0.06866302843057213,-0.10849255533576331,0,0
2008-11-24,0.068319246,0.04346024,0.061777703,7.2520523,-0.06970640502915845,-0.10981399056198478,0,0
2008-11-25,0.006171952,0.04298179,0.03326194,7.3079553,-0.06896305640948854,-0.10854111362548403,0,0
2008-11-26,0.03794649,0.036902096,0.041690595,7.151054,-0.0591491158130252,-0.09334414615112203,0,0
2008-11-28,0.010103931,0.033237807,0.016463533,7.184682,-0.05328750262743887,-0.08404474416633367,0,0
2008-12-01,-0.09299507,0.026704814,0.03695054,7.0166774,-0.04276507475347625,-0.06765017196135079,1,1
2008-12-02,0.03995125,0.03095422,0.020563448,7.306491,-0.0496647163857551,-0.07816931563102737,0,0
2008-12-03,0.0227084,0.030035382,0.037007064,7.2447186,-0.048171876342281934,-0.07589837818948279,0,0
2008-12-04,-0.024476746,0.031628396,0.032498524,7.0765495,-0.05067071193312862,-0.08006955912016683,0,0
2008-12-05,0.029071815,0.033091933,0.04889199,7.019958,-0.05299462426109917,-0.08382731233290558,0,0
2008-12-08,0.03629601,0.036055043,0.03408373,6.9881763,-0.057726889850275104,-0.0913659511821642,0,0
2008-12-09,-0.016999155,0.03272558,0.02207776,6.857881,-0.05234608416028105,-0.08305258520554028,0,0
2008-12-10,0.007001849,0.028688861,0.01877328,6.7384295,-0.0458464921672914,-0.07291050975313106,0,0
2008-12-11,-0.02343747,0.024985632,0.024363993,6.5929756,-0.03988028437116355,-0.06361133091341377,0,0
2008-12-12,0.012493065,0.024581708,0.047130186,6.5219274,-0.03921113230105173,-0.06263838207446845,0,0
2008-12-15,-0.014495067,0.029113993,0.028781876,6.334996,-0.046359451781877656,-0.07436561920765311,0,0
2008-12-16,0.044240136,0.029235067,0.023967575,6.19734,-0.04648688700670196,-0.07481195479034271,0,0
2008-12-17,-0.010739467,0.025698263,0.023613678,6.549096,-0.041002066590019634,-0.06546129003080849,0,0
2008-12-18,-0.01169604,0.023917696,0.028396232,6.439514,-0.03812328434406499,-0.061010086531924114,0,0
2008-12-19,-0.012685159,0.023918565,0.020334011,6.267241,-0.03806071627782655,-0.06114971732167018,0,0
2008-12-22,-0.011412392,0.022430256,0.030044548,6.212722,-0.03567229275325286,-0.05738664953267319,0,0
2008-12-23,-0.014742281,0.023020575,0.016144618,6.268523,-0.036632254205968134,-0.058852924530551375,0,0
2008-12-24,0.0075428267,0.021249719,0.007558801,6.2522826,-0.03380870097389032,-0.054337438825032246,0,0
2008-12-26,0.0046136184,0.017892998,0.0071163354,6.2778215,-0.028475517555953612,-0.045738431936420965,0,0
2008-12-29,0.001724634,0.015189188,0.016550899,6.257396,-0.02416755157291942,-0.03883746491873386,0,0
2008-12-30,0.020185476,0.015020215,0.010176194,6.143037,-0.023869811486923534,-0.03846485885130903,0,0
2008-12-31,0.013141529,0.013921177,0.014748464,6.3422112,-0.022168854934276894,-0.03555538212385182,0,0
2009-01-02,0.027939368,0.0136693325,0.024951216,6.1841173,-0.021732646808158014,-0.03498581714990425,0,0
2009-01-05,0.0021586625,0.014505442,0.013437581,6.3940096,-0.023110838432246185,-0.03702265694798045,0,0
2009-01-06,0.0032292816,0.014446331,0.014424852,6.201664,-0.022972264108131205,-0.03696571198072508,0,0
2009-01-07,-0.027510928,0.0144284405,0.019064745,6.1163945,-0.022922665759741633,-0.03696293413275474,1,0
2009-01-08,0.0016556295,0.01628086,0.012716316,6.3005576,-0.025915845440497447,-0.04160491689402122,0,0
2009-01-09,-0.02371432,0.016864223,0.02041451,6.1947985,-0.026815198416993462,-0.043156696290605076,0,0
2009-01-12,-0.019960742,0.018779695,0.016526666,6.3732514,-0.02991485162923063,-0.0479448618388769,0,0
2009-01-13,0.00057587103,0.020276476,0.013889315,6.3418775,-0.032289279840251796,-0.05178735928602259,0,0
2009-01-14,-0.03366336,0.019916989,0.028182985,6.223006,-0.031678691952585936,-0.050949526794774776,1,0
2009-01-15,-0.00059559266,0.0229986,0.030437928,6.1089034,-0.03653515814076097,-0.05892414377804365,0,0
2009-01-16,0.010961449,0.025851648,0.025986712,5.9577217,-0.0410162287424186,-0.06633476439806811,0,0
2009-01-20,-0.05138634,0.025306663,0.046839423,5.903018,-0.040151555343435896,-0.06493634460274755,1,0
2009-01-21,0.037441596,0.031404816,0.023674807,5.462507,-0.04982688424439539,-0.08058406948622063,0,0
2009-01-22,-0.013536077,0.02901669,0.030054945,5.673219,-0.0460378827750897,-0.07445618968164976,0,0
2009-01-23,-0.0024257137,0.028149612,0.031561647,5.5549307,-0.044662178478970305,-0.07223128936383694,0,0
2009-01-26,0.008765358,0.02753526,0.03256093,5.357304,-0.04368744468250809,-0.07065487098697416,0,0
2009-01-27,0.010179728,0.026492614,0.013005826,5.2716827,-0.04203318348523041,-0.06797946590613616,0,0
2009-01-28,0.03770723,0.02142897,0.02194415,5.1966276,-0.03399920880386471,-0.054986271894681714,0,0
2009-01-29,-0.033545513,0.018302359,0.015573725,5.2936525,-0.029038524496119357,-0.04696345178428077,1,0
2009-01-30,-0.02432187,0.017241564,0.021922864,5.4538555,-0.027355466912287255,-0.04424147485673302,0,0
2009-02-02,-0.0015209129,0.019008756,0.018298293,5.5043902,-0.03015929426624984,-0.04877605135585461,0,0
2009-02-03,0.012403728,0.020164913,0.018915908,5.220447,-0.031993654131246024,-0.051742726576776414,0,0
2009-02-04,-0.002106848,0.020006873,0.01978007,5.1766543,-0.031742905505338835,-0.051337195606897396,0,0
2009-02-05,0.012872502,0.019819565,0.026353694,5.076843,-0.0314457228870854,-0.05085656782688273,0,0
2009-02-06,0.0319067,0.020339668,0.01882629,5.099034,-0.03227091888685379,-0.052191141577449245,0,0
2009-02-09,-0.0031741478,0.018736767,0.01645508,5.357252,-0.02972775565665734,-0.04807813219376491,0,0
2009-02-10,-0.04492481,0.017378792,0.027806085,5.2722116,-0.027573193437549732,-0.04459359981310571,1,1
2009-02-11,0.005426604,0.019924913,0.013807208,5.477596,-0.03161286933392847,-0.05112689058719643,0,0
2009-02-12,0.0047990493,0.019851282,0.026703866,5.3983502,-0.031496047793904504,-0.05093795733877969,0,0
2009-02-13,-0.018726008,0.021144833,0.014722737,5.365471,-0.033548394784946464,-0.05425717898075029,0,0
2009-02-17,-0.042983882,0.020261673,0.019202193,5.516979,-0.032147173328795804,-0.0519910102467354,1,0
2009-02-18,-0.007667769,0.02121475,0.016802156,5.8364177,-0.033659323851703636,-0.05443658244454619,0,0
2009-02-19,0.0,0.021646263,0.019562118,5.767418,-0.034343961923435994,-0.055543834539113955,0,0
2009-02-20,-0.012911735,0.021666769,0.023856018,5.6856112,-0.03437649720733968,-0.05559645323319061,0,0
2009-02-23,-0.032356735,0.022695897,0.03816819,5.6812134,-0.03600931313182513,-0.0582371752833907,0,0
2009-02-24,0.0313816,0.02759621,0.021932391,5.997347,-0.04378414928984358,-0.07081126950386593,0,0
2009-02-25,-0.009475647,0.025613222,0.025381558,6.350979,-0.040791412209851156,-0.06540994843079655,0,0
2009-02-26,-0.012553848,0.02424924,0.025541645,6.278476,-0.03859131312442992,-0.061985847211297594,0,0
2009-02-27,-0.023886753,0.023486592,0.020248836,6.0811005,-0.03729875353271725,-0.060197591881668365,0,0
2009-03-02,-0.039942797,0.022520551,0.026419,6.3896275,-0.03587943311066819,-0.05748310974201018,1,0
2009-03-03,-0.022940073,0.024433898,0.022842033,6.802797,-0.0390666479584786,-0.062049488079896034,0,0
2009-03-04,0.027183361,0.025823357,0.039410368,7.033378,-0.04135834285574129,-0.06540500838878241,0,0
2009-03-05,-0.032272432,0.027948529,0.029506058,7.135728,-0.04479319931152137,-0.07070781221396871,0,0
2009-03-06,0.0025477721,0.02855252,0.03468824,7.48676,-0.04586028991160613,-0.07197103395750476,0,0
2009-03-09,-0.017232323,0.029270725,0.021979231,7.3645706,-0.04698022679964951,-0.07387330548553296,0,0
2009-03-10,0.05748709,0.02697734,0.032546952,7.0029087,-0.043197307128671904,-0.0683511034177304,0,0
2009-03-11,0.0062652486,0.024387544,0.019646004,7.234436,-0.03911110987477133,-0.06163322808924345,0,0
2009-03-12,0.042125795,0.0214014,0.031221518,7.154516,-0.034304362235530704,-0.05413298081345422,0,0
2009-03-13,0.008282307,0.020781942,0.016916199,7.5054827,-0.033382951288111286,-0.052374265585876476,0,0
2009-03-16,-0.000660066,0.019154765,0.022865584,7.3815002,-0.030746983491695527,-0.048334260581560276,0,0
2009-03-17,0.023492107,0.019646186,0.022716383,6.897071,-0.031434224315212755,-0.049836473378334224,0,0
2009-03-18,0.020744322,0.019617973,0.032861557,6.822333,-0.03137134785398474,-0.0498081059002983,0,0
2009-03-19,-0.01463596,0.02137716,0.019989321,6.811495,-0.0341816241314819,-0.05428140272562363,0,0
2009-03-20,-0.020726131,0.021678278,0.01776226,6.685419,-0.03462825826421717,-0.05512876513118376,0,0
2009-03-23,0.067377254,0.022196095,0.02963041,6.9238405,-0.035521137214698004,-0.05628753116600815,0,0
2009-03-24,-0.016967861,0.022069836,0.011998414,6.8494844,-0.03529947802592274,-0.056015380303088246,0,0
2009-03-25,0.0058942316,0.020645866,0.03182404,6.8653297,-0.03302588016867999,-0.05239156577805948,0,0
2009-03-26,0.02323553,0.022757968,0.013325522,6.7455044,-0.03637063516005257,-0.057832725193384574,0,0
2009-03-27,-0.013692592,0.020364866,0.015701996,6.882369,-0.032580551345133935,-0.051668302517206104,0,0
2009-03-30,-0.03968651,0.01946461,0.027669104,6.5289063,-0.031050605281661692,-0.049594803397017787,1,0
2009-03-31,0.013299753,0.022649048,0.018786566,6.9402394,-0.03625035499759904,-0.057425429652024074,0,0
2009-04-01,0.018080292,0.023136206,0.023689903,6.916227,-0.0370235554596255,-0.058676691130437324,0,0
2009-04-02,0.031922456,0.022851093,0.022347627,6.978323,-0.036583784795539274,-0.05791267976442848,0,0
2009-04-03,0.0059666047,0.021267487,0.018034384,7.303597,-0.03412215804228442,-0.05370883824461532,0,0
2009-04-06,-0.011969023,0.019492224,0.023792775,7.1732545,-0.031247986050623074,-0.049293892753950644,0,0
2009-04-07,-0.020067563,0.019820172,0.01504106,7.0985007,-0.03175792335051344,-0.05016406428419003,0,0
2009-04-08,0.010388116,0.019344809,0.0191591,7.2258344,-0.03102220803422396,-0.04889349812877136,0,0
2009-04-09,0.035824727,0.019115057,0.016406685,7.0098286,-0.030609365255048277,-0.04842707565383446,0,0
2009-04-13,0.0017579846,0.017362496,0.01595002,7.3904424,-0.02787153911411854,-0.04380770035762842,0,0
2009-04-14,-0.016231727,0.016507676,0.015074139,7.219726,-0.026471416328653154,-0.041725434866009686,0,0
2009-04-15,0.009770618,0.016338207,0.013871693,7.046565,-0.026169451654090122,-0.041375088107409766,0,0
2009-04-16,0.015204972,0.015890218,0.020044316,6.998262,-0.025443282145533822,-0.040262334062528084,0,0
2009-04-17,0.0060755285,0.01603162,0.014471481,7.0211024,-0.02567382240238415,-0.040610207953130084,0,0
2009-04-20,-0.039716944,0.015360177,0.019375786,6.9372945,-0.024583811434230194,-0.0389462009463316,1,1
2009-04-21,0.01755214,0.016887078,0.018162511,7.1550446,-0.027068437511304493,-0.042714150992020826,0,0
2009-04-22,-0.01276171,0.017784022,0.017945167,7.2309623,-0.028520190238166463,-0.04494618850814156,0,0
2009-04-23,0.013940608,0.018472504,0.012659905,7.1958003,-0.029617617564661105,-0.04670378070431778,0,0
2009-04-24,0.02069743,0.017251085,0.018373959,7.186834,-0.02765766418463046,-0.04361988850871359,0,0
2009-04-27,-0.011315948,0.016587634,0.014971504,7.381664,-0.02662628403507602,-0.04185640938574138,0,0
2009-04-28,-0.0058531044,0.016271627,0.018987676,7.3407187,-0.02611259453997569,-0.04107639927069302,0,0
2009-04-29,0.02005007,0.01684153,0.020464413,7.214944,-0.027005954200651515,-0.042571478827455024,0,0
2009-04-30,0.0011500864,0.016930807,0.018136488,7.299878,-0.027163643959385246,-0.04275867177516348,0,0
2009-05-01,0.0068728793,0.01680787,0.010621431,7.155091,-0.026941480998691807,-0.04251377859273229,0,0
2009-05-04,0.03007957,0.015276833,0.013110816,7.0804186,-0.024475111352471955,-0.03867275314144151,0,0
2009-05-05,0.00083044986,0.013680551,0.00902817,7.3448067,-0.02195499914001684,-0.034533973861985166,0,0
2009-05-06,0.015103953,0.012514057,0.018732237,7.0552344,-0.020045384452631855,-0.03168770953455864,0,0
2009-05-07,-0.011237613,0.01278637,0.02345547,7.1983,-0.020501170219536558,-0.0323267382895891,0,0
2009-05-08,0.019380981,0.014677153,0.014985674,7.3079796,-0.023549078324211888,-0.037063933729062706,0,0
2009-05-11,-0.017178336,0.014728728,0.010560203,7.57509,-0.023668591438558914,-0.037093425762752964,0,0
2009-05-12,-0.002478316,0.014263466,0.016554441,7.898552,-0.022959109807628837,-0.03581147679856999,0,0
2009-05-13,-0.023996687,0.014652776,0.019256353,7.8675346,-0.023582216204413312,-0.036799415057653245,1,0
2009-05-14,0.004789416,0.016018989,0.013986951,8.255378,-0.02582628969957918,-0.040092856416159284,0,0
2009-05-15,-0.0073343064,0.015966915,0.014134851,8.255059,-0.025742300105060446,-0.03996263183825513,0,0
2009-05-18,0.02681725,0.015681533,0.020241065,8.320473,-0.025289060883461924,-0.039226777613062196,0,0
2009-05-19,-0.0005514199,0.015277746,0.009484222,8.829291,-0.024684837845569466,-0.038063083584279005,0,0
2009-05-20,-0.0071962667,0.013747589,0.018394861,8.520201,-0.022187753912226868,-0.03433296991259778,0,0
2009-05-21,-0.012578783,0.013920002,0.016751658,8.613323,-0.022473856158012007,-0.03473790564466603,0,0
2009-05-22,-0.0042283363,0.014628687,0.010821224,8.708898,-0.023626206053634254,-0.036479359008652824,0,0
2009-05-26,0.026482385,0.014492149,0.021525221,8.743457,-0.02340855406558373,-0.03612930784504063,0,0
2009-05-27,-0.018043514,0.014938824,0.014990546,9.295499,-0.024172821498979466,-0.037094762561379634,0,0
2009-05-28,0.01390843,0.015171146,0.015378853,9.735231,-0.02457822891774337,-0.03756356379714047,0,0
2009-05-29,0.014262447,0.01499564,0.017601356,9.997784,-0.02430952296742464,-0.037069569537299354,0,0
2009-06-01,0.022618089,0.014725147,0.019681845,10.2842865,-0.023871149711122832,-0.03640042463328818,0,0
2009-06-02,0.0037204402,0.014505618,0.010639055,10.793884,-0.023515268255354528,-0.03585775131148152,0,0
2009-06-03,-0.011471381,0.013423444,0.016017709,10.670152,-0.021760939383910136,-0.03318262603935195,0,0
2009-06-04,0.00934711,0.013761993,0.008502227,10.81716,-0.022309766074754687,-0.034019515960389796,0,0
2009-06-05,0.0,0.012993041,0.018136121,10.576923,-0.02106320701166712,-0.03211867415863449,0,0
2009-06-08,-0.0018624456,0.013585231,0.015857475,9.730548,-0.022008683221030393,-0.03363784627472521,0,0
2009-06-09,0.0007986158,0.013997276,0.009571989,9.686431,-0.022673644832526065,-0.03466771180273178,0,0
2009-06-10,0.0010638299,0.013185663,0.021025682,9.620412,-0.021355260867277532,-0.032671259983634446,0,0
2009-06-11,0.0015936259,0.014143266,0.014678265,9.378442,-0.02289099111370896,-0.03509960295082261,0,0
2009-06-12,0.0029150676,0.014098888,0.0082805995,9.350402,-0.022817334931012217,-0.03499607113596405,0,0
2009-06-15,-0.022749543,0.012881797,0.012417483,9.227534,-0.020840116996656267,-0.03200187299933174,1,0
2009-06-16,-0.017201789,0.012818564,0.011490217,9.663658,-0.02076306745859353,-0.03175291673232792,0,0
2009-06-17,-0.0027578617,0.0133275455,0.011544735,10.169823,-0.021605477565045803,-0.032945566815585775,0,0
2009-06-18,0.008798517,0.0137617355,0.010158888,9.969626,-0.022307746354638683,-0.03402504328386181,0,0
2009-06-19,0.002733736,0.013382813,0.009142809,10.064806,-0.021695072483792814,-0.03308218751156577,0,0
2009-06-22,-0.030208753,0.0125743775,0.016927062,9.727798,-0.0203709110576983,-0.031135446795629098,1,0
2009-06-23,0.0019676746,0.013632679,0.008081779,9.903603,-0.02209505017928405,-0.03371936332643622,0,0
2009-06-24,0.008667747,0.013507209,0.013403005,9.714841,-0.02188140390905345,-0.03344795230511039,0,0
2009-06-25,0.020391999,0.013369976,0.01663946,9.681105,-0.021657206453357895,-0.033115161658198326,0,0
2009-06-26,-0.0027314958,0.0131236045,0.007866141,9.676991,-0.021257896981728953,-0.032505785857280575,0,0
2009-06-29,0.007900872,0.012019588,0.0116651915,9.497363,-0.01946026553185294,-0.02980571632277433,0,0
2009-06-30,-0.0062610796,0.011358313,0.013269382,9.465308,-0.01838800698947909,-0.028171849242064933,0,0
2009-07-01,0.004087756,0.011417552,0.011037606,9.369455,-0.018478928186118262,-0.028336859913512584,0,0
2009-07-02,-0.028691623,0.0112755075,0.011219585,8.995622,-0.018228333237155524,-0.02805744672801017,1,1
2009-07-06,0.0025157246,0.011870836,0.011068588,9.367755,-0.01921245890070838,-0.02946218627112934,0,0
2009-07-07,-0.01831295,0.012399808,0.014243726,9.168885,-0.020056805574884977,-0.030817049987365987,0,0
2009-07-08,-0.0062749777,0.013485879,0.014185103,9.468783,-0.021832538259276425,-0.0334480494363615,0,0
2009-07-09,0.005990604,0.0144223515,0.007886321,9.156805,-0.023327430032467525,-0.03584668235832095,0,0
2009-07-10,-0.005418522,0.013540633,0.00873421,8.792394,-0.02187534401861463,-0.03374460327382943,0,0
2009-07-13,0.024015846,0.012645788,0.021374911,8.669844,-0.020420844419108505,-0.03154414214467836,0,0
2009-07-14,0.0066778213,0.012900191,0.008045514,9.099265,-0.020861705260755706,-0.032076381322188235,0,0
2009-07-15,0.028163174,0.012075375,0.012465862,8.948422,-0.01951842697411633,-0.03005813239047306,0,0
2009-07-16,0.00912513,0.011468942,0.013434899,9.350534,-0.01856109551191444,-0.02846803066632438,0,0
2009-07-17,0.0013349354,0.011451438,0.008060774,8.951226,-0.018510075862320535,-0.028504437596114002,0,0
2009-07-20,0.012725516,0.011103891,0.008542059,8.706797,-0.01793331466744128,-0.02769006980358719,0,0
2009-07-21,0.0047306265,0.010687013,0.011916753,8.837191,-0.01726788162907226,-0.026624124711170132,0,0
2009-07-22,-0.0042038946,0.010753188,0.009750798,8.709452,-0.017367077761794535,-0.026814966111711986,0,0
2009-07-23,0.020329082,0.010766672,0.016373258,8.502048,-0.01737553344257673,-0.0268923976404593,0,0
2009-07-24,0.008989402,0.011173867,0.0088263415,8.93665,-0.018060543837797604,-0.027816486029386918,0,0
2009-07-27,0.0022985581,0.010726472,0.010693616,8.630161,-0.017318970516655634,-0.026764797709941293,0,0
2009-07-28,-0.004089985,0.010571217,0.011142987,8.456373,-0.01705709374444849,-0.026413943205859602,0,0
2009-07-29,-0.0010251154,0.01074969,0.008746373,8.172156,-0.017324822087674097,-0.02692382987376684,0,0
2009-07-30,0.0074083875,0.010726688,0.013771648,7.7233963,-0.017251072544347826,-0.026975746351510912,0,0
2009-07-31,0.0022880395,0.011071547,0.008683996,7.5297937,-0.017787148683080806,-0.027895539044860227,0,0
2009-08-03,0.0163711,0.010769647,0.007821678,7.2322745,-0.017271399160111025,-0.027218129079481224,0,0
2009-08-04,0.0039890353,0.010026695,0.008773423,7.6705427,-0.01612086330901023,-0.02522815861590103,0,0
2009-08-05,-0.0039890353,0.009587231,0.010542485,7.490987,-0.015399124837224613,-0.02416507170402505,0,0
2009-08-06,-0.005762261,0.009618789,0.012317326,7.0582366,-0.015407977269819921,-0.024355588893772255,0,0
2009-08-07,0.011491508,0.010153146,0.016815212,7.1230054,-0.01627110004748777,-0.02569031082898393,0,0
2009-08-10,0.0009930488,0.010944542,0.0066097374,7.2234335,-0.017550889612865554,-0.027662748593024374,0,0
2009-08-11,-0.01449663,0.010407493,0.011807588,7.1010294,-0.01667624342841965,-0.02634021769130302,0,0
2009-08-12,0.009272087,0.010845713,0.017006522,7.323045,-0.01740325088706323,-0.027384160410293828,0,0
2009-08-13,0.011162214,0.011821312,0.009935097,7.5032363,-0.018988852976411067,-0.02979251981967674,0,0
2009-08-14,-0.007676155,0.011511529,0.015938157,7.8073235,-0.018521179617798107,-0.028926563061294198,0,0
2009-08-17,-0.027723549,0.01203902,0.01249169,8.038251,-0.019391234456209824,-0.03018846378042023,1,0
2009-08-18,0.011434504,0.012734948,0.0068775224,8.137805,-0.020521302706290188,-0.03190562043921182,0,0
2009-08-19,0.007551005,0.012270889,0.015034449,8.300955,-0.019787246192966453,-0.030700192376678176,0,0
2009-08-20,0.007743263,0.012374216,0.008140007,8.406614,-0.01996239893018481,-0.030931585843370427,0,0
2009-08-21,0.02019773,0.011447455,0.01711601,8.638461,-0.018483630616700678,-0.02856194848721706,0,0
2009-08-24,-0.0007317966,0.011442837,0.0094520245,9.402963,-0.01852161361347017,-0.028393239285815334,0,0
2009-08-25,0.001463058,0.01097049,0.013542245,9.324579,-0.017753081354258002,-0.02723556147105404,0,0
2009-08-26,0.0007307271,0.0111499,0.008074379,9.0656,-0.018029296068894293,-0.027730920573373338,0,0
2009-08-27,0.002431908,0.010845789,0.012299887,9.163083,-0.017542856422151153,-0.026955968206873966,0,0
2009-08-28,-0.0017017142,0.010939342,0.0114463745,9.222995,-0.017697381742729903,-0.027177143061673466,0,0
2009-08-31,-0.0075711682,0.011042526,0.011574919,9.177596,-0.017861863341527957,-0.02744214792454092,0,0
2009-09-01,-0.02306364,0.011296188,0.01698184,9.436998,-0.01828599325211997,-0.028023009566635143,1,0
2009-09-02,-0.0022604556,0.012707315,0.006988798,10.178436,-0.020600013536523135,-0.031412363847373975,0,0
2009-09-03,0.0075150654,0.0126619795,0.007847482,10.296536,-0.0205265186278558,-0.03130029359033775,0,0
2009-09-04,0.012154435,0.011855274,0.008395356,9.909779,-0.019214623520744774,-0.02932199560167637,0,0
2009-09-08,0.010789707,0.010744313,0.0074471966,10.661718,-0.017417761638581587,-0.026559840119906183,0,0
2009-09-09,0.007290433,0.009933734,0.011030563,10.919947,-0.016103720272813662,-0.024556096509795476,0,0
2009-09-10,0.008918946,0.009751209,0.009806465,10.447076,-0.015807826462066486,-0.024104896610004287,0,0
2009-09-11,-0.0002400096,0.009545119,0.006946657,11.071311,-0.015473730153088736,-0.023595442827410072,0,0
2009-09-14,0.006221604,0.0092965495,0.010646925,11.066368,-0.01507077076891593,-0.02298098173645458,0,0
2009-09-15,-0.0019102202,0.009361006,0.009158045,11.539396,-0.015175262163753646,-0.02314031763726564,0,0
2009-09-16,0.01659199,0.009419017,0.007851139,10.322391,-0.015269304925503378,-0.023283720720183858,0,0
2009-09-17,-0.0007054674,0.009047792,0.010131902,11.132517,-0.014667507547270454,-0.022366057332539362,0,0
2009-09-18,-0.0016480286,0.009061962,0.007736408,9.9791975,-0.014689756555054726,-0.022403861804966365,0,0
2009-09-21,-0.00047136462,0.009036011,0.0074893655,9.289512,-0.014621102135068072,-0.022438339776402298,0,0
2009-09-22,0.0063447515,0.008994908,0.004899795,8.583383,-0.014520677448338725,-0.022452434202943454,0,0
2009-09-23,-0.00776018,0.008549223,0.012721377,8.492953,-0.013796476086047999,-0.02135533947649263,0,0
2009-09-24,-0.014026143,0.009038926,0.012954715,8.6919365,-0.01459752247773648,-0.02254319325861645,0,0
2009-09-25,-0.0031171348,0.009934367,0.008804263,9.800735,-0.016096968947971524,-0.024587347038564664,0,0
2009-09-28,0.017143277,0.010272011,0.013852012,9.9600115,-0.016650530765121258,-0.025398379323518946,0,0
2009-09-29,-0.0040212944,0.010428713,0.007911806,11.441966,-0.016906136470293754,-0.025779677722865157,0,0
2009-09-30,-0.0016605388,0.009940916,0.014578189,11.385002,-0.016115362311974864,-0.024573849118035687,0,0
2009-10-01,-0.024514565,0.010228318,0.0147417085,10.078184,-0.016581275132499258,-0.02528430608028576,1,0
2009-10-02,-0.005611824,0.0112020215,0.0104452055,10.822964,-0.018159759754620936,-0.02769129155093412,0,0
2009-10-05,0.0143328095,0.01170011,0.00954583,9.857403,-0.01896071909201017,-0.028947442034469403,0,0
2009-10-06,0.011510919,0.011241341,0.012540422,10.786386,-0.018223501480415513,-0.027788489461963103,0,0
2009-10-07,0.004757383,0.010819871,0.005593652,9.706398,-0.017527590318190543,-0.026794708065000446,0,0
2009-10-08,0.009682447,0.009691071,0.007139051,8.591684,-0.01564499174341735,-0.024188561457839285,0,0
2009-10-09,0.00398734,0.008878135,0.006044229,8.683762,-0.014337431648466957,-0.022143578611299057,0,0
2009-10-12,0.0032717953,0.00828212,0.006051694,7.551943,-0.013307398896864001,-0.020862795013710644,0,0
2009-10-13,-0.0025697947,0.007918084,0.0073285154,7.4621325,-0.012716018177048665,-0.019963707278303877,0,0
2009-10-14,0.017621601,0.008050293,0.0070085456,8.700929,-0.013001334799283929,-0.02007613641133332,0,0
2009-10-15,0.0018369695,0.008074437,0.00819501,9.440495,-0.013070828199481537,-0.02003018766187635,0,0
2009-10-16,-0.007137132,0.008259887,0.01072149,13.175056,-0.013390222075765993,-0.020418361720751205,0,0
2009-10-19,0.008283527,0.008859025,0.011837746,11.51508,-0.014361494260697355,-0.021899426537228373,0,0
2009-10-20,-0.0013758314,0.009375331,0.011022516,12.54793,-0.01519848547458151,-0.02317573019115412,0,0
2009-10-21,-0.010611403,0.009685885,0.015718246,10.728988,-0.015701928974924683,-0.023943416599774045,0,0
2009-10-22,0.01175806,0.010488239,0.011840897,10.351777,-0.017002636939600205,-0.025926828492835393,0,0
2009-10-23,-0.012686135,0.010408334,0.013430129,9.503641,-0.016851861814381336,-0.025809129921590703,0,0
2009-10-26,-0.009797139,0.010603429,0.016963031,10.180722,-0.01718937207433224,-0.026211575489961936,0,0
2009-10-27,-0.005641764,0.011378678,0.0077838525,9.164389,-0.018404867247605407,-0.028280143799032303,0,0
2009-10-28,-0.02096313,0.010947914,0.010282292,8.50652,-0.017668329915604148,-0.027344112843296332,1,0
2009-10-29,0.021905638,0.011063558,0.011952088,40.444294,-0.017935294757726927,-0.027349011380053013,0,0
2009-10-30,-0.027215812,0.010816403,0.014966567,62.173767,-0.017534627658486835,-0.026738045727982575,1,1
2009-11-02,0.005791522,0.011825272,0.015322178,43.956028,-0.019170118942425537,-0.0292319590057193,0,0
2009-11-03,0.0026432793,0.01291264,0.011859661,51.052742,-0.02093286917582081,-0.031919925768715975,0,0
2009-11-04,0.0050269407,0.013044845,0.011542647,51.53448,-0.021147187689113545,-0.03224673386070308,0,0
2009-11-05,0.015401323,0.012637509,0.013717593,34.849453,-0.020486849269826603,-0.031239802935523593,0,0
2009-11-06,0.0028175646,0.012017618,0.010513584,25.704044,-0.019481933836740704,-0.029707436504600192,0,0
2009-11-09,0.023634093,0.011167516,0.009432951,25.850824,-0.01810382158791614,-0.02760599306108746,0,0
2009-11-10,0.00022896394,0.010014223,0.0061577344,23.575296,-0.016234201587466513,-0.02475506368638942,0,0
2009-11-11,0.0038843874,0.009248697,0.007298493,22.357311,-0.014993197686170958,-0.02286269278991446,0,0
2009-11-12,-0.008243692,0.008949547,0.010897639,16.889671,-0.01450824100805389,-0.022123196400933045,0,0
2009-11-13,0.0039013245,0.009474774,0.008292369,12.361915,-0.015359693197651254,-0.023421551177780917,0,0
2009-11-16,0.01342302,0.009737971,0.011005655,10.432589,-0.015786367096566077,-0.024072173845243114,0,0
2009-11-17,0.0011293056,0.009964369,0.005718969,8.993228,-0.016108581727329926,-0.02479530108748296,0,0
2009-11-18,0.0009025271,0.009557534,0.0063702096,9.157785,-0.015458878886493272,-0.023755040659894866,0,0
2009-11-19,-0.012938553,0.009083661,0.012439458,8.937235,-0.01468213323150214,-0.02261298552302864,0,0
2009-11-20,-0.0038915009,0.009552296,0.0071098977,8.125285,-0.015391877989306694,-0.023934541790769058,0,0
2009-11-23,0.012535777,0.009511408,0.012089968,8.602981,-0.015355592039610535,-0.023738018488196445,0,0
2009-11-24,-0.00067973265,0.009548719,0.007701813,8.140544,-0.015387146614934193,-0.023922403287796105,0,0
2009-11-25,0.005424968,0.009160292,0.0047566458,8.195786,-0.01476476040669665,-0.022938335969465963,0,0
2009-11-27,-0.017739832,0.008410431,0.026591081,8.472096,-0.013571405617981003,-0.021012183666606513,1,0
2009-11-30,0.0048071514,0.010520395,0.008550426,8.02939,-0.016944502226331915,-0.026382513083194486,0,0
2009-12-01,0.012481723,0.010761587,0.008801098,8.174605,-0.017344178033271675,-0.026953055159114673,0,0
2009-12-02,-0.00045116176,0.010235196,0.0071661198,36.094475,-0.01659242427976035,-0.02530130709194686,0,0
2009-12-03,-0.0090662455,0.009413485,0.011175596,30.868822,-0.015260338344087647,-0.023270047839950132,0,0
2009-12-04,0.0090662455,0.009352164,0.014026537,27.289509,-0.015160929474973344,-0.023118462135370953,0,0
2009-12-07,-0.0038431154,0.009602891,0.007299953,23.904274,-0.01556738636605379,-0.023738256473285084,0,0
2009-12-08,-0.012535777,0.009282864,0.009596766,19.058807,-0.015048585569453028,-0.022947152168511835,0,0
2009-12-09,0.005033184,0.009718482,0.0074713556,17.94818,-0.01575477306336611,-0.02402399701931415,0,0
2009-12-10,0.005915831,0.009817235,0.007907573,16.766413,-0.015914861651744844,-0.02426811146987262,0,0
2009-12-11,0.0054298774,0.009702705,0.005041456,17.58675,-0.015729195012125042,-0.023984993789987783,0,0
2009-12-14,0.0049516195,0.00914633,0.007906821,15.409647,-0.014827248410541578,-0.022609641547155033,0,0
2009-12-15,-0.00856826,0.008876019,0.006447199,15.309196,-0.01438904387953887,-0.02194143615287119,0,0
2009-12-16,0.0015838899,0.008706086,0.0056350324,15.552604,-0.014113562882997345,-0.021521363162091005,0,0
2009-12-17,-0.010454641,0.008424382,0.008007358,15.787416,-0.013656887565635144,-0.02082499220079708,0,0
2009-12-18,0.0031934334,0.008555122,0.00898023,16.961367,-0.013868831926676144,-0.0211481800167961,0,0
2009-12-21,0.009519564,0.008716885,0.009289144,16.517115,-0.014131068985381107,-0.02154805771045395,0,0
2009-12-22,0.004726013,0.00869388,0.004345889,17.324745,-0.014093775467589609,-0.021491189905588775,0,0
2009-12-23,0.0017945272,0.008090233,0.005459441,17.28542,-0.013115194303454536,-0.01999897983846928,0,0
2009-12-24,0.005810072,0.0076285955,0.0031518522,16.232277,-0.012366826572397823,-0.018857815566032842,0,0
2009-12-28,0.00089086866,0.007073238,0.005338283,17.185242,-0.011466528289103604,-0.017484976796006607,0,0
2009-12-29,-0.0011137099,0.0068103406,0.0049999934,17.709078,-0.011040341374138037,-0.016835096716260416,0,0
2009-12-30,0.00022284122,0.006763876,0.005995503,18.399693,-0.010965017532683813,-0.01672023757260272,0,0
2009-12-31,-0.010077344,0.006907648,0.0076603806,16.007517,-0.011198087881998263,-0.017075639796087658,0,0
2010-01-04,0.016075363,0.0073506776,0.0062526064,17.425112,-0.011916289615976567,-0.01817080481350585,0,0
2010-01-05,0.0030959777,0.0073849517,0.0045666043,15.500161,-0.011971852205805423,-0.018255530597055068,0,0
2010-01-06,0.0006621786,0.0071552913,0.0051269643,16.525757,-0.011599546646653263,-0.017687812635814273,0,0
2010-01-07,0.00396389,0.0069045792,0.0069078864,17.285032,-0.011193113387376245,-0.017068054333352567,0,0
2010-01-08,0.0035103152,0.0068065366,0.0062746117,14.324685,-0.011034175161428763,-0.016825694037138843,0,0
2010-01-11,0.0008756568,0.006703432,0.0063286605,15.347606,-0.010867030791740208,-0.016570820430071156,0,0
2010-01-12,-0.0074676387,0.0068253367,0.00863242,12.958255,-0.011064652591916661,-0.01687216818794081,0,0
2010-01-13,0.0065919817,0.007314051,0.009126323,12.46925,-0.011856913865865683,-0.018080264452312055,0,0
2010-01-14,0.0032797668,0.0077343523,0.0050165686,14.157499,-0.01253827024232468,-0.019119245051480667,0,0
2010-01-15,-0.01141615,0.0075745895,0.009392542,11.459966,-0.012279276648640487,-0.018724313223667903,0,0
2010-01-19,0.011852641,0.007847758,0.010404697,13.48261,-0.012722113857108457,-0.01939958285360714,0,0
2010-01-20,-0.010308239,0.007997056,0.01179014,15.062371,-0.01296414234790884,-0.019768645087521363,0,0
2010-01-21,-0.020490695,0.008391009,0.012774387,20.507414,-0.01360278592765405,-0.020742494180395886,1,0
2010-01-22,-0.018165804,0.009219541,0.015710877,16.245106,-0.014945932391324974,-0.022790619311107124,1,0
2010-01-25,0.0013739411,0.010780945,0.008503033,17.84552,-0.01747714667261525,-0.026650394637884857,0,0
2010-01-26,-0.0048170756,0.010978077,0.011704464,19.067102,-0.017796719550399298,-0.027137702061004115,0,0
2010-01-27,0.0066460655,0.011041627,0.010832136,19.783718,-0.017899742397452435,-0.02729479861584316,0,0
2010-01-28,-0.014031283,0.010559849,0.01687573,20.748411,-0.01711872479797822,-0.026103847504942705,0,0
2010-01-29,-0.008140527,0.011055783,0.016432874,19.67986,-0.017922690566568936,-0.027329791614106997,0,0
2010-02-01,0.014605569,0.011792538,0.007727096,16.224817,-0.019117053727823442,-0.02915104139730295,0,0
2010-02-02,0.010075652,0.010819587,0.0108854,14.866955,-0.017539789519550333,-0.02674591690037616,0,0
2010-02-03,-0.00068376074,0.010023644,0.006287661,17.29964,-0.016249474484426138,-0.02477835288449837,0,0
2010-02-04,-0.0322048,0.009061741,0.01608319,16.700714,-0.014690119807181056,-0.02240053811258661,1,1
2010-02-05,-0.001885459,0.0101603465,0.016244713,13.646256,-0.016471085097062993,-0.02511628048751893,0,0
2010-02-08,-0.0035448459,0.011797519,0.0097140735,13.109021,-0.01912512905265267,-0.029163355226188143,0,0
2010-02-09,0.009659635,0.012268494,0.013904408,10.717177,-0.019888633797799288,-0.030327601492882102,0,0
2010-02-10,-0.0028175646,0.012441047,0.010627776,11.772619,-0.02016836007902842,-0.03075414799529403,0,0
2010-02-11,0.012384783,0.011967413,0.011282472,11.366199,-0.019400547593713704,-0.029583332980415496,0,0
2010-02-12,0.0023196484,0.011296158,0.012956916,12.541051,-0.018312365501242156,-0.027923995632878864,0,0
2010-02-16,0.013120225,0.01102426,0.0098776845,12.982821,-0.017871586791651534,-0.027251864948241777,0,0
2010-02-17,0.00570062,0.01026219,0.0032939105,12.694059,-0.01663618531575485,-0.02536803702795201,0,0
2010-02-18,0.0054421904,0.008981529,0.0082243355,12.842674,-0.014560085808807417,-0.022202253035627822,0,0
2010-02-19,0.000678196,0.008347134,0.011866156,13.158792,-0.013531660107280572,-0.020634036477465086,0,0
2010-02-22,0.0011293056,0.008373636,0.005842144,13.6657,-0.013574622725916334,-0.02069954892997051,0,0
2010-02-23,-0.009298174,0.008055439,0.013356909,13.112789,-0.013058789408631997,-0.01991296964843726,0,0
2010-02-24,0.005679897,0.008706634,0.007444515,12.025714,-0.01411445076361193,-0.02152271706551776,0,0
2010-02-25,-0.0011334014,0.008697345,0.012273678,10.783147,-0.014099392240869134,-0.021499754760441508,0,0
2010-02-26,0.0011334014,0.00904343,0.007330541,10.765866,-0.014660434886101043,-0.02235527243642127,0,0
2010-03-01,0.009918927,0.00873515,0.005096775,10.493923,-0.014160677947092951,-0.021593207558379363,0,0
2010-03-02,0.0026881737,0.008012989,0.0060616853,9.780617,-0.012983045380954178,-0.01983444796676752,0,0
2010-03-03,0.0008944544,0.0075073764,0.006288972,9.146484,-0.012142420293527719,-0.018660898131825622,0,0
2010-03-04,0.0033470967,0.007197555,0.005579355,8.326534,-0.011607533605122459,-0.018003507865888748,0,0
2010-03-05,0.012617766,0.0069837207,0.007266644,7.574013,-0.011222546705950161,-0.017588270219667673,0,0
2010-03-08,0.00043985047,0.006814861,0.0033935418,7.2275705,-0.010928740002001181,-0.017224064445686072,0,0
2010-03-09,0.003073548,0.0065046763,0.008354789,7.4338503,-0.010444448585952776,-0.016404814277815136,0,0
2010-03-10,0.004592682,0.0068215057,0.0055172755,7.102047,-0.010930381904133578,-0.017264286452753713,0,0
2010-03-11,0.004137186,0.0070063425,0.007231193,7.7891593,-0.011271648484292579,-0.017608772332561612,0,0
2010-03-12,0.00065167807,0.0072735786,0.007813833,7.9583273,-0.011711207949031218,-0.01825194097185702,0,0
2010-03-15,-0.0008689985,0.007536822,0.0060016834,7.9617066,-0.012135250748592282,-0.018911934493907778,0,0
2010-03-16,0.0039045603,0.007576252,0.0049183844,7.9165998,-0.01219612989206697,-0.019018661490912848,0,0
2010-03-17,0.0053978325,0.007350917,0.006156975,8.141942,-0.011845603523946832,-0.01841602831838995,0,0
2010-03-18,0.00021530844,0.00710653,0.0047161235,7.747076,-0.011430386585955606,-0.017867660260158895,0,0
2010-03-19,-0.0043150014,0.006804432,0.008601392,7.2725034,-0.010915113999121309,-0.01718950922165599,0,0
2010-03-22,0.0049606487,0.0069623273,0.008092097,7.0775104,-0.011154166701868428,-0.017625445547940845,0,0
2010-03-23,0.0064336485,0.0071124914,0.005627221,6.78807,-0.011370650382844287,-0.018065192936951035,0,0
2010-03-24,-0.004284497,0.006942515,0.0048387856,11.172837,-0.011254610935837954,-0.01716183016338179,0,0
2010-03-25,-0.0015039212,0.0067757647,0.009802049,10.328445,-0.010984290112373967,-0.016749625771034306,0,0
2010-03-26,0.00064481463,0.007047895,0.0080275,10.493445,-0.011425444398840528,-0.01742232916196883,0,0
2010-03-29,0.004502098,0.0072038798,0.00366526,9.134941,-0.011651132298382102,-0.017907959854553016,0,0
2010-03-30,0.0006415054,0.0068686535,0.0057217595,8.8471,-0.011098618730159816,-0.01711032965844513,0,0
2010-03-31,-0.0036406508,0.0066230227,0.005242731,10.040733,-0.010736677764020264,-0.016372048874504653,0,0
2010-04-01,0.0072680954,0.0064215898,0.006118828,9.693643,-0.010402277739140136,-0.0159039288595742,0,0
2010-04-02,-4.2599415e-05,0.0062881303,0.0051163444,9.187324,-0.010171679908152629,-0.015625780800107507,0,0
2010-04-05,0.007892433,0.0061927834,0.0050761285,8.956867,-0.01001018412911404,-0.01541417962663528,0,0
2010-04-06,0.0023219008,0.006022473,0.0062635094,9.571374,-0.009752616601023131,-0.014927108637634471,0,0
2010-04-07,-0.0057088644,0.005967861,0.0069371294,9.193909,-0.009653804992085747,-0.01482924320328942,0,0
2010-04-08,0.004020744,0.006106889,0.007936673,8.602587,-0.009859186786022796,-0.015241263471415998,0,0
2010-04-09,0.007364578,0.0062956815,0.0036410417,8.569175,-0.010162717747409945,-0.015716587400745632,0,0
2010-04-12,0.0,0.0060696397,0.0044351616,9.463673,-0.009826112853603165,-0.015054595700243789,0,0
2010-04-13,0.00041919932,0.0058856686,0.0063737878,9.741641,-0.009535316096058172,-0.01457225649411627,0,0
2010-04-14,0.011252463,0.006035639,0.004894718,8.929902,-0.009755307154805258,-0.015026006330834708,0,0
2010-04-15,0.001656315,0.0060350103,0.0054753274,9.02313,-0.009757245637194715,-0.015014251661407794,0,0
2010-04-16,-0.015216552,0.00610911,0.012136343,8.362876,-0.009853646479058408,-0.015276326232079519,1,0
2010-04-19,0.004401139,0.0068858187,0.008648096,8.615686,-0.011117257183321124,-0.01718350904176574,0,0
2010-04-20,0.008329911,0.0073644225,0.004740667,11.100132,-0.011938571874632129,-0.01820478238419962,0,0
2010-04-21,-0.004156282,0.007110233,0.008205168,10.821513,-0.011526501586244076,-0.017576428339354532,0,0
2010-04-22,0.0010406912,0.007047524,0.012145781,10.312407,-0.011424843475839023,-0.017421412831892927,0,0
2010-04-23,0.008699309,0.007330993,0.0076641864,9.512921,-0.011869720368351893,-0.01817726718192782,0,0
2010-04-26,-0.0033051053,0.0071949773,0.0051713157,9.234461,-0.011640244879837105,-0.017873417164052344,0,0
2010-04-27,-0.022811495,0.006919227,0.013299036,8.864632,-0.01118100183512597,-0.017234059816988393,1,1
2010-04-28,0.00759177,0.0077487146,0.007940229,7.7453175,-0.012463185665317258,-0.01948260300597684,0,0
2010-04-29,0.012733707,0.008081643,0.0073192045,7.4679313,-0.012979119100111632,-0.02037489318925121,0,0
2010-04-30,-0.018210864,0.007880873,0.00959506,8.060724,-0.012695008073664396,-0.019757761860985372,1,0
2010-05-03,0.012594625,0.008163421,0.00798147,8.401896,-0.013169190801110047,-0.020406733584693585,0,0
2010-05-04,-0.021932553,0.008215983,0.016394509,9.369286,-0.013297288830002406,-0.02039101075682166,1,1
2010-05-05,-0.007275872,0.009575899,0.011579959,10.325665,-0.015523628706031205,-0.023671531685201707,0,0
2010-05-06,-0.03630401,0.010711292,0.06813653,9.58476,-0.017346174081406786,-0.026546373280112508,1,1
2010-05-07,-0.013904687,0.023196133,0.026855215,8.423881,-0.03742314679834162,-0.057974727691389276,0,0
2010-05-10,0.04374455,0.02875871,0.01842262,7.8722057,-0.04628539692087363,-0.072222364892129,0,0
2010-05-11,-0.0036816502,0.024619924,0.017335521,7.093715,-0.03944729926786989,-0.06231531777319778,0,0
2010-05-12,0.015073498,0.020851031,0.01579383,7.290422,-0.03345125802674082,-0.05266440626411391,0,0
2010-05-13,-0.011175702,0.017477369,0.010945964,6.769547,-0.027936781453362453,-0.04440093067602105,0,0
2010-05-14,-0.018761458,0.015115731,0.019226097,6.9899507,-0.024201752344917966,-0.03830353604387312,0,0
2010-05-17,-0.00066086574,0.015377855,0.01725778,7.3146367,-0.024674343702660806,-0.038830696358176084,0,0
2010-05-18,-0.013980035,0.015969452,0.017916823,6.829196,-0.02553829491754991,-0.040541607195404145,0,0
2010-05-19,-0.007851975,0.01716031,0.014612595,7.2564936,-0.027524399329869987,-0.04335809867353533,0,0
2010-05-20,-0.036701366,0.017551456,0.022299804,7.239523,-0.028148758332230534,-0.04435437531229349,1,0
2010-05-21,0.013460402,0.020175533,0.023168748,7.08633,-0.03232464998262818,-0.051070305526086344,0,0
2010-05-24,-0.01252626,0.02216143,0.009001459,7.408762,-0.03557899412166923,-0.055905496786896165,0,0
2010-05-25,0.0018656722,0.020445392,0.025372773,7.3875012,-0.03281985395696165,-0.05158778371910314,0,0
2010-05-26,-0.011011005,0.020813223,0.017915424,6.7697597,-0.03326904968357603,-0.05287547408864651,0,0
2010-05-27,0.036771398,0.019872814,0.02031015,6.4550967,-0.03168058303858317,-0.050682176017919224,0,0
2010-05-28,-0.011418256,0.017991686,0.01363001,6.1929355,-0.0286073707878976,-0.04604311141469065,0,0
2010-06-01,-0.017609352,0.016401133,0.014250744,5.6493444,-0.02602203966407497,-0.04208494840210436,0,0
2010-06-02,0.02516001,0.01606808,0.012681385,5.9692087,-0.025493619093836118,-0.041230343892996096,0,0
2010-06-03,0.006135686,0.014786695,0.00858587,5.9601703,-0.023460572848307167,-0.03794233697859961,0,0
2010-06-04,-0.034573622,0.01337692,0.022983423,5.7363796,-0.021223821847439296,-0.03432488224887538,1,1
2010-06-07,-0.01702974,0.0153782,0.012762334,6.431796,-0.024510109653487117,-0.03923112947809337,0,0
2010-06-08,0.010677525,0.01699439,0.01328472,6.979309,-0.02720760387128398,-0.04306926153300293,0,0
2010-06-09,-0.0035465222,0.01716952,0.017483192,7.400178,-0.027563351497059525,-0.04331647082366018,0,0
2010-06-10,0.02641266,0.017391762,0.016469091,7.672267,-0.02796263172090379,-0.04375867159898368,0,0
2010-06-11,0.005062137,0.016289739,0.011189555,8.670979,-0.026305327675809783,-0.040633397774560175,0,0
2010-06-14,0.0011469206,0.014623483,0.011115474,8.920391,-0.02363496014099737,-0.03640839407253262,0,0
2010-06-15,0.017047804,0.013300018,0.011442915,7.821545,-0.021400241153518358,-0.033416306336805125,0,0
2010-06-16,0.00022535211,0.01207521,0.00941761,7.3483787,-0.019379115276301283,-0.030480464726733002,0,0
2010-06-17,0.002025887,0.011160449,0.010633945,7.593857,-0.017936324480972043,-0.028101743388239144,0,0
2010-06-18,-0.0013501352,0.01073006,0.0053571826,7.4566984,-0.017231360376262564,-0.027054972700663812,0,0
2010-06-21,0.00022514917,0.00995604,0.016341401,7.7596817,-0.016014668227742557,-0.02502908427563561,0,0
2010-06-22,-0.018174058,0.010621723,0.013531523,7.2981653,-0.017041221897657343,-0.02682559180757947,1,0
2010-06-23,-0.0027548226,0.011582867,0.011210925,8.082059,-0.018660207575736772,-0.02903339483780178,0,0
2010-06-24,-0.015755655,0.01216881,0.01314934,7.8978143,-0.01958738954267425,-0.030552603533566522,0,0
2010-06-25,0.003962247,0.013024698,0.01074589,7.415907,-0.020911337764116907,-0.03285433463579582,0,0
2010-06-28,-0.0034952848,0.012962534,0.008525325,7.692868,-0.02084353604381432,-0.03260802148893921,0,0
2010-06-29,-0.03394985,0.012290824,0.021470949,7.654486,-0.01975943622734428,-0.030929728003345997,1,1
2010-06-30,-0.008487986,0.014342683,0.013728235,7.18948,-0.02299518755344873,-0.03626487437654831,0,0
2010-07-01,-0.004638114,0.015676253,0.016414829,7.4799957,-0.025177805152540093,-0.03951710659142766,0,0
2010-07-02,-0.0073674205,0.016464865,0.0142406495,7.1313286,-0.026387518537138503,-0.041656944319437415,0,0
2010-07-06,0.009811214,0.015981728,0.024120482,7.367752,-0.025651554003763063,-0.04033327915474506,0,0
2010-07-07,0.033600472,0.016238831,0.020878071,6.884157,-0.025979896933544477,-0.04119916504737816,0,0
2010-07-08,0.007289862,0.015064761,0.008370768,6.926994,-0.024109186351447827,-0.03820165657853596,0,0
2010-07-09,0.0051413993,0.0127634965,0.0070164953,6.996557,-0.020436555422735474,-0.03234052632555249,0,0
2010-07-12,0.003722666,0.010941311,0.0071950457,7.05607,-0.017526213997559183,-0.02770499270369205,0,0
2010-07-13,0.012233274,0.00976702,0.0127522815,6.4736977,-0.015572922026179015,-0.02490319712833517,0,0
2010-07-14,0.0011463948,0.0098018125,0.0097828945,6.69919,-0.015658900758201418,-0.024922273601989765,0,0
2010-07-15,-0.0004584002,0.010082653,0.014945915,6.552275,-0.016087513658341372,-0.025682563464654924,0,0
2010-07-16,-0.025541207,0.011144466,0.017295996,6.285846,-0.017737118413259735,-0.028484669609284682,1,0
2010-07-19,0.0007053015,0.013102026,0.009230358,6.663384,-0.020924985060632867,-0.03332789843481289,0,0
2010-07-20,0.01516064,0.013549602,0.017374141,6.2079883,-0.02154773984768581,-0.03466817054050851,0,0
2010-07-21,-0.01492565,0.013806043,0.015139101,6.5631804,-0.022030525086419648,-0.035162017029279374,0,0
2010-07-22,0.022075951,0.013861918,0.016594835,6.943665,-0.022186891438774378,-0.035144768055878496,0,0
2010-07-23,0.011653279,0.013418919,0.008459341,6.8663445,-0.021465558325013755,-0.03405185181689842,0,0
2010-07-26,0.0081448415,0.011871421,0.008226492,6.8287516,-0.018984675462499274,-0.030138107579744607,0,0
2010-07-27,0.0013510473,0.010527122,0.0080454815,6.9979644,-0.016855901867012767,-0.026673510480439904,0,0
2010-07-28,-0.0081338,0.0096804425,0.009390384,6.9595027,-0.015495948084746492,-0.024538861161124817,0,0
2010-07-29,-0.0045475294,0.0094977,0.015263445,7.1714454,-0.015225583410736048,-0.024019206318072337,0,0
2010-07-30,0.0011388225,0.010335454,0.012883557,7.0531845,-0.01655539869470365,-0.026171711797726906,0,0
2010-08-02,0.021171963,0.010910336,0.010562949,7.070617,-0.017478345515496534,-0.027622109741225084,0,0
2010-08-03,-0.0031250026,0.010475367,0.005685967,6.947307,-0.01676694317512463,-0.026557587955044266,0,0
2010-08-04,0.0055735293,0.00963472,0.007905535,6.949605,-0.015421654356066688,-0.024425705407619167,0,0
2010-08-05,-0.00088967977,0.009060395,0.007691866,7.0304427,-0.014510710740507842,-0.02294878382810556,0,0
2010-08-06,-0.0035666556,0.008739135,0.0145725375,6.9454203,-0.01398772691680344,-0.022156295714445433,0,0
2010-08-09,0.0053452244,0.009340453,0.00569973,6.644136,-0.014915052292837327,-0.02376507674119692,0,0
2010-08-10,-0.005121935,0.0089898165,0.010651657,6.8352256,-0.014377150629288179,-0.022820819048596928,0,0
2010-08-11,-0.03152546,0.009519465,0.011766283,6.502487,-0.015182181149736766,-0.024263158529089286,1,1
2010-08-12,-0.0053136316,0.010877566,0.01064018,5.74555,-0.017258348404649335,-0.02791159768762986,0,0
2010-08-13,-0.0030158937,0.012237188,0.01060537,5.55375,-0.01941552387050057,-0.03140035642240223,0,0
2010-08-16,0.0009289364,0.01293086,0.010037582,5.4881616,-0.02051610431883611,-0.033180304188929956,0,0
2010-08-17,0.011080446,0.012817142,0.0140899345,5.3084846,-0.020335678090410817,-0.032888504291162995,0,0
2010-08-18,-0.002068253,0.012579963,0.009472098,5.2473555,-0.019959370559328532,-0.03227990929886556,0,0
2010-08-19,-0.0143654,0.011760452,0.014758018,5.143157,-0.018659133716433504,-0.030177061053679875,0,0
2010-08-20,-0.00093392486,0.01209747,0.009422657,5.3117285,-0.019193848519480063,-0.031041845105451316,0,0
2010-08-23,-0.0044480935,0.01184697,0.010221267,4.746341,-0.018796403369308053,-0.03039906464498082,0,0
2010-08-24,-0.014892132,0.011590144,0.011265294,4.91217,-0.018388923279251408,-0.0297400548676422,0,0
2010-08-25,0.0045146802,0.011733008,0.013754794,5.2916985,-0.018615591668890798,-0.030106641330713786,0,0
2010-08-26,-0.009289099,0.0120064095,0.010958935,5.4403963,-0.019049370721328597,-0.030808183918282796,0,0
2010-08-27,0.01802278,0.011980087,0.014038354,5.7071996,-0.019007605826349774,-0.03074063835026071,0,0
2010-08-30,-0.017783515,0.011700435,0.014968615,6.0790677,-0.018580882898182487,-0.02998978739375805,0,0
2010-08-31,0.0031052215,0.012111149,0.011159102,6.323547,-0.019282920498433147,-0.030940053829187325,0,0
2010-09-01,0.031457994,0.011939229,0.011727695,6.020825,-0.018947418242165004,-0.03062679829209918,0,0
2010-09-02,0.007138775,0.011006865,0.007905555,5.933152,-0.017463493703207038,-0.028243375266028308,0,0
2010-09-03,0.012768071,0.010005465,0.008835613,5.8410435,-0.015874672258179744,-0.025673804648301428,0,0
2010-09-07,-0.011163118,0.009167816,0.008762942,5.7298174,-0.014545657126006908,-0.023524413824786285,0,0
2010-09-08,0.007304301,0.009396198,0.009886525,5.6233916,-0.014908008942225288,-0.024110438505626823,0,0
2010-09-09,0.0029521992,0.009849319,0.009590443,5.5821705,-0.015626931399646455,-0.025273138083225805,0,0
2010-09-10,0.0065544364,0.010193617,0.005151105,5.393749,-0.01617319407490291,-0.026156598288457202,0,0
2010-09-13,0.010309369,0.009774446,0.005821916,5.560122,-0.015508137256471134,-0.025081014581357978,0,0
2010-09-14,-0.00491731,0.009114692,0.0077591715,5.701566,-0.014461371774750459,-0.02338810073386521,0,0
2010-09-15,0.0044712797,0.008893552,0.007368671,5.8161397,-0.014110510824320625,-0.022820660011086735,0,0
2010-09-16,0.0015602366,0.008704005,0.0070642945,5.402025,-0.013809774805803261,-0.02233428538460307,0,0
2010-09-17,-0.0024528946,0.008575645,0.009760102,5.4879007,-0.013606119817975043,-0.0220049180573211,0,0
2010-09-20,0.014847918,0.008789783,0.010665058,5.5699096,-0.01394587085028914,-0.02255439092144252,0,0
2010-09-21,-0.001541002,0.008891853,0.0084965555,5.948878,-0.014107814330104556,-0.022816299022424248,0,0
2010-09-22,-0.004415993,0.0088752415,0.00808022,5.8860598,-0.014081459266165886,-0.022773675480214972,0,0
2010-09-23,-0.008221355,0.008885348,0.00947857,5.8412585,-0.014097494358113189,-0.022799608728566637,0,0
2010-09-24,0.02010007,0.009197817,0.010390265,5.6953335,-0.01459325748783118,-0.02360139698203132,0,0
2010-09-27,-0.004822456,0.009138693,0.0071121487,5.9320765,-0.014499451159346047,-0.023449685796242223,0,0
2010-09-28,0.0035095452,0.008914956,0.011459085,5.560362,-0.014144470363894143,-0.022875582126691833,0,0
2010-09-29,-0.0006571022,0.009069706,0.006959231,5.639332,-0.014389997020633233,-0.023272667705439568,0,0
2010-09-30,-0.0037317572,0.008890074,0.013576029,5.7169695,-0.014104992059815991,-0.022811734618518775,0,0
2010-10-01,0.0048266877,0.009502641,0.0065401495,5.570668,-0.015076890917896013,-0.02438356810360988,0,0
2010-10-04,-0.006587639,0.00922135,0.00951639,5.592482,-0.014630594884085432,-0.02366178204081664,0,0
2010-10-05,0.017471507,0.009251364,0.011814418,5.4151807,-0.014678214248050154,-0.023738795929860973,0,0
2010-10-06,0.0008656136,0.00915609,0.005492769,5.3296895,-0.014527054030507521,-0.02349432739327216,0,0
2010-10-07,0.0006487188,0.008564752,0.010089273,5.316466,-0.013588836013941103,-0.021976965290729764,0,0
2010-10-08,0.003452744,0.00846363,0.011123536,5.125731,-0.013428397322676467,-0.02171749085556875,0,0
2010-10-11,0.0015068349,0.008513846,0.004395929,5.19725,-0.013508069678123008,-0.021846343436355137,0,0
2010-10-12,0.0019340287,0.007950562,0.010457529,5.246997,-0.012614362818262184,-0.020400968378543098,0,0
2010-10-13,0.008337836,0.008174701,0.008896903,5.3080807,-0.012969980637851038,-0.02097610229507953,0,0
2010-10-14,-0.00063890964,0.008250765,0.010994689,5.190362,-0.013090664136705269,-0.021171281415849126,0,0
2010-10-15,0.0012774112,0.008645819,0.010247571,5.2414536,-0.013717456978319952,-0.02218498152309243,0,0
2010-10-18,0.0027621393,0.008912896,0.010331046,5.1751475,-0.014141201090873117,-0.02287029479379332,0,0
2010-10-19,-0.012382737,0.008989616,0.012163265,5.1116447,-0.01426292608799671,-0.023067158309848325,0,0
2010-10-20,0.009407809,0.009376969,0.010304838,5.363324,-0.014877500553302806,-0.024061097870142104,0,0
2010-10-21,0.00085088285,0.009287934,0.011405056,5.4063783,-0.014736236831478683,-0.023832634747312228,0,0
2010-10-22,0.004243588,0.009176569,0.0040161167,5.207766,-0.014559545880947327,-0.02354687584323613,0,0
2010-10-25,0.0016924058,0.0082385605,0.00737335,5.057754,-0.01307130095558793,-0.021139965712363023,0,0
2010-10-26,0.0,0.007707818,0.0061341817,4.9424167,-0.012229224721054187,-0.01977809188008552,0,0
2010-10-27,-0.0033876805,0.0073417737,0.010859246,4.963728,-0.011648458683061847,-0.018838830044421457,0,0
2010-10-28,0.0004240882,0.007644911,0.00837662,4.7394233,-0.012129416430778722,-0.019616673835974853,0,0
2010-10-29,0.00042390844,0.00783474,0.0063012857,4.4514685,-0.012430599452028547,-0.02010377139145156,0,0
2010-11-01,0.0027510333,0.0077936323,0.011278204,4.2692327,-0.012365377771961412,-0.01999828961232287,0,0
2010-11-02,0.008207981,0.008057165,0.00550408,4.298752,-0.01278349906066939,-0.02067450919726916,0,0
2010-11-03,0.0037656948,0.0076633855,0.01075285,4.529536,-0.012158728589716759,-0.01966407983152272,0,0
2010-11-04,0.017593333,0.00762448,0.008532347,4.6111364,-0.012097000588900711,-0.01956424831320808,0,0
2010-11-05,0.0028682668,0.007219075,0.006696645,4.224181,-0.0114537853736191,-0.01852398861427501,0,0
2010-11-08,-0.001638002,0.006904629,0.0043448755,4.317469,-0.010954885080999394,-0.017717126687087893,0,0
2010-11-09,-0.007404394,0.0065938076,0.009900653,4.09716,-0.010461736102888862,-0.016919566251155402,0,0
2010-11-10,0.0024742282,0.00706658,0.008734172,4.2906365,-0.011211836548467373,-0.01813268939430965,0,0
2010-11-11,-0.0024742282,0.0075368322,0.0067581916,4.3212495,-0.011957939305640987,-0.019339347152258907,0,0
2010-11-12,-0.012881957,0.0077541694,0.009052365,4.229524,-0.012302765719182578,-0.019897028333631297,1,0
2010-11-15,0.00020909566,0.0082436,0.0078123333,4.3683863,-0.013079296332397725,-0.021152896482773003,0,0
2010-11-16,-0.017718244,0.008468194,0.009718805,4.116158,-0.013435637138187463,-0.021729199671101825,1,0
2010-11-17,0.002338188,0.008943011,0.0051720156,4.2169833,-0.014188982425463568,-0.022947570634841204,0,0
2010-11-18,0.01705125,0.008773527,0.0078704255,4.2793226,-0.013920079516517117,-0.02251267908927913,0,0
2010-11-19,0.0004173623,0.008293162,0.007394094,4.17391,-0.01315793171389406,-0.02128007198536905,0,0
2010-11-22,-0.00020865936,0.007935654,0.013695548,4.1766467,-0.01259070967772257,-0.0203627146055104,0,0
2010-11-23,-0.016623212,0.008240995,0.009575247,3.9549885,-0.013075163819282023,-0.02114621304813489,1,0
2010-11-24,0.015370342,0.008596081,0.008838163,4.130801,-0.013638543803627532,-0.022057356750859004,0,0
2010-11-26,-0.011135738,0.0085528055,0.008453136,4.2514114,-0.013569881831275329,-0.021946311052638105,0,0
2010-11-29,0.002742907,0.008692002,0.012808705,4.1697683,-0.013790731041618228,-0.022303486268029,0,0
2010-11-30,-0.005917177,0.00923271,0.0083606215,4.136919,-0.014648618866733045,-0.02369093188416164,0,0
2010-12-01,0.020973923,0.0094614085,0.012424478,3.9697623,-0.015011471977513742,-0.02427776729913608,0,0
2010-12-02,0.0150378775,0.009570456,0.007829843,4.0781536,-0.015184487371163997,-0.024557581795176264,0,0
2010-12-03,0.0006131835,0.008893889,0.008249689,4.0708523,-0.014111045598844685,-0.022821524891724163,0,0
2010-12-06,-0.0012267431,0.008386209,0.0060450127,3.8932374,-0.013305559343040873,-0.021518827334126203,0,0
2010-12-07,0.0010223904,0.007857631,0.009217255,3.8705451,-0.01246691797160921,-0.020162508640426825,0,0
2010-12-08,0.0044861413,0.007776516,0.00623396,3.6155171,-0.012338220998668567,-0.019954369480866964,0,0
2010-12-09,0.0034528316,0.007508239,0.006195514,3.5999665,-0.011912572147751366,-0.01926597571314106,0,0
2010-12-10,0.006467282,0.0072769867,0.0039391364,3.5450165,-0.01154566796159975,-0.018672588571239795,0,0
2010-12-13,0.00020143016,0.0068907775,0.005824156,3.565572,-0.010932908653138429,-0.017681584629488614,0,0
2010-12-14,-0.0036319653,0.0067663826,0.0054152124,3.5199695,-0.010735543373798766,-0.01736238952777475,0,0
2010-12-15,-0.003848106,0.0069081876,0.005676069,3.4077485,-0.010960531431304184,-0.017726258421736862,0,0
2010-12-16,0.005262105,0.0071716807,0.0062135095,3.4769936,-0.011378589379544,-0.018402375567352157,0,0
2010-12-17,0.0,0.007355041,0.0037133547,3.376512,-0.011669508530359975,-0.018872873560950135,0,0
2010-12-20,0.0022179664,0.007220907,0.006671808,3.3904274,-0.011456691796243939,-0.018528689116148807,0,0
2010-12-21,0.0076244352,0.007170183,0.0034422413,3.3021278,-0.011376213207124068,-0.018398532629020713,0,0
2010-12-22,0.0029937155,0.006763983,0.002548501,3.3431833,-0.010731736611662188,-0.01735623292398177,0,0
2010-12-23,-0.0011964109,0.00635241,0.0035934942,3.4135175,-0.01007873438918561,-0.016300144884990486,0,0
2010-12-27,0.00019950124,0.0061937184,0.004586511,3.411142,-0.0098269542185112,-0.015892945617435213,0,0
2010-12-28,0.00059826503,0.0062470688,0.0028084922,3.4894824,-0.009911599705572344,-0.016029841149123963,0,0
2010-12-29,0.0013945615,0.006230605,0.0028260276,3.567039,-0.009885478096502046,-0.015987595169020367,0,0
2010-12-30,-0.0009959168,0.006169654,0.0033248158,3.647319,-0.009788773489166553,-0.015831196652128603,0,0
2010-12-31,-0.0011964109,0.006126702,0.0046119755,3.5978904,-0.0097206254794703,-0.015720982175907804,0,0
2011-01-03,0.009729055,0.0061602257,0.008505592,3.501271,-0.009773815185178015,-0.01580700487240391,0,0
2011-01-04,0.0,0.0063634044,0.006567989,3.4793143,-0.010096178354117618,-0.016328356676747348,0,0
2011-01-05,0.0051241736,0.0064976253,0.00958662,3.548935,-0.010309132627535952,-0.016672763561238844,0,0
2011-01-06,-0.0011801732,0.006740627,0.005932566,3.6049726,-0.010694679723195514,-0.017296301525090867,0,0
2011-01-07,-0.002167275,0.00670203,0.009010053,3.651059,-0.01063344125371198,-0.01719726171646294,0,0
2011-01-10,-0.0015791554,0.006860416,0.0055865347,3.719853,-0.010884736417373031,-0.01760367659142657,0,0
2011-01-11,0.0039432226,0.006908963,0.0048492793,3.7119963,-0.010961761141250371,-0.01772824720817724,0,0
2011-01-12,0.010180198,0.0067606703,0.0050819535,3.7267091,-0.010726480257668515,-0.017347731922927944,0,0
2011-01-13,-0.0017545575,0.0064611617,0.004451877,3.7490287,-0.01025128015850763,-0.01657919986656227,0,0
2011-01-14,0.0064183823,0.0062533296,0.007716229,3.6515906,-0.009921533300707918,-0.016045906563062488,0,0
2011-01-18,0.00406308,0.006262181,0.006228196,3.617569,-0.00993557678736342,-0.01606861882616377,0,0
2011-01-19,-0.012630111,0.0062157726,0.008766827,3.5731497,-0.009861945302851938,-0.015949536030716565,1,0
2011-01-20,-0.0017614253,0.0065781134,0.0076291263,3.4883425,-0.010436835155126441,-0.01687929442330204,0,0
2011-01-21,0.0027386558,0.006949059,0.00793756,3.3928976,-0.01102537849774533,-0.01783113434539365,0,0
2011-01-24,0.006814005,0.00719557,0.0049709585,3.4431663,-0.011416492315692563,-0.018463675263021388,0,0
2011-01-25,-0.00077639753,0.006951554,0.008106285,3.5012088,-0.011029336372141667,-0.017837535340162015,0,0
2011-01-26,0.004649369,0.0069114077,0.005058282,3.4660697,-0.010965640292493422,-0.017734520885491364,0,0
2011-01-27,0.0017379555,0.0066009243,0.0048244228,3.4056082,-0.010473026993770779,-0.016937826793615312,0,0
2011-01-28,-0.018892372,0.0063107233,0.011062549,3.3731642,-0.010012594272330115,-0.016193177735562322,1,1
2011-01-31,0.0086139925,0.006897833,0.010125859,3.216253,-0.01094410272359044,-0.017699688586114,0,0
2011-02-01,0.015666116,0.0075462735,0.009392878,3.1913269,-0.011972918421497636,-0.01936357259062093,0,0
2011-02-02,-0.0021131504,0.0077328635,0.003929659,3.2982564,-0.012268961816187975,-0.019842357926096652,0,0
2011-02-03,0.0024968802,0.0073820935,0.0076259095,3.3724852,-0.011712430746178516,-0.018942290841891456,0,0
2011-02-04,0.0030645495,0.007212887,0.005369203,3.3818517,-0.011443967601053881,-0.018508110517970314,0,0
2011-02-07,0.006481151,0.0068856333,0.0063734,3.380344,-0.010924746781383748,-0.017668384589980008,0,0
2011-02-08,0.004549771,0.006637925,0.0038099312,3.3390899,-0.010531731844527804,-0.017032769029003317,0,0
2011-02-09,-0.0018932228,0.0063060694,0.0054009836,3.3650482,-0.010005210583470004,-0.01618123623640598,0,0
2011-02-10,-0.00037907506,0.006305894,0.006454109,3.2665303,-0.010004931885410089,-0.016180785503349587,0,0
2011-02-11,0.0064248145,0.006492236,0.009115926,3.2692926,-0.010300582569197818,-0.016658935714973122,0,0
2011-02-14,0.00037664783,0.0068228208,0.0034997326,3.2127802,-0.010825087793640381,-0.017507208010006693,0,0
2011-02-15,-0.0011303694,0.0066900942,0.0036424897,3.1762767,-0.010614504263458995,-0.01716663528333255,0,0
2011-02-16,0.00507663,0.00650063,0.0044387765,3.1510036,-0.010313900355060942,-0.01668047431602497,0,0
2011-02-17,0.0035570571,0.0063243397,0.0056795273,3.1960964,-0.01003419789629275,-0.016228116864527728,0,0
2011-02-18,0.003544449,0.006290911,0.0036048598,3.2303958,-0.009981160207708626,-0.01614234002242602,0,0
2011-02-22,-0.021077182,0.0061598164,0.011270885,3.1770046,-0.009773165492947431,-0.015805954137551672,1,1
2011-02-23,-0.006870256,0.0070260502,0.011751692,3.0693126,-0.011147532400324766,-0.018028691522061418,0,0
2011-02-24,-0.0021086943,0.008402968,0.009810847,3.1086354,-0.013332149671575576,-0.021561831365279185,0,0
2011-02-25,0.012206904,0.0093204845,0.006342023,3.1127968,-0.014787881934627059,-0.023916159387550994,0,0
2011-02-28,0.0054825735,0.008947314,0.007751077,3.0816548,-0.014195808718203846,-0.022958610667884766,0,0
2011-03-01,-0.019033693,0.008319625,0.014900258,3.0974576,-0.013199917395647623,-0.021347974627630616,1,0
2011-03-02,0.0036443889,0.008907949,0.00923647,3.1473236,-0.014133352302003927,-0.022857601097263647,0,0
2011-03-03,0.018213367,0.009125132,0.009320492,3.1319177,-0.014477935307175007,-0.0234148886189212,0,0
2011-03-04,-0.0071698423,0.008824886,0.011601571,3.0935996,-0.014001565219080775,-0.022644464361770093,0,0
2011-03-07,-0.008557626,0.00897351,0.012053256,3.1135342,-0.014237371828548381,-0.02302582989346667,0,0
2011-03-08,0.00836825,0.009438395,0.009183648,3.1315274,-0.014974958007345605,-0.02421871395165373,0,0
2011-03-09,-0.0034149152,0.009371712,0.006958409,3.1333904,-0.014869159518509608,-0.024047608073668677,0,0
2011-03-10,-0.016285446,0.009075118,0.008448949,3.1034436,-0.014398583273524602,-0.02328655408846586,1,0
2011-03-11,0.009037654,0.009201295,0.012772171,3.1700275,-0.014598775347471983,-0.023610320911180264,0,0
2011-03-14,-0.00807231,0.009692538,0.010281579,3.2130568,-0.015378180713077885,-0.024870838342530267,0,0
2011-03-15,-0.015754484,0.01000286,0.022294313,3.2256308,-0.015870538840200215,-0.0256671197502443,0,0
2011-03-16,-0.016803795,0.012019627,0.020088354,3.2569253,-0.01907034184547344,-0.030842100117357236,0,0
2011-03-17,0.011693722,0.014227946,0.017373698,3.3432136,-0.022574061465629625,-0.03650859902878895,0,0
2011-03-18,0.0043256064,0.014952428,0.014149069,3.3778205,-0.023723522658110154,-0.03836760069046688,0,0
2011-03-21,0.01460733,0.0142161865,0.008613557,3.3395088,-0.02255540317343655,-0.036478423328714954,0,0
2011-03-22,-0.0036803915,0.012141555,0.004480167,3.3678017,-0.019263792683880645,-0.031154964468415418,0,0
2011-03-23,0.002906697,0.010173406,0.009109339,3.3408437,-0.016141127510463624,-0.026104737645429935,0,0
2011-03-24,0.010203188,0.009202135,0.0071185324,3.3466945,-0.014600108211894891,-0.023612476527388265,0,0
2011-03-25,0.0036325438,0.008400896,0.0050320406,3.4355986,-0.013328862301277932,-0.021556514764000386,0,0
2011-03-28,-0.0059335995,0.007800708,0.006337045,3.4191327,-0.012376604417511336,-0.020016446252032766,0,0
2011-03-29,0.010883163,0.0076527228,0.0068399105,3.4721253,-0.0121418103506705,-0.01963671828621314,0,0
2011-03-30,0.0056807576,0.007504475,0.0059238356,3.5552843,-0.011906600951331284,-0.019256318611065974,0,0
2011-03-31,-0.002268432,0.0073693567,0.0022732082,3.526276,-0.011692222422243121,-0.018909608305046035,0,0
2011-04-01,0.005096755,0.0070310486,0.0063668997,3.5535426,-0.011155462626938737,-0.018041516926302372,0,0
2011-04-04,0.0011290931,0.006953114,0.004262621,3.5179749,-0.011031812079582998,-0.017841539254585023,0,0
2011-04-05,-0.0018825306,0.0067752404,0.0058205025,3.5376222,-0.01074959681395641,-0.01738511788848519,0,0
2011-04-06,0.001694437,0.0067722914,0.0054981,3.5180652,-0.010744918667950678,-0.017377552012181476,0,0
2011-04-07,-0.00037629352,0.006737957,0.006914173,3.530194,-0.01069044315073926,-0.017289449797266113,0,0
2011-04-08,-0.0035818683,0.0068112426,0.008779192,3.487793,-0.010806718153009367,-0.017477499140598245,0,0
2011-04-11,-0.003215741,0.0070873997,0.006440406,3.5593858,-0.011244869507478054,-0.018186112968844145,0,0
2011-04-12,-0.008562511,0.0071457853,0.005937889,3.6227334,-0.011337504037302179,-0.018335929027009777,0,0
2011-04-13,0.00038211694,0.007280707,0.0074075763,3.5910194,-0.011551570388368683,-0.018682134453469796,0,0
2011-04-14,0.0011454755,0.0074538174,0.008109212,3.6344807,-0.011826227326415799,-0.019126331880543537,0,0
2011-04-15,0.0064663594,0.007564411,0.0061388537,3.528634,-0.012001695805911615,-0.019410113705531373,0,0
2011-04-18,-0.013551119,0.007317273,0.013101636,3.5871902,-0.011609585732886564,-0.01877596156356894,1,0
2011-04-19,0.0057482435,0.007876872,0.007624075,3.5491893,-0.012497446267535973,-0.02021188147112986,0,0
2011-04-20,0.014980843,0.007890196,0.0073826313,3.6181064,-0.012518584791489528,-0.020246068402721935,0,0
2011-04-21,0.002068253,0.007496038,0.005038806,3.8068683,-0.011893214395817014,-0.019234668790169045,0,0
2011-04-25,-0.00018784634,0.0069926293,0.004247688,3.7619498,-0.011094506474970442,-0.01794293370440689,0,0
2011-04-26,0.007672911,0.006543146,0.00839069,3.8601775,-0.01038135614392656,-0.01678956927669986,0,0
2011-04-27,0.0074294545,0.006469866,0.0057158372,3.8684616,-0.010265090190294762,-0.016601534567557873,0,0
2011-04-28,0.0029563953,0.006316435,0.005928473,3.9476473,-0.010021656483596535,-0.016207833876990117,0,0
2011-04-29,0.003499405,0.00624059,0.0052975444,3.832225,-0.009901320452453368,-0.016013216709121994,0,0
2011-05-02,-0.0014719414,0.0061622565,0.009389001,3.7004611,-0.009777036500416003,-0.015812214644094668,0,0
2011-05-03,-0.00424394,0.0064812917,0.0061238706,3.553308,-0.010283218232282927,-0.016630852704089514,0,0
2011-05-04,-0.00667906,0.0066762343,0.008258258,3.4267194,-0.010592514262640566,-0.01713107127444806,0,0
2011-05-05,-0.0059746257,0.0070386054,0.01182437,3.508441,-0.011167452072698106,-0.018060907228241288,0,0
2011-05-06,-0.00037460198,0.0077086613,0.010539619,3.6213052,-0.012230563014660082,-0.019780256276807608,0,0
2011-05-09,0.0061630597,0.008120952,0.00564941,3.4311612,-0.012884703555835927,-0.02083818529691883,0,0
2011-05-10,0.008158769,0.0077049714,0.0075763683,3.7174,-0.012224708545674185,-0.01977078795578536,0,0
2011-05-11,-0.011142177,0.007323473,0.011318398,3.9165006,-0.011619423412456064,-0.01879187185509195,0,0
2011-05-12,0.006514681,0.007549849,0.009850201,3.8728464,-0.011978591012853522,-0.019372746764421314,0,0
2011-05-13,-0.010069076,0.0077073094,0.009835845,3.8245995,-0.012228417582517028,-0.019776786510324804,0,0
2011-05-16,-0.006392201,0.007988498,0.008207713,3.711906,-0.012674551645701878,-0.02049831062111449,0,0
2011-05-17,0.0,0.008175778,0.008544397,3.930856,-0.01297169083049143,-0.020978868157016477,0,0
2011-05-18,0.009759837,0.008169417,0.0062799095,3.74206,-0.012961597979321619,-0.020962545181331445,0,0
2011-05-19,0.0024251482,0.007719685,0.0055730115,3.8197565,-0.012248053127647466,-0.0198085427029342,0,0
2011-05-20,-0.010488952,0.007225397,0.0063259127,3.9739792,-0.011463815789184581,-0.018540210614048057,0,0
2011-05-23,-0.009459019,0.0070509273,0.0070929704,3.917975,-0.011187001655764608,-0.018092524396044328,0,0
2011-05-24,-0.0013314314,0.0072074523,0.0057408763,3.8387191,-0.011435344248745444,-0.018494164134764436,0,0
2011-05-25,0.0022813699,0.0072703,0.011864631,3.9822972,-0.011535058433182498,-0.01865542998329762,0,0
2011-05-26,0.0075671948,0.007723049,0.006515163,3.8465,-0.01225339001452209,-0.01981717394828029,0,0
2011-05-27,0.0026350475,0.0075410567,0.0046405876,4.1556315,-0.011964641632036433,-0.019350186696897514,0,0
2011-05-31,0.0104713,0.007086305,0.0064631687,4.009719,-0.011243132168922735,-0.01818330320433677,0,0
2011-06-01,-0.02409755,0.006675668,0.01191981,3.9206662,-0.010591615732856486,-0.0171296180993669,1,1
2011-06-02,0.00038102496,0.0072305016,0.007272823,3.6425312,-0.011471914320471097,-0.018553308214225666,0,0
2011-06-03,-0.012458235,0.007618563,0.0069294972,3.649611,-0.012087612626655168,-0.019549065340935156,1,0
2011-06-06,-0.008716762,0.00791271,0.0055357176,3.8486407,-0.012554307005805631,-0.020303841258566806,0,0
2011-06-07,-0.00019457146,0.007975928,0.0071273693,3.7065976,-0.012654607542005104,-0.020466055402621232,0,0
2011-06-08,-0.00605057,0.0079836445,0.0050167753,3.496679,-0.012666851254500955,-0.020485856925303154,0,0
2011-06-09,0.008188777,0.0077891024,0.009176003,3.6412735,-0.012358190438552605,-0.019986665675092618,0,0
2011-06-10,-0.014276179,0.00772227,0.007998021,3.4658465,-0.012252154875392916,-0.01981517638132583,1,0
2011-06-13,0.0017711311,0.00794365,0.006774927,3.572836,-0.012603395868631727,-0.020383231740090293,0,0
2011-06-14,0.010172232,0.008054027,0.008756903,3.7260778,-0.012778520499871802,-0.020666457465852713,0,0
2011-06-15,-0.019257817,0.008054112,0.010414002,3.3691816,-0.012778655324582605,-0.020666675515285837,1,0
2011-06-16,0.0027739268,0.008606823,0.009314518,3.6217692,-0.013655586913882453,-0.02208492024799255,0,0
2011-06-17,0.0019766758,0.009119065,0.010398648,3.7900822,-0.014468308460878107,-0.023399319304028512,0,0
2011-06-20,0.006102982,0.009427474,0.009711441,3.9548724,-0.01495763076984778,-0.024190690940949708,0,0
2011-06-21,0.011125322,0.009262745,0.009103278,4.183441,-0.01469627261552334,-0.02376800138312852,0,0
2011-06-22,-0.0064258813,0.008779078,0.006806819,4.036752,-0.013928885651319394,-0.022526921083125886,0,0
2011-06-23,-0.0021511693,0.008340625,0.013154969,4.223535,-0.013233236291628868,-0.021401860642573618,0,0
2011-06-24,-0.010232281,0.008595196,0.0120510785,3.9196882,-0.013637138550098151,-0.02205508406112986,0,0
2011-06-27,0.009644795,0.009137726,0.011580359,4.1353,-0.014497917415152679,-0.023447205301013057,0,0
2011-06-28,0.01419843,0.009395636,0.009804391,4.380866,-0.014907116746488024,-0.024108995574478764,0,0
2011-06-29,0.0075036427,0.00904318,0.005626934,4.703228,-0.01434791089899444,-0.02320460262366742,0,0
2011-06-30,0.008588659,0.008118802,0.0061637843,4.6713386,-0.01288129221919345,-0.020832668207235075,0,0
2011-07-01,0.014527187,0.0073558544,0.008725107,4.8460927,-0.011670799771046665,-0.018874961859883483,0,0
2011-07-05,0.0014972865,0.006908018,0.0049294485,4.9527817,-0.010960262686746408,-0.01772582378628963,0,0
2011-07-06,-0.000748363,0.00652189,0.0075547276,4.766166,-0.010347630964085244,-0.01673502618661946,0,0
2011-07-07,0.011907117,0.0065494697,0.005187295,4.8994613,-0.010391389274083533,-0.016805795666729954,0,0
2011-07-08,-0.007425317,0.006395057,0.012521929,4.9918213,-0.010146398296732334,-0.01640957643203866,0,0
2011-07-11,-0.017480005,0.006981359,0.011177314,5.1384435,-0.01107662455594428,-0.01791401361784713,1,0
2011-07-12,-0.005895234,0.007886008,0.014729252,5.4090075,-0.012511942186106923,-0.020235325443738267,0,0
2011-07-13,0.0011437287,0.009240963,0.010979655,5.0939193,-0.014661712246366107,-0.023712107557297954,0,0
2011-07-14,-0.0042000827,0.009845026,0.011145942,5.3063083,-0.015620119584727471,-0.02526212146488647,0,0
2011-07-15,0.006293527,0.010018942,0.0073451074,5.571234,-0.015896054190503814,-0.02570838523960834,0,0
2011-07-18,-0.01108786,0.009354795,0.010879134,5.6945376,-0.01484231944755758,-0.02400420013886776,0,0
2011-07-19,0.015829451,0.009237046,0.008923805,6.1504564,-0.014680508382746484,-0.02365250036174875,0,0
2011-07-20,0.0,0.008718086,0.0056056324,6.0483966,-0.013839922875545897,-0.022355189575412743,0,0
2011-07-21,0.01595529,0.008057357,0.011667812,5.63822,-0.012783803094916571,-0.02067500090605795,0,0
2011-07-22,-0.0011179431,0.007840275,0.007913132,5.694124,-0.012439381155507391,-0.02011797387298493,0,0
2011-07-25,-0.0056085396,0.0075924955,0.009556134,5.3076663,-0.012046254015536415,-0.01948217684805047,0,0
2011-07-26,-0.0054516536,0.0077698478,0.0067596063,5.171569,-0.012327641330757734,-0.01993725918575226,0,0
2011-07-27,-0.020760674,0.0078685265,0.01030706,5.4066343,-0.012484205395098475,-0.020190467260694223,1,1
2011-07-28,-0.0017336034,0.00860522,0.0095496,5.2162476,-0.013653043341653806,-0.02208080657714347,0,0
2011-07-29,-0.006382383,0.009244677,0.011361138,5.26023,-0.0146676047196329,-0.0237216373419188,0,0
2011-08-01,-0.006814005,0.009805434,0.01759588,5.564546,-0.015557303937586687,-0.025160530916916692,0,0
2011-08-02,-0.02572362,0.010841113,0.014176309,5.213905,-0.01720051131830614,-0.027818058871076527,1,0
2011-08-03,0.005795959,0.011786297,0.015464062,5.092555,-0.018700140335522038,-0.030243380276568012,0,0
2011-08-04,-0.04545774,0.012400155,0.02964911,5.128052,-0.019674086900451374,-0.03181852547888838,1,1
2011-08-05,-0.0008345504,0.01636384,0.033089377,4.5404334,-0.025962870618172693,-0.04198925543276204,0,0
2011-08-08,-0.074959286,0.021709338,0.03822024,4.626036,-0.03444403624367774,-0.055705682828414815,1,1
2011-08-09,0.05301285,0.029987156,0.052983318,4.136383,-0.04757762440592921,-0.07694638445204328,0,0
2011-08-10,-0.042049546,0.036025945,0.030761905,4.3970804,-0.057158767840458424,-0.09244178497716028,0,0
2011-08-11,0.039272062,0.03581799,0.043606736,4.515589,-0.056828825532071234,-0.09190817557515342,0,0
2011-08-12,0.0070355264,0.03603955,0.023821933,4.654733,-0.05718035427200827,-0.09247669630116442,0,0
2011-08-15,0.018314373,0.03183449,0.011573626,4.709586,-0.05050860503513693,-0.08168660351788642,0,0
2011-08-16,-0.0052284966,0.02535446,0.014095002,4.8467994,-0.04022739017137561,-0.06505899082349446,0,0
2011-08-17,-0.0018889711,0.0216827,0.014924544,4.6679745,-0.03440177548331959,-0.055637335306772916,0,0
2011-08-18,-0.039859574,0.019540766,0.028614847,4.7527103,-0.031003382013079665,-0.05014117836860081,1,0
2011-08-19,-0.017199984,0.022206282,0.019457787,4.62945,-0.035232491152456434,-0.05698083591332641,0,0
2011-08-22,-0.0006674825,0.02431938,0.022070907,4.809081,-0.03858513108795094,-0.06240299653246158,0,0
2011-08-23,0.030899797,0.025782559,0.017995669,4.850186,-0.040906609918488566,-0.06615747996500486,0,0
2011-08-24,0.011585626,0.023846356,0.019702107,4.782038,-0.03783462978769534,-0.06118922509468401,0,0
2011-08-25,-0.012449184,0.022165386,0.020098776,4.8909326,-0.03516760517687056,-0.056875897062652,0,0
2011-08-26,0.015856342,0.021441499,0.026905304,4.895207,-0.0340190832330465,-0.05501841442991087,0,0
2011-08-29,0.02684725,0.021572363,0.013518536,4.7380505,-0.03422671328768384,-0.05535421055692248,0,0
2011-08-30,-0.002694023,0.018565774,0.014708689,4.5570736,-0.02945645938287817,-0.04763936990491012,0,0
2011-08-31,0.010732817,0.016978908,0.015063273,4.706592,-0.026938737304151195,-0.04356750601023066,0,0
2011-09-01,-0.013642212,0.01564568,0.013672316,4.876497,-0.02482343531693849,-0.04014646845376208,0,0
2011-09-02,-0.027000163,0.014986146,0.012333488,4.90052,-0.023777021827248033,-0.038454123876265865,1,0
2011-09-06,-0.004070707,0.015266698,0.01888408,4.761474,-0.02422214425266994,-0.039174011884597605,0,0
2011-09-07,0.029196065,0.016948193,0.011610199,4.551921,-0.02689000495767447,-0.04348869211579879,0,0
2011-09-08,-0.01111239,0.015928824,0.010804015,4.551876,-0.025272673063063314,-0.040873012091770675,0,0
2011-09-09,-0.023681106,0.01529334,0.024464784,4.6493144,-0.02426441587139407,-0.03924237696726768,0,0
2011-09-12,0.004523433,0.017312592,0.018421398,4.7509794,-0.027468160463514676,-0.04442373198760672,0,0
2011-09-13,0.0017178445,0.018196857,0.01874572,4.556809,-0.02887113554576961,-0.04669273682767124,0,0
2011-09-14,0.014483746,0.018372074,0.02772807,4.572896,-0.029149135050808055,-0.04714234012458365,0,0
2011-09-15,0.018437564,0.019102432,0.013449391,4.7475877,-0.030307919960202136,-0.04901642085578449,0,0
2011-09-16,0.0062086293,0.016686095,0.010682588,5.009834,-0.026474160306365024,-0.042816154493092375,0,0
2011-09-19,-0.011620799,0.014255329,0.013169443,5.123374,-0.022617505787878592,-0.0365788607025015,0,0
2011-09-20,-0.0014621413,0.013350885,0.017233973,4.9133873,-0.021182516623286563,-0.034258080097712536,0,0
2011-09-21,-0.03423317,0.0136142075,0.019766863,5.0158277,-0.021600303112377112,-0.03493375821762355,1,0
2011-09-22,-0.02830067,0.015539407,0.027640058,4.8241105,-0.024654824800417034,-0.03987377788148331,1,0
2011-09-23,0.0055475566,0.02028947,0.02284048,4.926537,-0.03219127639191366,-0.05206233728949033,0,0
2011-09-26,0.025129696,0.022921152,0.018790264,4.4712,-0.036366701769931044,-0.058815173110938035,0,0
2011-09-27,0.009450242,0.021623155,0.02011238,4.673159,-0.034307300460463416,-0.05548454265433228,0,0
2011-09-28,-0.017901912,0.020042388,0.020575158,4.702687,-0.031799253185816376,-0.05142832563575326,0,0
2011-09-29,0.006507615,0.019707877,0.022452945,4.9348917,-0.03126852159335342,-0.050569983554482584,0,0
2011-09-30,-0.02651048,0.019670723,0.016519489,4.9811106,-0.031209571524498225,-0.050474644732541714,0,0
2011-10-03,-0.035940133,0.019684639,0.022769978,5.142625,-0.03123165020197208,-0.05051035215648961,1,0
2011-10-04,0.02477681,0.022188183,0.03006401,5.300139,-0.03520377439391913,-0.05693439284748992,0,0
2011-10-05,0.019124443,0.024221163,0.018701885,5.239133,-0.03842929905844939,-0.06215097236350215,0,0
2011-10-06,0.019629857,0.022148643,0.01515873,5.356341,-0.03514103837479546,-0.056832931080393397,0,0
2011-10-07,-0.002162163,0.01908774,0.017648626,5.494349,-0.030284608858190596,-0.048978720255139184,0,0
2011-10-10,0.030692946,0.017547669,0.012398281,5.3991027,-0.02784113266651628,-0.045026932817417605,0,0
2011-10-11,-0.0012602396,0.014982578,0.008318378,5.693354,-0.02377136099912195,-0.038444968726912665,0,0
2011-10-12,0.007329108,0.01313948,0.020032622,5.599611,-0.020847099888722458,-0.03371561701066941,0,0
2011-10-13,-0.00020865936,0.013209299,0.0112423,5.461426,-0.02095787512862838,-0.033894771693232885,0,0
2011-10-14,0.017582417,0.012684515,0.012390415,5.3947062,-0.020125252006536008,-0.03254818619939734,0,0
2011-10-17,-0.0209269,0.011975011,0.01777949,5.6012554,-0.01899955434798246,-0.030727616847871845,1,0
2011-10-18,0.023997841,0.013141837,0.021189833,5.816385,-0.02085084059579938,-0.03372166678487436,0,0
2011-10-19,-0.01358325,0.014399402,0.012477365,5.899373,-0.02284609248883948,-0.036948549613883316,0,0
2011-10-20,0.0028967536,0.014950582,0.013843877,5.8501544,-0.023720594518753375,-0.038362865066536744,0,0
2011-10-21,0.020653019,0.015168728,0.008731502,5.8117623,-0.02406670674379867,-0.0389226257663284,0,0
2011-10-24,0.009467288,0.013549185,0.011866174,6.0974193,-0.02152123302690816,-0.0347195439705216,0,0
2011-10-25,-0.01820807,0.012385308,0.014528131,6.1777477,-0.019689858022842493,-0.031702179280378225,0,0
2011-10-26,0.010560618,0.0126582235,0.013557094,6.51027,-0.020189463667975742,-0.03226004206998676,0,0
2011-10-27,0.035718083,0.012731512,0.018905627,6.700068,-0.020339393682214026,-0.032371042161307303,0,0
2011-10-28,-0.0011702752,0.012436891,0.006331456,6.8932443,-0.019898664329380915,-0.031550044273400614,0,0
2011-10-31,-0.025097651,0.011239842,0.012909537,6.8268175,-0.01797439161048379,-0.02853535461456852,1,0
2011-11-01,-0.020010773,0.011832475,0.019581554,7.20221,-0.018972209558217865,-0.0299138253946972,1,0
2011-11-02,0.007930901,0.014603232,0.011605817,7.3501306,-0.023436502081157624,-0.03686107004757589,0,0
2011-11-03,0.017269505,0.015521426,0.024173189,7.3741813,-0.02491370351879196,-0.03916901025517426,0,0
2011-11-04,-0.0037897723,0.016869502,0.013552274,7.201904,-0.027048535311661053,-0.04264813837749164,0,0
2011-11-07,0.0051823915,0.016179131,0.01527413,7.179861,-0.025937885471294143,-0.04091249430834895,0,0
2011-11-08,0.012447064,0.015370207,0.012839746,7.2786922,-0.024656584472123856,-0.038826029068903076,0,0
2011-11-09,-0.038019784,0.013741177,0.016868204,7.399891,-0.022059570397793465,-0.03466730715502286,1,1
2011-11-10,0.009540314,0.014469425,0.014271094,7.326317,-0.02321839818762574,-0.036532365527698674,0,0
2011-11-11,0.019208273,0.014968607,0.012860585,7.3163753,-0.02401794492398029,-0.037796613264566896,0,0
2011-11-14,-0.0071599353,0.014373604,0.014187032,7.332031,-0.023065440386109658,-0.036288272346618494,0,0
2011-11-15,0.0011968883,0.014230086,0.015957171,7.3411584,-0.022836403458898043,-0.03592252910785668,0,0
2011-11-16,-0.018511595,0.014364499,0.010930456,6.9663467,-0.022995073353075702,-0.03640960362332783,0,0
2011-11-17,-0.013288553,0.014330032,0.01855666,7.247093,-0.02298339182727658,-0.03621058770928551,0,0
2011-11-18,-0.0006176017,0.015763883,0.0121685425,7.0762796,-0.025254699980256867,-0.03990751997615297,0,0
2011-11-21,-0.019337332,0.015637157,0.014304972,7.078275,-0.02505202202177632,-0.039585836200832315,0,0
2011-11-22,-0.006741125,0.015732886,0.010971737,7.3715916,-0.025252729708725705,-0.03970369916172106,0,0
2011-11-23,-0.019422231,0.015098691,0.01048993,7.0678415,-0.02418762518428731,-0.03822710006313102,0,0
2011-11-25,-0.0056192065,0.014700831,0.015576844,7.1167827,-0.02355808786311463,-0.037199759166875616,0,0
2011-11-28,0.03199249,0.015226203,0.012676054,6.932517,-0.02436853899704818,-0.03860861196456583,0,0
2011-11-29,0.004607338,0.014132329,0.011285352,7.1940675,-0.022658607560671958,-0.03573124054473708,0,0
2011-11-30,0.040537793,0.013238646,0.02650891,7.070588,-0.021208292415142698,-0.03351679283085682,0,0
2011-12-01,-0.002008436,0.013682153,0.008671877,7.0631013,-0.02191766292370143,-0.034642505477080685,0,0
2011-12-02,0.0,0.012781727,0.011715981,6.6952953,-0.020418819053392805,-0.03250058946327864,0,0
2011-12-05,0.009205588,0.012337097,0.00965887,6.5336037,-0.019681375179211348,-0.03143242234913389,0,0
2011-12-06,0.0,0.011686843,0.011513388,6.4748983,-0.018634168617897427,-0.029797760616159505,0,0
2011-12-07,0.0071457233,0.011540223,0.0128447395,6.3359866,-0.01837616780974262,-0.029476708436859313,0,0
2011-12-08,-0.022400936,0.011656802,0.018787429,6.255333,-0.018546772975370537,-0.029806276860308692,1,0
2011-12-09,0.018238805,0.013241847,0.01401257,6.481987,-0.021114920509883256,-0.03375949177903942,0,0
2011-12-12,-0.018845785,0.013483041,0.016669588,6.616457,-0.021524995395832955,-0.034316765599602894,0,0
2011-12-13,-0.012217623,0.014180885,0.0175511,6.8277144,-0.022677768511163512,-0.036001603475532586,0,0
2011-12-14,-0.011539382,0.015277023,0.012141521,6.8481665,-0.024434506674603843,-0.03877515953633617,0,0
2011-12-15,0.004549222,0.015280812,0.012849816,6.864513,-0.02444359380999385,-0.038777412336063986,0,0
2011-12-16,-0.0006191312,0.01461176,0.009714174,6.720901,-0.023347159265506127,-0.03714244149386668,0,0
2011-12-19,-0.0099585885,0.013342955,0.012518286,6.6067557,-0.021299594541639925,-0.033964278359760826,0,0
2011-12-20,0.030392483,0.012763343,0.0119512575,6.672248,-0.020385581444212014,-0.03246289122005074,0,0
2011-12-21,0.00020224492,0.011622598,0.014874432,6.661695,-0.018561960195936256,-0.029565254929764317,0,0
2011-12-22,0.010260628,0.011381915,0.008469878,6.5024195,-0.01815250841472089,-0.02901018174871788,0,0
2011-12-23,0.008966883,0.010589565,0.004169334,6.5394297,-0.016894410564056835,-0.02697810025594803,0,0
2011-12-27,0.0,0.009568388,0.004487889,6.5629687,-0.01526840137629706,-0.024369378162030324,0,0
2011-12-28,-0.012576271,0.008919156,0.009373302,6.482973,-0.014222259082935998,-0.0227387038858354,0,0
2011-12-29,0.01039178,0.009283278,0.004948963,6.6950593,-0.014830015114503435,-0.023605015329029616,0,0
2011-12-30,-0.003984069,0.009142869,0.0050710603,6.868643,-0.014625632071251293,-0.023200326797907622,0,0
2012-01-03,0.015448911,0.009113418,0.0052375235,6.913274,-0.014583367321762759,-0.02311369913520404,0,0
2012-01-04,0.00078585465,0.008687776,0.0066700974,6.9738092,-0.013908368556506399,-0.022018990436245646,0,0
2012-01-05,0.0,0.008477979,0.010169632,7.000694,-0.013575102323076842,-0.021480756740674747,0,0
2012-01-06,0.0009814507,0.00867321,0.008585824,6.970615,-0.013884731685497045,-0.021982867560826964,0,0
2012-01-09,0.0009804884,0.008725755,0.0058232425,7.0183926,-0.013973587408391221,-0.022104160099931672,0,0
2012-01-10,0.008198367,0.00852826,0.008030147,7.061253,-0.013661383555835386,-0.021593555071338717,0,0
2012-01-11,0.0017480825,0.008385146,0.005537542,7.27619,-0.013451076465503906,-0.02118192097107232,0,0
2012-01-12,0.00271318,0.008087016,0.009031709,7.2976303,-0.012974558710893633,-0.0204241998632581,0,0
2012-01-13,-0.0021311643,0.008120979,0.01216924,7.1530027,-0.01301700952713011,-0.020541647911139493,0,0
2012-01-17,0.00019393,0.008615653,0.0114699695,7.2274823,-0.01381659451007241,-0.02177545371996458,0,0
2012-01-18,0.010032884,0.009047915,0.007313129,7.1852474,-0.014505847917483834,-0.022878316811454354,0,0
2012-01-19,0.006315206,0.008707129,0.0055175065,7.501538,-0.013986332883774705,-0.021944411135039685,0,0
2012-01-20,0.00019074869,0.008037002,0.0037667358,7.3904123,-0.012901576538368579,-0.020278344591830408,0,0
2012-01-23,0.00019071231,0.007334494,0.006947313,7.4507694,-0.01177803107042431,-0.018494440421228893,0,0
2012-01-24,0.00038131553,0.007036147,0.0055457596,7.490246,-0.011301496267726377,-0.017735076165553056,0,0
2012-01-25,0.0066495924,0.0068453993,0.010906462,7.4292245,-0.01099124470735497,-0.01726493127108511,0,0
2012-01-26,-0.003794351,0.007101851,0.010675417,7.750269,-0.011423047145705722,-0.0178553557912478,0,0
2012-01-27,-0.0020930462,0.0075112,0.006510103,7.8353076,-0.01208663315480173,-0.01886947846432598,0,0
2012-01-30,-0.0026702285,0.0075052264,0.009738233,7.8652897,-0.012078799214541589,-0.018849238638270902,0,0
2012-01-31,-0.00057312066,0.0077215685,0.0082247555,7.4295287,-0.012398078375141987,-0.019474675809895117,0,0
2012-02-01,0.008751959,0.0077595194,0.01113512,7.402922,-0.012457065053391083,-0.019575709587992984,0,0
2012-02-02,0.0022705782,0.0078110765,0.0046699834,7.2099953,-0.012524922016484905,-0.019745632456929882,0,0
2012-02-03,0.012210164,0.007280527,0.008889152,7.3311596,-0.011683060073623972,-0.018380926453892922,0,0
2012-02-06,0.0,0.006919183,0.0053018597,7.616198,-0.011121393776088227,-0.017418528001629238,0,0
2012-02-07,0.0042850557,0.006561293,0.006898391,7.6781554,-0.010549632633961125,-0.016507652431216217,0,0
2012-02-08,0.0016717752,0.006579276,0.005108634,7.80671,-0.010585526002391548,-0.016532725640612023,0,0
2012-02-09,0.0009275578,0.006627864,0.006274173,7.901453,-0.010668655151045913,-0.016640227509509848,0,0
2012-02-10,-0.0057647764,0.006854517,0.0068143085,8.039652,-0.011040632753982456,-0.01718784161675017,0,0
2012-02-13,0.0063208984,0.0072844503,0.0049194694,8.466098,-0.01175420484550479,-0.01819997528005996,0,0
2012-02-14,-0.00092704187,0.007287514,0.007460453,8.801695,-0.011773600153658508,-0.018159933847489266,0,0
2012-02-15,-0.004089225,0.0074322377,0.010206985,8.912467,-0.012011914732787867,-0.018505279632074968,0,0
2012-02-16,0.009269625,0.007973554,0.010494806,9.189612,-0.012898110601457855,-0.01981368260676853,0,0
2012-02-17,0.0036839237,0.008277928,0.0036379783,9.657734,-0.013408095569005473,-0.020506060983284852,0,0
2012-02-21,0.00018384043,0.007801137,0.006437726,9.78033,-0.012639784176489186,-0.019310089537914146,0,0
2012-02-22,-0.0029455102,0.0075021423,0.005462253,9.72828,-0.012153735898811056,-0.01857601700660439,0,0
2012-02-23,0.005148963,0.007200251,0.0062645776,9.318122,-0.011651643260714883,-0.01787627113583381,0,0
2012-02-24,0.00018340211,0.0068935114,0.0036244045,9.489392,-0.011160667144722025,-0.01709515989680246,0,0
2012-02-27,0.0029298684,0.006564236,0.009034516,9.432059,-0.010625877325798155,-0.016284755810658854,0,0
2012-02-28,0.0031036083,0.006747376,0.004370578,9.254464,-0.010916751672691046,-0.01675919713981052,0,0
2012-02-29,-0.0051169703,0.0066051804,0.010150995,9.344963,-0.010689513887345873,-0.01639589268555987,0,0
2012-03-01,0.0073019676,0.0069748964,0.0064720954,9.240791,-0.011284403972883779,-0.01732594515926251,0,0
2012-03-02,-0.004192114,0.0069413455,0.0056140013,9.58086,-0.0112408972841213,-0.017203543597064868,0,0
2012-03-05,-0.0031098535,0.0068709454,0.005830022,9.337497,-0.011119376124522575,-0.017056455836663743,0,0
2012-03-06,-0.016627023,0.006797129,0.010047725,9.293415,-0.010998508643211063,-0.016878267775619852,1,0
2012-03-07,0.007978519,0.0073991227,0.004424885,8.380012,-0.01193518552436598,-0.018499488329287554,0,0
2012-03-08,0.0101131685,0.0074118315,0.0069386447,8.480724,-0.0119604249974331,-0.018516043854157307,0,0
2012-03-09,0.004381168,0.0072647342,0.005071946,8.821919,-0.011737613095513109,-0.018100412096189407,0,0
2012-03-12,0.0,0.006896922,0.0034836787,8.453344,-0.011128335115076675,-0.017233528394347337,0,0
2012-03-13,0.013209276,0.006410224,0.007118984,8.179838,-0.01033143050130474,-0.016054076555475635,0,0
2012-03-14,-0.001439108,0.006401536,0.005029326,8.468329,-0.01032962194288113,-0.015993752188071975,0,0
2012-03-15,0.0052069426,0.0065824757,0.00547991,8.002673,-0.01060065435287289,-0.016511136137458596,0,0
2012-03-16,0.0017892293,0.006774447,0.003053513,7.6792874,-0.010892419818713363,-0.017043745201373466,0,0
2012-03-19,0.003925072,0.0067279707,0.006678836,7.3964415,-0.010800611642409783,-0.01697444737877939,0,0
2012-03-20,-0.002853069,0.006759337,0.0064611714,7.3782983,-0.010849793653849799,-0.01705676496763962,0,0
2012-03-21,-0.0017873106,0.0067443056,0.005701194,7.1181793,-0.010807853484059101,-0.017065885881711738,0,0
2012-03-22,-0.0061008623,0.006617492,0.008411871,7.0601664,-0.010600453872024268,-0.016755693325504483,0,0
2012-03-23,0.0035932485,0.0067622694,0.0071755187,7.189315,-0.010841728602771843,-0.01709814472697202,0,0
2012-03-26,0.014952219,0.006711477,0.0067630922,7.076441,-0.010752206847871402,-0.016990606646346513,0,0
2012-03-27,-0.006025182,0.0063660312,0.005773422,6.9113193,-0.010186829360025372,-0.01614606395825066,0,0
2012-03-28,-0.0044535566,0.0062986286,0.009860638,6.9125485,-0.01007906452783865,-0.015974887231894774,0,0
2012-03-29,-0.0014293374,0.006663967,0.008979393,6.74467,-0.010649944400084349,-0.016934693058227868,0,0
2012-03-30,0.00356952,0.007000284,0.00476001,6.623404,-0.011176261310947918,-0.017815464579676737,0,0
2012-04-02,0.0065702093,0.006822471,0.009125077,6.639118,-0.010893821091866707,-0.017359596093081596,0,0
2012-04-03,-0.0026583977,0.006826206,0.007273878,6.7589006,-0.010910461796351686,-0.017344042279640356,0,0
2012-04-04,-0.011063639,0.0067770896,0.0076543614,6.7653623,-0.01083251188568157,-0.01721792450322313,1,0
2012-04-05,-0.0021555603,0.0069487677,0.0068608345,6.980036,-0.011124864992785952,-0.01761027183740027,0,0
2012-04-06,0.0,0.007123605,0.0116283,6.928669,-0.011400540667595877,-0.0180638970823523,0,0
2012-04-09,-0.011029856,0.0076061785,0.0056476425,6.866319,-0.01216721149016863,-0.019301444514846597,0,0
2012-04-10,-0.01317735,0.007680949,0.012330056,7.1031327,-0.012307592994193439,-0.01943918547991238,1,0
2012-04-11,0.0051451786,0.008659032,0.006104984,7.4246087,-0.013902910454170456,-0.02184016185745275,0,0
2012-04-12,0.016000342,0.008829654,0.0065814275,7.3026614,-0.014166466463833134,-0.022298598744109603,0,0
2012-04-13,-0.015267472,0.008318073,0.008591603,7.6512103,-0.013372379582021393,-0.020933005409009487,1,0
2012-04-16,-0.0007328692,0.008391211,0.007570335,8.077893,-0.013518137897878979,-0.02103401902364641,0,0
2012-04-17,0.014194961,0.008461962,0.012436292,7.79772,-0.01361400389961073,-0.021265420308603133,0,0
2012-04-18,-0.0038019419,0.008653145,0.0038820582,7.923151,-0.013930130606223782,-0.021720687409546222,0,0
2012-04-19,-0.004180684,0.008208387,0.012253366,7.6993403,-0.01319939294143231,-0.020647400323659665,0,0
2012-04-20,0.0020016383,0.008535459,0.0061236215,7.3567,-0.013698970659002958,-0.02154350153328846,0,0
2012-04-23,-0.009130816,0.00825515,0.009849349,7.1789217,-0.013234321648591243,-0.020875175473878172,0,0
2012-04-24,0.0053060227,0.008452246,0.0042439206,7.327575,-0.013563020175618182,-0.0213399261485411,0,0
2012-04-25,0.012512631,0.007986144,0.005684816,7.2152114,-0.012806068985135274,-0.02018705930221823,0,0
2012-04-26,0.0068247393,0.007395491,0.0076847924,7.4020348,-0.011872595966528668,-0.018657510576419283,0,0
2012-04-27,0.0012521243,0.0070710825,0.008328947,7.425712,-0.01135337748076932,-0.017834770087817572,0,0
2012-04-30,-0.0035816657,0.007019961,0.0057167304,7.29299,-0.011262285325853718,-0.017730158684629144,0,0
2012-05-01,0.005010748,0.006949721,0.009962596,7.262843,-0.011147498807969322,-0.017558332594351474,0,0
2012-05-02,-0.0021443898,0.0071689766,0.007731539,7.277775,-0.011500265104617975,-0.01810942234541094,0,0
2012-05-03,-0.008263025,0.0072609885,0.007705273,7.1473184,-0.011638105688940064,-0.018367475443418095,0,0
2012-05-04,-0.017100653,0.0074392646,0.009064221,7.308899,-0.01193615810829913,-0.018786052038137706,1,0
2012-05-07,0.0023824808,0.007944298,0.01343348,7.4041653,-0.012753801894835383,-0.0200416155913653,0,0
2012-05-08,-0.0053225784,0.008761773,0.012266122,7.260021,-0.014053819506323633,-0.022137107897564585,0,0
2012-05-09,-0.005536091,0.0094490545,0.010646945,7.196795,-0.015150100269823696,-0.023889661089162455,0,0
2012-05-10,0.004799714,0.009830308,0.008946676,7.0722127,-0.015748314297749273,-0.02488732354938682,0,0
2012-05-11,-0.0055401805,0.009534589,0.009448074,7.07011,-0.015274347961958605,-0.024139215522255383,0,0
2012-05-14,-0.011922645,0.009260066,0.0075151236,7.014393,-0.014828826597811082,-0.023458732292365662,0,0
2012-05-15,-0.0043196613,0.009101667,0.010996979,7.2968235,-0.014602361645983416,-0.02298695269272093,0,0
2012-05-16,-0.0043384014,0.00946861,0.00966535,7.3853436,-0.01519924029253379,-0.02389171477019437,0,0
2012-05-17,-0.016198544,0.009760899,0.012578265,7.293234,-0.015659658078466657,-0.024652819965768732,1,0
2012-05-18,-0.008101896,0.0105924485,0.009913358,7.5800524,-0.017022187184656062,-0.026675148579624816,0,0
2012-05-21,0.019183401,0.0113292355,0.010632195,7.6024895,-0.01820844180374885,-0.028524330168435176,0,0
2012-05-22,-0.0007603118,0.010956951,0.010198676,7.8144975,-0.017629537907601887,-0.027531157791970972,0,0
2012-05-23,0.0007603118,0.010620425,0.013530452,7.7839227,-0.017085453748000565,-0.026693220604369548,0,0
2012-05-24,0.0051170397,0.010681959,0.008858485,7.7462163,-0.017181153073181823,-0.02685743443748846,0,0
2012-05-25,-0.005687219,0.010146972,0.008820374,7.719874,-0.016318452253040815,-0.025518716266285123,0,0
2012-05-29,0.013970399,0.009785498,0.0071289088,7.8493752,-0.015747405909813085,-0.024579713261198167,0,0
2012-05-30,-0.018925622,0.009037974,0.0076842383,8.08423,-0.014560481075567306,-0.022653982097083226,1,0
2012-05-31,0.0005730112,0.009056961,0.011756632,8.142267,-0.014594821320105372,-0.02269006389615812,0,0
2012-06-01,-0.027292898,0.009743884,0.01028074,7.9919734,-0.015691121174163533,-0.024443390081521386,1,1
2012-06-04,-0.0007852376,0.0107980855,0.010798433,7.7997346,-0.01737264403631163,-0.027135725669633935,0,0
2012-06-05,0.009382399,0.011713145,0.009000221,7.459152,-0.018810361086229372,-0.029533011489078314,0,0
2012-06-06,0.023458103,0.0114650475,0.010421377,7.5671124,-0.018423152022737217,-0.028876309829279266,0,0
2012-06-07,0.0009497579,0.010520706,0.009342515,7.9806128,-0.016941185099432363,-0.026394809795181957,0,0
2012-06-08,0.009072071,0.009795592,0.011463665,7.67304,-0.015749504698450333,-0.024646087218284554,0,0
2012-06-11,-0.016504217,0.009355757,0.0157717,7.441658,-0.015023064457359544,-0.02359337803602252,1,0
2012-06-12,0.009897302,0.010196314,0.008945211,7.8057,-0.016404964407924858,-0.02562203389935132,0,0
2012-06-13,-0.008559253,0.010417584,0.008025295,7.739271,-0.016755329570059593,-0.026194448934980494,0,0
2012-06-14,0.013282928,0.010586156,0.008935551,7.4797897,-0.01700252236338179,-0.026685911230792482,0,0
2012-06-15,0.008446788,0.01030569,0.004751242,7.693847,-0.01657145988976071,-0.025924328679173332,0,0
2012-06-18,0.0026134045,0.00932264,0.010524763,7.7220025,-0.014992917488132043,-0.023445117590765036,0,0
2012-06-19,0.00705929,0.008943206,0.009776289,7.5654006,-0.014370675680448695,-0.02252508213194557,0,0
2012-06-20,0.00018509949,0.008677876,0.00878542,7.4305177,-0.013933647101167249,-0.021886372390614015,0,0
2012-06-21,-0.024354894,0.008406303,0.011369471,7.2928267,-0.013486411776315679,-0.021231647690826055,1,1
2012-06-22,0.0064272434,0.009038696,0.0060725287,7.27363,-0.014499239896964168,-0.022833485539975037,0,0
2012-06-25,-0.015380537,0.00907691,0.009282237,7.1147428,-0.014545554165154222,-0.022969207070082875,1,0
2012-06-26,0.0068650157,0.009445581,0.00679152,7.2844763,-0.015152961549711201,-0.0238586281627497,0,0
2012-06-27,0.007572925,0.009271344,0.0075525898,7.042143,-0.014849766428560455,-0.02348002819344184,0,0
2012-06-28,-0.002265862,0.008918742,0.011169456,7.039155,-0.01428471160433389,-0.02258779976239107,0,0
2012-06-29,0.025383968,0.00898518,0.0165046,6.89757,-0.01437649008925822,-0.022792571079548955,0,0
2012-07-02,0.0007369197,0.009197861,0.0066246907,6.777615,-0.014703297757991262,-0.023364760804667286,0,0
2012-07-03,0.0077050463,0.00861623,0.005911013,6.6917734,-0.013764037411782478,-0.021909751550243228,0,0
2012-07-05,-0.004762786,0.007898287,0.009034961,6.8191547,-0.01262993996381947,-0.02005371956968804,0,0
2012-07-06,-0.0071869837,0.007797082,0.010451678,6.6404867,-0.012450180335115416,-0.019839136069206547,0,0
2012-07-09,-0.0018511667,0.008045521,0.0048607625,6.6957464,-0.012852772455971518,-0.020457542850745317,0,0
2012-07-10,-0.010243129,0.007860107,0.01217344,6.3010225,-0.012511764188827263,-0.02008598514908082,0,0
2012-07-11,0.00056142977,0.008589086,0.0077902647,6.5408196,-0.013703048817540583,-0.021881275590778303,0,0
2012-07-12,-0.00525231,0.008842725,0.00994448,6.627937,-0.014118341508554995,-0.022503158148158856,0,0
2012-07-13,0.016785176,0.009125612,0.007620327,6.777644,-0.014587806601133343,-0.023181222486020697,0,0
2012-07-16,-0.0031490254,0.0086734025,0.00467541,7.1253304,-0.013899926251768089,-0.021945584904347597,0,0
2012-07-17,0.008130126,0.008054031,0.009859063,7.0046353,-0.012896627187513271,-0.02040568990083583,0,0
2012-07-18,0.0064202733,0.007827698,0.008454179,6.844102,-0.01251945696328003,-0.01986870230395096,0,0
2012-07-19,0.003468106,0.0076435464,0.0046855956,7.1869946,-0.012254466852165257,-0.019326903072476902,0,0
2012-07-20,-0.010072423,0.00721134,0.0049008983,6.857753,-0.011534862656085356,-0.01830132160266691,0,0
2012-07-23,-0.010732894,0.007047565,0.011840365,7.434561,-0.01131620296151914,-0.01777385332372096,0,0
2012-07-24,-0.010661282,0.007834157,0.010063484,8.001035,-0.012616310543545629,-0.01965107515562209,0,0
2012-07-25,0.00412836,0.008740512,0.009787991,8.653067,-0.014113616367042735,-0.021805513659275223,0,0
2012-07-26,0.014685644,0.009263645,0.013449128,7.9035473,-0.0149115349143438,-0.023257296699321202,0,0
2012-07-27,0.020276519,0.009418596,0.010896354,8.867101,-0.01521993777125398,-0.023458927574418906,0,0
2012-07-30,-0.0014477021,0.008899874,0.0059871958,9.764276,-0.014419427344380528,-0.022031979578675785,0,0
2012-07-31,-0.004355724,0.008228865,0.0075520077,10.195982,-0.013339932754073948,-0.02034167699101414,0,0
2012-08-01,-0.002914392,0.007958507,0.0070403037,8.507371,-0.01284390678317201,-0.01987746985200666,0,0
2012-08-02,-0.006221429,0.0078371875,0.017086484,9.101698,-0.012674101202944914,-0.01948686353408374,0,0
2012-08-03,0.019629857,0.008714843,0.009993319,7.2765603,-0.013979993505159693,-0.022014689762861972,0,0
2012-08-06,0.00071968336,0.008569465,0.00431794,7.9955034,-0.013800114496800207,-0.021496575860245514,0,0
2012-08-07,0.0050233332,0.007853653,0.007345413,11.536957,-0.012731671233609937,-0.019414156620151446,0,0
2012-08-08,0.00089437445,0.0074236854,0.00487914,15.63332,-0.012034643595504924,-0.01835127936810446,0,0
2012-08-09,0.001607861,0.006951106,0.004976657,14.614086,-0.011268538507988026,-0.017183067914663504,0,0
2012-08-10,0.0014270426,0.006607871,0.0053474833,13.282623,-0.010712115880326684,-0.016334595169632486,0,0
2012-08-13,0.0,0.0064312085,0.004847113,13.680464,-0.01042572543053029,-0.01589788666963721,0,0
2012-08-14,-0.0007132668,0.0062807654,0.0061683613,11.279949,-0.010181840155174692,-0.015525993078746875,0,0
2012-08-15,0.0014260252,0.006320228,0.0043010092,11.977674,-0.010245813135045693,-0.01562354362241743,0,0
2012-08-16,0.006745987,0.0064134845,0.005482933,13.116124,-0.010396992533531315,-0.015854072707412344,0,0
2012-08-17,0.0015910902,0.0065089646,0.0029277166,19.238634,-0.010551776626032993,-0.01609009848588224,0,0
2012-08-20,-0.00035335688,0.006347207,0.0042499877,15.35523,-0.010289548851250807,-0.015690234949009268,0,0
2012-08-21,-0.001591653,0.0062501556,0.008303597,16.249195,-0.010132217587936565,-0.015450325063560323,0,0
2012-08-22,-0.00017700682,0.0065205498,0.005012806,16.45166,-0.010570558001808996,-0.0161187376616956,0,0
2012-08-23,-0.008711941,0.0065930947,0.008459847,14.708359,-0.010688161671578449,-0.01629806809067977,0,0
2012-08-24,0.006940147,0.006951909,0.007185301,15.950294,-0.011269840789155616,-0.017185053725488113,0,0
2012-08-27,-0.0010645849,0.007046137,0.004442103,15.237689,-0.011422595078541252,-0.017417984315990946,0,0
2012-08-28,-0.00035511365,0.006847142,0.004389947,12.906008,-0.011100000705890081,-0.01692606950288329,0,0
2012-08-29,-0.00035523978,0.0066037048,0.0038903835,13.157291,-0.0107053614045106,-0.01632429546514166,0,0
2012-08-30,-0.007310365,0.0063745957,0.004485763,12.244266,-0.01033394963392388,-0.01575794041619073,0,0
2012-08-31,0.0057102223,0.0063169394,0.0076539814,12.482421,-0.010240481631393286,-0.015615413766954661,0,0
2012-09-04,0.0007114906,0.006477146,0.0075646015,11.147724,-0.010500195151089116,-0.016011443389085892,0,0
2012-09-05,-0.0017796765,0.006635247,0.005409861,11.57579,-0.010756494719182287,-0.01640226717532241,0,0
2012-09-06,0.019404383,0.006573662,0.007985333,10.810321,-0.010656658789620283,-0.016250030258638727,0,0
2012-09-07,0.005053596,0.00633689,0.002582531,8.300139,-0.010218426283595091,-0.01585419473192378,0,0
2012-09-10,-0.008203205,0.005823895,0.0040980736,7.6113653,-0.009360662598467746,-0.014661913934953832,0,0
2012-09-11,0.002800142,0.0056757415,0.007609464,8.129568,-0.009145651426036157,-0.014220790974824024,0,0
2012-09-12,0.0062717977,0.005991356,0.004284561,8.405293,-0.009665356110756203,-0.014976636797423355,0,0
2012-09-13,0.012255267,0.0060691596,0.011706713,8.091149,-0.009777922616176755,-0.015211623922387738,0,0
2012-09-14,0.005815959,0.006469719,0.007876952,7.753472,-0.0104064582620269,-0.01626556723679653,0,0
2012-09-17,-0.0034170544,0.00665766,0.0033792383,8.124698,-0.010727643374737063,-0.01668173361507347,0,0
2012-09-18,-0.0053196177,0.006453541,0.0035031512,7.862266,-0.010386079275556483,-0.01620840275507493,0,0
2012-09-19,0.00017204302,0.006204659,0.0038872142,8.542134,-0.01001476777389394,-0.015492685960959618,0,0
2012-09-20,0.00034399726,0.0059823953,0.0056100017,8.58721,-0.009657648585818473,-0.014932366748148176,0,0
2012-09-21,-0.0012045085,0.00595575,0.0056231963,7.9857907,-0.009590601552295549,-0.014941352193374065,0,0
2012-09-24,-0.0003444119,0.0059741824,0.0047256905,8.054401,-0.009623315530315072,-0.014978426986413381,0,0
2012-09-25,-0.009865939,0.005945472,0.008764611,7.421552,-0.009545857173686853,-0.014996377813615345,1,0
2012-09-26,-0.007157227,0.0063492875,0.0065257475,7.832062,-0.010216780472506763,-0.015951028336938892,0,0
2012-09-27,0.009762978,0.0067186025,0.0059875734,7.4281964,-0.010787589778370646,-0.016945311500753887,0,0
2012-09-28,-0.0046952525,0.0066888398,0.00651512,8.078562,-0.010775671431636545,-0.016766633475321164,0,0
2012-10-01,0.0019155426,0.006650625,0.011519483,7.3311605,-0.010672256222840104,-0.016790631256197737,0,0
2012-10-02,0.0027797099,0.007000191,0.0064703296,8.0039625,-0.011273424955729036,-0.017558708212089557,0,0
2012-10-03,0.0025989793,0.006908151,0.006200755,7.529219,-0.011098349870826958,-0.017405668803062397,0,0
2012-10-04,0.0075849355,0.0066992566,0.0044200458,6.843424,-0.010714596122543297,-0.017004563634976037,0,0
2012-10-05,-0.00017174752,0.0062665325,0.007149714,6.424141,-0.009987018072533825,-0.015988039499226826,0,0
2012-10-08,-0.0039583566,0.00613939,0.0034997298,6.6773915,-0.009806236135268502,-0.01561424148756875,0,0
2012-10-09,-0.009529657,0.0059212786,0.0073261224,6.755402,-0.009463834602543332,-0.015045425255936091,1,0
2012-10-10,-0.0068128486,0.0062388107,0.0042298133,7.4548173,-0.010018773162220242,-0.015730954241976396,0,0
2012-10-11,0.0015763205,0.0064693447,0.008818248,7.7360544,-0.010404927169306783,-0.016267311396600193,0,0
2012-10-12,-0.0049122907,0.0068657966,0.006552745,7.9588695,-0.011054666038884697,-0.017228590717969432,0,0
2012-10-15,0.009800568,0.0070483116,0.008430077,7.5202465,-0.011322957411680818,-0.017760405252350182,0,0
2012-10-16,0.009532961,0.007076379,0.0060671535,7.341044,-0.011356147235869765,-0.017863684133189034,0,0
2012-10-17,0.005333346,0.006762009,0.0045140246,7.32833,-0.010850806719814055,-0.017072342465781154,0,0
2012-10-18,-0.0037820227,0.006337869,0.0053426074,6.995874,-0.010147970188333195,-0.01605920386159987,0,0
2012-10-19,-0.019127691,0.0061483374,0.0088703735,7.298407,-0.009864250047074672,-0.01552783479290346,1,1
2012-10-22,0.0042046313,0.0065643196,0.006790209,6.5559134,-0.010474124049693015,-0.016719896312790843,0,0
2012-10-23,-0.016392365,0.006902523,0.011508213,6.4510055,-0.01100335568964802,-0.01760460743573649,1,0
2012-10-24,-0.0010668564,0.007803161,0.0066295215,6.130569,-0.012398928400812168,-0.019986321544345865,0,0
2012-10-25,0.002132576,0.00814105,0.008617247,5.9015303,-0.012916590957236695,-0.020889756182981275,0,0
2012-10-26,-0.00053271774,0.008227526,0.009014322,6.0113792,-0.013055544150849367,-0.021108258330380793,0,0
2012-10-29,0.0,0.008146795,0.0052659404,6.2436366,-0.012960550871128042,-0.02083449900642258,0,0
2012-10-30,0.0,0.0076616304,0.0089905895,5.940686,-0.012155943418845261,-0.019659575427796835,0,0
2012-10-31,-0.0005330017,0.007538811,0.0085370885,5.5233483,-0.011961078278270365,-0.01934442375281937,0,0
2012-11-01,0.011660909,0.0075398027,0.009421704,5.41465,-0.011962651836472292,-0.019346968638485163,0,0
2012-11-02,-0.012549877,0.0074032005,0.010664596,5.215747,-0.011745918851696138,-0.018996450516190123,1,0
2012-11-05,0.0046140277,0.0076521654,0.0050869025,5.578729,-0.012140926298707716,-0.019635288525836212,0,0
2012-11-06,0.009340098,0.0074417545,0.007439972,5.7357755,-0.011807088551528523,-0.01909537910497297,0,0
2012-11-07,-0.025763173,0.0071853613,0.017954122,5.623479,-0.011400295253119528,-0.018437480062666173,1,1
2012-11-08,-0.009948531,0.008385952,0.0108379265,6.084788,-0.013318175807740957,-0.021492614134399967,0,0
2012-11-09,0.0003635042,0.009280087,0.012592821,6.0516067,-0.014732639969601969,-0.02379522096765163,0,0
2012-11-12,0.0018155415,0.0099345455,0.004552392,5.5371547,-0.015762150631080194,-0.025491825567040438,0,0
2012-11-13,-0.005274178,0.009106688,0.010011872,5.444443,-0.014448672915747668,-0.023367563111419118,0,0
2012-11-14,-0.013216051,0.008819654,0.013914727,5.7287717,-0.013993263093432306,-0.022631037492314276,0,0
2012-11-15,-0.0012942592,0.00926452,0.00707886,5.5758715,-0.014699089456628919,-0.023772557006519902,0,0
2012-11-16,0.0062707695,0.009082974,0.009906296,5.1588497,-0.014411047772795192,-0.02330671268538726,0,0
2012-11-19,0.016592596,0.008841093,0.008679937,5.5027504,-0.01402727873456334,-0.022686050339898255,0,0
2012-11-20,0.0027088053,0.008207264,0.0063174907,5.262406,-0.013021646552867524,-0.02105966059395562,0,0
2012-11-21,0.0014417014,0.0075226985,0.0064387107,5.2506504,-0.011935514065319898,-0.019303079238828555,0,0
2012-11-23,0.012171262,0.0070941416,0.007262606,4.7702985,-0.011255565902823074,-0.018203412045011687,0,0
2012-11-26,-0.0014242481,0.0067916517,0.005050784,5.0310907,-0.010775635175554266,-0.017427229234039474,0,0
2012-11-27,-0.004106049,0.0065176003,0.0054657934,4.7972918,-0.010340825483213077,-0.016724019812213227,0,0
2012-11-28,0.006774852,0.006469672,0.0123462165,4.91714,-0.010264782536592259,-0.016601037005093026,0,0
2012-11-29,0.0061996477,0.0068967473,0.0057860683,5.655447,-0.010942379862856415,-0.01769690223631085,0,0
2012-11-30,-0.00088331423,0.006806619,0.004691554,5.981565,-0.010799382421932294,-0.017465635202649658,0,0
2012-12-03,-0.005316334,0.0065975683,0.009352645,6.1549854,-0.010486080307422813,-0.016892771557531112,0,0
2012-12-04,-0.0010666668,0.0068189627,0.005147927,6.015959,-0.010820998147427912,-0.017493365533428725,0,0
2012-12-05,0.0019546875,0.006800581,0.008721533,6.2184505,-0.010816055092770272,-0.0173975911372206,0,0
2012-12-06,0.0033673048,0.006934169,0.0038112681,6.1241503,-0.011017354918584358,-0.017762130675890258,0,0
2012-12-07,0.0021208916,0.0066050016,0.0066687595,6.0149703,-0.010481342468636771,-0.016944706128508787,0,0
2012-12-10,0.002996917,0.006461526,0.004768096,5.6781144,-0.010251857461631743,-0.01658013352789337,0,0
2012-12-11,0.007889933,0.0062245326,0.007347217,5.4528084,-0.009875844011294498,-0.015972014146775564,0,0
2012-12-12,-0.0029733297,0.0062156515,0.006177983,5.3168154,-0.009861753471719789,-0.01594922578588554,0,0
2012-12-13,-0.0065020877,0.0062904344,0.0070514786,5.0071936,-0.009980403741545997,-0.0161411166041301,0,0
2012-12-14,-0.002117897,0.006526923,0.0069364957,5.1911483,-0.010355616387392899,-0.016747940859420284,0,0
2012-12-17,0.012291638,0.0067524808,0.008202484,5.387957,-0.010713486413056852,-0.017326717225883203,0,0
2012-12-18,0.0059161475,0.006799908,0.0071015297,5.2875123,-0.010788734889234144,-0.017448415151108884,0,0
2012-12-19,-0.0055671684,0.0066736946,0.0081086205,6.2780294,-0.010620764899767406,-0.017059383230595665,0,0
2012-12-20,0.005220127,0.0067540086,0.004777373,6.5828133,-0.010779321691316244,-0.017197303846015057,0,0
2012-12-21,-0.010116953,0.0065939156,0.024104688,6.2991023,-0.01049603182033675,-0.016850744953963714,0,0
2012-12-24,-0.0043925224,0.008274746,0.0028748566,6.258482,-0.013166114232194473,-0.021157517684468868,0,0
2012-12-26,-0.004411902,0.008215441,0.0057387515,6.505794,-0.013102840101703957,-0.02093859606617955,0,0
2012-12-27,-0.0019474203,0.008056211,0.011252228,6.0691986,-0.012792240587528696,-0.020651988798685877,0,0
2012-12-28,-0.01914362,0.008204406,0.011615379,5.5721145,-0.013017111375347074,-0.02105232593785616,1,0
2012-12-31,0.025679015,0.008922619,0.01596616,5.3201947,-0.014156628114326058,-0.0228952446245674,0,0
2013-01-02,0.025722656,0.009309494,0.0075493716,4.522519,-0.014770444303741866,-0.023887957839727234,0,0
2013-01-03,-0.0024050863,0.008326196,0.0049889223,4.8885264,-0.013210344141571035,-0.021364837604931908,0,0
2013-01-04,0.00291971,0.007497339,0.005472666,4.8525066,-0.011895279295079117,-0.01923800831235958,0,0
2013-01-07,-0.0013729194,0.0068776086,0.004462518,4.832768,-0.010912014442419215,-0.017647792821030385,0,0
2013-01-08,-0.0024071538,0.006455126,0.0050018523,4.800238,-0.010241703984585262,-0.01656371250313438,0,0
2013-01-09,0.0024071538,0.006260238,0.0035727753,4.356848,-0.00993249482115539,-0.016063634421001206,0,0
2013-01-10,0.007698267,0.006184446,0.0060191997,4.361287,-0.009812242942348497,-0.01586915335110141,0,0
2013-01-11,0.0001704013,0.0062600016,0.0043316153,4.535805,-0.009932119302665568,-0.01606302710211029,0,0
2013-01-14,-0.0020467346,0.0062597515,0.005199644,4.556322,-0.009931722067443804,-0.01606238466116303,0,0
2013-01-15,0.0006827104,0.006323186,0.005680555,4.7111115,-0.010032368261626678,-0.0162251578312809,0,0
2013-01-16,0.00017060479,0.0063827485,0.0042987284,4.3542705,-0.010126869525533941,-0.016377992922872946,0,0
2013-01-17,0.006969854,0.0062967483,0.008476186,4.201764,-0.009990421489017845,-0.01615731811603695,0,0
2013-01-18,0.0021998486,0.0064189327,0.004810777,4.403541,-0.010184279516148954,-0.01647084100565155,0,0
2013-01-22,0.0070743095,0.0062328675,0.0062184883,4.519754,-0.00988906859618304,-0.015993402015668942,0,0
2013-01-23,0.00050339795,0.006054872,0.003206222,4.7514067,-0.00960666059456047,-0.015536668941319073,0,0
2013-01-24,0.0010060363,0.0056915423,0.0061679403,4.5307403,-0.009030201708403195,-0.014604372980162874,0,0
2013-01-25,0.002677826,0.0056423806,0.0048927637,4.4944744,-0.008952201541316148,-0.014478224797714835,0,0
2013-01-28,0.00083535217,0.0055953027,0.0041041574,4.576564,-0.008877507746667195,-0.014357423948344893,0,0
2013-01-29,0.005329793,0.005561839,0.0057413667,4.6406684,-0.008824413956525555,-0.0142715563742643,0,0
2013-01-30,-0.0064994814,0.0055819745,0.0042913714,4.8731422,-0.00885636107893916,-0.014323223845981687,0,0
2013-01-31,-0.0013384643,0.005659581,0.0041158893,4.742181,-0.008979492234455965,-0.01452236151518485,0,0
2013-02-01,0.009000061,0.0057281563,0.005323798,4.8137684,-0.009088293061482872,-0.014698323017459214,0,0
2013-02-04,-0.008832655,0.0057135443,0.006165702,4.564139,-0.009065110450135323,-0.014660830222313927,0,0
2013-02-05,0.008334771,0.0059049916,0.0068290886,4.8177853,-0.0093688605700734,-0.015152079497534084,0,0
2013-02-06,0.000497884,0.006024869,0.005283001,4.9285007,-0.009559058423008537,-0.01545968285723601,0,0
2013-02-07,-0.000996016,0.0060633016,0.007720034,4.950114,-0.00962003538684494,-0.015558299737768818,0,0
2013-02-08,0.0048049134,0.0062598195,0.0042698076,5.0401897,-0.009931830651103512,-0.01606256027144474,0,0
2013-02-11,0.00033052388,0.006133047,0.0033812537,5.0525293,-0.009730692994452846,-0.015737264175860438,0,0
2013-02-12,0.0021457465,0.0059060925,0.004657081,5.008003,-0.00937060695726703,-0.015154903896231602,0,0
2013-02-13,0.00065930444,0.0057654083,0.0041924757,5.1011715,-0.009147397862053153,-0.01479391208405152,0,0
2013-02-14,0.0008235198,0.0056596003,0.0049308143,5.1235003,-0.008979522094962385,-0.014522409808012322,0,0
2013-02-15,-0.0009883051,0.005642955,0.004843189,4.410743,-0.008953113644057691,-0.014479699924081206,0,0
2013-02-19,0.0072249905,0.005647671,0.0040973644,4.3529387,-0.008960595058211538,-0.014491799472491091,0,0
2013-02-20,-0.013838771,0.0055303345,0.0063619916,5.1822963,-0.008774429278506872,-0.014190717107916697,1,0
2013-02-21,-0.003989367,0.0057873344,0.0063575315,5.2545943,-0.00918218535203194,-0.014850173228054663,0,0
2013-02-22,0.008953799,0.006110324,0.0034139876,5.2767925,-0.009694640504838465,-0.01567895717207536,0,0
2013-02-25,-0.018156575,0.0060142344,0.01636212,5.447181,-0.009542184522289993,-0.01543239301945813,1,1
2013-02-26,0.003523789,0.0071596284,0.006489979,5.4080663,-0.01135946689220568,-0.018371449133323843,0,0
2013-02-27,0.0154578,0.0074796462,0.010127664,5.4779453,-0.011867207704453238,-0.01919260866428026,0,0
2013-02-28,-0.0016507101,0.007472812,0.0072393934,5.4875793,-0.011856364721167615,-0.019175072514232408,0,0
2013-03-01,0.0021453924,0.007185302,0.008987496,5.404669,-0.011400201147281115,-0.01843732786708869,0,0
2013-03-04,0.006081044,0.0070733503,0.008429456,5.426357,-0.011222578187003937,-0.018150061641427906,0,0
2013-03-05,0.007346372,0.0068607917,0.0073150885,5.54078,-0.010885332722637591,-0.017604640984556965,0,0
2013-03-06,0.0013003903,0.0065458044,0.0035564788,5.432872,-0.010385573714242365,-0.01679639027272532,0,0
2013-03-07,0.0024336833,0.006099412,0.003464569,5.3307037,-0.009677327745161937,-0.015650957576075566,0,0
2013-03-08,0.00436576,0.0057305014,0.0054150685,5.190364,-0.009092013861555516,-0.014704340596445842,0,0
2013-03-11,0.0041861273,0.005565774,0.0040494185,5.240136,-0.008830657516958737,-0.014281653965462679,0,0
2013-03-12,-0.0059624705,0.0053911135,0.0040297336,5.3571453,-0.008553541159019245,-0.013833478965508187,0,0
2013-03-13,0.0020989755,0.0053571356,0.0040141344,5.2310095,-0.008499632086565968,-0.013746292850895748,0,0
2013-03-14,0.0038634948,0.005432481,0.0031137678,5.3029814,-0.008619174552129438,-0.013939626600288366,0,0
2013-03-15,-0.0016079759,0.005438326,0.004418789,5.2943087,-0.00862844850153229,-0.013954625181765495,0,0
2013-03-18,-0.0043544946,0.0055312077,0.010495917,5.356105,-0.008775814625031974,-0.014192957602427525,0,0
2013-03-19,-0.0029135663,0.0061051804,0.008715876,5.413857,-0.009686479537947617,-0.01566575859598577,0,0
2013-03-20,0.0043671723,0.0066066757,0.00788084,5.4725285,-0.010482152545505363,-0.0169525853743741,0,0
2013-03-21,-0.0064767064,0.006762283,0.0049751108,5.572775,-0.010729039212582288,-0.017351870471900267,0,0
2013-03-22,0.008411567,0.0066073323,0.0067958445,5.61013,-0.010483194043774725,-0.01695426976965951,0,0
2013-03-25,-0.0032268502,0.0064225756,0.009735815,5.7420077,-0.010190058881436885,-0.016480187862895613,0,0
2013-03-26,0.0066038733,0.0064791865,0.0041091572,5.569497,-0.010279878379883091,-0.01662545122450789,0,0
2013-03-27,-0.00032113038,0.0061502196,0.0066887005,5.610232,-0.009757939349264949,-0.015781329185798755,0,0
2013-03-28,0.003846775,0.0060431934,0.006256944,5.608929,-0.009588131697895217,-0.015506702510164115,0,0
2013-04-01,-0.004328664,0.0059442464,0.0049367533,5.707907,-0.009431142347553956,-0.01525280662828545,0,0
2013-04-02,0.0054478585,0.0058724303,0.005290564,5.7790117,-0.009317198274512236,-0.015068527052334047,0,0
2013-04-03,-0.010279563,0.005773398,0.00822954,5.789457,-0.009160074099460172,-0.014814413121022258,1,0
2013-04-04,0.0038672301,0.006043016,0.004656652,5.9482555,-0.00958785028524381,-0.01550624738685068,0,0
2013-04-05,-0.0054830005,0.00603381,0.009443457,5.8106427,-0.00957324306842166,-0.015482623413703517,0,0
2013-04-08,0.008533986,0.0063485918,0.007111526,5.9379263,-0.010072676325837762,-0.01629034729469003,0,0
2013-04-09,0.002562051,0.006343631,0.0060289023,6.1310267,-0.010079840949418911,-0.01624790917214299,0,0
2013-04-10,0.012396853,0.0061813584,0.00743589,5.9656887,-0.009807344009568026,-0.01586123040055822,0,0
2013-04-11,0.0031540792,0.0060675126,0.005198173,5.8417497,-0.009626715996508444,-0.015569104160351083,0,0
2013-04-12,-0.0036280504,0.0058885445,0.0061187926,5.853359,-0.009342765202054197,-0.015109875956581902,0,0
2013-04-15,-0.024637304,0.0058632176,0.0128219975,5.688344,-0.009302582009051777,-0.01504488844499674,1,1
2013-04-16,0.016226558,0.006764149,0.007592389,5.113609,-0.010731999022173148,-0.017356657315495905,0,0
2013-04-17,-0.014608174,0.0069955136,0.01092939,5.149664,-0.011099082371363282,-0.017950334214361995,1,0
2013-04-18,-0.007792247,0.0075432146,0.009531245,4.9961433,-0.011968064731908711,-0.01935572281102845,0,0
2013-04-19,0.0087620225,0.007966847,0.0057052486,5.091889,-0.012640200300089582,-0.020442754845076218,0,0
2013-04-22,0.0054777004,0.007610289,0.0077544716,5.191216,-0.012074484862196531,-0.019527834057876302,0,0
2013-04-23,0.011184012,0.0072137117,0.011033796,5.3105364,-0.011445276034153356,-0.01851022662186493,0,0
2013-04-24,0.00031771246,0.0069992263,0.003698928,5.2798567,-0.011104973034902413,-0.017959861072144815,0,0
2013-04-25,0.004911679,0.006457652,0.007035025,5.256683,-0.010245711626492298,-0.016570193985948528,0,0
2013-04-26,-0.003324629,0.006240339,0.0040272926,5.116751,-0.009900922312367775,-0.01601257280475572,0,0
2013-04-29,0.007425581,0.006016955,0.0067875744,5.0769124,-0.009546500722763364,-0.01543937352815614,0,0
2013-04-30,0.002515329,0.006000863,0.005601048,5.2336183,-0.009520969989774641,-0.015398083160668855,0,0
2013-05-01,-0.009465286,0.0059629236,0.0058114678,5.2771235,-0.009460775733151962,-0.015300732137583381,1,0
2013-05-02,0.009465286,0.0060842126,0.0046652355,5.3741508,-0.009653212219204734,-0.015611955995926581,0,0
2013-05-03,0.010153958,0.006024393,0.008918402,5.5525484,-0.009558301956845908,-0.015458459438940092,0,0
2013-05-06,0.0031036648,0.0061190864,0.0028675753,5.559502,-0.00970854283273635,-0.01570144114181042,0,0
2013-05-07,0.0043290113,0.0058272975,0.0045248014,5.3703847,-0.009245590970390469,-0.014952717925221739,0,0
2013-05-08,0.0050781057,0.005631448,0.004503832,5.4750032,-0.008934855301677877,-0.014450171055211512,0,0
2013-05-09,-0.0026127733,0.0054967087,0.0051304437,5.514216,-0.008721078507037258,-0.014104433922836055,0,0
2013-05-10,0.003073143,0.005524709,0.00448096,5.5035434,-0.008765503701678917,-0.014176281942760058,0,0
2013-05-13,0.0007668124,0.0055200965,0.0046956744,5.5237856,-0.008758186067878463,-0.014164447273191754,0,0
2013-05-14,0.0105224,0.0055114697,0.0070378873,5.4947515,-0.008744498192708504,-0.014142310133763077,0,0
2013-05-15,0.0037853024,0.005592685,0.0068219365,5.413336,-0.008873355326547214,-0.014350708318488463,0,0
2013-05-16,-0.0037853024,0.005751922,0.00472509,5.461644,-0.00912599964218013,-0.014759305151202351,0,0
2013-05-17,0.009060768,0.0058500282,0.0054869144,5.509728,-0.009281655223234651,-0.015011043953454,0,0
2013-05-20,0.0009015778,0.0058771665,0.0046107317,5.4100795,-0.009324713168627827,-0.01508068074724746,0,0
2013-05-21,0.0006006006,0.005822727,0.0055718445,5.2997,-0.009238339391649671,-0.014940990085241477,0,0
2013-05-22,-0.0060223006,0.005849167,0.0162108,5.1330786,-0.009280288878849999,-0.015008834190742469,0,0
2013-05-23,-0.0033277902,0.006743982,0.010919933,5.2856503,-0.010700002132248844,-0.01730490935573273,0,0
2013-05-24,0.0003029844,0.0073667024,0.008915758,5.393123,-0.011688011185974132,-0.01890279755295368,0,0
2013-05-28,0.002420576,0.0075601223,0.012032881,5.375317,-0.011994891229903278,-0.019399108794544154,0,0
2013-05-29,-0.004543397,0.007724899,0.007571063,5.356164,-0.012256325392789515,-0.019821921279562543,0,0
2013-05-30,0.003938802,0.007473764,0.008038035,5.2028875,-0.01185787493890138,-0.019177514960567205,0,0
2013-05-31,-0.014927924,0.007173303,0.009954478,5.0991116,-0.011381163717142899,-0.01840653899444772,1,0
2013-06-03,0.0044407086,0.0073187975,0.0074892277,5.1983666,-0.01161200533877038,-0.018779874746013066,0,0
2013-06-04,-0.0030604461,0.0072428756,0.010356104,5.332749,-0.011491547151010043,-0.018585060016578017,0,0
2013-06-05,-0.014355421,0.0074315974,0.008363171,5.4343905,-0.011790972926700269,-0.019069315612329038,1,0
2013-06-06,0.00913107,0.0076623717,0.010882394,5.3432956,-0.012157119741825427,-0.019661477872515373,0,0
2013-06-07,0.0096589485,0.007884884,0.009353802,5.442617,-0.012510157794632396,-0.020232439581442153,0,0
2013-06-10,0.0021338218,0.0077216784,0.0056587877,5.6636353,-0.012251215626736447,-0.01981365735238903,0,0
2013-06-11,-0.009177183,0.007214043,0.0070891804,5.502904,-0.011445800855175277,-0.0185110754048932,0,0
2013-06-12,-0.010503649,0.007081118,0.010563403,5.4186,-0.011234902432380737,-0.018169993408402096,0,0
2013-06-13,0.01647839,0.0075726975,0.015417196,5.362208,-0.0120148425725107,-0.019431375720389527,0,0
2013-06-14,-0.0076663974,0.008316307,0.0055702077,5.2459154,-0.013194653802743303,-0.02133946191922468,0,0
2013-06-17,0.00949762,0.008215167,0.007939659,5.112138,-0.013034184346108415,-0.021079937727817178,0,0
2013-06-18,0.0033485573,0.007980254,0.0058946447,4.7846065,-0.012661470934162448,-0.020477155435844375,0,0
2013-06-19,-0.01315406,0.007529249,0.008938558,5.185115,-0.011945907331281567,-0.01931988806962632,1,0
2013-06-20,-0.024784995,0.0075547383,0.014495836,4.8098893,-0.011986348410475791,-0.019385292655630545,1,1
2013-06-21,0.0,0.008600492,0.011942179,4.533746,-0.01364554202049568,-0.022068674833515274,0,0
2013-06-24,-0.0112690665,0.009366378,0.013164211,4.573482,-0.014860696327099241,-0.024033920715628324,0,0
2013-06-25,0.009689537,0.010164655,0.0118652,4.5578074,-0.016127243279842357,-0.02608228294407516,0,0
2013-06-26,0.008813403,0.010182263,0.0110809645,4.4258018,-0.016155180045757434,-0.026127464542721357,0,0
2013-06-27,0.0068707326,0.009699429,0.007716076,4.3986325,-0.01538911508761043,-0.02488852229789856,0,0
2013-06-28,-0.00452313,0.008790325,0.008502215,4.3373766,-0.013946731375792321,-0.02255578263292508,0,0
2013-07-01,0.004678736,0.008204568,0.011724021,4.4568844,-0.013017368356675049,-0.02105274154885621,0,0
2013-07-02,0.00031113878,0.008115354,0.008016207,4.6038456,-0.012875821412471854,-0.020823820375874873,0,0
2013-07-03,0.001088224,0.007865903,0.008342925,4.725917,-0.012480042116612524,-0.02018373406980962,0,0
2013-07-05,0.011278605,0.0076903515,0.0068828748,4.5944967,-0.012201512361369172,-0.01973327320935486,0,0
2013-07-08,0.0050570946,0.007270621,0.005203424,4.6423373,-0.01153556787151929,-0.018656253888202648,0,0
2013-07-09,0.0060957214,0.006753831,0.0046434933,4.5696535,-0.010715629130608414,-0.017330182602108966,0,0
2013-07-10,0.0018214941,0.006300233,0.007478315,4.733666,-0.009995950207024618,-0.016166259606214064,0,0
2013-07-11,0.012957843,0.0062808115,0.0041692643,4.5253134,-0.009965135974127293,-0.01611642433510253,0,0
2013-07-12,0.0001496894,0.006070916,0.0033547198,4.6788244,-0.00963211622385123,-0.015577837845028173,0,0
2013-07-15,0.004331274,0.0059131146,0.003031943,4.649965,-0.009381748545616849,-0.015172922974554158,0,0
2013-07-16,-0.0037327404,0.0057526906,0.004936569,4.489355,-0.009127219398624178,-0.014761277840033572,0,0
2013-07-17,0.0025397788,0.005843823,0.006076234,4.5802593,-0.009271810304754505,-0.014995121954578874,0,0
2013-07-18,0.00297974,0.006004946,0.0069114687,4.4416647,-0.009527447909940024,-0.015408559777391927,0,0
2013-07-19,0.005341259,0.006180567,0.0053643775,4.3776116,-0.009806088963434574,-0.015859200638385442,0,0
2013-07-22,0.00044381982,0.006133367,0.0036601804,4.473426,-0.00973120062306198,-0.015738085153927436,0,0
2013-07-23,-0.0011839576,0.005933768,0.0038859188,4.2710576,-0.009414517284388907,-0.015225919230736492,0,0
2013-07-24,-0.0026690408,0.0057682223,0.0072446284,4.0680213,-0.009151862460194792,-0.014801132593467868,0,0
2013-07-25,0.00014846708,0.0059215017,0.0062115043,3.8815162,-0.009395055473114002,-0.015194444014577835,0,0
2013-07-26,0.0014834597,0.0060472297,0.0077829217,3.9076016,-0.009594535419226467,-0.015517059126528017,0,0
2013-07-29,-0.002374593,0.006246184,0.0046030423,3.719099,-0.009910196261770626,-0.01602757138623285,0,0
2013-07-30,0.0013364023,0.0062176962,0.004636036,3.5490317,-0.00986499740855355,-0.015954472143051658,0,0
2013-07-31,-0.0025258167,0.00609612,0.005615972,3.657693,-0.009672104871130007,-0.015642510721525272,0,0
2013-08-01,0.011683931,0.006026493,0.005935623,3.6355846,-0.009561634570335096,-0.015463849211169603,0,0
2013-08-02,0.0022031292,0.0058889086,0.0037932696,3.7731953,-0.00934334341004214,-0.015110811081332012,0,0
2013-08-05,-0.00088066934,0.0056405705,0.002595192,3.6320496,-0.008949329503516885,-0.01447357990576358,0,0
2013-08-06,-0.0050051627,0.0053952103,0.0055468665,3.3106856,-0.0085600417007804,-0.013843992167706615,0,0
2013-08-07,-0.0034001067,0.0054758196,0.00519174,3.548375,-0.00868793605950304,-0.014050833274600834,0,0
2013-08-08,0.0032525163,0.0056278585,0.004894221,3.439433,-0.008929160993590049,-0.014440961759354788,0,0
2013-08-09,-0.0044378773,0.0057185907,0.0050000455,3.6201255,-0.009073116685311088,-0.01467377855375208,0,0
2013-08-12,0.000444675,0.005809682,0.0055216905,3.7856214,-0.009217642441245592,-0.014907517302128357,0,0
2013-08-13,0.0022204139,0.005873817,0.0063119913,3.8779063,-0.009319398903348975,-0.015072086087376722,0,0
2013-08-14,-0.005188656,0.005915204,0.0037558875,4.0060906,-0.009385063061829419,-0.015178283478403385,0,0
2013-08-15,-0.015729483,0.0059295036,0.0073030503,4.185669,-0.00940775071266147,-0.015214975783347871,1,1
2013-08-16,-0.0028729134,0.0063378075,0.0051486865,4.3150992,-0.010055566255659355,-0.016262675504549427,0,0
2013-08-19,-0.0036407807,0.006550374,0.005903782,4.157919,-0.010392824388119332,-0.016808116649286567,0,0
2013-08-20,0.003337888,0.006710531,0.006329335,4.279176,-0.010646929153975313,-0.01721907544028947,0,0
2013-08-21,-0.008518457,0.006712412,0.0070398087,4.413237,-0.010649913394889608,-0.01722390179619849,0,0
2013-08-22,0.011090125,0.0068036085,0.008467052,4.6324544,-0.010794605645768996,-0.01745790981367339,0,0
2013-08-23,0.0040708687,0.006816551,0.004720608,4.8863564,-0.010815140625547344,-0.017491120644782955,0,0
2013-08-26,-0.004373075,0.0064839753,0.005557744,4.695933,-0.010287475616607292,-0.016637738090551597,0,0
2013-08-27,-0.015841916,0.0063387384,0.0077513712,5.7524343,-0.010057042993431376,-0.016265063804380697,1,0
2013-08-28,0.0024536126,0.0066397865,0.0060946546,4.735153,-0.01053468622493568,-0.017037547092084868,0,0
2013-08-29,0.0027531371,0.006838155,0.0069511672,5.963225,-0.010849417772325507,-0.01754655642046206,0,0
2013-08-30,-0.0033659763,0.006993435,0.007900877,6.0734286,-0.011105220345714125,-0.017926520746987674,0,0
2013-09-03,0.004739708,0.0071486076,0.00828454,5.8756356,-0.01134198130353745,-0.018343170024292327,0,0
2013-09-04,0.008807953,0.007166039,0.0064415103,5.876424,-0.011369638466528779,-0.018387899426463118,0,0
2013-09-05,-0.0003024346,0.0068900543,0.0032465418,5.0836415,-0.010931761285800853,-0.017679729014178535,0,0
2013-09-06,0.0003024346,0.0064366893,0.0107973525,5.3484674,-0.010212451546660062,-0.01651640309324145,0,0
2013-09-09,0.009330391,0.00663091,0.0054889466,6.7532854,-0.010597842886828262,-0.016848958170433272,0,0
2013-09-10,0.008056138,0.006388527,0.0042390153,6.987485,-0.010228471559454142,-0.016189091733413853,0,0
2013-09-11,0.0037078278,0.0060369363,0.0047867545,6.9238124,-0.00966110470455967,-0.015309195088207647,0,0
2013-09-12,-0.0022230465,0.005826404,0.0032267505,7.038443,-0.009331819895737937,-0.014756195282069387,0,0
2013-09-13,0.002074997,0.0056530214,0.003961122,6.914823,-0.0090461149664585,-0.014337092001948088,0,0
2013-09-16,0.005610527,0.0055674305,0.006538523,6.4604406,-0.008875851102807015,-0.014197801517297347,0,0
2013-09-17,0.0001472212,0.005656726,0.0036844,6.4371867,-0.00901626555136339,-0.01442980255910181,0,0
2013-09-18,0.011416986,0.0056234617,0.010436615,6.3356843,-0.00895453846510648,-0.014363829987944322,0,0
2013-09-19,-0.00014554981,0.0058857976,0.005538191,6.3889837,-0.009377114972272699,-0.015023468680153293,0,0
2013-09-20,-0.008771986,0.005940754,0.005308605,5.2354364,-0.00942560096145355,-0.015243844650242136,0,0
2013-09-23,-0.0057433336,0.0060135545,0.005556333,5.4388094,-0.009541105924603565,-0.015430648623993135,0,0
2013-09-24,-0.00014769958,0.006127665,0.0056276144,5.6201787,-0.009722153794480683,-0.015723453890622886,0,0
2013-09-25,-0.003996157,0.006165232,0.0036858425,5.7375298,-0.009781758079885617,-0.015819850764511065,0,0
2013-09-26,0.003996157,0.006035796,0.00438766,5.566779,-0.009576394709144669,-0.015487720502130176,0,0
2013-09-27,-0.0035513502,0.005879994,0.005789719,5.491919,-0.009329199483501407,-0.015087936378720149,0,0
2013-09-30,-0.007290072,0.005912754,0.006013325,5.322042,-0.009381176671675722,-0.015171998093737147,0,0
2013-10-01,0.009067323,0.0061071916,0.005872661,5.3956685,-0.009689670992679186,-0.01567092007484906,0,0
2013-10-02,-0.003854712,0.006150782,0.007116761,5.5782013,-0.009758831545002213,-0.015782772116946814,0,0
2013-10-03,-0.007904001,0.00633422,0.0076385085,5.693705,-0.01004987466216302,-0.016253470598949746,0,0
2013-10-04,0.00894327,0.006670678,0.004722371,5.8714457,-0.010583698174336149,-0.017116813182992144,0,0
2013-10-07,-0.010141772,0.006580337,0.0043590274,5.8273687,-0.010440363219203103,-0.01688500029403863,0,0
2013-10-08,-0.01039714,0.0065915226,0.008941251,6.0568547,-0.010465028094443917,-0.016900189906190362,0,0
2013-10-09,-0.0010608473,0.007096671,0.007820148,6.194227,-0.011284093599338416,-0.018161003715079373,0,0
2013-10-10,0.021748139,0.007432181,0.00993777,5.9575515,-0.011791899507263106,-0.019070814153399635,0,0
2013-10-11,0.008274279,0.00740381,0.009794802,5.371847,-0.011746886151131366,-0.018998014911116367,0,0
2013-10-14,0.0030852887,0.007218822,0.007913968,5.6640906,-0.011453383614078183,-0.01852333885623268,0,0
2013-10-15,-0.00721387,0.0069557787,0.0066187046,5.659719,-0.011036039603400943,-0.017848376348219636,0,0
2013-10-16,0.01248089,0.006831364,0.008131675,5.5417256,-0.0108386426538272,-0.017529130026840277,0,0
2013-10-17,0.008427832,0.006657378,0.0073087034,5.271623,-0.010562596749799659,-0.017082686251579653,0,0
2013-10-18,0.005051609,0.0063892333,0.0043332414,5.32976,-0.010137157827291226,-0.01639463199706506,0,0
2013-10-21,0.0010072668,0.0059763966,0.0031506978,5.435307,-0.009482151331429212,-0.015335302484957195,0,0
2013-10-22,0.0064511728,0.00563429,0.0062161637,5.293283,-0.00893936514301106,-0.014457464735578573,0,0
2013-10-23,-0.004439678,0.005577569,0.005427631,5.3950043,-0.00884937100584549,-0.014311918934096545,0,0
2013-10-24,0.0038679226,0.0056525203,0.0042960783,5.207042,-0.008968289115365645,-0.014504242924369325,0,0
2013-10-25,0.0031406165,0.0056645805,0.004804165,5.381515,-0.008987424270797597,-0.014535189846263835,0,0
2013-10-28,0.0028465718,0.0056741717,0.003907509,5.5179067,-0.009002641365841772,-0.01455980016382661,0,0
2013-10-29,0.0048206532,0.0056102774,0.004872405,5.675218,-0.008901266756275025,-0.014395848941402261,0,0
2013-10-30,-0.0039682593,0.005580386,0.008182381,5.876001,-0.008853841033170117,-0.01431914822402698,0,0
2013-10-31,-0.0054108063,0.0058350745,0.0049899234,6.0568976,-0.009264057297054396,-0.014960701056532652,0,0
2013-11-01,0.0021393434,0.0059474204,0.005738218,6.265005,-0.009463691324214693,-0.01520550706351896,0,0
2013-11-04,0.004690507,0.006017182,0.0029264737,5.9994264,-0.009546861763431893,-0.015439957432342829,0,0
2013-11-05,-0.0036937108,0.0057656397,0.004963557,5.7795677,-0.009147764331904666,-0.014794504768752296,0,0
2013-11-06,0.0051107435,0.0056683784,0.004918966,5.8203263,-0.008993449759047532,-0.014544934753479778,0,0
2013-11-07,-0.011536124,0.0055696717,0.011191598,5.6707873,-0.008836842261242909,-0.014291656434425131,1,0
2013-11-08,0.01181929,0.0060774833,0.01024603,5.9842997,-0.009642535730863995,-0.015594689114977352,0,0
2013-11-11,0.0008490166,0.006437719,0.0029970019,5.8081417,-0.01021408573073866,-0.016519046027981203,0,0
2013-11-12,-0.0014154284,0.006151875,0.0044042626,5.939961,-0.009760565264102208,-0.01578557602777813,0,0
2013-11-13,0.00776018,0.005882531,0.010062648,6.0415597,-0.009337755076535862,-0.015085612994490485,0,0
2013-11-14,0.0050469753,0.006058911,0.0037337756,6.129901,-0.009627310088806492,-0.015518897061415756,0,0
2013-11-15,0.003211172,0.005879634,0.0031749979,5.849959,-0.009328628514424113,-0.015087012961322152,0,0
2013-11-18,-0.0026519662,0.0056504747,0.0056839064,5.9997663,-0.008965043368804222,-0.014498993640365181,0,0
2013-11-19,-0.0019585905,0.0056540733,0.004405905,5.884833,-0.008970753059577175,-0.014508227814345149,0,0
2013-11-20,-0.0030855564,0.005671853,0.007565431,5.609202,-0.00899896309436918,-0.014553851365533652,0,0
2013-11-21,0.007835495,0.0059144315,0.0060493466,5.6981425,-0.009383837876202387,-0.01517630200905808,0,0
2013-11-22,0.0041724676,0.0059578354,0.0034538559,5.9596925,-0.009452702538052709,-0.015287675513138173,0,0
2013-11-25,0.0006937219,0.005741309,0.00421041,5.658726,-0.00910916103115099,-0.014732072386766028,0,0
2013-11-26,-0.00027743098,0.005577623,0.0032253824,5.747784,-0.008849456967909427,-0.0143120579589029,0,0
2013-11-27,0.0012478338,0.005422919,0.0023232484,5.718234,-0.00860400360514064,-0.01391509091709532,0,0
2013-11-29,-0.00013857133,0.005261631,0.0038101233,5.538064,-0.008348104494307992,-0.013501230166187145,0,0
2013-12-02,-0.0023586552,0.005251544,0.004138588,5.880906,-0.008332100167730939,-0.013475346674081966,0,0
2013-12-03,-0.0045945086,0.005341161,0.0053060516,6.0368657,-0.008477940640721812,-0.013698184384178554,0,0
2013-12-04,0.00013953813,0.0055707283,0.008598214,6.0541983,-0.008844094928591945,-0.014283476204218841,0,0
2013-12-05,-0.0043347618,0.005962002,0.003839121,8.224218,-0.009610852578566665,-0.014925849529197503,0,0
2013-12-06,0.011702558,0.0059673376,0.004796108,8.423743,-0.009627312862095073,-0.01491434627599678,0,0
2013-12-09,0.0022136145,0.005769107,0.0024958816,6.4548063,-0.009196893890056394,-0.014713162681008685,0,0
2013-12-10,-0.003322262,0.0054400493,0.0035029529,6.579365,-0.008681997789959052,-0.013852243957086428,0,0
2013-12-11,-0.01241732,0.0052789506,0.007878631,6.6923685,-0.008432924900825492,-0.013423463989301512,1,0
2013-12-12,-0.0032342009,0.0056542256,0.004438163,6.5360503,-0.009020383971452611,-0.014405379590706356,0,0
2013-12-13,-0.00014085499,0.0059015793,0.0044542146,6.6499963,-0.009424242311255581,-0.015014417881117436,0,0
2013-12-16,0.0065988307,0.0060308566,0.012165079,6.5390325,-0.009621490976793943,-0.01536435670709954,0,0
2013-12-17,-0.0075853714,0.006555723,0.004516749,6.755194,-0.010477833730210552,-0.01665753061928664,0,0
2013-12-18,0.01774905,0.0065348996,0.014247934,6.556531,-0.010427237363859298,-0.016644832622435844,0,0
2013-12-19,-0.0015249188,0.0068874145,0.0045618056,6.1558948,-0.010946866067681915,-0.017634691229340912,0,0
2013-12-20,0.0069127884,0.006522874,0.0044327914,6.109179,-0.010362150791082231,-0.016712030277746013,0,0
2013-12-23,0.004536402,0.0060840575,0.0022811855,6.172952,-0.0096717873342628,-0.015574134421329704,0,0
2013-12-24,0.0034230198,0.0055590174,0.002762914,5.9701695,-0.008819937595154113,-0.014264316840400767,0,0
2013-12-26,0.004092217,0.005189267,0.0021587259,6.018738,-0.008235104613207603,-0.013312022307579009,0,0
2013-12-27,0.0,0.0049336683,0.0025987756,6.0798345,-0.007834982949734063,-0.01264552035797838,0,0
2013-12-30,-0.0009533538,0.0048615052,0.0018785733,6.195108,-0.007730130917200253,-0.01244087082588636,0,0
2013-12-31,0.00340067,0.0048569343,0.0043237633,6.1023755,-0.007715077794637412,-0.012444955386378732,0,0
2014-01-02,-0.007907335,0.0050019384,0.006265822,6.626003,-0.007985990436482458,-0.012729342809696296,0,0
2014-01-03,-0.00054764515,0.005358056,0.004801787,8.91968,-0.008659848511889516,-0.01334013552011517,0,0
2014-01-06,-0.002605418,0.005574115,0.0058042514,8.835498,-0.009006501885832432,-0.013886744071634607,0,0
2014-01-07,0.0054772147,0.0057367445,0.004560905,8.827402,-0.009269017889537766,-0.014292768824895235,0,0
2014-01-08,0.0009554358,0.005658157,0.003524258,9.200854,-0.0091530097141467,-0.014058995663291628,0,0
2014-01-09,0.00027281407,0.005465892,0.0056785257,9.137356,-0.008840278831679335,-0.013587305015597536,0,0
2014-01-10,0.0025880283,0.0054119453,0.0060758605,9.027751,-0.00875001993684319,-0.01346370619995366,0,0
2014-01-13,-0.01245653,0.0053919395,0.008039716,8.54231,-0.008702985686181974,-0.013463352253673068,1,0
2014-01-14,0.009868501,0.005671797,0.0059138383,8.416593,-0.009150247648268058,-0.014176520172795783,0,0
2014-01-15,0.004626488,0.005795286,0.004665396,8.817873,-0.009363299364263774,-0.014439654811456192,0,0
2014-01-16,-0.0028550085,0.005723791,0.003082143,9.1239805,-0.009257010709229251,-0.014229741605229579,0,0
2014-01-17,-0.0010897699,0.0055590402,0.005042005,9.344949,-0.00899648905938262,-0.013799083012056752,0,0
2014-01-21,0.0023143431,0.005530198,0.006667691,9.053888,-0.008941953755007523,-0.013755310357162761,0,0
2014-01-22,0.0,0.005627699,0.0032507675,9.187888,-0.009103381853761415,-0.013984577534868821,0,0
2014-01-23,-0.007781078,0.005522257,0.010570914,8.890701,-0.008924374136235595,-0.013751894470592269,0,0
2014-01-24,-0.023432614,0.005960249,0.012016108,9.337183,-0.009645570903259789,-0.014795771849994315,1,1
2014-01-27,-0.00351346,0.0069285105,0.009710488,7.811539,-0.011147683958363939,-0.017409511825187702,0,0
2014-01-28,0.007014619,0.0076475767,0.008423703,7.931215,-0.012311804424283304,-0.01919515079675917,0,0
2014-01-29,-0.009551976,0.007685307,0.011998213,8.246803,-0.012390034792139208,-0.01923644159607487,0,0
2014-01-30,0.005629853,0.007967569,0.009543874,8.400323,-0.012853162126299462,-0.01991740335300339,0,0
2014-01-31,-0.0026702285,0.00789441,0.010476367,8.370179,-0.012733608113710548,-0.019739421449050013,0,0
2014-02-03,-0.024935395,0.007937454,0.013341606,8.517263,-0.012810413809596683,-0.019823314234017203,1,1
2014-02-04,0.0063282247,0.0087043205,0.007659867,6.847892,-0.013921910146262425,-0.022092819289754897,0,0
2014-02-05,0.0001433589,0.008672808,0.0076132207,6.7322383,-0.013858970022136624,-0.022042898326000857,0,0
2014-02-06,0.012818863,0.008441875,0.0069370703,6.516167,-0.013465233632718798,-0.02151289442150861,0,0
2014-02-07,0.01516883,0.007775023,0.011107142,6.6981897,-0.012420898722914178,-0.019769159084335387,0,0
2014-02-10,0.00069671846,0.007343336,0.003801095,6.7493677,-0.011736110390669735,-0.018660083056429518,0,0
2014-02-11,0.010392943,0.0066317646,0.007624099,6.726892,-0.01059696831120563,-0.016856439875575682,0,0
2014-02-12,0.0019281097,0.006288144,0.0044892873,7.0288305,-0.010070687273755851,-0.015927323599206504,0,0
2014-02-13,0.003982154,0.0059769056,0.009298397,7.110031,-0.009577558697539828,-0.015125394687362006,0,0
2014-02-14,0.0058755376,0.0061017154,0.007930238,7.279029,-0.009788272998001436,-0.015413230724322192,0,0
2014-02-18,0.0013614706,0.006207044,0.0030860072,7.519058,-0.00997141219147799,-0.015640755120277048,0,0
2014-02-19,-0.00655203,0.005981712,0.0071578454,7.60478,-0.009613976808309967,-0.015060195326000492,0,0
2014-02-20,0.0058715264,0.006125288,0.008184568,7.5769362,-0.009843240137418167,-0.015425892872964225,0,0
2014-02-21,-0.0010897699,0.006308532,0.004286395,7.3701406,-0.010125686482368092,-0.01592052544694347,0,0
2014-02-24,0.0063854572,0.006210566,0.009907087,7.3531437,-0.009967423949575773,-0.01567604869600187,0,0
2014-02-25,0.00013541878,0.0063896775,0.0052480334,7.2347913,-0.010247359263351305,-0.01614819974448921,0,0
2014-02-26,-0.002304617,0.0062751803,0.0055410676,7.107116,-0.01005532571502236,-0.015880729055855244,0,0
2014-02-27,0.0064935293,0.006210637,0.008117546,7.1702633,-0.009956077224442668,-0.015706588790926023,0,0
2014-02-28,0.0018860304,0.0062500546,0.008033981,7.0743237,-0.0100128346298682,-0.01582285177206835,0,0
2014-03-03,-0.007836819,0.0063397824,0.006548458,7.1309166,-0.010160464032427796,-0.016040043606820282,0,0
2014-03-04,0.01534557,0.006490324,0.007420932,7.4011707,-0.0104194026428346,-0.016374079446243965,0,0
2014-03-05,0.00053418806,0.0064146724,0.002869732,7.2385135,-0.010287687886487056,-0.016210725480419064,0,0
2014-03-06,0.0020006676,0.0060426905,0.0036770077,7.042562,-0.00967851044798633,-0.015303269454697318,0,0
2014-03-07,0.00093227683,0.005746233,0.0068457155,7.14436,-0.009210033534039734,-0.014536198671780048,0,0
2014-03-10,-0.0003994408,0.005787938,0.0048754895,7.1959324,-0.009280012750870136,-0.014633543496935292,0,0
2014-03-11,-0.0064128474,0.005795083,0.0062833885,7.1587687,-0.009289214961077841,-0.014657483658780642,0,0
2014-03-12,0.0013394055,0.005987746,0.005706462,7.2785144,-0.009605414091962819,-0.015125420156947265,0,0
2014-03-13,-0.01130716,0.0061356258,0.010408314,7.1675925,-0.00983565728721627,-0.015517335222792021,1,0
2014-03-14,-0.0036617657,0.0067241956,0.004773337,7.399876,-0.01079477089666957,-0.016964325281124588,0,0
2014-03-17,0.009600506,0.0068672323,0.010717253,7.45034,-0.011027655200532317,-0.017316282002493612,0,0
2014-03-18,0.003224509,0.007110626,0.007138671,7.740264,-0.011436575477489712,-0.0178791137159564,0,0
2014-03-19,-0.0061894706,0.006929124,0.0088919215,7.7520566,-0.011145324938433855,-0.017420794459704507,0,0
2014-03-20,0.007395986,0.0069325147,0.0066607003,7.9430323,-0.011161254601143113,-0.017398502646694302,0,0
2014-03-21,-0.00483482,0.0067077493,0.007624679,8.117387,-0.010808004805867832,-0.016808312035197184,0,0
2014-03-24,-0.00404695,0.0066627846,0.009224486,8.062887,-0.010732939362201628,-0.016703631323186106,0,0
2014-03-25,0.005257848,0.0068157665,0.00551462,7.874932,-0.010969707900493305,-0.017116151057965507,0,0
2014-03-26,-0.009049836,0.00663292,0.008785424,8.023017,-0.010682892140156644,-0.01663464443952005,0,0
2014-03-27,-0.0010860713,0.0067852726,0.0053577214,8.111032,-0.010932608441782947,-0.017003514657982974,0,0
2014-03-28,0.005418599,0.0066682985,0.00646223,8.195849,-0.01074811289595741,-0.01669811213103078,0,0
2014-03-31,0.007537048,0.006524967,0.0037822865,8.330688,-0.010523026134554905,-0.016320573629022214,0,0
2014-04-01,0.0070813308,0.0061225374,0.004419978,8.541228,-0.009882184039809288,-0.015287743733359093,0,0
2014-04-02,0.002791998,0.005766461,0.003334169,8.668378,-0.009311827483244644,-0.014384248669919055,0,0
2014-04-03,0.0,0.0054777674,0.0045091095,8.319901,-0.008833783544905511,-0.013702498834531854,0,0
2014-04-04,-0.012289762,0.0053890566,0.011289615,8.280878,-0.008689323204666212,-0.013485004837037313,1,0
2014-04-07,-0.011898464,0.0059581148,0.006997505,8.450278,-0.009613434607787161,-0.01488807669304994,1,0
2014-04-08,0.0038012536,0.006470417,0.0068081454,8.442747,-0.010439727826269436,-0.016169201844051295,0,0
2014-04-09,0.010647719,0.006713775,0.005603637,8.581025,-0.010838098942217038,-0.016758747841129233,0,0
2014-04-10,-0.020451719,0.006563539,0.010527313,8.455849,-0.010590518248267063,-0.016400162544691666,1,1
2014-04-11,-0.008382048,0.0069547966,0.007469127,7.4060435,-0.011165376227056711,-0.017544995194334733,0,0
2014-04-14,0.0070127477,0.007350122,0.007265728,7.8600936,-0.011828876299870214,-0.018460582670193244,0,0
2014-04-15,0.008187818,0.0074390694,0.01252107,9.362104,-0.012039633651570424,-0.01846370357629296,0,0
2014-04-16,0.0071772262,0.007639216,0.005339796,9.319938,-0.012362053800833144,-0.018965868734377007,0,0
2014-04-17,0.0028296185,0.007110167,0.0060119582,8.797833,-0.0114869273064595,-0.017718513979221442,0,0
2014-04-21,0.0034922801,0.0066563385,0.0029364303,8.517087,-0.010742789052556594,-0.016623828898869968,0,0
2014-04-22,0.005082263,0.006089341,0.005985703,8.213723,-0.009815686063809139,-0.015246007124206332,0,0
2014-04-23,-0.00053376035,0.005852755,0.004999242,8.219654,-0.009434561883331052,-0.014652921447384538,0,0
2014-04-24,0.0,0.0057660113,0.0067933453,7.7765045,-0.009275639126296921,-0.014493219664230547,0,0
2014-04-25,-0.006964936,0.005898593,0.006683797,7.8957357,-0.009494509588420326,-0.01481006024667565,0,0
2014-04-28,0.0032206147,0.0061567314,0.010466327,8.201705,-0.009923806728917293,-0.015416320736862008,0,0
2014-04-29,0.0030767198,0.0066047525,0.003370988,8.268426,-0.010648960895648717,-0.016528770373977784,0,0
2014-04-30,0.0033335586,0.0064109373,0.0046628583,8.033117,-0.010325847582986096,-0.016076490836263124,0,0
2014-05-01,-0.0001331292,0.006166246,0.004198115,8.148704,-0.009936863493811647,-0.015447200253674753,0,0
2014-05-02,-0.0017322944,0.005920379,0.0050770068,7.741123,-0.009522249783710987,-0.014886208564707484,0,0
2014-05-05,0.00066662225,0.0058231293,0.0073721893,7.3771935,-0.009346971724875126,-0.0146944699892652,0,0
2014-05-06,-0.006149752,0.0059108776,0.0060250177,6.998372,-0.00946445465098776,-0.014976851785342042,0,0
2014-05-07,0.005349752,0.0060288114,0.0072999005,7.185887,-0.009665584411882838,-0.015244187134964471,0,0
2014-05-08,-0.0010676633,0.006143704,0.007402441,7.278733,-0.0098556123352869,-0.01551934458801408,0,0
2014-05-09,0.0006674231,0.0062480993,0.004605084,7.1801367,-0.0100167786516932,-0.015799647426060135,0,0
2014-05-12,0.010222459,0.006066082,0.004249758,7.2385497,-0.009728630620965755,-0.0153297869201549,0,0
2014-05-13,0.00079218386,0.0057328767,0.002412592,7.507863,-0.009209096756720369,-0.014447545308221715,0,0
2014-05-14,-0.004762544,0.0053692386,0.004662926,7.603823,-0.008629547365036041,-0.01351829359121596,0,0
2014-05-15,-0.009593678,0.0053483685,0.009294757,7.3342595,-0.008582687642543833,-0.013502428197124784,1,0
2014-05-16,0.0040085567,0.005827461,0.0048458385,7.587936,-0.009365200593356793,-0.014674258653989457,0,0
2014-05-19,0.0039925524,0.0059942813,0.006197664,7.662843,-0.009637179110215005,-0.01508332672484737,0,0
2014-05-20,-0.00759953,0.006068669,0.005955482,7.4023886,-0.009742558061437204,-0.01531011763532016,0,0
2014-05-21,0.009059481,0.0061121345,0.0051903557,7.7486563,-0.009831046916653704,-0.0153672629411019,0,0
2014-05-22,0.0027812745,0.0059644687,0.0036280125,8.154603,-0.009611949175157947,-0.014940961087847673,0,0
2014-05-23,0.0035645955,0.0056919074,0.0028873049,8.028157,-0.009167525641640629,-0.014274033050322049,0,0
2014-05-27,0.006436804,0.0053989696,0.0031352502,8.116956,-0.008699188989000503,-0.01352881634050338,0,0
2014-05-28,-0.00013095004,0.005150806,0.003509932,8.452353,-0.008310907542194495,-0.012870565756822635,0,0
2014-05-29,0.004703432,0.0050503914,0.0029355427,8.497299,-0.008150304157102887,-0.012615070534564078,0,0
2014-05-30,0.0018231545,0.0049654366,0.0025637448,8.5740385,-0.008015534580449566,-0.012395277661294586,0,0
2014-06-02,0.00013009823,0.004908611,0.0038656332,7.9732714,-0.007903921842531083,-0.01231575331586225,0,0
2014-06-03,0.0001300813,0.0049394784,0.002757762,8.137311,-0.00795953950038787,-0.012375222507703777,0,0
2014-06-04,0.0019491917,0.0049569122,0.003930294,8.090502,-0.007985975946154343,-0.012423978969178835,0,0
2014-06-05,0.006598976,0.005015577,0.0059010237,8.143828,-0.008082396321928512,-0.012565165802372102,0,0
2014-06-06,0.005530205,0.0051177293,0.002691262,7.9960227,-0.00824152054191094,-0.012837807994219864,0,0
2014-06-09,0.00051288627,0.004976747,0.0032475498,7.8265095,-0.008007974989803653,-0.012503503080616691,0,0
2014-06-10,0.00012818047,0.0048780907,0.003152115,7.5091662,-0.007836055456881201,-0.012293220519605644,0,0
2014-06-11,-0.0033380438,0.004812497,0.0040019676,7.5833254,-0.007733876815605689,-0.012119005042832852,0,0
2014-06-12,-0.006968669,0.0049229497,0.0072442577,7.3548503,-0.007900992005106506,-0.012425765202670287,0,0
2014-06-13,0.0027158116,0.00533779,0.0034911865,7.193045,-0.008558113758619363,-0.013495860522647821,0,0
2014-06-16,0.0003873717,0.005465705,0.005160764,7.063352,-0.0087556165209304,-0.013838844439243452,0,0
2014-06-17,-0.0014210971,0.0055661616,0.00412286,6.8584113,-0.00890336932885143,-0.014125991103386018,0,0
2014-06-18,0.007855298,0.0055209533,0.0058289017,6.602925,-0.008812906056566218,-0.014054161415155638,0,0
2014-06-19,0.00064114894,0.0054393713,0.002907268,6.7637095,-0.008694187148438354,-0.013819578917765887,0,0
2014-06-20,0.0015370824,0.0052197203,0.0027646334,6.4915867,-0.008323884286062072,-0.013305824856013445,0,0
2014-06-23,-0.000128,0.0050359713,0.0035258268,7.0588303,-0.008066967467109,-0.012751423690671487,0,0
2014-06-24,-0.0050048227,0.004932839,0.0068853376,7.150923,-0.007906673750769746,-0.012477674259649211,0,0
2014-06-25,0.0032111004,0.0051430007,0.005335219,7.0219736,-0.008236305023924155,-0.01302777412326858,0,0
2014-06-26,-0.00038478806,0.0052676694,0.005909638,6.7542605,-0.008419110409387948,-0.013384845771455208,0,0
2014-06-27,0.0016663466,0.005395764,0.0039040307,6.386518,-0.0085962015895193,-0.013773099479654067,0,0
2014-06-30,0.00025611473,0.005332552,0.0031600515,6.119625,-0.00847220246689943,-0.013660380365576376,0,0
2014-07-01,0.006763249,0.005176347,0.005523511,5.982208,-0.0082127929667635,-0.013282393413633057,0,0
2014-07-02,0.0010169061,0.0051008346,0.0019192598,6.1280746,-0.008104811176648031,-0.013065270763663933,0,0
2014-07-03,0.0049426625,0.0048847953,0.0032146072,6.2267976,-0.007769751466768442,-0.012495128165667975,0,0
2014-07-07,-0.0032923925,0.00474177,0.0033563653,6.5096498,-0.007562930427145814,-0.012084705342179095,0,0
2014-07-08,-0.0053414856,0.004722909,0.0056653256,6.2133303,-0.0075111973083154095,-0.012083219887700024,0,0
2014-07-09,0.0034370858,0.004926998,0.0028998102,6.2687783,-0.007840270835304563,-0.012596006198695286,0,0
2014-07-10,-0.004840774,0.0049937004,0.007716765,6.141585,-0.007935758885091028,-0.012788486246182352,0,0
2014-07-11,0.002423316,0.005348926,0.0034063612,6.3921986,-0.008522045130673334,-0.013652537924906111,0,0
2014-07-14,0.0043218574,0.005386175,0.003205099,5.994763,-0.008545705943107518,-0.013820807220263728,0,0
2014-07-15,-0.0015232295,0.005253675,0.0062052514,6.167894,-0.008351279310684735,-0.01344942471449952,0,0
2014-07-16,0.0034240095,0.005296548,0.0033197745,6.0200286,-0.008405481760381804,-0.013586984409712104,0,0
2014-07-17,-0.0108191725,0.00516352,0.008160979,6.0024114,-0.008192674758838182,-0.013249027432103107,1,0
2014-07-18,0.009172039,0.0054652845,0.009036799,6.1700006,-0.008687852481053828,-0.013990744824986912,0,0
2014-07-21,-0.002666499,0.00578494,0.00431657,6.3926105,-0.009216750005192668,-0.014765336421599103,0,0
2014-07-22,0.004440223,0.0057974467,0.0046219076,6.173193,-0.009216188001244036,-0.014840412076789452,0,0
2014-07-23,0.0029071625,0.0056577437,0.0029714764,6.3389325,-0.009009415617516479,-0.014450781163089245,0,0
2014-07-24,0.0,0.0053758277,0.0032111416,6.427828,-0.008567791904047628,-0.013714901994403464,0,0
2014-07-25,-0.0046808864,0.0051746364,0.003955568,6.3883033,-0.00824405632170845,-0.013208350307596721,0,0
2014-07-28,0.0007605527,0.0051423404,0.005432245,6.6117177,-0.008209155618847448,-0.013088944100594364,0,0
2014-07-29,-0.005081312,0.0052483575,0.005515679,6.657601,-0.008381643933301666,-0.01335129647635571,0,0
2014-07-30,0.00101833,0.0054207826,0.006381767,6.86698,-0.008671389379066023,-0.013755676501106031,0,0
2014-07-31,-0.020696156,0.005614344,0.008235472,6.9471416,-0.00898634605051333,-0.01423374606091301,1,1
2014-08-01,-0.0032524585,0.006149442,0.0077254213,6.166656,-0.009775067580682513,-0.01574285807556496,0,0
2014-08-04,0.007012105,0.0067416704,0.0073129344,5.8006134,-0.010696334719142223,-0.017298978118467947,0,0
2014-08-05,-0.009883045,0.0069051697,0.007484628,5.960896,-0.010955742891911084,-0.01771851400831341,0,0
2014-08-06,0.00091437536,0.0070381206,0.0075765466,6.2196674,-0.011193995579196364,-0.01800498288647139,0,0
2014-08-07,-0.004973832,0.007078157,0.009101157,6.088228,-0.011241633642389498,-0.018139962049242786,0,0
2014-08-08,0.009663173,0.0072243297,0.01272827,6.169401,-0.011484033321749396,-0.01849392895813402,0,0
2014-08-11,0.004538095,0.007505799,0.0058121746,6.387266,-0.011957866482923771,-0.019158939789364608,0,0
2014-08-12,-0.0010354648,0.007075404,0.005469351,6.417397,-0.011275408111931185,-0.018053310187029332,0,0
2014-08-13,0.0073543973,0.00659685,0.0041158516,6.543658,-0.010524894588031988,-0.01680532391289313,0,0
2014-08-14,0.0044892016,0.0060671587,0.0040670284,6.850554,-0.009704162828870511,-0.015398844979646805,0,0
2014-08-15,-0.00051203277,0.005635292,0.00859816,6.895177,-0.009016433042345905,-0.014295353485592627,0,0
2014-08-18,0.0076530986,0.005688389,0.002989152,6.662766,-0.009084766174958278,-0.014469783080859486,0,0
2014-08-19,0.0049432893,0.005452405,0.0030612142,7.7776003,-0.008771196834252318,-0.01370480947119892,0,0
2014-08-20,0.0030299227,0.005238652,0.0043111253,7.0478597,-0.008390999511409019,-0.013266240327160412,0,0
2014-08-21,0.0031464377,0.005163155,0.0034024017,7.1232834,-0.008274318134929539,-0.013064191318143728,0,0
2014-08-22,-0.0008800051,0.005086364,0.0035042618,6.91133,-0.00813912580672195,-0.012900463336221388,0,0
2014-08-25,0.0036407046,0.0050722244,0.0035748945,6.5358677,-0.008091884735945621,-0.012922634645034226,0,0
2014-08-26,0.0017528489,0.005057338,0.0035021752,6.597466,-0.008072474209749887,-0.012874846084463893,0,0
2014-08-27,-0.0007508447,0.0050454694,0.0023777315,6.599971,-0.00805370279740449,-0.012844234191307776,0,0
2014-08-28,-0.00012519561,0.0049910937,0.004256487,6.376606,-0.00795074933802147,-0.012741786354392506,0,0
2014-08-29,0.0023760407,0.0050382866,0.0040094554,6.3573422,-0.008024431485329437,-0.012865490526192555,0,0
2014-09-02,-0.0008747267,0.005081503,0.004768486,6.38661,-0.008095547899408851,-0.012970909790359818,0,0
2014-09-03,-0.00050018757,0.005171636,0.0051770043,6.342523,-0.008235624808833676,-0.013208562094965876,0,0
2014-09-04,-0.0005004379,0.0052589937,0.006797567,6.2136517,-0.008363800750096666,-0.013454694442027654,0,0
2014-09-05,0.0041211424,0.0054276385,0.0065503363,5.866921,-0.008611492258205134,-0.013927202172857317,0,0
2014-09-08,-0.00274554,0.0055006896,0.0041046697,6.0805497,-0.008735519901674803,-0.01409871661790988,0,0
2014-09-09,-0.0053881467,0.005421429,0.006196357,6.204061,-0.008621264432968035,-0.013872067045312303,0,0
2014-09-10,0.0026350475,0.005510816,0.0049554543,6.110534,-0.008754540361875372,-0.014118806680564288,0,0
2014-09-11,0.0010020041,0.005545453,0.0050872583,5.859059,-0.008798416313800088,-0.014229510882565658,0,0
2014-09-12,-0.0061530927,0.0055621644,0.0053677405,5.7938833,-0.008824930633772998,-0.014272391986521442,0,0
2014-09-15,-0.00025195265,0.0056393286,0.0053905575,6.027795,-0.008950275984766227,-0.014464722536577658,0,0
2014-09-16,0.0036471146,0.005731749,0.0073125944,6.054707,-0.009099784876662357,-0.014696232874711874,0,0
2014-09-17,0.0011291639,0.0058436794,0.007060278,6.0182767,-0.009273574565476731,-0.014990884145232678,0,0
2014-09-18,0.0053773657,0.0058985446,0.0039766147,6.1088424,-0.009370314955477414,-0.01511252869055428,0,0
2014-09-19,-0.00037422817,0.0056652613,0.0056843837,6.0158587,-0.00899018066419333,-0.014533679876347239,0,0
2014-09-22,-0.008771986,0.0055670356,0.0053681666,6.056563,-0.008838471980445932,-0.014273536721993992,0,0
2014-09-23,-0.007073416,0.0056147454,0.006017739,5.9919987,-0.008908355459526264,-0.014407313365959956,0,0
2014-09-24,0.009462002,0.0058487304,0.0047877515,6.006194,-0.009280274175718936,-0.015006399555743483,0,0
2014-09-25,-0.014927538,0.005843992,0.00783814,6.262754,-0.009298898744695899,-0.014941523364124082,1,0
2014-09-26,0.0073651127,0.0062044803,0.006663036,6.2630196,-0.009872531118397532,-0.015863139887872874,0,0
2014-09-29,-0.0032948959,0.006411867,0.007552845,6.3544197,-0.010211830315575805,-0.016373615117423548,0,0
2014-09-30,-0.0020330376,0.0066608824,0.0062899366,6.386431,-0.010611702851481471,-0.01700243105047272,0,0
2014-10-01,-0.012672169,0.0067227427,0.010183456,6.238195,-0.01069445482675853,-0.017193898546276107,1,0
2014-10-02,-0.0011600181,0.007151098,0.01003924,6.1579432,-0.011366217033960393,-0.018309320105182172,0,0
2014-10-03,0.011157538,0.007536993,0.007783745,6.1604075,-0.011979891266359068,-0.019296696562413437,0,0
2014-10-06,-0.0021704445,0.007309614,0.0072207116,6.170765,-0.011619774732702256,-0.018711905640747515,0,0
2014-10-07,-0.014418376,0.007050848,0.0084031075,5.970784,-0.011186876784555945,-0.018092322444220363,1,0
2014-10-08,0.017353736,0.007137229,0.012329785,5.7790375,-0.01132392836524725,-0.018313973351538868,0,0
2014-10-09,-0.018910965,0.0073485747,0.015483418,5.49605,-0.011659249184245279,-0.01885628131616648,1,1
2014-10-10,-0.016102986,0.008347909,0.0119332,5.8860807,-0.013244793212477068,-0.02142055143022372,1,0
2014-10-13,-0.015293868,0.009532192,0.0132055245,6.6206484,-0.015218207331657112,-0.02425989656961377,1,0
2014-10-14,0.0049462034,0.011085423,0.010153059,6.571067,-0.017690404397703027,-0.028230218601269313,0,0
2014-10-15,-0.01504798,0.011369567,0.02474085,6.626448,-0.01815248204855901,-0.028934048371336268,0,0
2014-10-16,0.0020285354,0.01331453,0.02087927,6.6500044,-0.02126199690622437,-0.0338739649069116,0,0
2014-10-17,0.016347678,0.014364518,0.012256224,6.439558,-0.022896138780892295,-0.03664149291339611,0,0
2014-10-20,0.010050336,0.013013284,0.010872576,6.3337026,-0.020721343787221663,-0.03324028353481604,0,0
2014-10-21,0.019802628,0.011307643,0.016550837,6.324589,-0.018003794169442276,-0.028886961884454974,0,0
2014-10-22,-0.006730546,0.0103365565,0.0074700424,6.471388,-0.01648066450149154,-0.026356130153279183,0,0
2014-10-23,0.010850016,0.00941522,0.0102967825,6.301164,-0.014987223140544629,-0.024059928441396723,0,0
2014-10-24,0.0070409304,0.008813779,0.009782492,6.333436,-0.01403434095318923,-0.022513420580895102,0,0
2014-10-27,-0.0014042257,0.008451902,0.0076160175,6.3320117,-0.01345793002966511,-0.02158946770669654,0,0
2014-10-28,0.011684156,0.0081077395,0.0049971114,6.2818766,-0.012903459831753393,-0.020724048225507784,0,0
2014-10-29,-0.0039218217,0.007437334,0.008425818,6.4558196,-0.011856429771063583,-0.018967457370981246,0,0
2014-10-30,0.008205563,0.0072987457,0.011362856,6.3739514,-0.011626512298716989,-0.01863364393201827,0,0
2014-10-31,0.011500127,0.0074609458,0.0076034423,6.4770045,-0.011896386558251242,-0.01902254860451105,0,0
2014-11-03,-0.00024860163,0.0072998176,0.0043021115,6.557283,-0.011647835406492363,-0.018592957001090205,0,0
2014-11-04,-0.0027387047,0.006946455,0.0063399402,6.584299,-0.01108660665957154,-0.01768699275870515,0,0
2014-11-05,0.0065851016,0.0067706537,0.0044437,6.5346303,-0.010801325666438022,-0.017250033072234695,0,0
2014-11-06,0.0045715775,0.0064202338,0.005781197,6.69068,-0.010255940692158953,-0.016325885185709228,0,0
2014-11-07,-0.0009866799,0.006153873,0.0045187557,6.7123275,-0.009832182054153617,-0.01564448143755117,0,0
2014-11-10,0.003940892,0.0059270696,0.004177,6.3874416,-0.009442728583606246,-0.015129116348672731,0,0
2014-11-11,0.0012283504,0.005678577,0.0026498786,6.086488,-0.009018623077739674,-0.01455345722988676,0,0
2014-11-12,-0.00024554943,0.005416155,0.0036506685,6.1175013,-0.008604826400772196,-0.013874951883007405,0,0
2014-11-13,-0.0009828011,0.0053086327,0.005901897,6.1050935,-0.008432840143889443,-0.0136018325989216,0,0
2014-11-14,0.001964637,0.0054476,0.0022169128,5.78926,-0.008643162492286485,-0.01397842183835634,0,0
2014-11-17,0.00085831655,0.005380672,0.0052908207,5.64361,-0.008536974912003205,-0.013806686690195155,0,0
2014-11-18,0.0042805667,0.005453981,0.005649245,5.56406,-0.008653287013690378,-0.013994796033706873,0,0
2014-11-19,-0.0006103888,0.00551107,0.004386958,5.7162704,-0.008743864788026875,-0.014141285740453096,0,0
2014-11-20,0.0023174982,0.005519231,0.005861074,5.68239,-0.008756812484583163,-0.014162225803128111,0,0
2014-11-21,0.0047402093,0.005561595,0.007166066,5.673799,-0.008824026674805932,-0.014270930030926197,0,0
2014-11-24,0.0027850112,0.005637317,0.00234189,5.5109735,-0.008944168160225457,-0.014465232563706253,0,0
2014-11-25,0.0,0.0053941067,0.0035041736,5.4527545,-0.008558290789267616,-0.013841160451914027,0,0
2014-11-26,0.0022948256,0.0052222395,0.0031975019,5.484754,-0.008285605549508022,-0.013400151814872356,0,0
2014-11-28,-0.0028996035,0.005049962,0.0030605318,5.6044574,-0.008012270617517844,-0.012958092442978448,0,0
2014-12-01,-0.00752979,0.004991562,0.003882444,5.757793,-0.007919612561234118,-0.012808238335918445,0,0
2014-12-02,0.0074087908,0.005126741,0.0038170775,6.0964913,-0.008143120651186251,-0.013137351521180292,0,0
2014-12-03,0.0031412374,0.005174736,0.003966001,6.3886704,-0.00824424314797363,-0.013208540437387324,0,0
2014-12-04,-0.00024128363,0.0051894654,0.0054593375,6.3945007,-0.008268169560918397,-0.013245137251384972,0,0
2014-12-05,0.0019286409,0.0052643456,0.0033460741,6.496099,-0.008395391006540697,-0.013418815338081602,0,0
2014-12-08,-0.00797973,0.0051710517,0.0064991927,6.4962287,-0.008246619434166146,-0.013180988485781878,0,0
2014-12-09,-0.0009715813,0.0053676036,0.009979663,6.353739,-0.008548632244400452,-0.013707061543892375,0,0
2014-12-10,-0.0151814865,0.005870078,0.008458866,6.4387083,-0.009356461035742062,-0.014973753743324991,1,1
2014-12-11,0.0022181156,0.0065568886,0.011257711,6.2827454,-0.0104353729447988,-0.01675975130925222,0,0
2014-12-12,-0.016757049,0.0075479904,0.0076405066,5.929792,-0.011975642061628633,-0.019367977481853847,1,0
2014-12-15,-0.0036365956,0.008094217,0.013062959,6.007345,-0.012843397310587968,-0.020767425884117716,0,0
2014-12-16,-0.012642394,0.008910438,0.016613446,6.15109,-0.014161524604142764,-0.02281598485423184,0,0
2014-12-17,0.021771451,0.01004137,0.009362066,6.2317624,-0.01597262071186345,-0.025683745479144524,0,0
2014-12-18,0.025442287,0.009512417,0.012560809,6.085968,-0.015107376799019944,-0.02437926860628785,0,0
2014-12-19,0.003392298,0.008954689,0.006445423,6.160333,-0.014233278528711276,-0.022926398106488298,0,0
2014-12-22,0.0026573273,0.008187703,0.0034243348,6.1429963,-0.013011720775248885,-0.02096767720759386,0,0
2014-12-23,0.0031314008,0.007327892,0.004042553,5.8879676,-0.011626434297417844,-0.01880321042561442,0,0
2014-12-24,-0.00012025735,0.0067295944,0.002209445,5.7728853,-0.010677175132386836,-0.01726799168426005,0,0
2014-12-26,0.0026423268,0.006243421,0.0030663977,5.712551,-0.009905813101373766,-0.016020482584527786,0,0
2014-12-29,0.0007194245,0.0059392424,0.0043288576,5.65101,-0.009423203072301677,-0.015239966589854353,0,0
2014-12-30,-0.004324331,0.005847664,0.0041771424,5.70797,-0.009277904562655589,-0.0150049780816399,0,0
2014-12-31,-0.011745609,0.005874096,0.008290959,5.8422275,-0.009319841381762284,-0.015072801699274694,1,0
2015-01-02,-0.0030497126,0.0064211283,0.0094512645,5.9674306,-0.010187763241897902,-0.01647647516885644,0,0
2015-01-05,-0.014893499,0.007164006,0.009975187,5.665881,-0.011366412626971635,-0.018382682337677286,1,0
2015-01-06,-0.010721958,0.0080183465,0.011586981,5.8793726,-0.01272190950401947,-0.0205749015820637,0,0
2015-01-07,0.012456563,0.00906709,0.0068097212,6.145135,-0.014409559574884327,-0.02321899646019713,0,0
2015-01-08,0.017425891,0.008918004,0.00807259,6.278221,-0.014192470210422017,-0.02279625841347098,0,0
2015-01-09,-0.009657186,0.008282809,0.0090136565,6.7114453,-0.013233534960121644,-0.021056919873875857,0,0
2015-01-12,-0.0062842914,0.008119584,0.010880761,7.0297728,-0.01300389056849888,-0.02056598783556238,0,0
2015-01-13,-0.0032190199,0.008420235,0.017548932,7.193095,-0.013500222749118477,-0.021289383525732623,0,0
2015-01-14,-0.0042251833,0.009486639,0.013181707,6.7814646,-0.015165384870512557,-0.02409722938006597,0,0
2015-01-15,-0.009258167,0.010039032,0.01605377,6.379798,-0.01599254340074071,-0.02562763134860182,0,0
2015-01-16,0.011994147,0.010758711,0.01196431,6.581085,-0.01717052367864549,-0.027394808383706802,0,0
2015-01-20,0.0018611582,0.010520816,0.01014266,7.0361156,-0.016850318471440025,-0.026646149128374676,0,0
2015-01-21,0.0048228623,0.009932503,0.009046272,7.3652916,-0.0159419786166972,-0.025067413694704974,0,0
2015-01-22,0.014695342,0.009073978,0.010505271,7.8126855,-0.01459973551530562,-0.022800260162380532,0,0
2015-01-23,-0.006096836,0.008348758,0.0058580507,8.605161,-0.01347867207018779,-0.020835986230288792,0,0
2015-01-26,0.004636982,0.0077706054,0.008538023,8.488613,-0.012539757948743948,-0.01941108881592995,0,0
2015-01-27,-0.011509862,0.00749316,0.012441694,8.534779,-0.012094165701706718,-0.018711099358491832,0,0
2015-01-28,-0.01914767,0.007894716,0.0134776635,9.048201,-0.012764989080486658,-0.019637398388809627,1,0
2015-01-29,0.013466538,0.009020873,0.010969547,9.027158,-0.014584898346405827,-0.02244200567624084,0,0
2015-01-30,-0.014974075,0.009633888,0.0074282694,8.650216,-0.015556020792281662,-0.024034808371119185,0,0
2015-02-02,0.014230673,0.009865505,0.013555331,9.271948,-0.015962476470088714,-0.02450109415055971,0,0
2015-02-03,0.012318461,0.010189291,0.009920325,10.792312,-0.01651800773075924,-0.025187831452266128,0,0
2015-02-04,-0.0058939266,0.009740243,0.008627003,13.636118,-0.01579004859394328,-0.024077787653938473,0,0
2015-02-05,0.012240055,0.0093456395,0.009486799,13.523838,-0.015150350866966495,-0.023102331122489786,0,0
2015-02-06,-0.0009737099,0.008875781,0.008021285,14.444892,-0.014388657330754194,-0.02194084671582798,0,0
2015-02-09,-0.00512759,0.00852028,0.004758108,13.49957,-0.013812349384499477,-0.02106205142456326,0,0
2015-02-10,0.009623072,0.008015548,0.006984863,13.113328,-0.01299412097854577,-0.01981435863288111,0,0
2015-02-11,0.0016957369,0.0076508424,0.0089372555,13.679861,-0.01240289123641096,-0.01891280952737201,0,0
2015-02-12,0.008795767,0.0075894576,0.008421574,12.802798,-0.01230337940015314,-0.018761066811178704,0,0
2015-02-13,0.0045481827,0.007433691,0.0033361975,13.279503,-0.012050864296580689,-0.018376013845251674,0,0
2015-02-17,0.00119346,0.006912725,0.0059251986,13.194394,-0.011206318501535745,-0.017088190429374487,0,0
2015-02-18,-0.00023857808,0.006681246,0.0033645944,12.718889,-0.01083106487490569,-0.016515977045443896,0,0
2015-02-19,-0.00011931039,0.0063421763,0.0041378555,12.52659,-0.010281394191081494,-0.01567780014396237,0,0
2015-02-20,0.005592257,0.006116162,0.008329509,11.925949,-0.009914999114765776,-0.01511909490676871,0,0
2015-02-23,-0.000118659154,0.0061615566,0.0028528515,12.151173,-0.009988588550646832,-0.01523130930561463,0,0
2015-02-24,0.0033171456,0.005949235,0.003756699,12.025764,-0.00964439133368871,-0.014706452941070373,0,0
2015-02-25,-0.0016571974,0.0057146037,0.0033603092,11.808171,-0.009264026485573935,-0.014126445603572815,0,0
2015-02-26,-0.0001184764,0.0055287005,0.004441886,11.8790045,-0.008962656848374833,-0.013666895774662988,0,0
2015-02-27,-0.0034419356,0.0054505737,0.0028067143,11.754377,-0.008836003885877644,-0.013473766341361607,0,0
2015-03-02,0.005335876,0.0053449254,0.0040782616,11.762529,-0.008664735766490553,-0.013212604547846065,0,0
2015-03-03,-0.0043851924,0.0052673435,0.0057712775,12.68299,-0.00853896646464305,-0.013020822583069224,0,0
2015-03-04,-0.003927408,0.005401486,0.006112323,12.601213,-0.008756427163798998,-0.013352422103248175,0,0
2015-03-05,0.0015490024,0.005618564,0.0033171484,11.729563,-0.00910833510061914,-0.013889036321125953,0,0
2015-03-06,-0.01390743,0.0055786897,0.009629642,11.881902,-0.009043694522301242,-0.013790467775924442,1,1
2015-03-09,0.003374717,0.006033067,0.005478983,10.952533,-0.00978029277125683,-0.014913685106073672,0,0
2015-03-10,-0.017355857,0.0062614656,0.006666469,11.144975,-0.010150552491426336,-0.01547828342671897,1,1
2015-03-11,-0.00122504,0.006609741,0.004619263,11.165768,-0.010715147503109564,-0.016339218003386207,0,0
2015-03-12,0.0119411675,0.006929708,0.007097466,10.879758,-0.011233850396524688,-0.017130173018427987,0,0
2015-03-13,-0.006928013,0.006977426,0.008873077,11.414423,-0.011311206573073893,-0.01724813121099408,0,0
2015-03-16,0.012965949,0.0072336593,0.010141727,11.070919,-0.011726589533907046,-0.017881536654080637,0,0
2015-03-17,-0.004948414,0.00738256,0.004882834,11.428489,-0.011967974902056942,-0.018249618208896774,0,0
2015-03-18,0.012624153,0.0071728243,0.014149874,10.981753,-0.011627969798228709,-0.017731154276216306,0,0
2015-03-19,-0.005270736,0.007467968,0.0067312224,11.320278,-0.012106431106374441,-0.01846074606370311,0,0
2015-03-20,0.00849135,0.0073558437,0.007845112,11.104386,-0.011924664558313567,-0.018183575520448553,0,0
2015-03-23,-0.0021459237,0.0071400567,0.0045433557,11.028926,-0.011574849724082941,-0.017650153014071118,0,0
2015-03-24,-0.0046653594,0.006750337,0.005463509,10.812207,-0.01094306865125521,-0.01668676835918421,0,0
2015-03-25,-0.015101464,0.006496907,0.008374923,10.809799,-0.010532230592617436,-0.016060293305786906,1,0
2015-03-26,-0.0025595725,0.006722208,0.008515297,10.759803,-0.010897469398551043,-0.01661723537977271,0,0
2015-03-27,0.0019507443,0.0071513825,0.005729517,10.235113,-0.0115932099473621,-0.017678149986643073,0,0
2015-03-30,0.011143526,0.0071555274,0.009628599,10.249143,-0.01159992897547304,-0.017688395637955264,0,0
2015-03-31,-0.0071320944,0.0071494943,0.005612223,10.610143,-0.011590148784824934,-0.017673482108573824,0,0
2015-04-01,-0.0037678562,0.0069844,0.009290475,10.520329,-0.011322511859036214,-0.017265370314037264,0,0
2015-04-02,0.003161097,0.0071173706,0.0070257694,10.2965975,-0.011538072729994985,-0.017594072841237474,0,0
2015-04-03,0.0,0.007000423,0.008876996,10.570216,-0.011348487430970696,-0.017304979711152604,0,0
2015-04-06,0.0066541894,0.0069573605,0.009826575,10.6951275,-0.01127867823964546,-0.017198529697713957,0,0
2015-04-07,-0.0026563648,0.006919219,0.0055975607,10.613991,-0.011216846469963815,-0.017104244223429033,0,0
2015-04-08,0.0039819055,0.0066328067,0.004880575,9.915732,-0.010750381316353143,-0.01640452394412942,0,0
2015-04-09,0.0046855374,0.0063746795,0.0064675636,10.269294,-0.010334085516793604,-0.015758147620042164,0,0
2015-04-10,0.004663686,0.006229009,0.00348249,9.747984,-0.010091720742238219,-0.015421717205143666,0,0
2015-04-13,-0.0043041673,0.0058774874,0.0047378833,10.915412,-0.009528079817171091,-0.014529092879145483,0,0
2015-04-14,0.0021543994,0.005778001,0.005643365,10.710307,-0.009366801198691058,-0.014283163786161415,0,0
2015-04-15,0.0041758697,0.0057764417,0.005680186,10.32783,-0.009364273439717026,-0.014279309279732574,0,0
2015-04-16,0.0004761338,0.0057524014,0.005306594,10.104085,-0.009325301219889018,-0.014219881670764902,0,0
2015-04-17,-0.012092335,0.005719487,0.010057672,9.552861,-0.009261509522796665,-0.014177836117581864,1,0
2015-04-20,0.007440332,0.0061455164,0.0057030316,9.313059,-0.009944697502977811,-0.015258177367853315,0,0
2015-04-21,0.0,0.006278807,0.0060553914,9.512826,-0.010166106357555391,-0.015568369680567096,0,0
2015-04-22,0.0044139647,0.006305203,0.0075571476,9.219063,-0.010200271755424957,-0.01566474983119358,0,0
2015-04-23,0.0032087495,0.006281423,0.00879381,9.381483,-0.010166621853003639,-0.015588404212690142,0,0
2015-04-24,0.0022518528,0.006311693,0.0037355279,9.429259,-0.010216993559493516,-0.015658532324851822,0,0
2015-04-27,-0.0033202923,0.005986485,0.0060357526,8.987389,-0.009677678428964444,-0.014897379128869933,0,0
2015-04-28,0.0034386707,0.0058809402,0.007793198,9.034962,-0.009508508446942924,-0.014629701308289228,0,0
2015-04-29,-0.006174325,0.0058934875,0.006539134,9.134684,-0.009531772543557795,-0.014650511280844436,0,0
2015-04-30,-0.009574032,0.0059602964,0.009110885,9.575794,-0.00965204331219869,-0.014772577237672993,0,0
2015-05-01,0.010764367,0.006349741,0.0049290373,10.225814,-0.01029365740907571,-0.015696499969809135,0,0
2015-05-04,0.0036810585,0.00626591,0.0052595977,10.811851,-0.01015775765949355,-0.015489270378766722,0,0
2015-05-05,-0.01204331,0.0061142887,0.0068519814,10.92418,-0.009911962428025018,-0.015114464351132326,1,0
2015-05-06,-0.004689481,0.006203515,0.010538851,11.173897,-0.010056607632862242,-0.015335029633532218,0,0
2015-05-07,0.004809436,0.006747913,0.010276559,11.1031685,-0.010939139863934971,-0.01668077746521885,0,0
2015-05-08,0.011567716,0.007153815,0.0071621076,11.346778,-0.011597153082562994,-0.01768416275927598,0,0
2015-05-11,-0.0051114527,0.006955102,0.004740098,11.925004,-0.011275016998099768,-0.017192946776549242,0,0
2015-05-12,-0.0013117885,0.006632204,0.007312965,11.435975,-0.010751562424209252,-0.016394746061609507,0,0
2015-05-13,-0.00023869197,0.0065009696,0.0050264588,11.366309,-0.010538816269837591,-0.01607033561418899,0,0
2015-05-14,0.010921286,0.006337447,0.0061249165,11.076383,-0.010273727358854415,-0.01566610921361192,0,0
2015-05-15,0.00070813176,0.006164978,0.0031297905,11.069862,-0.009994134428516068,-0.015239766054110095,0,0
2015-05-18,0.0032980007,0.0059086103,0.0051349085,10.833202,-0.009578533717494167,-0.014606028570069065,0,0
2015-05-19,-0.0007057993,0.005782275,0.004186036,10.708815,-0.009373729537060949,-0.014293728608623638,0,0
2015-05-20,-0.0009418414,0.0056575933,0.004293871,10.191519,-0.009171606722324059,-0.013985517384047803,0,0
2015-05-21,0.0025879322,0.0055809673,0.0052484656,9.49474,-0.009035778283259608,-0.013839709133301917,0,0
2015-05-22,-0.0016460909,0.0055324123,0.0023656571,9.43792,-0.008955756143374842,-0.013724442378824852,0,0
2015-05-26,-0.009221014,0.0053577223,0.00865631,9.23499,-0.008667893946697872,-0.01330934832307398,1,0
2015-05-27,0.0075722085,0.0056648403,0.006256381,9.37133,-0.009168404229193901,-0.014059209469172489,0,0
2015-05-28,0.00035354428,0.005839911,0.004060142,9.888465,-0.009464638559034023,-0.014445888174003338,0,0
2015-05-29,-0.007450806,0.005807472,0.0050636926,9.607247,-0.009405348908687544,-0.01439089013407108,0,0
2015-06-01,0.0015420204,0.005811334,0.005829825,10.159024,-0.009420837849212717,-0.014365562709068448,0,0
2015-06-02,-0.0011859584,0.005858285,0.007283337,10.141793,-0.009496950824102908,-0.01448162517944099,0,0
2015-06-03,0.0043810382,0.0059884368,0.0038621319,10.045717,-0.00970794147307691,-0.01480335870753864,0,0
2015-06-04,-0.0080664735,0.005783777,0.006792985,10.234364,-0.0093761653008002,-0.014297442834184118,0,0
2015-06-05,-0.003220999,0.0058528245,0.006210807,10.483332,-0.009488099025732409,-0.014468127328547605,0,0
2015-06-08,-0.0067138486,0.0059617464,0.0040558274,10.227801,-0.009664673328982519,-0.014737380368112604,0,0
2015-06-09,0.0008417003,0.0059617464,0.005447822,10.781936,-0.009664673328982519,-0.014737380368112604,0,0
2015-06-10,0.012897241,0.0059655365,0.0053561134,10.6954155,-0.009670817597874321,-0.014746749585742642,0,0
2015-06-11,0.0010672993,0.005831671,0.003734724,10.834429,-0.009453805902983543,-0.014415834739159732,0,0
2015-06-12,-0.0077339904,0.0057064933,0.0043054377,10.272588,-0.009250878762937053,-0.014106397022221065,0,0
2015-06-15,-0.0043093194,0.005702866,0.0062238113,10.72064,-0.009244998663847879,-0.014097430629469901,0,0
2015-06-16,0.0023963586,0.0059451843,0.0086088395,10.905017,-0.009637824224314107,-0.014696438946238047,0,0
2015-06-17,0.000119667326,0.0062898383,0.0067690397,10.878515,-0.010196548420830936,-0.015548421286939,0,0
2015-06-18,0.012131453,0.0064182226,0.009962718,10.05715,-0.010404673713639049,-0.015865785516430333,0,0
2015-06-19,-0.0080712605,0.0065077846,0.004828154,10.582911,-0.010549864137941123,-0.01608718218819685,0,0
2015-06-22,0.0071250745,0.006407632,0.005838048,11.103029,-0.010387505208447145,-0.015839605760244863,0,0
2015-06-23,0.0017733645,0.0062303776,0.0030482223,11.571603,-0.010100155138632896,-0.015401433963485114,0,0
2015-06-24,-0.00806456,0.005838863,0.003821391,11.248151,-0.009465465665997316,-0.014433614373989262,0,0
2015-06-25,-0.0026231087,0.0056557087,0.006640219,11.828031,-0.00916855146773775,-0.013980858514841658,0,0
2015-06-26,0.0008353721,0.0057805013,0.0048885914,11.904533,-0.009370854052979305,-0.014289343866251998,0,0
2015-06-29,-0.021827819,0.005801672,0.011631775,11.746745,-0.009405175027496498,-0.014341678925994512,1,1
2015-06-30,0.0019488435,0.006637839,0.0076454007,8.657084,-0.010718511725898496,-0.016559323621948202,0,0
2015-07-01,0.007999073,0.007417215,0.006103427,8.341865,-0.011962527703003548,-0.01855058251122841,0,0
2015-07-02,-0.0010870222,0.007473496,0.00566016,8.539331,-0.012062633494563081,-0.018661316093409604,0,0
2015-07-06,-0.002056494,0.0072768084,0.012860188,8.350217,-0.011736477293208994,-0.018198161032159575,0,0
2015-07-07,0.004470496,0.0076391683,0.014675573,8.278077,-0.012317263297714168,-0.0191158974457828,0,0
2015-07-08,-0.016776469,0.00808938,0.0076191355,8.182846,-0.013037914312313083,-0.02025891159601852,1,0
2015-07-09,0.0009802721,0.008194597,0.01023604,8.122772,-0.013204034168183663,-0.020533097673954143,0,0
2015-07-10,0.013503034,0.008560108,0.007237144,8.006998,-0.013785780259728216,-0.0214708952050028,0,0
2015-07-13,0.012249462,0.008090744,0.008411699,8.442925,-0.013054061909875202,-0.020218276922903667,0,0
2015-07-14,0.0035744112,0.00747338,0.004465679,8.743262,-0.012071425084557557,-0.018631359215970554,0,0
2015-07-15,0.0010698367,0.0067168777,0.0042590755,8.870169,-0.010854220609388844,-0.01672936738887825,0,0
2015-07-16,0.0060408833,0.0062355474,0.0036312635,8.825451,-0.010074880121720801,-0.015535734609761985,0,0
2015-07-17,0.0008263,0.0058251387,0.0023672483,8.399964,-0.009397013279857673,-0.014561780210763412,0,0
2015-07-20,0.001532748,0.005508831,0.0030309716,7.760331,-0.008861191643828542,-0.013848892461427415,0,0
2015-07-21,-0.0035406624,0.005324583,0.0057683755,7.814293,-0.008567149359030125,-0.013378923075866361,0,0
2015-07-22,-0.0030787473,0.0054222643,0.00327107,7.8932543,-0.008727695694914073,-0.013614414342663398,0,0
2015-07-23,-0.004516827,0.0054436554,0.0067753242,8.170276,-0.008773237907103123,-0.013634478969801455,0,0
2015-07-24,-0.010057556,0.005682908,0.009263371,8.88421,-0.009183798230448459,-0.014152639029898323,1,0
2015-07-27,-0.006277181,0.006194195,0.0071896594,9.909245,-0.010039326015380172,-0.015320331639012473,0,0
2015-07-28,0.010959344,0.0066539505,0.0067391037,11.30496,-0.010786816010968953,-0.016448503234742295,0,0
2015-07-29,0.006803965,0.0066449028,0.005330935,12.806196,-0.010772148256975731,-0.01642613680161147,0,0
2015-07-30,0.001070091,0.0063527552,0.0054227165,15.01191,-0.010298543284434867,-0.015703950299597636,0,0
2015-07-31,-0.0024986628,0.00605578,0.004609743,16.933683,-0.009817112808986748,-0.014969830914909941,0,0
2015-08-03,-0.0035803833,0.005801767,0.007252133,16.431808,-0.009405328634218793,-0.014341913156435264,0,0
2015-08-04,-0.003833258,0.005812335,0.0044654896,15.704131,-0.009422460003719593,-0.014368036285481214,0,0
2015-08-05,0.0051475544,0.005749506,0.0076548867,14.642312,-0.009320607774929221,-0.014212724772517562,0,0
2015-08-06,-0.006829236,0.005839745,0.008932541,15.159203,-0.009466895390104832,-0.014435794518860868,0,0
2015-08-07,-0.0028894795,0.0061387164,0.0068075955,15.832945,-0.009951561734636901,-0.015174848186569657,0,0
2015-08-10,0.0125802895,0.006304186,0.005619581,14.521731,-0.010219807179363945,-0.015583887894006115,0,0
2015-08-11,-0.009570596,0.006097396,0.008450481,15.23508,-0.009884576543821553,-0.015072704409695584,0,0
2015-08-12,0.002161384,0.006286974,0.013222525,16.195976,-0.010191904771456938,-0.015541340320537837,0,0
2015-08-13,-0.0018008288,0.00694174,0.0066703483,15.101116,-0.011253355074284243,-0.017159915136481584,0,0
2015-08-14,0.0043165535,0.0070425333,0.0047976226,14.535263,-0.011416752959136162,-0.017409075837359747,0,0
2015-08-17,0.004655335,0.0067427093,0.008228072,14.742173,-0.010930704154103436,-0.016667914095684203,0,0
2015-08-18,-0.0025040256,0.0065944227,0.0043743034,13.968417,-0.010690313853676539,-0.016301349890811175,0,0
2015-08-19,-0.010199885,0.0062705814,0.008775806,13.465207,-0.010165329964506909,-0.015500817167307479,1,0
2015-08-20,-0.023059644,0.0064485585,0.011186033,15.469357,-0.010453851496576903,-0.015940775292923065,1,1
2015-08-21,-0.02702191,0.007286259,0.013702417,11.476241,-0.011811859832626366,-0.01801156286226718,1,1
2015-08-24,-0.052188016,0.0092174625,0.039645158,12.132147,-0.01494256148336428,-0.02278547911121504,1,1
2015-08-25,0.0008012821,0.01717274,0.0328687,10.533998,-0.027838978458614626,-0.042450851740013215,0,0
2015-08-26,0.034248576,0.026150096,0.027950326,10.664631,-0.04239229881969722,-0.06464278834040445,0,0
2015-08-27,0.02610117,0.026801936,0.013158115,11.618909,-0.04344900841395787,-0.06625413418719601,0,0
2015-08-28,0.00025131943,0.02205097,0.009094734,12.39932,-0.03574714710225123,-0.05450978900041243,0,0
2015-08-31,-0.010356243,0.01782309,0.008702773,12.480563,-0.02889326916899562,-0.04405850910085317,0,0
2015-09-01,-0.02741308,0.015098721,0.0189423,12.909032,-0.024476755185679905,-0.03732389487669459,1,0
2015-09-02,0.016050046,0.01570158,0.010866843,13.7612095,-0.025454060232429757,-0.038814159029383226,0,0
2015-09-03,-0.0005137426,0.01499491,0.011367439,14.351203,-0.024308466361510954,-0.03706727612414526,0,0
2015-09-04,-0.012539755,0.014231374,0.012823219,14.13736,-0.023070686513397637,-0.03517982149296518,0,0
2015-09-08,0.022637622,0.014134205,0.0112345675,14.782248,-0.022913163663677016,-0.03493961946295552,0,0
2015-09-09,-0.011769357,0.013086696,0.018892402,15.358253,-0.02121503290877515,-0.032350189070649266,0,0
2015-09-10,0.0034684343,0.013641768,0.013946962,15.851614,-0.022114867839923544,-0.03372232128841192,0,0
2015-09-11,0.005499087,0.0133702615,0.00849507,15.889731,-0.021674725501039577,-0.03305116098702937,0,0
2015-09-14,-0.0031934625,0.012114701,0.0095195435,15.605989,-0.019639316583626703,-0.029947424895856202,0,0
2015-09-15,0.008154989,0.011139942,0.010758911,15.783826,-0.01805912203172827,-0.027537832002828933,0,0
2015-09-16,0.009095565,0.010131768,0.007561693,16.47344,-0.016424756634424414,-0.025045635557004085,0,0
2015-09-17,-0.0054221177,0.008945665,0.013810165,17.446325,-0.01450194819639767,-0.022113600674744917,0,0
2015-09-18,-0.013621241,0.008920637,0.012595922,17.264791,-0.0144613740778943,-0.022051730376895128,0,0
2015-09-21,0.0063881655,0.009323959,0.010137546,18.809185,-0.01511520531130819,-0.02304873868285379,0,0
2015-09-22,-0.01591818,0.009364452,0.013796404,18.116913,-0.015180849397278885,-0.023148837447802845,1,0
2015-09-23,-0.0018132371,0.009975564,0.011454451,19.378216,-0.01617153173275608,-0.024659500240523918,0,0
2015-09-24,-0.005068566,0.010335681,0.013762277,17.945139,-0.016755321676775337,-0.025549704613421917,0,0
2015-09-25,0.00026055236,0.010731309,0.014798153,16.310188,-0.01739668038193606,-0.02652769392238378,0,0
2015-09-28,-0.024927106,0.011060814,0.01766436,15.522331,-0.017930846914724206,-0.027342228993114785,1,0
2015-09-29,0.0013345792,0.012112851,0.010824823,10.913848,-0.019636318720563012,-0.029942853541320227,0,0
2015-09-30,0.01810662,0.012394279,0.009618268,10.885225,-0.020092545877653023,-0.030638541115998553,0,0
2015-10-01,0.004182466,0.011460568,0.01377235,10.87996,-0.018578893420255625,-0.02833041633511242,0,0
2015-10-02,0.013602127,0.011124673,0.02083301,10.981925,-0.01803436940562129,-0.02750008744037649,0,0
2015-10-05,0.016208638,0.011436073,0.011109645,11.006385,-0.018539183550563408,-0.028269863905236968,0,0
2015-10-06,-0.0031699766,0.010554423,0.006936852,11.849055,-0.01710992701515842,-0.026090432020797718,0,0
2015-10-07,0.009479942,0.009659423,0.007266429,11.1546755,-0.015659030499755377,-0.023878001957782346,0,0
2015-10-08,0.009640138,0.008699555,0.012079364,10.853895,-0.01410297499106772,-0.02150521799242496,0,0
2015-10-09,0.0004982561,0.008388767,0.005264019,10.850713,-0.013599151693883706,-0.020736952442605372,0,0
2015-10-12,0.001741944,0.007799206,0.003929872,10.173964,-0.012643405603805863,-0.019279562918370262,0,0
2015-10-13,-0.008489439,0.0071098106,0.006134297,9.445179,-0.01150945000950649,-0.017636700089478857,0,0
2015-10-14,-0.0050276625,0.0069275317,0.0064178295,9.966183,-0.01122942454948039,-0.017128250023803384,0,0
2015-10-15,0.01748733,0.007025814,0.0064756847,9.364269,-0.011370877167026956,-0.017437752028322987,0,0
2015-10-16,0.0032142443,0.0068571423,0.004464456,9.752777,-0.01110950524493445,-0.016976336044240228,0,0
2015-10-19,0.0009869233,0.0066755875,0.0047217105,9.104478,-0.01079568503513562,-0.01659826361018795,0,0
2015-10-20,-0.0034585015,0.0064377496,0.00414854,8.687328,-0.010396549022467881,-0.016056397770261775,0,0
2015-10-21,-0.005956831,0.006275829,0.008692394,8.48467,-0.010127418829843587,-0.015677612343616164,0,0
2015-10-22,0.021913962,0.006632416,0.010204744,8.497804,-0.01070339064086864,-0.016566647809271445,0,0
2015-10-23,0.0063122325,0.0067959228,0.006359253,7.3794866,-0.010908596958676431,-0.017148876976912548,0,0
2015-10-26,-0.001816751,0.0068352898,0.0034176887,7.238607,-0.010962270019284836,-0.017273664377284517,0,0
2015-10-27,-0.00084894797,0.0065994216,0.0045338618,7.2323313,-0.010583568123280226,-0.016678709257825126,0,0
2015-10-28,0.011580346,0.0064103235,0.0075990427,6.7655554,-0.010246288194238383,-0.016286078849282078,0,0
2015-10-29,-0.00071985606,0.0063407538,0.004464951,7.0486927,-0.010156346573851296,-0.016057027526219646,0,0
2015-10-30,-0.0044505997,0.0061968146,0.007827197,6.7235813,-0.009901693035695157,-0.015751521198553338,0,0
2015-11-02,0.010433625,0.0063759186,0.010118911,6.256841,-0.01014468117411365,-0.01630280417501097,0,0
2015-11-03,0.0035727082,0.006639224,0.006547885,6.6153007,-0.010599082430393727,-0.0168982603770541,0,0
2015-11-04,-0.0039306823,0.0066523175,0.0060614673,6.616292,-0.010620075459121255,-0.016931380662619004,0,0
2015-11-05,-0.00035810206,0.006638735,0.0069915596,6.4246616,-0.010580251571917674,-0.016937540375660313,0,0
2015-11-06,-0.00011939586,0.0066106394,0.0072741737,6.273565,-0.01051993957183564,-0.016899203318998888,0,0
2015-11-09,-0.009959883,0.0065688053,0.010750541,6.2767634,-0.010453706273975231,-0.016791546846953696,0,0
2015-11-10,0.0024090593,0.0069830343,0.00463968,6.5948577,-0.01114600253197266,-0.017777809217593126,0,0
2015-11-11,-0.004340494,0.0068738908,0.0062445295,6.6235247,-0.010974480007458048,-0.01749377229200419,0,0
2015-11-12,-0.013870523,0.006864434,0.009931969,6.7866015,-0.010973958460396636,-0.01743544891509338,1,0
2015-11-13,-0.010840215,0.0073714773,0.009960307,7.1897116,-0.011818483540211084,-0.018638426263344967,0,0
2015-11-16,0.0145090455,0.0081694685,0.013202411,7.6513996,-0.013133491978986802,-0.02055899445663022,0,0
2015-11-17,0.00048816207,0.0087484075,0.007569797,8.272144,-0.014105431756453492,-0.021892699759857095,0,0
2015-11-18,0.014895825,0.008631395,0.010089786,8.061913,-0.013904071345693002,-0.021639133179005825,0,0
2015-11-19,-0.00024044242,0.008271547,0.0047448366,8.696044,-0.013358430667670824,-0.020628686329228704,0,0
2015-11-20,0.0045585493,0.0076555116,0.005435467,8.579501,-0.012358280952783091,-0.019109715280074893,0,0
2015-11-23,-0.0021567226,0.007103338,0.004724986,8.512315,-0.01146400165306517,-0.017740864072775565,0,0
2015-11-24,0.00023986568,0.006690521,0.008829916,8.475773,-0.010796244113318828,-0.01671475305379705,0,0
2015-11-25,0.0015577261,0.0067614005,0.0032612921,8.471064,-0.010910420791710822,-0.01689247264202017,0,0
2015-11-27,0.00095739594,0.0064771874,0.005665422,8.441279,-0.01045059140699829,-0.016186313922418906,0,0
2015-11-30,-0.004916372,0.006395235,0.004776043,8.351539,-0.010314677466163357,-0.015993308108458934,0,0
2015-12-01,0.0096896505,0.0063237506,0.004295825,8.24233,-0.01019477902570978,-0.01582904506338594,0,0
2015-12-02,-0.008848557,0.0061138524,0.008624584,8.514712,-0.009867171493142786,-0.015269291430711054,0,0
2015-12-03,-0.014639424,0.0064123524,0.016263321,9.078552,-0.01036914366765948,-0.015946690713243585,1,0
2015-12-04,0.017996741,0.007706442,0.01173562,10.030978,-0.012493024622678983,-0.019050251316875075,0,0
2015-12-07,-0.0035975575,0.008323219,0.009991874,11.109863,-0.01349289044576768,-0.020574917743803902,0,0
2015-12-08,-0.010749545,0.008571513,0.00858365,10.762615,-0.013895404201647232,-0.021188699309085124,0,0
2015-12-09,-0.008169283,0.008552881,0.014714885,11.743638,-0.013865199380891759,-0.02114264085296647,0,0
2015-12-10,0.0035441527,0.00925713,0.007927866,10.982921,-0.01500686868445522,-0.022883539299141296,0,0
2015-12-11,-0.019463535,0.009089552,0.012687644,11.410224,-0.014735204224167641,-0.022469286033927463,1,0
2015-12-14,0.004344325,0.009683178,0.012241452,10.597946,-0.01569754021143054,-0.023936724301466875,0,0
2015-12-15,0.009123476,0.010118223,0.010056906,10.868585,-0.016402797625080054,-0.02501215089982025,0,0
2015-12-16,0.013046579,0.009705656,0.010309112,10.45087,-0.015733980452319617,-0.023992290969103488,0,0
2015-12-17,-0.01907848,0.009026743,0.013347052,9.660307,-0.014621078516330306,-0.022360656354808734,1,0
2015-12-18,-0.016307076,0.009247652,0.009362982,10.118701,-0.014991502948267834,-0.022860108533183536,1,0
2015-12-21,0.011480036,0.00965193,0.006536731,10.819441,-0.01564688375279235,-0.02385947973523681,0,0
2015-12-22,0.010367903,0.009326159,0.008407712,11.308564,-0.015118772025640163,-0.02305417746220881,0,0
2015-12-23,0.00831504,0.008824194,0.0073369034,11.77307,-0.0143050277543873,-0.021813322397623965,0,0
2015-12-24,-0.0008527746,0.008224705,0.0036721115,12.231488,-0.013333189250166598,-0.020331394017269085,0,0
2015-12-28,-0.0012195123,0.0075738207,0.006613302,12.207049,-0.012278030071009553,-0.018722412353552577,0,0
2015-12-29,0.011646377,0.0072978376,0.006141316,12.263949,-0.011830630236493632,-0.01804018530733477,0,0
2015-12-30,-0.008843719,0.0069851847,0.005143038,13.040436,-0.011323784600449516,-0.01726731108054634,0,0
2015-12-31,-0.00929102,0.0069450424,0.007381765,12.800601,-0.011258708521754122,-0.01716807845343589,0,0
2016-01-04,-0.013104403,0.007223917,0.020402765,13.532613,-0.011710796737271961,-0.017857454676018375,1,0
2016-01-05,0.0013679042,0.008995883,0.008688874,13.66711,-0.014583356383242142,-0.02223773766042115,0,0
2016-01-06,-0.0128824245,0.009599307,0.013079578,12.807653,-0.015561574630395966,-0.023729394325949858,0,0
2016-01-07,-0.027049365,0.010270779,0.014397391,12.869853,-0.016650109511933006,-0.02538926963131195,1,1
2016-01-08,-0.011184926,0.011508151,0.018279519,11.287187,-0.0186560310026231,-0.028448041199743597,0,0
2016-01-11,0.0014376269,0.01360878,0.013409714,10.963762,-0.022061390756747387,-0.033640775633539045,0,0
2016-01-12,0.005600067,0.013942281,0.014731865,10.575318,-0.022602034091661317,-0.034465186992194904,0,0
2016-01-13,-0.022856636,0.01315873,0.021499287,10.619615,-0.021331807777438594,-0.03252825568483774,1,0
2016-01-14,0.017387161,0.013850925,0.018473634,10.825638,-0.022453935267551395,-0.034239355385819445,0,0
2016-01-15,-0.020847833,0.0139080705,0.023767916,11.113338,-0.02254657531296896,-0.03438061950724026,0,0
2016-01-19,-0.001067236,0.01544023,0.019227894,11.142982,-0.02503038082060671,-0.03816810256853523,0,0
2016-01-20,-0.009656727,0.016031919,0.027963966,11.15356,-0.025989575465999375,-0.03963075069486324,0,0
2016-01-21,0.0032292816,0.017845761,0.017748373,11.4071,-0.028930023375273124,-0.04411455452521484,0,0
2016-01-22,0.020345094,0.017444475,0.011158832,10.613346,-0.02827949046642368,-0.0431225757388301,0,0
2016-01-25,-0.01538696,0.0148562435,0.009841405,11.041916,-0.024083672207354887,-0.03672449403089112,0,0
2016-01-26,0.013674292,0.013304135,0.016443565,11.701059,-0.021567526576723166,-0.032887696452954966,0,0
2016-01-27,-0.011137744,0.012782948,0.016708452,11.647638,-0.020722622084661874,-0.03159932607038921,0,0
2016-01-28,0.003061974,0.013050962,0.01379038,11.582938,-0.021157104606624354,-0.032261855880916394,0,0
2016-01-29,0.02584937,0.012988829,0.012656942,10.85626,-0.021056379108461806,-0.03210826248684506,0,0
2016-02-01,0.0006474588,0.01204561,0.010083584,10.16716,-0.019527311963284204,-0.029776632295135445,0,0
2016-02-02,-0.01763023,0.011281359,0.010991677,9.366127,-0.018258330130615973,-0.027999472530125764,0,0
2016-02-03,0.005780363,0.0111426795,0.017132472,9.30826,-0.018030873025123767,-0.027666108474537897,0,0
2016-02-04,-0.00039305602,0.011923987,0.011870399,9.154625,-0.019286323329554832,-0.029637465109843972,0,0
2016-02-05,-0.017182553,0.011985985,0.015340889,8.426428,-0.019337608386587306,-0.029956272937518683,0,0
2016-02-08,-0.012475847,0.012665445,0.022539826,8.953607,-0.02047255393567131,-0.03152574484924879,0,0
2016-02-09,-0.0020268909,0.0146926,0.014557476,9.213252,-0.023768609368653562,-0.03650400850048892,0,0
2016-02-10,-0.00081190804,0.015011006,0.014897056,8.617477,-0.024235653753428107,-0.03745932787833745,0,0
2016-02-11,-0.012121361,0.014636501,0.01626317,8.599846,-0.023629467496690888,-0.036529823986140186,0,0
2016-02-12,0.018329207,0.014438733,0.010313983,8.571395,-0.023307721415039014,-0.03604433058819513,0,0
2016-02-16,0.01628005,0.013023841,0.006965595,8.941476,-0.02105103014492021,-0.032420710859526206,0,0
2016-02-17,0.017841218,0.011129761,0.013091252,9.649861,-0.018026953944208304,-0.027571993029853036,0,0
2016-02-18,-0.0032558471,0.010277189,0.0074827797,10.484825,-0.016660500753498373,-0.02540511493453462,0,0
2016-02-19,-0.0010441139,0.009480797,0.0089219315,10.3576765,-0.015369456508439768,-0.023436438967553482,0,0
2016-02-22,0.011296621,0.00918963,0.010164581,10.002966,-0.01489744161867255,-0.022716677136695555,0,0
2016-02-23,-0.010513433,0.0089823995,0.006745464,10.5174675,-0.01456149865305534,-0.022204407440890552,0,0
2016-02-24,0.0074098487,0.008820944,0.016586186,10.922331,-0.014299759550208367,-0.021805289065694473,0,0
2016-02-25,0.010436222,0.009597738,0.009945843,11.222712,-0.015559032523541282,-0.023725517940853473,0,0
2016-02-26,-0.003981255,0.009492743,0.009744292,11.850768,-0.015388822771350662,-0.023465970020814315,0,0
2016-02-29,-0.006843593,0.009417536,0.009931831,11.944311,-0.015266902921483314,-0.02328005797384113,0,0
2016-03-01,0.02482533,0.009442234,0.0136215435,12.188667,-0.01530694363642355,-0.023341114900050506,0,0
2016-03-02,0.0027767278,0.009266096,0.006218499,11.283375,-0.015021402243564677,-0.022905701102381576,0,0
2016-03-03,0.0035229025,0.008586958,0.005704265,11.191021,-0.01392044209738133,-0.021226878870927533,0,0
2016-03-04,0.002258187,0.007862731,0.008232322,11.296999,-0.012746387095202998,-0.019436596411167566,0,0
2016-03-07,0.0020030052,0.007596354,0.0069508986,10.470155,-0.012314559775154475,-0.018778115441116218,0,0
2016-03-08,-0.009045288,0.0073701306,0.006541014,10.56592,-0.011947825413660938,-0.0182188928377842,0,0
2016-03-09,0.0040302323,0.0073869973,0.0052251196,10.254626,-0.011975168254222441,-0.018260587143218314,0,0
2016-03-10,-0.0001256992,0.007357046,0.015284402,10.415039,-0.011926614182096543,-0.018186548445273468,0,0
2016-03-11,0.015591211,0.008183593,0.007402469,9.832206,-0.01326117227832742,-0.02025029334208828,0,0
2016-03-14,-0.00061900343,0.008035451,0.004376763,9.99579,-0.013026257438560796,-0.019864057236676877,0,0
2016-03-15,-0.006086597,0.0075782547,0.0052278545,9.258147,-0.012261184734860611,-0.01882246419646715,0,0
2016-03-16,0.0053432873,0.007277453,0.008458839,9.380507,-0.011778685849388423,-0.01806033800991503,0,0
2016-03-17,0.0064237406,0.0072108964,0.010052652,8.9228735,-0.011654586465234049,-0.017952792664564232,0,0
2016-03-18,0.0035646278,0.0072879735,0.005129167,9.078052,-0.011785054986271491,-0.018124311801288612,0,0
2016-03-21,0.0025733733,0.0070018196,0.0042799427,8.819054,-0.011312711130716892,-0.017445723590692245,0,0
2016-03-22,-0.00012239153,0.006604106,0.0065011648,8.937324,-0.01067437321952747,-0.016440337092505693,0,0
2016-03-23,-0.006754708,0.006439616,0.005418322,8.883589,-0.010406645153489963,-0.01603720741461425,0,0
2016-03-24,-0.00012323618,0.006413852,0.006295232,8.489929,-0.010350358515619256,-0.016021727110643907,0,0
2016-03-28,-0.00024651794,0.0065031825,0.006141659,8.433142,-0.010492197365367939,-0.01625235138829354,0,0
2016-03-29,0.009569451,0.006545413,0.008512084,8.386025,-0.010558359316787051,-0.016364208297348963,0,0
2016-03-30,0.0037779582,0.006568838,0.005753282,8.3170185,-0.010593185636758717,-0.016432180612318773,0,0
2016-03-31,-0.0018262621,0.006389959,0.004130522,8.078344,-0.0102941666495932,-0.016017472243611903,0,0
2016-04-01,0.0065589934,0.0061387997,0.010302141,7.947945,-0.009883614727479572,-0.015405834737087655,0,0
2016-04-04,-0.0036385728,0.0062816273,0.0055785016,8.221511,-0.01012597749213197,-0.015726393169177597,0,0
2016-04-05,-0.009154779,0.0062642014,0.0053041447,8.29429,-0.010100969405058653,-0.015673105418139037,0,0
2016-04-06,0.010490459,0.00635071,0.0068523567,8.563512,-0.010251329045191944,-0.015854672179108457,0,0
2016-04-07,-0.012331516,0.006362279,0.0099325655,9.15972,-0.010290758698256805,-0.01581308904901065,1,0
2016-04-08,0.0028215684,0.0068591135,0.0080881985,9.833875,-0.01111495407812517,-0.016972695940509184,0,0
2016-04-11,-0.0030672988,0.0071501285,0.008060457,9.584723,-0.011579122499047675,-0.017720553717685508,0,0
2016-04-12,0.010390656,0.0073536197,0.007240919,9.410547,-0.011902975505284828,-0.01824569412207897,0,0
2016-04-13,0.00980222,0.007148465,0.004797646,9.963164,-0.011587471300730545,-0.017674825348120576,0,0
2016-04-14,0.00024081879,0.006756339,0.004514383,10.582195,-0.010952799046317517,-0.016701605956719472,0,0
2016-04-15,-0.0007226304,0.0064538266,0.0034826084,10.301716,-0.010462391861537914,-0.015953798248032728,0,0
2016-04-18,0.005646678,0.0061871326,0.0078108474,10.195048,-0.010030050549764788,-0.015294533506891176,0,0
2016-04-19,0.0033488849,0.006230117,0.003900678,9.739749,-0.010093304151876792,-0.015425253107196982,0,0
2016-04-20,0.0020277933,0.0060755573,0.006485512,9.407366,-0.00983414463298189,-0.015074903899160516,0,0
2016-04-21,-0.0072953743,0.006118112,0.007279551,9.355997,-0.009901578898256486,-0.015185722664510582,0,0
2016-04-22,0.0015592207,0.0063547012,0.0043737986,9.65282,-0.010292834363269181,-0.015742339205649547,0,0
2016-04-25,-0.0013191823,0.006332302,0.0065173814,9.521348,-0.010252959622926723,-0.015700138554345204,0,0
2016-04-26,0.0025169307,0.0063927416,0.003777676,9.444685,-0.0103486347344296,-0.015857978914374994,0,0
2016-04-27,0.0010767484,0.006181964,0.005460986,9.413235,-0.010006545015614956,-0.015338325008194426,0,0
2016-04-28,-0.008767245,0.0060416907,0.007847965,9.301882,-0.009776368111548268,-0.015001538495568912,0,0
2016-04-29,-0.00653518,0.0062486366,0.009383297,9.713466,-0.010122628695964439,-0.015473656186000148,0,0
2016-05-02,0.0073792147,0.0067271064,0.006340329,9.654134,-0.01089606418701929,-0.01666475050661461,0,0
2016-05-03,-0.008351032,0.006763858,0.007929272,9.568371,-0.010953105581507092,-0.01676500701635262,0,0
2016-05-04,-0.004873304,0.006928281,0.006605608,10.08382,-0.011231537011767486,-0.017126645405031844,0,0
2016-05-05,-0.0014666343,0.0070013287,0.007031064,9.547772,-0.01133702777492031,-0.017355921617727976,0,0
2016-05-06,0.004271685,0.007001129,0.0078203,9.349924,-0.011330460080377238,-0.01737816492946986,0,0
2016-05-09,0.0007304602,0.0068939403,0.0039408654,9.37128,-0.011157670970053105,-0.017109641475059906,0,0
2016-05-10,0.01125443,0.0064635407,0.008266842,8.646529,-0.010436661595220368,-0.016125828968863876,0,0
2016-05-11,-0.009430611,0.0062380573,0.004393679,9.115422,-0.010088458473550882,-0.015509180025464833,0,0
2016-05-12,0.00036436509,0.0062375744,0.00832118,9.747631,-0.010105588560327254,-0.015442957228035025,0,0
2016-05-13,-0.0074349786,0.006585636,0.0071776207,9.614375,-0.010665807280027521,-0.016318432646586008,0,0
2016-05-16,0.00937602,0.006964803,0.009533724,9.3651,-0.0112721615473494,-0.01728622950862689,0,0
2016-05-17,-0.00937602,0.007291183,0.009790374,9.960481,-0.01181873722533907,-0.01802798937149683,0,0
2016-05-18,-0.0009791922,0.00770587,0.009314318,10.473931,-0.012492097918387336,-0.01904883821234791,0,0
2016-05-19,-0.0013479568,0.007977341,0.0077780625,10.315095,-0.012932183709741668,-0.01971991228604073,0,0
2016-05-20,0.0055029183,0.0079258485,0.005298108,10.199996,-0.01284870774009707,-0.019592622198277464,0,0
2016-05-23,-0.0023197618,0.0074386713,0.003564767,10.390597,-0.012058937933423955,-0.01838832510017598,0,0
2016-05-24,0.014441122,0.006882928,0.008419608,10.330097,-0.01115801425133182,-0.017014532677640973,0,0
2016-05-25,0.005886256,0.0066240407,0.0053119445,10.37277,-0.010738328614288445,-0.016374566208252502,0,0
2016-05-26,0.0011970315,0.006331354,0.0031197038,10.155052,-0.010263849265020669,-0.01565104639449901,0,0
2016-05-27,0.003582521,0.0059917527,0.0030283662,10.0357895,-0.009713316864364259,-0.014811555485984479,0,0
2016-05-31,-0.0010734093,0.005700591,0.005805316,9.729545,-0.009235188576400984,-0.014115092568234977,0,0
2016-06-01,0.0014309566,0.0057124267,0.005278423,9.6617365,-0.00925274587086204,-0.014150448771496042,0,0
2016-06-02,0.0027369566,0.0057578767,0.0057090404,9.638435,-0.009325795592674227,-0.01426514873060504,0,0
2016-06-03,-0.0028561247,0.005812191,0.0076632104,9.590209,-0.009412565904282908,-0.01440416137301886,0,0
2016-06-06,0.0049928776,0.00601288,0.0052493266,9.315607,-0.009730136713609035,-0.014928607047542418,0,0
2016-06-07,0.0009482044,0.00597257,0.0038044283,9.569902,-0.009671766735345085,-0.014803560985045759,0,0
2016-06-08,0.0036658233,0.005805604,0.0038036234,9.320462,-0.009394852052198479,-0.014413513170448384,0,0
2016-06-09,-0.0017721076,0.0057236655,0.003969678,9.548226,-0.00926815956464201,-0.014188620088095193,0,0
2016-06-10,-0.008550106,0.0057424465,0.0068512475,8.883569,-0.00927999547156239,-0.01430098192925526,0,0
2016-06-13,-0.008383282,0.006127105,0.0069505484,9.549802,-0.009921479613246593,-0.015188567558880442,0,0
2016-06-14,-0.0061523807,0.0068226955,0.006155947,9.863334,-0.011056741506355654,-0.016879535565409665,0,0
2016-06-15,-0.0012108005,0.0073930975,0.0067411014,10.240366,-0.011985057319964921,-0.018275666693076988,0,0
2016-06-16,0.0033865538,0.0076885824,0.010297843,10.325634,-0.0124640722875053,-0.01900610273973485,0,0
2016-06-17,-0.005569696,0.007942576,0.006755247,10.661079,-0.012875825234533008,-0.019633972879933112,0,0
2016-06-20,0.0073792147,0.0078021307,0.0074959877,10.284422,-0.012648147156365499,-0.01928679317450289,0,0
2016-06-21,0.0030086068,0.007449151,0.00405477,10.603018,-0.012075926668111196,-0.018414230729526946,0,0
2016-06-22,-0.0018040776,0.006870161,0.005379101,10.604748,-0.011137317011492029,-0.016982972056220447,0,0
2016-06-23,0.013867526,0.006597128,0.007639176,11.090189,-0.010694700085191746,-0.016308038328177014,0,0
2016-06-24,-0.042317037,0.0063466327,0.029287431,11.305317,-0.01028861792699426,-0.015688815409579882,1,1
2016-06-27,-0.016735747,0.009243474,0.011394879,6.9510584,-0.014795568402098678,-0.023433440439929537,1,0
2016-06-28,0.02167769,0.012002897,0.008782062,7.412799,-0.0192704712129114,-0.030277842416049677,0,0
2016-06-29,0.018680722,0.012117042,0.013621709,7.2897224,-0.019439256888029836,-0.03060479506469275,0,0
2016-06-30,0.011306351,0.011446536,0.010559105,7.5891185,-0.01839562799478949,-0.028823442876672725,0,0
2016-07-01,0.002866358,0.010252881,0.005828894,7.523378,-0.01647131632959499,-0.025834502649346128,0,0
2016-07-05,-0.006460898,0.008888325,0.0096791545,7.6383276,-0.014288150340948798,-0.022370877233449105,0,0
2016-07-06,0.0053869765,0.008401953,0.009309402,7.8512535,-0.013521048751720773,-0.021104089032155878,0,0
2016-07-07,-0.00095556624,0.008070247,0.006845067,8.035084,-0.012998550627026983,-0.020237132897704218,0,0
2016-07-08,0.013531364,0.0076939417,0.009591099,7.636089,-0.012368008787991635,-0.01936517553226439,0,0
2016-07-11,0.0045874338,0.0073977713,0.0047344468,7.909429,-0.011908404929693039,-0.018571836548724917,0,0
2016-07-12,0.0072497977,0.006887413,0.0052961037,7.560502,-0.011066960208617636,-0.017348035621668548,0,0
2016-07-13,0.00011650259,0.006463932,0.0042007565,7.286279,-0.010369802700739152,-0.016326960039694367,0,0
2016-07-14,0.005228618,0.0062596337,0.007523369,7.234548,-0.010038788656073487,-0.015819591252068697,0,0
2016-07-15,-0.0020881677,0.0063566444,0.006974608,7.345138,-0.01020137339520561,-0.01604609685281316,0,0
2016-07-18,0.003362127,0.006543916,0.0030538791,7.22213,-0.010493870143100301,-0.01654023008538254,0,0
2016-07-19,-0.00057887123,0.006358209,0.003094893,7.2860966,-0.01020018483175792,-0.016059950619249638,0,0
2016-07-20,0.004045079,0.006122648,0.004063982,7.2719693,-0.009821418880845503,-0.01546725818147077,0,0
2016-07-21,-0.004392563,0.0059210313,0.0046196976,7.330221,-0.00950142281332867,-0.014948794174557252,0,0
2016-07-22,0.004392563,0.005881583,0.003578401,7.407574,-0.009442502216751084,-0.014837347257431951,0,0
2016-07-25,-0.0024250834,0.005763151,0.0052402187,7.440339,-0.009254144030680152,-0.014533727000909127,0,0
2016-07-26,0.0004623743,0.00575783,0.0046608546,7.1796427,-0.009230762698131533,-0.014559974590917917,0,0
2016-07-27,-0.0012720441,0.0057618576,0.005419761,7.012624,-0.009226773450496294,-0.014596933241309592,0,0
2016-07-28,0.001965205,0.005796748,0.0048744744,6.6551285,-0.00925723463421553,-0.014746791340686976,0,0
2016-07-29,0.0016155093,0.0057278476,0.004587674,6.4854593,-0.009133686065846304,-0.014602247126557345,0,0
2016-08-01,-0.0017310027,0.0055888053,0.0051994426,6.47124,-0.008910810749181007,-0.01425035058815659,0,0
2016-08-02,-0.005443293,0.005509408,0.008890756,6.4432745,-0.00878195291368278,-0.01405291264348073,0,0
2016-08-03,0.0019722728,0.0057690246,0.0040463707,6.623398,-0.00921050127977124,-0.014681956322528927,0,0
2016-08-04,0.0010425717,0.005725834,0.0032787197,6.585429,-0.009138572355590967,-0.014578854253854205,0,0
2016-08-05,0.008072,0.005523491,0.0038646294,6.4936285,-0.008808470895036696,-0.014079818083308824,0,0
2016-08-08,-0.00057441555,0.0052539124,0.0031620222,6.691111,-0.008392840642301674,-0.01335999875838572,0,0
2016-08-09,0.0009189066,0.005051975,0.003135403,6.6504426,-0.00806753834337904,-0.01285284019614563,0,0
2016-08-10,-0.0021837833,0.004909478,0.0042118784,6.2956843,-0.00781451769326241,-0.012546733539536278,0,0
2016-08-11,0.004133661,0.0050453735,0.004189061,6.0748467,-0.008011925918837343,-0.012932729751362579,0,0
2016-08-12,-0.0006877579,0.0052020038,0.0027240529,6.303734,-0.008280804405251923,-0.01329290105550599,0,0
2016-08-15,0.0026338405,0.0052587935,0.002960299,6.42033,-0.008380677620834682,-0.013417615262298161,0,0
2016-08-16,-0.004240451,0.0052404148,0.0024032448,6.581912,-0.008363577796972343,-0.013343484907459473,0,0
2016-08-17,0.0013772526,0.00521502,0.0053288485,6.87046,-0.008342458543849124,-0.013233003708168217,0,0
2016-08-18,0.0017189026,0.0053246287,0.0025582993,7.0672317,-0.008529851436023753,-0.013481069211564892,0,0
2016-08-19,-0.0008017869,0.0052342694,0.003781398,6.9555073,-0.008378504318526533,-0.013268901515832245,0,0
2016-08-22,-0.00011459348,0.0052036545,0.0035689045,6.27116,-0.008280711099560845,-0.013302863425628642,0,0
2016-08-23,0.001717525,0.005166306,0.003750881,5.406555,-0.00819686193415675,-0.013256628458468034,0,0
2016-08-24,-0.004701574,0.005132448,0.00535277,5.8561444,-0.00814314288310796,-0.013169749661848588,0,0
2016-08-25,-0.0006898931,0.005252736,0.0031445245,6.398097,-0.008369263149051604,-0.013406000838328382,0,0
2016-08-26,-0.0023030872,0.0052655693,0.009391041,6.6111836,-0.00840583901412732,-0.013402691614959347,0,0
2016-08-29,0.0049450966,0.0056362813,0.004747234,6.438259,-0.008983768832027507,-0.014377453010282624,0,0
2016-08-30,-0.0018371805,0.0056346334,0.004003057,6.8477573,-0.009012166050352065,-0.01430153399607964,0,0
2016-08-31,-0.0026468742,0.0055189994,0.005162619,6.6667128,-0.00881452850889032,-0.014038227753612936,0,0
2016-09-01,-0.0010376435,0.005467409,0.007328207,7.02143,-0.008755797591548846,-0.013849618351356166,0,0
2016-09-02,0.0049479418,0.0055777077,0.005378096,6.7228465,-0.008912388140418656,-0.014177953158424638,0,0
2016-09-06,0.002979945,0.005503876,0.0040299944,7.0201783,-0.00881412092733163,-0.01394218971956996,0,0
2016-09-07,0.0,0.005302016,0.0029898186,6.7988625,-0.008476980280749,-0.013465008353648307,0,0
2016-09-08,-0.0032095397,0.0050618374,0.0038924885,6.923004,-0.008100574208507056,-0.01283653957672416,0,0
2016-09-09,-0.025465012,0.0049607507,0.0110597545,6.8071456,-0.007931867594607522,-0.012597101895271835,1,1
2016-09-12,0.016701119,0.005722335,0.015069637,5.048937,-0.009079057116360919,-0.014683385899580684,0,0
2016-09-13,-0.01693669,0.0070629553,0.009776804,5.164383,-0.0112060852339582,-0.018123387903055028,1,0
2016-09-14,-0.0042498,0.008299858,0.006653758,5.3109155,-0.013168555720132607,-0.021297253988015453,0,0
2016-09-15,0.0116437655,0.008927497,0.010207914,5.199645,-0.01416436831953554,-0.02290776271081536,0,0
2016-09-16,-0.0025758122,0.009055216,0.004499358,5.1850104,-0.014367006240417833,-0.023235485155125305,0,0
2016-09-19,0.00023443911,0.008369718,0.006282369,5.1381392,-0.013279395205370522,-0.02147651257332894,0,0
2016-09-20,-0.00093808636,0.0077772066,0.004732169,4.907504,-0.012339316788767781,-0.01995614168129323,0,0
2016-09-21,0.011779249,0.0072363354,0.006962964,4.887841,-0.01148117017259733,-0.01856827752732251,0,0
2016-09-22,0.005549789,0.0068277037,0.005555239,4.7089696,-0.010832835237760512,-0.01751973780360677,0,0
2016-09-23,-0.0047385236,0.006464684,0.003287558,4.858831,-0.010256868597527244,-0.016588237942394328,0,0
2016-09-26,-0.008492867,0.0061674905,0.0057695503,4.97541,-0.009785341340655965,-0.015825645903807525,0,0
2016-09-27,0.006057095,0.0062320773,0.0058189295,5.2785063,-0.009887814454913418,-0.015991373716915183,0,0
2016-09-28,0.004865626,0.006293134,0.006175213,5.286473,-0.009984686462057626,-0.016148042966324584,0,0
2016-09-29,-0.0068417965,0.006303513,0.008934609,5.454483,-0.0100011540789161,-0.01617467572896506,0,0
2016-09-30,0.0055697523,0.0066085234,0.009793584,5.40939,-0.010485084304317466,-0.016957326851980297,0,0
2016-10-03,-0.0033613476,0.0069247917,0.005432535,5.5109725,-0.010986875636876883,-0.017768864402917965,0,0
2016-10-04,-0.003955333,0.006841726,0.007372989,5.359949,-0.010855083124770746,-0.017555718886910324,0,0
2016-10-05,0.003955333,0.00681063,0.004949554,5.211867,-0.010805746329254984,-0.017475927428576933,0,0
2016-10-06,0.0015082085,0.006518298,0.004507457,5.280532,-0.010341932131678262,-0.016725809573667663,0,0
2016-10-07,-0.0046479283,0.0061673713,0.007304592,5.1267047,-0.009785152224115308,-0.015825340049233545,0,0
2016-10-10,0.005806543,0.0061153956,0.004486471,5.0370708,-0.009702687458886621,-0.015691971357369158,0,0
2016-10-11,-0.011412724,0.005892885,0.01065366,5.254993,-0.009349652120671145,-0.015121014038699419,1,0
2016-10-12,-0.00140647,0.006312778,0.0047858283,5.45559,-0.010015854496712832,-0.016198450434270695,0,0
2016-10-13,-0.0024660926,0.00654701,0.008160081,5.3421545,-0.010387486596380878,-0.01679948394052146,0,0
2016-10-14,0.0003526715,0.0069219107,0.0069590914,5.390541,-0.010982304264803198,-0.017761471210057934,0,0
2016-10-17,-0.0018823534,0.0070404103,0.004308763,4.9998794,-0.011170315966722891,-0.018065538949421416,0,0
2016-10-18,0.0042303237,0.006799325,0.0058483086,5.0862384,-0.010787809213535138,-0.017446918073457298,0,0
2016-10-19,0.0028103064,0.006530614,0.0049510743,5.3050942,-0.010361472666106456,-0.016757412107280562,0,0
2016-10-20,-0.00046783627,0.006200721,0.005875271,5.432918,-0.00983806504149077,-0.015910914939511286,0,0
2016-10-21,-0.0010534326,0.0060113887,0.005047466,5.430643,-0.009537670156637652,-0.015425092021995998,0,0
2016-10-24,0.004440297,0.0058541186,0.0042072046,5.2687864,-0.009288144906629835,-0.015021539594624257,0,0
2016-10-25,-0.0029190283,0.005624981,0.0043661627,5.3232465,-0.008924595955563181,-0.014433578810427856,0,0
2016-10-26,-0.0018726598,0.005525432,0.005043888,5.4268694,-0.008766651069016492,-0.014178137558070137,0,0
2016-10-27,-0.0049324823,0.005555875,0.0063767945,5.475114,-0.008814951795445879,-0.014256253401632205,0,0
2016-10-28,0.00011772323,0.0057538645,0.007504821,5.3856,-0.009129082513251991,-0.014764291019783929,0,0
2016-10-31,-0.0017673053,0.0060764416,0.005246797,5.398001,-0.009640882544644949,-0.015592015448438305,0,0
2016-11-01,-0.007694622,0.0062162643,0.011519861,5.3806133,-0.00986272529547417,-0.015950797497906854,0,0
2016-11-02,-0.0054814247,0.006816723,0.0057755755,5.3029976,-0.010815412989560444,-0.01749156113390625,0,0
2016-11-03,-0.00419087,0.0070613595,0.0062729046,5.444643,-0.011203553424959354,-0.018119293256653134,0,0
2016-11-04,-0.0016812781,0.007249548,0.005115393,5.540342,-0.011502134057831523,-0.018602182019044834,0,0
2016-11-07,0.023284493,0.007138938,0.0064741243,5.617098,-0.011326640242148443,-0.018318359218324597,0,0
2016-11-08,0.0030484253,0.0065821935,0.007819978,5.0091476,-0.0104433094558365,-0.016889765186349055,0,0
2016-11-09,0.011523144,0.006494593,0.04617458,4.8655887,-0.010304321466547079,-0.016664982562340037,0,0
2016-11-10,0.003235127,0.010140427,0.010466749,5.021578,-0.016088802854578244,-0.02602011397751146,0,0
2016-11-11,-0.0026566577,0.010660087,0.0071332115,5.0526524,-0.01691329487028619,-0.02735354918808489,0,0
2016-11-14,-0.00046274872,0.00978756,0.0071811127,4.9287815,-0.015528943695398752,-0.025114664438171824,0,0
2016-11-15,0.008641104,0.008646654,0.004546129,4.7880416,-0.013718782603832214,-0.022187125431948316,0,0
2016-11-16,-0.0029871345,0.0073762177,0.0049673817,4.6532164,-0.011703107934128798,-0.018927213235787558,0,0
2016-11-17,0.0052788737,0.006656904,0.0029457477,4.7435346,-0.010561843903092354,-0.01708146868695979,0,0
2016-11-18,-0.0016036659,0.006035451,0.0034424472,4.571757,-0.009575847266526976,-0.01548683513362655,0,0
2016-11-21,0.005601615,0.005721689,0.0043732757,4.574385,-0.009078032810504346,-0.014681729309256543,0,0
2016-11-22,0.0033005208,0.0055589983,0.0030304347,4.615053,-0.008819907734647695,-0.014264268547573296,0,0
2016-11-23,0.00022722108,0.005409445,0.0036973376,4.6851873,-0.008582626197135727,-0.013880517642883478,0,0
2016-11-25,0.004759755,0.005358977,0.003542722,4.748213,-0.008502552987012099,-0.013751016767473773,0,0
2016-11-28,-0.004759755,0.0052896985,0.002974932,4.8875055,-0.008392636462881697,-0.013573250869554831,0,0
2016-11-29,0.0013622433,0.005265949,0.004136845,5.019806,-0.008354955218371705,-0.013512309711544091,0,0
2016-11-30,-0.0022714376,0.0053055324,0.0051352135,5.017959,-0.008417758197418856,-0.01361387977164767,0,0
2016-12-01,-0.003074648,0.0054158596,0.005049617,4.9500732,-0.008592803200641812,-0.013896976716536835,0,0
2016-12-02,0.0,0.005561191,0.004174387,4.9273224,-0.008823386031213657,-0.014269893930264102,0,0
2016-12-05,0.005572946,0.005605859,0.0076838727,4.7699294,-0.008894256776177075,-0.014384511834298806,0,0
2016-12-06,0.0026052005,0.005676549,0.0034931141,4.760987,-0.009006412838288945,-0.014565899694278036,0,0
2016-12-07,0.012031404,0.0054533347,0.008339045,4.8251734,-0.008652261802969973,-0.013993137979963717,0,0
2016-12-08,0.0049057966,0.005432203,0.005117059,4.6988354,-0.008618733883443792,-0.013938913915228422,0,0
2016-12-09,0.0054350975,0.0053324825,0.00355695,4.682227,-0.008460517537747837,-0.013683033637166424,0,0
2016-12-12,-0.0017714796,0.0051699597,0.005474836,4.8290534,-0.00820265849185747,-0.013266003120673369,0,0
2016-12-13,0.0051948167,0.0052036215,0.0062618596,4.773748,-0.00825606626974843,-0.01335237850115191,0,0
2016-12-14,-0.0069694403,0.00528775,0.008124175,4.8698344,-0.008389545448035357,-0.013568251830202126,0,0
2016-12-15,0.0028821658,0.005698012,0.006145774,4.898936,-0.009040466483700877,-0.014620974005460615,0,0
2016-12-16,-0.0014400446,0.005954871,0.0043900195,4.7932725,-0.009447999055859713,-0.015280068661102061,0,0
2016-12-19,0.0021039818,0.0059665,0.002846584,4.751145,-0.009466449229371678,-0.015309907774802777,0,0
2016-12-20,0.002871978,0.0057077003,0.0024191593,4.6919274,-0.009055838310460133,-0.014645834567674827,0,0
2016-12-21,-0.0026507636,0.0053724777,0.0025158017,4.604264,-0.008523973828480894,-0.013785660285798298,0,0
2016-12-22,-0.0007744648,0.005130694,0.0029741148,4.4992027,-0.008140359521964126,-0.013165248184960732,0,0
2016-12-23,0.0005532504,0.0050224853,0.0019991102,4.380285,-0.007968676087872948,-0.012887587841709534,0,0
2016-12-27,0.00044238,0.0049256994,0.0036179111,4.4586606,-0.00781511526658695,-0.012639236854475894,0,0
2016-12-28,-0.0069903196,0.0049277237,0.006093841,4.513495,-0.007818326628322799,-0.012644430528557495,0,0
2016-12-29,-0.000111352376,0.0051765246,0.003304658,4.5157943,-0.00821307437941491,-0.01328284853694649,0,0
2016-12-30,-0.0039051652,0.0053133164,0.007302874,4.430354,-0.008430108683846752,-0.013633853977773277,0,0
2017-01-03,0.0072403545,0.0056498405,0.0053812326,4.409392,-0.008964037160224265,-0.014497366318421327,0,0
2017-01-04,0.0052028676,0.005669438,0.003981788,4.327558,-0.008995130996045337,-0.01454765378600827,0,0
2017-01-05,0.0,0.005464987,0.003753931,4.533098,-0.008670749075899004,-0.01402303709384402,0,0
2017-01-06,0.0031968278,0.005243787,0.0054988307,4.357583,-0.008319793114766926,-0.013455442712069046,0,0
2017-01-09,-0.0028656472,0.0051462348,0.0032358617,4.405836,-0.008165017061356035,-0.013205126353099257,0,0
2017-01-10,-0.0005520287,0.005028231,0.004518565,4.2682977,-0.007977791686105393,-0.012902330324859167,0,0
2017-01-11,0.0029773414,0.0051044174,0.004894821,4.3895326,-0.008098669730683265,-0.01309782408071683,0,0
2017-01-12,-0.0030877837,0.0051930128,0.006612035,4.471334,-0.008239234897629937,-0.0133251574440677,0,0
2017-01-13,0.0039682593,0.0054139956,0.0025352966,4.4856005,-0.008589846105642444,-0.013892194263198241,0,0
2017-01-17,-0.0042996593,0.0053220163,0.0035913521,4.3957415,-0.008443911476723237,-0.013656176971416766,0,0
2017-01-18,0.0016559036,0.0052723577,0.0029544057,4.3338637,-0.00836512317323948,-0.013528754151007306,0,0
2017-01-19,-0.0022084815,0.0051739076,0.0050414163,4.452141,-0.00820892195929493,-0.013276132907090062,0,0
2017-01-20,0.0019878526,0.0052229874,0.0038168046,4.3530197,-0.008286792730854158,-0.013402071820619062,0,0
2017-01-23,-0.0017667849,0.0051879114,0.004804799,4.477197,-0.008231140890662575,-0.013312067160985163,0,0
2017-01-24,0.0055108704,0.005200748,0.0053468607,4.4556756,-0.008251507565768377,-0.013345005796158079,0,0
2017-01-25,0.008536771,0.0051792576,0.00394971,4.4330044,-0.008217410486892562,-0.013289861240862814,0,0
2017-01-26,0.0,0.0050374917,0.0030810072,4.3549027,-0.007992484864991477,-0.012926093322812686,0,0
2017-01-27,-0.0021819777,0.004915943,0.0026851075,4.1755505,-0.007799635761031817,-0.012614202145398984,0,0
2017-01-30,-0.0056955246,0.004814767,0.0068008765,4.3148847,-0.007639109297975583,-0.012354585758593587,0,0
2017-01-31,-0.00065926823,0.005034032,0.004971771,4.315841,-0.007986995056129433,-0.012917214759653184,0,0
2017-02-01,0.0,0.005203124,0.0051574805,4.4650106,-0.008255277228487888,-0.013351102399771476,0,0
2017-02-02,0.00043956045,0.0053036246,0.004743996,4.2954326,-0.00841473142790451,-0.013608984635044978,0,0
2017-02-03,0.006788595,0.005314664,0.0056200284,4.2692747,-0.00843224687707916,-0.013637312036903968,0,0
2017-02-06,-0.0019661393,0.0052581904,0.0028135881,4.517086,-0.0083426454508162,-0.013492401359274127,0,0
2017-02-07,0.000874317,0.005087525,0.0033418685,4.4315434,-0.008071867664012132,-0.013054477609514512,0,0
2017-02-08,0.0007644008,0.004959511,0.0031745688,4.2039995,-0.007868761023665438,-0.012725997114155185,0,0
2017-02-09,0.006094262,0.004929266,0.0049034767,4.320216,-0.007820774284985373,-0.012648389076991062,0,0
2017-02-10,0.0036820488,0.0049810773,0.0031628273,4.557697,-0.00790297754456693,-0.01278133484076033,0,0
2017-02-13,0.005820236,0.0049480316,0.0035621643,4.4791503,-0.007850547924477168,-0.012696541416236202,0,0
2017-02-14,0.0046105264,0.004894894,0.004694627,4.501777,-0.007766239951624947,-0.012560191739839771,0,0
2017-02-15,0.005760016,0.0048717833,0.0046441546,4.4495516,-0.007729572154605557,-0.012500889611125,0,0
2017-02-16,-0.0021294728,0.0048810774,0.0040322915,4.405579,-0.007744317815593834,-0.012524737487381346,0,0
2017-02-17,0.0010653032,0.0049280864,0.0036112026,4.4773183,-0.00781890212171925,-0.012645361263050563,0,0
2017-02-21,0.005097717,0.0049556247,0.0044518816,4.5850754,-0.007862594376657882,-0.012716023913573017,0,0
2017-02-22,0.00042363905,0.004981947,0.0025336808,4.5669365,-0.007904357461909046,-0.012783566554757073,0,0
2017-02-23,0.0007409368,0.0049182246,0.004339582,4.453079,-0.007803256121219231,-0.01262005728487503,0,0
2017-02-24,0.00095182704,0.0049585574,0.00478606,4.3788414,-0.007867248091340179,-0.012723550277563346,0,0
2017-02-27,0.0013732638,0.0050249035,0.0025304975,4.2305193,-0.007972512710515946,-0.012893792738329987,0,0
2017-02-28,-0.0023250908,0.0049543246,0.0032726042,4.2837033,-0.007860532191987272,-0.012712688781639524,0,0
2017-03-01,0.012930535,0.004932251,0.008256442,4.2672663,-0.00782550943741245,-0.012656047148692673,0,0
2017-03-02,-0.004816259,0.0051043383,0.0040084133,4.196216,-0.00809854395461077,-0.013097620665473849,0,0
2017-03-03,-0.00031491104,0.0052049556,0.0027969833,4.2496324,-0.008258182746248895,-0.013355801438226258,0,0
2017-03-06,-0.0024176182,0.005156929,0.003903017,4.2422686,-0.008181984163049162,-0.013232566923035606,0,0
2017-03-07,-0.0037958713,0.005123032,0.0030361037,4.321022,-0.008128202676396041,-0.013145587150504177,0,0
2017-03-08,-0.0010569708,0.005049997,0.0040079146,4.4454274,-0.008012325814211529,-0.012958181711538319,0,0
2017-03-09,0.000951324,0.0050372635,0.0045185853,4.271918,-0.007992122919459119,-0.012925507955206984,0,0
2017-03-10,0.0023216559,0.0050561633,0.005098639,4.292025,-0.008022109201951174,-0.012974004197920474,0,0
2017-03-13,0.0013693582,0.0050815633,0.0018529281,4.464807,-0.008062409122387778,-0.013039180490558475,0,0
2017-03-14,-0.0050654393,0.004897923,0.004580279,4.3589506,-0.0077710456834308335,-0.012567963958224494,0,0
2017-03-15,0.0073785516,0.0049188267,0.0058686263,4.4919605,-0.007804210752560826,-0.012621601191935073,0,0
2017-03-16,-0.0006303183,0.005063527,0.004528235,4.4791675,-0.00803379189887187,-0.012992898400813557,0,0
2017-03-17,-0.0015775362,0.005169254,0.0026247913,4.384537,-0.00820153827043482,-0.013264191407933718,0,0
2017-03-20,-0.0021072603,0.0051244027,0.0029944782,4.2380786,-0.008130377969045515,-0.013149105209814453,0,0
2017-03-21,-0.011883429,0.005064892,0.009973533,4.2210665,-0.008035958142883035,-0.01299640182593369,1,0
2017-03-22,0.00010672928,0.005531036,0.004956616,4.202272,-0.008775542261018876,-0.014192517113304234,0,0
2017-03-23,-0.0010678058,0.0057858713,0.0053140135,4.268804,-0.009179864376305693,-0.014846419558283093,0,0
2017-03-24,0.0020278571,0.0059032417,0.0062612393,4.1150556,-0.009366083542976382,-0.015147588264579327,0,0
2017-03-27,-0.0026690883,0.00591043,0.007197817,4.2269897,-0.009377489351564822,-0.015166034661254046,0,0
2017-03-28,0.005543724,0.00592585,0.007594751,4.344832,-0.009401954154960751,-0.015205601121142536,0,0
2017-03-29,0.0023362015,0.0058661858,0.0031306972,4.257753,-0.00930729092042776,-0.015052504077546939,0,0
2017-03-30,0.0031769592,0.005530547,0.003530203,4.2724733,-0.008774765887851966,-0.014191261499790001,0,0
2017-03-31,-0.002222811,0.0052258666,0.0025020374,4.3798013,-0.00829136048347252,-0.013409459159803036,0,0
2017-04-03,-0.0013785061,0.0050058216,0.0069798655,4.329324,-0.007942236871598004,-0.012844828201531934,0,0
2017-04-04,0.00021220159,0.005145285,0.0041673477,4.3764005,-0.008163509558213763,-0.013202688297021503,0,0
2017-04-05,-0.004252611,0.005184109,0.008788892,4.277923,-0.008225107258638162,-0.013302309082998091,0,0
2017-04-06,0.0030849448,0.0055499524,0.0066479924,4.2366195,-0.008805554784562025,-0.014241055795169138,0,0
2017-04-07,-0.0006374841,0.0057393527,0.007181865,4.11325,-0.009106057348211018,-0.014727052859547124,0,0
2017-04-10,0.00010627557,0.0058993995,0.0047241678,4.1496773,-0.009359988380211468,-0.015137730674099285,0,0
2017-04-11,-0.0006378229,0.0058701327,0.00673157,4.1849174,-0.00931355348300139,-0.015062632400544616,0,0
2017-04-12,-0.0043693786,0.005884737,0.0049272184,4.0380216,-0.009336724331119137,-0.015100106171242716,0,0
2017-04-13,-0.0056766607,0.005832757,0.005610577,3.8842645,-0.009254252326979804,-0.014966725772026216,0,0
2017-04-17,0.0074906717,0.0058838855,0.0042826417,4.0186553,-0.009335373369419609,-0.01509792128665443,0,0
2017-04-18,-0.0033103772,0.0057291514,0.004627791,4.1353436,-0.009089872048867785,-0.014700876683639093,0,0
2017-04-19,-0.0014986087,0.005637615,0.005333562,4.0565267,-0.008944640499145184,-0.014465996468431696,0,0
2017-04-20,0.007789614,0.005616468,0.0059602163,4.0415435,-0.0089110890531594,-0.01441173435480203,0,0
2017-04-21,-0.0019150979,0.0055924277,0.0044560907,4.1370764,-0.00887294632809565,-0.014350046853094019,0,0
2017-04-24,0.009539023,0.0055443095,0.003243173,3.9493046,-0.008796602061819142,-0.014226576727442071,0,0
2017-04-25,0.0063091693,0.005262012,0.0048571676,4.046399,-0.00834870894334703,-0.013502207730088669,0,0
2017-04-26,-0.0011537051,0.0050979885,0.0039183595,4.186979,-0.008088469200717577,-0.0130813269581691,0,0
2017-04-27,0.0015729044,0.004985279,0.0027244613,4.239891,-0.00790964367640914,-0.012792115848638368,0,0
2017-04-28,-0.002307774,0.0048595537,0.002730371,4.3258605,-0.007710168254615828,-0.012469508053783256,0,0
2017-05-01,0.0027267977,0.0047810683,0.003818237,4.247297,-0.007585643608799445,-0.012268116719298134,0,0
2017-05-02,-0.000523807,0.0047515617,0.0020710584,4.204103,-0.007538828216348476,-0.01219240307804797,0,0
2017-05-03,-0.0010484379,0.004660515,0.0031124733,4.097626,-0.007394373944656613,-0.01195877993977382,0,0
2017-05-04,0.00094364356,0.0046522585,0.0042798785,3.9419718,-0.00738127377854482,-0.011937593290994902,0,0
2017-05-05,0.0051220516,0.0046980623,0.0051573943,3.8714697,-0.007453946107395551,-0.012055124862286992,0,0
2017-05-08,-0.0011475667,0.004772587,0.0036446967,4.031024,-0.007572187378770194,-0.012246354215137107,0,0
2017-05-09,-0.00073095603,0.004775491,0.0033064669,4.0381308,-0.0075767944929652,-0.0122538052130482,0,0
2017-05-10,0.0008353347,0.0047430494,0.0026568873,4.1554737,-0.00752532267124044,-0.012170560817550665,0,0
2017-05-11,-0.0017759211,0.0047047795,0.0047000926,4.0560813,-0.007464603593595842,-0.012072361011436921,0,0
2017-05-12,-0.0009414719,0.0048010387,0.0021111497,3.927318,-0.007617328320702091,-0.012319359799501387,0,0
2017-05-15,0.0040733255,0.0047672763,0.0033599848,4.0240583,-0.007563761286776893,-0.012232726857276338,0,0
2017-05-16,-0.0006255865,0.004731995,0.0030872242,4.011741,-0.007507783695606188,-0.012142195366797304,0,0
2017-05-17,-0.01661622,0.0046936967,0.007230559,3.8803897,-0.00744701982720196,-0.012043923121442356,1,1
2017-05-18,0.0025418357,0.0051101325,0.008860989,3.463411,-0.00810773646626884,-0.013112487539239694,0,0
2017-05-19,0.00758697,0.005801539,0.00660574,3.555026,-0.009204721890604232,-0.014886621142023769,0,0
2017-05-22,0.0047127907,0.0060149725,0.0037785473,3.6902473,-0.009543356320951001,-0.015434288147081594,0,0
2017-05-23,0.0021917245,0.005756055,0.003581857,3.6726036,-0.009132557190362631,-0.014769910548798679,0,0
2017-05-24,0.001666667,0.0053990474,0.0023987212,3.7759807,-0.008566129624634667,-0.013853838050834543,0,0
2017-05-25,0.0047762524,0.005012691,0.0035602278,3.6649022,-0.007953135956441143,-0.01286245508355867,0,0
2017-05-26,0.00010357864,0.0047864444,0.0022639006,3.555745,-0.007594172855269469,-0.012281910906926529,0,0
2017-05-30,-0.0012436523,0.004628005,0.0025787957,3.5710173,-0.0073427930868402306,-0.011875359202285066,0,0
2017-05-31,0.00010369679,0.0045676925,0.004106089,3.5035224,-0.007247101474563426,-0.011720598982979764,0,0
2017-06-01,0.0076438757,0.00463463,0.004218569,3.530332,-0.007353304437531831,-0.011892359009264192,0,0
2017-06-02,0.003390008,0.004673828,0.0030023307,3.6033175,-0.007415495728629297,-0.011992939798114133,0,0
2017-06-05,-0.0013340861,0.004663981,0.0017310892,3.6340055,-0.007399872802156967,-0.011967673137123465,0,0
2017-06-06,-0.0015415449,0.004598654,0.0026145654,3.6363237,-0.007296224722215095,-0.011800045074425794,0,0
2017-06-07,0.0005141124,0.004592133,0.0031370947,3.558392,-0.0072858789616045486,-0.011783313073126276,0,0
2017-06-08,0.00020557098,0.004615096,0.0034051763,3.6303086,-0.007322311494027904,-0.01184223471289734,0,0
2017-06-09,-0.0008225376,0.0046403846,0.0089814775,3.6270456,-0.007362434513585569,-0.011907124907118054,0,0
2017-06-12,-0.0008232147,0.004968504,0.0034779825,3.6976542,-0.007883028916551002,-0.012749072305172002,0,0
2017-06-13,0.0039042484,0.0050141667,0.002816035,3.6049411,-0.007955477744035502,-0.01286624241196757,0,0
2017-06-14,-0.0011286103,0.0048847916,0.0050250157,3.5466912,-0.007750211193724459,-0.012534268735421208,0,0
2017-06-15,-0.0013354566,0.0048992913,0.005301912,3.4371207,-0.007773216451761153,-0.012571474700439698,0,0
2017-06-16,-0.00041126876,0.004973559,0.004803901,3.5184124,-0.007891049629548062,-0.012762044051314383,0,0
2017-06-19,0.0067644003,0.005027434,0.004094139,3.5289953,-0.007976526686469799,-0.012900284465077235,0,0
2017-06-20,-0.0040941713,0.004961652,0.004173643,3.5321627,-0.00787215788248662,-0.012731490789134707,0,0
2017-06-21,-0.0016423736,0.004948143,0.0034385086,3.462924,-0.007850724372924191,-0.012696826782943982,0,0
2017-06-22,-0.00071938755,0.0049204472,0.0031962965,3.552837,-0.007806782375568231,-0.012625760228773594,0,0
2017-06-23,0.0013355938,0.0048667663,0.0028967333,3.700914,-0.007721612067485167,-0.012488015914056575,0,0
2017-06-26,0.00041059332,0.004776666,0.0049702167,3.5877323,-0.0075786585124568455,-0.012256819856217571,0,0
2017-06-27,-0.0063832193,0.0047956877,0.004616794,3.8300252,-0.0076088388882406275,-0.012305630002309621,0,0
2017-06-28,0.007408966,0.0048809433,0.006308944,3.815123,-0.007744105172593574,-0.012524393583912996,0,0
2017-06-29,-0.007615556,0.005006413,0.011132635,3.9332867,-0.007943175215390643,-0.01284634576704972,0,0
2017-06-30,0.00041313778,0.0055053122,0.0043051546,4.129748,-0.008734729282790153,-0.014126511062085149,0,0
2017-07-03,0.0016508464,0.0055831703,0.004298354,4.0252857,-0.00885825857839255,-0.014326292635654585,0,0
2017-07-05,0.0012363488,0.005495961,0.0036297035,4.062956,-0.008719892230554954,-0.014102515380508362,0,0
2017-07-06,-0.008063726,0.0052792407,0.0054232283,3.9414003,-0.008376043974814562,-0.013546416155090385,0,0
2017-07-07,0.0057959175,0.005281985,0.0038220587,3.8797812,-0.008380397274705001,-0.01355345666396798,0,0
2017-07-10,0.0008252528,0.0051852395,0.003111401,4.1140947,-0.008226901603614828,-0.013305211042903366,0,0
2017-07-11,0.0,0.005032176,0.005111896,4.0815344,-0.007984051534087528,-0.012912454257599803,0,0
2017-07-12,0.006372722,0.0050133066,0.004842457,3.981789,-0.007954113209378512,-0.01286403557609407,0,0
2017-07-13,0.0022515617,0.004993726,0.0020476768,3.8423293,-0.007923046519472367,-0.012813792011077555,0,0
2017-07-14,0.0042844093,0.004845742,0.0050024567,3.9445164,-0.007688255167223025,-0.012434068435514974,0,0
2017-07-17,0.0010173976,0.004826969,0.0018315965,3.8493366,-0.007658469764501429,-0.012385897071822648,0,0
2017-07-18,-0.00030511062,0.0046883128,0.0037258773,3.8522112,-0.007438477460206388,-0.012030107714238254,0,0
2017-07-19,0.0055789566,0.004667152,0.0028175365,3.7720284,-0.0074049042974886625,-0.011975810478552246,0,0
2017-07-20,-0.000101158264,0.0045857816,0.0030757615,3.9315207,-0.007275801493119862,-0.011767014975564488,0,0
2017-07-21,-0.0007083945,0.0045529488,0.0034995028,3.8129094,-0.007223708934807108,-0.01168276667462317,0,0
2017-07-24,-0.0004050223,0.0045667915,0.0019815587,3.657618,-0.00724567178971061,-0.011718286780937236,0,0
2017-07-25,0.0022255953,0.0045206547,0.0031110044,3.4532356,-0.007172471020382635,-0.011599900572940821,0,0
2017-07-26,-0.00030319876,0.0045048245,0.002302251,3.4329286,-0.0071473551674603765,-0.011559281183071573,0,0
2017-07-27,-0.00050553563,0.0044677933,0.0067016077,3.4851243,-0.007088601454056483,-0.011464259923056797,0,0
2017-07-28,-0.0007081795,0.0046700523,0.0029775277,3.5139585,-0.007409505530068767,-0.011983251964239747,0,0
2017-07-31,-0.000911254,0.004699323,0.002719212,3.5120616,-0.007455946308893746,-0.012058359750018009,0,0
2017-08-01,0.0017205612,0.0046691443,0.0029595618,3.5445883,-0.007408064986849981,-0.011980922201169048,0,0
2017-08-02,0.0005054845,0.0046051485,0.0036484452,3.605607,-0.007306528859089421,-0.011816709758450655,0,0
2017-08-03,-0.0007077499,0.0045795953,0.002403725,3.3808527,-0.007265986435146136,-0.011751141269516832,0,0
2017-08-04,0.0001011378,0.004519449,0.002842269,3.3852556,-0.007170558590676037,-0.011596807636854186,0,0
2017-08-07,0.0022224477,0.00449053,0.0012040795,3.4415395,-0.007124675660402805,-0.011522602048898215,0,0
2017-08-08,-0.0019190956,0.0043740734,0.0058725597,3.1675138,-0.006939905180725381,-0.011223776276443807,0,0
2017-08-09,0.0001010969,0.004530593,0.0043786527,3.2658825,-0.007188239177499825,-0.011625402112683278,0,0
2017-08-10,-0.014459064,0.004726405,0.0075973044,3.2848184,-0.007498914220335748,-0.012127850933619549,1,1
2017-08-11,0.0010251154,0.0052998937,0.004498807,3.1475904,-0.00840881180872279,-0.013599410947853703,0,0
2017-08-14,0.009585064,0.0057322457,0.0045615686,2.9421537,-0.009094781840014226,-0.014708817195210456,0,0
2017-08-15,0.000101476486,0.0057246173,0.0037936696,3.0943353,-0.009082678381412164,-0.014689242502475743,0,0
2017-08-16,0.0015209129,0.0055388543,0.0035010278,3.0248916,-0.008787947039276624,-0.014212579124570695,0,0
2017-08-17,-0.015520018,0.005299617,0.008826737,2.780591,-0.008408372949764806,-0.013598701189631789,1,1
2017-08-18,-0.0011325612,0.005673241,0.0058210394,2.726342,-0.00900116462806975,-0.01455741186399534,0,0
2017-08-21,0.00051495957,0.0060306373,0.0045911595,2.734632,-0.009568210215794216,-0.015474483877146214,0,0
2017-08-22,0.010141971,0.00609375,0.0045076595,2.935209,-0.009668344257048805,-0.015636428752102013,0,0
2017-08-23,-0.0045972397,0.0057832575,0.0035848422,2.9774768,-0.009175717385368699,-0.014839712708940748,0,0
2017-08-24,-0.0003072354,0.005552938,0.0041971384,3.060389,-0.008810292651580596,-0.014248718257127792,0,0
2017-08-25,0.0007167358,0.005404595,0.004626354,2.9093535,-0.00857493033025396,-0.013868071264167215,0,0
2017-08-28,0.0005116398,0.005335594,0.0037367071,3.0300057,-0.008465454474809203,-0.013691018051308216,0,0
2017-08-29,0.0013290397,0.005229406,0.007268188,3.0834694,-0.008296976068407059,-0.01341854113820552,0,0
2017-08-30,0.003569429,0.0053568166,0.0043066884,3.0455897,-0.008499125362820666,-0.013745473336247763,0,0
2017-08-31,0.005785937,0.005318904,0.0041766926,3.0870934,-0.00843897363479804,-0.01364819109385596,0,0
2017-09-01,0.0017191692,0.005192383,0.0025978794,3.072669,-0.008238235927960628,-0.013323541829475958,0,0
2017-09-05,-0.005877601,0.0049913037,0.007396888,3.1442752,-0.007919202657918721,-0.012807575407104987,0,0
2017-09-06,0.002334908,0.0051729823,0.0033355276,3.0706565,-0.008207454270161216,-0.013273759241448935,0,0
2017-09-07,0.00040551502,0.0051665753,0.003167523,3.0804675,-0.008197289029884933,-0.013257319192242763,0,0
2017-09-08,-0.0016230476,0.0050989147,0.002917883,3.157498,-0.008089938699578952,-0.013083703550648257,0,0
2017-09-11,0.010101096,0.0050215283,0.0034595921,3.1591733,-0.007967157726364705,-0.01288513222460361,0,0
2017-09-12,0.0027098928,0.0048649567,0.0019810128,3.4333959,-0.0077187409345497345,-0.012483372485524334,0,0
2017-09-13,0.00020044098,0.004652574,0.0018399848,3.6261423,-0.00738177462067522,-0.011938403293419294,0,0
2017-09-14,-0.00020044098,0.0045376876,0.0024821644,3.9854136,-0.0071994956835561685,-0.011643607045220645,0,0
2017-09-15,0.0012020436,0.0045255325,0.0035820066,3.9269323,-0.007180210320728286,-0.011612417195769768,0,0
2017-09-18,0.002200001,0.00459818,0.0021373574,4.070829,-0.0072954727803716205,-0.011798828973224946,0,0
2017-09-19,0.00079880183,0.0045812293,0.001322091,4.0716386,-0.007268578870021652,-0.011755333964992681,0,0
2017-09-20,0.00019960079,0.0045039384,0.0037282004,4.118377,-0.007145949009067165,-0.011557007029923416,0,0
2017-09-21,-0.001697878,0.0045375875,0.0026155661,4.1465516,-0.007199336879953846,-0.011643350215183644,0,0
2017-09-22,-0.00059994,0.0045493613,0.0025301448,4.356928,-0.007218017341310773,-0.01167356176902349,0,0
2017-09-25,-0.0010007005,0.0045593027,0.005504621,4.2655916,-0.007233790022747118,-0.011699070625861016,0,0
2017-09-26,-0.0006009014,0.0047165593,0.0024717594,4.1822896,-0.0074832935560229935,-0.012102587931176417,0,0
2017-09-27,0.003600004,0.004712581,0.0039404226,4.1815653,-0.00747698167837058,-0.012092379851842461,0,0
2017-09-28,0.0012968229,0.004710667,0.0023620124,4.118092,-0.0074739445029221785,-0.012087467885921105,0,0
2017-09-29,0.003284402,0.004604902,0.003038441,4.0337257,-0.007306138410346389,-0.011816078293146003,0,0
2017-10-02,0.004065651,0.0045124926,0.002318371,3.9803486,-0.00715952106166677,-0.01157895685171827,0,0
2017-10-03,0.0025696792,0.0043886686,0.0017820473,3.9063892,-0.006963062003453751,-0.011261227364147187,0,0
2017-10-04,0.0013809432,0.004273323,0.0023821536,3.8709538,-0.006780054650950828,-0.01096525306364206,0,0
2017-10-05,0.005406747,0.004231393,0.0027244969,3.7981534,-0.0067135286096714555,-0.010857661766004317,0,0
2017-10-06,-0.0019627092,0.004202829,0.0021009794,3.7489748,-0.006668209409564871,-0.010784367888094226,0,0
2017-10-09,-0.0004912798,0.0041952915,0.0031234876,3.786201,-0.006656249824311922,-0.010765025878982782,0,0
2017-10-10,0.0018655806,0.004266918,0.0026168928,3.6803243,-0.006769893030129868,-0.010948818868111944,0,0
2017-10-11,0.0017641875,0.0043043937,0.002347918,3.5734565,-0.0068293516324580295,-0.011044980131538826,0,0
2017-10-12,-0.0013718768,0.004359238,0.001821968,3.625483,-0.006916367410324206,-0.011185709089335425,0,0
2017-10-13,0.0012739479,0.00438663,0.0020518638,3.6603305,-0.0069598275676902134,-0.011255996372880722,0,0
2017-10-16,0.0013701314,0.004390377,0.0016756806,3.637674,-0.006965772975491114,-0.011265611767513903,0,0
2017-10-17,0.0002933555,0.0043492205,0.00147781,3.6964507,-0.006900473929566437,-0.011160004866059493,0,0
2017-10-18,0.0011725621,0.004298368,0.0014230756,3.682891,-0.0068197912936527,-0.011029518377943685,0,0
2017-10-19,0.00019529343,0.004243931,0.0052631344,3.5746608,-0.006733421136129868,-0.01088983356961376,0,0
2017-10-20,0.0052585574,0.0043839463,0.0026775552,3.5026588,-0.006955569730933934,-0.011249110254709132,0,0
2017-10-23,-0.004087597,0.004392864,0.0037116567,3.6380334,-0.006969718634225735,-0.011271993006125573,0,0
2017-10-24,0.0014617748,0.00448021,0.0018799455,3.7352657,-0.00710830169695083,-0.011496120750125712,0,0
2017-10-25,-0.0034141378,0.004465011,0.0066828444,3.6396945,-0.007084187075857459,-0.01145712063339574,0,0
2017-10-26,0.0011718752,0.0046961056,0.0025784718,3.6540022,-0.007450841519591748,-0.012050103871649074,0,0
2017-10-27,0.0066148103,0.004710451,0.004903792,3.6552954,-0.007473601559530269,-0.012086913250114701,0,0
2017-10-30,-0.0039831013,0.004714826,0.0030362185,3.5934985,-0.007480543674840901,-0.012098140600792087,0,0
2017-10-31,0.0017506327,0.0046512755,0.0021146205,3.7102098,-0.00737971424573227,-0.01193507108832383,0,0
2017-11-01,0.0007770763,0.0045204693,0.0039473204,3.733196,-0.00717217739206951,-0.011599425693470694,0,0
2017-11-02,0.0007764729,0.00449678,0.004286879,3.6201928,-0.007134592063125592,-0.011538639657875466,0,0
2017-11-03,0.0023258077,0.0045179343,0.0030366916,3.481548,-0.007168155272341178,-0.011592920795952318,0,0
2017-11-06,0.002320411,0.0044799913,0.0033662103,3.4116592,-0.007107954681671682,-0.011495559528933745,0,0
2017-11-07,-0.00077287224,0.0044399328,0.0034765166,3.4720821,-0.007044397951053394,-0.011392770440791287,0,0
2017-11-08,0.0016416401,0.004433028,0.0030538638,4.2641582,-0.007033442764652739,-0.011375052826785668,0,0
2017-11-09,-0.0027053156,0.0044726757,0.008389787,4.2493434,-0.007096347993312782,-0.01147678825323786,0,0
2017-11-10,-0.0017430042,0.004824768,0.003860962,4.2705045,-0.007654976990114172,-0.012380248274427613,0,0
2017-11-13,0.0009687107,0.00497063,0.004161782,4.248998,-0.00788640224891258,-0.012754527931257155,0,0
2017-11-14,-0.0015503879,0.005033748,0.0049164556,4.2362566,-0.007986545338805478,-0.012916487440403098,0,0
2017-11-15,-0.0050554257,0.005071421,0.0051986976,4.295612,-0.00804631702401913,-0.013013155046808915,0,0
2017-11-16,0.007767029,0.0051536513,0.0055557312,4.2498426,-0.008176783910613005,-0.013224156653960666,0,0
2017-11-17,-0.0033906547,0.0051494665,0.0024063797,4.1844935,-0.008170144019821891,-0.013213418085234041,0,0
2017-11-20,0.002229439,0.004979735,0.0042199665,4.1289983,-0.007900847495109001,-0.012777889952400766,0,0
2017-11-21,0.005503804,0.0048652114,0.004686156,4.176274,-0.007719145408682146,-0.012484026633823708,0,0
2017-11-22,-0.0006742764,0.0047660894,0.001951667,4.111262,-0.007561877812712883,-0.01222968075059816,0,0
2017-11-24,0.0025021667,0.0045796977,0.0031747806,4.0730743,-0.0072661488582037815,-0.011751403953229891,0,0
2017-11-27,0.00028830906,0.0044850595,0.002440168,4.1420603,-0.007115995754104937,-0.011508564202003945,0,0
2017-11-28,0.009277481,0.004405741,0.005646305,4.0555716,-0.006990149554663531,-0.011305035544048502,0,0
2017-11-29,-0.00038087985,0.0044653476,0.0039011638,3.890354,-0.007084720945517687,-0.011457984050614153,0,0
2017-11-30,0.008723742,0.0045125014,0.008214929,3.9236362,-0.0071595350870561495,-0.01157897953471299,0,0
2017-12-01,-0.001511716,0.0047473563,0.012286931,3.8551874,-0.007532156202891365,-0.01218161255794634,0,0
2017-12-04,-0.0021771034,0.005288174,0.0074907118,3.8360193,-0.008390217761861713,-0.013569339150529719,0,0
2017-12-05,-0.003797593,0.005565629,0.0054647587,3.9088044,-0.008830427681545688,-0.014281282257033057,0,0
2017-12-06,0.00038040895,0.0055780974,0.0038575397,3.8471272,-0.008850209814616731,-0.014313275523522762,0,0
2017-12-07,0.0038908708,0.005349517,0.0034222477,3.8359115,-0.008487544010649032,-0.013726743036284277,0,0
2017-12-08,0.004347422,0.00502197,0.0028716938,3.8619983,-0.007967858090969818,-0.012886264910920646,0,0
2017-12-11,0.0039529465,0.004693319,0.0034751284,3.801518,-0.007446420807345907,-0.012042954338054917,0,0
2017-12-12,0.0023455468,0.0044742776,0.0025515594,3.732154,-0.007098889303381853,-0.011480898265539401,0,0
2017-12-13,0.0004684499,0.0043204315,0.004297951,3.772775,-0.006854797308246649,-0.01108613293763877,0,0
2017-12-14,-0.004882639,0.004398331,0.004984727,3.6824298,-0.006978392658908702,-0.011286021340796249,0,0
2017-12-15,0.009741553,0.004610434,0.004469167,3.5996957,-0.007314915589506078,-0.011830273457584304,0,0
2017-12-18,0.0046498734,0.0047188513,0.0030872535,2.7555397,-0.007486930203759364,-0.012108469412194718,0,0
2017-12-19,-0.0039044393,0.0047027622,0.003183689,2.883292,-0.007461403090225963,-0.01206718489838349,0,0
2017-12-20,-0.0009318797,0.0046853004,0.0042759567,3.5558362,-0.007433697969451597,-0.012022377935004944,0,0
2017-12-21,0.002328073,0.004715061,0.0037410473,3.534244,-0.0074809160263073155,-0.012098742797716455,0,0
2017-12-22,-0.0006513143,0.004700616,0.002428139,2.6014214,-0.007457998087630303,-0.012061678052632838,0,0
2017-12-26,0.00037223153,0.0046582934,0.001578186,3.5939229,-0.0073908490476033584,-0.011953079191003779,0,0
2017-12-27,-0.00055839925,0.0045330506,0.0024575265,3.6549401,-0.00719213868817907,-0.011631708716925222,0,0
2017-12-28,9.30882e-05,0.004466827,0.0015267056,3.7159634,-0.007087068162295031,-0.011461780159537137,0,0
2017-12-29,-0.0036368764,0.0043783267,0.00777811,3.6191547,-0.006946653655176202,-0.011234690455452142,0,0
2018-01-02,0.0063326717,0.004654276,0.0038936818,3.7027862,-0.007384475186778528,-0.011942770867467346,0,0
2018-01-03,0.006661757,0.004700989,0.0041685277,3.6348255,-0.007458589868575709,-0.012062635128668163,0,0
2018-01-04,0.0046920367,0.0046631848,0.0043463637,3.5238116,-0.007398609612249036,-0.011965630204179562,0,0
2018-01-05,0.006860306,0.004594129,0.0031008343,3.448153,-0.007289045532580768,-0.011788434307966672,0,0
2018-01-08,0.0015484814,0.004455038,0.0028793178,3.4966364,-0.007068363722046584,-0.011431529825093413,0,0
2018-01-09,0.0020003645,0.004350579,0.004238445,3.4664173,-0.006902628862779715,-0.011163489998441948,0,0
2018-01-10,-0.00063604565,0.0044132886,0.003990274,3.453427,-0.0070021240701696906,-0.011324401699573683,0,0
2018-01-11,0.006884085,0.004517774,0.0038349712,3.516632,-0.007167901005604696,-0.011592509575209312,0,0
2018-01-12,0.0069266683,0.0045740837,0.0038732595,3.4705968,-0.007257241831084359,-0.011736998788163045,0,0
2018-01-16,-0.0022436625,0.00458547,0.009819527,3.4203572,-0.007275307437468193,-0.011766215948782702,0,0
2018-01-17,0.0076080025,0.0049598995,0.0061431555,3.3666577,-0.007869377235934278,-0.012726993702503894,0,0
2018-01-18,-0.0026785731,0.005125264,0.0032446273,3.261117,-0.008131744313430167,-0.013151314972525982,0,0
2018-01-19,0.005261058,0.00507504,0.004976165,3.3043618,-0.008052058385026163,-0.01302244044045438,0,0
2018-01-22,0.008589825,0.0050126123,0.0059299693,3.3179927,-0.00795301108523248,-0.012862253131734704,0,0
2018-01-23,0.0014978637,0.0049591805,0.0038780984,3.2857368,-0.007868236202643517,-0.012725148331126914,0,0
2018-01-24,0.00052812253,0.004852859,0.0073543303,3.3185985,-0.0076995460581049426,-0.012452328977974882,0,0
2018-01-25,8.7993314e-05,0.00499227,0.005715527,3.218287,-0.00792073640211209,-0.012810055902334154,0,0
2018-01-26,0.01163465,0.0051096324,0.0049712034,3.1316788,-0.008106942900689145,-0.01311120412076419,0,0
2018-01-29,-0.007332435,0.005085262,0.0049120425,3.0966465,-0.008068277164331138,-0.013048670762865937,0,0
2018-01-30,-0.010214953,0.0051683406,0.00756475,3.08167,-0.008200089583441556,-0.01326184847409189,1,0
2018-01-31,0.00044245832,0.005519319,0.006669757,2.9343696,-0.008756951833613122,-0.014162451169656308,0,0
2018-02-01,-0.0011507991,0.0057716146,0.006812645,2.991623,-0.009157244590260962,-0.014809837009764674,0,0
2018-02-02,-0.023570567,0.0059054573,0.011252493,3.0573213,-0.009369598938959412,-0.015153273647449719,1,1
2018-02-05,-0.055564668,0.006615203,0.027439388,2.8499234,-0.010495682069504917,-0.016974466415475283,1,1
2018-02-06,0.03263209,0.011584027,0.043182228,2.3844192,-0.01837921770980122,-0.02972435823529527,0,0
2018-02-07,-0.009697046,0.01905142,0.016924797,2.2566361,-0.030226985319711495,-0.048885526805473214,0,0
2018-02-08,-0.028414512,0.021361765,0.024126634,2.235091,-0.033892579650031944,-0.05481382259804157,0,0
2018-02-09,0.0097842505,0.020766176,0.028798686,2.5814223,-0.0329476158736062,-0.05328555070674788,0,0
2018-02-12,0.013746247,0.021151835,0.012210902,2.5136924,-0.033559502893334536,-0.05427514391256932,0,0
2018-02-13,0.002444989,0.01755115,0.00864372,2.5464287,-0.027846655955340065,-0.04503586552708063,0,0
2018-02-14,0.013156243,0.014202603,0.018154167,2.4612846,-0.022533851126712277,-0.03644356761463336,0,0
2018-02-15,0.013625694,0.012660375,0.0089724725,2.4892526,-0.02008695274002951,-0.03248624552619986,0,0
2018-02-16,0.00036569758,0.010898957,0.008388829,2.4869368,-0.017292286227490912,-0.027966484681178613,0,0
2018-02-20,-0.0077078743,0.009899968,0.00983645,2.4496117,-0.015707290546740648,-0.025403101399044014,0,0
2018-02-21,-0.0056348587,0.009553722,0.01362864,2.4961684,-0.015157936856637855,-0.02451464215445991,0,0
2018-02-22,0.0047132843,0.009959713,0.01244887,2.450232,-0.015802080462209964,-0.02555640332130161,0,0
2018-02-23,0.013644275,0.010156772,0.006445319,2.4777558,-0.01611473625197172,-0.02606205556646009,0,0
2018-02-26,0.012922062,0.009345066,0.008301771,2.554977,-0.014826882470602498,-0.02397923421048452,0,0
2018-02-27,-0.013376917,0.0087209325,0.009141552,2.6436067,-0.01383663297403191,-0.022377722587784272,0,0
2018-02-28,-0.012083633,0.008666116,0.010668424,2.7320158,-0.013749660177197701,-0.02223706314239085,0,0
2018-03-01,-0.013444178,0.0091472,0.016645245,2.8032444,-0.014512948108247688,-0.023471514154258893,0,0
2018-03-02,0.00447053,0.010639051,0.012693714,2.8339627,-0.01687991987274743,-0.027299572441163003,0,0
2018-03-05,0.010446131,0.011337071,0.014698423,2.7752447,-0.017987397193202057,-0.029090674387417397,0,0
2018-03-06,0.0020211306,0.011408081,0.0061943415,2.8403533,-0.01810006359851455,-0.02927288761572067,0,0
2018-03-07,-0.0002753683,0.010276229,0.011644224,2.811448,-0.016304265410535822,-0.02636857745951048,0,0
2018-03-08,0.0058581405,0.009642889,0.003695416,2.7558415,-0.015299408697143083,-0.024743441863663066,0,0
2018-03-09,0.016204583,0.008322374,0.00995501,2.8061051,-0.013204279744176373,-0.021355029770698353,0,0
2018-03-12,0.0,0.0075492514,0.005449546,2.877329,-0.011977643620422574,-0.019371214564713385,0,0
2018-03-13,-0.004049135,0.006985134,0.01090689,2.854586,-0.01108261475450481,-0.017923701451721518,0,0
2018-03-14,-0.0067852074,0.007218034,0.008523362,2.880622,-0.011452133997127715,-0.01852131787457399,0,0
2018-03-15,0.00054451404,0.007512363,0.0057059457,2.8768935,-0.011919116122976404,-0.019276559159452176,0,0
2018-03-16,0.00018143881,0.0074393093,0.004087817,2.7851198,-0.011803208495421642,-0.01908910396423983,0,0
2018-03-19,-0.012137954,0.007094284,0.013353229,2.8009834,-0.011255792118780797,-0.018203777899765253,1,0
2018-03-20,0.00027541886,0.0076396237,0.0041983426,2.8572347,-0.012121027438202486,-0.019603106478293667,0,0
2018-03-21,-0.0019295269,0.0075101936,0.008083955,2.8500562,-0.011915674020963676,-0.019270992313521938,0,0
2018-03-22,-0.02797907,0.007522321,0.013901978,2.7854803,-0.011934915045463845,-0.019302110455441116,1,1
2018-03-23,-0.017363535,0.008493184,0.015980223,2.7863393,-0.013475286461529654,-0.021793323765468577,1,0
2018-03-26,0.02349245,0.010496752,0.011841351,2.8647838,-0.016654149108028288,-0.02693443768975356,0,0
2018-03-27,-0.016587272,0.01115108,0.019944958,2.9313712,-0.01769230481039799,-0.02861342710532566,0,0
2018-03-28,-0.0031589554,0.012809519,0.0109549435,2.9609845,-0.020323583680447066,-0.03286894423261843,0,0
2018-03-29,0.013522727,0.012904479,0.013617674,2.8879251,-0.020474248937474196,-0.03311261227900644,0,0
2018-04-02,-0.026065102,0.012283563,0.01972632,2.922362,-0.01948910196804603,-0.031519352876127595,1,0
2018-04-03,0.014745124,0.013168337,0.009657432,2.975413,-0.020892884188838123,-0.03378966308595283,0,0
2018-04-04,0.012832266,0.012516517,0.023064828,3.0116818,-0.0198587080775967,-0.03211710978720543,0,0
2018-04-05,0.005556878,0.013313907,0.0065141125,3.052169,-0.021123847062218943,-0.03416319493566609,0,0
2018-04-06,-0.02126326,0.011779122,0.016628072,3.0554059,-0.01868875714852937,-0.030224970465368647,1,0
2018-04-09,0.0050720237,0.01217059,0.01212763,3.1073246,-0.019309859301511547,-0.031229467130431284,0,0
2018-04-10,0.013652089,0.012160183,0.011498131,3.0901866,-0.019293347346325363,-0.031202762660259106,0,0
2018-04-11,-0.0052870214,0.011656816,0.008880181,3.1570807,-0.018494705480538446,-0.029911134404084997,0,0
2018-04-12,0.00867112,0.010923149,0.007913076,3.1626146,-0.017330668741469848,-0.0280285599889254,0,0
2018-04-13,-0.0025369993,0.009986397,0.009435758,3.1948652,-0.015844419040857576,-0.025624876696978733,0,0
2018-04-16,0.009177813,0.009456375,0.0066555603,3.1518242,-0.015003484744478424,-0.024264849699497226,0,0
2018-04-17,0.0091867205,0.008647058,0.0066856686,3.156765,-0.013719423247424489,-0.022188161532610412,0,0
2018-04-18,0.0012000925,0.007861408,0.0036533538,3.1473455,-0.012472911789625065,-0.02017220232797727,0,0
2018-04-19,-0.006200566,0.007177466,0.0071189706,3.1190856,-0.011387768318244607,-0.018417220489832787,0,0
2018-04-20,-0.008015702,0.006996704,0.008920957,3.153842,-0.011100970822178362,-0.01795338836984475,0,0
2018-04-23,-9.3584764e-05,0.0071961437,0.0067498824,3.143302,-0.011417402608706443,-0.018465147462549732,0,0
2018-04-24,-0.013568473,0.007284242,0.017307915,3.1273463,-0.011557179639256406,-0.018691206187939183,1,0
2018-04-25,0.0035039573,0.008460759,0.009707718,3.1173356,-0.013423841333287907,-0.02171012254083196,0,0
2018-04-26,0.011280435,0.008886725,0.008036055,3.0617242,-0.014099678699400972,-0.022803141422067054,0,0
2018-04-27,-0.0011223346,0.008545711,0.004816005,3.1170669,-0.013558625325218987,-0.021928106120100738,0,0
2018-04-30,-0.00921319,0.0078000873,0.008222538,3.0921566,-0.01237561902079949,-0.02001485258872624,0,0
2018-05-01,0.0019814132,0.0074670054,0.009198411,3.1370502,-0.011847151397641434,-0.019160171981829236,0,0
2018-05-02,-0.009375513,0.007405139,0.006376932,3.112897,-0.011748994483857352,-0.01900142467741959,0,0
2018-05-03,0.0016162004,0.0072520548,0.012116795,3.1774826,-0.01150611093436831,-0.0186086137456125,0,0
2018-05-04,0.011804283,0.007626806,0.013459892,3.1696343,-0.012100691528466935,-0.019570217599367237,0,0
2018-05-07,0.0026251655,0.007891905,0.005086776,3.2438517,-0.012521296668390722,-0.020250454269507667,0,0
2018-05-08,9.362857e-05,0.0074487226,0.0058176033,3.1991713,-0.011818144177814408,-0.01911325915848917,0,0
2018-05-09,0.009597092,0.007015702,0.0063997274,3.1961799,-0.011131113646113163,-0.018002137784047707,0,0
2018-05-10,0.008403023,0.0065995883,0.0066025252,3.2846198,-0.01047090780267882,-0.016934399466283917,0,0
2018-05-11,0.0039462266,0.0063098306,0.0029396226,3.3760173,-0.010011178160434762,-0.01619088748480501,0,0
2018-05-14,0.0005494002,0.0058845785,0.004315113,3.4089653,-0.009336472778974148,-0.015099699340756754,0,0
2018-05-15,-0.0080882795,0.0056712753,0.006650286,3.4178426,-0.008998046467308483,-0.014552368922072208,0,0
2018-05-16,0.0051546507,0.0058218352,0.005495623,3.4819074,-0.00923692418461815,-0.014938701297903176,0,0
2018-05-17,-0.0015619978,0.0059071137,0.005413073,3.5596912,-0.009372227568388163,-0.015157524879686137,0,0
2018-05-18,-0.0021171821,0.0059395186,0.004562118,3.5195363,-0.00942364102639583,-0.015240674884657253,0,0
2018-05-21,0.007344873,0.0058843796,0.0037603101,3.5086925,-0.009336156981497165,-0.015099188607520778,0,0
2018-05-22,-0.0025645737,0.005657423,0.0051037,3.4994624,-0.008976067324856025,-0.014516822474215886,0,0
2018-05-23,0.0017409634,0.0055663935,0.0072744023,3.4626129,-0.008831640199079088,-0.014283243238512162,0,0
2018-05-24,-0.001190858,0.0056458046,0.007132042,3.4550827,-0.008957634343756847,-0.01448701116547644,0,0
2018-05-25,-0.0033971479,0.0057603503,0.005915935,3.4518845,-0.009139372624736939,-0.014780933020814069,0,0
2018-05-29,-0.009611015,0.0058149844,0.011048739,3.4443157,-0.00922605496028143,-0.014921122708703912,1,0
2018-05-30,0.01190765,0.0063696895,0.008812558,3.4806714,-0.01010614995353409,-0.01634448355428447,0,0
2018-05-31,-0.006998187,0.0066419523,0.006611972,3.568467,-0.01053812199290159,-0.017043103694082004,0,0
2018-06-01,0.010387555,0.0067462856,0.0053771827,3.6326182,-0.010703657782125663,-0.017310821568550332,0,0
2018-06-04,0.0042889146,0.0064543686,0.0040614638,3.6479526,-0.010240502325417832,-0.016561769082683444,0,0
2018-06-05,0.0021830099,0.006030447,0.0034521027,3.625791,-0.009567907991274697,-0.015473995095195451,0,0
2018-06-06,0.007513047,0.0056315074,0.0049040103,3.6054747,-0.00893495031238012,-0.01445032471420801,0,0
2018-06-07,0.0,0.0053664697,0.0050369096,3.681844,-0.008514441088022408,-0.013770243166483093,0,0
2018-06-08,0.0023419214,0.005285351,0.006878812,3.6590807,-0.008385738685898779,-0.013562095226409143,0,0
2018-06-11,0.0015282963,0.005395715,0.0043192883,3.6647792,-0.008560842505270743,-0.013845287293534235,0,0
2018-06-12,0.0018846764,0.0053699403,0.0028904583,3.6638496,-0.00851994808929724,-0.013779149534603866,0,0
2018-06-13,-0.003323008,0.0052141016,0.0033610293,3.6746995,-0.008272694047504971,-0.013379270288957912,0,0
2018-06-14,0.003412666,0.005171124,0.004977327,3.6811497,-0.008204505318936328,-0.01326898995888147,0,0
2018-06-15,-0.0014354928,0.005208156,0.005829896,3.7261689,-0.008263260842067882,-0.013364014145734274,0,0
2018-06-18,-0.0017073285,0.005327301,0.0064998856,3.7397563,-0.008452296849844148,-0.013669738475421892,0,0
2018-06-19,-0.004868383,0.005490292,0.011087599,3.7658286,-0.00871089788407585,-0.01408796899550664,0,0
2018-06-20,0.002076469,0.005996344,0.005146687,3.7455971,-0.009513799848778622,-0.015386487028399875,0,0
2018-06-21,-0.0070594917,0.0060212356,0.0087662535,3.7391076,-0.0095532935355419,-0.015450359414696174,0,0
2018-06-22,0.0025399143,0.00625292,0.004496701,3.7959433,-0.009920883608477335,-0.01604485582821025,0,0
2018-06-25,-0.01359076,0.0060895164,0.01264103,3.8269918,-0.009661627452832064,-0.01562556579275918,1,0
2018-06-26,0.0022932633,0.0066799033,0.0050919075,3.8355792,-0.010598335251664719,-0.017140485448966777,0,0
2018-06-27,-0.008650095,0.0067497515,0.01116209,3.8236098,-0.010709156639626016,-0.01731971476589998,0,0
2018-06-28,0.005346128,0.0072710207,0.007944555,3.8613217,-0.011536202181064749,-0.018657279744931643,0,0
2018-06-29,0.00073515903,0.0073573985,0.0074357474,3.8264418,-0.011673249237436898,-0.018878923335155076,0,0
2018-07-02,0.0021105765,0.0072100246,0.0076865824,3.7175717,-0.011439426089486615,-0.018500765617937752,0,0
2018-07-03,-0.005146597,0.006989692,0.006949227,3.725545,-0.011089845521377498,-0.01793539563306445,0,0
2018-07-05,0.009263147,0.006821174,0.0047759665,3.784752,-0.010822475451760585,-0.017502983119312532,0,0
2018-07-06,0.008906721,0.0064026625,0.006821792,3.871323,-0.010158464655917328,-0.016429091124593787,0,0
2018-07-09,0.0088280905,0.006123956,0.0034813632,3.8842626,-0.009716268560124537,-0.015713935813354153,0,0
2018-07-10,0.003312892,0.0056828377,0.0038582275,3.917657,-0.009016390771752232,-0.014582036815748257,0,0
2018-07-11,-0.008167706,0.005399945,0.0053949105,3.909103,-0.008567553880304496,-0.013856141472362984,0,0
2018-07-12,0.008793238,0.0054783234,0.004926615,3.9885054,-0.008691908411720671,-0.014057257684073425,0,0
2018-07-13,0.0016958991,0.0055520805,0.0033744348,4.0051823,-0.008808931736378929,-0.014246517274930348,0,0
2018-07-16,-0.002410823,0.005534754,0.0030216079,3.9517477,-0.008781441973196316,-0.014202058605277195,0,0
2018-07-17,0.005260589,0.0054711625,0.0055874973,3.89037,-0.008680546941459944,-0.014038882994930403,0,0
2018-07-18,0.001688214,0.00548626,0.0028143625,3.9210217,-0.008704501401655247,-0.014077624086494852,0,0
2018-07-19,-0.0038247767,0.0053381436,0.0039720014,3.8867848,-0.008469499216133308,-0.013697559534301948,0,0
2018-07-20,-0.001605423,0.0053049196,0.0042892606,3.843071,-0.008416786373664475,-0.013612308059626358,0,0
2018-07-23,0.0040087355,0.0053224447,0.0048201373,3.814997,-0.00844459102946024,-0.013657275999096472,0,0
2018-07-24,0.003195458,0.0053335656,0.00472666,3.832711,-0.008462235874162708,-0.0136858126698745,0,0
2018-07-25,0.007152664,0.005308553,0.0074324957,3.843502,-0.008422551261131112,-0.013621631502166194,0,0
2018-07-26,0.00043985047,0.0054010833,0.0028922274,3.879572,-0.008569359083647135,-0.013859060993296429,0,0
2018-07-27,-0.008833979,0.0052734027,0.008154515,3.865447,-0.008366780883777682,-0.013531435134641428,1,0
2018-07-30,-0.0050705085,0.005545296,0.0051976093,3.9735477,-0.008798166571382762,-0.014229106978917723,0,0
2018-07-31,0.0048930305,0.0057605584,0.0057415436,4.0911975,-0.009139702900035216,-0.014781467168754272,0,0
2018-08-01,-0.0022211373,0.0058294144,0.0041223806,4.225843,-0.009248949824930755,-0.014958150136602663,0,0
2018-08-02,0.006295184,0.0057308227,0.009607476,4.293616,-0.00909252420475614,-0.014705165964769883,0,0
2018-08-03,0.0038814445,0.0058843456,0.003714517,4.4968953,-0.009336103594531143,-0.015099102265798936,0,0
2018-08-06,0.003691014,0.005642192,0.0042079757,4.646748,-0.008951902031388122,-0.014477740406021115,0,0
2018-08-07,0.0034152141,0.0053830985,0.0030822621,4.8694034,-0.008540825107603667,-0.013812913538100822,0,0
2018-08-08,-0.0015748035,0.00508751,0.0021954186,5.045189,-0.00807184413755253,-0.013054439560620142,0,0
2018-08-09,-0.0005254861,0.0048442557,0.0030317856,5.159286,-0.007685897092079711,-0.012430254765563817,0,0
2018-08-10,-0.0059748883,0.0047448794,0.005704114,5.257924,-0.007528226379273785,-0.012175256929167417,0,0
2018-08-13,-0.003973691,0.0049444856,0.005486644,5.096899,-0.007844921481176657,-0.012687441876805547,0,0
2018-08-14,0.005470763,0.0052823606,0.003136543,5.290843,-0.008380993579969562,-0.013554421057098375,0,0
2018-08-15,-0.0069760536,0.005321255,0.008952069,5.189131,-0.00844270348350899,-0.013654223307032731,0,0
2018-08-16,0.008295141,0.005760428,0.0069742333,5.481736,-0.009139495686217941,-0.014781132045800007,0,0
2018-08-17,0.0026329663,0.0059661,0.0051216446,5.7538695,-0.00946581491982622,-0.015308881918073784,0,0
2018-08-20,0.0021888553,0.005918268,0.002145107,5.440622,-0.009389924895192824,-0.015186146428766992,0,0
2018-08-21,0.0011363141,0.005570318,0.005323799,5.486485,-0.008837867471963313,-0.014293314488168285,0,0
2018-08-22,-0.00017473353,0.0054504634,0.005140256,5.5007634,-0.008647705813581413,-0.01398576966522693,0,0
2018-08-23,-0.0011365127,0.005380264,0.0036149682,5.2277536,-0.008536327934364115,-0.013805640345599961,0,0
2018-08-24,0.0065391054,0.0052844,0.0033752082,5.1686316,-0.008384230277892675,-0.013559655706912374,0,0
2018-08-27,0.007532177,0.0051298975,0.0033293369,5.3029485,-0.008139096332056195,-0.013163205252016827,0,0
2018-08-28,0.00025872106,0.004994423,0.0029252202,5.489398,-0.007924152263073721,-0.012815580309112978,0,0
2018-08-29,0.00533197,0.0049252906,0.003792159,5.466491,-0.007814466479220199,-0.012638187583042672,0,0
2018-08-30,-0.0043838983,0.0049035125,0.0041065533,5.629861,-0.0077799133489736124,-0.01258230546456422,0,0
2018-08-31,0.0,0.0050128438,0.0037439326,5.6973586,-0.007953378459947823,-0.012862847279854492,0,0
2018-09-04,-0.0012930479,0.0050970726,0.0063443366,5.538619,-0.008087015989405158,-0.013078976707232202,0,0
2018-09-05,-0.003456324,0.005309957,0.0051579135,5.559218,-0.008424778131018947,-0.013625232976360284,0,0
2018-09-06,-0.0032077706,0.0054605105,0.005785424,5.5350056,-0.008663646799690304,-0.01401155071800111,0,0
2018-09-07,-0.0014772976,0.0056392397,0.0048761196,5.6315017,-0.008947218456199406,-0.014470165749203316,0,0
2018-09-10,0.001911382,0.0057070674,0.0034036092,5.6634502,-0.00905483391160784,-0.014644210172569002,0,0
2018-09-11,0.0032928973,0.0055419514,0.0059435326,5.677694,-0.00879286044987839,-0.014220525489818114,0,0
2018-09-12,-0.00043265696,0.005445607,0.003843602,5.5856304,-0.008640000898061335,-0.013973308652320524,0,0
2018-09-13,0.0057821088,0.005322922,0.003765319,5.517277,-0.0084453484004867,-0.013658500880811407,0,0
2018-09-14,0.00034414523,0.005160691,0.0037598505,5.5557556,-0.008187953549741582,-0.013242221098272665,0,0
2018-09-17,-0.0052611274,0.005075213,0.0037842095,5.4933724,-0.008052333463630755,-0.013022885319834714,0,0
2018-09-18,0.007151812,0.005098054,0.00759044,5.6195536,-0.00808857326005813,-0.01308149525135574,0,0
2018-09-19,0.0011155448,0.005327611,0.0031275032,5.7900467,-0.008452788190904325,-0.013670533111946635,0,0
2018-09-20,0.008369679,0.005304615,0.004505572,5.760049,-0.008416303176378776,-0.013611526593872745,0,0
2018-09-21,-0.0019580307,0.005222879,0.0033968939,5.9464417,-0.008286619901862457,-0.01340179230758734,0,0
2018-09-24,-0.002816062,0.0051533366,0.0029011227,5.9109325,-0.008176284425778349,-0.013223348846664795,0,0
2018-09-25,-0.0014537994,0.0050865803,0.003701727,5.9339437,-0.008070369209508169,-0.013052054187626902,0,0
2018-09-26,-0.0033431945,0.005090408,0.0064870566,5.908288,-0.00807644175067731,-0.013061875192631587,0,0
2018-09-27,0.002915204,0.0053030415,0.0056500486,5.973241,-0.008413806657069334,-0.013607489020812406,0,0
2018-09-28,-0.0003425244,0.0054323287,0.0041857786,5.9530473,-0.00861893295348659,-0.013939235867411559,0,0
2018-10-01,0.003761331,0.00540673,0.004424371,5.901564,-0.008578318140436834,-0.013873550304956597,0,0
2018-10-02,-0.0005120765,0.0053074723,0.0044668056,5.951291,-0.008420836544171565,-0.013618858323134177,0,0
2018-10-03,0.0010238909,0.005228848,0.00478961,5.8213377,-0.008296091111580443,-0.013417109914409576,0,0
2018-10-04,-0.008134651,0.005176554,0.00851944,5.759946,-0.008213121432334117,-0.013282924634735233,0,0
2018-10-05,-0.004739958,0.0054984107,0.009736602,5.809638,-0.008723778620708651,-0.0141088007651746,0,0
2018-10-08,-8.638936e-05,0.00606902,0.00787132,5.753035,-0.009629107551613501,-0.015572971976805766,0,0
2018-10-09,-0.0019024565,0.0064596245,0.00618564,5.712233,-0.010248840645619536,-0.01657525448889983,0,0
2018-10-10,-0.037840206,0.0065346905,0.018884132,5.739732,-0.010367940632769699,-0.016767872626394478,1,1
2018-10-11,-0.012847368,0.008114247,0.021073764,4.006006,-0.012874065071776086,-0.0208209798795682,0,0
2018-10-12,0.00834245,0.011219713,0.01274861,4.0295286,-0.01780119793353565,-0.028789537876339477,0,0
2018-10-15,-0.0070684482,0.012313148,0.0071543725,4.068695,-0.01953604268413758,-0.031595269200911234,0,0
2018-10-16,0.024701485,0.011520738,0.01013647,4.108179,-0.018278803160759055,-0.029561959700445048,0,0
2018-10-17,-0.00053248135,0.0101634,0.010340399,4.172556,-0.016125252579414388,-0.026079063422243795,0,0
2018-10-18,-0.015746947,0.009431838,0.0116356835,4.177633,-0.014964555692745626,-0.024201890486665822,1,0
2018-10-19,-0.0017148793,0.009477374,0.009587504,4.2675157,-0.015036802735595838,-0.024318734251021212,0,0
2018-10-22,-0.0039826264,0.00956312,0.008237996,4.2741737,-0.015172847202843355,-0.02453875637297685,0,0
2018-10-23,-0.0037254144,0.009483973,0.01679665,4.196939,-0.015047272010119302,-0.024335666009016176,0,0
2018-10-24,-0.030313753,0.010292136,0.017562876,4.164876,-0.016329503872507166,-0.02640939514265616,1,1
2018-10-25,0.008967832,0.011805077,0.01674505,3.9401336,-0.018729937501473434,-0.030291570664707522,0,0
2018-10-26,-0.006999235,0.013316573,0.017300254,3.924168,-0.021128076395764552,-0.034170034956138726,0,0
2018-10-29,-0.009787392,0.014359502,0.027150247,3.945071,-0.022782788215230013,-0.036846168819645836,0,0
2018-10-30,0.015670037,0.016608909,0.010616277,3.8214276,-0.026351696035491593,-0.042618095363702715,0,0
2018-10-31,0.009543737,0.015198654,0.013644812,3.8478048,-0.02411418494900577,-0.038999411362006506,0,0
2018-11-01,0.009910156,0.013875284,0.005724835,3.8947139,-0.022014528057429254,-0.035603676320294445,0,0
2018-11-02,-0.005034566,0.011561832,0.017271725,3.9833279,-0.01834400402895808,-0.029667407820936412,0,0
2018-11-05,0.005582261,0.011328151,0.0070418227,4.033684,-0.017973246932614508,-0.029067789440872432,0,0
2018-11-06,0.007092873,0.010289835,0.0066586854,4.0721726,-0.016325853651813334,-0.026403491710352642,0,0
2018-11-07,0.020626685,0.0093158325,0.01291843,4.133638,-0.014780500960358442,-0.023904222278651695,0,0
2018-11-08,-0.002755435,0.008709825,0.005584637,4.1437674,-0.013819008941197553,-0.02234921957564357,0,0
2018-11-09,-0.010648394,0.0080638,0.0104701305,4.165223,-0.012794025341614201,-0.020691533150662023,0,0
2018-11-12,-0.018614057,0.008251348,0.014750802,4.2385845,-0.013091588907540443,-0.021172777030081698,1,0
2018-11-13,-9.165483e-05,0.009433969,0.010615155,4.3120522,-0.014967936264017854,-0.024207357820103092,0,0
2018-11-14,-0.010689376,0.010240714,0.014287044,4.3247643,-0.016247917730058282,-0.026277447430654615,0,0
2018-11-15,0.0132525405,0.0111218365,0.015433471,4.406223,-0.01764590701260498,-0.028538388831950576,0,0
2018-11-16,0.0031036083,0.0114833545,0.010045812,4.4326057,-0.0182194911463715,-0.029466035510898478,0,0
2018-11-19,-0.017190292,0.010852854,0.015141117,4.3032413,-0.017219138845128962,-0.027848184814904038,0,0
2018-11-20,-0.021083001,0.011080626,0.011222027,4.3564034,-0.017580523361912112,-0.028432645100818332,1,0
2018-11-21,0.0034032932,0.011320035,0.010170009,4.429323,-0.0179603689105732,-0.029046962061461516,0,0
2018-11-23,-0.0073884963,0.011206667,0.0055890367,4.3623123,-0.017780498268540078,-0.028756060702969315,0,0
2018-11-26,0.015284758,0.01050637,0.008305564,4.4276404,-0.016669408731672514,-0.026959116788010003,0,0
2018-11-27,0.00504344,0.009635559,0.006492814,4.5153723,-0.015287779387188411,-0.024724634002491825,0,0
2018-11-28,0.021383304,0.00873937,0.010870017,4.547135,-0.013865885411957109,-0.0224250319976772,0,0
2018-11-29,0.0010025977,0.0083424,0.007942597,4.4296036,-0.013236053132734446,-0.021406416265965005,0,0
2018-11-30,0.005088607,0.008139556,0.008438456,4.419309,-0.012914221118863579,-0.020885923488582932,0,0
2018-12-03,0.0117139565,0.008052317,0.010232561,4.2688475,-0.012775807718106776,-0.020662070135647966,0,0
2018-12-04,-0.032410666,0.007960762,0.014021321,4.3441067,-0.012630545403013924,-0.020427140164194085,1,1
2018-12-05,0.0,0.009054582,0.005914825,4.368984,-0.014366000031837876,-0.02323385783318145,0,0
2018-12-06,-0.0039868397,0.009556173,0.024049174,4.2891107,-0.015161825961383045,-0.024520931929383188,0,0
2018-12-07,-0.020650255,0.011870975,0.018485282,4.2517695,-0.018834489087950455,-0.03046065995129093,1,0
2018-12-10,0.002652019,0.013859051,0.017190378,4.347324,-0.021988772013346636,-0.03556202156147261,0,0
2018-12-11,-0.0006623457,0.014823353,0.015131664,4.2721696,-0.023518733875901823,-0.03803639969916005,0,0
2018-12-12,0.0042503015,0.014507354,0.013778599,4.200922,-0.023017370543934417,-0.03722555434541612,0,0
2018-12-13,-0.0026425081,0.013462787,0.008817893,4.1703844,-0.021360058145818962,-0.03454521461566204,0,0
2018-12-14,-0.016579702,0.011833558,0.010346243,4.174498,-0.018775124591460707,-0.03036465088344153,0,0
2018-12-17,-0.019207109,0.011062356,0.020576695,4.206402,-0.017551535144225534,-0.02838576300927757,1,0
2018-12-18,-0.0056969016,0.012314797,0.012359015,4.2210846,-0.01953865955033653,-0.031599501408700464,0,0
2018-12-19,-0.013287256,0.012711336,0.027711164,4.1715794,-0.020167807752503035,-0.032617010795637884,0,0
2018-12-20,-0.0073135626,0.0152655495,0.021310272,4.23451,-0.024220321856914518,-0.039171064558702895,0,0
2018-12-21,-0.029697575,0.0167516,0.021853363,4.25364,-0.026578091156254053,-0.042984239874232,1,0
2018-12-24,-0.030179463,0.01832946,0.021836847,4.3245907,-0.029081523625363523,-0.0470329934558383,1,0
2018-12-26,0.053724416,0.020275915,0.03547185,4.4621167,-0.032169769588380935,-0.05202755474635945,0,0
2018-12-27,0.009665802,0.022444246,0.028735857,4.5265083,-0.03561004377617003,-0.05759144457018746,0,0
2018-12-28,-0.003613736,0.023748776,0.014158951,4.4895244,-0.037679811205684394,-0.06093883995502056,0,0
2018-12-31,0.0077135367,0.021756142,0.008213258,4.436895,-0.03451829660855169,-0.055825782700076924,0,0
2019-01-02,0.0022925502,0.018430043,0.01960732,4.390733,-0.029241109030035625,-0.04729108788686887,0,0
2019-01-03,-0.025511844,0.017412703,0.011469803,4.3023634,-0.027626996640934796,-0.04468061470769349,0,0
2019-01-04,0.033544015,0.016233297,0.020643923,4.36672,-0.025755750906735975,-0.04165428467407448,0,0
2019-01-07,0.0075761667,0.016013797,0.0118590705,4.475199,-0.0254074923446838,-0.041091052744381004,0,0
2019-01-08,0.00858877,0.014754281,0.008050851,4.407812,-0.023409144007614374,-0.03785916209550525,0,0
2019-01-09,0.0038797334,0.013075285,0.007070234,4.4072995,-0.02074524841591683,-0.03355089456642455,0,0
2019-01-10,0.004443164,0.011692785,0.0101460405,4.3849907,-0.01855177343262538,-0.03000342931447621,0,0
2019-01-11,0.00038543073,0.011008544,0.0056657605,4.3732343,-0.017466157622325198,-0.028247683571606286,0,0
2019-01-14,-0.005603338,0.010137844,0.0065058363,4.2954783,-0.016084703821424285,-0.02601348468937687,0,0
2019-01-15,0.009641416,0.009656797,0.007167619,4.2417526,-0.015321474706523308,-0.024779128799744757,0,0
2019-01-16,0.002970062,0.009176617,0.006170302,4.2913213,-0.014559620984645291,-0.023546997307014313,0,0
2019-01-17,0.008383397,0.008715667,0.01227291,4.216262,-0.01382827836628125,-0.02236421084002563,0,0
2019-01-18,0.013662058,0.008858157,0.008797467,4.2696996,-0.014054353165247571,-0.022729837300223866,0,0
2019-01-22,-0.0148960985,0.008588356,0.012487096,4.360897,-0.013626286518174217,-0.022037533276891865,1,0
2019-01-23,0.002371805,0.009193555,0.010935396,4.410075,-0.014586496345286727,-0.023590462315156786,0,0
2019-01-24,-0.0016122153,0.009622491,0.005760936,4.429035,-0.015267045337367266,-0.02469110121919912,0,0
2019-01-25,0.011137444,0.009250105,0.00785451,4.4573116,-0.014676218118439197,-0.02373556762751552,0,0
2019-01-28,-0.008104841,0.008689266,0.010198063,4.6295075,-0.013786389504957591,-0.02229646478359859,0,0
2019-01-29,-0.00066259643,0.008617744,0.005760303,4.576034,-0.013672913246516446,-0.02211294179527756,0,0
2019-01-30,0.015875585,0.008256663,0.011788404,4.5803785,-0.013100022238444392,-0.02118641609529458,0,0
2019-01-31,0.008167856,0.008216258,0.008490986,4.592377,-0.013035916255480751,-0.02108273871181047,0,0
2019-02-01,-9.24428e-05,0.00789586,0.005296733,4.801879,-0.012527571899057986,-0.020260603080371545,0,0
2019-02-04,0.006266724,0.0074083298,0.005280542,4.9511986,-0.011754057196991215,-0.01900961250680436,0,0
2019-02-05,0.003576509,0.006931914,0.0049194884,4.7086196,-0.01099817557639711,-0.01778713957956802,0,0
2019-02-06,-0.0005494002,0.006571591,0.0036808117,5.287148,-0.010426487132356317,-0.016862558763454986,0,0
2019-02-07,-0.009386284,0.0063100103,0.010141928,5.411784,-0.010011463192541495,-0.016191348461794503,0,0
2019-02-08,0.0008317546,0.006749575,0.0073479237,5.434405,-0.010708876131838439,-0.017319261106005557,0,0
2019-02-11,0.0007387571,0.0070447163,0.0054473286,5.6129003,-0.011177147688646154,-0.01807658776297906,0,0
2019-02-12,0.013387326,0.007039126,0.0068834964,5.5131893,-0.011168278213375713,-0.018062243329801306,0,0
2019-02-13,0.0017290808,0.006852358,0.0047554555,5.4478073,-0.010871952501170136,-0.017583001407593134,0,0
2019-02-14,-0.0021845994,0.006570747,0.008330425,5.478144,-0.010425147933886592,-0.016860392903313884,0,0
2019-02-15,0.01213673,0.0066492017,0.009834293,5.3379226,-0.010549624621919936,-0.01706170667659125,0,0
2019-02-19,0.00062997796,0.0067638718,0.005461041,5.285391,-0.010731559258351333,-0.017355946093854973,0,0
2019-02-20,0.0029645623,0.0066406485,0.0039389716,5.3227386,-0.010536053474184163,-0.01703975831821541,0,0
2019-02-21,-0.004585308,0.0062913694,0.008094049,5.275093,-0.009981887718228666,-0.016143516611313483,0,0
2019-02-22,0.006109084,0.0063477373,0.0049626054,5.3062882,-0.01007132083981908,-0.01628815509300667,0,0
2019-02-25,0.00205789,0.006166089,0.0048855958,5.3887854,-0.009783117185359623,-0.01582204881987048,0,0
2019-02-26,-0.0019683284,0.0060148393,0.0050380873,5.2510195,-0.009543144582814573,-0.015433945707032258,0,0
2019-02-27,0.0012530208,0.0059340564,0.00542765,5.110404,-0.00941497424062351,-0.015226658257338693,0,0
2019-02-28,-0.0036740038,0.0059194723,0.0026701724,4.946956,-0.009391835062739844,-0.01518923570630609,0,0
2019-03-01,0.0072454363,0.0057622627,0.004637055,4.832696,-0.009142406633161931,-0.014785839864768875,0,0
2019-03-04,-0.004824453,0.0056255423,0.012248324,4.7369576,-0.008925486341572782,-0.014435018814737886,0,0
2019-03-05,0.0,0.0061288476,0.0039839144,4.8301077,-0.00972403048206596,-0.015726489021658456,0,0
2019-03-06,-0.007190396,0.006143752,0.0051744026,4.6623006,-0.00974767728855876,-0.015764732550758057,0,0
2019-03-07,-0.007787778,0.0062065073,0.008509469,4.864842,-0.009847244885055206,-0.01592576132541093,0,0
2019-03-08,-0.0010915046,0.0065616826,0.007608691,5.082589,-0.010410766028158333,-0.01683713332150127,0,0
2019-03-11,0.013379335,0.0067998366,0.0096898135,5.0812087,-0.010788621781255283,-0.017448232223732103,0,0
2019-03-12,0.004748049,0.006826924,0.0041919774,4.8031354,-0.010831598288903677,-0.017517737309814277,0,0
2019-03-13,0.007922772,0.0064486605,0.008345938,4.9750133,-0.010231445543334395,-0.01654712172176974,0,0
2019-03-14,-0.0025746897,0.0063189436,0.0036645716,5.1578894,-0.010025636979588646,-0.016214271457233836,0,0
2019-03-15,0.006203494,0.006017943,0.004825791,5.1610937,-0.009548068851782308,-0.015441909633307849,0,0
2019-03-18,0.0037917246,0.0057845335,0.0033789857,5.3929844,-0.009177741565758412,-0.014842986377275644,0,0
2019-03-19,-0.0014091952,0.0055504404,0.007315729,5.5667014,-0.008806329348001272,-0.014242308481845344,0,0
2019-03-20,-0.003354819,0.005675478,0.0076631424,5.38764,-0.009004713504014522,-0.014563151393369259,0,0
2019-03-21,0.01247929,0.005953673,0.009874484,5.582741,-0.009446097936951002,-0.015276994017753105,0,0
2019-03-22,-0.018244017,0.0062522762,0.010297395,5.7886424,-0.009919862017212254,-0.01604320362814315,1,1
2019-03-25,-0.0013350543,0.00690475,0.007191804,5.82115,-0.010955076912131545,-0.017717436931918917,0,0
2019-03-26,0.005683852,0.0073155332,0.0065280427,5.5822744,-0.011606825898202333,-0.01877149813557545,0,0
2019-03-27,-0.004437746,0.0072497563,0.009641905,5.554987,-0.0115024643331298,-0.01860271616698504,0,0
2019-03-28,0.0037290286,0.0073529305,0.0066805813,5.382399,-0.011666160534185661,-0.018867458910597382,0,0
2019-03-29,0.0059200525,0.007104206,0.0034447145,5.4783096,-0.01127153403484689,-0.018229237000356297,0,0
2019-04-01,0.011474746,0.006522374,0.004411774,5.3684287,-0.010348400098341506,-0.01673627009278158,0,0
2019-04-02,-0.0012200437,0.0059781796,0.0028166354,5.593314,-0.009484980840628423,-0.015339878596214778,0,0
2019-04-03,0.004437298,0.0056062173,0.00509314,5.4000382,-0.008894825030662879,-0.01438543086143976,0,0
2019-04-04,0.0010412148,0.005501975,0.0035977531,5.263149,-0.00872943401965175,-0.014117947134013712,0,0
2019-04-05,0.004585775,0.0054285103,0.0031479616,5.2434845,-0.008612874890138742,-0.013929438277111102,0,0
2019-04-08,0.00077663205,0.0053329407,0.0037654631,5.261423,-0.008461244143404045,-0.013684208762634873,0,0
2019-04-09,-0.0054491335,0.005312851,0.0043792166,5.2251077,-0.008429370314960742,-0.013632659827857642,0,0
2019-04-10,0.004154411,0.005435496,0.0034930287,5.133712,-0.008623958567203384,-0.013947363696616748,0,0
2019-04-11,-0.00095052936,0.005510753,0.003547608,5.1466336,-0.008743361683736899,-0.014140472079481168,0,0
2019-04-12,0.0071499636,0.0055514034,0.003860959,5.0229383,-0.008807857663011655,-0.014244780196560424,0,0
2019-04-15,-0.0010305737,0.005476459,0.0033627127,5.150675,-0.008688950411857473,-0.014052473767315816,0,0
2019-04-16,0.00068716716,0.005381444,0.0040573413,5.0162597,-0.008538200097630238,-0.01380866815954046,0,0
2019-04-17,-0.0037852763,0.005331415,0.0057033286,4.8765416,-0.0084588236326564,-0.013680294116771734,0,0
2019-04-18,0.0032699453,0.005438371,0.005070906,4.9765334,-0.00862851998577493,-0.01395474079186762,0,0
2019-04-22,0.0008587377,0.005486621,0.0039943266,4.96738,-0.008705073275596375,-0.014078548967311862,0,0
2019-04-23,0.008717258,0.0054164305,0.0052767303,4.8656626,-0.008593708969336538,-0.013898441598970107,0,0
2019-04-24,-0.0024707147,0.0053448896,0.0025435158,5.00001,-0.008480202850388974,-0.013714870317821605,0,0
2019-04-25,-0.0015366231,0.0052123126,0.005136249,4.8313675,-0.00826985548966745,-0.013374679543510185,0,0
2019-04-26,0.0051979157,0.005279931,0.0048703835,4.838354,-0.008377138860049945,-0.013548186892097637,0,0
2019-04-29,0.00050981395,0.0053069307,0.0032053518,4.749658,-0.008419976923532213,-0.013617468075070631,0,0
2019-04-30,0.0018670972,0.00525366,0.0072224536,4.77753,-0.008335457212543564,-0.013480775958624864,0,0
2019-05-01,-0.008686081,0.0054153637,0.0085301455,4.6460648,-0.008592016873972763,-0.013895705005413445,1,0
2019-05-02,-0.001883401,0.0058087534,0.007693939,4.75227,-0.009216168418065062,-0.01490513339255413,0,0
2019-05-03,0.010230268,0.0061609633,0.0050528497,4.602261,-0.009774985174111362,-0.015808897073189342,0,0
2019-05-06,-0.005102052,0.0060363216,0.012925677,4.709448,-0.009577228993596754,-0.015489069774461323,0,0
2019-05-07,-0.014339318,0.006535199,0.015980046,4.5822053,-0.010368747771306858,-0.016769177996155196,1,0
2019-05-08,-0.001211492,0.0077067064,0.0075198957,4.6108403,-0.01222746114144777,-0.019775239676426734,0,0
2019-05-09,-0.0050347326,0.008132239,0.011928311,4.611054,-0.012902610811049355,-0.02086714635921099,0,0
2019-05-10,0.0049481415,0.008571628,0.016144633,4.496216,-0.013599745052286383,-0.021994608270365656,0,0
2019-05-13,-0.028101603,0.008954355,0.012392266,4.399031,-0.014206980167060086,-0.022976678039034793,1,1
2019-05-14,0.011423635,0.009506978,0.011352199,3.9889235,-0.015083772407329976,-0.024394697405213307,0,0
2019-05-15,0.0055319103,0.009690541,0.0107744085,4.1269383,-0.01537501368966975,-0.024865716375980364,0,0
2019-05-16,0.008197482,0.009434195,0.012028949,4.001085,-0.01496829549495872,-0.024207938797451752,0,0
2019-05-17,-0.005748644,0.009099704,0.0077198087,4.014075,-0.01443759195327452,-0.023349642082170514,0,0
2019-05-20,-0.0063091693,0.008592235,0.010211148,4.08153,-0.013632440497088139,-0.022047485989607835,0,0
2019-05-21,0.0077058175,0.008520217,0.004625711,4.150407,-0.013518177007114114,-0.021862689826744396,0,0
2019-05-22,-0.0029702126,0.007870612,0.005014435,4.109313,-0.01248751357726423,-0.020195817520610348,0,0
2019-05-23,-0.013387552,0.007388004,0.010164856,4.133806,-0.011721807850058089,-0.01895745625313621,1,0
2019-05-24,0.004335331,0.0076698055,0.0052405503,4.2609615,-0.012168914641861152,-0.019680553539366222,0,0
2019-05-28,-0.009491356,0.0075713904,0.008453455,4.308673,-0.012012768624610285,-0.019428021564008847,0,0
2019-05-29,-0.008952611,0.007823697,0.008522893,4.392436,-0.012413078573670912,-0.020075435209078486,0,0
2019-05-30,0.0037698636,0.008155979,0.005152157,4.3325896,-0.012940277577738054,-0.0209280641025175,0,0
2019-05-31,-0.013711202,0.007961929,0.006586117,4.1535177,-0.012632396754411936,-0.020430134319497258,1,0
2019-06-03,-0.0010905126,0.007971813,0.008804087,4.127787,-0.01264807894946519,-0.02045549683443336,0,0
2019-06-04,0.019984461,0.008193489,0.011024684,3.8956099,-0.012999790471896068,-0.02102431317108524,0,0
2019-06-05,0.008077803,0.008185934,0.005409512,3.9477386,-0.012987804645592023,-0.02100492872282238,0,0
2019-06-06,0.0063453107,0.007647079,0.008381846,3.9931273,-0.012132856723063787,-0.01962223775506706,0,0
2019-06-07,0.010226021,0.007398907,0.009173293,3.9238634,-0.011739107036777155,-0.018985433897850793,0,0
2019-06-10,0.0049442784,0.0072751176,0.0061111776,4.0294733,-0.011542702722825905,-0.01866779294713007,0,0
2019-06-11,-0.0007790522,0.0069954228,0.007845053,4.0403705,-0.01109893849801417,-0.017950101530738727,0,0
2019-06-12,-0.0020804445,0.006960713,0.0036203912,4.0483985,-0.011043867580402022,-0.017861036386111983,0,0
2019-06-13,0.0046749283,0.0067574033,0.006653794,4.083256,-0.010721297197645144,-0.017339349458814275,0,0
2019-06-14,-0.001382887,0.0067358073,0.0044109346,4.1261616,-0.010687032718960614,-0.017283934171001374,0,0
2019-06-17,0.00051880674,0.0065835374,0.0031647054,4.1322026,-0.010445441315022091,-0.016893213001546645,0,0
2019-06-18,0.011773435,0.0063323397,0.009829642,4.168906,-0.010046891326112556,-0.016248645706459737,0,0
2019-06-19,0.0024745096,0.006473779,0.004852734,4.2708344,-0.010271298461038539,-0.016611575085414696,0,0
2019-06-20,0.008993019,0.0063421354,0.005332394,4.250999,-0.010062432362408192,-0.016273779928029617,0,0
2019-06-21,-0.0032146208,0.0061777206,0.004907099,4.363092,-0.009801571883190743,-0.015851895250666267,0,0
2019-06-24,0.0005082592,0.006100688,0.00336644,4.3021755,-0.009679352830415482,-0.015654232707829476,0,0
2019-06-25,-0.010214593,0.0059657726,0.0068563684,4.3153496,-0.009465295527987286,-0.015308041915559598,1,0
2019-06-26,-0.0013698633,0.006184379,0.005841271,4.227875,-0.00981213616841645,-0.01586898066765773,0,0
2019-06-27,0.0044452115,0.0063736737,0.0037186376,4.2333317,-0.010112471332256727,-0.016354706999518076,0,0
2019-06-28,0.004510454,0.006255112,0.0055586696,4.149696,-0.009924361905043299,-0.016050481210901055,0,0
2019-07-01,0.007949974,0.0061137252,0.0062348493,4.144142,-0.009700037112725927,-0.015687685003076397,0,0
2019-07-02,0.003951411,0.0059494153,0.004520884,4.251467,-0.009439343128453364,-0.01526606959481167,0,0
2019-07-03,0.006940117,0.0056981235,0.004860073,4.292335,-0.0090406429321479,-0.014621259372168396,0,0
2019-07-05,-0.003255021,0.005489166,0.007942124,4.3246136,-0.008709110778009831,-0.01408507874295348,0,0
2019-07-08,-0.0040207794,0.005627117,0.0044101523,4.2156587,-0.008927984670609885,-0.014439059314636252,0,0
2019-07-09,0.0011743982,0.0056915134,0.0053343903,4.1198,-0.00903015556034782,-0.014604298345793148,0,0
2019-07-10,0.0051843915,0.005777467,0.007967146,3.972225,-0.009166530302893614,-0.01482485461568899,0,0
2019-07-11,0.002166126,0.0059063383,0.0029218365,4.020454,-0.009370996953578145,-0.015155534629826746,0,0
2019-07-12,0.00382092,0.005656627,0.0026501708,3.8919852,-0.008974805039811925,-0.014514781004690995,0,0
2019-07-15,0.0005801666,0.0053219604,0.0029595953,3.7924743,-0.008443822800067809,-0.013656033556353368,0,0
2019-07-16,-0.0034029165,0.00506705,0.0034517252,3.8038366,-0.008039382147619144,-0.013001939403483641,0,0
2019-07-17,-0.007343157,0.0049598366,0.0063459724,3.8323913,-0.007869277700912879,-0.012726832726412325,0,0
2019-07-18,0.004178861,0.0051372433,0.006384241,3.8282974,-0.008150750978198134,-0.013182054088920469,0,0
2019-07-19,-0.006862526,0.0054842425,0.007727901,3.897159,-0.008701299993421539,-0.014072446510022407,0,0
2019-07-22,0.0040228013,0.0060007907,0.003955394,3.955665,-0.009520855072068117,-0.015397897306454045,0,0
2019-07-23,0.0063365228,0.0060721133,0.0029343504,4.014856,-0.00963401553303228,-0.0155809095615391,0,0
2019-07-24,0.004477991,0.0058167526,0.004770841,4.0674233,-0.009228860038157207,-0.014925659307648111,0,0
2019-07-25,-0.0049767853,0.005593042,0.0065666786,4.1064796,-0.008873920866441525,-0.014351622955372375,0,0
2019-07-26,0.005969177,0.0056279767,0.00406902,4.057481,-0.008929348300403045,-0.014441264687090739,0,0
2019-07-29,-0.00090965483,0.005528157,0.0027494312,4.1550055,-0.008770974508400513,-0.01418512977412026,0,0
2019-07-30,-0.0031488258,0.00538268,0.005740415,3.9799151,-0.00854016093755179,-0.013811839388544358,0,0
2019-07-31,-0.010009259,0.0054959003,0.013064615,3.9418383,-0.008719796314988879,-0.014102360258092852,1,0
2019-08-01,-0.010195143,0.006304563,0.016105521,3.9416313,-0.010002820838092608,-0.016177371346789326,1,0
2019-08-02,-0.0066276053,0.007736848,0.010802701,4.04276,-0.012275284099774443,-0.019852582834749274,0,0
2019-08-05,-0.03557859,0.008616834,0.017679393,4.0193577,-0.013671469988706166,-0.022110607641949817,1,1
2019-08-06,0.016123729,0.010613386,0.02362696,3.6584852,-0.01683919919062946,-0.02723371565868337,0,0
2019-08-07,0.0015634503,0.013038813,0.016827384,3.734296,-0.020687382373931047,-0.03345730892046276,0,0
2019-08-08,0.020445691,0.01358231,0.011067255,3.66182,-0.021549694078315113,-0.03485190919215611,0,0
2019-08-09,-0.006911585,0.0120209,0.008733161,3.7865536,-0.019072361501543997,-0.03084536646859706,0,0
2019-08-12,-0.0136209,0.010682682,0.0116242105,3.7773283,-0.01694914376553862,-0.027411526922591755,0,0
2019-08-13,0.017807689,0.010468224,0.015577097,3.7944195,-0.01660888600947922,-0.026861234543822353,0,0
2019-08-14,-0.031616684,0.010488212,0.015217226,3.8714986,-0.016640597867296793,-0.026912521526596032,1,1
2019-08-15,0.0027244382,0.011440605,0.01314168,3.9376826,-0.018151664363335214,-0.02935634054842774,0,0
2019-08-16,0.014982859,0.012321434,0.0068741012,3.8128664,-0.01954918854587283,-0.03161652975235037,0,0
2019-08-19,0.01109164,0.011513819,0.0070684133,3.7841477,-0.01826782716249029,-0.0295442084278021,0,0
2019-08-20,-0.008759933,0.010425953,0.007806237,3.795215,-0.016541819312060887,-0.02675276885332359,0,0
2019-08-21,0.010639311,0.009852699,0.0057343654,3.7903905,-0.01563229362270834,-0.025281810304304295,0,0
2019-08-22,-0.00239255,0.009049735,0.008375598,3.818423,-0.014358310499002925,-0.023221421698398286,0,0
2019-08-23,-0.023106908,0.008793175,0.02097569,3.773604,-0.013951252980355308,-0.022563095337739328,1,1
2019-08-26,0.009671171,0.010581079,0.01574593,3.8664272,-0.016787940464336876,-0.027150815898363694,0,0
2019-08-27,-0.006175275,0.011925129,0.008953131,3.8187044,-0.018920411337876995,-0.030599620367208796,0,0
2019-08-28,0.008427138,0.012034741,0.008082322,3.7227116,-0.019094322546719836,-0.030880883648073097,0,0
2019-08-29,0.012722599,0.011221623,0.009805229,3.7329907,-0.01780422922736915,-0.02879444033003724,0,0
2019-08-30,-0.0006835854,0.010263944,0.008018427,3.748637,-0.016284774643618327,-0.026337055413943367,0,0
2019-09-03,-0.0064314418,0.009491684,0.009056352,3.6675482,-0.015059506673976843,-0.024355452897507957,0,0
2019-09-04,0.011121682,0.009165157,0.0050354553,3.6755545,-0.014541438650827273,-0.023517591365341817,0,0
2019-09-05,0.01133588,0.008398067,0.0095597645,3.7369695,-0.013324374176676689,-0.02154925620568967,0,0
2019-09-06,0.0029398198,0.008048871,0.0037268365,3.7833211,-0.012770338721112842,-0.020653225231125793,0,0
2019-09-09,-0.000839067,0.007401983,0.0052026957,3.743347,-0.011743986967417176,-0.018993326116594683,0,0
2019-09-10,8.393839e-05,0.0070126667,0.0066024982,3.7157702,-0.011126297960805135,-0.017994349468053828,0,0
2019-09-11,0.007858915,0.0068659093,0.005949144,3.7241871,-0.010893452065792219,-0.017617772243371903,0,0
2019-09-12,0.0032425718,0.0067764823,0.0045243637,3.785776,-0.010751567607380101,-0.017388305215098245,0,0
2019-09-13,-0.0017446936,0.0065952833,0.0046960604,3.8347359,-0.01046407698561939,-0.016923352116145287,0,0
2019-09-16,-0.0024977117,0.006493682,0.005072176,3.7647626,-0.010302876399009139,-0.016662645482174266,0,0
2019-09-17,0.0029965064,0.006506164,0.0035081664,3.8092573,-0.010322680248812123,-0.016694673870720315,0,0
2019-09-18,0.00016620959,0.00635479,0.0077852183,3.7713153,-0.010082510385951938,-0.016306251732536983,0,0
2019-09-19,-0.00016620959,0.0064492435,0.007805737,3.6371355,-0.010232370314169572,-0.01654861733600231,0,0
2019-09-20,-0.0061692568,0.0065790513,0.006809062,3.667172,-0.010438323656128264,-0.016881701747580493,0,0
2019-09-23,0.002505639,0.0067247334,0.0061918683,3.564044,-0.010669462977956111,-0.01725551896400153,0,0
2019-09-24,-0.008965664,0.00669725,0.0110050505,3.6091812,-0.010625857589945244,-0.017184996801704443,0,0
2019-09-25,0.005372295,0.0071750823,0.008460268,3.7371535,-0.011383986892295294,-0.018411104861772203,0,0
2019-09-26,-0.001927348,0.007350461,0.007215028,3.8758967,-0.011662242473797883,-0.018861122306265646,0,0
2019-09-27,-0.005635713,0.0073228595,0.010617156,3.9232614,-0.01161844977897402,-0.01879029721623261,0,0
2019-09-30,0.0049644597,0.007590614,0.005142561,4.0680532,-0.012043268869758289,-0.019477349028722436,0,0
2019-10-01,-0.013775836,0.007235456,0.00967993,4.245644,-0.011479774872570089,-0.018566020935202522,1,0
2019-10-02,-0.019680092,0.007452873,0.012571072,4.3531065,-0.011824728871911836,-0.019123908458655924,1,1
2019-10-03,0.010790384,0.008414732,0.012756705,4.477296,-0.013350815202679295,-0.021592018772705297,0,0
2019-10-04,0.013389821,0.009187143,0.010789875,4.732827,-0.014576322961235965,-0.023574009095179486,0,0
2019-10-07,-0.0045852163,0.009134682,0.0073862677,4.8361464,-0.014493087252023357,-0.023439393570314947,0,0
2019-10-08,-0.015437699,0.0086744195,0.0112829525,4.9793878,-0.013762834994575543,-0.022258370523238445,1,0
2019-10-09,0.009119912,0.008937959,0.009751799,5.4012313,-0.014180966236785662,-0.022934606205793892,0,0
2019-10-10,0.0075085675,0.008977174,0.016961388,5.776027,-0.014243184673798056,-0.02303523089721426,0,0
2019-10-11,0.010064786,0.009589582,0.011581033,6.2237387,-0.015252694302798683,-0.02453080921127006,0,0
2019-10-14,-0.0017687939,0.009443532,0.0068292124,6.12461,-0.015004431873231904,-0.02418980289017242,0,0
2019-10-15,0.010816355,0.008756377,0.0058356337,6.0528245,-0.013901415890572696,-0.02245198471330188,0,0
2019-10-16,-0.0020870734,0.007892704,0.0028925044,6.2809668,-0.012561115046063331,-0.020174642959500253,0,0
2019-10-17,0.002170466,0.0070629297,0.0052340073,5.8461323,-0.01120604541994964,-0.0181233235126184,0,0
2019-10-18,-0.0032574679,0.006631459,0.005890229,6.0297465,-0.010525142008981534,-0.017009042822911123,0,0
2019-10-21,0.0060886797,0.0065053357,0.0033263504,5.6311007,-0.010321366386529663,-0.01669254898631161,0,0
2019-10-22,-0.003999339,0.0062406575,0.005598757,5.960482,-0.009901428131249244,-0.01601339085598469,0,0
2019-10-23,0.003749848,0.0062389495,0.00489977,6.2109723,-0.009922024937892638,-0.0159624074332022,0,0
2019-10-24,-0.00049916806,0.006200373,0.0038631256,6.5070643,-0.009889113154434212,-0.015802563575551938,0,0
2019-10-25,0.0053116567,0.0060854196,0.0052037966,7.013323,-0.009744958160711411,-0.015416514848537302,0,0
2019-10-28,0.005283592,0.00596147,0.0037889613,6.9999447,-0.00954556831091682,-0.015104773374101885,0,0
2019-10-29,-0.00016469038,0.005771985,0.003865085,7.0621448,-0.009246175222049869,-0.014614522442593873,0,0
2019-10-30,0.0039451024,0.005627936,0.0070206067,6.8758645,-0.009003365419130542,-0.01427987660710175,0,0
2019-10-31,-0.0039451024,0.0056754677,0.0066336505,6.680526,-0.009065463744089203,-0.014433805686392907,0,0
2019-11-01,0.009017933,0.005827992,0.0049226563,6.6047854,-0.009303168810021623,-0.01483541907794386,0,0
2019-11-04,0.00407233,0.005753237,0.0037603225,6.6286426,-0.009185702653141996,-0.014640834235350926,0,0
2019-11-05,-0.0012199586,0.0055901892,0.003548333,6.7496943,-0.008934256719139338,-0.014205122830315643,0,0
2019-11-06,0.0011386743,0.005458098,0.0033583231,6.780006,-0.00872524012924693,-0.013864478201798992,0,0
2019-11-07,0.0034082644,0.005344913,0.005874744,6.765636,-0.008543336839856008,-0.01357928188377358,0,0
2019-11-08,0.0014571361,0.005380908,0.004507465,6.599913,-0.008589134568749124,-0.013698169874720775,0,0
2019-11-11,-0.0009711882,0.0053650793,0.004025595,6.706092,-0.008571472988815342,-0.013640217736736591,0,0
2019-11-12,0.0014564288,0.005319995,0.0046682623,6.5225024,-0.008486151313891523,-0.01355615586267622,0,0
2019-11-13,0.0011313133,0.005293506,0.0047930484,6.2756677,-0.008424079842710564,-0.013531752361265657,0,0
2019-11-14,0.000484457,0.0053790933,0.0041153287,6.4001107,-0.008570754593553056,-0.013728132491779831,0,0
2019-11-15,0.006838046,0.005423385,0.0033378794,6.221997,-0.008625999849732419,-0.01387371707883042,0,0
2019-11-18,0.001121795,0.0053173066,0.0037572181,6.1092978,-0.008447014119288927,-0.01362326614127192,0,0
2019-11-19,-0.001041625,0.0052614138,0.00443222,6.2462807,-0.008370491250914188,-0.013454988308470911,0,0
2019-11-20,-0.003050986,0.0052827005,0.0061403853,5.893844,-0.008381532878812775,-0.013555293254830873,0,0
2019-11-21,-0.0016095288,0.0054576863,0.005122736,5.696458,-0.008659165913999707,-0.014004303867042505,0,0
2019-11-22,0.0024133227,0.005591532,0.0035057317,5.8131895,-0.008871525691881144,-0.014347749285241634,0,0
2019-11-25,0.006806288,0.005509376,0.002705989,5.8323827,-0.008741176437585284,-0.014136937922561736,0,0
2019-11-26,0.0035051417,0.0052444115,0.0029252334,5.6413155,-0.008320783940661757,-0.013457045155889658,0,0
2019-11-27,0.003175866,0.0050227838,0.0022270237,5.835963,-0.007969149331656506,-0.012888353209853992,0,0
2019-11-29,-0.003175866,0.004827403,0.0027229793,5.459572,-0.007659158365876741,-0.012387010733692498,0,0
2019-12-02,-0.009428002,0.004785825,0.008700234,5.7293644,-0.007593190173149116,-0.012280321633877045,1,0
2019-12-03,-0.0074936897,0.0052739778,0.010989032,6.0089407,-0.008368575699247035,-0.013531201591488684,0,0
2019-12-04,0.0064495546,0.00617896,0.007696381,5.929073,-0.009803539057159109,-0.015855076723603263,0,0
2019-12-05,0.00216737,0.0066475733,0.004692577,5.981951,-0.010547040330818899,-0.01705752715188653,0,0
2019-12-06,0.009020217,0.00652666,0.0052362513,6.2399693,-0.010382720873676978,-0.016692007882494492,0,0
2019-12-09,-0.003662133,0.006131877,0.003353544,6.6590962,-0.009792750095966512,-0.015598598810938828,0,0
2019-12-10,0.00047843077,0.005802501,0.006023566,6.1862807,-0.009225513889503286,-0.014850709446001743,0,0
2019-12-11,0.0022296554,0.0057338723,0.0030376264,6.3327518,-0.009130087741468213,-0.014646411683608274,0,0
2019-12-12,0.007922716,0.0056203934,0.007675787,6.571217,-0.008969181013899347,-0.014312908377406255,0,0
2019-12-13,0.0012618299,0.00575402,0.00625686,6.938804,-0.009209353367606643,-0.014589243386495365,0,0
2019-12-16,0.0069900146,0.0058345078,0.0043343934,7.1082277,-0.009349263570859492,-0.01476532983631076,0,0
2019-12-17,0.0003912516,0.005695734,0.002535509,6.9059224,-0.009113866265897608,-0.014446894771322646,0,0
2019-12-18,0.0011728372,0.0054642004,0.0020479779,6.460275,-0.00871126268734651,-0.013934576686807853,0,0
2019-12-19,0.0038995526,0.0052268635,0.0035222566,6.5402493,-0.008338908904676378,-0.013315882314157621,0,0
2019-12-20,0.0043495214,0.0051013604,0.003960774,6.247507,-0.008115961584391295,-0.01304547036238328,0,0
2019-12-23,0.00046490005,0.0050707986,0.002189166,6.450369,-0.008083345665051906,-0.012932974869585324,0,0
2019-12-24,-0.00046490005,0.005009963,0.00185595,5.823856,-0.00794880799273797,-0.012855455550413475,0,0
2019-12-26,0.0057957736,0.00494262,0.0020937254,5.1192684,-0.007841961671585797,-0.01268265503320991,0,0
2019-12-27,-0.002159828,0.0048631565,0.003938078,6.1422777,-0.007728363195729592,-0.012454055369441434,0,0
2019-12-30,-0.0043337015,0.0049684914,0.005183675,5.94303,-0.007883009009546723,-0.012749040109953688,0,0
2019-12-31,0.0023239611,0.0052277395,0.0048749787,6.207467,-0.008313553879492196,-0.01337584895366789,0,0
2020-01-02,0.008628713,0.0053873523,0.0042568105,6.1667356,-0.008563668179726246,-0.013791858699768835,0,0
2020-01-03,-0.0072369245,0.005331084,0.01140433,6.6888347,-0.008515959596296876,-0.013556609564835665,0,0
2020-01-06,0.0024695182,0.005840694,0.0077224416,6.276827,-0.009294982877357428,-0.014930294038327505,0,0
2020-01-07,-0.002546789,0.0061297845,0.006014681,7.754008,-0.009859705431341183,-0.015410857907167268,0,0
2020-01-08,0.007697675,0.006172965,0.018226042,7.569831,-0.00991946769111913,-0.015547049195468194,0,0
2020-01-09,0.0048192865,0.006916021,0.0030070792,7.5551867,-0.011112600961701103,-0.017421007968747206,0,0
2020-01-10,-0.003439976,0.0064367736,0.0052886815,7.6509557,-0.010347932894035454,-0.016198625054552884,0,0
2020-01-13,0.007628384,0.006055802,0.0030890987,7.6729226,-0.009736606953244716,-0.015236649564267587,0,0
2020-01-14,-0.00053209683,0.0055235024,0.0046205167,7.997545,-0.008895034427582351,-0.013855499125972651,0,0
2020-01-15,0.0017472561,0.0053740144,0.0044267024,7.889449,-0.008649873173725018,-0.013493737388553846,0,0
2020-01-16,0.0068832766,0.0053533716,0.0029743048,7.625314,-0.008605044614481869,-0.013475516446331862,0,0
2020-01-17,0.0025596642,0.0052583376,0.0026095945,7.9220395,-0.008465007957850353,-0.013199347103416675,0,0
2020-01-21,-0.0016555049,0.0051757973,0.004682609,7.7557116,-0.00832529727409753,-0.013012233605273087,0,0
2020-01-22,7.530971e-05,0.005263719,0.0047214883,7.408555,-0.008450610140935141,-0.013278541073243845,0,0
2020-01-23,0.0018809019,0.0053889034,0.005244462,7.0281425,-0.008630479825534916,-0.013649729954916581,0,0
2020-01-24,-0.009819551,0.005508206,0.0103635825,7.145254,-0.008828577727438867,-0.01393392892841057,1,0
2020-01-27,-0.016531833,0.006076475,0.005523398,7.3904133,-0.009754397476159972,-0.015331694515007242,1,1
2020-01-28,0.011890747,0.0065961163,0.0067754514,6.93918,-0.010557164213515272,-0.01672429657989886,0,0
2020-01-29,-0.0017555247,0.0068903007,0.0056649074,6.9819374,-0.01103140983076992,-0.017461723610946386,0,0
2020-01-30,0.005257355,0.0069038835,0.011502407,7.129277,-0.011064400916280345,-0.017467567016687363,0,0
2020-01-31,-0.020188749,0.007146626,0.013064404,6.9458785,-0.011438817677115139,-0.01811871676151424,1,1
2020-02-03,0.006646597,0.00793044,0.008839441,6.6152725,-0.01266042040621142,-0.020184691188663728,0,0
2020-02-04,0.01650152,0.008287796,0.010677783,6.7497826,-0.013245588824295178,-0.021059937284947376,0,0
2020-02-05,0.010701737,0.0082031265,0.008388259,6.872279,-0.013122706573000553,-0.020814822259102864,0,0
2020-02-06,0.0030687498,0.007740655,0.0051120836,7.0705304,-0.01240051362919028,-0.019597328612207372,0,0
2020-02-07,-0.0059213904,0.007047155,0.004393037,7.1714354,-0.011297160577281095,-0.017821903471974883,0,0
2020-02-10,0.0082354285,0.0066045523,0.008946583,6.924251,-0.01056951237649954,-0.01674853956655473,0,0
2020-02-11,0.0013411819,0.0065504764,0.005172511,7.2383437,-0.010505475935214236,-0.016553950650366904,0,0
2020-02-12,0.006826978,0.0064155683,0.0040232795,7.350879,-0.01029629384373335,-0.016193873283066124,0,0
2020-02-13,-0.0008878367,0.0061340425,0.007582516,7.097407,-0.009828521822221062,-0.01552520201085278,0,0
2020-02-14,0.0010357329,0.0061969534,0.004860676,7.15359,-0.009933053630650213,-0.015674813687539656,0,0
2020-02-18,-0.003481356,0.006121474,0.007431092,7.1868353,-0.009814204168510327,-0.015478331004449022,0,0
2020-02-19,0.005328215,0.0062723174,0.0039059129,6.8870826,-0.010035065191177304,-0.015912815890453895,0,0
2020-02-20,-0.005328215,0.0060945754,0.011507475,7.038491,-0.0097613377552941,-0.015435368821204734,0,0
2020-02-21,-0.008943937,0.0065371315,0.0070297187,7.1379194,-0.010477235015788495,-0.01653808849508615,0,0
2020-02-24,-0.034425758,0.0068371156,0.014340719,7.2664657,-0.010967127551363668,-0.017273176817091854,1,1
2020-02-25,-0.029489065,0.008305577,0.026119625,5.5197062,-0.013177628789764998,-0.021311927690471417,1,1
2020-02-26,-0.0071282987,0.012686114,0.019760171,5.7013354,-0.020127789244717836,-0.03255228962631331,0,0
2020-02-27,-0.050527867,0.016388176,0.027497236,5.707473,-0.026001481157837018,-0.042051699522100416,1,1
2020-02-28,-0.002031145,0.021064574,0.034519866,5.574075,-0.03342105510775216,-0.05405123494971181,0,0
2020-03-02,0.037903473,0.0264214,0.033829767,5.5155334,-0.04192019494839412,-0.0677967317006638,0,0
2020-03-03,-0.02243578,0.026906084,0.034256686,5.5565653,-0.04268919528480855,-0.06904042127676886,0,0
2020-03-04,0.038537104,0.02844945,0.024335574,5.6103864,-0.04513790158942545,-0.07300066727639284,0,0
2020-03-05,-0.032383237,0.025577039,0.019352913,5.8076797,-0.04058053318838696,-0.0656301222890269,0,0
2020-03-06,-0.017225947,0.024591697,0.030675719,5.85961,-0.03901718908938237,-0.06310175569706547,0,0
2020-03-09,-0.07575731,0.027368234,0.034439623,5.8067126,-0.04342244264153663,-0.07022628824078256,1,1
2020-03-10,0.0420477,0.034048934,0.037939418,5.6392856,-0.05402204289283694,-0.08736881954953127,0,0
2020-03-11,-0.04478094,0.039203428,0.033032358,5.526239,-0.062200166001919674,-0.10059514206363303,0,0
2020-03-12,-0.10423595,0.040774412,0.06298691,5.624053,-0.06469268943268386,-0.10462625266560345,1,0
2020-03-13,0.08795598,0.05263478,0.058515947,5.735334,-0.083510346243652,-0.13505969009639116,0,0
2020-03-16,-0.10955244,0.056056555,0.062240932,5.967167,-0.08893933377843914,-0.1438398880834311,1,0
2020-03-17,0.028257094,0.064813726,0.051406138,6.1818247,-0.10304375759836214,-0.16589191963325892,0,0
2020-03-18,-0.034380306,0.06560775,0.06468114,6.1250386,-0.104241896110755,-0.1680546227309222,0,0
2020-03-19,-0.005218674,0.06744114,0.055171475,6.087526,-0.10711017437139972,-0.1728404288613957,0,0
2020-03-20,-0.042978287,0.06245203,0.069081664,5.9643188,-0.09908639715008719,-0.16025054012844522,0,0
2020-03-23,-0.030164186,0.059891514,0.06579592,5.9387197,-0.0950238843003443,-0.15368031558527268,0,0
2020-03-24,0.09344564,0.054618943,0.036698487,5.806668,-0.08665842542262356,-0.14015101850581108,0,0
2020-03-25,0.011824806,0.04066124,0.04960108,5.9479938,-0.06451312825408091,-0.10433585179641412,0,0
2020-03-26,0.055580806,0.038554233,0.053218544,5.818221,-0.061170148644845046,-0.09892931463867516,0,0
2020-03-27,-0.0327387,0.03562023,0.025267415,5.907314,-0.05651506218898047,-0.0914007321051215,0,0
2020-03-30,0.033984087,0.032174356,0.03227537,5.8707886,-0.051047838728154986,-0.08255869588421506,0,0
2020-03-31,-0.016020415,0.029476667,0.019135118,5.8589916,-0.04676768441034973,-0.07563648394605715,0,0
2020-04-01,-0.048537254,0.025398895,0.022645388,5.726087,-0.04029788992216836,-0.06517300872573333,1,0
2020-04-02,0.027597683,0.024971103,0.024784094,5.902336,-0.039619155182068766,-0.06407530397681457,0,0
2020-04-03,-0.013502231,0.024389336,0.021529447,5.9042735,-0.038696121685448615,-0.06258249950875044,0,0
2020-04-06,0.063115194,0.023195527,0.032404564,5.836207,-0.036802028139519674,-0.059519218145021424,0,0
2020-04-07,-0.0009458054,0.021899464,0.033288628,6.004079,-0.03474736464511165,-0.056190303332576075,0,0
2020-04-08,0.03459523,0.023306089,0.026930884,5.8972487,-0.0369774414223218,-0.05980291070144939,0,0
2020-04-09,0.01622956,0.022040902,0.026192162,5.9913363,-0.03497009873877328,-0.05655647366757192,0,0
2020-04-13,-0.0074020918,0.0209518,0.025230775,5.953236,-0.033242127333830834,-0.05376185847383247,0,0
2020-04-14,0.029900929,0.02028046,0.014792611,5.884094,-0.03217697954338551,-0.052039215269065055,0,0
2020-04-15,-0.024209086,0.016979659,0.018328326,6.0269227,-0.026948435886566088,-0.04355288985421244,0,0
2020-04-16,0.0044943895,0.01671282,0.02122563,6.122912,-0.02655380174651225,-0.04281123540663352,0,0
2020-04-17,0.029166892,0.017426262,0.01579008,6.0426946,-0.027662295207444714,-0.04468853320868106,0,0
2020-04-20,-0.022373874,0.01623903,0.013010093,6.225697,-0.02582949041985223,-0.04153945886424952,0,0
2020-04-21,-0.026904214,0.016349886,0.024299448,6.3245335,-0.026031933536734563,-0.04176810859543547,1,0
2020-04-22,0.020469876,0.019506944,0.020166958,6.4867463,-0.03110634336799021,-0.04972907892125751,0,0
2020-04-23,-0.0027831413,0.020657646,0.015988452,6.532982,-0.03295497088677214,-0.0526319090457987,0,0
2020-04-24,0.017379342,0.02007566,0.01647992,6.462811,-0.032006227800689714,-0.051194463436563614,0,0
2020-04-27,0.01386352,0.018088818,0.014605824,6.5730467,-0.028867102150516,-0.04606398560135594,0,0
2020-04-28,-0.00061015476,0.015731629,0.015333438,6.6363244,-0.025118981638985093,-0.04003008011624024,0,0
2020-04-29,0.025396278,0.014445581,0.018742906,6.602413,-0.02305887544038502,-0.03677295779215517,0,0
2020-04-30,-0.013177225,0.013531715,0.017669274,6.876587,-0.021647656054789337,-0.034334005654407994,0,0
2020-05-01,-0.028215175,0.014047557,0.012943096,6.951933,-0.022485366891189337,-0.035612077756676276,1,0
2020-05-04,0.0012395964,0.015078036,0.014224724,7.3218603,-0.02419434682375235,-0.03807075303033567,0,0
2020-05-05,0.011612693,0.015998812,0.014632686,7.263339,-0.025662512305621513,-0.04042047158560252,0,0
2020-05-06,-0.008696853,0.015712723,0.0123276,7.4193687,-0.0252275162581908,-0.03963338571415073,0,0
2020-05-07,0.016277598,0.015044336,0.014422934,7.3923087,-0.024150528753287794,-0.03795797257878255,0,0
2020-05-08,0.016700052,0.013997159,0.008299986,7.7443323,-0.02251319475893435,-0.035193405440893506,0,0
2020-05-11,-0.0019653926,0.011973544,0.01386529,8.030973,-0.01928513136963294,-0.030026221628677182,0,0
2020-05-12,-0.024329152,0.011233852,0.020192547,7.968281,-0.018088502733060362,-0.028187116509571238,1,0
2020-05-13,-0.013944273,0.012771264,0.021889186,8.051165,-0.02057186879694192,-0.03202093780717179,0,0
2020-05-14,0.012014279,0.015814729,0.02281317,8.029131,-0.02547170515222416,-0.039659467982224444,0,0
2020-05-15,-0.00017563888,0.017816303,0.013461874,8.026075,-0.028695103385430513,-0.044680142524473936,0,0
2020-05-18,0.035036806,0.016947163,0.020548949,7.850686,-0.027272562106895635,-0.042568236850244155,0,0
2020-05-19,-0.009971532,0.015512457,0.013806481,7.711653,-0.02494621161577408,-0.039015487485284696,0,0
2020-05-20,0.016901333,0.014772515,0.011231695,7.6158834,-0.023744230921157558,-0.0371888211932608,0,0
2020-05-21,-0.010668122,0.013347187,0.006249085,7.679008,-0.02146048921968968,-0.03358010776955885,0,0
2020-05-22,0.0054329503,0.012153445,0.012507578,7.6627083,-0.019539429148397736,-0.03058158256396667,0,0
2020-05-26,0.01395567,0.011918791,0.01416502,7.515,-0.01914670867766647,-0.030034658039771678,0,0
2020-05-27,0.013598883,0.011830736,0.015183679,7.651422,-0.01901946160174286,-0.029772803361983808,0,0
2020-05-28,0.0008232486,0.011890672,0.010673405,7.748682,-0.019125522797547905,-0.029895781172735964,0,0
2020-05-29,0.0013157896,0.011723729,0.015437509,7.6331496,-0.018845594583068278,-0.029508745348570054,0,0
2020-06-01,0.003937013,0.011937061,0.0108065745,7.5659037,-0.01918150119389022,-0.030065499691518945,0,0
2020-06-02,0.0075028897,0.011559188,0.008910782,7.464753,-0.018563717633729975,-0.029143180936757298,0,0
2020-06-03,0.013156491,0.010699153,0.009748628,7.575623,-0.017193242963897914,-0.026945036696488515,0,0
2020-06-04,-0.002328103,0.0098450575,0.008814496,7.6232023,-0.01582483165119833,-0.02478250843530612,0,0
2020-06-05,0.024218103,0.009375803,0.018216956,7.5338707,-0.015063172204067323,-0.023622036927474846,0,0
2020-06-08,0.012706255,0.009678985,0.008128391,7.4273314,-0.015540790011975978,-0.02441204991251263,0,0
2020-06-09,-0.006839759,0.009506334,0.007941216,7.4806304,-0.015268283015452718,-0.023963658464888456,0,0
2020-06-10,-0.006101873,0.009606593,0.009830108,7.44935,-0.015426533568500404,-0.024224045154316212,0,0
2020-06-11,-0.056743078,0.010115956,0.026846547,7.427443,-0.016242410677564326,-0.025514136050113375,1,1
2020-06-12,0.008105917,0.015309109,0.024183663,6.203155,-0.02434461871049678,-0.039172623614937,0,0
2020-06-15,0.012525234,0.02146001,0.029672952,6.1101737,-0.03409146333105403,-0.054981196343524205,0,0
2020-06-16,0.014617664,0.024873495,0.019065982,6.061226,-0.039492367492894635,-0.06376996093104892,0,0
2020-06-17,-0.0036143167,0.022734284,0.011857901,6.0445895,-0.036088990291271536,-0.0582990665514916,0,0
2020-06-18,-0.0029008884,0.019042699,0.012634459,5.923736,-0.030213148142009434,-0.04886314820190718,0,0
2020-06-19,-0.012505238,0.016355028,0.018606447,5.846954,-0.025948890471985356,-0.04196664560899176,0,0
2020-06-22,0.016612351,0.015904527,0.014085346,5.8528605,-0.02523412405413949,-0.04081066751492526,0,0
2020-06-23,0.0024882623,0.014517081,0.019496147,5.9271183,-0.023032802091706515,-0.037250511493285274,0,0
2020-06-24,-0.02253845,0.014510524,0.021397913,5.847076,-0.023022399777106538,-0.037233688028297365,0,0
2020-06-25,0.0071081636,0.015700147,0.016615946,5.916146,-0.02490985343224436,-0.04028623082329976,0,0
2020-06-26,-0.020978928,0.016022367,0.016172964,5.8581524,-0.0254210906383345,-0.041113045005327274,0,0
2020-06-29,0.01346071,0.016496,0.009569187,5.970792,-0.026172556523433834,-0.042328376447774034,0,0
2020-06-30,0.01384838,0.01517895,0.013705498,5.9840765,-0.024082923713375982,-0.03894885316190193,0,0
2020-07-01,0.0041173915,0.01401898,0.012069731,6.001228,-0.022242837224470787,-0.0359717697977628,0,0
2020-07-02,0.008344079,0.012891414,0.012682667,5.916847,-0.020453518507108373,-0.033079085349389796,0,0
2020-07-06,0.013648839,0.011991688,0.012430992,5.8908825,-0.019026014376125517,-0.030770410146686772,0,0
2020-07-07,-0.011254775,0.011296064,0.009452807,5.959028,-0.01792233567403299,-0.028985451633454232,0,0
2020-07-08,0.008571481,0.011077676,0.007267483,5.987391,-0.017575841596451057,-0.028425073370838563,0,0
2020-07-09,-0.007137789,0.010545942,0.013895903,5.9799376,-0.01673219361344305,-0.027060657579733294,0,0
2020-07-10,0.011868167,0.011081304,0.013961184,5.9530673,-0.017581598340143216,-0.02843438364260727,0,0
2020-07-13,-0.009562644,0.011340342,0.01774679,6.0155826,-0.017995887843709656,-0.029092667499441706,0,0
2020-07-14,0.011134477,0.0126527175,0.01501843,6.0383725,-0.020083809954314878,-0.032449050100078786,0,0
2020-07-15,0.011244847,0.012950154,0.008569574,6.0978084,-0.02056983354439598,-0.03318435724540769,0,0
2020-07-16,-0.007795487,0.012006769,0.006834044,6.159436,-0.019084306874341202,-0.030740915675218063,0,0
2020-07-17,0.0060856864,0.0110501135,0.006009371,6.1527524,-0.017562467427162463,-0.028294174821260405,0,0
2020-07-20,0.009676121,0.009998899,0.011832558,6.1486406,-0.015891011989337154,-0.025603944564494566,0,0
2020-07-21,0.001847149,0.00961888,0.007242421,6.2268667,-0.015299794362518318,-0.02460472215272697,0,0
2020-07-22,0.0043733525,0.009170301,0.009173751,6.205499,-0.014583017767950703,-0.023464029315750454,0,0
2020-07-23,-0.0117050465,0.008977656,0.013205415,6.2380533,-0.01428152268640899,-0.022961046880217766,0,0
2020-07-24,-0.0073078144,0.009659326,0.009159526,6.4279094,-0.015394682513463724,-0.0246430097739015,0,0
2020-07-27,0.00877846,0.010144227,0.008504282,6.559863,-0.016186837020197856,-0.025836962824249382,0,0
2020-07-28,-0.005973409,0.010015279,0.007354858,6.7424107,-0.016005517787928948,-0.025451844809540602,0,0
2020-07-29,0.012218852,0.00970599,0.009020003,6.885711,-0.015528430800768276,-0.024624404106223092,0,0
2020-07-30,-0.0011536244,0.009294284,0.016118329,7.1693425,-0.014899285211799363,-0.02350531045282586,0,0
2020-07-31,0.004529932,0.009920171,0.013309997,7.139861,-0.01589952756872198,-0.02509620579756275,0,0
2020-08-03,0.007631295,0.010249417,0.00822393,7.1813893,-0.016431713682571264,-0.02591747973384392,0,0
2020-08-04,0.0034909346,0.009795781,0.006104147,7.351345,-0.01572121503682626,-0.024725927757646125,0,0
2020-08-05,0.004836769,0.008991692,0.006035221,7.2511945,-0.014421806113061438,-0.022720136935009048,0,0
2020-08-06,0.008483216,0.008254173,0.00811399,7.1994953,-0.013234523464411034,-0.020868085843188864,0,0
2020-08-07,0.00014949917,0.007835892,0.005403495,7.3523393,-0.012575870542756471,-0.019778687178093408,0,0
2020-08-10,0.0023889523,0.007496426,0.0058792033,7.16517,-0.012016883738369002,-0.018959369591901965,0,0
2020-08-11,-0.0068086004,0.007260443,0.011983754,7.151129,-0.011637524095251161,-0.0183653350561271,0,0
2020-08-12,0.01194044,0.007842229,0.010424891,7.217295,-0.01257546351009803,-0.019822833905224407,0,0
2020-08-13,-0.0006678788,0.00845773,0.0051410915,7.2714224,-0.013567107942951115,-0.02136635183026729,0,0
2020-08-14,-0.0018575627,0.008556386,0.006246835,7.0415187,-0.01370457009117909,-0.021669520778540178,0,0
2020-08-17,0.0054144394,0.00854855,0.002795172,7.000691,-0.013688100389794506,-0.021659561977719843,0,0
2020-08-18,0.0021428317,0.007938414,0.005144478,6.992287,-0.012710382080552474,-0.02011555509517991,0,0
2020-08-19,-0.0042161383,0.0075461953,0.0056019626,6.935588,-0.012077461370147875,-0.019133983665983116,0,0
2020-08-20,0.002369143,0.0074379337,0.008662927,6.9747024,-0.011907557167134424,-0.01885110114528562,0,0
2020-08-21,0.0034695345,0.007663339,0.008105746,6.9440064,-0.012265697284190224,-0.019429145454814323,0,0
2020-08-24,0.0102640195,0.007862715,0.005316955,6.9941483,-0.01258934546062763,-0.01992332086756903,0,0
2020-08-25,0.004512052,0.007656658,0.004744099,6.9195952,-0.012252818502784348,-0.019417619054171265,0,0
2020-08-26,0.010760946,0.0074062017,0.007118294,6.8807135,-0.011848599159376891,-0.018790851385776356,0,0
2020-08-27,0.0014356474,0.0073578986,0.0067261993,7.0348477,-0.011784432562218323,-0.018635669011656166,0,0
2020-08-28,0.005508079,0.0075434367,0.0050227633,6.9100056,-0.01207077896697964,-0.01913258676690336,0,0
2020-08-31,-0.0015706436,0.0075582094,0.0067484733,6.885397,-0.01209220787036312,-0.01917548499590881,0,0
2020-09-01,0.007970437,0.007822286,0.0070266407,6.8189917,-0.012508393848557226,-0.019860792531969765,0,0
2020-09-02,0.01470563,0.008021464,0.008286267,6.9178166,-0.012836441775296732,-0.02034319476756697,0,0
2020-09-03,-0.03345126,0.008225659,0.025289325,6.9824977,-0.013169378466239648,-0.020845719347836522,1,1
2020-09-04,-0.012792732,0.011602402,0.027444044,6.7267604,-0.01853958282262925,-0.029490716405271105,0,0
2020-09-08,-0.024286697,0.016544018,0.01943787,6.6871862,-0.026427322032294875,-0.04207122768267999,0,0
2020-09-09,0.019226365,0.018955918,0.02200037,6.8622155,-0.03032186450094178,-0.0481048399883624,0,0
2020-09-10,-0.017728463,0.019691946,0.017550012,6.9318056,-0.03151550250001905,-0.049932661736318454,0,0
2020-09-11,-0.0020227,0.01886849,0.013853932,6.9600906,-0.030203819999317073,-0.047829229645083106,0,0
2020-09-14,0.014517285,0.01707089,0.010389638,6.8241253,-0.027298649762014716,-0.04334039955733711,0,0
2020-09-15,0.00368868,0.014557016,0.00762231,6.8649983,-0.02328587637299296,-0.03694046168288325,0,0
2020-09-16,-0.0045759915,0.012433931,0.0090456875,6.7641873,-0.019874232646917508,-0.03159017916306079,0,0
2020-09-17,-0.00846896,0.011312748,0.015086329,6.6974974,-0.018072449133488645,-0.028764595440469144,0,0
2020-09-18,-0.010424183,0.011518138,0.016666707,6.7128367,-0.01840286602016047,-0.029281429346685938,0,0
2020-09-21,-0.0125167575,0.012444933,0.02223454,6.7733865,-0.019893264004473422,-0.03161468323207172,0,0
2020-09-22,0.007377301,0.014564081,0.010136878,6.859572,-0.023296222625237898,-0.036960716493504554,0,0
2020-09-23,-0.02082611,0.014310183,0.01630193,6.869403,-0.022891793928415484,-0.03631223472743846,0,0
2020-09-24,0.0020867959,0.01487802,0.015244022,6.9721026,-0.0238181171941552,-0.03770876724914636,0,0
2020-09-25,0.015095494,0.015107561,0.017654594,6.8721123,-0.024167839164747674,-0.03833438450833781,0,0
2020-09-28,0.017714253,0.014871357,0.008849841,7.0196323,-0.0238154772670573,-0.03767173205142627,0,0
2020-09-29,-0.003667806,0.013132696,0.009441684,7.186667,-0.021054867685928503,-0.03320647836276899,0,0
2020-09-30,0.005459386,0.0119681945,0.019220306,7.090372,-0.01917561856595135,-0.030293729705954314,0,0
2020-10-01,0.004687683,0.012413036,0.008381865,6.986481,-0.01987398342598067,-0.03145608600811879,0,0
2020-10-02,-0.008498635,0.011744597,0.015089278,6.850412,-0.018784963136518142,-0.0298086018138342,0,0
2020-10-05,0.015968256,0.012220767,0.0094274515,6.8652825,-0.019548777597250436,-0.031011800059441763,0,0
2020-10-06,-0.011784461,0.011606861,0.01772867,6.948858,-0.018578227313748665,-0.02942567705769678,0,0
2020-10-07,0.015828732,0.012504909,0.012369232,7.0388637,-0.020028461098693596,-0.03167031058715901,0,0
2020-10-08,0.008985706,0.012339451,0.0064822664,7.1307797,-0.019775827505238777,-0.031219627101667587,0,0
2020-10-09,0.0103462925,0.011086134,0.0053431215,7.1035013,-0.01776394613935533,-0.02805702042128504,0,0
2020-10-12,0.016985849,0.009666128,0.010287514,7.1317234,-0.015491522059035104,-0.02445569086741665,0,0
2020-10-13,-0.007957413,0.009000644,0.0072540203,7.267678,-0.014437661796515457,-0.022738788585004464,0,0
2020-10-14,-0.0067995824,0.00880338,0.0098246215,7.2360487,-0.014118415059698882,-0.022247889009644962,0,0
2020-10-15,-0.0015812552,0.009304072,0.011223628,7.1634445,-0.01491439878661268,-0.023531565178426524,0,0
2020-10-16,-0.0038196868,0.010091474,0.009135136,7.0753345,-0.016167051868849477,-0.025547634610179896,0,0
2020-10-19,-0.011474345,0.010489832,0.0152503885,7.038851,-0.01680101351944903,-0.026566865903810407,0,0
2020-10-20,0.0027717012,0.011584757,0.010448505,7.1552444,-0.018569327519150986,-0.029302404172991337,0,0
2020-10-21,7.2835865e-05,0.011789863,0.007666923,7.084494,-0.01888913869791673,-0.029844272154378047,0,0
2020-10-22,0.0048679574,0.01107044,0.009835848,7.02291,-0.017728971443685827,-0.028042320083910912,0,0
2020-10-23,0.0007245327,0.01038556,0.0063184146,7.052375,-0.016635567295898834,-0.0262988303591525,0,0
2020-10-26,-0.017019512,0.009501084,0.016183786,7.0216,-0.015215555355526154,-0.02406736584980806,1,0
2020-10-27,-0.0030989475,0.010421365,0.008462907,6.763504,-0.016657282764527333,-0.026477181372709078,0,0
2020-10-28,-0.035962652,0.010925894,0.012428098,6.6715508,-0.017450710326760918,-0.027789669538330022,1,1
2020-10-29,0.011803815,0.012662753,0.017390495,6.2134485,-0.020138552520329044,-0.03239668167996974,0,0
2020-10-30,-0.011420865,0.015012505,0.015439677,6.167208,-0.023863813537282234,-0.038432426808633596,0,0
2020-11-02,0.010890782,0.016281743,0.015486472,6.137502,-0.02587304096758489,-0.04169863559934131,0,0
2020-11-03,0.018313332,0.016171316,0.013505178,6.099101,-0.025686652164717702,-0.04143774280101045,0,0
2020-11-04,0.021629622,0.014600301,0.030778809,6.201615,-0.023217091818739495,-0.03735971954573497,0,0
2020-11-05,0.020102266,0.0153540755,0.01627353,6.338921,-0.02444989334557351,-0.03921676675394304,0,0
2020-11-06,-0.00114196,0.014207469,0.01254046,6.4435506,-0.022646653765581736,-0.03623903586987708,0,0
2020-11-09,0.012278802,0.012863028,0.029737322,6.3307257,-0.02048148530827735,-0.03285775986892313,0,0
2020-11-10,-0.0008468596,0.013998675,0.0111540295,6.3488154,-0.02229370802814727,-0.03575022854402516,0,0
2020-11-11,0.0075960415,0.012910493,0.008271662,6.2560587,-0.020541634027241167,-0.03301162626149391,0,0
2020-11-12,-0.0099993795,0.011403653,0.009830136,6.2407036,-0.018141258555855327,-0.029164681788964874,0,0
2020-11-13,0.013915468,0.010756104,0.012035625,6.2721066,-0.01711663272716017,-0.027497054852482227,0,0
2020-11-16,0.011381108,0.010362367,0.0076961243,6.3569784,-0.01650398782353334,-0.026460897359005968,0,0
2020-11-17,-0.0044953222,0.0096421465,0.008369505,6.3899355,-0.015361782344419797,-0.02461122771497734,0,0
2020-11-18,-0.011643036,0.00930853,0.011223829,6.3340006,-0.01482222377404812,-0.02377700764944523,0,0
2020-11-19,0.0041987468,0.0096545825,0.007403175,6.4111395,-0.01538469362343048,-0.0246362192406299,0,0
2020-11-20,-0.0072187297,0.009586951,0.007825398,6.363946,-0.015270024678742314,-0.024478601219415082,0,0
2020-11-23,0.006100787,0.00951485,0.0066697407,6.3867,-0.01515850326946095,-0.02428732207733515,0,0
2020-11-24,0.01574508,0.009116782,0.008081487,6.396778,-0.014525723609881544,-0.023268192692881152,0,0
2020-11-25,-0.0015151518,0.0086574955,0.0076022507,6.481343,-0.013804816251429467,-0.02207207564269758,0,0
2020-11-27,0.0025468953,0.008398526,0.005748948,6.3979716,-0.013381482248869326,-0.021434702660346937,0,0
2020-11-30,-0.0036502674,0.008062787,0.011125024,6.3447833,-0.012839952865570972,-0.02059206787672588,0,0
2020-12-01,0.010228337,0.008317417,0.008611363,6.3230567,-0.013242618613062078,-0.021248439072169112,0,0
2020-12-02,0.0018423123,0.008334048,0.0058081294,6.381409,-0.013276646482530045,-0.021274703774527837,0,0
2020-12-03,-0.000750162,0.008119619,0.005036906,6.309238,-0.012925918912462496,-0.0207469017396504,0,0
2020-12-04,0.009100232,0.0077997027,0.00432165,6.254257,-0.012409725020890364,-0.01994401397039815,0,0
2020-12-07,-0.0019624436,0.0073497705,0.006241991,6.3303814,-0.011702820741475712,-0.018774591339738075,0,0
2020-12-08,0.0030435247,0.0072474373,0.00774188,6.2539706,-0.011531008441714062,-0.01853192962092424,0,0
2020-12-09,-0.008000585,0.0072449343,0.008776262,6.232261,-0.011524441841123691,-0.01853091737188141,0,0
2020-12-10,-0.0010897699,0.0077344785,0.0071895556,6.297516,-0.0123113558937143,-0.019765867238044733,0,0
2020-12-11,-0.00197824,0.008172455,0.008881709,6.2382083,-0.013000641777794211,-0.020901640004848218,0,0
2020-12-14,-0.004036816,0.008662179,0.009228805,6.1839256,-0.013771827766779059,-0.022170373042417153,0,0
2020-12-15,0.011045316,0.009084968,0.0074704764,6.1918063,-0.014445222825663252,-0.023249992400029205,0,0
2020-12-16,0.001829083,0.008867462,0.004643461,6.21434,-0.01410274168099112,-0.022686450012383237,0,0
2020-12-17,0.0051306398,0.00827449,0.004087439,6.139092,-0.013149080831954147,-0.021191062996022976,0,0
2020-12-18,-0.0017522582,0.0076007796,0.008669645,6.145263,-0.012079293558467489,-0.0194640362373168,0,0
2020-12-21,-0.005546551,0.0075997096,0.024122523,6.096718,-0.012071120206346783,-0.019474309280734434,0,0
2020-12-22,-0.0023088425,0.009615004,0.005861416,6.1254373,-0.015277016245142716,-0.024628752390177526,0,0
2020-12-23,0.0011550876,0.009852354,0.009684117,6.1038904,-0.0156503977319091,-0.025244221398867724,0,0
2020-12-24,0.0036602765,0.009764957,0.002926759,6.083522,-0.015508027867925964,-0.025027351982154382,0,0
2020-12-28,0.008757213,0.008604269,0.0075524645,6.091861,-0.013665982996308243,-0.0220499812943422,0,0
2020-12-29,-0.0020140994,0.007923043,0.0060283015,6.155437,-0.012592833123297724,-0.02028646487197569,0,0
2020-12-30,0.001141821,0.007578239,0.0041259145,6.104916,-0.012038118751254127,-0.01941708821995953,0,0
2020-12-31,0.0065569617,0.007240046,0.0060149995,6.067006,-0.011495986957067626,-0.018560326900238885,0,0
2021-01-04,-0.0151864225,0.0071149627,0.02097242,6.0989385,-0.01130144607187707,-0.01823158259320991,1,0
2021-01-05,0.0070170993,0.008947143,0.01011569,6.1024184,-0.01421224395912684,-0.022925310292157337,0,0
2021-01-06,0.0059661646,0.009920348,0.016479615,6.098775,-0.01575750657448555,-0.025420238810884916,0,0
2021-01-07,0.014596862,0.010946655,0.009212575,6.080949,-0.017384211570528465,-0.028057014525553817,0,0
2021-01-08,0.0057796035,0.010244328,0.008629188,6.197241,-0.016289560135330033,-0.026215064733259894,0,0
2021-01-11,-0.0067021735,0.00938673,0.007287385,6.1473193,-0.014917892532234136,-0.024036813480831434,0,0
2021-01-12,0.0006590655,0.008846815,0.007234612,6.148878,-0.01406006846812181,-0.022653756383014038,0,0
2021-01-13,0.0024347724,0.008622337,0.006620517,6.0663977,-0.013690739934197957,-0.02210410679182417,0,0
2021-01-14,-0.0032916423,0.008422473,0.0051343055,6.049594,-0.01337082271033207,-0.021596807801955643,0,0
2021-01-15,-0.0076785972,0.00823039,0.009259568,6.0608187,-0.013067567336621538,-0.02110096005652567,0,0
2021-01-19,0.007480754,0.008601396,0.008234339,6.133576,-0.013667745950812814,-0.02202994165790278,0,0
2021-01-20,0.014275666,0.0087483395,0.008872107,6.2245526,-0.013914775647411488,-0.02237860820517725,0,0
2021-01-21,0.0002600442,0.008661149,0.0042098635,6.413641,-0.01380197172431861,-0.022100499360154787,0,0
2021-01-22,-0.0030597986,0.008199769,0.006280642,6.3767457,-0.013062146747694932,-0.020933191368796712,0,0
2021-01-25,0.0037096133,0.00805517,0.011797205,6.3659477,-0.012830465555358035,-0.020566933058558806,0,0
2021-01-26,-0.0015602655,0.0085576335,0.0074893087,6.319343,-0.013624578287842509,-0.02186318477972719,0,0
2021-01-27,-0.025901867,0.0087043205,0.021855049,6.1574416,-0.013834890393849357,-0.02228626695495786,1,1
2021-01-28,0.009304248,0.01134702,0.021341084,5.7040496,-0.018003183447595866,-0.02911620519554014,0,0
2021-01-29,-0.019774845,0.014353135,0.0136200925,5.738908,-0.02277268450569423,-0.03682982828293263,0,0
2021-02-01,0.016196312,0.015727876,0.019379407,5.891726,-0.024953849721430173,-0.040357385182611005,0,0
2021-02-02,0.013845158,0.016255874,0.011045619,5.895046,-0.02579157265607348,-0.041712218506010916,0,0
2021-02-03,0.0013740311,0.01419957,0.0065356134,5.9448276,-0.022529039060859575,-0.03643578515231554,0,0
2021-02-04,0.010666074,0.011796107,0.009472424,5.7902474,-0.018715703993413445,-0.030268551083613246,0,0
2021-02-05,0.004067277,0.010123874,0.0044711707,5.8096485,-0.016062540086750326,-0.02597763970404164,0,0
2021-02-08,0.0071261497,0.008740474,0.0035552366,5.8137207,-0.01386763632346989,-0.02242786371346979,0,0
2021-02-09,-0.0006399181,0.007763488,0.0032083294,5.8802013,-0.012317551194179415,-0.01992094060032427,0,0
2021-02-10,-0.00064032787,0.0074440227,0.008983366,5.9341264,-0.011810687194983996,-0.01910119912239267,0,0
2021-02-11,0.0023032639,0.007985802,0.0064743906,6.087627,-0.012683082622464557,-0.020466252485754084,0,0
2021-02-12,0.0048450944,0.008381169,0.007239206,6.215434,-0.013329496823051594,-0.021442003407181477,0,0
2021-02-16,-0.0008271036,0.008594005,0.00713763,6.446254,-0.013699155497883687,-0.021919996354355955,0,0
2021-02-17,6.364765e-05,0.008678146,0.0064561153,6.605615,-0.01385294062038415,-0.02209038916231019,0,0
2021-02-18,-0.004720902,0.008545894,0.009591181,6.739195,-0.013656927089042635,-0.02171852766533337,0,0
2021-02-19,-0.0016640003,0.008734726,0.007271103,6.9409523,-0.0139802158479631,-0.022146244245165276,0,0
2021-02-22,-0.007586997,0.008618047,0.008225033,7.0458965,-0.013803750625333228,-0.021824618143303692,0,0
2021-02-23,0.0011610658,0.00869533,0.016758502,7.316288,-0.01395212295626717,-0.021956239824628434,0,0
2021-02-24,0.011409649,0.009539291,0.011685202,7.001094,-0.015274538990762402,-0.024169707518656897,0,0
2021-02-25,-0.024386732,0.009532516,0.01674187,6.9395585,-0.015256948227662926,-0.024169361901932883,1,1
2021-02-26,-0.0049101543,0.010828645,0.013407015,6.9299016,-0.017330203865869045,-0.027458679091255975,0,0
2021-03-01,0.02322367,0.01184274,0.012628545,6.762782,-0.018929070422210405,-0.03008867651853652,0,0
2021-03-02,-0.008047685,0.01150631,0.0047911243,7.1081634,-0.018437798651906593,-0.029118923283411407,0,0
2021-03-03,-0.013209028,0.010400773,0.013253004,6.909563,-0.016642947468765282,-0.02637984630472028,0,0
2021-03-04,-0.01351862,0.010652502,0.021079946,6.9101214,-0.01704582678572716,-0.027018144251660374,0,0
2021-03-05,0.019331262,0.012505905,0.019230014,6.682391,-0.01997607490389293,-0.031804202156746925,0,0
2021-03-08,-0.005157848,0.013421215,0.014072688,6.469806,-0.02139855300499989,-0.034222076474578214,0,0
2021-03-09,0.01403988,0.013400549,0.011936901,6.5427504,-0.02137963317819497,-0.03413797749233879,0,0
2021-03-10,0.0059847664,0.012310127,0.010531146,6.9153414,-0.01969906887442389,-0.031220541389620743,0,0
2021-03-11,0.010276795,0.011460224,0.010866392,6.4257965,-0.01826452667314988,-0.029238279738280103,0,0
2021-03-12,0.0013961165,0.010736116,0.0066621825,5.8374605,-0.017033924077310567,-0.02754864050371363,0,0
2021-03-15,0.0063845473,0.009900032,0.007796111,5.751858,-0.015707391891489706,-0.02540326530197361,0,0
2021-03-16,-0.0037878833,0.009246191,0.0049353926,5.468144,-0.01467000803796776,-0.02372552418282067,0,0
2021-03-17,0.0027791832,0.008658645,0.008628384,6.7465024,-0.013837918538316793,-0.022003152721083358,0,0
2021-03-18,-0.0146136405,0.00847137,0.010850997,6.428462,-0.013501431254175461,-0.02161212610929754,1,0
2021-03-19,-0.0016013839,0.008945445,0.008619321,6.11257,-0.01421114976662946,-0.022917743083778024,0,0
2021-03-22,0.0077269776,0.009253955,0.009048477,6.338905,-0.014736033324985248,-0.023636086600947803,0,0
2021-03-23,-0.0077269776,0.009139224,0.006906438,6.004143,-0.014501002525817788,-0.0234496739269325,0,0
2021-03-24,-0.0048840144,0.008893848,0.008928138,5.65986,-0.01411098044864886,-0.022821419525555133,0,0
2021-03-25,0.005076316,0.008921684,0.011748064,6.448006,-0.014221718631092948,-0.022755269299926943,0,0
2021-03-26,0.016338052,0.0090758335,0.008022953,6.522183,-0.014477209233269056,-0.02312669720021932,0,0
2021-03-29,-0.0014513333,0.008584472,0.007591071,7.2119613,-0.013765223000861382,-0.021700245127615782,0,0
2021-03-30,-0.0028456717,0.008311309,0.00557842,6.822558,-0.013290741105624941,-0.021101539912234984,0,0
2021-03-31,0.004990377,0.007904935,0.006989575,6.445239,-0.01260063428876109,-0.02016270580092225,0,0
2021-04-01,0.010655068,0.0076207486,0.00608616,6.3133206,-0.012132241204364824,-0.019471159759000232,0,0
2021-04-02,0.0042925198,0.007224393,0.004022703,6.4720936,-0.011518687417245852,-0.018420576437220382,0,0
2021-04-05,0.01000626,0.006824051,0.0071661044,6.0985055,-0.010839306951416001,-0.01748624550553724,0,0
2021-04-06,-0.00092231075,0.0066814017,0.004037696,6.1403074,-0.010617628079346342,-0.01711086044066387,0,0
2021-04-07,0.0014752892,0.0065188897,0.0032723064,6.9546924,-0.010434736922351187,-0.016525574040682944,0,0
2021-04-08,0.0046574418,0.006327927,0.0038994197,7.1575613,-0.010143255507451154,-0.016005413743784766,0,0
2021-04-09,0.0074313553,0.0061584827,0.006179127,7.281154,-0.009879468524874474,-0.0155562784267363,0,0
2021-04-12,0.00018204436,0.0061416863,0.0033156679,7.1783724,-0.00984606610509892,-0.015530853591989809,0,0
2021-04-13,0.0030292037,0.0060197283,0.0064330525,7.2057076,-0.009652260803026806,-0.01521797985102201,0,0
2021-04-14,-0.0035754363,0.006095409,0.004671826,7.100486,-0.00976682366882982,-0.015426900145031688,0,0
2021-04-15,0.010748247,0.006328816,0.005488,6.7983165,-0.010118608371084152,-0.01607277555441598,0,0
2021-04-16,0.0032978593,0.006478032,0.0045348257,7.1848955,-0.010385722313121435,-0.0163802413421813,0,0
2021-04-19,-0.0049809567,0.006505343,0.0054292087,7.1559877,-0.01042753369699504,-0.01645443792318809,0,0
2021-04-20,-0.007003168,0.00665378,0.008606415,6.9645457,-0.010651411799742272,-0.01686563956117897,0,0
2021-04-21,0.009226659,0.0071362,0.006577698,7.0002284,-0.011426581638357889,-0.01808116850983063,0,0
2021-04-22,-0.008923786,0.0072255973,0.008546816,6.9289193,-0.011563789393084412,-0.01832247499693091,0,0
2021-04-23,0.010543219,0.0075608073,0.007814278,7.1838584,-0.012121569602347606,-0.019118342225927606,0,0
2021-04-26,0.0019159388,0.007607099,0.0035362681,7.1199493,-0.012190638712817345,-0.01924873938553541,0,0
2021-04-27,-0.000119638695,0.007200153,0.0043404987,6.906692,-0.011521185630507694,-0.018262604798831576,0,0
2021-04-28,-0.00065826875,0.006827064,0.003499474,7.047969,-0.010935242281937036,-0.017288675348810043,0,0
2021-04-29,0.006503797,0.0064992188,0.006704689,6.853729,-0.01039547484489278,-0.016494832304861935,0,0
2021-04-30,-0.006922921,0.0064620334,0.004280209,6.7950783,-0.010331336995600324,-0.01641172188162709,0,0
2021-05-03,0.0026913087,0.006503996,0.0035714644,6.8843417,-0.010405513689796742,-0.016501103622947964,0,0
2021-05-04,-0.006591587,0.006455687,0.010367195,6.951269,-0.010333311666215936,-0.016365987925643928,0,0
2021-05-05,0.0004207616,0.007026998,0.0045747827,6.932117,-0.011246215925291266,-0.017818222052010748,0,0
2021-05-06,0.008199465,0.007103492,0.008046559,6.8587284,-0.011362438459569121,-0.01802741440466907,0,0
2021-05-07,0.0073638908,0.0071817664,0.0054273335,6.79616,-0.011482125467672842,-0.018239406730461833,0,0
2021-05-10,-0.009930214,0.0068565216,0.009123851,6.6439223,-0.010948633713703554,-0.0174452131018051,0,0
2021-05-11,-0.008943905,0.007050851,0.013182839,6.9833465,-0.011288565472595897,-0.017868313956754412,0,0
2021-05-12,-0.021329267,0.007950883,0.011943026,6.876129,-0.01271955589639897,-0.02017387539215652,1,1
2021-05-13,0.011817791,0.009540569,0.014813079,6.6733866,-0.015238318068969496,-0.024265600179792783,0,0
2021-05-14,0.014983364,0.010953143,0.009133013,6.64695,-0.017490647574346034,-0.027867317392600562,0,0
2021-05-17,-0.0027021363,0.010469682,0.006986701,7.0927124,-0.016774944436652776,-0.026500030446192972,0,0
2021-05-18,-0.008393009,0.009607007,0.01026377,7.6217456,-0.015442069506099594,-0.02418361612754584,0,0
2021-05-19,-0.0027931284,0.009292219,0.011666144,7.6034446,-0.014934607760534445,-0.023395384130177423,0,0
2021-05-20,0.010343981,0.009465815,0.01272534,7.3856125,-0.015194776364075306,-0.02388459359331157,0,0
2021-05-21,-0.0006019745,0.009537583,0.0064489134,7.37711,-0.015309205704745775,-0.024067791799160416,0,0
2021-05-24,0.01006539,0.00901576,0.008775632,7.365373,-0.01447058551504383,-0.022753742112770464,0,0
2021-05-25,-0.0019691507,0.008512121,0.005264552,7.281286,-0.013655197956426415,-0.02150152026123188,0,0
2021-05-26,0.0017902971,0.0079165045,0.0039365604,6.99442,-0.012675493841643945,-0.020059555293929537,0,0
2021-05-27,0.0014299335,0.007285444,0.005619576,7.0767136,-0.011671760615587926,-0.018443592974269497,0,0
2021-05-28,0.0008331846,0.0068842457,0.0024519027,7.172079,-0.011036049767664953,-0.017409792146781622,0,0
2021-06-01,-0.00095226767,0.00645706,0.0066134036,7.2412634,-0.010355849699562334,-0.016317368792473374,0,0
2021-06-02,0.0018441958,0.0065071452,0.0039156,7.2284703,-0.010435326931274283,-0.016446176506270015,0,0
2021-06-03,-0.0035724957,0.006398159,0.007713499,6.976682,-0.010243103234518628,-0.01621547686206566,0,0
2021-06-04,0.008789177,0.006659867,0.007409785,7.277549,-0.010683550533663221,-0.016823408936830552,0,0
2021-06-07,-0.00065059884,0.0067484346,0.00293433,6.941018,-0.01080109568535991,-0.017110137060783806,0,0
2021-06-08,5.9162845e-05,0.006476868,0.005186491,6.691942,-0.010346517605893276,-0.016469648230428756,0,0
2021-06-09,-0.0017171452,0.006332171,0.0028300458,6.8334007,-0.010126714897708548,-0.01607467899718801,0,0
2021-06-10,0.004611845,0.006242566,0.006632162,7.185064,-0.010008228721473323,-0.01578481690992776,0,0
2021-06-11,0.0018270228,0.0063673207,0.0026837152,12.828055,-0.010322155676026346,-0.015739956151470655,0,0
2021-06-14,0.0021175232,0.006197938,0.003873596,12.384255,-0.010047567624057284,-0.015321244785999891,0,0
2021-06-15,-0.004298549,0.0060891546,0.0047907922,11.743062,-0.00987121697894678,-0.01505233279625247,0,0
2021-06-16,-0.0055624736,0.0061446307,0.0077697574,11.284322,-0.009961149494885649,-0.015189468284409936,0,0
2021-06-17,-0.00017803627,0.0065114615,0.0065825325,11.5706415,-0.010555824416363362,-0.01609627084409016,0,0
2021-06-18,-0.014045594,0.006783301,0.009671439,11.493628,-0.010996507754747283,-0.016768256099937113,1,0
2021-06-21,0.014401635,0.007457149,0.011661192,11.680488,-0.012088892932257454,-0.018434002610083305,0,0
2021-06-22,0.005325456,0.0080594,0.0061643743,11.282838,-0.013065210507221123,-0.01992276099565283,0,0
2021-06-23,-0.0011219038,0.007857773,0.0028266036,12.131165,-0.012738350594050834,-0.019424341783382783,0,0
2021-06-24,0.005773212,0.007167105,0.00421462,11.682504,-0.011618697691354348,-0.017717015509061965,0,0
2021-06-25,0.0035767725,0.006571677,0.0036113912,12.009146,-0.010653440644388905,-0.01624512300220695,0,0
2021-06-28,0.0021633008,0.0060914964,0.0028264394,12.047682,-0.009875013259369216,-0.015058121634288171,0,0
2021-06-29,0.00035036498,0.0057614916,0.003171846,11.543746,-0.00934003733731359,-0.01424235234931167,0,0
2021-06-30,0.0015168312,0.005629713,0.004092661,10.983904,-0.009126409210278201,-0.0139165970073275,0,0
2021-07-01,0.0051748813,0.0056487727,0.0035507036,10.828708,-0.009157306949269962,-0.013963712074390422,0,0
2021-07-02,0.007395885,0.005620161,0.004258331,10.826655,-0.009110924471080686,-0.013892984777127183,0,0
2021-07-06,-0.002016885,0.0056213653,0.0069143786,10.836485,-0.009112876626842601,-0.01389596156289343,0,0
2021-07-07,0.003627469,0.005911394,0.004386874,10.350989,-0.009583046547956319,-0.014612910054501457,0,0
2021-07-08,-0.008484654,0.0060112528,0.010552667,10.128215,-0.009744928621416796,-0.01485975933850276,0,0
2021-07-09,0.01083834,0.006690253,0.009094202,10.414167,-0.010845665953453518,-0.016538241807119672,0,0
2021-07-12,0.003777261,0.0070541245,0.005720615,10.568223,-0.01143554361883494,-0.017437729169957988,0,0
2021-07-13,-0.0034906047,0.0069550127,0.0037975148,10.246054,-0.01127487183130727,-0.017192725415912928,0,0
2021-07-14,0.0014892889,0.0066209235,0.005460972,9.892886,-0.010730527217973084,-0.016377399638201843,0,0
2021-07-15,-0.003612493,0.006520294,0.0057756337,9.461647,-0.010555616935231278,-0.01617257649877091,0,0
2021-07-16,-0.0077273897,0.006562601,0.0076844906,9.281454,-0.010618644176769219,-0.01629723253653365,0,0
2021-07-19,-0.015695062,0.0069314707,0.012530578,9.491544,-0.01122219070026368,-0.017189053207138847,1,0
2021-07-20,0.015000136,0.008169213,0.009973435,9.524856,-0.01322732548531349,-0.02025406509391234,0,0
2021-07-21,0.008077588,0.0088581955,0.0058149924,10.063157,-0.014360148935887803,-0.021897375090401135,0,0
2021-07-22,0.0020665908,0.00853506,0.004826849,10.157814,-0.01383630950119857,-0.02109858751237908,0,0
2021-07-23,0.0099287545,0.007895606,0.0048727454,9.724512,-0.012791036685959227,-0.019550730371392433,0,0
2021-07-26,0.0025518173,0.0072138505,0.0063453657,9.835815,-0.011689848817245515,-0.0178502702547008,0,0
2021-07-27,-0.004484185,0.006906438,0.00769057,9.542207,-0.011183205970808584,-0.017121311046302445,0,0
2021-07-28,-0.00017068244,0.0069873487,0.0044628917,9.566624,-0.011314963718198116,-0.017319149920148397,0,0
2021-07-29,0.0040883594,0.006889819,0.0062506567,9.012172,-0.011138886886465435,-0.01714225047264571,0,0
2021-07-30,-0.0050561107,0.006837783,0.0054783346,9.120328,-0.01105852962230341,-0.016999640895284922,0,0
2021-08-02,-0.0022236803,0.006844574,0.0064072683,9.187184,-0.011071778697515784,-0.01700854032485474,0,0
2021-08-03,0.008016189,0.007022591,0.007067888,8.884078,-0.011348771665334602,-0.017488983577868003,0,0
2021-08-04,-0.0045971875,0.0070403996,0.0031721024,9.217247,-0.011389578246604463,-0.017491505531615846,0,0
2021-08-05,0.006068358,0.006821852,0.0029947697,9.192181,-0.011035190829786887,-0.016951487294077996,0,0
2021-08-06,0.0018077058,0.0064510233,0.0024313764,9.06383,-0.010431193330033516,-0.016044545871293208,0,0
2021-08-09,-0.0008469552,0.00607999,0.0031422314,9.046877,-0.00983071141968308,-0.015123572661513996,0,0
2021-08-10,0.00095982844,0.0058466177,0.0034522458,9.011495,-0.009452304659648608,-0.014546778371011523,0,0
2021-08-11,0.0023673987,0.005705932,0.0032250274,8.805263,-0.009218533014777746,-0.014218368658972495,0,0
2021-08-12,0.0031478384,0.005712153,0.0036074987,8.23814,-0.009208634306286961,-0.01429865772723437,0,0
2021-08-13,0.0017943259,0.005758536,0.0017005026,8.291419,-0.009285478462300574,-0.01440827277994758,0,0
2021-08-16,0.002573716,0.005691213,0.006533017,8.222525,-0.009174269686427613,-0.014248135797996978,0,0
2021-08-17,-0.006840509,0.0059216768,0.008772972,8.062041,-0.009539067440171821,-0.014845780829923438,0,0
2021-08-18,-0.011088595,0.006466736,0.009170028,8.38021,-0.010431203861286932,-0.01616828365339412,1,0
2021-08-19,0.0015916328,0.007298196,0.010685206,8.779999,-0.011789973184893502,-0.018189537482959362,0,0
2021-08-20,0.00803308,0.0082296645,0.009993961,8.703721,-0.013291156945316128,-0.020523022096414868,0,0
2021-08-23,0.008639605,0.008448379,0.006059258,8.977513,-0.013657109006798982,-0.021025316104254378,0,0
2021-08-24,0.0015628492,0.00787273,0.0023956436,8.929801,-0.01272456376269275,-0.019599544987149414,0,0
2021-08-25,0.0023397035,0.007000917,0.0031649752,8.83003,-0.011311678110837867,-0.017442037840857683,0,0
2021-08-26,-0.005915526,0.0063347477,0.0026507338,8.433116,-0.010220445159298083,-0.015831413761522643,0,0
2021-08-27,0.008693769,0.0060006143,0.005698697,8.658644,-0.009689601392388645,-0.014969465643212129,0,0
2021-08-30,0.0043739513,0.0059478986,0.004769877,8.963316,-0.00961454790115507,-0.014803950357494692,0,0
2021-08-31,-0.0010502171,0.0059680785,0.004479054,9.231964,-0.009655259923602067,-0.014825869385095556,0,0
2021-09-01,0.00016589709,0.006017664,0.0031137334,9.170947,-0.009733690228775458,-0.014955392896613977,0,0
2021-09-02,0.0030917046,0.0059293797,0.0040051127,8.128062,-0.009554290670184904,-0.014856487179675018,0,0
2021-09-03,-0.00016538493,0.0058512236,0.0047072247,9.554821,-0.009474879327867662,-0.014504209101578229,0,0
2021-09-07,-0.003368773,0.005869169,0.005500285,8.88055,-0.009484686205023891,-0.014616896905963331,0,0
2021-09-08,-0.0014947272,0.006025795,0.0050903056,9.123574,-0.009745424696459896,-0.01498058624978347,0,0
2021-09-09,-0.004497634,0.006305439,0.0063986406,8.779911,-0.010186206278522195,-0.015715265648433428,0,0
2021-09-10,-0.0075973775,0.00670821,0.008583347,8.546811,-0.010827726412043296,-0.016749400500060952,0,0
2021-09-13,0.0024083576,0.0073409895,0.0075132106,9.0546665,-0.011869909600551374,-0.018259206300083167,0,0
2021-09-14,-0.0076934258,0.0076712696,0.00744905,8.620811,-0.012385612859021445,-0.019142826833401985,0,0
2021-09-15,0.008364491,0.007826286,0.006311407,8.915803,-0.01264891248291674,-0.019485928907788875,0,0
2021-09-16,-0.0017345088,0.0075842664,0.0069925105,9.1843195,-0.012268197554727378,-0.018847027099731857,0,0
2021-09-17,-0.009565682,0.0073804064,0.009108294,8.962431,-0.011930106590784414,-0.018369491548154,0,0
2021-09-20,-0.01676208,0.0075919093,0.018046845,9.053658,-0.012275591629529263,-0.018883454309385345,1,0
2021-09-21,-0.0011505495,0.009237869,0.010778494,8.813309,-0.014925161735807211,-0.02301805706032827,0,0
2021-09-22,0.009338634,0.010201985,0.012040886,8.798151,-0.016481974970340155,-0.02542325512358227,0,0
2021-09-23,0.012242275,0.010291376,0.008310028,8.824858,-0.016627917761665473,-0.02564086012949712,0,0
2021-09-24,0.0017447592,0.009334798,0.00667457,9.397728,-0.01510927326085375,-0.023163347058851168,0,0
2021-09-27,-0.002872028,0.008327996,0.007245832,8.9251,-0.013460195320237322,-0.02073367073235697,0,0
2021-09-28,-0.020396082,0.0077007986,0.012219927,8.602479,-0.012432448701353353,-0.019219279083184607,1,1
2021-09-29,0.0014378974,0.008207574,0.0055840784,8.196577,-0.013229192135327602,-0.02055248829319347,0,0
2021-09-30,-0.012026742,0.0085143745,0.0125805335,8.132953,-0.013719910328353215,-0.021332468903681557,0,0
2021-10-01,0.0106464,0.009397184,0.01621258,8.419709,-0.01516056070147082,-0.02348743735910988,0,0
2021-10-04,-0.012159965,0.010325185,0.01307015,8.513804,-0.016663801560168185,-0.025787245665357655,0,0
2021-10-05,0.009912837,0.010882312,0.013815986,8.553887,-0.017565615560170878,-0.027169981902178068,0,0
2021-10-06,0.0046040597,0.010943858,0.013421036,8.470555,-0.017659336348841113,-0.027341903322096506,0,0
2021-10-07,0.008234264,0.0106585175,0.009509479,8.253858,-0.017183869376237792,-0.02667683538169684,0,0
2021-10-08,-0.0017669359,0.009686784,0.00493492,8.253487,-0.01561719769744471,-0.024244793879499058,0,0
2021-10-11,-0.007156587,0.008496472,0.009330649,7.9745307,-0.013681231226226566,-0.02131748876141557,0,0
2021-10-12,-0.0023585595,0.008122479,0.0077131214,7.870304,-0.013072514384813655,-0.02039851133052018,0,0
2021-10-13,0.0032774662,0.007873075,0.0063737826,7.6340446,-0.012655826095882809,-0.01981643541336582,0,0
2021-10-14,0.016849214,0.0076987343,0.008303192,7.501557,-0.012366541140123382,-0.019402968896456624,0,0
2021-10-15,0.007535322,0.007485581,0.0051020356,7.515381,-0.01202509125750694,-0.018863156096321634,0,0
2021-10-18,0.0033557077,0.0072130873,0.0066951755,7.6793146,-0.011597696850213848,-0.018147309171499097,0,0
2021-10-19,0.007509422,0.0070773107,0.0052625486,7.209643,-0.01134831608477906,-0.01789081254242508,0,0
2021-10-20,0.0037060638,0.0068570846,0.0041021057,7.5449886,-0.011017279595110386,-0.017274297575340627,0,0
2021-10-21,0.0030320594,0.0066000484,0.0046150507,7.887684,-0.010623174658640069,-0.01657248298548095,0,0
2021-10-22,-0.0011566107,0.0063921,0.005583561,8.112371,-0.010299178850492781,-0.016018057215754843,0,0
2021-10-25,0.0047281412,0.006367688,0.0055074613,8.589685,-0.010279739769673104,-0.015893768829218925,0,0
2021-10-26,0.0015893462,0.006317831,0.004519979,7.4302945,-0.010144224377925084,-0.015934167453049458,0,0
2021-10-27,-0.0045555667,0.0062451386,0.004391054,8.116858,-0.010062590041725165,-0.01564917242974015,0,0
2021-10-28,0.009417503,0.00625994,0.004434496,12.251822,-0.01014807959199598,-0.015474512574018969,0,0
2021-10-29,0.0020687035,0.0061474405,0.006269121,12.52623,-0.009965704524996784,-0.015196414117864512,0,0
2021-11-01,0.0019016061,0.00623058,0.0050603417,11.891422,-0.010100483451901978,-0.015401934598877709,0,0
2021-11-02,0.0038464712,0.0062010707,0.0045915414,11.217433,-0.010052645929815796,-0.015328988547329553,0,0
2021-11-03,0.0061989794,0.0060733254,0.0052718176,10.369251,-0.009845556216393705,-0.015013203442842623,0,0
2021-11-04,0.0045037875,0.0059189857,0.0025579082,10.609853,-0.009595353653585477,-0.014631676803331295,0,0
2021-11-05,0.0036311247,0.0056532435,0.006203496,10.838145,-0.00916455516097914,-0.013974764662440802,0,0
2021-11-08,0.0007992115,0.0057334625,0.0041536866,11.059485,-0.009294599287268534,-0.014173065183164916,0,0
2021-11-09,-0.003360989,0.0057769897,0.0053759185,10.307434,-0.00936516216432459,-0.014280664470139776,0,0
2021-11-10,-0.0077788006,0.0059710126,0.007125741,10.449699,-0.009679694716034208,-0.014760286046049337,0,0
2021-11-11,0.00021540119,0.0064919577,0.0035637121,10.725333,-0.010524206751359967,-0.016048057982708776,0,0
2021-11-12,0.007563399,0.0066932254,0.004764706,10.230299,-0.010850484309374301,-0.01654558917847268,0,0
2021-11-15,0.0001603035,0.006647387,0.004542394,10.258386,-0.01077617579147459,-0.016432278272288738,0,0
2021-11-16,0.0036266707,0.006513168,0.0055212257,9.636367,-0.010549051965120872,-0.016136596162962334,0,0
2021-11-17,-0.0020783935,0.0064246194,0.0029847561,9.687486,-0.01040702014587651,-0.01591205077657732,0,0
2021-11-18,0.0032489176,0.0062464997,0.005394683,9.111526,-0.010101990060821724,-0.015530598432915009,0,0
2021-11-19,-0.001489996,0.006257074,0.005726441,9.158134,-0.010120544376238275,-0.015551780942109059,0,0
2021-11-22,-0.003146921,0.0063839015,0.00954506,8.889249,-0.01031680490711271,-0.015897790253373574,0,0
2021-11-23,0.0018680121,0.0068781264,0.0070296405,8.894567,-0.011115702684025916,-0.017127881351964497,0,0
2021-11-24,0.0022370182,0.0070893224,0.006743126,8.318809,-0.011432624644106524,-0.017733925366292976,0,0
2021-11-26,-0.022217756,0.007087073,0.016001174,8.391455,-0.011432355640835501,-0.01771762310191779,1,1
2021-11-29,0.011950287,0.008602003,0.009138737,6.902617,-0.013763912465168622,-0.021819303458750685,0,0
2021-11-30,-0.018389951,0.009256811,0.011687666,7.081243,-0.01483047830879166,-0.023433069531688354,1,0
2021-12-01,-0.012727795,0.010227384,0.02104593,6.8570085,-0.016359067626318904,-0.02595582126311202,0,0
2021-12-02,0.014806116,0.012669687,0.010888479,7.083529,-0.020298616201312195,-0.03207175626071697,0,0
2021-12-03,-0.00839442,0.012614726,0.016457176,7.329876,-0.020242688925396844,-0.031848442251001405,0,0
2021-12-06,0.011503824,0.013183002,0.010575112,7.0900736,-0.0211219584801438,-0.0333687436530389,0,0
2021-12-07,0.020485891,0.012061707,0.011530946,7.310337,-0.01935294839735302,-0.03045844419181544,0,0
2021-12-08,0.0029838043,0.010549412,0.0060457373,7.3633895,-0.016931944386162804,-0.02662487893051489,0,0
2021-12-09,-0.006833253,0.0090308525,0.005243518,7.0932207,-0.014469644350384527,-0.022858051868864044,0,0
2021-12-10,0.009383732,0.008041365,0.0047848234,7.2744527,-0.012899457850216232,-0.020313858894550132,0,0
2021-12-13,-0.0090088295,0.007229563,0.008229003,7.512613,-0.011613632749349914,-0.01821850977339087,0,0
2021-12-14,-0.008766561,0.00720138,0.01134916,7.674673,-0.011578590111475247,-0.018118664674343747,0,0
2021-12-15,0.015544076,0.007823686,0.012560091,7.398234,-0.012559730127061523,-0.01973853902936326,0,0
2021-12-16,-0.008814395,0.008532454,0.014121926,7.592988,-0.013712722461602525,-0.021484698151690802,0,0
2021-12-17,-0.010626634,0.009675286,0.009464867,7.6132054,-0.015551102551798163,-0.02435752351042232,0,0
2021-12-20,-0.011234235,0.010230223,0.013883995,7.8426843,-0.0164625430821256,-0.025698391417733075,0,0
2021-12-21,0.01788237,0.011108638,0.0066059893,7.918678,-0.017882685819187363,-0.027885478885215288,0,0
2021-12-22,0.009703349,0.010326004,0.008523391,8.12904,-0.016638850400045275,-0.025872323520341096,0,0
2021-12-23,0.0063286303,0.009533644,0.006110291,8.335357,-0.015375509366035298,-0.02384509875957122,0,0
2021-12-27,0.014003177,0.008577703,0.006234342,8.415302,-0.013838243136161249,-0.02143998865262805,0,0
2021-12-28,-0.0007844573,0.00771119,0.0040561506,8.327479,-0.012435923485820902,-0.01928812994463565,0,0
2021-12-29,0.0012548366,0.007136268,0.00381678,8.475554,-0.011515519055587906,-0.01782838157532595,0,0
2021-12-30,-0.0025636344,0.0066926884,0.0045207655,8.589372,-0.010804394272946997,-0.016705011398504905,0,0
2021-12-31,-0.0028853992,0.00648466,0.003648786,8.539713,-0.010466613684910166,-0.016192145006082837,0,0
