DATE,ret_true,sigma_lstm,gk_vol_actual,shape,VaR_ret_95,VaR_ret_99,viol_95,viol_99
2006-01-31,-0.0038880298,0.005472365,0.006194141,17.728073,-0.008871330056033593,-0.013527634194812552,0,0
2006-02-01,0.0029174385,0.0054775043,0.0044153407,17.946579,-0.008879661954728632,-0.013540339265752625,0,0
2006-02-02,-0.011917695,0.0054770405,0.005867443,17.926205,-0.008878909956983769,-0.013539192566177301,1,0
2006-02-03,-0.005123164,0.0054885335,0.00655859,17.729158,-0.008897541102009396,-0.013567602659471682,0,0
2006-02-06,0.0025648628,0.0054916637,0.003315056,19.069603,-0.00890261518780301,-0.013575339985899125,0,0
2006-02-07,-0.00890654,0.0054892646,0.005668721,19.36034,-0.008898726068152814,-0.013569409580014617,1,0
2006-02-08,0.008512374,0.005520278,0.005785326,19.915745,-0.008949002729950164,-0.013646075005045027,0,0
2006-02-09,-0.0019731657,0.0055118795,0.006863358,22.991804,-0.00893538743520256,-0.013625313436527476,0,0
2006-02-10,0.0019731657,0.005498868,0.008875409,19.696024,-0.008914294362655313,-0.01359314922127886,0,0
2006-02-13,-0.0019731657,0.005493069,0.0047353297,19.957966,-0.008904893968848047,-0.013578814833097079,0,0
2006-02-14,0.009827123,0.0055071553,0.008271707,19.419785,-0.008927729042905275,-0.013613635375981464,0,0
2006-02-15,0.0031243924,0.005500181,0.0057668854,23.333517,-0.008916422912949975,-0.013596394985957837,0,0
2006-02-16,0.0073815407,0.0055029695,0.004417031,20.801151,-0.008920943339348944,-0.013603288053214223,0,0
2006-02-17,-0.0021311643,0.0054881787,0.003162011,24.050217,-0.008896966342790257,-0.01356672622578953,0,0
2006-02-20,-0.00019396761,0.005476423,0.0017676872,21.837118,-0.008877908981309912,-0.01353766620737109,0,0
2006-02-21,-0.0027195043,0.0054744156,0.006000768,19.505371,-0.008874654544380408,-0.013532703610780234,0,0
2006-02-22,0.005431633,0.005463748,0.005962494,18.03067,-0.008857360284234539,-0.013506332094508652,0,0
2006-02-23,-0.001548887,0.005447973,0.005112513,16.862356,-0.008831788140944326,-0.013467337874045393,0,0
2006-02-24,0.0021291017,0.0054456573,0.0037004733,15.542676,-0.008828034060170874,-0.013461613385031873,0,0
2006-02-27,0.0007730963,0.0054411944,0.0042014886,14.943083,-0.00882079935234937,-0.013450581388668593,0,0
2006-02-28,-0.008926898,0.0054335515,0.005978134,24.785446,-0.008808408691415227,-0.01343168722877483,1,0
2006-03-01,0.0073801074,0.005444104,0.004350633,17.118721,-0.008825515585119617,-0.013457773035387914,0,0
2006-03-02,-0.0003870718,0.0054408945,0.004799896,16.593573,-0.008820313212393096,-0.01344984008793303,0,0
2006-03-03,-0.0038789809,0.00544136,0.0101362085,16.649792,-0.008821067742116898,-0.013450990648449686,0,0
2006-03-06,-0.0054559764,0.005442986,0.007478825,16.763956,-0.008823703532192324,-0.013455009888375318,0,0
2006-03-07,-0.0015643336,0.0054568565,0.0041845385,15.676169,-0.00884618919315598,-0.013489297621356016,0,0
2006-03-08,0.0015643336,0.005466799,0.0071579963,27.98411,-0.008862306927088228,-0.013513875086889098,0,0
2006-03-09,-0.005878912,0.005457627,0.0056314743,23.574404,-0.008847438302765851,-0.013491202352412673,0,0
2006-03-10,0.008610621,0.0054933405,0.00586533,24.286293,-0.008905333689190442,-0.01357948534990824,0,0
2006-03-13,0.0019466621,0.005495982,0.0030571418,15.876915,-0.008909616109569151,-0.013586015488679505,0,0
2006-03-14,0.017924735,0.00549374,0.007027798,14.298825,-0.008905981875798807,-0.01358047375088899,0,0
2006-03-15,0.0041936776,0.005485183,0.0048785135,12.203526,-0.008892110007185391,-0.013559320940316559,0,0
2006-03-16,0.0019004187,0.0054836185,0.0052115903,12.530215,-0.008889572964288583,-0.013555452277102836,0,0
2006-03-17,0.00056942203,0.005470632,0.0031848405,12.357886,-0.008868521247397341,-0.013523351123895962,0,0
2006-03-20,-0.0015191799,0.0054689986,0.0039137644,11.2104,-0.00886587279742722,-0.013519312579263674,0,0
2006-03-21,-0.0060999044,0.0054736505,0.0077910703,11.351616,-0.008873413874700333,-0.013530811749528015,0,0
2006-03-22,0.0053394483,0.0054770354,0.0050038276,12.0956745,-0.008878901517053972,-0.013539179696372864,0,0
2006-03-23,-0.0020942416,0.0054675736,0.004640083,12.716464,-0.008863562788641937,-0.013515790113789304,0,0
2006-03-24,0.0007620499,0.005466362,0.004692466,12.107615,-0.008861598816978306,-0.013512795310296845,0,0
2006-03-27,-0.0013339687,0.0054663257,0.003514917,11.206159,-0.008861539737469731,-0.013512705221665788,0,0
2006-03-28,-0.0065047103,0.0054626586,0.0072512547,11.289272,-0.008855594650921124,-0.013503639731420458,0,0
2006-03-29,0.005741643,0.0054592076,0.0067643947,11.5287075,-0.008850000665452048,-0.013495109625039704,0,0
2006-03-30,-0.0019102202,0.0054435837,0.0076839905,12.152747,-0.008824672436132953,-0.01345648734192467,0,0
2006-03-31,0.0,0.0054369476,0.0048667737,11.87833,-0.008813914901614421,-0.013440083489189441,0,0
2006-04-03,-0.0013393286,0.0054432056,0.007391737,11.711157,-0.008824059697229733,-0.013455552994122554,0,0
2006-04-04,0.006868945,0.00544298,0.0063204644,11.359822,-0.008823694248269547,-0.013454995731590438,0,0
2006-04-05,0.0032273403,0.0054391925,0.0043971958,11.123445,-0.008817554199342643,-0.013445632948862618,0,0
2006-04-06,-0.0011378723,0.0054344144,0.005600581,11.415229,-0.008809808031775477,-0.013433821042350462,0,0
2006-04-07,-0.010299538,0.0054348228,0.0105918655,13.930543,-0.008810469722271516,-0.013434830035018313,1,0
2006-04-10,0.0011496457,0.0054418496,0.004531402,10.904232,-0.008821861095517762,-0.01345220041006675,0,0
2006-04-11,-0.008847913,0.005457728,0.008362449,10.2246685,-0.008847602037403902,-0.013491452026618748,1,0
2006-04-12,0.0011585249,0.005492674,0.0030550507,10.469483,-0.008904253378176498,-0.013577838014940322,0,0
2006-04-13,-0.0009653442,0.0055086403,0.0052924724,10.438926,-0.008930136954876197,-0.013617307131187301,0,0
2006-04-17,-0.00096627703,0.005508258,0.0069474517,9.807637,-0.008925359327154363,-0.013632242053495704,0,0
2006-04-18,0.01573023,0.005509707,0.00802397,9.355814,-0.00891692989681128,-0.013675623255901272,0,0
2006-04-19,0.0013314314,0.0054865447,0.0055916766,9.765155,-0.008889228883892951,-0.013582079120355377,0,0
2006-04-20,0.0013296611,0.0054806154,0.0068917735,9.627382,-0.008876468539260326,-0.013579190659644766,0,0
2006-04-21,0.0,0.005468853,0.0064369617,9.22296,-0.008847365695562135,-0.013586541137750457,0,0
2006-04-24,-0.0019000575,0.0054774233,0.0050459555,8.566933,-0.00884178136492178,-0.01367412418554915,0,0
2006-04-25,-0.0038109801,0.0054768636,0.006315087,8.559127,-0.008840619510979983,-0.013673574107070478,0,0
2006-04-26,-0.00038189805,0.0054758713,0.0047139158,8.23882,-0.008827746529663205,-0.013707117647099379,0,0
2006-04-27,0.0045731785,0.0054664374,0.010828418,7.8919215,-0.008798740254003394,-0.013725493531898935,0,0
2006-04-28,0.00076016726,0.005458447,0.006014178,7.9480476,-0.008788235118659397,-0.013698420089241744,0,0
2006-05-01,-0.005906467,0.005451938,0.006779907,7.9733305,-0.008778797830322559,-0.01367895876790791,0,0
2006-05-02,0.00742507,0.005466934,0.0034911097,7.810586,-0.008796026292933306,-0.013737079011127947,0,0
2006-05-03,-0.004372215,0.005459519,0.005110102,8.290017,-0.008803270829910418,-0.013660271736027583,0,0
2006-05-04,0.0036132017,0.0054624383,0.0040654507,8.445618,-0.008813498334634882,-0.013650001896849376,0,0
2006-05-05,0.009070357,0.0054557715,0.005693964,8.260038,-0.008796128682283034,-0.013654346753365935,0,0
2006-05-08,-0.0013176473,0.0054452745,0.0020587381,8.093008,-0.00877286537644042,-0.013647709125838616,0,0
2006-05-09,0.0015057409,0.0054433425,0.0026719884,7.846329,-0.008759620277933887,-0.013673252320794938,0,0
2006-05-10,-0.0011290931,0.005467433,0.004884879,7.3984785,-0.00877713912020715,-0.013793864657977639,0,0
2006-05-11,-0.012123656,0.005468848,0.010018196,7.451393,-0.008782132356353178,-0.013789996795267455,1,0
2006-05-12,-0.013430747,0.00548594,0.0065826103,6.536117,-0.008751917562257759,-0.01397662395261357,1,0
2006-05-15,0.0023152626,0.005528022,0.0063950876,6.1870046,-0.008789181614189267,-0.014148078464352783,0,0
2006-05-16,-0.0017359441,0.0055317585,0.0052299057,5.6869354,-0.00877668872349262,-0.014194371265195299,0,0
2006-05-17,-0.020281507,0.0055214176,0.011790671,5.596186,-0.008760281732510818,-0.014167836551628775,1,1
2006-05-18,-0.0047393455,0.0056151976,0.008570783,5.0726495,-0.008909073016544164,-0.014408473857238263,0,0
2006-05-19,0.006117434,0.0056575807,0.008995352,5.0227447,-0.008976317972137183,-0.014517227841282834,0,0
2006-05-22,-0.0069095134,0.0056886952,0.009564246,5.266889,-0.009025684628159364,-0.0145970675924437,0,0
2006-05-23,-0.0075562103,0.005795096,0.012732847,5.598076,-0.009194499643906602,-0.0148700888974197,0,0
2006-05-24,0.006763503,0.005811977,0.010683961,5.7054253,-0.009221283613301117,-0.01491340610024173,0,0
2006-05-25,0.0118251275,0.0058740275,0.0075672087,6.0242233,-0.009322382581901637,-0.01506747507628879,0,0
2006-05-26,0.0052760257,0.0058124308,0.0039261887,5.89476,-0.00922200298004668,-0.014914569518358066,0,0
2006-05-29,-0.002146133,0.0057511553,0.0015931552,5.665034,-0.009124783505191407,-0.014757338316047188,0,0
2006-05-30,-0.015748357,0.005736223,0.0079611065,5.646084,-0.009101092360370893,-0.01471902307941589,1,1
2006-05-31,0.009478744,0.005879811,0.007821167,5.516491,-0.00932890902221169,-0.015087466621216572,0,0
2006-06-01,0.010751741,0.005870269,0.010167176,5.8151054,-0.009313769745456973,-0.015062982157689024,0,0
2006-06-02,0.0019425026,0.005789618,0.0068969205,6.1067863,-0.009197065679851398,-0.01483387115986781,0,0
2006-06-05,-0.014661586,0.005732428,0.008942498,6.186996,-0.009114172618925498,-0.014671224445030514,1,0
2006-06-06,-0.0029582903,0.005830593,0.010202009,5.9970193,-0.009250819273605385,-0.01496117356028612,0,0
2006-06-07,-0.007732764,0.0059062312,0.009414941,6.161819,-0.009387972482946212,-0.015121222868245944,0,0
2006-06-08,-0.00039816843,0.005970788,0.014715982,6.4340057,-0.009516566941485649,-0.015231567291681916,0,0
2006-06-09,-0.003590668,0.006049617,0.0074769245,6.1582494,-0.009615514919308666,-0.015489077950641706,0,0
2006-06-12,-0.011658424,0.0061208094,0.010850665,6.3626146,-0.009749054407045682,-0.015628686807270146,1,0
2006-06-13,-0.0032401811,0.006255355,0.010873803,6.5406637,-0.009979794926234643,-0.01593596964322094,0,0
2006-06-14,0.0070743095,0.006714066,0.0066069886,6.5577874,-0.010713237188874224,-0.017100913491389286,0,0
2006-06-15,0.02112474,0.0070339665,0.010242745,6.991403,-0.01126217872519147,-0.0178239059526499,0,0
2006-06-16,-0.006131955,0.006310379,0.0050185034,7.10976,-0.010111908322951509,-0.01596934492542133,0,0
2006-06-19,-0.00916889,0.0061868285,0.009223668,7.4818935,-0.009936842830146583,-0.015595621438699676,0,0
2006-06-20,0.0031987233,0.006155899,0.0067991903,7.512777,-0.009888899168878867,-0.015512850122684937,0,0
2006-06-21,0.0073580923,0.0061007417,0.009954116,7.1652446,-0.009779585905714,-0.01542950301812988,0,0
2006-06-22,-0.004567578,0.0059624743,0.00829149,7.575275,-0.00958151355699513,-0.015016109165987737,0,0
2006-06-23,-0.00039816843,0.0059261792,0.0073101153,7.195471,-0.009501631834360574,-0.014983131103573261,0,0
2006-06-26,0.0037762143,0.0058995015,0.0039117397,7.152087,-0.009456175849668238,-0.014922670056596086,0,0
2006-06-27,-0.008366583,0.0058715087,0.0066401223,6.031655,-0.009319189998013075,-0.01505943943136569,0,0
2006-06-28,0.006380879,0.0058984524,0.0051420266,7.2099376,-0.009458060211441867,-0.014910716820099595,0,0
2006-06-29,0.019486887,0.0059067365,0.008661369,7.040114,-0.009460594155979983,-0.014959370989268502,0,0
2006-06-30,-0.0023419214,0.0057408554,0.0042380067,6.1426477,-0.009123209003401949,-0.014701679038036,0,0
2006-07-03,0.0068153315,0.005666052,0.0032719453,6.09541,-0.008999632473484414,-0.0145195610773317,0,0
2006-07-04,-0.00038819876,0.0056151734,0.0013682477,5.8272114,-0.008909035012263266,-0.014408412393639665,0,0
2006-07-05,-0.006231763,0.005595732,0.006775795,5.53934,-0.00887818910913186,-0.014358525902862629,0,0
2006-07-06,0.0023414644,0.0056412825,0.0050305626,5.7696247,-0.008950459678441674,-0.014475407716112389,0,0
2006-07-07,-0.006060032,0.0056300815,0.009792865,5.822339,-0.00893268815280288,-0.014446666166672364,0,0
2006-07-10,0.0015673984,0.0056410464,0.005540646,5.9786296,-0.008950085064815684,-0.014474801860640485,0,0
2006-07-11,0.0041027702,0.005641272,0.007835993,5.46932,-0.008950442486028887,-0.014475379911151118,0,0
2006-07-12,-0.0109783495,0.0056048636,0.008319717,5.52176,-0.008892676883928332,-0.01438195670469991,1,0
2006-07-13,-0.01649645,0.005749638,0.0077088447,6.146473,-0.009137547201383522,-0.014723399148962613,1,1
2006-07-14,-0.0042172973,0.0059112203,0.008934932,6.1415696,-0.009393837184523442,-0.01513818709831239,0,0
2006-07-17,-0.0014097274,0.006013002,0.007155542,6.0325694,-0.009543868297370297,-0.015422148793421447,0,0
2006-07-18,0.004223234,0.0060317004,0.008558684,5.796985,-0.009569896881975007,-0.015477211690188791,0,0
2006-07-19,0.013356124,0.006015509,0.011449658,5.921012,-0.009544206892952043,-0.015435663760954996,0,0
2006-07-20,-0.006556098,0.0059137726,0.008308984,6.2454853,-0.009408264645263719,-0.015123422644587775,0,0
2006-07-21,-0.0076030777,0.0059482297,0.007631673,6.3819237,-0.009475939409377557,-0.015184215614144752,0,0
2006-07-24,0.01811175,0.006002528,0.0087455325,6.3990216,-0.009564002131892157,-0.015319432387354883,0,0
2006-07-25,0.0031508494,0.005869393,0.008800623,5.9145265,-0.009312378969748887,-0.01506073288266411,0,0
2006-07-26,0.0013753809,0.005790402,0.00715327,6.051515,-0.009192566325303901,-0.014847281775243519,0,0
2006-07-27,-0.0007857003,0.0057544927,0.008301488,5.8047624,-0.009130078768329808,-0.014765902244118626,0,0
2006-07-28,0.009387904,0.005765047,0.006046924,5.8389807,-0.009146824178384366,-0.014792984276396482,0,0
2006-07-31,-0.0019485587,0.00571479,0.0027296615,5.7475777,-0.009067086672742,-0.014664026329441067,0,0
2006-08-01,-0.0039085452,0.005708954,0.0065372637,5.4628572,-0.009057827201160443,-0.014649051162668167,0,0
2006-08-02,0.005857104,0.0057374174,0.0057777814,5.6044607,-0.00910298714523279,-0.014722087478831747,0,0
2006-08-03,0.0023332697,0.005712307,0.0077020284,5.5609746,-0.009063146895622279,-0.014657654603052989,0,0
2006-08-04,-0.0009715341,0.0056923428,0.01082711,5.704667,-0.009031471232357941,-0.014606426157039878,0,0
2006-08-07,-0.0029202786,0.0057079005,0.0045215925,5.645028,-0.009056155917664779,-0.014646348227748832,0,0
2006-08-08,-0.004298561,0.00573134,0.008319521,5.4611316,-0.009093344916250764,-0.014706493285815815,0,0
2006-08-09,-0.0041204807,0.0057306457,0.010791651,5.407921,-0.009092242792104733,-0.014704710841456449,0,0
2006-08-10,0.0031409527,0.005766681,0.007835413,5.0326843,-0.009149416613259881,-0.01479717697187233,0,0
2006-08-11,-0.002551272,0.005795465,0.006083362,5.2136574,-0.009195085090805192,-0.014871035729521923,0,0
2006-08-14,0.0007857003,0.0058144457,0.0069043967,5.363846,-0.009225199863961234,-0.014919739777735438,0,0
2006-08-15,0.011323823,0.0057632187,0.0064761853,5.3988323,-0.009143923184942513,-0.014788292555036772,0,0
2006-08-16,0.008698228,0.0057401136,0.0050237104,5.76103,-0.009107264436561433,-0.014729005060512144,0,0
2006-08-17,0.0015384619,0.005665837,0.0049144994,6.124132,-0.009002163332519436,-0.014513254266872522,0,0
2006-08-18,0.004601235,0.005634779,0.0051768553,5.6991434,-0.00894014151617797,-0.014458720349092806,0,0
2006-08-21,-0.003640897,0.0056052287,0.003994355,5.8439054,-0.008893256901643937,-0.01438289475628805,0,0
2006-08-22,-0.00019199385,0.005583317,0.004611904,5.693874,-0.00885849112839709,-0.01432666873434125,0,0
2006-08-23,-0.003269548,0.005567744,0.006677962,5.37748,-0.00883378291663065,-0.014286708614737926,0,0
2006-08-24,-0.0013493978,0.005587601,0.0038862901,5.310668,-0.008865288465494779,-0.014337661937976354,0,0
2006-08-25,0.0011567381,0.0055872,0.0037956655,4.8474164,-0.00886465234622166,-0.014336633154409332,0,0
2006-08-28,0.004805391,0.0055617318,0.0064579174,4.9578447,-0.008824243842125348,-0.01427128125148962,0,0
2006-08-29,0.00095831347,0.0055376305,0.005670213,5.1882935,-0.008786005201495523,-0.014209438627366098,0,0
2006-08-30,0.0,0.0055501,0.002706632,4.743276,-0.008805789144294227,-0.014241434820693831,0,0
2006-08-31,0.00038306837,0.005546369,0.002833339,4.8084283,-0.008799869525112507,-0.014231861133502556,0,0
2006-09-01,0.0053476063,0.0055448525,0.0035024572,4.788961,-0.008797463492186157,-0.014227969902343644,0,0
2006-09-04,0.002853069,0.0055089598,0.0018573292,4.618003,-0.00874051588698873,-0.014135869626681327,0,0
2006-09-05,-0.0013304193,0.005500458,0.0033930377,4.753976,-0.008727027986725398,-0.0141140559028548,0,0
2006-09-06,-0.008978951,0.005498097,0.005244966,4.8367195,-0.00872328094560166,-0.014107995884716758,1,0
2006-09-07,-0.0050019342,0.0055489647,0.0043076444,5.0525074,-0.008803988465270746,-0.014238522616855457,0,0
2006-09-08,0.0023116944,0.0056449748,0.0030864342,5.3122497,-0.008956317766882894,-0.014484881890810694,0,0
2006-09-11,0.000961631,0.005663817,0.0065353937,5.076871,-0.008986212658128028,-0.014533230328203743,0,0
2006-09-12,0.018663654,0.0056794123,0.0075483276,5.0478125,-0.009010956159583873,-0.014573247521148625,0,0
2006-09-13,0.0030143203,0.0056281458,0.004694142,4.461511,-0.00892961704496082,-0.014441699322537973,0,0
2006-09-14,0.00037615196,0.0056000175,0.0034537443,4.115419,-0.00888498825595721,-0.014369522033335762,0,0
2006-09-15,0.0020663105,0.0056109033,0.004427316,4.136653,-0.008902259391897519,-0.014397454312060902,0,0
2006-09-18,0.0015000941,0.005610052,0.0037669425,4.303015,-0.008900909335061822,-0.01439527089089163,0,0
2006-09-19,-0.0028145248,0.0055988566,0.006066876,4.4425774,-0.008883146858061339,-0.014366543975641747,0,0
2006-09-20,0.004499445,0.0055902107,0.004723442,4.610341,-0.008869429122384958,-0.014344358543385598,0,0
2006-09-21,-0.004687362,0.0055673737,0.007120277,4.81989,-0.008833195660004399,-0.014285758855797673,0,0
2006-09-22,-0.0032000027,0.005589254,0.005275946,4.7268386,-0.008867911665740545,-0.014341904389698689,0,0
2006-09-25,0.00732604,0.0055976217,0.00864993,4.8591433,-0.008881186923003617,-0.014363374210056866,0,0
2006-09-26,0.00820135,0.0055603567,0.0051608654,5.1288643,-0.008822062215429057,-0.014267752948246244,0,0
2006-09-27,0.0007422528,0.005532119,0.003763015,5.071793,-0.008777260597433745,-0.01419529614601231,0,0
2006-09-28,-0.0003710575,0.005524548,0.003936172,4.7968063,-0.008765248530078604,-0.014175869258598038,0,0
2006-09-29,-0.0012997866,0.0055201575,0.0029068969,4.8088846,-0.008758282888308369,-0.01416460385902628,0,0
2006-10-02,-0.0037230125,0.0055134357,0.0043680244,4.8573565,-0.0087476172583336,-0.014147354539105223,0,0
2006-10-03,0.0020493718,0.005529868,0.0060593225,4.7089977,-0.0087736890998932,-0.014189520031163035,0,0
2006-10-04,0.011105056,0.005541998,0.00746361,4.816625,-0.008792934648712522,-0.014220645490177285,0,0
2006-10-05,0.0018389119,0.005493745,0.003276929,4.75985,-0.008716376834571923,-0.01409682999763797,0,0
2006-10-06,-0.0014708589,0.005473653,0.004621011,4.8819327,-0.008684498481809466,-0.014045273745765667,0,0
2006-10-09,0.0003679176,0.005463207,0.003844468,4.643789,-0.00866792499588278,-0.01401846976310052,0,0
2006-10-10,0.0011029413,0.0054473435,0.0031761443,4.636426,-0.008642755303562583,-0.013977763299799925,0,0
2006-10-11,-0.0012868831,0.0054185907,0.005939963,4.3889565,-0.008597136593527972,-0.013903985030196115,0,0
2006-10-12,0.0086089,0.005499451,0.0045011695,4.2393937,-0.008725429092336204,-0.014111470041456606,0,0
2006-10-13,0.0020041913,0.005501787,0.0032498864,4.343413,-0.008729136319451386,-0.014117465669158022,0,0
2006-10-16,0.0018185129,0.005490444,0.003241266,4.33872,-0.0087111394827187,-0.014088359728383447,0,0
2006-10-17,-0.0030934426,0.005472641,0.0058877007,4.225478,-0.008682892348509627,-0.01404267617701536,0,0
2006-10-18,0.00054659747,0.0054762983,0.00643197,4.2802987,-0.008688695240257161,-0.014052061083153796,0,0
2006-10-19,0.0012742333,0.005473979,0.003279893,4.288875,-0.008685015159056907,-0.014046109358022809,0,0
2006-10-20,0.00054560334,0.0054703066,0.003597316,4.06895,-0.00867918874084977,-0.014036686402990002,0,0
2006-10-23,0.0041730986,0.005456244,0.01404773,3.9328911,-0.008656877513371374,-0.014000602880355447,0,0
2006-10-24,0.002892788,0.0054333443,0.003390947,3.790475,-0.008620544515969416,-0.013941842216675953,0,0
2006-10-25,0.0032444152,0.0054240273,0.0036443742,3.8276374,-0.008605762660427901,-0.013917935803659036,0,0
2006-10-26,0.0026956615,0.005409934,0.004897925,3.6300607,-0.008583401665438806,-0.013881771792978696,0,0
2006-10-27,-0.005940077,0.0053985207,0.0053445157,3.5492964,-0.00856529353045492,-0.013852485851665368,0,0
2006-10-30,-0.0010838151,0.0054008192,0.0041945125,3.7229483,-0.00856894013169343,-0.013858383430292828,0,0
2006-10-31,0.0,0.0054063904,0.00524401,3.804828,-0.00857777974645745,-0.013872679570643113,0,0
2006-11-01,-0.007437676,0.0054083806,0.007376619,3.8702285,-0.008580937721227276,-0.013877786903002872,0,0
2006-11-02,-0.0012753942,0.005419972,0.004459384,4.0494404,-0.008599328173726401,-0.013907529431048648,0,0
2006-11-03,-0.002007483,0.005429357,0.00592869,3.8448882,-0.008614217708063792,-0.01393160999092826,0,0
2006-11-06,0.011081955,0.00542514,0.0073056,3.8296888,-0.008607527144898148,-0.01392078947073684,0,0
2006-11-07,0.0037868586,0.0054099653,0.0048046247,3.9394271,-0.008583451432949505,-0.01388185228102448,0,0
2006-11-08,0.0017982383,0.005447051,0.0065338756,3.9515107,-0.008642292013281164,-0.013977014029264625,0,0
2006-11-09,-0.005404445,0.005446782,0.0055452213,3.9990926,-0.00864186491755298,-0.013976323295489895,0,0
2006-11-10,0.00054176076,0.0054458957,0.003563776,3.8974285,-0.008640458759159768,-0.013974049142341738,0,0
2006-11-13,0.0023442442,0.0054512587,0.0047838995,3.8282752,-0.008648968098625512,-0.01398781113475182,0,0
2006-11-14,0.0069999387,0.0054507903,0.007021296,3.725917,-0.008648224300556517,-0.013986608204322099,0,0
2006-11-15,0.0026792907,0.005437827,0.004453605,3.7771769,-0.008627657650544086,-0.013953346153547033,0,0
2006-11-16,0.002494211,0.005431015,0.004083061,3.6862502,-0.008616849052084036,-0.013935865613421724,0,0
2006-11-17,-0.00017795178,0.005428316,0.0036508671,3.799571,-0.008612567236436238,-0.013928940714646254,0,0
2006-11-20,0.0003558719,0.005432208,0.0045330175,3.8289587,-0.00861874202721827,-0.01393892708599955,0,0
2006-11-21,0.0007113641,0.005423251,0.002066488,3.6250825,-0.008604531140754053,-0.013915944090380631,0,0
2006-11-22,0.0015987214,0.0054251286,0.0032731467,3.6782374,-0.00860750995248536,-0.013920761665775569,0,0
2006-11-23,-0.000887863,0.005430736,0.0014027859,3.5129187,-0.008616406573670729,-0.01393515000152375,0,0
2006-11-24,-0.0030246442,0.0054327142,0.003673771,3.2637115,-0.008619544641436275,-0.013940225138665198,0,0
2006-11-27,-0.013996281,0.0054367045,0.008260845,3.3942077,-0.008625875973661053,-0.013950464681507959,1,1
2006-11-28,0.0036075076,0.0054732547,0.005746824,3.353254,-0.0086838668868555,-0.014044252279293715,0,0
2006-11-29,0.0098540615,0.00545737,0.0044964775,3.464322,-0.00865866371457356,-0.014003491669489592,0,0
2006-11-30,0.0005347117,0.0054278495,0.0066674566,3.364523,-0.008611826152958734,-0.013927742174473578,0,0
2006-12-01,-0.0017834854,0.005417431,0.00955311,3.448033,-0.00859529610049593,-0.013901008435921116,0,0
2006-12-04,0.007292162,0.005427209,0.006074289,3.5055285,-0.00861081089574047,-0.013926100218339581,0,0
2006-12-05,0.0042440384,0.005424175,0.0028013398,3.6695824,-0.008605997020160103,-0.013918314829183728,0,0
2006-12-06,-0.001412679,0.005425666,0.00273624,3.5560355,-0.008608362334214066,-0.013922140206486999,0,0
2006-12-07,-0.0042500505,0.0054279496,0.005627509,3.5055811,-0.008611985408992972,-0.013927999736220087,0,0
2006-12-08,0.00088691805,0.0054481546,0.0056153475,3.5480168,-0.008644042924793947,-0.013979845745057213,0,0
2006-12-11,0.0031864073,0.005451664,0.0031162407,3.5541673,-0.008649610551945448,-0.013988850162251942,0,0
2006-12-12,0.007395702,0.005427764,0.004913786,3.4728527,-0.0086116904233841,-0.01392752266162144,0,0
2006-12-13,0.001052078,0.00547313,0.0038900583,3.6648326,-0.008683668721676535,-0.014043931790529592,0,0
2006-12-14,0.008203205,0.0054796147,0.005706635,3.7230783,-0.00869395702343382,-0.014060570864721705,0,0
2006-12-15,0.0,0.005482961,0.003801113,3.7595465,-0.008699266764393516,-0.01406915820749737,0,0
2006-12-18,-0.0024364789,0.005493693,0.005575353,3.8308425,-0.008716293587099482,-0.01409669536308866,0,0
2006-12-19,0.0010449322,0.0054958304,0.00687527,3.6426702,-0.008719685016737679,-0.014102180257554098,0,0
2006-12-20,-0.0006965001,0.0054744785,0.0031518089,3.7127273,-0.008685807819772772,-0.014047391313079298,0,0
2006-12-21,-0.0038394462,0.005467412,0.0057751867,3.644131,-0.008674596556907974,-0.014029259551492644,0,0
2006-12-22,-0.0066666915,0.005469508,0.004164022,3.653504,-0.008677921931486516,-0.014034637616370041,0,0
2006-12-26,0.005967024,0.005480196,0.0029183433,3.6706178,-0.008694879079677502,-0.014062062088697234,0,0
2006-12-27,0.005757671,0.005462984,0.0035711934,3.6825821,-0.008667571194124899,-0.014017897566265947,0,0
2006-12-28,-0.0022642177,0.0054418314,0.002600148,3.8735847,-0.008634010699500805,-0.013963620818446137,0,0
2006-12-29,-0.0036684468,0.00544458,0.005376102,3.663821,-0.008638371238301893,-0.013970673034675845,0,0
2007-01-03,-0.002628583,0.005455964,0.011067543,3.7489164,-0.008656432320366572,-0.013999882878200432,0,0
2007-01-04,0.0019283028,0.005452296,0.0072578187,3.8686132,-0.008650614045933912,-0.013990473093938754,0,0
2007-01-05,-0.007735622,0.005447302,0.0051070526,3.8881025,-0.008642690153366758,-0.0139776579336309,0,0
2007-01-08,0.0042268466,0.005461129,0.005250762,3.899781,-0.008664627672082995,-0.014013137064212566,0,0
2007-01-09,-0.0014069647,0.0055227117,0.006411924,4.0749216,-0.00876233486854312,-0.014171157049372126,0,0
2007-01-10,0.0028119527,0.005528025,0.006011919,4.1412215,-0.008770764579991746,-0.014184790260908953,0,0
2007-01-11,0.0045526256,0.0055246293,0.0068661734,4.133411,-0.008765377020742591,-0.014176077064098062,0,0
2007-01-12,0.0067903106,0.0054699923,0.005072434,4.162113,-0.008678690160878947,-0.014035880059113147,0,0
2007-01-16,-0.0013891303,0.005446782,0.003931915,4.2817426,-0.00864186491755298,-0.013976323295489895,0,0
2007-01-17,0.0,0.005433371,0.0038064003,4.339449,-0.008620587044569467,-0.013941910997369623,0,0
2007-01-18,-0.0038300883,0.005431154,0.005049478,4.290863,-0.008617068933994944,-0.013936221224242188,0,0
2007-01-19,0.0024390256,0.0054387706,0.0032832755,4.453044,-0.008629154295320388,-0.013955766648596615,0,0
2007-01-22,-0.0040101176,0.005424288,0.0055415435,4.565455,-0.008606176183198621,-0.013918604586148553,0,0
2007-01-23,0.00313972,0.0054282877,0.004710634,4.5415163,-0.008612521993244693,-0.013928867543695543,0,0
2007-01-24,0.007460779,0.005414464,0.0031152368,4.3758693,-0.00859058899884761,-0.013893395730208946,0,0
2007-01-25,-0.011824168,0.0054067606,0.006355553,4.5906267,-0.008578367003083702,-0.013873629329583366,1,0
2007-01-26,-0.0012251686,0.005428391,0.005315915,4.5502214,-0.008612685773598085,-0.013929132422537122,0,0
2007-01-29,-0.0008760404,0.0054376614,0.0045169187,4.552079,-0.008627394335169295,-0.013952920298613884,0,0
2007-01-30,0.00541912,0.005436317,0.0029088224,4.3614397,-0.008625261571119874,-0.013949471019997278,0,0
2007-01-31,0.0062565375,0.0054274984,0.007815073,4.3586907,-0.008611269661702734,-0.01392684217177981,0,0
2007-02-01,0.0053563844,0.0054210005,0.0040665995,4.508577,-0.008600959643213507,-0.013910167975531355,0,0
2007-02-02,0.0015497205,0.005412773,0.0027591477,4.379668,-0.008587906982452835,-0.013889058156250685,0,0
2007-02-05,0.00051604025,0.0054093013,0.0029982196,4.1242332,-0.008582398171450342,-0.013880148861291885,0,0
2007-02-06,-0.00034399726,0.005408895,0.0040187007,4.1608305,-0.008581753908402745,-0.013879106906953733,0,0
2007-02-07,0.0017188041,0.005447258,0.0033238702,4.1939616,-0.008642619573987948,-0.013977543786947787,0,0
2007-02-08,-0.0012028526,0.0054501914,0.0043380912,4.247923,-0.008647274193534076,-0.01398507161435713,0,0
2007-02-09,-0.0075940993,0.005452462,0.0086164065,4.0089116,-0.008650876456444872,-0.013990897485452888,0,0
2007-02-12,-0.0034710206,0.0054625967,0.004327265,4.107092,-0.00866695679158372,-0.014016903904755264,0,0
2007-02-13,0.00796541,0.0054765716,0.003542824,3.9335763,-0.00868912957489599,-0.014052763524280639,0,0
2007-02-14,0.006189841,0.005456013,0.0046788445,4.088454,-0.00865651104351986,-0.014000010195654673,0,0
2007-02-15,0.00068540097,0.005433184,0.0026313276,4.3122134,-0.008620290249232934,-0.013941430995932945,0,0
2007-02-16,-0.00034264178,0.005425609,0.0025387818,4.3141055,-0.008608271847830976,-0.013921993864585574,0,0
2007-02-19,0.00034264178,0.005425024,0.002260134,4.1520343,-0.008607343457540476,-0.013920492396676944,0,0
2007-02-20,0.0015404368,0.005425777,0.0055276183,4.2087207,-0.00860853787779726,-0.013922424109775764,0,0
2007-02-21,-0.00085550523,0.005417864,0.0042083473,4.2581635,-0.008595983797007411,-0.013902120634371951,0,0
2007-02-22,-0.0008562377,0.0054123094,0.005801246,4.3313866,-0.008587170423294486,-0.013887866933173081,0,0
2007-02-23,-0.0037761803,0.005409039,0.0036785656,4.0922155,-0.00858198193408813,-0.013879475688545325,0,0
2007-02-26,-0.0008602151,0.0054278593,0.0058014947,3.9573753,-0.00861184244050769,-0.013927768516015834,0,0
2007-02-27,-0.040212598,0.0054265507,0.01941217,4.041542,-0.008609765778015784,-0.013924409969378113,1,1
2007-02-28,0.009806622,0.005635208,0.012952902,3.2137072,-0.008940821973778804,-0.014459820840191527,0,0
2007-03-01,-0.0028429301,0.00558117,0.016531434,3.1582043,-0.008855084316073767,-0.014321158961752569,0,0
2007-03-02,-0.013795793,0.0056109196,0.009401153,3.2345748,-0.008902285632948615,-0.014397496751212316,1,0
2007-03-05,-0.009789781,0.0057110577,0.009553517,3.3284194,-0.009061164338968787,-0.014654448251992748,1,0
2007-03-06,0.016801046,0.0058325175,0.012030624,3.2729223,-0.009253873189034659,-0.014966112599459241,0,0
2007-03-07,-0.0016136265,0.005753234,0.0057532545,3.1214516,-0.009128081733855022,-0.01476267247835416,0,0
2007-03-08,0.008220203,0.005679361,0.007980956,3.1707084,-0.009010874721839092,-0.014573115813437341,0,0
2007-03-09,0.00017795178,0.0056096283,0.008047492,3.1267536,-0.008900237021235467,-0.014394183570564035,0,0
2007-03-12,0.0014224753,0.0055784425,0.005959084,3.0503473,-0.008850757257234424,-0.014314160892026388,0,0
2007-03-13,-0.010718216,0.0055353004,0.009785872,3.0901465,-0.008782307927882482,-0.01420345909727384,1,0
2007-03-14,0.006979894,0.0056354865,0.01294959,3.2300816,-0.008941263547328281,-0.014460534988670486,0,0
2007-03-15,0.0012476608,0.005711033,0.005984877,3.3291104,-0.009061125429824058,-0.014654385324975136,0,0
2007-03-16,-0.0032114212,0.0057506277,0.0070919804,3.1956005,-0.009123946506147828,-0.014755984653459,0,0
2007-03-19,0.011901731,0.0058111763,0.0071464814,3.082964,-0.00922001318448254,-0.014911351459945713,0,0
2007-03-20,0.0054592015,0.0057410714,0.0045393114,3.1894927,-0.009108784607797338,-0.014731463604456096,0,0
2007-03-21,0.014990694,0.0056797927,0.010667596,3.3160853,-0.00901155970375908,-0.014574223621631134,0,0
2007-03-22,0.0,0.0055733253,0.004890108,3.418126,-0.008842638818943626,-0.014301031096630466,0,0
2007-03-23,0.0013831261,0.0055511002,0.0035344623,3.271203,-0.008807376275453619,-0.014244001657644839,0,0
2007-03-26,-0.0012101306,0.005540575,0.007591209,3.128532,-0.008790677013454437,-0.014216994259736711,0,0
2007-03-27,-0.0032920414,0.0055370987,0.0045079207,3.195116,-0.008785161868405127,-0.014208074720844809,0,0
2007-03-28,-0.007665543,0.005578421,0.006605944,3.3192456,-0.008850723777272682,-0.01431410674552286,0,0
2007-03-29,0.0013981127,0.0056546275,0.007374296,3.4634767,-0.008971632587220805,-0.014509650257627007,0,0
2007-03-30,-0.00017465724,0.005663526,0.010761432,3.303894,-0.00898575027271044,-0.014532482521087459,0,0
2007-04-02,0.0013964045,0.0056567923,0.0050233616,3.2979276,-0.008975067450322885,-0.014515205396205131,0,0
2007-04-03,0.009720611,0.005678054,0.0060301307,3.3834164,-0.00900880077393868,-0.014569761657056663,0,0
2007-04-04,0.0008633342,0.005623732,0.0027348264,3.2204337,-0.008922614303773519,-0.014430373922786632,0,0
2007-04-05,0.0029297736,0.005583394,0.003609278,3.309445,-0.008858613285014262,-0.014326866295908175,0,0
2007-04-06,0.0,0.005563121,0.0033990436,3.038583,-0.008826448090417409,-0.014274846140208351,0,0
2007-04-09,0.0012038869,0.0055566723,0.002930888,3.1388817,-0.008816216795081471,-0.014258299261414139,0,0
2007-04-10,0.0010307508,0.0055368566,0.0033416238,3.2380855,-0.008784777301276997,-0.014207452767763749,0,0
2007-04-11,-0.0051644114,0.005552143,0.0059369793,3.3221982,-0.008809030366536496,-0.014246676787602903,0,0
2007-04-12,0.004820946,0.005586045,0.0065412996,3.0766609,-0.008862819092100264,-0.014333668267486445,0,0
2007-04-13,0.0039427495,0.005573839,0.0038363077,3.25226,-0.008843453196391434,-0.014302348173743299,0,0
2007-04-16,0.009704682,0.00556,0.00510529,3.394652,-0.008821496675534748,-0.014266838311362332,0,0
2007-04-17,0.0023692683,0.0055144145,0.005206981,3.600913,-0.008749170909531248,-0.014149867229552703,0,0
2007-04-18,0.0008448087,0.005514611,0.00546286,3.6720023,-0.008749482182689077,-0.014150370645693609,0,0
2007-04-19,0.0,0.0055139055,0.006471019,3.6438382,-0.008748362866130259,-0.014148560396372972,0,0
2007-04-20,0.008576526,0.005505545,0.004307876,3.7114182,-0.008735098467233157,-0.014127108137042967,0,0
2007-04-23,-0.0031865856,0.0055047856,0.0031607046,3.7853196,-0.008733893188610405,-0.014125158862915974,0,0
2007-04-24,0.00016796842,0.005517659,0.005349667,3.8982103,-0.008754317775001384,-0.014158191156905803,0,0
2007-04-25,0.008196082,0.005519496,0.0059775957,3.797973,-0.0087572323414007,-0.014162904829550727,0,0
2007-04-26,0.0013317798,0.005512579,0.0035555782,3.7762861,-0.008746258152859595,-0.014145156483745808,0,0
2007-04-27,-0.0004992096,0.0055125766,0.0043630507,3.7471955,-0.008746254533404272,-0.01414515063006975,0,0
2007-04-30,-0.009028652,0.005506582,0.006124482,3.7440674,-0.008736743509677725,-0.014129768632810886,1,0
2007-05-01,0.002851155,0.0055316794,0.004710195,3.6591954,-0.008776562947420125,-0.014194167849952317,0,0
2007-05-02,0.005511496,0.0055399323,0.0048729354,3.7986982,-0.008789657231917018,-0.014215344986507642,0,0
2007-05-03,0.0048184856,0.005522851,0.0038432197,3.9812436,-0.008762555655317859,-0.014171514123611605,0,0
2007-05-04,0.0039702286,0.0055138557,0.0038369917,4.145529,-0.00874828414297697,-0.014148433078918731,0,0
2007-05-07,0.0,0.005515885,0.0020605025,4.0557175,-0.008751503648487298,-0.014153639923771461,0,0
2007-05-08,-0.0013216588,0.0055221603,0.0037962047,3.8818467,-0.008761459865218644,-0.01416974192318534,0,0
2007-05-09,0.0021468096,0.0055704745,0.005025858,3.9421887,-0.008838115404652978,-0.014293715464978192,0,0
2007-05-10,-0.010780434,0.005575403,0.0064119985,4.0301275,-0.00884593523787958,-0.014306362332099408,1,0
2007-05-11,0.008633625,0.0056097507,0.00566296,4.2266006,-0.008900431566959108,-0.014394498205652102,0,0
2007-05-14,-0.0023171145,0.0055985665,0.006180919,4.282801,-0.008882686282371412,-0.01436579909536349,0,0
2007-05-15,-0.0001657138,0.0056128697,0.007836001,4.2312636,-0.008905379362386447,-0.014402500180822063,0,0
2007-05-16,0.0062778993,0.0056209117,0.0041578067,4.1336694,-0.008918138847265908,-0.014423135852342112,0,0
2007-05-17,-0.0018132371,0.005612822,0.0039467397,4.1164794,-0.008905303353824652,-0.014402377253624865,0,0
2007-05-18,0.008379249,0.0056192065,0.0044019,4.033811,-0.00891543330441153,-0.014418760229489482,0,0
2007-05-21,0.0,0.0056069,0.003575684,3.980807,-0.00889590815266846,-0.014387182573999825,0,0
2007-05-22,-0.0018013597,0.0055872183,0.0037033777,3.925314,-0.008864681301864248,-0.014336679983817787,0,0
2007-05-23,0.00016389412,0.0055843447,0.0054308656,4.0056014,-0.008860121693020364,-0.014329305815404942,0,0
2007-05-24,-0.00921969,0.0055780257,0.010043474,3.95305,-0.008850095801774038,-0.014313091132726967,1,0
2007-05-25,0.0037969504,0.00561085,0.004100133,3.884651,-0.008902175239561246,-0.014397318214092576,0,0
2007-05-29,0.003454235,0.005601291,0.004309964,3.7699492,-0.008887008816891601,-0.0143727898479946,0,0
2007-05-30,0.0075249826,0.0055882656,0.009044334,3.890427,-0.008866342631857772,-0.014339366821127965,0,0
2007-05-31,-0.00065210304,0.0055633006,0.003570689,3.857015,-0.008826733122524142,-0.014275307117197843,0,0
2007-06-01,0.0042310883,0.0055592814,0.0041549313,3.8928468,-0.008820356547107819,-0.014264994403404369,0,0
2007-06-04,0.00048705254,0.005545686,0.004349016,3.8123455,-0.008798786403106926,-0.014230109420942489,0,0
2007-06-05,-0.004229024,0.0055534737,0.006103424,3.9123724,-0.008811142318717807,-0.01425009240758218,0,0
2007-06-06,-0.011310669,0.0055652005,0.0068373373,3.98394,-0.008829748128808686,-0.01428018322935335,1,0
2007-06-07,-0.018132411,0.0056178123,0.0125101805,3.8734748,-0.00891322181720882,-0.014415183633418635,1,1
2007-06-08,0.012511632,0.005770757,0.011436661,3.7506087,-0.009155883675059293,-0.01480763602756723,0,0
2007-06-11,0.0016564523,0.005739172,0.0057924083,3.652651,-0.009105770506376624,-0.014726588955719603,0,0
2007-06-12,-0.0019880722,0.0057001705,0.006315162,3.7789938,-0.009043891393300817,-0.014626513046429581,0,0
2007-06-13,0.014978471,0.005748034,0.009138586,3.703948,-0.009119831185444913,-0.014749329023782155,0,0
2007-06-14,0.0060265674,0.005731577,0.0047176927,3.5291548,-0.009093720434740585,-0.014707100604706732,0,0
2007-06-15,0.005344575,0.005699488,0.0063915267,3.61054,-0.009042808271295234,-0.014624761333869515,0,0
2007-06-18,-0.0011313133,0.0056710383,0.004205111,3.5236697,-0.00899767004395483,-0.014551760139762277,0,0
2007-06-19,0.0019386113,0.0056680166,0.004473555,3.4827285,-0.008992876075378745,-0.014544006945824738,0,0
2007-06-20,-0.014304535,0.0056397137,0.010005239,3.6089904,-0.00894797039804288,-0.014471381850404166,1,0
2007-06-21,0.005713835,0.005706473,0.008090878,3.6260927,-0.009053890138632215,-0.01464268382653713,0,0
2007-06-22,-0.009979633,0.0057282783,0.008464874,3.5484724,-0.009088486702342684,-0.014698636189128264,1,0
2007-06-25,-0.004614379,0.0058057522,0.010462377,3.5137267,-0.00921140702458689,-0.014897432881701107,0,0
2007-06-26,-0.010460868,0.0058526066,0.00807354,3.513625,-0.00928574611261413,-0.015017660070817458,1,0
2007-06-27,0.014088241,0.005944792,0.010076099,3.647991,-0.009432008302240124,-0.015254207120282096,0,0
2007-06-28,-0.0011527379,0.005858988,0.0057857726,3.532294,-0.009295870634018023,-0.01503403426616799,0,0
2007-06-29,-0.0011540683,0.005835546,0.01196448,3.647152,-0.009258678015976714,-0.01497388335442495,0,0
2007-07-02,0.010175699,0.00589836,0.0053355754,3.528645,-0.009358338813447744,-0.015135062861236294,0,0
2007-07-03,0.0034232652,0.0058658305,0.001942811,3.6778288,-0.009306727190261111,-0.015051592367501055,0,0
2007-07-05,-0.0011397868,0.0058288276,0.0056217094,3.6040995,-0.009248018720048762,-0.014956644278436992,0,0
2007-07-06,0.0051998817,0.0058373837,0.0048238323,3.7003813,-0.009261593487239862,-0.014978598490488888,0,0
2007-07-09,0.0,0.005804615,0.0036671425,3.7638564,-0.009209602726108082,-0.014894514824186677,0,0
2007-07-10,-0.014694142,0.0058063953,0.0071876515,3.5969176,-0.009212427710988139,-0.014899083618349188,1,0
2007-07-11,0.007210782,0.0059515284,0.0062824637,3.5226803,-0.009442695648946833,-0.015271491562259496,0,0
2007-07-12,0.016036628,0.0059853257,0.009057311,3.567037,-0.009496318784429547,-0.015358215236463428,0,0
2007-07-13,0.002728077,0.0059717535,0.005220552,3.6472378,-0.00947478483498189,-0.015323388790762121,0,0
2007-07-16,-0.00016026925,0.005984128,0.004411044,3.639983,-0.009494418570384666,-0.015355142056533487,0,0
2007-07-17,-0.000641334,0.006014897,0.004754451,3.252493,-0.009543235974061494,-0.015434093512352698,0,0
2007-07-18,-0.002569457,0.006043268,0.0069841463,3.1134803,-0.009588249330193234,-0.015506892754635968,0,0
2007-07-19,0.003210791,0.006121493,0.0073003164,2.9756074,-0.009712361358102729,-0.015707616770050586,0,0
2007-07-20,-0.009501642,0.006123385,0.009673365,3.0250576,-0.00971536279142981,-0.01571247093092088,0,0
2007-07-23,0.0025856511,0.006200534,0.0054208157,3.0732493,-0.009837767341290405,-0.015910433474655594,0,0
2007-07-24,-0.01725584,0.006206514,0.012116704,3.1118166,-0.009847255743421178,-0.015925778886439104,1,1
2007-07-25,0.0014767416,0.0062996796,0.010067415,3.1840646,-0.009995072489108648,-0.016164840089770236,0,0
2007-07-26,-0.024397526,0.006318699,0.023360243,3.020215,-0.010025248793005192,-0.01621364365047672,1,1
2007-07-27,-0.020367302,0.006524544,0.01318785,3.0047097,-0.010351842200354233,-0.016741836938711816,1,1
2007-07-30,0.015483082,0.006718049,0.011309556,2.9632413,-0.010658857068994181,-0.017238366229735413,0,0
2007-07-31,-0.012743355,0.0066897576,0.017235195,2.8608902,-0.010613970393798767,-0.01716577186611414,1,0
2007-08-01,0.0054570395,0.0068826387,0.015555542,2.947037,-0.010919995341407715,-0.01766070017673614,0,0
2007-08-02,0.007961421,0.0071989344,0.0072228066,3.0481954,-0.011421830107431016,-0.018472307971786495,0,0
2007-08-03,-0.026499541,0.0071383785,0.01661178,3.0915136,-0.011325751665866505,-0.018316922140852596,1,1
2007-08-06,0.017006336,0.007494172,0.016037421,2.9709957,-0.011890254586226154,-0.019229881946573407,0,0
2007-08-07,0.009999236,0.0075244517,0.01512181,2.9795356,-0.011938295616736072,-0.019307577788878382,0,0
2007-08-08,0.014398374,0.007292703,0.010832297,3.0054047,-0.011570603294187744,-0.018712916009015697,0,0
2007-08-09,-0.031062592,0.0071343333,0.013429644,3.1013842,-0.011319334371577791,-0.01830654357320348,1,1
2007-08-10,-0.0048126597,0.0076952623,0.017043345,3.1794786,-0.012209304143817016,-0.019745874710486635,0,0
2007-08-13,0.0027529267,0.008797083,0.009180849,3.064098,-0.013957453107324606,-0.02257312268482502,0,0
2007-08-14,-0.0143638365,0.008955943,0.013069399,2.9064958,-0.01420950111769296,-0.022980755124408513,1,0
2007-08-15,-0.013865952,0.008649089,0.017135318,2.9889047,-0.01372264637239014,-0.0221933742311392,1,0
2007-08-16,0.0070447633,0.008802623,0.029145239,2.9925032,-0.013966242049714096,-0.022587336873710506,0,0
2007-08-17,0.017742682,0.009381796,0.033751503,2.9592555,-0.014885159320767508,-0.024073484248678785,0,0
2007-08-20,-0.0006898931,0.009412087,0.011004301,3.1045341,-0.014933217543690213,-0.02415120789594503,0,0
2007-08-21,0.000862292,0.008986529,0.0096090995,3.0367303,-0.01425802806008007,-0.023059236822724146,0,0
2007-08-22,0.012675744,0.008731719,0.006249166,3.0144982,-0.013853746663665642,-0.022405400231600932,0,0
2007-08-23,-0.0015330894,0.008391776,0.012848791,3.144908,-0.013314392623758078,-0.02153311323054339,0,0
2007-08-24,0.011525551,0.00835307,0.009033663,3.02887,-0.013252982230146674,-0.021433795372302753,0,0
2007-08-27,-0.009311843,0.008137843,0.0047817035,3.1637874,-0.012911502003051736,-0.020881525914445087,0,0
2007-08-28,-0.021665221,0.008285017,0.011152959,3.2625327,-0.013145008448661207,-0.021259171435007423,1,1
2007-08-29,0.018769385,0.008769029,0.010648831,3.4297502,-0.013912941950619012,-0.022501135640094663,0,0
2007-08-30,-0.0027331756,0.00869394,0.009050543,3.486614,-0.013793805768915613,-0.02230845896583945,0,0
2007-08-31,0.010380422,0.008758785,0.009254372,3.4511123,-0.013896689691352293,-0.022474851171179578,0,0
2007-09-04,0.008596766,0.008617233,0.013517004,3.531431,-0.013672102488523963,-0.022111630571840783,0,0
2007-09-05,-0.008766071,0.008368,0.0087673655,3.4496582,-0.013276670660375696,-0.02147210621867701,0,0
2007-09-06,0.0020297708,0.0085979765,0.0070499703,3.4405758,-0.013641550666137599,-0.02206221969224338,0,0
2007-09-07,-0.013439004,0.0086300885,0.011899148,3.4118862,-0.013692499024136185,-0.02214461749984117,0,0
2007-09-10,-0.003087481,0.009077715,0.011963842,3.5516074,-0.01440270311854667,-0.023293217035237776,0,0
2007-09-11,0.011953694,0.009455713,0.006851827,3.5174599,-0.015002436007298416,-0.0242631535968597,0,0
2007-09-12,0.0023736872,0.0088574365,0.007219183,3.6009946,-0.01405320941736532,-0.022727987538589844,0,0
2007-09-13,0.0059096836,0.008735405,0.008723815,3.5779355,-0.013859594798604722,-0.02241485830869008,0,0
2007-09-14,0.0,0.008654466,0.006568063,3.589518,-0.013731176523723992,-0.022207169882186607,0,0
2007-09-17,-0.0054017687,0.008616966,0.0049416795,3.5448282,-0.013671679917114935,-0.022110947155161126,0,0
2007-09-18,0.037213597,0.008721266,0.014941741,3.5938225,-0.013837161414509153,-0.022378577224488598,0,0
2007-09-19,0.0055293683,0.008098248,0.00862604,3.466969,-0.012848681831591798,-0.020779928049380236,0,0
2007-09-20,-0.0063450956,0.0077180606,0.0050389823,3.4127948,-0.012245476075457075,-0.01980437488558159,0,0
2007-09-21,0.0017937225,0.0076090433,0.0069918283,3.394652,-0.012072508639589856,-0.019524637950749164,0,0
2007-09-24,-0.0017937225,0.0073546506,0.006765772,3.2722464,-0.011668889603499643,-0.018871872582344382,0,0
2007-09-25,-0.0017969457,0.007210566,0.00584035,3.1302693,-0.011440284805262135,-0.018502154402582283,0,0
2007-09-26,0.004730455,0.007161265,0.005348387,3.1135137,-0.011362063851400352,-0.018375649145894766,0,0
2007-09-27,0.0053558513,0.0069681085,0.0025031462,3.1265168,-0.01105560185456108,-0.01788001400388888,0,0
2007-09-28,-0.0042173625,0.006831938,0.0052075097,3.1432598,-0.010839553851704913,-0.017530603689787632,0,0
2007-10-01,0.01195684,0.0067947586,0.009853565,3.1099007,-0.010780564873704986,-0.01743520194082915,0,0
2007-10-02,-0.0012857604,0.006680928,0.0038961994,3.197497,-0.010599961291968838,-0.0171431152129354,0,0
2007-10-03,-0.0024152657,0.006707451,0.0043368484,3.045933,-0.010642041984424646,-0.01721117151419346,0,0
2007-10-04,0.0009668064,0.006728318,0.0030173603,3.0251954,-0.010675150047133292,-0.01726471655250614,0,0
2007-10-05,0.011847721,0.0067515946,0.0074600945,3.0024455,-0.010712081159527471,-0.01732444453615406,0,0
2007-10-08,-0.0051061227,0.006540596,0.0038383855,3.0991323,-0.010377310497738625,-0.016783026330287117,0,0
2007-10-09,0.008601518,0.006509125,0.00558316,3.1261644,-0.010327379206685965,-0.016702273405661355,0,0
2007-10-10,-0.0019050649,0.0065534157,0.0048314743,3.1963196,-0.0103976500269295,-0.016815921062889604,0,0
2007-10-11,-0.0050979876,0.0065547144,0.013376386,3.0672083,-0.01039971040187245,-0.01681925326798507,0,0
2007-10-12,0.005892206,0.0067393202,0.006162842,3.0875347,-0.010692606680158931,-0.0172929488321292,0,0
2007-10-15,-0.009091697,0.006742665,0.010316585,3.1246061,-0.010697912801663306,-0.01730153032122881,0,0
2007-10-16,-0.008205339,0.00691446,0.005513393,3.17439,-0.010970483123716375,-0.01774235310405567,0,0
2007-10-17,0.0032258092,0.0071505513,0.012371519,3.25326,-0.011345065079473143,-0.018348157356292916,0,0
2007-10-18,-0.0037105794,0.0071905386,0.006297111,3.2637122,-0.0114085096069764,-0.018450764980477603,0,0
2007-10-19,-0.026864842,0.0072300863,0.011932792,3.2999527,-0.011471255579602204,-0.018552242845183288,1,1
2007-10-22,0.0051337364,0.0075435485,0.010388986,3.232763,-0.011968594982113617,-0.019356580374570807,0,0
2007-10-23,0.007897376,0.0076082554,0.00635614,3.2290895,-0.012071259022639388,-0.019522616969090474,0,0
2007-10-24,-0.0022969658,0.0075107417,0.013689323,3.251711,-0.011916543595105168,-0.01927239865919464,0,0
2007-10-25,0.0019691507,0.0075835963,0.011243214,3.2294905,-0.012032134520319118,-0.019459341657751993,0,0
2007-10-26,0.011410067,0.007557487,0.007997234,3.146275,-0.011990709854140708,-0.019392346335279267,0,0
2007-10-29,0.0029130948,0.007366396,0.004234838,3.234901,-0.01168752436923311,-0.01890201023352401,0,0
2007-10-30,-0.007135937,0.0072218226,0.004046762,3.2440605,-0.011458145007556356,-0.018531039367085705,0,0
2007-10-31,0.012293911,0.0072972225,0.008594251,3.197929,-0.011577774340047593,-0.01872451360470369,0,0
2007-11-01,-0.025565179,0.0069692344,0.01347527,3.2884183,-0.011057388055763267,-0.01788290279302302,1,1
2007-11-02,0.0011538779,0.0074650855,0.013202244,3.3283818,-0.011844105625986638,-0.019155246113427244,0,0
2007-11-05,-0.007939175,0.007764148,0.009435322,3.1904774,-0.012318598121631762,-0.019922633776123768,0,0
2007-11-06,0.012869341,0.008104651,0.006807769,3.194122,-0.012858840737821264,-0.02079635785465331,0,0
2007-11-07,-0.028095938,0.007917497,0.013147269,3.2721462,-0.01256190243280217,-0.020316125197772487,1,1
2007-11-08,-0.0049015563,0.00850479,0.017557362,3.2659235,-0.013493701345352214,-0.021823105805827737,0,0
2007-11-09,-0.013991015,0.008728076,0.010289033,3.2771158,-0.01384796639351388,-0.022396051910937853,1,0
2007-11-12,-0.010189191,0.0092651425,0.013251578,3.3523285,-0.014700075758204595,-0.023774152133245442,0,0
2007-11-13,0.029418917,0.009655838,0.015470952,3.3083684,-0.015319952725559742,-0.024776667328962776,0,0
2007-11-14,-0.0035458037,0.009133757,0.012577798,3.3895373,-0.014491620467753475,-0.023437021368092836,0,0
2007-11-15,-0.0136241885,0.009079749,0.01476645,3.3767102,-0.014405930767831476,-0.023298437050861633,0,0
2007-11-16,0.0015420204,0.009452312,0.009280781,3.4738736,-0.014997039399410954,-0.024254425765858668,0,0
2007-11-19,-0.01570216,0.009528293,0.012495581,3.4695342,-0.015117590788145873,-0.02444939122745218,1,0
2007-11-20,0.00589563,0.009694101,0.01663975,3.580688,-0.015380661849702201,-0.024874851037467362,0,0
2007-11-21,-0.019730017,0.009587913,0.008705828,3.5919528,-0.015212183443300055,-0.024602374124364668,1,0
2007-11-23,0.016959932,0.009737513,0.008200354,3.711585,-0.015449540084509987,-0.024986246492832667,0,0
2007-11-26,-0.02297339,0.00956954,0.01864178,3.7948813,-0.015183032350123917,-0.024555228617401337,1,0
2007-11-27,0.012166244,0.009896625,0.010896984,3.808032,-0.015701986234963935,-0.025394522836782434,0,0
2007-11-28,0.030378588,0.009862583,0.01876782,3.830377,-0.015647974912897766,-0.025307171355821383,0,0
2007-11-29,0.00067980966,0.009354984,0.0078198705,3.8224902,-0.014842618957485605,-0.024004684530561482,0,0
2007-11-30,0.008290378,0.009276883,0.0098800445,3.7883666,-0.014718703285027415,-0.023804278077072954,0,0
2007-12-03,-0.0055757514,0.009074078,0.0058019115,3.787868,-0.014396932801897048,-0.023283884812183853,0,0
2007-12-04,-0.008336926,0.009016783,0.0039197514,3.6955445,-0.01430602927658143,-0.023136868274592496,0,0
2007-12-05,0.016100679,0.00902773,0.0075583896,3.6771035,-0.014323397232951642,-0.023164957139152162,0,0
2007-12-06,0.013691982,0.008688947,0.010673873,3.7642632,-0.013785884590939951,-0.022295648195788637,0,0
2007-12-07,-0.00016585123,0.008245772,0.0067983745,3.8001935,-0.013082742053865776,-0.0211584691823793,0,0
2007-12-10,0.00760083,0.008127104,0.007752675,3.7626727,-0.012894463417115969,-0.020853969734406612,0,0
2007-12-11,-0.027197806,0.007899941,0.017499201,3.7570252,-0.012534047104631876,-0.020271075306837572,1,1
2007-12-12,0.008254069,0.008351959,0.022197608,3.7805183,-0.01325121955540409,-0.02143094463206298,0,0
2007-12-13,-0.0015109547,0.008455694,0.010710396,3.789872,-0.013415804332741891,-0.021697124453147323,0,0
2007-12-14,-0.013532006,0.00854302,0.009361857,3.6701984,-0.01355435708252865,-0.02192120317261048,0,0
2007-12-17,-0.014754085,0.008742359,0.0065836958,3.7430952,-0.013870626898431002,-0.02243270031331191,1,0
2007-12-18,0.013731764,0.009007447,0.012134639,3.811043,-0.014291216655669665,-0.023112912105329095,0,0
2007-12-19,-0.0010233669,0.008895209,0.009507495,3.8771935,-0.014113139453749377,-0.022824911243323153,0,0
2007-12-20,0.0066332417,0.008837267,0.007241202,3.8381321,-0.01402120890798569,-0.022676233725150614,0,0
2007-12-21,0.0156424,0.008762192,0.008591415,3.815694,-0.013902094443014233,-0.02248359217295174,0,0
2007-12-24,0.0056581944,0.008488101,0.0057215863,3.8450751,-0.013467222315068712,-0.02178028177521351,0,0
2007-12-26,0.0021549945,0.008184297,0.0053552156,3.7887125,-0.012985206781533521,-0.021000727246832444,0,0
2007-12-27,-0.013335753,0.008028889,0.009051613,3.7099802,-0.012738635911933577,-0.020601952882542254,1,0
2007-12-28,-0.0028569046,0.008102327,0.010274391,3.7854125,-0.012855152512846534,-0.020790392958751194,0,0
2007-12-31,-0.0055691646,0.008128303,0.007917891,3.7411785,-0.012896366345752343,-0.020857047304593597,0,0
2008-01-02,-0.012773741,0.008199141,0.013842912,3.737266,-0.013008758577324076,-0.02103881711693555,0,0
2008-01-03,0.00017139429,0.008384575,0.0066683013,3.8152668,-0.013302967813029188,-0.02151463610206937,0,0
2008-01-04,-0.024812585,0.008355966,0.016330564,3.710857,-0.013257576223816132,-0.02144122515063814,1,1
2008-01-07,-0.001054667,0.008642456,0.01106249,3.747687,-0.01371212099630916,-0.02217635174116535,0,0
2008-01-08,-0.017385572,0.008624322,0.019513277,3.7188232,-0.013683349945941998,-0.02212982087018801,1,0
2008-01-09,0.010325888,0.009055309,0.014598021,3.8030589,-0.0143671546380861,-0.023235725155843642,0,0
2008-01-10,0.00670788,0.009193799,0.016912576,3.8195906,-0.01458688362700635,-0.023591088658494887,0,0
2008-01-11,-0.0093681635,0.009059669,0.010348877,3.768738,-0.014374072322073298,-0.023246912994207645,0,0
2008-01-14,0.0088402275,0.00932996,0.012233167,3.8154008,-0.014802915342313561,-0.023940472631053877,0,0
2008-01-15,-0.02296905,0.009173303,0.011780646,3.860207,-0.014554363725787786,-0.023538494842541474,1,0
2008-01-16,-0.008683123,0.009166752,0.014599527,3.9288676,-0.014543969554962287,-0.023521684548324696,0,0
2008-01-17,-0.02669771,0.009106189,0.023001458,3.948537,-0.014447880255031804,-0.023366281156362627,1,1
2008-01-18,-0.010881908,0.009574982,0.022518152,4.0123343,-0.015191668370525987,-0.024569195488473413,0,0
2008-01-22,-0.012146667,0.00981293,0.040632922,4.0334473,-0.01556919565805232,-0.02517976316960207,0,0
2008-01-23,0.024333937,0.010036035,0.043141883,4.015699,-0.01592317476924342,-0.025752246834303678,0,0
2008-01-24,0.007981481,0.009806696,0.011741737,4.004531,-0.015559305496380628,-0.02516376799977623,0,0
2008-01-25,-0.013587925,0.009781785,0.019815005,4.009293,-0.015519781044247102,-0.025099845857233447,0,0
2008-01-28,0.015250435,0.009862845,0.023962287,4.072772,-0.01564839115025998,-0.025307844528567942,0,0
2008-01-29,0.005521825,0.009751245,0.007857477,4.1095557,-0.015471327395830296,-0.02502148269585797,0,0
2008-01-30,-0.008479314,0.009755671,0.020196034,4.043458,-0.015478349139158047,-0.02503283882740861,0,0
2008-01-31,0.02124622,0.009728461,0.025643626,4.0266404,-0.015435176276058346,-0.02496301617940034,0,0
2008-02-01,0.012605965,0.00959705,0.008755881,4.1687465,-0.015226681171598668,-0.024625821023811105,0,0
2008-02-04,-0.013149789,0.009393254,0.0077747665,4.2598715,-0.014903338035130205,-0.024102884336675224,0,0
2008-02-05,-0.02608524,0.009526638,0.015741136,4.3673515,-0.015114965778172444,-0.02444514584889182,1,1
2008-02-06,-0.009913108,0.009961555,0.013732148,4.543511,-0.015805003172383758,-0.02556113016471766,0,0
2008-02-07,0.0076772217,0.010320699,0.018582962,4.61819,-0.01637482126288609,-0.02648268609372822,0,0
2008-02-08,-0.007489269,0.0103144925,0.011091503,4.5615573,-0.01636497453467828,-0.026466761168015066,0,0
2008-02-11,0.0059958957,0.010346714,0.0110918805,4.6041408,-0.01641609753139623,-0.026549441415482607,0,0
2008-02-12,0.0085566,0.010203418,0.015144346,4.5222764,-0.016188745064700683,-0.026181748607636238,0,0
2008-02-13,0.010318868,0.0101021845,0.012463256,4.54031,-0.0160281263055337,-0.025921982952091388,0,0
2008-02-14,-0.009393199,0.00984249,0.011121961,4.7092404,-0.015616094750407648,-0.02525561217711105,0,0
2008-02-15,0.000185031,0.009842789,0.010619475,4.87381,-0.015616570708782699,-0.02525638193551255,0,0
2008-02-19,0.0031403,0.009765137,0.012509442,5.0009794,-0.015493368069023255,-0.02505712865620726,0,0
2008-02-20,0.0025787451,0.009646716,0.016677042,5.178758,-0.015305480333448395,-0.024753261405248736,0,0
2008-02-21,-0.008869238,0.009553659,0.014787293,5.357057,-0.015157836416752625,-0.024514479714949328,0,0
2008-02-22,0.0062904926,0.009506289,0.015525692,5.674795,-0.015082679331822254,-0.024392929595044084,0,0
2008-02-25,0.011807552,0.009343386,0.013046238,5.8905516,-0.014824216741756678,-0.023974922978068518,0,0
2008-02-26,0.008096328,0.009107797,0.011559037,6.319114,-0.01450045931479751,-0.023268822665698602,0,0
2008-02-27,-0.0016285175,0.008902307,0.009715885,8.091945,-0.0143424105255324,-0.022312413902675337,0,0
2008-02-28,-0.0107420245,0.008848951,0.0066619543,7.7505083,-0.01423320697273495,-0.02224783670509242,0,0
2008-02-29,-0.025585378,0.0089751305,0.014984558,8.042225,-0.014456494395117715,-0.022504810545541695,1,1
2008-03-03,0.00056322163,0.009372677,0.008305458,7.47335,-0.015052987743046543,-0.023628468886236258,0,0
2008-03-04,-0.0037608168,0.0095301755,0.016107526,7.1305866,-0.015273521324377823,-0.024112025562518083,0,0
2008-03-05,0.006384998,0.009481701,0.012657985,6.6677938,-0.015143591767085822,-0.02411751147837673,0,0
2008-03-06,-0.0208065,0.009256171,0.017448442,6.7194858,-0.014789651289888052,-0.02352917385051774,1,0
2008-03-07,-0.011727521,0.0096521415,0.018498022,6.853373,-0.015438520540955812,-0.024496961547485676,0,0
2008-03-10,-0.013433474,0.009822493,0.012514036,7.05181,-0.0157335874065547,-0.024873161859360473,0,0
2008-03-11,0.0373192,0.010109712,0.01670883,7.298219,-0.016219771165353447,-0.025532474846989155,0,0
2008-03-12,-0.011012073,0.009799831,0.012520925,6.7175026,-0.01565806905444674,-0.024911750933169913,0,0
2008-03-13,0.002859596,0.009922307,0.02193882,6.6450686,-0.015844294787415655,-0.025245211314513315,0,0
2008-03-14,-0.016700648,0.009990275,0.03063449,6.545749,-0.015939202274540213,-0.02544932994182741,1,0
2008-03-17,-0.009334957,0.010403831,0.033262394,6.7227745,-0.016623841355828475,-0.02644548024831084,0,0
2008-03-18,0.04171257,0.010563313,0.016964195,6.4939423,-0.016845666445585945,-0.026926614978082034,0,0
2008-03-19,-0.026202373,0.010049744,0.019584108,6.3352556,-0.016002674713783662,-0.02566988357827866,1,1
2008-03-20,0.019244187,0.010198674,0.02196593,6.2970877,-0.016233667982322054,-0.026063394241152366,0,0
2008-03-24,0.019991325,0.010145292,0.015057215,6.436191,-0.01617044923372747,-0.02588006431702067,0,0
2008-03-25,0.0,0.0099734,0.009161238,6.5842695,-0.015917634983027774,-0.025394178611721784,0,0
2008-03-26,-0.011909333,0.009917102,0.005853124,6.4635634,-0.015810748082738302,-0.025289122252656213,0,0
2008-03-27,-0.004314799,0.010061628,0.0111020375,6.4506216,-0.01603924983357484,-0.025661906442059106,0,0
2008-03-28,-0.008117081,0.010031427,0.013239679,6.2176895,-0.01595446066960956,-0.025663168165621374,0,0
2008-03-31,0.0037835839,0.010014478,0.011001133,6.1760693,-0.01592048462004464,-0.02563424514192371,0,0
2008-04-01,0.03451818,0.00985993,0.019750759,6.0714073,-0.015656708884918914,-0.025275018599220923,0,0
2008-04-02,0.0003647638,0.009305706,0.008758233,6.30513,-0.014813485459841581,-0.023778827269439938,0,0
2008-04-03,0.001821826,0.009260263,0.009294781,5.990712,-0.014692334648131281,-0.023761632583578468,0,0
2008-04-04,-0.0010926973,0.009128355,0.01218507,5.8742323,-0.01448304959754723,-0.023423159863189786,0,0
2008-04-07,0.00018219915,0.008980296,0.009867607,5.7316704,-0.014248137898408378,-0.02304324165289831,0,0
2008-04-08,-0.0009113279,0.008686201,0.005170526,5.608697,-0.013781526766730357,-0.02228860036981597,0,0
2008-04-09,-0.007871894,0.008802932,0.012737777,5.6058717,-0.013966732485910441,-0.022588130046816236,0,0
2008-04-10,0.0018362106,0.008955953,0.009219662,5.718887,-0.014209515595514255,-0.02298077853911274,0,0
2008-04-11,-0.020198964,0.0089191245,0.015025152,5.656753,-0.014151084013634161,-0.022886278256267042,1,0
2008-04-14,-0.003187403,0.009053134,0.0058155986,5.801963,-0.014363704392298894,-0.023230145139142278,0,0
2008-04-15,0.0035617247,0.009072295,0.0069181183,5.786046,-0.0143941051024255,-0.0232793116277643,0,0
2008-04-16,0.025860326,0.008963582,0.01234211,5.5263,-0.014221619958980148,-0.02300035469526647,0,0
2008-04-17,0.0009113279,0.008587079,0.00826003,5.6141376,-0.013624260528056842,-0.022034256681718944,0,0
2008-04-18,0.011412133,0.008461655,0.013091859,5.6440053,-0.013425262874366245,-0.02171242157210336,0,0
2008-04-21,0.00018009906,0.008209825,0.0067448625,5.8584175,-0.013025708486604415,-0.021066229881910627,0,0
2008-04-22,-0.0054171314,0.00804291,0.009817784,5.6243625,-0.01276088198921615,-0.020637931039007785,0,0
2008-04-23,-0.0016308783,0.007994609,0.008656188,5.6826997,-0.012684247261649927,-0.02051399115585226,0,0
2008-04-24,0.005425949,0.0079026725,0.015722139,5.7226257,-0.012538381402381867,-0.02027808508391587,0,0
2008-04-25,0.00790518,0.0077193663,0.009167284,5.5853972,-0.012247547308765995,-0.019807724651705227,0,0
2008-04-28,0.00035784577,0.007534653,0.0056584734,5.7677374,-0.011954480916079304,-0.019333753964786413,0,0
2008-04-29,-0.0044823023,0.0074225855,0.0054727877,5.789133,-0.011776675173308285,-0.019046192128484747,0,0
2008-04-30,-0.0037807229,0.0074145715,0.011876214,5.5919514,-0.011763960026756538,-0.0190256281644964,0,0
2008-05-01,0.018231068,0.0074733137,0.008353847,5.6325226,-0.01185716009647497,-0.01917635885954594,0,0
2008-05-02,0.0030064574,0.007221764,0.010294815,5.8475637,-0.011458051806581774,-0.018530888634927235,0,0
2008-05-05,-0.0053116274,0.0070912433,0.00795109,5.8126984,-0.011250967384834462,-0.01819597494958123,0,0
2008-05-06,0.008837102,0.007035992,0.011567057,5.8715906,-0.01116330598662494,-0.01805420184231796,0,0
2008-05-07,-0.01811129,0.0068479693,0.012316234,6.127211,-0.010880763411060125,-0.01754058860576164,1,1
2008-05-08,-0.0023320487,0.006917109,0.0069067227,6.5394397,-0.011035437152623668,-0.017622104368470778,0,0
2008-05-09,-0.0021574982,0.0069188215,0.0057737567,6.560563,-0.011040222238459853,-0.017621823053769383,0,0
2008-05-12,0.011275287,0.0069391727,0.005592531,6.1982427,-0.011034132288796301,-0.017756986708267856,0,0
2008-05-13,0.0,0.0067873583,0.007157456,6.2568455,-0.010799320928265589,-0.017354827959588044,0,0
2008-05-14,0.002133334,0.0070523894,0.011287127,6.266702,-0.011222140725605562,-0.01803012387606596,0,0
2008-05-15,0.01182819,0.007048805,0.007016568,6.3155384,-0.011221953813537426,-0.018009306665047294,0,0
2008-05-16,0.0008771161,0.006976908,0.007304799,6.5504723,-0.011131923534133515,-0.017772000187679885,0,0
2008-05-19,0.0028016127,0.0070024654,0.009305723,6.5644474,-0.011174070664634614,-0.01783399712809168,0,0
2008-05-20,-0.008604847,0.0069413953,0.008813085,6.341339,-0.011053767970715327,-0.0177288719960804,0,0
2008-05-21,-0.017435063,0.0071116136,0.012780142,6.6376944,-0.011355375088084112,-0.018095626643431617,1,0
2008-05-22,0.00017945268,0.0074224975,0.0048141493,7.148725,-0.011897086813516406,-0.018775742727744814,0,0
2008-05-23,-0.014276921,0.007456862,0.0068199164,7.179994,-0.011954622026681192,-0.018856289591872962,1,0
2008-05-26,0.00090966985,0.0075909123,0.002561341,7.359094,-0.012183198013222197,-0.019158990876513706,0,0
2008-05-27,0.0072477213,0.007653806,0.00747304,7.3409777,-0.012282794191200182,-0.019321358780262116,0,0
2008-05-28,0.004862684,0.0075374953,0.007355985,7.5251665,-0.012109153899530656,-0.018992122192659774,0,0
2008-05-29,0.004481499,0.0074789464,0.009650806,7.429929,-0.01200854169627779,-0.01886267775914532,0,0
2008-05-30,0.0019655148,0.0072035813,0.0049008233,7.552581,-0.011574484032487349,-0.01814582320455148,0,0
2008-06-02,-0.01076823,0.007007501,0.009837972,7.521621,-0.011257481653457505,-0.01765732601604913,0,0
2008-06-03,-0.005065134,0.007152998,0.01197778,7.9512696,-0.011516678912235548,-0.017950510013371574,0,0
2008-06-04,-0.00072568946,0.0072689797,0.008962296,8.001411,-0.011706156483703963,-0.01823333241255797,0,0
2008-06-05,0.01994496,0.007353043,0.008627624,7.6077733,-0.011818211312936137,-0.018512263413629996,0,0
2008-06-06,-0.03309824,0.0071268794,0.01758487,7.461374,-0.011445335962790492,-0.017968996650607083,1,1
2008-06-09,0.0029379383,0.007652526,0.010692993,6.2046003,-0.012169268435821865,-0.019580737654038467,0,0
2008-06-10,-0.005331385,0.0077775177,0.010082655,6.344599,-0.012385639685084437,-0.01986354717510178,0,0
2008-06-11,-0.015230606,0.008008077,0.01155399,6.5242996,-0.012774231065132433,-0.020405337763050008,1,0
2008-06-12,0.0039226725,0.008240142,0.011548642,6.388749,-0.013127971534515911,-0.02103298418083844,0,0
2008-06-13,0.012229169,0.008307311,0.010262725,6.40375,-0.013236874328867538,-0.02120032067265359,0,0
2008-06-16,0.0001841451,0.008160688,0.008199172,6.6909704,-0.01303624271393049,-0.02075157752958981,0,0
2008-06-17,-0.0035045687,0.008073303,0.010251229,6.8098536,-0.012908877044687442,-0.02050032376616279,0,0
2008-06-18,-0.010588006,0.008033801,0.008949099,6.9461956,-0.012858850947678503,-0.020367883093823053,0,0
2008-06-19,0.002052048,0.008166755,0.009139285,6.7360377,-0.013050704688188124,-0.020755764037956016,0,0
2008-06-20,-0.016914517,0.008120663,0.010263499,6.729989,-0.012976420132228085,-0.020640118379006037,1,0
2008-06-23,-0.0005687743,0.008238882,0.006037348,6.885103,-0.013181171969910291,-0.020902450529093935,0,0
2008-06-24,-0.0020882778,0.00828676,0.012172169,6.912668,-0.013260483483751372,-0.0210172531372649,0,0
2008-06-25,0.0053070635,0.00833729,0.011882924,6.6613884,-0.013315098669748303,-0.021208253579502165,0,0
2008-06-26,-0.029154347,0.008140123,0.01139846,6.157471,-0.012938143566686227,-0.0208417056114565,1,1
2008-06-27,-0.0035094596,0.008558984,0.010193858,6.4659505,-0.013645812519711382,-0.021825189046652895,0,0
2008-06-30,0.000780945,0.008670016,0.009219981,6.37603,-0.013811150503459189,-0.02213389126392681,0,0
2008-07-01,0.004089985,0.008643501,0.014231849,6.9196844,-0.013832055172600215,-0.021920273101566554,0,0
2008-07-02,-0.018439125,0.008650428,0.014746908,7.077911,-0.013858667107141526,-0.02189885096909318,1,0
2008-07-03,0.0017802399,0.008983408,0.012297643,6.6797733,-0.014349170800821036,-0.022846742415164756,0,0
2008-07-04,0.0,0.009079106,0.0071347924,7.5279374,-0.014586012626877259,-0.02287586627541031,0,0
2008-07-07,-0.01052955,0.009131525,0.018962272,7.641198,-0.014679324072055923,-0.022982342464208064,0,0
2008-07-08,0.017422734,0.009273783,0.019330699,7.4839745,-0.014895066220858256,-0.023376659444490494,0,0
2008-07-09,-0.020423036,0.008783995,0.013876636,7.7665486,-0.014129882554602926,-0.02208117822723121,1,0
2008-07-10,0.0051948167,0.008897363,0.012306379,6.6902695,-0.014212959363240211,-0.022625040637910446,0,0
2008-07-11,-0.01182734,0.0089703165,0.019209607,7.8126087,-0.0144329413888477,-0.022539804235569696,0,0
2008-07-14,-0.009319355,0.009088398,0.019465066,8.225511,-0.014650738579865989,-0.02275251942855361,0,0
2008-07-15,-0.01373113,0.009294697,0.018256571,8.570255,-0.015003897622276262,-0.02320315322238865,0,0
2008-07-16,0.024058245,0.009456248,0.020825766,9.067796,-0.015290780307767288,-0.023518268738306074,0,0
2008-07-17,0.010022133,0.009164503,0.012432214,9.540125,-0.014839480147697552,-0.022719444109455787,0,0
2008-07-18,0.005568829,0.008971637,0.01134199,9.618135,-0.014530213282921856,-0.0222301262042231,0,0
2008-07-21,0.00079302146,0.008855367,0.007765506,9.83042,-0.01434969021569433,-0.021912837181125504,0,0
2008-07-22,0.010056281,0.00866154,0.015262875,9.158576,-0.014009682786577762,-0.02152794759872286,0,0
2008-07-23,0.0064535276,0.008364,0.009530793,9.576739,-0.013544612615553907,-0.020730026101401424,0,0
2008-07-24,-0.022672238,0.008245325,0.013329725,9.032683,-0.013331230387014389,-0.02051179019786227,1,1
2008-07-25,0.0,0.00843115,0.0075963004,8.746498,-0.013618623183500074,-0.021018587585182474,0,0
2008-07-28,-0.0150680905,0.008440351,0.011507876,8.241565,-0.013606993427257007,-0.021127265850572355,1,0
2008-07-29,0.021428676,0.008627716,0.011967656,8.263499,-0.013910334669433094,-0.021592251138803777,0,0
2008-07-30,0.0180645,0.0083345035,0.0082511725,8.677945,-0.013459230239537132,-0.02078860271484066,0,0
2008-07-31,-0.013912246,0.0079955775,0.010899723,9.059308,-0.012928525888375704,-0.019886698536448984,1,0
2008-08-01,-0.0053417874,0.00811626,0.011851286,8.696064,-0.013107646132654496,-0.020241409052820392,0,0
2008-08-04,-0.009167063,0.008174601,0.0073117074,8.097475,-0.013170335942114714,-0.020487523949771536,0,0
2008-08-05,0.027058035,0.008143243,0.012589752,8.074684,-0.013118477248945834,-0.02041302442838907,0,0
2008-08-06,0.0036954237,0.0078459745,0.0087628495,7.7777557,-0.01262170474034765,-0.019721102256114814,0,0
2008-08-07,-0.015455654,0.0077362405,0.01013169,7.448701,-0.012423023352067296,-0.019507881585300008,1,0
2008-08-08,0.018944029,0.007693625,0.016028976,7.9508095,-0.012387086980576409,-0.019307296813061772,0,0
2008-08-11,0.009818155,0.0075553614,0.0122638075,8.644078,-0.012199512850365515,-0.018850163010352593,0,0
2008-08-12,-0.010398707,0.007361379,0.010778149,8.317689,-0.011871303185530063,-0.01841464646661593,0,0
2008-08-13,-0.005434796,0.007706012,0.01051712,8.055817,-0.012413055843212813,-0.01932021550956797,0,0
2008-08-14,0.0071754404,0.007911349,0.01331056,8.066148,-0.012744412087833832,-0.019833215390660325,0,0
2008-08-15,0.00462696,0.007821499,0.0058188615,7.4701324,-0.012561487087898499,-0.019718598355682654,0,0
2008-08-18,-0.01375058,0.0077581354,0.015384886,7.6935573,-0.012474996015254172,-0.01951592006840014,1,0
2008-08-19,-0.010586258,0.0077945446,0.009124681,8.29583,-0.012568714766540253,-0.01950179042679293,0,0
2008-08-20,0.0041302056,0.007962763,0.008609973,8.12593,-0.012830657142197166,-0.019951646037687332,0,0
2008-08-21,0.0013729531,0.007919066,0.010244843,8.328254,-0.012771206895445633,-0.01980796425780945,0,0
2008-08-22,0.013046627,0.007854543,0.0092788935,7.9181213,-0.012644209578461078,-0.019716980433459947,0,0
2008-08-25,-0.020127695,0.007710476,0.009905701,8.100437,-0.012422734284001596,-0.019323812364756388,1,1
2008-08-26,0.004136714,0.007876038,0.006964616,7.7889304,-0.012670780943437066,-0.019794587595744356,0,0
2008-08-27,0.008027454,0.007878814,0.009684023,7.044242,-0.012619556191982972,-0.019952926587563747,0,0
2008-08-28,0.01240326,0.007757041,0.010939974,7.3440375,-0.01244869747300437,-0.019581345819962737,0,0
2008-08-29,-0.01201332,0.007578677,0.005745326,7.3895698,-0.012165780001450853,-0.01912210105187813,0,0
2008-09-02,-0.0046893405,0.0076302025,0.01737127,7.5491605,-0.01225973226763421,-0.019221132769110614,0,0
2008-09-03,-0.0009797199,0.007710842,0.008734248,7.394923,-0.012378332564390134,-0.01945450189115016,0,0
2008-09-04,-0.03085743,0.007651,0.013663596,7.52124,-0.012291230471563636,-0.01927887243364917,1,1
2008-09-05,0.0036326982,0.008086058,0.016361857,6.9366155,-0.01294159209953473,-0.020502607811165474,0,0
2008-09-08,0.020734396,0.00808516,0.01963987,7.075907,-0.01295288520424818,-0.02046830755857611,0,0
2008-09-09,-0.032487318,0.007870212,0.021030338,7.1342545,-0.012613491888810788,-0.01991140371497775,1,1
2008-09-10,0.0054883766,0.008408489,0.013804196,7.442012,-0.013502009498699095,-0.02120447633705835,0,0
2008-09-11,0.01429027,0.008507186,0.021894133,7.1933756,-0.013639656111921219,-0.021509161198761437,0,0
2008-09-12,0.0049835644,0.008601716,0.013413508,8.145925,-0.013861438566995152,-0.021548870041063272,0,0
2008-09-15,-0.05078061,0.008679488,0.017494382,7.9269547,-0.013972791532456997,-0.021786057152417146,1,1
2008-09-16,0.017626168,0.008999183,0.032708842,6.589081,-0.014363371871223954,-0.022912270539904942,0,0
2008-09-17,-0.04476948,0.008982794,0.032085188,6.82141,-0.014364397652662592,-0.022806678805035615,1,1
2008-09-18,0.034023356,0.009355322,0.045771163,6.73829,-0.014950340334093988,-0.02377586425418489,0,0
2008-09-19,0.03491219,0.009185486,0.045436237,7.254874,-0.014732973249316798,-0.02320890570818758,0,0
2008-09-22,-0.02622368,0.0090177115,0.020922529,7.8105726,-0.014509051187272056,-0.022659325249185028,1,1
2008-09-23,-0.022285625,0.00942065,0.017239943,8.303034,-0.015191264755488761,-0.023568849086564498,1,0
2008-09-24,0.0050420277,0.010193732,0.017555848,8.665112,-0.016460900492173837,-0.025428572809724773,0,0
2008-09-25,0.017037602,0.010389297,0.019906314,8.64526,-0.016775493070496434,-0.02592042065670507,0,0
2008-09-26,0.00082372327,0.010270554,0.021424865,8.97439,-0.016602551297714634,-0.025560707322778757,0,0
2008-09-29,-0.08212048,0.010507453,0.036961686,8.503318,-0.016957282683249253,-0.02624466849047965,1,1
2008-09-30,0.043936692,0.011665511,0.028157486,6.0896606,-0.018527633435747436,-0.029895875441722047,0,0
2008-10-01,-0.0004278075,0.0115639325,0.017848093,6.4270678,-0.018430031028420644,-0.029502389744794483,0,0
2008-10-02,-0.03838238,0.011913167,0.027477942,6.4498253,-0.018990650937237393,-0.030384516881187238,1,1
2008-10-03,-0.014556298,0.0126444,0.035385687,6.537964,-0.020172395751554998,-0.0322136101644473,0,0
2008-10-06,-0.050901573,0.013327376,0.056576967,6.6048284,-0.021274373245683598,-0.03392542544698927,1,1
2008-10-07,-0.04614709,0.014022759,0.04483353,6.8876286,-0.02243507003407333,-0.0355753977721731,1,1
2008-10-08,-0.02491635,0.015309518,0.055959888,7.3983636,-0.024577106985340515,-0.03862464899154181,1,0
2008-10-09,-0.07238437,0.016524307,0.06265827,7.63002,-0.026561953583136816,-0.041593112979995385,1,1
2008-10-10,-0.023843657,0.01808528,0.08288001,7.8780484,-0.02910798701097303,-0.04541550864313428,0,0
2008-10-13,0.13202211,0.019324543,0.03906724,7.9280977,-0.03111004759214307,-0.04850530642991534,0,0
2008-10-14,-0.014363794,0.019312298,0.064020954,6.7334094,-0.030860946618770053,-0.049083646026393694,0,0
2008-10-15,-0.104003385,0.017163595,0.05011234,6.73388,-0.027427437360647837,-0.04362231586404329,1,1
2008-10-16,0.040943768,0.01756806,0.06104906,7.1006713,-0.028149766178964183,-0.04446299204131008,0,0
2008-10-17,-0.008002177,0.017934732,0.059319828,6.7418694,-0.028661551131286735,-0.045577858270443736,0,0
2008-10-20,0.059268903,0.019087877,0.035942934,6.6836405,-0.03048997873897267,-0.04854230968333124,0,0
2008-10-21,-0.03205814,0.019397927,0.021628601,6.933495,-0.03104533021848258,-0.049186172640629106,1,0
2008-10-22,-0.060706068,0.019500265,0.064359695,7.004533,-0.03122504412826981,-0.04940592242590433,1,1
2008-10-23,0.013751592,0.020661032,0.05297169,7.326335,-0.03315377679582956,-0.05216490473812815,0,0
2008-10-24,-0.055312343,0.021729967,0.05193136,7.130332,-0.03482543967305351,-0.05497852335809004,1,1
2008-10-27,-0.03675263,0.023311934,0.052534852,7.410205,-0.037426385038707495,-0.058806945647336385,0,0
2008-10-28,0.117416926,0.024718154,0.05833552,7.4955926,-0.03970363262834841,-0.062300401313728215,0,0
2008-10-29,-0.012595638,0.025070969,0.042043075,7.5294194,-0.04027803021377838,-0.06316829783245236,0,0
2008-10-30,0.036541,0.025904607,0.021854695,7.1222,-0.04151365238477339,-0.06554650646405262,0,0
2008-10-31,0.0059624286,0.026476923,0.031983472,7.1552877,-0.04244014861590114,-0.06697051606977485,0,0
2008-11-03,0.002323481,0.026854126,0.016437251,6.9663167,-0.04298879319340386,-0.06806700579067879,0,0
2008-11-04,0.034219533,0.026819233,0.022114724,6.76791,-0.0428687713532542,-0.06813508240722287,0,0
2008-11-05,-0.04615223,0.025815545,0.03439639,6.5402064,-0.04118595878533365,-0.0657673430613079,1,0
2008-11-06,-0.05746547,0.026068617,0.030194508,6.727465,-0.04165551796825269,-0.06626005202727231,1,0
2008-11-07,0.03450023,0.02727157,0.017284412,6.8507924,-0.04361979943788011,-0.06921683633330482,0,0
2008-11-10,-0.015879758,0.027502174,0.041157812,6.890233,-0.044001694833550514,-0.06977024717249845,0,0
2008-11-11,-0.031416196,0.028009657,0.02964866,6.5429015,-0.044687494379571834,-0.07135462735152058,0,0
2008-11-12,-0.04524104,0.027463764,0.041416638,6.652096,-0.043857704241524534,-0.06986975289472111,1,0
2008-11-13,0.06162347,0.027873026,0.06969881,6.7381835,-0.044542653699706135,-0.07083733961304077,0,0
2008-11-14,-0.052293953,0.027635526,0.03264275,6.986219,-0.04424598037319419,-0.07003186275114258,1,0
2008-11-17,-0.012262927,0.028179988,0.027287703,7.1092157,-0.045156145453979474,-0.0713140368089214,0,0
2008-11-18,0.018049981,0.028925551,0.035152737,7.0101905,-0.0463192480584199,-0.07328119641700553,0,0
2008-11-19,-0.064346194,0.029477296,0.034751512,6.8091125,-0.04713270084845221,-0.07485155988195097,1,0
2008-11-20,-0.08237877,0.030394785,0.04713238,6.9225707,-0.04864131310506874,-0.07707987202921758,1,1
2008-11-21,0.056824245,0.031174894,0.047022015,7.080861,-0.04994564256606837,-0.078917730745863,0,0
2008-11-24,0.068319246,0.03133328,0.061777703,7.2520523,-0.05025582792830314,-0.07917196434810947,0,0
2008-11-25,0.006171952,0.031060057,0.03326194,7.3079553,-0.04983497649480484,-0.07843538450685171,0,0
2008-11-26,0.03794649,0.030844577,0.041690595,7.151054,-0.049439724593637296,-0.07802160378403247,0,0
2008-11-28,0.010103931,0.030207563,0.016463533,7.184682,-0.048429358102454786,-0.07638250642590111,0,0
2008-12-01,-0.09299507,0.029927565,0.03695054,7.0166774,-0.04792598682849923,-0.07581423086608441,1,1
2008-12-02,0.03995125,0.030789645,0.020563448,7.306491,-0.049400662618978484,-0.07775371067562198,0,0
2008-12-03,0.0227084,0.031049998,0.037007064,7.2447186,-0.04979915817573658,-0.07846228189003283,0,0
2008-12-04,-0.024476746,0.03121227,0.032498524,7.0765495,-0.05000405337064298,-0.07901610920510832,0,0
2008-12-05,0.029071815,0.031636972,0.04889199,7.019958,-0.050664598357780595,-0.08014165908289053,0,0
2008-12-08,0.03629601,0.03163049,0.03408373,6.9881763,-0.050642842916998616,-0.0801538334332844,0,0
2008-12-09,-0.016999155,0.031289123,0.02207776,6.857881,-0.05004840500676032,-0.07940707481571879,0,0
2008-12-10,0.007001849,0.031205652,0.01877328,6.7384295,-0.049868475603849084,-0.07930674311179316,0,0
2008-12-11,-0.02343747,0.031094223,0.024363993,6.5929756,-0.04963038348966739,-0.0791632957814024,0,0
2008-12-12,0.012493065,0.031170674,0.047130186,6.5219274,-0.04972142000469222,-0.07942819094401653,0,0
2008-12-15,-0.014495067,0.031069905,0.028781876,6.334996,-0.04947393360841845,-0.07936158789665791,0,0
2008-12-16,0.044240136,0.031031372,0.023967575,6.19734,-0.04934320502207601,-0.07940866470129454,0,0
2008-12-17,-0.010739467,0.030524489,0.023613678,6.549096,-0.04870240126179377,-0.07775515429681099,0,0
2008-12-18,-0.01169604,0.030124841,0.028396232,6.439514,-0.048017080940054864,-0.07684349115160163,0,0
2008-12-19,-0.012685159,0.029475123,0.020334011,6.267241,-0.0469026589918257,-0.0753555008804636,0,0
2008-12-22,-0.011412392,0.028430384,0.030044548,6.212722,-0.045214685196345326,-0.0727376653651232,0,0
2008-12-23,-0.014742281,0.02737016,0.016144618,6.268523,-0.04355367856055678,-0.0699727989148627,0,0
2008-12-24,0.0075428267,0.026894111,0.007558801,6.2522826,-0.042789037732105836,-0.06877066119594118,0,0
2008-12-26,0.0046136184,0.02642052,0.0071163354,6.2778215,-0.04204650404584804,-0.06753665353707969,0,0
2008-12-29,0.001724634,0.02590565,0.016550899,6.257396,-0.041218541795891676,-0.06623855404504803,0,0
2008-12-30,0.020185476,0.02576093,0.010176194,6.143037,-0.04093873133320804,-0.06597046328355671,0,0
2008-12-31,0.013141529,0.025009401,0.014748464,6.3422112,-0.03982635603494086,-0.06387525704962999,0,0
2009-01-02,0.027939368,0.023932757,0.024951216,6.1841173,-0.03805029786409559,-0.061254424061818656,0,0
2009-01-05,0.0021586625,0.022345554,0.013437581,6.3940096,-0.03560211894560587,-0.057033198523220106,0,0
2009-01-06,0.0032292816,0.02181543,0.014424852,6.201664,-0.03469045441851598,-0.05582198343529551,0,0
2009-01-07,-0.027510928,0.021232408,0.019064745,6.1163945,-0.03373222319227628,-0.054393409434834575,0,0
2009-01-08,0.0016556295,0.021814454,0.012716316,6.3005576,-0.03472421287078344,-0.05574574034315264,0,0
2009-01-09,-0.02371432,0.021748828,0.02041451,6.1947985,-0.034582032011533204,-0.05565672979275516,0,0
2009-01-12,-0.019960742,0.021967,0.016526666,6.3732514,-0.034992021449183376,-0.056082097769951794,0,0
2009-01-13,0.00057587103,0.022645878,0.013889315,6.3418775,-0.03606243216907344,-0.05783895276411534,0,0
2009-01-14,-0.03366336,0.022703696,0.028182985,6.223006,-0.03611105262756448,-0.058078188524619045,0,0
2009-01-15,-0.00059559266,0.023402924,0.030437928,6.1089034,-0.037177460319376805,-0.05996005296381737,0,0
2009-01-16,0.010961449,0.023625731,0.025986712,5.9577217,-0.0374845886438963,-0.060623110229532456,0,0
2009-01-20,-0.05138634,0.023522558,0.046839423,5.903018,-0.0373208915379766,-0.060358366022501095,1,0
2009-01-21,0.037441596,0.024528055,0.023674807,5.462507,-0.03891621352476505,-0.06293844984242641,0,0
2009-01-22,-0.013536077,0.02456411,0.030054945,5.673219,-0.03897341901615428,-0.0630309671925078,0,0
2009-01-23,-0.0024257137,0.024563346,0.031561647,5.5549307,-0.03897220649862088,-0.06302900621102868,0,0
2009-01-26,0.008765358,0.024609761,0.03256093,5.357304,-0.039045851556089826,-0.0631481109577611,0,0
2009-01-27,0.010179728,0.024241624,0.013005826,5.2716827,-0.03846176557270193,-0.06220347983773372,0,0
2009-01-28,0.03770723,0.02365715,0.02194415,5.1966276,-0.03753443940206801,-0.06070373290986595,0,0
2009-01-29,-0.033545513,0.022758551,0.015573725,5.2936525,-0.03610871785283201,-0.058397940642621014,0,0
2009-01-30,-0.02432187,0.022663629,0.021922864,5.4538555,-0.035958115936273044,-0.058154375035564,0,0
2009-02-02,-0.0015209129,0.023017038,0.018298293,5.5043902,-0.03651883471609189,-0.05906121482296718,0,0
2009-02-03,0.012403728,0.023284981,0.018915908,5.220447,-0.03694395422166801,-0.05974875249056974,0,0
2009-02-04,-0.002106848,0.022902656,0.01978007,5.1766543,-0.03633735884562275,-0.058767717359143684,0,0
2009-02-05,0.012872502,0.02287754,0.026353694,5.076843,-0.03629750864251011,-0.05870326838575577,0,0
2009-02-06,0.0319067,0.022688955,0.01882629,5.099034,-0.03599829912927546,-0.058219362547149156,0,0
2009-02-09,-0.0031741478,0.022399172,0.01645508,5.357252,-0.035538530577886675,-0.05747578763865264,0,0
2009-02-10,-0.04492481,0.02164331,0.027806085,5.2722116,-0.03433927834824728,-0.05553625988229615,1,0
2009-02-11,0.005426604,0.02181966,0.013807208,5.477596,-0.03461907672258154,-0.0559887724562089,0,0
2009-02-12,0.0047990493,0.021612458,0.026703866,5.3983502,-0.034290328834451135,-0.05545709476730086,0,0
2009-02-13,-0.018726008,0.021252213,0.014722737,5.365471,-0.03371876254702752,-0.05453271151275475,0,0
2009-02-17,-0.042983882,0.02120849,0.019202193,5.516979,-0.033649392066295726,-0.05442051995744569,1,0
2009-02-18,-0.007667769,0.021488853,0.016802156,5.8364177,-0.034094215886653435,-0.05513992503750273,0,0
2009-02-19,0.0,0.021695154,0.019562118,5.767418,-0.034421534089931025,-0.055669290524368246,0,0
2009-02-20,-0.012911735,0.021634113,0.023856018,5.6856112,-0.03432468470438259,-0.0555126578604342,0,0
2009-02-23,-0.032356735,0.022085223,0.03816819,5.6812134,-0.03504041751679985,-0.056670198886007925,0,0
2009-02-24,0.0313816,0.022722533,0.021932391,5.997347,-0.03605157389218328,-0.0583055228050326,0,0
2009-02-25,-0.009475647,0.022159638,0.025381558,6.350979,-0.03529126244876472,-0.056590334381066774,0,0
2009-02-26,-0.012553848,0.021734605,0.025541645,6.278476,-0.034589412746436954,-0.055557945041053144,0,0
2009-02-27,-0.023886753,0.021725036,0.020248836,6.0811005,-0.034501249435113686,-0.05568261499893912,0,0
2009-03-02,-0.039942797,0.02181684,0.026419,6.3896275,-0.03475829122878958,-0.055686907398633974,1,0
2009-03-03,-0.022940073,0.022545561,0.022842033,6.802797,-0.036047442918022046,-0.05725409003684707,0,0
2009-03-04,0.027183361,0.022999078,0.039410368,7.033378,-0.0368350171526621,-0.05825171995585332,0,0
2009-03-05,-0.032272432,0.022507802,0.029506058,7.135728,-0.036073328547872714,-0.05694315610628235,0,0
2009-03-06,0.0025477721,0.022908056,0.03468824,7.48676,-0.03679430624469811,-0.057743295327703996,0,0
2009-03-09,-0.017232323,0.023005625,0.021979231,7.3645706,-0.036924589649385775,-0.0580614798376702,0,0
2009-03-10,0.05748709,0.02320875,0.032546952,7.0029087,-0.03716287563770098,-0.0588028218621703,0,0
2009-03-11,0.0062652486,0.022128372,0.019646004,7.234436,-0.03548800147692108,-0.05592375405509439,0,0
2009-03-12,0.042125795,0.021670617,0.031221518,7.154516,-0.0347358920306065,-0.054813943600544805,0,0
2009-03-13,0.008282307,0.021319356,0.016916199,7.5054827,-0.03424622222268681,-0.0537286449758176,0,0
2009-03-16,-0.000660066,0.02124987,0.022865584,7.3815002,-0.03411001786656958,-0.053620950895873876,0,0
2009-03-17,0.023492107,0.021509072,0.022716383,6.897071,-0.034414869514024254,-0.05456205030402093,0,0
2009-03-18,0.020744322,0.021104708,0.032861557,6.822333,-0.033748806101955846,-0.05358278248543078,0,0
2009-03-19,-0.01463596,0.020779427,0.019989321,6.811495,-0.033225862757513394,-0.052763626160928515,0,0
2009-03-20,-0.020726131,0.021257637,0.01776226,6.685419,-0.03395633628008392,-0.05405905411750455,0,0
2009-03-23,0.067377254,0.022096617,0.02963041,6.9238405,-0.03536193795742751,-0.05603526071923004,0,0
2009-03-24,-0.016967861,0.02163311,0.011998414,6.8494844,-0.034600957848268755,-0.05490692557262638,0,0
2009-03-25,0.0058942316,0.0216235,0.03182404,6.8653297,-0.03458974023250921,-0.05487244068535384,0,0
2009-03-26,0.02323553,0.021331254,0.013325522,6.7455044,-0.03409053337783936,-0.05420714925270055,0,0
2009-03-27,-0.013692592,0.02088599,0.015701996,6.882369,-0.03341426527280449,-0.052990458885014906,0,0
2009-03-30,-0.03968651,0.02101209,0.027669104,6.5289063,-0.03351919893687837,-0.05353770292786534,1,0
2009-03-31,0.013299753,0.021738423,0.018786566,6.9402394,-0.03479287619844082,-0.0551165875384525,0,0
2009-04-01,0.018080292,0.021752562,0.023689903,6.916227,-0.034809389143758585,-0.05516757507135921,0,0
2009-04-02,0.031922456,0.021462353,0.022347627,6.978323,-0.03436046005794473,-0.05439312337461655,0,0
2009-04-03,0.0059666047,0.021184698,0.018034384,7.303597,-0.03398933107863957,-0.05349976641814748,0,0
2009-04-06,-0.011969023,0.020771049,0.023792775,7.1732545,-0.03329806817856366,-0.052527910088308705,0,0
2009-04-07,-0.020067563,0.02070181,0.01504106,7.0985007,-0.03317057471145047,-0.052395454948468076,0,0
2009-04-08,0.010388116,0.02076238,0.0191591,7.2258344,-0.033295489036928305,-0.052476372059900835,0,0
2009-04-09,0.035824727,0.020559115,0.016406685,7.0098286,-0.03292176839339223,-0.05208552857468613,0,0
2009-04-13,0.0017579846,0.020050477,0.01595002,7.3904424,-0.032186482805768954,-0.050589807349635425,0,0
2009-04-14,-0.016231727,0.019753722,0.015074139,7.219726,-0.0316767194533066,-0.04993026734603342,0,0
2009-04-15,0.009770618,0.019554213,0.013871693,7.046565,-0.03132063487130745,-0.04951934203702798,0,0
2009-04-16,0.015204972,0.019207904,0.020044316,6.998262,-0.030755531315572564,-0.04866862180025344,0,0
2009-04-17,0.0060755285,0.01859387,0.014471481,7.0211024,-0.029777138401402233,-0.047100730221526534,0,0
2009-04-20,-0.039716944,0.018039132,0.019375786,6.9372945,-0.028871451658355633,-0.045738772480697194,1,0
2009-04-21,0.01755214,0.018489435,0.018162511,7.1550446,-0.02963687039280906,-0.04676715293820409,0,0
2009-04-22,-0.01276171,0.018157987,0.017945167,7.2309623,-0.02911991724952456,-0.045891323974659344,0,0
2009-04-23,0.013940608,0.018108103,0.012659905,7.1958003,-0.029033359607847545,-0.045782469075176774,0,0
2009-04-24,0.02069743,0.017868893,0.018373959,7.186834,-0.028648159403533043,-0.04518203384132465,0,0
2009-04-27,-0.011315948,0.017714284,0.014971504,7.381664,-0.028434769955941134,-0.044699341841970004,0,0
2009-04-28,-0.0058531044,0.017832676,0.018987676,7.3407187,-0.028617755673973108,-0.04501714130687661,0,0
2009-04-29,0.02005007,0.017665463,0.020464413,7.214944,-0.028327155535027394,-0.044654186004372,0,0
2009-04-30,0.0011500864,0.017095486,0.018136488,7.299878,-0.027427853031543575,-0.043174566969980864,0,0
2009-05-01,0.0068728793,0.01696888,0.010621431,7.155091,-0.027199567111156786,-0.04292103964284783,0,0
2009-05-04,0.03007957,0.016711337,0.013110816,7.0804186,-0.026773339488498298,-0.04230414864715737,0,0
2009-05-05,0.00083044986,0.016135616,0.00902817,7.3448067,-0.025894968155686857,-0.04073132263601365,0,0
2009-05-06,0.015103953,0.015804008,0.018732237,7.0552344,-0.025315325724001175,-0.04001842370299698,0,0
2009-05-07,-0.011237613,0.015171256,0.02345547,7.1983,-0.024325004350395692,-0.03835625191673248,0,0
2009-05-08,0.019380981,0.015046861,0.014985674,7.3079796,-0.024142263194161608,-0.03799754838719115,0,0
2009-05-11,-0.017178336,0.014515343,0.010560203,7.57509,-0.023325689150440025,-0.036556029162653866,0,0
2009-05-12,-0.002478316,0.014322464,0.016554441,7.898552,-0.02305407744316748,-0.03595960672630687,0,0
2009-05-13,-0.023996687,0.014289846,0.019256353,7.8675346,-0.022998115310195532,-0.035887941298972166,1,0
2009-05-14,0.004789416,0.014492081,0.013986951,8.255378,-0.023364564287406634,-0.036271262039486094,0,0
2009-05-15,-0.0073343064,0.014156465,0.014134851,8.255059,-0.022823444914528986,-0.03543136870744194,0,0
2009-05-18,0.02681725,0.014190991,0.020241065,8.320473,-0.022885315482444796,-0.035498241123762084,0,0
2009-05-19,-0.0005514199,0.013506538,0.009484222,8.829291,-0.021823030399917443,-0.03365028506044686,0,0
2009-05-20,-0.0071962667,0.0131006865,0.018394861,8.520201,-0.021143693591361236,-0.03271740793525569,0,0
2009-05-21,-0.012578783,0.012917811,0.016751658,8.613323,-0.02085581794422921,-0.032236899212807535,0,0
2009-05-22,-0.0042283363,0.013258873,0.010821224,8.708898,-0.021413873024683762,-0.0330634702863342,0,0
2009-05-26,0.026482385,0.013478273,0.021525221,8.743457,-0.021770882187184683,-0.033601686904504345,0,0
2009-05-27,-0.018043514,0.013085577,0.014990546,9.295499,-0.02117404450149326,-0.03249294474292703,0,0
2009-05-28,0.01390843,0.013189109,0.015378853,9.735231,-0.021367202201063137,-0.03265606589198161,0,0
2009-05-29,0.014262447,0.013052454,0.017601356,9.997784,-0.02115941204490886,-0.03226596824701966,0,0
2009-06-01,0.022618089,0.012655979,0.019681845,10.2842865,-0.02051679076477243,-0.03128545985374382,0,0
2009-06-02,0.0037204402,0.012290508,0.010639055,10.793884,-0.019924319508964564,-0.030382017600002056,0,0
2009-06-03,-0.011471381,0.012137791,0.016017709,10.670152,-0.019676749360259843,-0.030004505052494586,0,0
2009-06-04,0.00934711,0.012464222,0.008502227,10.81716,-0.02020592958252426,-0.030811436642764294,0,0
2009-06-05,0.0,0.012464209,0.018136121,10.576923,-0.020205911014678706,-0.03081140832919453,0,0
2009-06-08,-0.0018624456,0.012378833,0.015857475,9.730548,-0.02005426418277099,-0.030650732211374706,0,0
2009-06-09,0.0007986158,0.012265766,0.009571989,9.686431,-0.019868838371639733,-0.03037919873980513,0,0
2009-06-10,0.0010638299,0.011907205,0.021025682,9.620412,-0.01928469309490229,-0.029503513243126923,0,0
2009-06-11,0.0015936259,0.012320087,0.014678265,9.378442,-0.019940162009662275,-0.030574987593921677,0,0
2009-06-12,0.0029150676,0.012283358,0.0082805995,9.350402,-0.019879120124300938,-0.030489586277004696,0,0
2009-06-15,-0.022749543,0.012095708,0.012417483,9.227534,-0.019568386484627123,-0.0300490164802507,1,0
2009-06-16,-0.017201789,0.0123974895,0.011490217,9.663658,-0.020081025455160287,-0.03070987128703643,0,0
2009-06-17,-0.0027578617,0.012779922,0.011544735,10.169823,-0.020717716797464186,-0.031591846140050506,0,0
2009-06-18,0.008798517,0.012985522,0.010158888,9.969626,-0.021049505692682505,-0.032105903075614305,0,0
2009-06-19,0.002733736,0.013008673,0.009142809,10.064806,-0.02108854705688793,-0.032157314459475735,0,0
2009-06-22,-0.030208753,0.012751833,0.016927062,9.727798,-0.020658394457375245,-0.0315748441338196,1,0
2009-06-23,0.0019676746,0.013038574,0.008081779,9.903603,-0.021132158206596252,-0.03224988921310696,0,0
2009-06-24,0.008667747,0.01296437,0.013403005,9.714841,-0.021002014869014932,-0.03210371667968623,0,0
2009-06-25,0.020391999,0.012557481,0.01663946,9.681105,-0.020341098091877112,-0.031102753398434737,0,0
2009-06-26,-0.0027314958,0.012020655,0.007866141,9.676991,-0.019471315638278294,-0.029773896121586856,0,0
2009-06-29,0.007900872,0.011684551,0.0116651915,9.497363,-0.01891782594157015,-0.02897490543153819,0,0
2009-06-30,-0.0062610796,0.01124749,0.013269382,9.465308,-0.01820859430046414,-0.02789697512275801,0,0
2009-07-01,0.004087756,0.011219579,0.011037606,9.369455,-0.018158515271326975,-0.02784551670412982,0,0
2009-07-02,-0.028691623,0.011063463,0.011219585,8.995622,-0.017885535304775223,-0.027529804699465976,1,1
2009-07-06,0.0025157246,0.011418563,0.011068588,9.367755,-0.018480474851116726,-0.02833969328217779,0,0
2009-07-07,-0.01831295,0.0114407,0.014243726,9.168885,-0.01850543976446034,-0.028433394347386502,0,0
2009-07-08,-0.0062749777,0.011776142,0.014185103,9.468783,-0.019064613756051643,-0.029207512925191442,0,0
2009-07-09,0.005990604,0.012041287,0.007886321,9.156805,-0.01947617641922762,-0.029928556582656852,0,0
2009-07-10,-0.005418522,0.011858758,0.00873421,8.792394,-0.019158217755832735,-0.029553201862978183,0,0
2009-07-13,0.024015846,0.011818494,0.021374911,8.669844,-0.01908490318514369,-0.02948050954867806,0,0
2009-07-14,0.0066778213,0.0111991055,0.008045514,9.099265,-0.01811077295631214,-0.02784662385577193,0,0
2009-07-15,0.028163174,0.011693983,0.012465862,8.948422,-0.018901951818798987,-0.02910876839415619,0,0
2009-07-16,0.00912513,0.01156753,0.013434899,9.350534,-0.01872064880938538,-0.02871274511016743,0,0
2009-07-17,0.0013349354,0.0114333695,0.008060774,8.951226,-0.01848086941361456,-0.028459461367991767,0,0
2009-07-20,0.012725516,0.01139441,0.008542059,8.706797,-0.01840251731864575,-0.028414545696907004,0,0
2009-07-21,0.0047306265,0.011209539,0.011916753,8.837191,-0.018112170184010925,-0.027925873487410057,0,0
2009-07-22,-0.0042038946,0.01103544,0.009750798,8.709452,-0.017822930733036396,-0.02751880829768206,0,0
2009-07-23,0.020329082,0.010738591,0.016373258,8.502048,-0.01733021544513366,-0.026822258233716128,0,0
2009-07-24,0.008989402,0.010370187,0.0088263415,8.93665,-0.01676154095315955,-0.025815787937613723,0,0
2009-07-27,0.0022985581,0.010161141,0.010693616,8.630161,-0.01640618569926617,-0.025354176855391077,0,0
2009-07-28,-0.004089985,0.010148377,0.011142987,8.456373,-0.016374823340317517,-0.0253574061441682,0,0
2009-07-29,-0.0010251154,0.010366071,0.008746373,8.172156,-0.016706559321580952,-0.025963011837810253,0,0
2009-07-30,0.0074083875,0.010518224,0.013771648,7.7233963,-0.016915811976748973,-0.026451494655857742,0,0
2009-07-31,0.0022880395,0.010408713,0.008683996,7.5297937,-0.016722262705746452,-0.026225481134605582,0,0
2009-08-03,0.0163711,0.010419626,0.007821678,7.2322745,-0.01671006653166831,-0.026333520728076525,0,0
2009-08-04,0.0039890353,0.010208124,0.008773423,7.6705427,-0.01641256462529446,-0.02568465321762453,0,0
2009-08-05,-0.0039890353,0.010080727,0.010542485,7.490987,-0.016191783828223186,-0.02540895157101708,0,0
2009-08-06,-0.005762261,0.009952724,0.012317326,7.0582366,-0.015942894999788997,-0.025201140265958887,0,0
2009-08-07,0.011491508,0.010029514,0.016815212,7.1230054,-0.016072971587274106,-0.02537748737438641,0,0
2009-08-10,0.0009930488,0.009797124,0.0066097374,7.2234335,-0.015710868012435923,-0.024762607571049783,0,0
2009-08-11,-0.01449663,0.0096997,0.011807588,7.1010294,-0.015542125654114286,-0.024548872464723398,0,0
2009-08-12,0.009272087,0.010409197,0.017006522,7.323045,-0.016702806872690303,-0.026282005912120338,0,0
2009-08-13,0.011162214,0.010578365,0.009935097,7.5032363,-0.01699227845931654,-0.026659998548071072,0,0
2009-08-14,-0.007676155,0.010513385,0.015938157,7.8073235,-0.016915241827139597,-0.026418393401875843,0,0
2009-08-17,-0.027723549,0.010633721,0.01249169,8.038251,-0.017127723104759546,-0.02666460713250351,1,1
2009-08-18,0.011434504,0.011106861,0.0068775224,8.137805,-0.01789777645092232,-0.027826677005936676,0,0
2009-08-19,0.007551005,0.011113274,0.015034449,8.300955,-0.01792055067749668,-0.0278039878783496,0,0
2009-08-20,0.007743263,0.010902659,0.008140007,8.406614,-0.017588445422704952,-0.027253162876191315,0,0
2009-08-21,0.02019773,0.010714467,0.01711601,8.638461,-0.01730011080612241,-0.026733106926577207,0,0
2009-08-24,-0.0007317966,0.010536156,0.0094520245,9.402963,-0.017054039442946645,-0.026143479331690617,0,0
2009-08-25,0.001463058,0.010489998,0.013542245,9.324579,-0.016975520595211135,-0.026042681011154548,0,0
2009-08-26,0.0007307271,0.0105541665,0.008074379,9.0656,-0.017066000709527927,-0.026249272759880742,0,0
2009-08-27,0.002431908,0.010718527,0.012299887,9.163083,-0.017337012455508168,-0.026639672884898984,0,0
2009-08-28,-0.0017017142,0.010645752,0.0114463745,9.222995,-0.017222419603281497,-0.026447763190666815,0,0
2009-08-31,-0.0075711682,0.010707796,0.011574919,9.177596,-0.01732042012436015,-0.026610299389247666,0,0
2009-09-01,-0.02306364,0.010842171,0.01698184,9.436998,-0.017551041243264762,-0.026896706669592374,1,0
2009-09-02,-0.0022604556,0.011303927,0.006988798,10.178436,-0.01832495956448439,-0.027943199955059554,0,0
2009-09-03,0.0075150654,0.011603104,0.007847482,10.296536,-0.018809960130236402,-0.028682763267024042,0,0
2009-09-04,0.012154435,0.011323417,0.008395356,9.909779,-0.018352606646223436,-0.028006536312245242,0,0
2009-09-08,0.010789707,0.010904675,0.0074471966,10.661718,-0.017677726668185352,-0.026956253262209632,0,0
2009-09-09,0.007290433,0.01125709,0.011030563,10.919947,-0.018249030580063764,-0.027827418046423736,0,0
2009-09-10,0.008918946,0.011139373,0.009806465,10.447076,-0.01805819870340854,-0.02753642404622354,0,0
2009-09-11,-0.0002400096,0.010775503,0.006946657,11.071311,-0.017468323570006057,-0.026636940544326557,0,0
2009-09-14,0.006221604,0.0107413465,0.010646925,11.066368,-0.01741295256658358,-0.026552506905338058,0,0
2009-09-15,-0.0019102202,0.0105425,0.009158045,11.539396,-0.017090599575924587,-0.026060960168637296,0,0
2009-09-16,0.01659199,0.010482547,0.007851139,10.322391,-0.016993408720360786,-0.025912756648664124,0,0
2009-09-17,-0.0007054674,0.010138836,0.010131902,11.132517,-0.01643621299513009,-0.025063105029546687,0,0
2009-09-18,-0.0016480286,0.010040892,0.007736408,9.9791975,-0.01627663697460771,-0.024824068667308047,0,0
2009-09-21,-0.00047136462,0.010154075,0.0074893655,9.289512,-0.016430232320930716,-0.025214729506473958,0,0
2009-09-22,0.0063447515,0.010165133,0.004899795,8.583383,-0.016409796628240558,-0.025373463489570647,0,0
2009-09-23,-0.00776018,0.0100087505,0.012721377,8.492953,-0.01615181809899752,-0.025001134819888228,0,0
2009-09-24,-0.014026143,0.0100042205,0.012954715,8.6919365,-0.01615643670467165,-0.024950650054453186,0,0
2009-09-25,-0.0031171348,0.010130152,0.008804263,9.800735,-0.016414206804088678,-0.02507191262897699,0,0
2009-09-28,0.017143277,0.010192929,0.013852012,9.9600115,-0.01652234015130919,-0.025202839981185558,0,0
2009-09-29,-0.0040212944,0.009913949,0.007911806,11.441966,-0.01607164685160126,-0.024507188678974497,0,0
2009-09-30,-0.0016605388,0.009824927,0.014578189,11.385002,-0.015927330804026096,-0.024287125318947646,0,0
2009-10-01,-0.024514565,0.00987115,0.0147417085,10.078184,-0.016002265564716706,-0.0244013911646208,1,1
2009-10-02,-0.005611824,0.01025585,0.0104452055,10.822964,-0.016625907169248756,-0.025352364180108795,0,0
2009-10-05,0.0143328095,0.0104003325,0.00954583,9.857403,-0.01685435306917002,-0.02573164056335142,0,0
2009-10-06,0.011510919,0.010190608,0.012540422,10.786386,-0.016520143032997738,-0.025191087512788656,0,0
2009-10-07,0.004757383,0.009918542,0.005593652,9.706398,-0.016067486769915967,-0.02456262438376072,0,0
2009-10-08,0.009682447,0.009674198,0.007139051,8.591684,-0.015617752553144721,-0.024146447224813343,0,0
2009-10-09,0.00398734,0.0094886655,0.006044229,8.683762,-0.015323385460528083,-0.023666344074443915,0,0
2009-10-12,0.0032717953,0.009282996,0.006051694,7.551943,-0.0149155683651227,-0.023384017246817056,0,0
2009-10-13,-0.0025697947,0.009071228,0.0073285154,7.4621325,-0.014567905938200157,-0.02287110680079203,0,0
2009-10-14,0.017621601,0.009349082,0.0070085456,8.700929,-0.015098896678597795,-0.02331510679940741,0,0
2009-10-15,0.0018369695,0.009381333,0.00819501,9.440495,-0.01518642122158051,-0.023272195329797456,0,0
2009-10-16,-0.007137132,0.009266075,0.01072149,13.175056,-0.015021368483845492,-0.02290564962316383,0,0
2009-10-19,0.008283527,0.009318753,0.011837746,11.51508,-0.015106765381511757,-0.023035868878416924,0,0
2009-10-20,-0.0013758314,0.0091717485,0.011022516,12.54793,-0.014868453835793723,-0.0226724745063767,0,0
2009-10-21,-0.010611403,0.009091915,0.015718246,10.728988,-0.014739034264309264,-0.022475126351180912,0,0
2009-10-22,0.01175806,0.009050875,0.011840897,10.351777,-0.014672503985709942,-0.022373676256765986,0,0
2009-10-23,-0.012686135,0.00881359,0.013430129,9.503641,-0.014269853035413229,-0.021854706323231634,0,0
2009-10-26,-0.009797139,0.008810114,0.016963031,10.180722,-0.014282204496231786,-0.021778519872465794,0,0
2009-10-27,-0.005641764,0.0089097945,0.0077838525,9.164389,-0.014411479089148315,-0.022144071756393,0,0
2009-10-28,-0.02096313,0.008961672,0.010282292,8.50652,-0.014462827266409448,-0.022383167095863014,1,0
2009-10-29,0.021905638,0.009463737,0.011952088,40.444294,-0.015341800546482817,-0.023394267192374762,0,0
2009-10-30,-0.027215812,0.009241163,0.014966567,62.173767,-0.014980983419769561,-0.022844067608933427,1,1
2009-11-02,0.005791522,0.009878686,0.015322178,43.956028,-0.016014479831118103,-0.02442001634560183,0,0
2009-11-03,0.0026432793,0.010146938,0.011859661,51.052742,-0.01644934890186526,-0.025083135593172226,0,0
2009-11-04,0.0050269407,0.010295471,0.011542647,51.53448,-0.01669013672298557,-0.025450305965834228,0,0
2009-11-05,0.015401323,0.0102496045,0.013717593,34.849453,-0.016615782629464955,-0.02533692556270633,0,0
2009-11-06,0.0028175646,0.009827897,0.010513584,25.704044,-0.01593214662796794,-0.02429446882935932,0,0
2009-11-09,0.023634093,0.009502504,0.009432951,25.850824,-0.015404647639718974,-0.023490100904133438,0,0
2009-11-10,0.00022896394,0.009002683,0.0061577344,23.575296,-0.014594378931556283,-0.022254545625015696,0,0
2009-11-11,0.0038843874,0.0091894055,0.007298493,22.357311,-0.014897078701691303,-0.02271612373510477,0,0
2009-11-12,-0.008243692,0.009241391,0.010897639,16.889671,-0.014981353088694645,-0.02284463130636776,0,0
2009-11-13,0.0039013245,0.009522146,0.008292369,12.361915,-0.015436488118868996,-0.02353865352835196,0,0
2009-11-16,0.01342302,0.009523286,0.011005655,10.432589,-0.015438336463494415,-0.023541472015523632,0,0
2009-11-17,0.0011293056,0.009435147,0.005718969,8.993228,-0.0152530309535183,-0.023478385707136524,0,0
2009-11-18,0.0009025271,0.009390603,0.0063702096,9.157785,-0.01518887407949905,-0.023340135076145272,0,0
2009-11-19,-0.012938553,0.0091457125,0.012439458,8.937235,-0.014782427200581606,-0.022767455315332044,0,0
2009-11-20,-0.0038915009,0.009128607,0.0071098977,8.125285,-0.014709176845893266,-0.022872933905169483,0,0
2009-11-23,0.012535777,0.008995646,0.012089968,8.602981,-0.014522923717647315,-0.02245080689972032,0,0
2009-11-24,-0.00067973265,0.008622946,0.007701813,8.140544,-0.013895323725345271,-0.02160306561643902,0,0
2009-11-25,0.005424968,0.008444196,0.0047566458,8.195786,-0.0136105399383708,-0.02114515435621849,0,0
2009-11-27,-0.017739832,0.008274276,0.026591081,8.472096,-0.013351700167498603,-0.02067202057605868,1,0
2009-11-30,0.0048071514,0.008558863,0.008550426,8.02939,-0.013785193399469705,-0.021463483574672447,0,0
2009-12-01,0.012481723,0.008654766,0.008801098,8.174605,-0.013948668203612805,-0.02167639324083015,0,0
2009-12-02,-0.00045116176,0.008440291,0.0071661198,36.094475,-0.013682677459114103,-0.02086431846221481,0,0
2009-12-03,-0.0090662455,0.0082742255,0.011175596,30.868822,-0.013413466486418349,-0.020453806449150777,0,0
2009-12-04,0.0090662455,0.00833467,0.014026537,27.289509,-0.013511454915347913,-0.02060322616564323,0,0
2009-12-07,-0.0038431154,0.008197888,0.007299953,23.904274,-0.013289714327792194,-0.020265100367634344,0,0
2009-12-08,-0.012535777,0.008124497,0.009596766,19.058807,-0.01317073916943082,-0.02008367859542918,0,0
2009-12-09,0.005033184,0.009031261,0.0074713556,17.94818,-0.014640709082180821,-0.022325193129491425,0,0
2009-12-10,0.005915831,0.0093239825,0.007907573,16.766413,-0.015115242446999294,-0.023048795309993313,0,0
2009-12-11,0.0054298774,0.009370991,0.005041456,17.58675,-0.015191449949103205,-0.02316500192217555,0,0
2009-12-14,0.0049516195,0.009395083,0.007906821,15.409647,-0.015230506568229177,-0.02322455822918759,0,0
2009-12-15,-0.00856826,0.009311512,0.006447199,15.309196,-0.015095027127150879,-0.02301796955440613,0,0
2009-12-16,0.0015838899,0.009224365,0.0056350324,15.552604,-0.01495375283027435,-0.022802544471898323,0,0
2009-12-17,-0.010454641,0.008925652,0.008007358,15.787416,-0.014469503418274222,-0.02206412657252872,0,0
2009-12-18,0.0031934334,0.008905223,0.00898023,16.961367,-0.01443638513375302,-0.022013625459918456,0,0
2009-12-21,0.009519564,0.008806751,0.009289144,16.517115,-0.014276752301583292,-0.021770205978799577,0,0
2009-12-22,0.004726013,0.008571864,0.004345889,17.324745,-0.013895973052915511,-0.02118956673390417,0,0
2009-12-23,0.0017945272,0.008353304,0.005459441,17.28542,-0.013541662268082325,-0.020649288482703216,0,0
2009-12-24,0.005810072,0.008218812,0.0031518522,16.232277,-0.013323635249637037,-0.020316825398646553,0,0
2009-12-28,0.00089086866,0.008079438,0.005338283,17.185242,-0.013097693265028654,-0.019972293011988995,0,0
2009-12-29,-0.0011137099,0.007956454,0.0049999934,17.709078,-0.0128983218674054,-0.019668277343659578,0,0
2009-12-30,0.00022284122,0.0079269195,0.005995503,18.399693,-0.012850443833656196,-0.019595269517050127,0,0
2009-12-31,-0.010077344,0.007985433,0.0076603806,16.007517,-0.012945300204638304,-0.01973991324911606,0,0
2010-01-04,0.016075363,0.008113725,0.0062526064,17.425112,-0.013153276954682,-0.020057050970049305,0,0
2010-01-05,0.0030959777,0.007971413,0.0045666043,15.500161,-0.01292257400567545,-0.01970525872670891,0,0
2010-01-06,0.0006621786,0.0078078615,0.0051269643,16.525757,-0.012657437831085413,-0.019300960255226995,0,0
2010-01-07,0.00396389,0.007590206,0.0069078864,17.285032,-0.012304593062057867,-0.018762917489056723,0,0
2010-01-08,0.0035103152,0.0074255206,0.0062746117,14.324685,-0.012037618670758166,-0.018355815974168455,0,0
2010-01-11,0.0008756568,0.0072434745,0.0063286605,15.347606,-0.011742501333552261,-0.01790580009638546,0,0
2010-01-12,-0.0074676387,0.007613671,0.00863242,12.958255,-0.012342632669643368,-0.01882092298463412,0,0
2010-01-13,0.0065919817,0.007838659,0.009126323,12.46925,-0.012707363391803232,-0.01937709029639283,0,0
2010-01-14,0.0032797668,0.0078579085,0.0050165686,14.157499,-0.012738569188232561,-0.019424675111317697,0,0
2010-01-15,-0.01141615,0.007774404,0.009392542,11.459966,-0.012603198622248638,-0.019218252457013477,0,0
2010-01-19,0.011852641,0.007866296,0.010404697,13.48261,-0.012752166759127595,-0.01944540965324593,0,0
2010-01-20,-0.010308239,0.0076898253,0.01179014,15.062371,-0.01246608689874771,-0.01900917476205393,0,0
2010-01-21,-0.020490695,0.0076011964,0.012774387,20.507414,-0.012322409753858137,-0.018790085646222948,1,1
2010-01-22,-0.018165804,0.00782316,0.015710877,16.245106,-0.01268223772079925,-0.01933877688858428,1,0
2010-01-25,0.0013739411,0.008362023,0.008503033,17.84552,-0.013555796618512412,-0.020670841544193637,0,0
2010-01-26,-0.0048170756,0.008472236,0.011704464,19.067102,-0.013734464024352036,-0.020943286295258975,0,0
2010-01-27,0.0066460655,0.008585975,0.010832136,19.783718,-0.013918847794642784,-0.021224447764869408,0,0
2010-01-28,-0.014031283,0.008466207,0.01687573,20.748411,-0.013724691429640746,-0.02092838434870153,1,0
2010-01-29,-0.008140527,0.008498235,0.016432874,19.67986,-0.013776611345769461,-0.021007555524655795,0,0
2010-02-01,0.014605569,0.008669386,0.007727096,16.224817,-0.014054066441890372,-0.021430638762693764,0,0
2010-02-02,0.010075652,0.008373622,0.0108854,14.866955,-0.013574599938105884,-0.02069951418149853,0,0
2010-02-03,-0.00068376074,0.008075666,0.006287661,17.29964,-0.013091578535891138,-0.019962968838674485,0,0
2010-02-04,-0.0322048,0.007982897,0.01608319,16.700714,-0.012941189114834462,-0.01973364436737486,1,1
2010-02-05,-0.001885459,0.008715732,0.016244713,13.646256,-0.014129199540931196,-0.021545207048771185,0,0
2010-02-08,-0.0035448459,0.009094215,0.0097140735,13.109021,-0.014742763025293327,-0.02248081223078112,0,0
2010-02-09,0.009659635,0.009285517,0.013904408,10.717177,-0.01505288655767729,-0.02295371062085286,0,0
2010-02-10,-0.0028175646,0.009247867,0.010627776,11.772619,-0.014991852361361406,-0.022860641343087223,0,0
2010-02-11,0.012384783,0.0092412075,0.011282472,11.366199,-0.01498105600316581,-0.022844178289251584,0,0
2010-02-12,0.0023196484,0.009111793,0.012956916,12.541051,-0.014771259604258003,-0.02252426583848175,0,0
2010-02-16,0.013120225,0.00906786,0.0098776845,12.982821,-0.014700040100663784,-0.022415665280721704,0,0
2010-02-17,0.00570062,0.008753191,0.0032939105,12.694059,-0.01418992399182355,-0.02163780400471399,0,0
2010-02-18,0.0054421904,0.008456971,0.0082243355,12.842674,-0.013709717306195916,-0.020905550741669644,0,0
2010-02-19,0.000678196,0.008132848,0.011866156,13.158792,-0.013184277660817279,-0.020104323048726357,0,0
2010-02-22,0.0011293056,0.007900444,0.005842144,13.6657,-0.012807524258662398,-0.019529822700547334,0,0
2010-02-23,-0.009298174,0.0077095204,0.013356909,13.112789,-0.012498015153167615,-0.019057861232238595,0,0
2010-02-24,0.005679897,0.0077506034,0.007444515,12.025714,-0.012564615483184246,-0.019159418146030345,0,0
2010-02-25,-0.0011334014,0.007630913,0.012273678,10.783147,-0.012370584029143195,-0.018863545202968134,0,0
2010-02-26,0.0011334014,0.0075415284,0.007330541,10.765866,-0.01222568140644718,-0.018642587391532916,0,0
2010-03-01,0.009918927,0.0073904605,0.005096775,10.493923,-0.01198078249552303,-0.018269148137129716,0,0
2010-03-02,0.0026881737,0.0072476193,0.0060616853,9.780617,-0.011742955738969059,-0.017939939185787387,0,0
2010-03-03,0.0008944544,0.0071443543,0.006288972,9.146484,-0.011555268572179653,-0.017758542736843734,0,0
2010-03-04,0.0033470967,0.0070545776,0.005579355,8.326534,-0.011376953378399514,-0.017645873499558505,0,0
2010-03-05,0.012617766,0.0070049814,0.007266644,7.574013,-0.011256711998515027,-0.01764181496432409,0,0
2010-03-08,0.00043985047,0.006790956,0.0033935418,7.2275705,-0.010890404319933484,-0.017163646112156088,0,0
2010-03-09,0.003073548,0.0066728014,0.008354789,7.4338503,-0.010714404551012306,-0.016828826846170937,0,0
2010-03-10,0.004592682,0.007111307,0.0055172755,7.102047,-0.011394741967861487,-0.017997732477579784,0,0
2010-03-11,0.004137186,0.007275903,0.007231193,7.7891593,-0.011705312160073629,-0.018286249539766194,0,0
2010-03-12,0.00065167807,0.0073805866,0.007813833,7.9583273,-0.01188350174423741,-0.018520461195697873,0,0
2010-03-15,-0.0008689985,0.007401796,0.0060016834,7.9617066,-0.011917841263950292,-0.018573117108335375,0,0
2010-03-16,0.0039045603,0.0074322014,0.0049183844,7.9165998,-0.01196423950164518,-0.01865705130165959,0,0
2010-03-17,0.0053978325,0.0073348274,0.006156975,8.141942,-0.01181967588763352,-0.018375719347757124,0,0
2010-03-18,0.00021530844,0.0071581663,0.0047161235,7.747076,-0.01151344022142115,-0.017997487377615515,0,0
2010-03-19,-0.0043150014,0.007044864,0.008601392,7.2725034,-0.011300795994100847,-0.017796894926455885,0,0
2010-03-22,0.0049606487,0.007068251,0.008092097,7.0775104,-0.011323864029982504,-0.01789359565688665,0,0
2010-03-23,0.0064336485,0.007013081,0.005627221,6.78807,-0.011211724449505217,-0.017812698352051383,0,0
2010-03-24,-0.004284497,0.006911917,0.0048387856,11.172837,-0.011205008624431339,-0.017086193035725887,0,0
2010-03-25,-0.0015039212,0.00695114,0.009802049,10.328445,-0.011268593367531703,-0.017183151568392344,0,0
2010-03-26,0.00064481463,0.0069904504,0.0080275,10.493445,-0.011332320745445629,-0.01728032760075379,0,0
2010-03-29,0.004502098,0.0069670524,0.00366526,9.134941,-0.011268101186020221,-0.01731923546214578,0,0
2010-03-30,0.0006415054,0.00689212,0.0057217595,8.8471,-0.011136537262959921,-0.017168787256831793,0,0
2010-03-31,-0.0036406508,0.00679774,0.005242731,10.040733,-0.01101991421205173,-0.01680394792858187,0,0
2010-04-01,0.0072680954,0.0067377193,0.006118828,9.693643,-0.010914373346255276,-0.016686866242049132,0,0
2010-04-02,-4.2599415e-05,0.006686061,0.0051163444,9.187324,-0.010815373517407696,-0.016614625841582714,0,0
2010-04-05,0.007892433,0.006662059,0.0050761285,8.956867,-0.010768734332784151,-0.01658223297554273,0,0
2010-04-06,0.0023219008,0.0065225535,0.0062635094,9.571374,-0.010562432761891411,-0.01616659279909784,0,0
2010-04-07,-0.0057088644,0.0063890256,0.0069371294,9.193909,-0.010335094103834836,-0.015875773761775198,0,0
2010-04-08,0.004020744,0.006399155,0.007936673,8.602587,-0.01033103252198526,-0.01597068723990199,0,0
2010-04-09,0.007364578,0.0063246186,0.0036410417,8.569175,-0.010209429061316715,-0.015788826192166018,0,0
2010-04-12,0.0,0.0062599005,0.0044351616,9.463673,-0.010134125452886656,-0.015526502060559383,0,0
2010-04-13,0.00041919932,0.0062174043,0.0063737878,9.741641,-0.010072757641545364,-0.015393596444731142,0,0
2010-04-14,0.011252463,0.0065902406,0.004894718,8.929902,-0.010651701036109013,-0.016406713254937765,0,0
2010-04-15,0.001656315,0.006633492,0.0054753274,9.02313,-0.010724855935687078,-0.01650319076081445,0,0
2010-04-16,-0.015216552,0.006660176,0.012136343,8.362876,-0.01074248365878506,-0.01665431018487943,1,0
2010-04-19,0.004401139,0.006786768,0.008648096,8.615686,-0.010957338466399753,-0.016936328943936516,0,0
2010-04-20,0.008329911,0.0067612724,0.004740667,11.100132,-0.010960796723792616,-0.016713801383403847,0,0
2010-04-21,-0.004156282,0.006617975,0.008205168,10.821513,-0.010728495252082621,-0.01635957159910311,0,0
2010-04-22,0.0010406912,0.006590219,0.012145781,10.312407,-0.0106834994543589,-0.01629095881070885,0,0
2010-04-23,0.008699309,0.0065682363,0.0076641864,9.512921,-0.010634729182546874,-0.016286004030391533,0,0
2010-04-26,-0.0033051053,0.006536034,0.0051713157,9.234461,-0.010574186940176304,-0.01623650157736975,0,0
2010-04-27,-0.022811495,0.0065624355,0.013299036,8.864632,-0.01060445066057233,-0.01634538118368412,1,1
2010-04-28,0.00759177,0.0069573657,0.007940229,7.7453175,-0.0111903647473462,-0.017492913908145214,0,0
2010-04-29,0.012733707,0.0070485203,0.0073192045,7.4679313,-0.011319923709136065,-0.017770253489864034,0,0
2010-04-30,-0.018210864,0.00689383,0.00959506,8.060724,-0.011105016498221773,-0.01728319274481934,1,1
2010-05-03,0.012594625,0.007215406,0.00798147,8.401896,-0.011639857111768053,-0.018036906491151285,0,0
2010-05-04,-0.021932553,0.0071307207,0.016394509,9.369286,-0.011540827768531539,-0.017697528133688745,1,1
2010-05-05,-0.007275872,0.0075999834,0.011579959,10.325665,-0.012320443250215567,-0.01878708698178916,0,0
2010-05-06,-0.03630401,0.008027565,0.06813653,9.58476,-0.013000068719981453,-0.019895146635110546,1,1
2010-05-07,-0.013904687,0.009407649,0.026855215,8.423881,-0.015177693642417384,-0.023512791712680645,0,0
2010-05-10,0.04374455,0.010926521,0.01842262,7.8722057,-0.01758557192839849,-0.027440006506173096,0,0
2010-05-11,-0.0036816502,0.010101342,0.017335521,7.093715,-0.01618488685819746,-0.025567437731112606,0,0
2010-05-12,0.015073498,0.009830107,0.01579383,7.290422,-0.01577041599263702,-0.024828351571303673,0,0
2010-05-13,-0.011175702,0.009475615,0.010945964,6.769547,-0.015146339760749049,-0.02407262206761963,0,0
2010-05-14,-0.018761458,0.009528846,0.019226097,6.9899507,-0.015256606205759332,-0.02414626665792624,1,0
2010-05-17,-0.00066086574,0.01014951,0.01725778,7.3146367,-0.016285267855539767,-0.02562857593419344,0,0
2010-05-18,-0.013980035,0.010446226,0.017916823,6.829196,-0.016705571325917472,-0.026519809284711985,0,0
2010-05-19,-0.007851975,0.011095423,0.014612595,7.2564936,-0.017796582290235508,-0.028034252873025994,0,0
2010-05-20,-0.036701366,0.011545942,0.022299804,7.239523,-0.01851720664958682,-0.029177810394949252,1,1
2010-05-21,0.013460402,0.012839923,0.023168748,7.08633,-0.020571748070493105,-0.0325016809069974,0,0
2010-05-24,-0.01252626,0.01328266,0.009001459,7.408762,-0.021324603323946256,-0.03350748305395827,0,0
2010-05-25,0.0018656722,0.0133730685,0.025372773,7.3875012,-0.02146704668348255,-0.033742909485448266,0,0
2010-05-26,-0.011011005,0.013153663,0.017915424,6.7697597,-0.02102556839191387,-0.03341655103706011,0,0
2010-05-27,0.036771398,0.012939237,0.02031015,6.4550967,-0.020627302220257954,-0.032999284155494,0,0
2010-05-28,-0.011418256,0.012126418,0.01363001,6.1929355,-0.019281401665848904,-0.031033111421328453,0,0
2010-06-01,-0.017609352,0.012104747,0.014250744,5.6493444,-0.019205392772234632,-0.031060515405235217,0,0
2010-06-02,0.02516001,0.012704442,0.012681385,5.9692087,-0.020156869758515165,-0.03259932098659354,0,0
2010-06-03,0.006135686,0.012215065,0.00858587,5.9601703,-0.01938042239277246,-0.03134358747200114,0,0
2010-06-04,-0.034573622,0.012003853,0.022983423,5.7363796,-0.019045315121638522,-0.030801624874260893,1,1
2010-06-07,-0.01702974,0.012959083,0.012762334,6.431796,-0.020654466173562425,-0.03305974751690448,0,0
2010-06-08,0.010677525,0.0137688555,0.01328472,6.979309,-0.022043601758030988,-0.03489471743772472,0,0
2010-06-09,-0.0035465222,0.0134621505,0.017483192,7.400178,-0.021611669510059328,-0.033963259216969285,0,0
2010-06-10,0.02641266,0.013530171,0.016469091,7.672267,-0.02175393025607283,-0.03404268595187573,0,0
2010-06-11,0.005062137,0.013138623,0.011189555,8.670979,-0.021216778393981655,-0.03277320117818344,0,0
2010-06-14,0.0011469206,0.012861337,0.011115474,8.920391,-0.020786920493775486,-0.032021141071399556,0,0
2010-06-15,0.017047804,0.012601347,0.011442915,7.821545,-0.020276051528484947,-0.031660893179481966,0,0
2010-06-16,0.00022535211,0.012021179,0.00941761,7.3483787,-0.019292402044326425,-0.03034407771572312,0,0
2010-06-17,0.002025887,0.0115782395,0.010633945,7.593857,-0.01860776815488053,-0.02915372802666659,0,0
2010-06-18,-0.0013501352,0.011233154,0.0053571826,7.4566984,-0.0180392770001887,-0.028323483237698677,0,0
2010-06-21,0.00022514917,0.010925236,0.016341401,7.7596817,-0.01757365590147309,-0.0274656026796125,0,0
2010-06-22,-0.018174058,0.010816322,0.013531523,7.2981653,-0.0173534310371931,-0.02731705861589168,1,0
2010-06-23,-0.0027548226,0.011074234,0.011210925,8.082059,-0.01784078939887237,-0.027758463068172923,0,0
2010-06-24,-0.015755655,0.011224197,0.01314934,7.8978143,-0.01806690511067638,-0.028180936909559178,0,0
2010-06-25,0.003962247,0.011769272,0.01074589,7.415907,-0.01889573456125869,-0.029687569177427153,0,0
2010-06-28,-0.0034952848,0.011724129,0.008525325,7.692868,-0.0188522022453636,-0.029492741281442834,0,0
2010-06-29,-0.03394985,0.011826144,0.021470949,7.654486,-0.019012388448320316,-0.029760363435204145,1,1
2010-06-30,-0.008487986,0.012740274,0.013728235,7.18948,-0.02042609368999462,-0.03221324983540593,0,0
2010-07-01,-0.004638114,0.0131706605,0.016414829,7.4799957,-0.021153544501012304,-0.03320094296419155,0,0
2010-07-02,-0.0073674205,0.01320445,0.0142406495,7.1313286,-0.021162195041787703,-0.03340793031721055,0,0
2010-07-06,0.009811214,0.012901823,0.024120482,7.367752,-0.020708138081926397,-0.03256048791082276,0,0
2010-07-07,0.033600472,0.0122117195,0.020878071,6.884157,-0.019537071968846693,-0.030982072586583007,0,0
2010-07-08,0.007289862,0.011395724,0.008370768,6.926994,-0.01823737026032139,-0.028897605478028252,0,0
2010-07-09,0.0051413993,0.010948566,0.0070164953,6.996557,-0.017530538334000124,-0.02774180015978207,0,0
2010-07-12,0.003722666,0.01062188,0.0071950457,7.05607,-0.017014538414921156,-0.02689614897477158,0,0
2010-07-13,0.012233274,0.010283864,0.0127522815,6.4736977,-0.01639699838814132,-0.02622100608263736,0,0
2010-07-14,0.0011463948,0.010721934,0.0097828945,6.69919,-0.01712884244351925,-0.02726179215607943,0,0
2010-07-15,-0.0004584002,0.011065357,0.014945915,6.552275,-0.017655482130537116,-0.028185712842052065,0,0
2010-07-16,-0.025541207,0.011277074,0.017295996,6.285846,-0.01794817316195739,-0.02882360994029296,1,0
2010-07-19,0.0007053015,0.011712597,0.009230358,6.663384,-0.018705956116788526,-0.029793579483088032,0,0
2010-07-20,0.01516064,0.011808805,0.017374141,6.2079883,-0.018779374947642834,-0.030214146724022013,0,0
2010-07-21,-0.01492565,0.011384167,0.015139101,6.5631804,-0.018165898875370064,-0.028993845725523625,0,0
2010-07-22,0.022075951,0.011343595,0.016594835,6.943665,-0.018156153727769717,-0.028759946534654753,0,0
2010-07-23,0.011653279,0.010911065,0.008459341,6.8663445,-0.01745387080153054,-0.027687918160154687,0,0
2010-07-26,0.0081448415,0.010562531,0.008226492,6.8287516,-0.016891509449860356,-0.026815213670086383,0,0
2010-07-27,0.0013510473,0.010142501,0.0080454815,6.9979644,-0.01624005233812017,-0.025698963464629472,0,0
2010-07-28,-0.0081338,0.009928458,0.009390384,6.9595027,-0.015892959442940606,-0.025167554968359804,0,0
2010-07-29,-0.0045475294,0.009876084,0.015263445,7.1714454,-0.015832162161590675,-0.024976118100819684,0,0
2010-07-30,0.0011388225,0.009812161,0.012883557,7.0531845,-0.015717186600411926,-0.024846618650668464,0,0
2010-08-02,0.021171963,0.009685653,0.010562949,7.070617,-0.015516404670887622,-0.024521533358435824,0,0
2010-08-03,-0.0031250026,0.009228977,0.005685967,6.947307,-0.014771962667084452,-0.023397687563094488,0,0
2010-08-04,0.0055735293,0.009107331,0.007905535,6.949605,-0.01457749711399597,-0.023088680492103775,0,0
2010-08-05,-0.00088967977,0.00895053,0.007691866,7.0304427,-0.014334754824789072,-0.022670508397954914,0,0
2010-08-06,-0.0035666556,0.00887959,0.0145725375,6.9454203,-0.014212536577726972,-0.022512389978832478,0,0
2010-08-09,0.0053452244,0.008803216,0.00569973,6.644136,-0.014057180107130605,-0.02239817584623665,0,0
2010-08-10,-0.005121935,0.008620768,0.010651657,6.8352256,-0.01378694235038847,-0.021883982767121526,0,0
2010-08-11,-0.03152546,0.009606815,0.011766283,6.502487,-0.015321490518427594,-0.024485793555229222,1,1
2010-08-12,-0.0053136316,0.010472219,0.01064018,5.74555,-0.016615223675750815,-0.026871484330598213,0,0
2010-08-13,-0.0030158937,0.0109133255,0.01060537,5.55375,-0.0173150833668465,-0.028003354059823824,0,0
2010-08-16,0.0009289364,0.011276989,0.010037582,5.4881616,-0.01789207159834485,-0.028936506121103364,0,0
2010-08-17,0.011080446,0.011350492,0.0140899345,5.3084846,-0.018008692258598358,-0.02912511449049894,0,0
2010-08-18,-0.002068253,0.011178806,0.009472098,5.2473555,-0.01773629567040082,-0.02868457268412282,0,0
2010-08-19,-0.0143654,0.011036121,0.014758018,5.143157,-0.01750991140800433,-0.02831844573462171,0,0
2010-08-20,-0.00093392486,0.011241423,0.009422657,5.3117285,-0.017835642480122527,-0.028845244384536214,0,0
2010-08-23,-0.0044480935,0.011251331,0.010221267,4.746341,-0.01785136358432051,-0.02887066982648993,0,0
2010-08-24,-0.014892132,0.011120058,0.011265294,4.91217,-0.017643085647180246,-0.02853382589146412,0,0
2010-08-25,0.0045146802,0.011305873,0.013754794,5.2916985,-0.017937899331924398,-0.029010622440499467,0,0
2010-08-26,-0.009289099,0.011212878,0.010958935,5.4403963,-0.017790354045386196,-0.02877200026287261,0,0
2010-08-27,0.01802278,0.011309439,0.014038354,5.7071996,-0.017943558350322818,-0.029019774663014634,0,0
2010-08-30,-0.017783515,0.010838381,0.014968615,6.0790677,-0.01721189902855562,-0.027780229569161357,1,0
2010-08-31,0.0031052215,0.01093549,0.011159102,6.323547,-0.017411081413080082,-0.02793662900745939,0,0
2010-09-01,0.031457994,0.010835827,0.011727695,6.020825,-0.017196331922674363,-0.027796324672229044,0,0
2010-09-02,0.007138775,0.010270388,0.007905555,5.933152,-0.01629499779517979,-0.02635358912196645,0,0
2010-09-03,0.012768071,0.0098755965,0.008835613,5.8410435,-0.015668622095791146,-0.025340563650888718,0,0
2010-09-07,-0.011163118,0.009374185,0.008762942,5.7298174,-0.014873083912944203,-0.024053954921933515,0,0
2010-09-08,0.007304301,0.010423908,0.009886525,5.6233916,-0.016538574470363297,-0.02674752103273846,0,0
2010-09-09,0.0029521992,0.010555248,0.009590443,5.5821705,-0.016746957371707945,-0.027084534724369926,0,0
2010-09-10,0.0065544364,0.010524287,0.005151105,5.393749,-0.016697834124056274,-0.027005088632923897,0,0
2010-09-13,0.010309369,0.010378117,0.005821916,5.560122,-0.01646592114365301,-0.02663002019324567,0,0
2010-09-14,-0.00491731,0.009988635,0.0077591715,5.701566,-0.015847969726530013,-0.02563061915319068,0,0
2010-09-15,0.0044712797,0.009838185,0.007368671,5.8161397,-0.015609266647939707,-0.02524456921722946,0,0
2010-09-16,0.0015602366,0.009637418,0.0070642945,5.402025,-0.015290729243277132,-0.024729404748478304,0,0
2010-09-17,-0.0024528946,0.00951724,0.009760102,5.4879007,-0.015100054527103113,-0.024421030166955862,0,0
2010-09-20,0.014847918,0.009433724,0.010665058,5.5699096,-0.014967547172570568,-0.024206728549926962,0,0
2010-09-21,-0.001541002,0.009209868,0.0084965555,5.948878,-0.014612377260578008,-0.023632319025802588,0,0
2010-09-22,-0.004415993,0.009133583,0.00808022,5.8860598,-0.01449134357942122,-0.023436573561874473,0,0
2010-09-23,-0.008221355,0.009201108,0.00947857,5.8412585,-0.014598478552135448,-0.023609840909743586,0,0
2010-09-24,0.02010007,0.009413378,0.010390265,5.6953335,-0.014935267060267193,-0.024154522540012328,0,0
2010-09-27,-0.004822456,0.00908726,0.0071121487,5.9320765,-0.014417847824484372,-0.02331771027927941,0,0
2010-09-28,0.0035095452,0.009009176,0.011459085,5.560362,-0.01429395929794111,-0.023117347728361312,0,0
2010-09-29,-0.0006571022,0.008951684,0.006959231,5.639332,-0.01420274359460383,-0.022969826311210036,0,0
2010-09-30,-0.0037317572,0.009016089,0.013576029,5.7169695,-0.014304928057299228,-0.023135087293652146,0,0
2010-10-01,0.0048266877,0.009210698,0.0065401495,5.570668,-0.014613694742315792,-0.023634449763887348,0,0
2010-10-04,-0.006587639,0.009112693,0.00951639,5.592482,-0.01445820022702317,-0.02338297145022024,0,0
2010-10-05,0.017471507,0.009178817,0.011814418,5.4151807,-0.014563112854168718,-0.023552644640990335,0,0
2010-10-06,0.0008656136,0.008833505,0.005492769,5.3296895,-0.014015240426157103,-0.02266658101333257,0,0
2010-10-07,0.0006487188,0.00861819,0.010089273,5.316466,-0.013673620850032205,-0.022114086188946707,0,0
2010-10-08,0.003452744,0.008454224,0.011123536,5.125731,-0.013413472498649673,-0.02169335322234758,0,0
2010-10-11,0.0015068349,0.00815667,0.004395929,5.19725,-0.012941374272701098,-0.020929837766362782,0,0
2010-10-12,0.0019340287,0.007898685,0.010457529,5.246997,-0.012532053689612412,-0.020267851394749164,0,0
2010-10-13,0.008337836,0.008419752,0.008896903,5.3080807,-0.01335877981411884,-0.021604899786868793,0,0
2010-10-14,-0.00063890964,0.008423108,0.010994689,5.190362,-0.01336410403289983,-0.021613510544348687,0,0
2010-10-15,0.0012774112,0.008578134,0.010247571,5.2414536,-0.013610067738869242,-0.02201130295448031,0,0
2010-10-18,0.0027621393,0.008603962,0.010331046,5.1751475,-0.01365104721204285,-0.022077578274798018,0,0
2010-10-19,-0.012382737,0.008449209,0.012163265,5.1116447,-0.013405516030984607,-0.02168048537895521,0,0
2010-10-20,0.009407809,0.008523188,0.010304838,5.363324,-0.01352289044280925,-0.021870312776389667,0,0
2010-10-21,0.00085088285,0.008263659,0.011405056,5.4063783,-0.01311112220305799,-0.02120436785634248,0,0
2010-10-22,0.004243588,0.008039843,0.0040161167,5.207766,-0.012756016536397423,-0.02063006223496812,0,0
2010-10-25,0.0016924058,0.0077672284,0.00737335,5.057754,-0.01232348529118243,-0.019930537702219774,0,0
2010-10-26,0.0,0.00762018,0.0061341817,4.9424167,-0.012090178820479589,-0.01955321559725959,0,0
2010-10-27,-0.0033876805,0.0076340674,0.010859246,4.963728,-0.0121122122547619,-0.01958884985025677,0,0
2010-10-28,0.0004240882,0.007705482,0.00837662,4.7394233,-0.012225519303666669,-0.019772099179222135,0,0
2010-10-29,0.00042390844,0.0076974193,0.0063012857,4.4514685,-0.012212726338825464,-0.019751409361198558,0,0
2010-11-01,0.0027510333,0.007689829,0.011278204,4.2692327,-0.012200683506100072,-0.0197319327175378,0,0
2010-11-02,0.008207981,0.007639538,0.00550408,4.298752,-0.012120891708627853,-0.01960288696544153,0,0
2010-11-03,0.0037656948,0.007512222,0.01075285,4.529536,-0.011918892621610173,-0.019276197694955654,0,0
2010-11-04,0.017593333,0.007233831,0.008532347,4.6111364,-0.011477196915515867,-0.018561851654430903,0,0
2010-11-05,0.0028682668,0.006905906,0.006696645,4.224181,-0.01095691107111677,-0.017720403282260818,0,0
2010-11-08,-0.001638002,0.0067834826,0.0043448755,4.317469,-0.010762673906040516,-0.017406267220079246,0,0
2010-11-09,-0.007404394,0.0067390543,0.009900653,4.09716,-0.010692184108749904,-0.017292265415449544,0,0
2010-11-10,0.0024742282,0.0071155983,0.008734172,4.2906365,-0.011289608689869035,-0.018258468795166096,0,0
2010-11-11,-0.0024742282,0.0071934815,0.0067581916,4.3212495,-0.011413178704343822,-0.018458316222591177,0,0
2010-11-12,-0.012881957,0.007256612,0.009052365,4.229524,-0.011513341701241,-0.01862030792695543,1,0
2010-11-15,0.00020909566,0.0075232824,0.0078123333,4.3683863,-0.011936440645882736,-0.019304577779899156,0,0
2010-11-16,-0.017718244,0.0075629572,0.009718805,4.116158,-0.01199938840314283,-0.019406381987045015,1,0
2010-11-17,0.002338188,0.0077689514,0.0051720156,4.2169833,-0.012326218884815566,-0.019934958691061846,0,0
2010-11-18,0.01705125,0.0077504083,0.0078704255,4.2793226,-0.012296799047081652,-0.01988737854865128,0,0
2010-11-19,0.0004173623,0.007448202,0.007394094,4.17391,-0.011817318037136799,-0.019111923056929155,0,0
2010-11-22,-0.00020865936,0.0073076575,0.013695548,4.1766467,-0.011594330633561493,-0.018751289782407567,0,0
2010-11-23,-0.016623212,0.0071208887,0.009575247,3.9549885,-0.011298003111628254,-0.018272044933361365,1,0
2010-11-24,0.015370342,0.0072218673,0.008838163,4.130801,-0.011458215586935166,-0.018531153513768817,0,0
2010-11-26,-0.011135738,0.0070676026,0.008453136,4.2514114,-0.01121345896931617,-0.018135313304602215,0,0
2010-11-29,0.002742907,0.0072788843,0.012808705,4.1697683,-0.01154867844356514,-0.01867745736630023,0,0
2010-11-30,-0.005917177,0.0073812534,0.0083606215,4.136919,-0.011711097881755608,-0.018940135225683455,0,0
2010-12-01,0.020973923,0.0077846576,0.012424478,3.9697623,-0.012351138834718436,-0.01997526125071451,0,0
2010-12-02,0.0150378775,0.007661877,0.007829843,4.0781536,-0.01215633522488404,-0.019660209088230008,0,0
2010-12-03,0.0006131835,0.007250547,0.008249689,4.0708523,-0.011503718474399422,-0.0186047444657388,0,0
2010-12-06,-0.0012267431,0.0069807908,0.0060450127,3.8932374,-0.011075723311568707,-0.017912556052508927,0,0
2010-12-07,0.0010223904,0.0068027,0.009217255,3.8705451,-0.010793164197686379,-0.017455578587183676,0,0
2010-12-08,0.0044861413,0.0067202398,0.00623396,3.6155171,-0.010662333555832484,-0.017243988685588192,0,0
2010-12-09,0.0034528316,0.006609334,0.006195514,3.5999665,-0.010486370115821169,-0.016959406370399558,0,0
2010-12-10,0.006467282,0.006525183,0.0039391364,3.5450165,-0.010352856552708666,-0.016743477431426797,0,0
2010-12-13,0.00020143016,0.006489969,0.005824156,3.565572,-0.010296985735470008,-0.01665311862439145,0,0
2010-12-14,-0.0036319653,0.0065006353,0.0054152124,3.5199695,-0.01031390849883542,-0.016680487486796097,0,0
2010-12-15,-0.003848106,0.006846863,0.005676069,3.4077485,-0.010863233233295624,-0.017568899901971746,0,0
2010-12-16,0.005262105,0.0070217373,0.0062135095,3.4769936,-0.011140688915171702,-0.018017623684056586,0,0
2010-12-17,0.0,0.0070396503,0.0037133547,3.376512,-0.011169109783236306,-0.018063588211875408,0,0
2010-12-20,0.0022179664,0.0070191487,0.006671808,3.3904274,-0.011136581738243265,-0.01801098122515087,0,0
2010-12-21,0.0076244352,0.0069156825,0.0034422413,3.3021278,-0.010972422246905986,-0.017745489211003225,0,0
2010-12-22,0.0029937155,0.006819074,0.002548501,3.3431833,-0.010819143743135227,-0.017497594810502032,0,0
2010-12-23,-0.0011964109,0.006784227,0.0035934942,3.4135175,-0.010763855658203664,-0.017408178445311864,0,0
2010-12-27,0.00019950124,0.0068679266,0.004586511,3.411142,-0.010896653474025929,-0.017622949819844344,0,0
2010-12-28,0.00059826503,0.006996239,0.0028084922,3.4894824,-0.011100233358156183,-0.017952195683348132,0,0
2010-12-29,0.0013945615,0.007059376,0.0028260276,3.567039,-0.01120040721341933,-0.01811420494874056,0,0
2010-12-30,-0.0009959168,0.0070328773,0.0033248158,3.647319,-0.011158363620380588,-0.01804620864766208,0,0
2010-12-31,-0.0011964109,0.007005101,0.0046119755,3.5978904,-0.011114294037224472,-0.017974935751410685,0,0
2011-01-03,0.009729055,0.006929459,0.008505592,3.501271,-0.010994280137605103,-0.017780839560711637,0,0
2011-01-04,0.0,0.006836098,0.006567989,3.4793143,-0.010846153928487466,-0.017541277868077628,0,0
2011-01-05,0.0051241736,0.006770404,0.00958662,3.548935,-0.010741923568670413,-0.017372708095244285,0,0
2011-01-06,-0.0011801732,0.0066772173,0.005932566,3.6049726,-0.010594073343021199,-0.017133592745409626,0,0
2011-01-07,-0.002167275,0.0066341166,0.009010053,3.651059,-0.010525690068728912,-0.017022997780245117,0,0
2011-01-10,-0.0015791554,0.006618758,0.0055865347,3.719853,-0.01050132208576289,-0.016983587906191155,0,0
2011-01-11,0.0039432226,0.007002439,0.0048492793,3.7119963,-0.01111007013286185,-0.01796810451145213,0,0
2011-01-12,0.010180198,0.0070191687,0.0050819535,3.7267091,-0.011136613408477346,-0.018011032444816368,0,0
2011-01-13,-0.0017545575,0.00687206,0.004451877,3.7490287,-0.010903211022208429,-0.017633555217440672,0,0
2011-01-14,0.0064183823,0.006807658,0.007716229,3.6515906,-0.010801031083832187,-0.017468301552093633,0,0
2011-01-18,0.00406308,0.006637554,0.006228196,3.617569,-0.010531144587901553,-0.017031819270063062,0,0
2011-01-19,-0.012630111,0.006494576,0.008766827,3.5731497,-0.010304295225495983,-0.016664940123188622,1,0
2011-01-20,-0.0017614253,0.0065740114,0.0076291263,3.4883425,-0.010430327374454639,-0.0168687695137515,0,0
2011-01-21,0.0027386558,0.0065721334,0.00793756,3.3928976,-0.0104273476578595,-0.016863950474937547,0,0
2011-01-24,0.006814005,0.0065983273,0.0049709585,3.4431663,-0.01046890714874871,-0.016931163846843393,0,0
2011-01-25,-0.00077639753,0.0065353005,0.008106285,3.5012088,-0.010368908837068758,-0.016769438484739732,0,0
2011-01-26,0.004649369,0.0064819325,0.005058282,3.4660697,-0.010284234394365025,-0.016632496123642527,0,0
2011-01-27,0.0017379555,0.0063674096,0.0048244228,3.4056082,-0.010102533212801999,-0.016338634268484482,0,0
2011-01-28,-0.018892372,0.0062838583,0.011062549,3.3731642,-0.009969970661575768,-0.016124243382895708,1,1
2011-01-31,0.0086139925,0.006567403,0.010125859,3.216253,-0.01041984271724605,-0.016851812877633293,0,0
2011-02-01,0.015666116,0.006603754,0.009392878,3.1913269,-0.010477516928099685,-0.016945088278764057,0,0
2011-02-02,-0.0021131504,0.0064463974,0.003929659,3.2982564,-0.010227855043653401,-0.016541314875121164,0,0
2011-02-03,0.0024968802,0.0064194137,0.0076259095,3.3724852,-0.0101850423163584,-0.016472074667880567,0,0
2011-02-04,0.0030645495,0.00635494,0.005369203,3.3818517,-0.010082748365139463,-0.016306636611737733,0,0
2011-02-07,0.006481151,0.006268426,0.0063734,3.380344,-0.00994548504631173,-0.01608464326436989,0,0
2011-02-08,0.004549771,0.0061949505,0.0038099312,3.3390899,-0.009828909629249765,-0.015896108065925025,0,0
2011-02-09,-0.0018932228,0.0061522066,0.0054009836,3.3650482,-0.00976109189485179,-0.01578642773764443,0,0
2011-02-10,-0.00037907506,0.0063229143,0.006454109,3.2665303,-0.010031936641579342,-0.0162244597804111,0,0
2011-02-11,0.0064248145,0.006378066,0.009115926,3.2692926,-0.010119439688618455,-0.016365976789346873,0,0
2011-02-14,0.00037664783,0.006361837,0.0034997326,3.2127802,-0.010093691788310316,-0.01632433520129617,0,0
2011-02-15,-0.0011303694,0.0063356133,0.0036424897,3.1762767,-0.010052085244501898,-0.01625704573160158,0,0
2011-02-16,0.00507663,0.006357892,0.0044387765,3.1510036,-0.010087431940328179,-0.016314211268555534,0,0
2011-02-17,0.0035570571,0.006401154,0.0056795273,3.1960964,-0.01015607219594844,-0.01642522184472009,0,0
2011-02-18,0.003544449,0.0064377715,0.0036048598,3.2303958,-0.010214168978211103,-0.016519180662530514,0,0
2011-02-22,-0.021077182,0.006475817,0.011270885,3.1770046,-0.010274531539506328,-0.01661680388155264,1,1
2011-02-23,-0.006870256,0.0069180224,0.011751692,3.0693126,-0.01097613490320415,-0.017751493619218725,0,0
2011-02-24,-0.0021086943,0.0072842324,0.009810847,3.1086354,-0.01155716425657128,-0.018691181309815938,0,0
2011-02-25,0.012206904,0.007357568,0.006342023,3.1127968,-0.011673517981994674,-0.018879357970602313,0,0
2011-02-28,0.0054825735,0.0070963604,0.007751077,3.0816548,-0.011259085823125257,-0.01820910474497715,0,0
2011-03-01,-0.019033693,0.006867023,0.014900258,3.0974576,-0.010895220169717789,-0.01762063176412576,1,1
2011-03-02,0.0036443889,0.0071487036,0.00923647,3.1473236,-0.011342134225524872,-0.018343417342105737,0,0
2011-03-03,0.018213367,0.0072208825,0.009320492,3.1319177,-0.01145665288709921,-0.018528626189131193,0,0
2011-03-04,-0.0071698423,0.0069985734,0.011601571,3.0935996,-0.011103936965816038,-0.017958185457373488,0,0
2011-03-07,-0.008557626,0.0069963257,0.012053256,3.1135342,-0.011100370897458477,-0.0179524181230383,0,0
2011-03-08,0.00836825,0.007176954,0.009183648,3.1315274,-0.011386955750524463,-0.01841590633955798,0,0
2011-03-09,-0.0034149152,0.007127113,0.006958409,3.1333904,-0.01130787879547865,-0.018288016688482976,0,0
2011-03-10,-0.016285446,0.007232058,0.008448949,3.1034436,-0.011474383693865612,-0.018557301884715577,1,0
2011-03-11,0.009037654,0.0075087473,0.012772171,3.1700275,-0.011913379286288526,-0.01926728108290178,0,0
2011-03-14,-0.00807231,0.007571019,0.010281579,3.2130568,-0.012012179558256373,-0.019427068878230563,0,0
2011-03-15,-0.015754484,0.0076653943,0.022294313,3.2256308,-0.012161915520129175,-0.019669233993290937,1,0
2011-03-16,-0.016803795,0.007955425,0.020088354,3.2569253,-0.012622078592148232,-0.020413446952477675,1,0
2011-03-17,0.011693722,0.008403843,0.017373698,3.3432136,-0.013333538637556002,-0.021564077713466072,0,0
2011-03-18,0.0043256064,0.00841405,0.014149069,3.3778205,-0.013349732080673712,-0.02159026706014523,0,0
2011-03-21,0.01460733,0.008274359,0.008613557,3.3395088,-0.013128098353389427,-0.02123182306046897,0,0
2011-03-22,-0.0036803915,0.007875095,0.004480167,3.3678017,-0.0124946267118389,-0.02020732145748143,0,0
2011-03-23,0.002906697,0.0077239657,0.009109339,3.3408437,-0.01225484503556217,-0.01981952712605522,0,0
2011-03-24,0.010203188,0.007459626,0.0071185324,3.3466945,-0.011835443364533472,-0.019141236803203752,0,0
2011-03-25,0.0036325438,0.0072542615,0.0050320406,3.4355986,-0.011509611852530046,-0.01861427571377866,0,0
2011-03-28,-0.0059335995,0.0071312496,0.006337045,3.4191327,-0.011314441772844137,-0.018298630866593387,0,0
2011-03-29,0.010883163,0.007168543,0.0068399105,3.4721253,-0.011373610818746412,-0.01839432383593571,0,0
2011-03-30,0.0056807576,0.00703741,0.0059238356,3.5552843,-0.011165555478108548,-0.018057839901987404,0,0
2011-03-31,-0.002268432,0.0069236136,0.0022732082,3.526276,-0.010985006188202253,-0.017765840979234507,0,0
2011-04-01,0.005096755,0.0068837637,0.0063668997,3.5535426,-0.010921780637746072,-0.017663587502451273,0,0
2011-04-04,0.0011290931,0.0068129716,0.004262621,3.5179749,-0.010809461700144643,-0.017481936227049473,0,0
2011-04-05,-0.0018825306,0.006721584,0.0058205025,3.5376222,-0.010664466319881905,-0.017247437964204797,0,0
2011-04-06,0.001694437,0.0066556036,0.0054981,3.5180652,-0.010559781718421741,-0.017078133555026295,0,0
2011-04-07,-0.00037629352,0.0065901596,0.006914173,3.530194,-0.010455947688962621,-0.016910204759721194,0,0
2011-04-08,-0.0035818683,0.00656344,0.008779192,3.487793,-0.010413554818485155,-0.016841643578903213,0,0
2011-04-11,-0.003215741,0.0065816734,0.006440406,3.5593858,-0.010442483315158893,-0.016888429084789037,0,0
2011-04-12,-0.008562511,0.0065406114,0.005937889,3.6227334,-0.010377334929062058,-0.016783065842600503,0,0
2011-04-13,0.00038211694,0.006904439,0.0074075763,3.5910194,-0.010954583761343705,-0.017716639368556147,0,0
2011-04-14,0.0011454755,0.0069584535,0.008109212,3.6344807,-0.011040283414767845,-0.017855239783396506,0,0
2011-04-15,0.0064663594,0.00695445,0.0061388537,3.528634,-0.011033931270674957,-0.017844966581916415,0,0
2011-04-18,-0.013551119,0.0068785157,0.013101636,3.5871902,-0.01091345408077417,-0.01765012112068207,1,0
2011-04-19,0.0057482435,0.0069528874,0.007624075,3.5491893,-0.011031451943778301,-0.01784095681381735,0,0
2011-04-20,0.014980843,0.0067912173,0.0073826313,3.6181064,-0.010774945669315123,-0.01742611410875061,0,0
2011-04-21,0.002068253,0.0065900967,0.005038806,3.8068683,-0.010455848153941223,-0.016910043783629626,0,0
2011-04-25,-0.00018784634,0.0064828633,0.004247688,3.7619498,-0.010285712037000877,-0.01663488588689281,0,0
2011-04-26,0.007672911,0.006371024,0.00839069,3.8601775,-0.010108267334898386,-0.016347907954777835,0,0
2011-04-27,0.0074294545,0.006300644,0.0057158372,3.8684616,-0.009996602613846692,-0.016167314731323344,0,0
2011-04-28,0.0029563953,0.006227112,0.005928473,3.9476473,-0.00987993671040164,-0.015978633190977053,0,0
2011-04-29,0.003499405,0.006160849,0.0052975444,3.832225,-0.009774803296481354,-0.015808602925967478,0,0
2011-05-02,-0.0014719414,0.0061247475,0.009389001,3.7004611,-0.009717525415985652,-0.015715968502364955,0,0
2011-05-03,-0.00424394,0.0061751483,0.0061238706,3.553308,-0.009797490947313402,-0.015845295230911965,0,0
2011-05-04,-0.00667906,0.006246727,0.008258258,3.4267194,-0.009911057692137638,-0.016028964561134423,0,0
2011-05-05,-0.0059746257,0.006301339,0.01182437,3.508441,-0.009997704737992724,-0.016169097175682712,0,0
2011-05-06,-0.00037460198,0.006370152,0.010539619,3.6213052,-0.010106883798100945,-0.01634567038710503,0,0
2011-05-09,0.0061630597,0.006374138,0.00564941,3.4311612,-0.010113207891415076,-0.016355898222595682,0,0
2011-05-10,0.008158769,0.0062821982,0.0075763683,3.7174,-0.009967336602964031,-0.016119983370145204,0,0
2011-05-11,-0.011142177,0.0063611655,0.011318398,3.9165006,-0.010092625858717522,-0.016322611293697373,1,0
2011-05-12,0.006514681,0.006449171,0.009850201,3.8728464,-0.010232255396463047,-0.0165484314817875,0,0
2011-05-13,-0.010069076,0.006433786,0.009835845,3.8245995,-0.010207845789760804,-0.01650895429045888,0,0
2011-05-16,-0.006392201,0.0064795236,0.008207713,3.711906,-0.01028041315440715,-0.016626316105145315,0,0
2011-05-17,0.0,0.006560091,0.008544397,3.930856,-0.010408241458070134,-0.016833050382451493,0,0
2011-05-18,0.009759837,0.006534776,0.0062799095,3.74206,-0.010368076362344334,-0.016768092139246616,0,0
2011-05-19,0.0024251482,0.006435621,0.0055730115,3.8197565,-0.010210756736704794,-0.016513662109427747,0,0
2011-05-20,-0.010488952,0.0063494085,0.0063259127,3.9739792,-0.010073972090843606,-0.016292442910718446,1,0
2011-05-23,-0.009459019,0.006376835,0.0070929704,3.917975,-0.010117486992471383,-0.016362818731114108,0,0
2011-05-24,-0.0013314314,0.0064547705,0.0057408763,3.8387191,-0.010241139349554782,-0.016562799329669482,0,0
2011-05-25,0.0022813699,0.006441019,0.011864631,3.9822972,-0.010219321272864222,-0.0165275133703977,0,0
2011-05-26,0.0075671948,0.006385965,0.006515163,3.8465,-0.010131972052676363,-0.016386245142694347,0,0
2011-05-27,0.0026350475,0.0063013025,0.0046405876,4.1556315,-0.009997646826707547,-0.016169003516865798,0,0
2011-05-31,0.0104713,0.0062253955,0.0064631687,4.009719,-0.009877213070270643,-0.015974228299744136,0,0
2011-06-01,-0.02409755,0.0061245495,0.01191981,3.9206662,-0.00971721142823633,-0.01571546069596701,1,1
2011-06-02,0.00038102496,0.006271874,0.007272823,3.6425312,-0.009950955853033325,-0.016093491095730095,0,0
2011-06-03,-0.012458235,0.006290344,0.0069294972,3.649611,-0.009980260773060716,-0.01614088538392585,1,0
2011-06-06,-0.008716762,0.0063181855,0.0055357176,3.8486407,-0.010024433510693554,-0.016212325109944872,0,0
2011-06-07,-0.00019457146,0.0063661593,0.0071273693,3.7065976,-0.010100548846420844,-0.016335424990586215,0,0
2011-06-08,-0.00605057,0.006368348,0.0050167753,3.496679,-0.010104021713803823,-0.016341041592762937,0,0
2011-06-09,0.008188777,0.0064324588,0.009176003,3.6412735,-0.010205740171626308,-0.016505548914412704,0,0
2011-06-10,-0.014276179,0.006343451,0.007998021,3.4658465,-0.010064519883266067,-0.01627715603569551,1,0
2011-06-13,0.0017711311,0.0066027497,0.006774927,3.572836,-0.010475923462893477,-0.01694251119787995,0,0
2011-06-14,0.010172232,0.006754499,0.008756903,3.7260778,-0.010716688726154392,-0.017331896265774662,0,0
2011-06-15,-0.019257817,0.0066812043,0.010414002,3.3691816,-0.010600399246062991,-0.017143823507738302,1,1
2011-06-16,0.0027739268,0.0069753733,0.009314518,3.6217692,-0.01106712801003903,-0.017898655035292494,0,0
2011-06-17,0.0019766758,0.007273159,0.010398648,3.7900822,-0.011539594515566777,-0.018662766102816097,0,0
2011-06-20,0.006102982,0.007295676,0.009711441,3.9548724,-0.011575320349338204,-0.018720544812337023,0,0
2011-06-21,0.011125322,0.0071417675,0.009103278,4.183441,-0.011331129271613517,-0.018325619240054332,0,0
2011-06-22,-0.0064258813,0.0070181014,0.006806819,4.036752,-0.01113492040824974,-0.01800829438784069,0,0
2011-06-23,-0.0021511693,0.0070445426,0.013154969,4.223535,-0.01117687170517773,-0.01807614142017971,0,0
2011-06-24,-0.010232281,0.0069687204,0.0120510785,3.9196882,-0.01105657277345163,-0.017881584252491176,0,0
2011-06-27,0.009644795,0.0071643894,0.011580359,4.1353,-0.011367020695465998,-0.01838366575525487,0,0
2011-06-28,0.01419843,0.007146619,0.009804391,4.380866,-0.011338826043359116,-0.01833806708218961,0,0
2011-06-29,0.0075036427,0.0069533135,0.005626934,4.703228,-0.011032127877059981,-0.017842049987821,0,0
2011-06-30,0.008588659,0.0067292554,0.0061637843,4.6713386,-0.010676637643271283,-0.01726712241336558,0,0
2011-07-01,0.014527187,0.0065263677,0.008725107,4.8460927,-0.010354735954885437,-0.016746516952719413,0,0
2011-07-05,0.0014972865,0.006339584,0.0049294485,4.9527817,-0.010058384906492595,-0.016267234054778843,0,0
2011-07-06,-0.000748363,0.0062638302,0.0075547276,4.766166,-0.00993819365356237,-0.016072851033953003,0,0
2011-07-07,0.011907117,0.006260734,0.005187295,4.8994613,-0.009933281147824439,-0.016064906132124596,0,0
2011-07-08,-0.007425317,0.006179868,0.012521929,4.9918213,-0.009804978695514065,-0.015857405023254948,0,0
2011-07-11,-0.017480005,0.0061881193,0.011177314,5.1384435,-0.009818071170283296,-0.015878579232972246,1,1
2011-07-12,-0.005895234,0.0064321896,0.014729252,5.4090075,-0.010205313075898125,-0.016504858180637974,0,0
2011-07-13,0.0011437287,0.006623629,0.010979655,5.0939193,-0.01050905052774257,-0.01699608696799193,0,0
2011-07-14,-0.0042000827,0.0067719095,0.011145942,5.3063083,-0.010744312409183977,-0.017376571521441925,0,0
2011-07-15,0.006293527,0.0069410694,0.0073451074,5.571234,-0.01101270135547448,-0.017810631845003897,0,0
2011-07-18,-0.01108786,0.006934255,0.010879134,5.6945376,-0.011001890042422937,-0.017793146914621548,1,0
2011-07-19,0.015829451,0.00709336,0.008923805,6.1504564,-0.011273531581093508,-0.018163349854653656,0,0
2011-07-20,0.0,0.006932739,0.0056056324,6.0483966,-0.011005692249211555,-0.01777714650957334,0,0
2011-07-21,0.01595529,0.0068253567,0.011667812,5.63822,-0.010829111723096375,-0.0175137158343631,0,0
2011-07-22,-0.0011179431,0.0066266735,0.007913132,5.694124,-0.010513880690871892,-0.017003898698690036,0,0
2011-07-25,-0.0056085396,0.006543506,0.009556134,5.3076663,-0.010381927113003855,-0.01679049269409786,0,0
2011-07-26,-0.0054516536,0.0066787284,0.0067596063,5.171569,-0.010596471232173072,-0.017137470805797406,0,0
2011-07-27,-0.020760674,0.006765235,0.01030706,5.4066343,-0.010733722787771006,-0.017359445128718065,1,1
2011-07-28,-0.0017336034,0.0070900237,0.0095496,5.2162476,-0.011249032785964007,-0.018192846159728746,0,0
2011-07-29,-0.006382383,0.007218766,0.011361138,5.26023,-0.011453294937422755,-0.01852319544116928,0,0
2011-08-01,-0.006814005,0.0072356015,0.01759588,5.564546,-0.011480006517710799,-0.018566395570470174,0,0
2011-08-02,-0.02572362,0.007184078,0.014176309,5.213905,-0.011398259309500013,-0.018434187369884093,1,1
2011-08-03,0.005795959,0.007494592,0.015464062,5.092555,-0.011890920566005693,-0.0192309590229679,0,0
2011-08-04,-0.04545774,0.0075472193,0.02964911,5.128052,-0.011974418685729262,-0.01936599893934657,1,1
2011-08-05,-0.0008345504,0.008818952,0.033089377,4.5404334,-0.013992151015784134,-0.022629238950345753,0,0
2011-08-08,-0.074959286,0.00972044,0.03822024,4.626036,-0.015422452080868291,-0.024942437581221846,1,1
2011-08-09,0.05301285,0.011990258,0.052983318,4.136383,-0.019023743167909966,-0.030766736964960986,0,0
2011-08-10,-0.042049546,0.009965837,0.030761905,4.3970804,-0.015811798699753785,-0.025572120441514738,1,1
2011-08-11,0.039272062,0.010272239,0.043606736,4.515589,-0.016297936792902538,-0.02635834230692476,0,0
2011-08-12,0.0070355264,0.010109843,0.023821933,4.654733,-0.016040276817054964,-0.02594163374261484,0,0
2011-08-15,0.018314373,0.010142521,0.011573626,4.709586,-0.016092125514565295,-0.026025487652131814,0,0
2011-08-16,-0.0052284966,0.009891292,0.014095002,4.8467994,-0.01569352575814506,-0.025380839868999125,0,0
2011-08-17,-0.0018889711,0.0098803155,0.014924544,4.6679745,-0.015676108939127978,-0.02535267197981269,0,0
2011-08-18,-0.039859574,0.010163956,0.028614847,4.7527103,-0.01612613391678568,-0.02608048879236368,1,1
2011-08-19,-0.017199984,0.011693307,0.019457787,4.62945,-0.01855260228789448,-0.030004769806293272,0,0
2011-08-22,-0.0006674825,0.012736313,0.022070907,4.809081,-0.020207435359113284,-0.03268109976794829,0,0
2011-08-23,0.030899797,0.013422631,0.017995669,4.850186,-0.021296346683485592,-0.034442175282868144,0,0
2011-08-24,0.011585626,0.013228804,0.019702107,4.782038,-0.020988821471645016,-0.03394482062352051,0,0
2011-08-25,-0.012449184,0.01307295,0.020098776,4.8909326,-0.020741543903393143,-0.03354490332898018,0,0
2011-08-26,0.015856342,0.013413695,0.026905304,4.895207,-0.021282169276983117,-0.03441924643375275,0,0
2011-08-29,0.02684725,0.013419103,0.013518536,4.7380505,-0.02129075100555533,-0.03443312549968398,0,0
2011-08-30,-0.002694023,0.0129085425,0.014708689,4.5570736,-0.020480695187405498,-0.03312303767606401,0,0
2011-08-31,0.010732817,0.013020382,0.015063273,4.706592,-0.02065814079437182,-0.033410017071598005,0,0
2011-09-01,-0.013642212,0.012879563,0.013672316,4.876497,-0.020434715436702357,-0.033048675502273514,0,0
2011-09-02,-0.027000163,0.012965746,0.012333488,4.90052,-0.020571454839372005,-0.033269821530032107,1,0
2011-09-06,-0.004070707,0.013613558,0.01888408,4.761474,-0.021599273377337552,-0.03493209284678533,0,0
2011-09-07,0.029196065,0.014151177,0.011610199,4.551921,-0.022452259555080407,-0.03631161112211773,0,0
2011-09-08,-0.01111239,0.013862236,0.010804015,4.551876,-0.02199382658270602,-0.03557019622008625,0,0
2011-09-09,-0.023681106,0.0140852975,0.024464784,4.6493144,-0.022347735114518312,-0.03614256573810475,1,0
2011-09-12,0.004523433,0.014201303,0.018421398,4.7509794,-0.022531789846905497,-0.03644023394611888,0,0
2011-09-13,0.0017178445,0.014430288,0.01874572,4.556809,-0.022895096294465473,-0.03702780253401946,0,0
2011-09-14,0.014483746,0.014600425,0.02772807,4.572896,-0.0231650352724983,-0.03746436969435286,0,0
2011-09-15,0.018437564,0.014437148,0.013449391,4.7475877,-0.022905981806351148,-0.03704540746476098,0,0
2011-09-16,0.0062086293,0.014004106,0.010682588,5.009834,-0.022218915080096668,-0.03593422755355895,0,0
2011-09-19,-0.011620799,0.013640103,0.013169443,5.123374,-0.021641389359482767,-0.035000206221384944,0,0
2011-09-20,-0.0014621413,0.013817205,0.017233973,4.9133873,-0.02192237853461849,-0.03545464465472046,0,0
2011-09-21,-0.03423317,0.0138058625,0.019766863,5.0158277,-0.021904382602749635,-0.0354255401773649,1,0
2011-09-22,-0.02830067,0.014524903,0.027640058,4.8241105,-0.02304521320401108,-0.03727058374848484,1,0
2011-09-23,0.0055475566,0.015457571,0.02284048,4.926537,-0.02452498407959414,-0.03966378896028942,0,0
2011-09-26,0.025129696,0.015938383,0.018790264,4.4712,-0.02528784039059679,-0.04089754192128766,0,0
2011-09-27,0.009450242,0.015798798,0.02011238,4.673159,-0.02506637496798505,-0.04053937011754805,0,0
2011-09-28,-0.017901912,0.01564375,0.020575158,4.702687,-0.024820375067462402,-0.040141519170655865,0,0
2011-09-29,0.006507615,0.016296364,0.022452945,4.9348917,-0.025855814368611754,-0.04181611540234716,0,0
2011-09-30,-0.02651048,0.016385598,0.016519489,4.9811106,-0.02599739117332137,-0.042045084868155974,1,0
2011-10-03,-0.035940133,0.017278288,0.022769978,5.142625,-0.027413732904086295,-0.04433570733389911,1,0
2011-10-04,0.02477681,0.018238302,0.03006401,5.300139,-0.028936892000360807,-0.04679908348743736,0,0
2011-10-05,0.019124443,0.017812436,0.018701885,5.239133,-0.028261213890281977,-0.045706322167948774,0,0
2011-10-06,0.019629857,0.017218469,0.01515873,5.356341,-0.0273188235465913,-0.044182212240331635,0,0
2011-10-07,-0.002162163,0.016926594,0.017648626,5.494349,-0.026855735954670786,-0.04343326951089082,0,0
2011-10-10,0.030692946,0.01688556,0.012398281,5.3991027,-0.026790631002037834,-0.04332797651281497,0,0
2011-10-11,-0.0012602396,0.016048782,0.008318378,5.693354,-0.025462998501798607,-0.04118082179355361,0,0
2011-10-12,0.007329108,0.015414156,0.020032622,5.599611,-0.02445610222533103,-0.03955238765124806,0,0
2011-10-13,-0.00020865936,0.01457751,0.0112423,5.461426,-0.02312867965350057,-0.03740557244519801,0,0
2011-10-14,0.017582417,0.014163792,0.012390415,5.3947062,-0.02247227333329216,-0.03634397902387509,0,0
2011-10-17,-0.0209269,0.013409934,0.01777949,5.6012554,-0.02127620260488219,-0.03440959664877274,0,0
2011-10-18,0.023997841,0.014067436,0.021189833,5.816385,-0.022319394779334655,-0.036096731454578194,0,0
2011-10-19,-0.01358325,0.0136711905,0.012477365,5.899373,-0.021690711677177232,-0.03507997426501411,0,0
2011-10-20,0.0028967536,0.014253144,0.013843877,5.8501544,-0.02261404015940626,-0.03657325580767689,0,0
2011-10-21,0.020653019,0.014462158,0.008731502,5.8117623,-0.02294566189506359,-0.037109581315374215,0,0
2011-10-24,0.009467288,0.013825123,0.011866174,6.0974193,-0.021959526987798225,-0.03542663015039384,0,0
2011-10-25,-0.01820807,0.0130552985,0.014528131,6.1777477,-0.020754992318086474,-0.03341712706447755,0,0
2011-10-26,0.010560618,0.013459236,0.013557094,6.51027,-0.02146705280153341,-0.03430145732868445,0,0
2011-10-27,0.035718083,0.013008328,0.018905627,6.700068,-0.020781624583029866,-0.03307487214557378,0,0
2011-10-28,-0.0011702752,0.011614281,0.006331456,6.8932443,-0.018582512626325254,-0.02946323865597003,0,0
2011-10-31,-0.025097651,0.011061732,0.012909537,6.8268175,-0.0176895632739549,-0.02808317365828018,1,0
2011-11-01,-0.020010773,0.011756259,0.019581554,7.20221,-0.018850005731431963,-0.029721144414349615,1,0
2011-11-02,0.007930901,0.012990764,0.011605817,7.3501306,-0.02084867784188173,-0.032790924672449505,0,0
2011-11-03,0.017269505,0.013064046,0.024173189,7.3741813,-0.020969321994610494,-0.03296770340192183,0,0
2011-11-04,-0.0037897723,0.012632039,0.013552274,7.201904,-0.02025419343966761,-0.031935320511311684,0,0
2011-11-07,0.0051823915,0.012621151,0.01527413,7.179861,-0.020233841620667378,-0.03191535913973195,0,0
2011-11-08,0.012447064,0.012535324,0.012839746,7.2786922,-0.020108922343836926,-0.031664953608997376,0,0
2011-11-09,-0.038019784,0.011768877,0.016868204,7.399891,-0.018893313298936072,-0.02969143476047975,1,1
2011-11-10,0.009540314,0.0128572,0.014271094,7.326317,-0.020631336494760018,-0.03246182273474892,0,0
2011-11-11,0.019208273,0.012700168,0.012860585,7.3163753,-0.020378112850325036,-0.03206867418937331,0,0
2011-11-14,-0.0071599353,0.012317687,0.014187032,7.332031,-0.019766293610369464,-0.031097808401190172,0,0
2011-11-15,0.0011968883,0.012330005,0.015957171,7.3411584,-0.01978716027407813,-0.031125953882656456,0,0
2011-11-16,-0.018511595,0.012312545,0.010930456,6.9663467,-0.01971025231350051,-0.031208531628986774,0,0
2011-11-17,-0.013288553,0.012810585,0.01855666,7.247093,-0.02054640824062076,-0.03237109314843652,0,0
2011-11-18,-0.0006176017,0.01325859,0.0121685425,7.0762796,-0.021241069958037734,-0.03356517497051778,0,0
2011-11-21,-0.019337332,0.013073866,0.014304972,7.078275,-0.020945417378929528,-0.033096803954572776,0,0
2011-11-22,-0.006741125,0.013201172,0.010971737,7.3715916,-0.021189096208567446,-0.033314636123596274,0,0
2011-11-23,-0.019422231,0.013093749,0.01048993,7.0678415,-0.020975771790525094,-0.03315095719519809,0,0
2011-11-25,-0.0056192065,0.013430244,0.015576844,7.1167827,-0.0215219716737804,-0.03398459873793425,0,0
2011-11-28,0.03199249,0.013822807,0.012676054,6.932517,-0.022122494833747543,-0.03505006265774623,0,0
2011-11-29,0.004607338,0.013346984,0.011285352,7.1940675,-0.021399449738091533,-0.03374562554514201,0,0
2011-11-30,0.040537793,0.013020044,0.02650891,7.070588,-0.02085809248138914,-0.032963349941668,0,0
2011-12-01,-0.002008436,0.012075922,0.008671877,7.0631013,-0.01934461643452791,-0.030575613062306585,0,0
2011-12-02,0.0,0.011612179,0.011715981,6.6952953,-0.018550464799503293,-0.02952673409883024,0,0
2011-12-05,0.009205588,0.011378128,0.00965887,6.5336037,-0.0181515323352335,-0.028989164905898725,0,0
2011-12-06,0.0,0.01124788,0.011513388,6.4748983,-0.017934260472710527,-0.02867854270033855,0,0
2011-12-07,0.0071457233,0.011241177,0.0128447395,6.3359866,-0.017899980405313126,-0.028712869238882947,0,0
2011-12-08,-0.022400936,0.011345961,0.018787429,6.255333,-0.018052203980602952,-0.029011461481690367,1,0
2011-12-09,0.018238805,0.011758409,0.01401257,6.481987,-0.018749490308332284,-0.029977534778264845,0,0
2011-12-12,-0.018845785,0.011106156,0.016669588,6.616457,-0.01773041781587546,-0.02826716479986852,1,0
2011-12-13,-0.012217623,0.010977462,0.0175511,6.8277144,-0.017554923041609535,-0.027868940371112864,0,0
2011-12-14,-0.011539382,0.011516814,0.012141521,6.8481665,-0.018420321134296275,-0.029231238436880094,0,0
2011-12-15,0.004549222,0.011736163,0.012849816,6.864513,-0.018773477551539818,-0.029782317839869375,0,0
2011-12-16,-0.0006191312,0.011483141,0.009714174,6.720901,-0.018348147291854616,-0.02918963200441357,0,0
2011-12-19,-0.0099585885,0.011380562,0.012518286,6.6067557,-0.018166990757520818,-0.028969036468810275,0,0
2011-12-20,0.030392483,0.011199758,0.0119512575,6.672248,-0.017888227321032114,-0.0284859953213197,0,0
2011-12-21,0.00020224492,0.0106460145,0.014874432,6.661695,-0.017002300297586852,-0.027081048412150647,0,0
2011-12-22,0.010260628,0.009903681,0.008469878,6.5024195,-0.015794938995407348,-0.025242464594870367,0,0
2011-12-23,0.008966883,0.0097475825,0.004169334,6.5394297,-0.015551125215186408,-0.024833054314465332,0,0
2011-12-27,0.0,0.009786057,0.004487889,6.5629687,-0.015615740021885087,-0.02492375360684686,0,0
2011-12-28,-0.012576271,0.009696446,0.009373302,6.482973,-0.01546170665033609,-0.02472034625733069,0,0
2011-12-29,0.01039178,0.00995374,0.004948963,6.6950593,-0.01590107614401639,-0.025309828967098928,0,0
2011-12-30,-0.003984069,0.009844358,0.0050710603,6.868643,-0.0157477866549253,-0.024980376571632004,0,0
2012-01-03,0.015448911,0.009992418,0.0052375235,6.913274,-0.015989949861383874,-0.0253430419825941,0,0
2012-01-04,0.00078585465,0.009560933,0.0066700974,6.9738092,-0.01530621755961931,-0.024231990739322893,0,0
2012-01-05,0.0,0.009255781,0.010169632,7.000694,-0.014820532308364352,-0.023451480637615478,0,0
2012-01-06,0.0009814507,0.009014502,0.008585824,6.970615,-0.014431098573852953,-0.022847897668603158,0,0
2012-01-09,0.0009804884,0.008734149,0.0058232425,7.0183926,-0.013987029969229464,-0.022125424254098924,0,0
2012-01-10,0.008198367,0.008854997,0.008030147,7.061253,-0.014184783205274833,-0.022420854817978397,0,0
2012-01-11,0.0017480825,0.008750867,0.005537542,7.27619,-0.014037750441132677,-0.02210577876189099,0,0
2012-01-12,0.00271318,0.008811671,0.009031709,7.2976303,-0.01413717387383224,-0.022254357249033036,0,0
2012-01-13,-0.0021311643,0.008716502,0.01216924,7.1530027,-0.013971565069053647,-0.022047995725739525,0,0
2012-01-17,0.00019393,0.008749135,0.0114699695,7.2274823,-0.014030654439857848,-0.022112819927747808,0,0
2012-01-18,0.010032884,0.008713617,0.007313129,7.1852474,-0.013969892245720707,-0.02203301885126317,0,0
2012-01-19,0.006315206,0.0085214805,0.0055175065,7.501538,-0.013688123665608154,-0.021476523966752908,0,0
2012-01-20,0.00019074869,0.008300785,0.0037667358,7.3904123,-0.013325020069279055,-0.020943901534382938,0,0
2012-01-23,0.00019071231,0.008059833,0.006947313,7.4507694,-0.012942810651817542,-0.020323434286428892,0,0
2012-01-24,0.00038131553,0.007841169,0.0055457596,7.490246,-0.012594525884591784,-0.0197641861343729,0,0
2012-01-25,0.0066495924,0.0077194395,0.010906462,7.4292245,-0.012394638222032007,-0.01946936700355243,0,0
2012-01-26,-0.003794351,0.0075286417,0.010675417,7.750269,-0.012109523434331387,-0.018928386324985415,0,0
2012-01-27,-0.0020930462,0.007428498,0.006510103,7.8353076,-0.011953553717442129,-0.01866171675391914,0,0
2012-01-30,-0.0026702285,0.007294192,0.009738233,7.8652897,-0.01173916330307738,-0.018319229137193315,0,0
2012-01-31,-0.00057312066,0.0073275715,0.0082247555,7.4295287,-0.011765459955099344,-0.01848097031224315,0,0
2012-02-01,0.008751959,0.007358128,0.01113512,7.402922,-0.011812675412920273,-0.018563080657397982,0,0
2012-02-02,0.0022705782,0.0071613975,0.0046699834,7.2099953,-0.011483174051106259,-0.018103309062816313,0,0
2012-02-03,0.012210164,0.0069675217,0.008889152,7.3311596,-0.011180780407987461,-0.01759069122997296,0,0
2012-02-06,0.0,0.006691211,0.0053018597,7.616198,-0.010754968712505274,-0.016844626442254415,0,0
2012-02-07,0.0042850557,0.0066037043,0.006898391,7.6781554,-0.010617824439213434,-0.016614356300329015,0,0
2012-02-08,0.0016717752,0.006928965,0.005108634,7.80671,-0.011148146801631925,-0.01741144015243142,0,0
2012-02-09,0.0009275578,0.0071321707,0.006274173,7.901453,-0.01148042054350322,-0.01790636280243961,0,0
2012-02-10,-0.0057647764,0.0073893056,0.0068143085,8.039652,-0.011902021731811943,-0.01852883516768656,0,0
2012-02-13,0.0063208984,0.007826606,0.0049194694,8.466098,-0.01262902792541239,-0.01955453380937071,0,0
2012-02-14,-0.00092704187,0.0076509267,0.007460453,8.801695,-0.012360724009138586,-0.01906553028669634,0,0
2012-02-15,-0.004089225,0.007734583,0.010206985,8.912467,-0.012500561956809684,-0.019258078309314846,0,0
2012-02-16,0.009269625,0.00816826,0.010494806,9.189612,-0.013213068761645474,-0.02029751168942998,0,0
2012-02-17,0.0036839237,0.008010017,0.0036379783,9.657734,-0.01297414767670591,-0.019842390151191967,0,0
2012-02-21,0.00018384043,0.007943314,0.006437726,9.78033,-0.012870145283482341,-0.019662017509149997,0,0
2012-02-22,-0.0029455102,0.007920048,0.005462253,9.72828,-0.012830758441021524,-0.019610792022506002,0,0
2012-02-23,0.005148963,0.007760285,0.0062645776,9.318122,-0.012557906339066713,-0.019266684843712703,0,0
2012-02-24,0.00018340211,0.007402819,0.0036244045,9.489392,-0.011985241929102892,-0.01835818813723597,0,0
2012-02-27,0.0029298684,0.0074593564,0.009034516,9.432059,-0.012074856698992645,-0.018505398355615148,0,0
2012-02-28,0.0031036083,0.0075293425,0.004370578,9.254464,-0.012181914915433863,-0.01870145256842944,0,0
2012-02-29,-0.0051169703,0.0074111694,0.010150995,9.344963,-0.01199388839559351,-0.018396580900608184,0,0
2012-03-01,0.0073019676,0.0073971837,0.0064720954,9.240791,-0.011967605924726732,-0.018374925644078232,0,0
2012-03-02,-0.004192114,0.007212095,0.0056140013,9.58086,-0.011679352030531213,-0.017874573244836673,0,0
2012-03-05,-0.0031098535,0.0072102617,0.005830022,9.337497,-0.011668498141524694,-0.017898776064619745,0,0
2012-03-06,-0.016627023,0.007154596,0.010047725,9.293415,-0.011576930487173768,-0.01776591164501814,1,0
2012-03-07,0.007978519,0.0075842664,0.004424885,8.380012,-0.012233832931827893,-0.01896239057891196,0,0
2012-03-08,0.0101131685,0.0073606763,0.0069386447,8.480724,-0.011877875987956107,-0.018388248973965234,0,0
2012-03-09,0.004381168,0.007120902,0.005071946,8.821919,-0.011505224190361445,-0.017742048354294104,0,0
2012-03-12,0.0,0.006924179,0.0034836787,8.453344,-0.011172314898714815,-0.017301636232785658,0,0
2012-03-13,0.013209276,0.006635453,0.007118984,8.179838,-0.01069443512565539,-0.016618151784804334,0,0
2012-03-14,-0.001439108,0.0070657358,0.005029326,8.468329,-0.011401385257539035,-0.017653204678559156,0,0
2012-03-15,0.0052069426,0.0074057276,0.00547991,8.002673,-0.011926448767898428,-0.01857613810319446,0,0
2012-03-16,0.0017892293,0.0074585904,0.003053513,7.6792874,-0.011992432639379177,-0.01876497322468765,0,0
2012-03-19,0.003925072,0.0074698385,0.006678836,7.3964415,-0.011991554309388648,-0.018846155602450464,0,0
2012-03-20,-0.002853069,0.0071815285,0.0064611714,7.3782983,-0.01152747693918695,-0.01812213864102669,0,0
2012-03-21,-0.0017873106,0.0069347923,0.005701194,7.1181793,-0.011113111488892921,-0.017547896327417416,0,0
2012-03-22,-0.0061008623,0.0066826968,0.008411871,7.0601664,-0.010704904120210884,-0.01692079345683061,0,0
2012-03-23,0.0035932485,0.006620711,0.0071755187,7.189315,-0.010614773159442498,-0.01674022052883012,0,0
2012-03-26,0.014952219,0.0063819117,0.0067630922,7.076441,-0.010224222595127596,-0.016156287433485468,0,0
2012-03-27,-0.006025182,0.006112295,0.005773422,6.9113193,-0.009780804818563055,-0.015502517474513975,0,0
2012-03-28,-0.0044535566,0.0062638,0.009860638,6.9125485,-0.010023331098276576,-0.015886552124024223,0,0
2012-03-29,-0.0014293374,0.006294863,0.008979393,6.74467,-0.010060064704050934,-0.015996713363843028,0,0
2012-03-30,0.00356952,0.0062213247,0.00476001,6.623404,-0.009932619060438665,-0.015833042744028202,0,0
2012-04-02,0.0065702093,0.006157385,0.009125077,6.639118,-0.00983184119956823,-0.015667302651339674,0,0
2012-04-03,-0.0026583977,0.006155714,0.007273878,6.7589006,-0.00983880086487373,-0.015640454214173902,0,0
2012-04-04,-0.011063639,0.0061816336,0.0076543614,6.7653623,-0.009880734161490016,-0.01570510483850244,1,0
2012-04-05,-0.0021555603,0.006281353,0.0068608345,6.980036,-0.010056344382934615,-0.015918841117517485,0,0
2012-04-06,0.0,0.006384271,0.0116283,6.928669,-0.010217319456806852,-0.016189110017375632,0,0
2012-04-09,-0.011029856,0.0064188126,0.0056476425,6.866319,-0.010267843529241831,-0.01628838393471873,1,0
2012-04-10,-0.01317735,0.0066197393,0.012330056,7.1031327,-0.010607160824034506,-0.01675344372948853,1,0
2012-04-11,0.0051451786,0.0072561093,0.006104984,7.4246087,-0.011650382414614979,-0.018301652626992654,0,0
2012-04-12,0.016000342,0.007421866,0.0065814275,7.3026614,-0.011907783532626543,-0.01874333925143882,0,0
2012-04-13,-0.015267472,0.0070689796,0.008591603,7.6512103,-0.011364300079458252,-0.017789575413544072,1,0
2012-04-16,-0.0007328692,0.007302369,0.007570335,8.077893,-0.01176402701521188,-0.018304648902233902,0,0
2012-04-17,0.014194961,0.0073185884,0.012436292,7.79772,-0.011774489397158127,-0.018392051875122363,0,0
2012-04-18,-0.0038019419,0.007074988,0.0038820582,7.923151,-0.011389558372086122,-0.017759276213988467,0,0
2012-04-19,-0.004180684,0.007118074,0.012253366,7.6993403,-0.011446129537226303,-0.01790482484764421,0,0
2012-04-20,0.0020016383,0.0070991833,0.0061236215,7.3567,-0.011393822269393944,-0.017918340993699884,0,0
2012-04-23,-0.009130816,0.0069727153,0.009849349,7.1789217,-0.011178373954017697,-0.01763222354714254,0,0
2012-04-24,0.0053060227,0.007091688,0.0042439206,7.327575,-0.011379781593636147,-0.017904839456869298,0,0
2012-04-25,0.012512631,0.006977674,0.005684816,7.2152114,-0.011188951133032072,-0.017637888747462055,0,0
2012-04-26,0.0068247393,0.0067411168,0.0076847924,7.4020348,-0.01082207448696935,-0.01700664031427186,0,0
2012-04-27,0.0012521243,0.006574805,0.008328947,7.425712,-0.010556551302857771,-0.0165830534328329,0,0
2012-04-30,-0.0035816657,0.0065156505,0.0057167304,7.29299,-0.010453208195384566,-0.016456432660445414,0,0
2012-05-01,0.005010748,0.0065432573,0.009962596,7.262843,-0.010495523052661446,-0.016531411008411018,0,0
2012-05-02,-0.0021443898,0.0064709433,0.007731539,7.277775,-0.010380500406760348,-0.016346133268462407,0,0
2012-05-03,-0.008263025,0.0064495415,0.007705273,7.1473184,-0.010337496400843539,-0.016314829609199857,0,0
2012-05-04,-0.017100653,0.0065493495,0.009064221,7.308899,-0.010508306378512348,-0.016538788165194444,1,1
2012-05-07,0.0023824808,0.0067726145,0.01343348,7.4041653,-0.010872776982737226,-0.017085730082329834,0,0
2012-05-08,-0.0053225784,0.0067351577,0.012266122,7.260021,-0.010803143549323916,-0.01701675151560433,0,0
2012-05-09,-0.005536091,0.0070222444,0.010646945,7.196795,-0.011259084794204273,-0.0177540554265132,0,0
2012-05-10,0.004799714,0.0072889198,0.008946676,7.0722127,-0.011676968697238955,-0.01845330824301501,0,0
2012-05-11,-0.0055401805,0.007205128,0.009448074,7.07011,-0.011542566579785966,-0.018241597156446313,0,0
2012-05-14,-0.011922645,0.0073435856,0.0075151236,7.014393,-0.011759824904040225,-0.018603669171618493,1,0
2012-05-15,-0.0043196613,0.007689321,0.010996979,7.2968235,-0.012336447463768444,-0.01941996377852238,0,0
2012-05-16,-0.0043384014,0.008018318,0.00966535,7.3853436,-0.012871195871666422,-0.020232257310137784,0,0
2012-05-17,-0.016198544,0.008273872,0.012578265,7.293234,-0.01327398263306262,-0.02089707849570595,1,0
2012-05-18,-0.008101896,0.008821004,0.009913358,7.5800524,-0.014175455602167876,-0.022214089192518965,0,0
2012-05-21,0.019183401,0.009546416,0.010632195,7.6024895,-0.015343080101178788,-0.024035614212560768,0,0
2012-05-22,-0.0007603118,0.0088703465,0.010198676,7.8144975,-0.014272228000920867,-0.022288216696077234,0,0
2012-05-23,0.0007603118,0.008867297,0.013530452,7.7839227,-0.014265135172872615,-0.022286935175204307,0,0
2012-05-24,0.0051170397,0.008847719,0.008858485,7.7462163,-0.014230911911752922,-0.02224564218871697,0,0
2012-05-25,-0.005687219,0.008728312,0.008820374,7.719874,-0.014036951350229362,-0.021950916250859653,0,0
2012-05-29,0.013970399,0.008771186,0.0071289088,7.8493752,-0.0141151151798779,-0.022031913431150164,0,0
2012-05-30,-0.018925622,0.008439886,0.0076842383,8.08423,-0.01359694051836749,-0.021154853708444613,1,0
2012-05-31,0.0005730112,0.008964298,0.011756632,8.142267,-0.014445500146763624,-0.022457919432730795,0,0
2012-06-01,-0.027292898,0.009222063,0.01028074,7.9919734,-0.014850804847038332,-0.023134358078785125,1,1
2012-06-04,-0.0007852376,0.009777275,0.010798433,7.7997346,-0.015730298239369278,-0.024570414085090246,0,0
2012-06-05,0.009382399,0.009797794,0.009000221,7.459152,-0.015734461417505646,-0.024703727253691025,0,0
2012-06-06,0.023458103,0.009512761,0.010421377,7.5671124,-0.015286026760338243,-0.023959203302747298,0,0
2012-06-07,0.0009497579,0.008914689,0.009342515,7.9806128,-0.01435506226094295,-0.0223655627249052,0,0
2012-06-08,0.009072071,0.008632843,0.011463665,7.67304,-0.01388002009628176,-0.02172056788034498,0,0
2012-06-11,-0.016504217,0.00822012,0.0157717,7.441658,-0.013199509190494499,-0.020729526329678394,1,0
2012-06-12,0.009897302,0.008684464,0.008945211,7.8057,-0.013972532009175689,-0.021822948218401934,0,0
2012-06-13,-0.008559253,0.009065532,0.008025295,7.739271,-0.014580729420695195,-0.022794787213714567,0,0
2012-06-14,0.013282928,0.009499312,0.008935551,7.4797897,-0.015256932740045802,-0.023946161872540714,0,0
2012-06-15,0.008446788,0.009259102,0.004751242,7.693847,-0.014888554534281935,-0.023291597956496924,0,0
2012-06-18,0.0026134045,0.008852585,0.010524763,7.7220025,-0.014236964706645856,-0.022262999309313886,0,0
2012-06-19,0.00705929,0.008294918,0.009776289,7.5654006,-0.013328953251291293,-0.020892251233995223,0,0
2012-06-20,0.00018509949,0.008107739,0.00878542,7.4305177,-0.01301820476470429,-0.0204484350198388,0,0
2012-06-21,-0.024354894,0.007712304,0.011369471,7.2928267,-0.012373014031869549,-0.019478826477747346,1,1
2012-06-22,0.0064272434,0.008144996,0.0060725287,7.27363,-0.013065629774152212,-0.02057582815642885,0,0
2012-06-25,-0.015380537,0.007945597,0.009282237,7.1147428,-0.012732648831374855,-0.02010640806378634,1,0
2012-06-26,0.0068650157,0.007995752,0.00679152,7.2844763,-0.012827090434718346,-0.020196499548152096,0,0
2012-06-27,0.007572925,0.007857289,0.0075525898,7.042143,-0.012584896750842558,-0.01989888069572709,0,0
2012-06-28,-0.002265862,0.007785679,0.011169456,7.039155,-0.01246994078959637,-0.019718180765988944,0,0
2012-06-29,0.025383968,0.007673001,0.0165046,6.89757,-0.012276974227102454,-0.01946398640945756,0,0
2012-07-02,0.0007369197,0.0072725234,0.0066246907,6.777615,-0.011625537092935588,-0.018473943592320772,0,0
2012-07-03,0.0077050463,0.0068863784,0.005911013,6.6917734,-0.011000676992676763,-0.01751100295525946,0,0
2012-07-05,-0.004762786,0.0066585145,0.009034961,6.8191547,-0.010647453294944433,-0.016905942793064146,0,0
2012-07-06,-0.0071869837,0.006718266,0.010451678,6.6404867,-0.010727554006143787,-0.017094162324490975,0,0
2012-07-09,-0.0018511667,0.0066202334,0.0048607625,6.6957464,-0.010575866888382546,-0.016833430358626115,0,0
2012-07-10,-0.010243129,0.0065957336,0.01217344,6.3010225,-0.010499126983904573,-0.01685496189780631,0,0
2012-07-11,0.00056142977,0.0070463438,0.0077902647,6.5408196,-0.011241754426786477,-0.01795103629941792,0,0
2012-07-12,-0.00525231,0.0070528216,0.00994448,6.627937,-0.011260571960383022,-0.017948172702131893,0,0
2012-07-13,0.016785176,0.007094371,0.007620327,6.777644,-0.011340754135366421,-0.01802138950421538,0,0
2012-07-16,-0.0031490254,0.0068973787,0.00467541,7.1253304,-0.011053685197944542,-0.017451861443262388,0,0
2012-07-17,0.008130126,0.0068297307,0.009859063,7.0046353,-0.01093619957293027,-0.017303803074569468,0,0
2012-07-18,0.0064202733,0.006677131,0.008454179,6.844102,-0.01067926428441755,-0.016948268883758142,0,0
2012-07-19,0.003468106,0.0066357437,0.0046855956,7.1869946,-0.010638713555674164,-0.016778647997242786,0,0
2012-07-20,-0.010072423,0.0065422747,0.0049008983,6.857753,-0.010464662008256697,-0.016603331187066955,0,0
2012-07-23,-0.010732894,0.006650172,0.011840365,7.434561,-0.010678112496250674,-0.016771633199575708,1,0
2012-07-24,-0.010661282,0.00695851,0.010063484,8.001035,-0.01120614785780672,-0.01745461583231493,0,0
2012-07-25,0.00412836,0.0072633047,0.009787991,8.653067,-0.011728317339657708,-0.01812023065522837,0,0
2012-07-26,0.014685644,0.0072386377,0.013449128,7.9035473,-0.011651914430280049,-0.018173315663128072,0,0
2012-07-27,0.020276519,0.006902569,0.010896354,8.867101,-0.011154175352045687,-0.01719225108989716,0,0
2012-07-30,-0.0014477021,0.006716,0.0059871958,9.764276,-0.010881151189628046,-0.016625715784461894,0,0
2012-07-31,-0.004355724,0.006796683,0.0075520077,10.195982,-0.011018201750296034,-0.016801336645261632,0,0
2012-08-01,-0.002914392,0.006879333,0.0070403037,8.507371,-0.011102271857857539,-0.01718208313629971,0,0
2012-08-02,-0.006221429,0.006869833,0.017086484,9.101698,-0.01110972018409606,-0.01708157427992068,0,0
2012-08-03,0.019629857,0.0066992897,0.009993319,7.2765603,-0.010746725946467306,-0.016923172216829614,0,0
2012-08-06,0.00071968336,0.0064223954,0.00431794,7.9955034,-0.010342511555183603,-0.016110633305471547,0,0
2012-08-07,0.0050233332,0.006278735,0.007345413,11.536957,-0.010178548582554082,-0.015520973855016497,0,0
2012-08-08,0.00089437445,0.0063231215,0.00487914,15.63332,-0.01025050404802655,-0.01563069665972344,0,0
2012-08-09,0.001607861,0.0062056617,0.004976657,14.614086,-0.010060088259910291,-0.01534033714088198,0,0
2012-08-10,0.0014270426,0.0061282604,0.0053474833,13.282623,-0.009934611823626725,-0.015149001758319099,0,0
2012-08-13,0.0,0.006070198,0.004847113,13.680464,-0.00984048635056499,-0.015005472551317397,0,0
2012-08-14,-0.0007132668,0.0059781335,0.0061683613,11.279949,-0.00969123885200977,-0.014777889364558082,0,0
2012-08-15,0.0014260252,0.006011907,0.0043010092,11.977674,-0.009745989520592208,-0.014861377072920474,0,0
2012-08-16,0.006745987,0.0063695773,0.005482933,13.116124,-0.0103258143855931,-0.015745535211694035,0,0
2012-08-17,0.0015910902,0.0064406577,0.0029277166,19.238634,-0.010441043059117836,-0.015921244077709677,0,0
2012-08-20,-0.00035335688,0.0063946284,0.0042499877,15.35523,-0.010366424795794594,-0.015807460849702904,0,0
2012-08-21,-0.001591653,0.006398605,0.008303597,16.249195,-0.01037287121417311,-0.01581729080633178,0,0
2012-08-22,-0.00017700682,0.006478181,0.005012806,16.45166,-0.010501873009132646,-0.016014001906207942,0,0
2012-08-23,-0.008711941,0.0065470026,0.008459847,14.708359,-0.01061344044111169,-0.01618412785105887,0,0
2012-08-24,0.006940147,0.006621756,0.007185301,15.950294,-0.010734625173093771,-0.016368918938065607,0,0
2012-08-27,-0.0010645849,0.006534723,0.004442103,15.237689,-0.010593534022693824,-0.01615377313031408,0,0
2012-08-28,-0.00035511365,0.006553846,0.004389947,12.906008,-0.010624534728829103,-0.01620104520899113,0,0
2012-08-29,-0.00035523978,0.0065926155,0.0038903835,13.157291,-0.010687384354044198,-0.016296882781691138,0,0
2012-08-30,-0.007310365,0.0066475174,0.004485763,12.244266,-0.0107763867897195,-0.01643260001739966,0,0
2012-08-31,0.0057102223,0.006744158,0.0076539814,12.482421,-0.010933052142572803,-0.016671494475278537,0,0
2012-09-04,0.0007114906,0.0066570085,0.0075646015,11.147724,-0.010791772781738396,-0.01645606167088807,0,0
2012-09-05,-0.0017796765,0.0065895487,0.005409861,11.57579,-0.010682413235394098,-0.016289302466877823,0,0
2012-09-06,0.019404383,0.0064934865,0.007985333,10.810321,-0.0105266847147482,-0.01605183655729144,0,0
2012-09-07,0.005053596,0.00617943,0.002582531,8.300139,-0.00996451713551039,-0.01546024707636214,0,0
2012-09-10,-0.008203205,0.0059636906,0.0040980736,7.6113653,-0.009585354560749796,-0.015013856351230493,0,0
2012-09-11,0.002800142,0.0060427217,0.007609464,8.129568,-0.009736987675042613,-0.01514027377612755,0,0
2012-09-12,0.0062717977,0.0062967096,0.004284561,8.405293,-0.010157957908662314,-0.01573993182023037,0,0
2012-09-13,0.012255267,0.00626249,0.011706713,8.091149,-0.010089393544579496,-0.015696182740411197,0,0
2012-09-14,0.005815959,0.006104304,0.007876952,7.753472,-0.009818692919277353,-0.015346874588324844,0,0
2012-09-17,-0.0034170544,0.006175865,0.0033792383,8.124698,-0.009951315453487401,-0.0154745257383903,0,0
2012-09-18,-0.0053196177,0.006128094,0.0035031512,7.862266,-0.009862317090033601,-0.015391025164783207,0,0
2012-09-19,0.00017204302,0.006036956,0.0038872142,8.542134,-0.009744082776053872,-0.015073940588070293,0,0
2012-09-20,0.00034399726,0.005982947,0.0056100017,8.58721,-0.009658539506633788,-0.014933744263206797,0,0
2012-09-21,-0.0012045085,0.0060017323,0.0056231963,7.9857907,-0.00966464782490254,-0.015056710070728781,0,0
2012-09-24,-0.0003444119,0.005960182,0.0047256905,8.054401,-0.009600762489145912,-0.014943323795687722,0,0
2012-09-25,-0.009865939,0.005927707,0.008764611,7.421552,-0.009517334179628629,-0.014951568679402475,1,0
2012-09-26,-0.007157227,0.006064092,0.0065257475,7.832062,-0.009757865749722205,-0.015234544140466884,0,0
2012-09-27,0.009762978,0.006182322,0.0059875734,7.4281964,-0.009926522058685721,-0.015592733118272173,0,0
2012-09-28,-0.0046952525,0.006011184,0.00651512,8.078562,-0.009683972548169616,-0.015067981548094815,0,0
2012-10-01,0.0019155426,0.0060024285,0.011519483,7.3311605,-0.009632095692726954,-0.015154149565381166,0,0
2012-10-02,0.0027797099,0.006064049,0.0064703296,8.0039625,-0.009765819858711281,-0.01521056662232884,0,0
2012-10-03,0.0025989793,0.0060382765,0.006200755,7.529219,-0.009700845633023213,-0.015213946952769378,0,0
2012-10-04,0.0075849355,0.006019703,0.0044200458,6.843424,-0.009627738246013933,-0.015279669508100483,0,0
2012-10-05,-0.00017174752,0.005933312,0.007149714,6.424141,-0.009455961897522869,-0.015137881119546504,0,0
2012-10-08,-0.0039583566,0.005899939,0.0034997298,6.6773915,-0.00942376924959426,-0.015005248370175046,0,0
2012-10-09,-0.009529657,0.005904126,0.0073261224,6.755402,-0.009436419964647594,-0.015001841983118958,1,0
2012-10-10,-0.0068128486,0.0061698672,0.0042298133,7.4548173,-0.009908058242305742,-0.01555711545843684,0,0
2012-10-11,0.0015763205,0.00626508,0.008818248,7.7360544,-0.010076399457591824,-0.015753683333479807,0,0
2012-10-12,-0.0049122907,0.0062190956,0.006552745,7.9588695,-0.010013407693163156,-0.01560579959908763,0,0
2012-10-15,0.009800568,0.006280556,0.008430077,7.5202465,-0.010089573963293318,-0.01582580556443601,0,0
2012-10-16,0.009532961,0.006187543,0.0060671535,7.341044,-0.009929745826362071,-0.01561989636808355,0,0
2012-10-17,0.005333346,0.0061133797,0.0045140246,7.32833,-0.009809969232189995,-0.015434719153636698,0,0
2012-10-18,-0.0037820227,0.006053518,0.0053426074,6.995874,-0.009692677831320447,-0.015338701865417224,0,0
2012-10-19,-0.019127691,0.0060623223,0.0088703735,7.298407,-0.009726250233796628,-0.015310602028952139,1,1
2012-10-22,0.0042046313,0.0061766575,0.006790209,6.5559134,-0.009855564580973501,-0.015732486756515025,0,0
2012-10-23,-0.016392365,0.006176229,0.011508213,6.4510055,-0.009845566122631252,-0.015752224272325952,1,1
2012-10-24,-0.0010668564,0.006446115,0.0066295215,6.130569,-0.010242633551651198,-0.016510504860306866,0,0
2012-10-25,0.002132576,0.0064683636,0.008617247,5.9015303,-0.010262706778964183,-0.016597679921874317,0,0
2012-10-26,-0.00053271774,0.0064208023,0.009014322,6.0113792,-0.01018861171903442,-0.016472989996309886,0,0
2012-10-29,0.0,0.0064092246,0.0052659404,6.2436366,-0.0101962886919274,-0.016390859364966915,0,0
2012-10-30,0.0,0.006411129,0.0089905895,5.940686,-0.010171898264350807,-0.01645081704327946,0,0
2012-10-31,-0.0005330017,0.0064124335,0.0085370885,5.5233483,-0.010173967687932066,-0.016454163882565067,0,0
2012-11-01,0.011660909,0.0065222,0.009421704,5.41465,-0.01034812321000925,-0.016735822286563215,0,0
2012-11-02,-0.012549877,0.0062611266,0.010664596,5.215747,-0.009933904599003925,-0.016065914427825418,1,0
2012-11-05,0.0046140277,0.0063077398,0.0050869025,5.578729,-0.010007860929630697,-0.01618552259069874,0,0
2012-11-06,0.009340098,0.006360126,0.007439972,5.7357755,-0.01009097719681763,-0.016319944944253394,0,0
2012-11-07,-0.025763173,0.0062250993,0.017954122,5.623479,-0.009876743445942408,-0.015973468785275738,1,1
2012-11-08,-0.009948531,0.0064380197,0.0108379265,6.084788,-0.010224561440907661,-0.01650019919508538,0,0
2012-11-09,0.0003635042,0.0064511118,0.012592821,6.0516067,-0.010241488120387816,-0.01654139878290878,0,0
2012-11-12,0.0018155415,0.006475688,0.004552392,5.5371547,-0.010274327040280546,-0.016616473148855417,0,0
2012-11-13,-0.005274178,0.006276479,0.010011872,5.444443,-0.009958262628467808,-0.016105308204270224,0,0
2012-11-14,-0.013216051,0.0063700853,0.013914727,5.7287717,-0.010106777929032732,-0.016345499167080366,1,0
2012-11-15,-0.0012942592,0.0065148883,0.00707886,5.5758715,-0.010336522855697167,-0.01671706125480043,0,0
2012-11-16,0.0062707695,0.0065880236,0.009906296,5.1588497,-0.010452558973915917,-0.016904724255512798,0,0
2012-11-19,0.016592596,0.006470359,0.008679937,5.5027504,-0.010265871992644657,-0.01660279896158619,0,0
2012-11-20,0.0027088053,0.0062182737,0.0063174907,5.262406,-0.009865914035614248,-0.0159559545865131,0,0
2012-11-21,0.0014417014,0.006113937,0.0064387107,5.2506504,-0.009700373722071021,-0.0156882293949497,0,0
2012-11-23,0.012171262,0.0060763215,0.007262606,4.7702985,-0.00964069252324046,-0.01559170813044531,0,0
2012-11-26,-0.0014242481,0.006010638,0.005050784,5.0310907,-0.009536479355836194,-0.015423166162573235,0,0
2012-11-27,-0.004106049,0.0059260214,0.0054657934,4.7972918,-0.009402226518973851,-0.015206041610265827,0,0
2012-11-28,0.006774852,0.0059555788,0.0123462165,4.91714,-0.009449121991873855,-0.015281884764098754,0,0
2012-11-29,0.0061996477,0.0058814688,0.0057860683,5.655447,-0.009331538556504274,-0.015091719316872006,0,0
2012-11-30,-0.00088331423,0.0058317017,0.004691554,5.981565,-0.009252578328892647,-0.014964018446849837,0,0
2012-12-03,-0.005316334,0.005844326,0.009352645,6.1549854,-0.009288888804602767,-0.014964130733233738,0,0
2012-12-04,-0.0010666668,0.005936833,0.005147927,6.015959,-0.009421148463916602,-0.015230350433353272,0,0
2012-12-05,0.0019546875,0.0059745708,0.008721533,6.2184505,-0.009502318950357726,-0.015284450618626134,0,0
2012-12-06,0.0033673048,0.0059387865,0.0038112681,6.1241503,-0.009435841137292083,-0.015212421180587533,0,0
2012-12-07,0.0021208916,0.0059675365,0.0066687595,6.0149703,-0.00946976199973141,-0.015309330333639846,0,0
2012-12-10,0.002996917,0.005928512,0.004768096,5.6781144,-0.009406178059323372,-0.015212432361101091,0,0
2012-12-11,0.007889933,0.005918377,0.007347217,5.4528084,-0.009390097724184523,-0.015186425941798715,0,0
2012-12-12,-0.0029733297,0.0059715947,0.006177983,5.3168154,-0.0094745332828369,-0.015322981960276157,0,0
2012-12-13,-0.0065020877,0.0060668373,0.0070514786,5.0071936,-0.009625644637732663,-0.015567371472238202,0,0
2012-12-14,-0.002117897,0.0061222906,0.0069364957,5.1911483,-0.009713627262602153,-0.015709664093251533,0,0
2012-12-17,0.012291638,0.006124692,0.008202484,5.387957,-0.009717436739330223,-0.01571582508730156,0,0
2012-12-18,0.0059161475,0.0060427794,0.0071015297,5.2875123,-0.009587474766753987,-0.015505640067959764,0,0
2012-12-19,-0.0055671684,0.0059806015,0.0081086205,6.2780294,-0.009517750679703299,-0.015287689528075025,0,0
2012-12-20,0.005220127,0.006077203,0.004777373,6.5828133,-0.009699147677134232,-0.015473996827223455,0,0
2012-12-21,-0.010116953,0.006157163,0.024104688,6.2991023,-0.009800820004482718,-0.015734624385880074,1,0
2012-12-24,-0.0043925224,0.006281392,0.0028748566,6.258482,-0.009994448837771067,-0.016060754471854205,0,0
2012-12-26,-0.004411902,0.006393686,0.0057387515,6.505794,-0.01019731514675825,-0.016295510069587023,0,0
2012-12-27,-0.0019474203,0.0065702065,0.011252228,6.0691986,-0.010432653263752324,-0.01684263494493969,0,0
2012-12-28,-0.01914362,0.0065734675,0.011615379,5.5721145,-0.010429464134359964,-0.016867373412011895,1,1
2012-12-31,0.025679015,0.0071704844,0.01596616,5.3201947,-0.011376690975226781,-0.018399305314260244,0,0
2013-01-02,0.025722656,0.006571343,0.0075493716,4.522519,-0.010426093516589878,-0.016861922176183784,0,0
2013-01-03,-0.0024050863,0.0061431,0.0049889223,4.8885264,-0.009746643029200046,-0.01576305986282476,0,0
2013-01-04,0.00291971,0.0060426644,0.005472666,4.8525066,-0.009587291984260147,-0.015505344457318883,0,0
2013-01-07,-0.0013729194,0.005923348,0.004462518,4.832768,-0.00939798451733461,-0.015199181101926987,0,0
2013-01-08,-0.0024071538,0.0058153826,0.0050018523,4.800238,-0.009226686555235395,-0.014922144175175863,0,0
2013-01-09,0.0024071538,0.0057615507,0.0035727753,4.356848,-0.009141277363100974,-0.014784013517839081,0,0
2013-01-10,0.007698267,0.0059226896,0.0060191997,4.361287,-0.009396940304473758,-0.015197492316384533,0,0
2013-01-11,0.0001704013,0.005925892,0.0043316153,4.535805,-0.009402021114884238,-0.015205709414149591,0,0
2013-01-14,-0.0020467346,0.005915797,0.005199644,4.556322,-0.00938600412021355,-0.015179805434178214,0,0
2013-01-15,0.0006827104,0.0059082923,0.005680555,4.7111115,-0.009374097017062794,-0.015160548303369594,0,0
2013-01-16,0.00017060479,0.005889276,0.0042987284,4.3542705,-0.009343926142349235,-0.015111753523177195,0,0
2013-01-17,0.006969854,0.0058510485,0.008476186,4.201764,-0.009283274024628124,-0.015013662010070506,0,0
2013-01-18,0.0021998486,0.0058586034,0.004810777,4.403541,-0.009295260755796,-0.01503304792175238,0,0
2013-01-22,0.0070743095,0.005752676,0.0062184883,4.519754,-0.009127196777028406,-0.014761241254558214,0,0
2013-01-23,0.00050339795,0.0056660953,0.003206222,4.7514067,-0.008989827589132457,-0.014539076687165704,0,0
2013-01-24,0.0010060363,0.0056100306,0.0061679403,4.5307403,-0.008900874950236249,-0.014395215280969088,0,0
2013-01-25,0.002677826,0.0056089056,0.0048927637,4.4944744,-0.008899090558761721,-0.01439232941867297,0,0
2013-01-28,0.00083535217,0.005617251,0.0041041574,4.576564,-0.00891233143119922,-0.014413743629108605,0,0
2013-01-29,0.005329793,0.0056602336,0.0057413667,4.6406684,-0.00898052739867851,-0.014524035666537162,0,0
2013-01-30,-0.0064994814,0.0056228205,0.0042913714,4.8731422,-0.008921167426507916,-0.014428033915782833,0,0
2013-01-31,-0.0013384643,0.0057129017,0.0041158893,4.742181,-0.009064090668597903,-0.014659180949084858,0,0
2013-02-01,0.009000061,0.0057134177,0.005323798,4.8137684,-0.009064908665501033,-0.014660503879873749,0,0
2013-02-04,-0.008832655,0.0056600687,0.006165702,4.564139,-0.008980265893031381,-0.014523612738442042,0,0
2013-02-05,0.008334771,0.0057403645,0.0068290886,4.8177853,-0.009107663481510857,-0.014729650428297431,0,0
2013-02-06,0.000497884,0.005676933,0.005283001,4.9285007,-0.009007022716510969,-0.014566886038693645,0,0
2013-02-07,-0.000996016,0.0057503926,0.007720034,4.950114,-0.0091235737022495,-0.014755381724825127,0,0
2013-02-08,0.0048049134,0.0057700733,0.0042698076,5.0401897,-0.00915479874332605,-0.014805881388169136,0,0
2013-02-11,0.00033052388,0.005747717,0.0033812537,5.0525293,-0.009119328081154935,-0.014748515362810228,0,0
2013-02-12,0.0021457465,0.005733938,0.004657081,5.008003,-0.009097466571000494,-0.014713159159425759,0,0
2013-02-13,0.00065930444,0.0057159774,0.0041924757,5.1011715,-0.009068970599237924,-0.014667073167828752,0,0
2013-02-14,0.0008235198,0.00570631,0.0049308143,5.1235003,-0.00905363134757658,-0.014642265288699052,0,0
2013-02-15,-0.0009883051,0.00568441,0.004843189,4.410743,-0.009018885481334012,-0.014586071461970567,0,0
2013-02-19,0.0072249905,0.0056736115,0.0040973644,4.3529387,-0.009001752789559832,-0.014558363086354609,0,0
2013-02-20,-0.013838771,0.0056187524,0.0063619916,5.1822963,-0.008914713032802137,-0.014417595347954133,1,0
2013-02-21,-0.003989367,0.0057391394,0.0063575315,5.2545943,-0.009105718929138263,-0.01472650554083579,0,0
2013-02-22,0.008953799,0.005781,0.0034139876,5.2767925,-0.009172135029462182,-0.014833919033063301,0,0
2013-02-25,-0.018156575,0.005730247,0.01636212,5.447181,-0.009091610292286936,-0.014703687911565483,1,1
2013-02-26,0.003523789,0.006030112,0.006489979,5.4080663,-0.009567376836205961,-0.015473136068234083,0,0
2013-02-27,0.0154578,0.00604667,0.010127664,5.4779453,-0.009593647747808359,-0.01551562351247503,0,0
2013-02-28,-0.0016507101,0.0058698785,0.0072393934,5.4875793,-0.00931314991373281,-0.015061979715664258,0,0
2013-03-01,0.0021453924,0.0059116753,0.008987496,5.404669,-0.009379464669307667,-0.015169229304962171,0,0
2013-03-04,0.006081044,0.005951121,0.008429456,5.426357,-0.009442049576171573,-0.015270446681083315,0,0
2013-03-05,0.007346372,0.0058097118,0.0073150885,5.54078,-0.009217689494164799,-0.014907593399917098,0,0
2013-03-06,0.0013003903,0.005728414,0.0035564788,5.432872,-0.009088702059934436,-0.014698984482853658,0,0
2013-03-07,0.0024336833,0.005717557,0.003464569,5.3307037,-0.009071476167185675,-0.014671125375079232,0,0
2013-03-08,0.00436576,0.005664143,0.0054150685,5.190364,-0.00898672933537547,-0.014534065940460885,0,0
2013-03-11,0.0041861273,0.0056119654,0.0040494185,5.240136,-0.008903945153214477,-0.014400180661684464,0,0
2013-03-12,-0.0059624705,0.005535561,0.0040297336,5.3571453,-0.008782722355517032,-0.01420412934318237,0,0
2013-03-13,0.0020989755,0.0055304198,0.0040141344,5.2310095,-0.008774565008081507,-0.014190936620768835,0,0
2013-03-14,0.0038634948,0.0056450935,0.0031137678,5.3029814,-0.00895650597855972,-0.01448518628196566,0,0
2013-03-15,-0.0016079759,0.0056647,0.004418789,5.2943087,-0.008987614292202085,-0.01453549716425683,0,0
2013-03-18,-0.0043544946,0.005678918,0.010495917,5.356105,-0.009010172547506317,-0.014571980200282277,0,0
2013-03-19,-0.0029135663,0.005750286,0.008715876,5.413857,-0.00912340449271312,-0.014755108065469461,0,0
2013-03-20,0.0043671723,0.0057719313,0.00788084,5.4725285,-0.009157746789687109,-0.014810649207317589,0,0
2013-03-21,-0.0064767064,0.005694649,0.0049751108,5.572775,-0.009035131406553916,-0.014612345686952551,0,0
2013-03-22,0.008411567,0.005718712,0.0067958445,5.61013,-0.009073309421307069,-0.014674090262002119,0,0
2013-03-25,-0.0032268502,0.0057097133,0.009735815,5.7420077,-0.009059031574919364,-0.014650998973376144,0,0
2013-03-26,0.0066038733,0.0056829182,0.0041091572,5.569497,-0.00901651835755239,-0.014582243157829267,0,0
2013-03-27,-0.00032113038,0.005646696,0.0066887005,5.610232,-0.008959048645924537,-0.014489298489395723,0,0
2013-03-28,0.003846775,0.005652264,0.006256944,5.608929,-0.008967882831505573,-0.014503585849231924,0,0
2013-04-01,-0.004328664,0.0056354245,0.0049367533,5.707907,-0.008941164917170712,-0.014460375475997931,0,0
2013-04-02,0.0054478585,0.005647794,0.005290564,5.7790117,-0.008960790508799011,-0.01449211557099817,0,0
2013-04-03,-0.010279563,0.005600204,0.00822954,5.789457,-0.008885285051293745,-0.014370002034772438,1,0
2013-04-04,0.0038672301,0.005658605,0.004656652,5.9482555,-0.008977943107577472,-0.014519856141832441,0,0
2013-04-05,-0.0054830005,0.00563981,0.009443457,5.8106427,-0.008948123320030301,-0.014471629168217575,0,0
2013-04-08,0.008533986,0.005641811,0.007111526,5.9379263,-0.008951298487212914,-0.014476764305538604,0,0
2013-04-09,0.002562051,0.005586539,0.0060289023,6.1310267,-0.00887684395139972,-0.014308772825025993,0,0
2013-04-10,0.012396853,0.005568022,0.00743589,5.9656887,-0.008834224490180127,-0.014287422763216883,0,0
2013-04-11,0.0031540792,0.0056358,0.005198173,5.8417497,-0.008941760317571443,-0.014461338405709314,0,0
2013-04-12,-0.0036280504,0.0056532426,0.0061187926,5.853359,-0.008969435577839389,-0.01450609707626039,0,0
2013-04-15,-0.024637304,0.0056273327,0.0128219975,5.688344,-0.008928326709137964,-0.014439612487023641,1,1
2013-04-16,0.016226558,0.0058690473,0.007592389,5.113609,-0.009311830622267363,-0.01505984605074147,0,0
2013-04-17,-0.014608174,0.0057392674,0.01092939,5.149664,-0.009105922523500214,-0.014726834810114,1,0
2013-04-18,-0.007792247,0.00588527,0.009531245,4.9961433,-0.009337570378801025,-0.015101474468021047,0,0
2013-04-19,0.0087620225,0.0060209054,0.0057052486,5.091889,-0.00955276961938381,-0.015449512095086918,0,0
2013-04-22,0.0054777004,0.005917724,0.0077544716,5.191216,-0.009389061655098148,-0.01518475032702739,0,0
2013-04-23,0.011184012,0.005827018,0.011033796,5.3105364,-0.00924514758711333,-0.014952000849904752,0,0
2013-04-24,0.00031771246,0.005729577,0.003698928,5.2798567,-0.009090547982149465,-0.014701969857642744,0,0
2013-04-25,0.004911679,0.005711796,0.007035025,5.256683,-0.009062336137629797,-0.014656343379616212,0,0
2013-04-26,-0.003324629,0.005715491,0.0040272926,5.116751,-0.00906819875039017,-0.01466582487140959,0,0
2013-04-29,0.007425581,0.005714092,0.0067875744,5.0769124,-0.009065979119412983,-0.014662235104567616,0,0
2013-04-30,0.002515329,0.005706275,0.005601048,5.2336183,-0.009053576150882894,-0.014642176020139184,0,0
2013-05-01,-0.009465286,0.0056760674,0.0058114678,5.2771235,-0.009005649133215669,-0.014564664568630002,1,0
2013-05-02,0.009465286,0.005732916,0.0046652355,5.3741508,-0.009095845055015529,-0.01471053671255221,0,0
2013-05-03,0.010153958,0.0056911306,0.008918402,5.5525484,-0.009029548396717288,-0.01460331639163458,0,0
2013-05-06,0.0031036648,0.005652248,0.0028675753,5.559502,-0.008967857495318306,-0.014503544873499523,0,0
2013-05-07,0.0043290113,0.0056142234,0.0045248014,5.3703847,-0.008907527509120994,-0.014405974337561911,0,0
2013-05-08,0.0050781057,0.0055977046,0.004503832,5.4750032,-0.008881319033122928,-0.014363587869232947,0,0
2013-05-09,-0.0026127733,0.0056040487,0.0051304437,5.514216,-0.008891384738377812,-0.01437986694234755,0,0
2013-05-10,0.003073143,0.005620639,0.00448096,5.5035434,-0.00891770632235474,-0.014422436338053297,0,0
2013-05-13,0.0007668124,0.005595288,0.0046956744,5.5237856,-0.008877484220207591,-0.014357385899450521,0,0
2013-05-14,0.0105224,0.005572944,0.0070378873,5.4947515,-0.008842033465040759,-0.014300052069309928,0,0
2013-05-15,0.0037853024,0.005558332,0.0068219365,5.413336,-0.008818849948829378,-0.014262557810745629,0,0
2013-05-16,-0.0037853024,0.005691147,0.00472509,5.461644,-0.009029574637768384,-0.014603358830785994,0,0
2013-05-17,0.009060768,0.0057464163,0.0054869144,5.509728,-0.009117264991620494,-0.01474517876745772,0,0
2013-05-20,0.0009015778,0.0057382905,0.0046107317,5.4100795,-0.00910437249175789,-0.014724327973342576,0,0
2013-05-21,0.0006006006,0.0057405527,0.0055718445,5.2997,-0.009107961181711224,-0.014730131893153121,0,0
2013-05-22,-0.0060223006,0.0057730014,0.0162108,5.1330786,-0.009159444314233869,-0.014813394581388336,0,0
2013-05-23,-0.0033277902,0.005769911,0.010919933,5.2856503,-0.009154541761998074,-0.014805465777169086,0,0
2013-05-24,0.0003029844,0.0057932944,0.008915758,5.393123,-0.009191641179064802,-0.014865465956753659,0,0
2013-05-28,0.002420576,0.005801547,0.012032881,5.375317,-0.009204734558697863,-0.014886641629889969,0,0
2013-05-29,-0.004543397,0.0057736165,0.007571063,5.356164,-0.009160420662307406,-0.01481497361050472,0,0
2013-05-30,0.003938802,0.0057888282,0.008038035,5.2028875,-0.009184555190405057,-0.014854005922453005,0,0
2013-05-31,-0.014927924,0.005792972,0.009954478,5.0991116,-0.009191129931000346,-0.014864639125010603,1,1
2013-06-03,0.0044407086,0.0058634747,0.0074892277,5.1983666,-0.00930298919777568,-0.015045546983553156,0,0
2013-06-04,-0.0030604461,0.005879649,0.010356104,5.332749,-0.009328652040883716,-0.015087051010216523,0,0
2013-06-05,-0.014355421,0.0058972104,0.008363171,5.4343905,-0.009356514607964658,-0.015132112608503551,1,0
2013-06-06,0.00913107,0.006019274,0.010882394,5.3432956,-0.009550180803963618,-0.015445325253287127,0,0
2013-06-07,0.0096589485,0.0059956694,0.009353802,5.442617,-0.009512729394866673,-0.01538475580370601,0,0
2013-06-10,0.0021338218,0.005909079,0.0056587877,5.6636353,-0.00937534572914943,-0.01516256782160927,0,0
2013-06-11,-0.009177183,0.005866854,0.0070891804,5.502904,-0.009308351420837569,-0.015054219204631649,0,0
2013-06-12,-0.010503649,0.006003305,0.010563403,5.4186,-0.009524843711834706,-0.015404348057468892,1,0
2013-06-13,0.01647839,0.0062627164,0.015417196,5.362208,-0.009936426454500632,-0.016069992976618156,0,0
2013-06-14,-0.0076663974,0.0062250164,0.0055702077,5.2459154,-0.009876611335823097,-0.015973255126099657,0,0
2013-06-17,0.00949762,0.0063168434,0.007939659,5.112138,-0.010022304366099457,-0.016208881685004325,0,0
2013-06-18,0.0033485573,0.006281598,0.0058946447,4.7846065,-0.009966383781350098,-0.01611844238992319,0,0
2013-06-19,-0.01315406,0.0062591988,0.008938558,5.185115,-0.009930845254391666,-0.016060966608138213,1,0
2013-06-20,-0.024784995,0.006241823,0.014495836,4.8098893,-0.009903276768055766,-0.01601638062103082,1,1
2013-06-21,0.0,0.006551734,0.011942179,4.533746,-0.01039498248835602,-0.016811606903635572,0,0
2013-06-24,-0.0112690665,0.0065501556,0.013164211,4.573482,-0.0103924778252721,-0.016807556159804105,1,0
2013-06-25,0.009689537,0.0067545567,0.0118652,4.5578074,-0.010716780117401313,-0.0173320440710951,0,0
2013-06-26,0.008813403,0.006715747,0.0110809645,4.4258018,-0.010655205038572686,-0.01723245987059387,0,0
2013-06-27,0.0068707326,0.0066220933,0.007716076,4.3986325,-0.010506613729445969,-0.016992145980586532,0,0
2013-06-28,-0.00452313,0.00650125,0.008502215,4.3373766,-0.010314883942045126,-0.016682065052493467,0,0
2013-07-01,0.004678736,0.00644056,0.011724021,4.4568844,-0.010218592857480353,-0.01652633531809122,0,0
2013-07-02,0.00031113878,0.006357617,0.008016207,4.6038456,-0.010086995795961689,-0.01631350590059066,0,0
2013-07-03,0.001088224,0.0063205133,0.008342925,4.725917,-0.010028127164851271,-0.016218298786361073,0,0
2013-07-05,0.011278605,0.0062539796,0.0068828748,4.5944967,-0.00992256484547514,-0.01604757486073874,0,0
2013-07-08,0.0050570946,0.0060635097,0.005203424,4.6423373,-0.009620365662143218,-0.015558833885709021,0,0
2013-07-09,0.0060957214,0.0059321043,0.0046434933,4.5696535,-0.009411877796594185,-0.015221650437471902,0,0
2013-07-10,0.0018214941,0.0058550835,0.007478315,4.733666,-0.009289675936231711,-0.01502401569959638,0,0
2013-07-11,0.012957843,0.005957836,0.0041692643,4.5253134,-0.009452702538052709,-0.015287675513138173,0,0
2013-07-12,0.0001496894,0.00594432,0.0033547198,4.6788244,-0.009431259074988142,-0.01525299540933829,0,0
2013-07-15,0.004331274,0.0059545822,0.003031943,4.649965,-0.00944754119476128,-0.015279328171080846,0,0
2013-07-16,-0.0037327404,0.0059049986,0.004936569,4.489355,-0.009368871428439372,-0.015152097058562256,0,0
2013-07-17,0.0025397788,0.0059393994,0.006076234,4.5802593,-0.009423451909855173,-0.015240369030083275,0,0
2013-07-18,0.00297974,0.0058791735,0.0069114687,4.4416647,-0.009327897384448749,-0.015085830518758631,0,0
2013-07-19,0.005341259,0.005843823,0.0053643775,4.3776116,-0.009271810304754505,-0.014995121954578874,0,0
2013-07-22,0.00044381982,0.005775162,0.0036601804,4.473426,-0.009162872843289132,-0.014818939476033358,0,0
2013-07-23,-0.0011839576,0.0057331636,0.0038859188,4.2710576,-0.009096237765918138,-0.014711171836404397,0,0
2013-07-24,-0.0026690408,0.0057122335,0.0072446284,4.0680213,-0.009063030168188093,-0.014657465822000148,0,0
2013-07-25,0.00014846708,0.0057154014,0.0062115043,3.8815162,-0.00906805668676872,-0.014665595114624352,0,0
2013-07-26,0.0014834597,0.0056857644,0.0077829217,3.9076016,-0.00902103453293239,-0.014589547082129428,0,0
2013-07-29,-0.002374593,0.0056706774,0.0046030423,3.719099,-0.008997097265149873,-0.014550833795526252,0,0
2013-07-30,0.0013364023,0.0056841024,0.004636036,3.5490317,-0.009018397759729159,-0.014585282679121882,0,0
2013-07-31,-0.0025258167,0.005654651,0.005615972,3.657693,-0.008971670591501703,-0.014509711721225607,0,0
2013-08-01,0.011683931,0.0056120423,0.005935623,3.6355846,-0.008904067309831648,-0.01440037822325139,0,0
2013-08-02,0.0022031292,0.0055762995,0.0037932696,3.7731953,-0.00884735768382175,-0.014308662826789822,0,0
2013-08-05,-0.00088066934,0.0055330824,0.002595192,3.6320496,-0.008778788912444128,-0.01419776786072739,0,0
2013-08-06,-0.0050051627,0.0055137244,0.0055468665,3.3106856,-0.008748076024295864,-0.014148096492545451,0,0
2013-08-07,-0.0034001067,0.005531267,0.00519174,3.548375,-0.008775908730870387,-0.014193109798005008,0,0
2013-08-08,0.0032525163,0.0055462136,0.004894221,3.439433,-0.008799623402150503,-0.014231463083530679,0,0
2013-08-09,-0.0044378773,0.0055278144,0.0050000455,3.6201255,-0.008770430685238145,-0.014184250259292692,0,0
2013-08-12,0.000444675,0.005545032,0.0055216905,3.7856214,-0.008797748524292888,-0.014228430879333136,0,0
2013-08-13,0.0022204139,0.005535074,0.0063119913,3.8779063,-0.008781948696941617,-0.01420287811992518,0,0
2013-08-14,-0.005188656,0.005515091,0.0037558875,4.0060906,-0.00875024407803469,-0.014151602844503614,0,0
2013-08-15,-0.015729483,0.0056781135,0.0073030503,4.185669,-0.009008895784640923,-0.014569915316053159,1,1
2013-08-16,-0.0028729134,0.005779349,0.0051486865,4.3150992,-0.009169515448671738,-0.014829682435017026,0,0
2013-08-19,-0.0036407807,0.0057939333,0.005903782,4.157919,-0.009192655531419236,-0.01486710644946864,0,0
2013-08-20,0.003337888,0.0058408035,0.006329335,4.279176,-0.009267019050769912,-0.014987373150898379,0,0
2013-08-21,-0.008518457,0.0058267387,0.0070398087,4.413237,-0.009244704203836192,-0.014951283774587766,0,0
2013-08-22,0.011090125,0.005875789,0.008467052,4.6324544,-0.009322527922476212,-0.015077146590328026,0,0
2013-08-23,0.0040708687,0.0058219507,0.004720608,4.8863564,-0.009237107871975821,-0.014938998371963072,0,0
2013-08-26,-0.004373075,0.005785389,0.005557744,4.695933,-0.009179098861504755,-0.01484518150579703,0,0
2013-08-27,-0.015841916,0.005843437,0.0077513712,5.7524343,-0.009271197711940989,-0.01499413121990622,1,1
2013-08-28,0.0024536126,0.0060172547,0.0060946546,4.735153,-0.009546976681138417,-0.01544014328655764,0,0
2013-08-29,0.0027531371,0.006089913,0.0069511672,5.963225,-0.009662257238058369,-0.0156265843323931,0,0
2013-08-30,-0.0033659763,0.0061197765,0.007900877,6.0734286,-0.009717895318019074,-0.01568704146449071,0,0
2013-09-03,0.004739708,0.0061581614,0.00828454,5.8756356,-0.009770539578110173,-0.015801707295572294,0,0
2013-09-04,0.008807953,0.0060926178,0.0064415103,5.876424,-0.009666548102344475,-0.01563352386535871,0,0
2013-09-05,-0.0003024346,0.0060610604,0.0032465418,5.0836415,-0.00961647927198952,-0.015552548501042785,0,0
2013-09-06,0.0003024346,0.0060173804,0.0107973525,5.3484674,-0.009547176656045044,-0.01544046670215979,0,0
2013-09-09,0.009330391,0.006013222,0.0054889466,6.7532854,-0.009610624417091493,-0.015279430967652472,0,0
2013-09-10,0.008056138,0.0059309197,0.0042390153,6.987485,-0.009495810797931218,-0.015029474462267973,0,0
2013-09-11,0.0037078278,0.005835502,0.0047867545,6.9238124,-0.009338742622535876,-0.014798373173565334,0,0
2013-09-12,-0.0022230465,0.005867404,0.0032267505,7.038443,-0.009397486914810974,-0.014860033050892557,0,0
2013-09-13,0.002074997,0.0058770995,0.003961122,6.914823,-0.00940469115660937,-0.014905395615926331,0,0
2013-09-16,0.005610527,0.005876787,0.006538523,6.4604406,-0.009369041300851843,-0.014986708007617195,0,0
2013-09-17,0.0001472212,0.005847973,0.0036844,6.4371867,-0.009321094411342407,-0.014917656453683271,0,0
2013-09-18,0.011416986,0.0058295233,0.010436615,6.3356843,-0.009282661664833694,-0.014890167093351569,0,0
2013-09-19,-0.00014554981,0.005745563,0.005538191,6.3889837,-0.009153696288908487,-0.014665520249105122,0,0
2013-09-20,-0.008771986,0.005726685,0.005308605,5.2354364,-0.00908595851279916,-0.014694547396402429,0,0
2013-09-23,-0.0057433336,0.005740029,0.005556333,5.4388094,-0.009107130516714461,-0.014728788474498032,0,0
2013-09-24,-0.00014769958,0.00577723,0.0056276144,5.6201787,-0.009166153879539961,-0.014824245833379058,0,0
2013-09-25,-0.003996157,0.0057556857,0.0036858425,5.7375298,-0.009131971743464043,-0.014768963716696453,0,0
2013-09-26,0.003996157,0.005750215,0.00438766,5.566779,-0.00912329228959809,-0.014754926601511693,0,0
2013-09-27,-0.0035513502,0.0057238727,0.005789719,5.491919,-0.009081496629249014,-0.014687331277243122,0,0
2013-09-30,-0.007290072,0.0057848166,0.006013325,5.322042,-0.009178190378218536,-0.014843712233106715,0,0
2013-10-01,0.009067323,0.0058767926,0.005872661,5.3956685,-0.00932411957795476,-0.015079720744374105,0,0
2013-10-02,-0.003854712,0.0058223708,0.007116761,5.5782013,-0.00923777385175536,-0.014940075448357565,0,0
2013-10-03,-0.007904001,0.0059092813,0.0076385085,5.693705,-0.009375666050945567,-0.015163085871940317,0,0
2013-10-04,0.00894327,0.0060454686,0.004722371,5.8714457,-0.00959174119971666,-0.01551254008861199,0,0
2013-10-07,-0.010141772,0.0060338057,0.0043590274,5.8273687,-0.009573236734374843,-0.015482613169770416,1,0
2013-10-08,-0.01039714,0.006266811,0.008941251,6.0568547,-0.009949499972854962,-0.016067652900249536,1,0
2013-10-09,-0.0010608473,0.0064806016,0.007820148,6.194227,-0.010304509748715943,-0.01658442817591249,0,0
2013-10-10,0.021748139,0.006454654,0.00993777,5.9575515,-0.01024095475733328,-0.016562500792190574,0,0
2013-10-11,0.008274279,0.0062041013,0.009794802,5.371847,-0.009843428169416487,-0.01591958862400879,0,0
2013-10-14,0.0030852887,0.0060820724,0.007913968,5.6640906,-0.009649817170111213,-0.015606465247785086,0,0
2013-10-15,-0.00721387,0.0060727727,0.0066187046,5.659719,-0.009635061555620796,-0.015582601273919583,0,0
2013-10-16,0.01248089,0.0061463956,0.008131675,5.5417256,-0.009751872237278792,-0.015771516961308157,0,0
2013-10-17,0.008427832,0.0059503745,0.0073087034,5.271623,-0.009440865109416932,-0.015268531065593652,0,0
2013-10-18,0.005051609,0.005790282,0.0043332414,5.32976,-0.00918686168831001,-0.014857736177520349,0,0
2013-10-21,0.0010072668,0.0057202377,0.0031506978,5.435307,-0.009075729932054716,-0.014678004907865258,0,0
2013-10-22,0.0064511728,0.005714526,0.0062161637,5.293283,-0.009066667720788294,-0.014663348766437465,0,0
2013-10-23,-0.004439678,0.005704191,0.005427631,5.3950043,-0.009050269778444801,-0.014636828687061084,0,0
2013-10-24,0.0038679226,0.005706188,0.0042960783,5.207042,-0.009053438611580597,-0.014641953580449016,0,0
2013-10-25,0.0031406165,0.005681003,0.004804165,5.381515,-0.00901347982480824,-0.01457732899677939,0,0
2013-10-28,0.0028465718,0.0056764777,0.003907509,5.5179067,-0.009006299730310084,-0.014565716766901254,0,0
2013-10-29,0.0048206532,0.0056784856,0.004872405,5.675218,-0.009009485755858667,-0.014570869465250455,0,0
2013-10-30,-0.0039682593,0.0056680576,0.008182381,5.876001,-0.008992941225574569,-0.014544112311993766,0,0
2013-10-31,-0.0054108063,0.00567215,0.0049899234,6.0568976,-0.009005390216032569,-0.01454297470313845,0,0
2013-11-01,0.0021393434,0.005668936,0.005738218,6.265005,-0.009020559498864412,-0.014493518065822771,0,0
2013-11-04,0.004690507,0.0056622652,0.0029264737,5.9994264,-0.00898375052364416,-0.014529248365065948,0,0
2013-11-05,-0.0036937108,0.005618048,0.004963557,5.7795677,-0.00891359552597098,-0.014415788025471525,0,0
2013-11-06,0.0051107435,0.005609148,0.004918966,5.8203263,-0.008899475125889853,-0.01439295137175403,0,0
2013-11-07,-0.011536124,0.005582064,0.011191598,5.6707873,-0.008856503142560613,-0.014323453602766927,1,0
2013-11-08,0.01181929,0.0056165997,0.01024603,5.9842997,-0.008911298076704337,-0.014412072404594323,0,0
2013-11-11,0.0008490166,0.005572906,0.0029970019,5.8081417,-0.008841973744027919,-0.014299955483654987,0,0
2013-11-12,-0.0014154284,0.005540957,0.0044042626,5.939961,-0.008791283272221138,-0.014217974750476264,0,0
2013-11-13,0.00776018,0.005536006,0.010062648,6.0415597,-0.008787691974125126,-0.014196958385593251,0,0
2013-11-14,0.0050469753,0.0056374185,0.0037337756,6.129901,-0.008957579772119379,-0.014439314525099512,0,0
2013-11-15,0.003211172,0.005660855,0.0031749979,5.849959,-0.008981513700254186,-0.014525630793262703,0,0
2013-11-18,-0.0026519662,0.0056456085,0.0056839064,5.9997663,-0.00895732307059902,-0.014486507749335534,0,0
2013-11-19,-0.0019585905,0.0056387135,0.004405905,5.884833,-0.008946383266883488,-0.014468815013453156,0,0
2013-11-20,-0.0030855564,0.0056556733,0.007565431,5.609202,-0.008973292107486668,-0.014512334168099156,0,0
2013-11-21,0.007835495,0.005629262,0.0060493466,5.6981425,-0.008931387863477884,-0.014444563233548875,0,0
2013-11-22,0.0041724676,0.0055868174,0.0034538559,5.9596925,-0.008864045182591129,-0.014335651200250765,0,0
2013-11-25,0.0006937219,0.0055686682,0.00421041,5.658726,-0.008835249700900532,-0.014289080816960037,0,0
2013-11-26,-0.00027743098,0.0055666133,0.0032253824,5.747784,-0.008831989476517815,-0.014283808118251667,0,0
2013-11-27,0.0012478338,0.0055730706,0.0023232484,5.718234,-0.008842234344811217,-0.014300376948331094,0,0
2013-11-29,-0.00013857133,0.005582139,0.0038101233,5.538064,-0.00885662258458629,-0.014323646774076809,0,0
2013-12-02,-0.0023586552,0.0055917315,0.004138588,5.880906,-0.008871841489358127,-0.01434826001847761,0,0
2013-12-03,-0.0045945086,0.0056232293,0.0053060516,6.0368657,-0.0089256634609636,-0.014421589985206007,0,0
2013-12-04,0.00013953813,0.005661937,0.008598214,6.0541983,-0.008988897927311246,-0.014517337351482211,0,0
2013-12-05,-0.0043347618,0.005637033,0.003839121,8.224218,-0.009086996215367373,-0.014112289942458802,0,0
2013-12-06,0.011702558,0.005659568,0.004796108,8.423743,-0.009130777654194521,-0.014145128724336022,0,0
2013-12-09,0.0022136145,0.0056150374,0.0024958816,6.4548063,-0.008951282013583412,-0.014320233553181958,0,0
2013-12-10,-0.003322262,0.005588271,0.0035029529,6.579365,-0.008918551181178642,-0.0142296680665281,0,0
2013-12-11,-0.01241732,0.0055924393,0.007878631,6.6923685,-0.008933711505354302,-0.014220612194849868,1,0
2013-12-12,-0.0032342009,0.0057307705,0.004438163,6.5360503,-0.009142498674140569,-0.014600394420606441,0,0
2013-12-13,-0.00014085499,0.0057738028,0.0044542146,6.6499963,-0.009220196179648334,-0.01468933775416466,0,0
2013-12-16,0.0065988307,0.005788016,0.012165079,6.5390325,-0.00923406886582292,-0.014745690481300118,0,0
2013-12-17,-0.0075853714,0.0058201295,0.004516749,6.755194,-0.009302154800045986,-0.014788450780655446,0,0
2013-12-18,0.01774905,0.0058140694,0.014247934,6.556531,-0.009277064187375296,-0.014808829533473275,0,0
2013-12-19,-0.0015249188,0.0057140426,0.0045618056,6.1558948,-0.009081906594911746,-0.014630362478610099,0,0
2013-12-20,0.0069127884,0.005682694,0.0044327914,6.109179,-0.009027451836799968,-0.014559433796054443,0,0
2013-12-23,0.004536402,0.0056721335,0.0022811855,6.172952,-0.009016954756703076,-0.014519680861308544,0,0
2013-12-24,0.0034230198,0.0056162793,0.002762914,5.9701695,-0.008910789543231374,-0.014411249963108311,0,0
2013-12-26,0.004092217,0.0055644223,0.0021587259,6.018738,-0.008830458086298912,-0.014274409440096465,0,0
2013-12-27,0.0,0.0055455626,0.0025987756,6.0798345,-0.008806710735964764,-0.014213871378271369,0,0
2013-12-30,-0.0009533538,0.005564936,0.0018785733,6.195108,-0.008848634723507663,-0.014240990580853275,0,0
2013-12-31,0.00340067,0.0055843773,0.0043237633,6.1023755,-0.008870596144449447,-0.014308886599301594,0,0
2014-01-02,-0.007907335,0.0055879178,0.006265822,6.626003,-0.008921553123370013,-0.014220591547855037,0,0
2014-01-03,-0.00054764515,0.005613161,0.004801787,8.91968,-0.009072156658601352,-0.013975279027028928,0,0
2014-01-06,-0.002605418,0.0056083105,0.0058042514,8.835498,-0.009061753638473273,-0.013971934410587354,0,0
2014-01-07,0.0054772147,0.0055913036,0.004560905,8.827402,-0.009034024486283964,-0.013930410436109186,0,0
2014-01-08,0.0009554358,0.0055722757,0.003524258,9.200854,-0.00901408266069461,-0.013845604122913599,0,0
2014-01-09,0.00027281407,0.0055681383,0.0056785257,9.137356,-0.009005646426878372,-0.013841471201805755,0,0
2014-01-10,0.0025880283,0.0055650203,0.0060758605,9.027751,-0.008997511723125644,-0.013844523240538698,0,0
2014-01-13,-0.01245653,0.0055345264,0.008039716,8.54231,-0.008933130747311467,-0.013819382257531298,1,0
2014-01-14,0.009868501,0.005562827,0.0059138383,8.416593,-0.008974448148291639,-0.013904153210328396,0,0
2014-01-15,0.004626488,0.005598234,0.004665396,8.817873,-0.009044927776963085,-0.013948676616318796,0,0
2014-01-16,-0.0028550085,0.005607217,0.003082143,9.1239805,-0.009068476263068819,-0.013939929209325871,0,0
2014-01-17,-0.0010897699,0.0056273965,0.005042005,9.344949,-0.009107113631321734,-0.013968762277077258,0,0
2014-01-21,0.0023143431,0.0056243953,0.006667691,9.053888,-0.009094264262315386,-0.013989607956555211,0,0
2014-01-22,0.0,0.0056156702,0.0032507675,9.187888,-0.009083923888739532,-0.013954686289517309,0,0
2014-01-23,-0.007781078,0.005591067,0.010570914,8.890701,-0.009035576707649186,-0.013923250579557827,0,0
2014-01-24,-0.023432614,0.005610733,0.012016108,9.337183,-0.009079943614482128,-0.01392813089843003,1,1
2014-01-27,-0.00351346,0.005813055,0.009710488,7.811539,-0.009352962881963434,-0.01460666794127356,0,0
2014-01-28,0.007014619,0.0058583054,0.008423703,7.931215,-0.009431263529013842,-0.014704142415252353,0,0
2014-01-29,-0.009551976,0.0057773623,0.011998213,8.246803,-0.009314099880358863,-0.014460826089221699,1,0
2014-01-30,0.005629853,0.0058939,0.009543874,8.400323,-0.009507950431398597,-0.014733626009045823,0,0
2014-01-31,-0.0026702285,0.0059593823,0.010476367,8.370179,-0.009612426804116244,-0.014901019580639859,0,0
2014-02-03,-0.024935395,0.006101931,0.013341606,8.517263,-0.009848027685568533,-0.015239206968480624,1,1
2014-02-04,0.0063282247,0.0063799154,0.007659867,6.847892,-0.010204198163389846,-0.016193144737480132,0,0
2014-02-05,0.0001433589,0.0063972943,0.0076132207,6.7322383,-0.01022274552331279,-0.016259429079003372,0,0
2014-02-06,0.012818863,0.006500376,0.0069370703,6.516167,-0.01036844039995343,-0.01656526501685846,0,0
2014-02-07,0.01516883,0.006229756,0.011107142,6.6981897,-0.00995227506793922,-0.01584008641067113,0,0
2014-02-10,0.00069671846,0.005983502,0.003801095,6.7493677,-0.009562825519381535,-0.015204621676672908,0,0
2014-02-11,0.010392943,0.0059223347,0.007624099,6.726892,-0.009463363027024569,-0.015053230811033434,0,0
2014-02-12,0.0019281097,0.005857915,0.0044892873,7.0288305,-0.00938166061210944,-0.014837591557072453,0,0
2014-02-13,0.003982154,0.005800372,0.009298397,7.110031,-0.00929467695333851,-0.014678652655700708,0,0
2014-02-14,0.0058755376,0.0057654367,0.007930238,7.279029,-0.009248820243878308,-0.014563774465197778,0,0
2014-02-18,0.0013614706,0.0057311603,0.0030860072,7.519058,-0.009206920693052753,-0.014441604579832838,0,0
2014-02-19,-0.00655203,0.0056943516,0.0071578454,7.60478,-0.009152123533613638,-0.014336706943662444,0,0
2014-02-20,0.0058715264,0.0057669356,0.008184568,7.5769362,-0.009267373425433536,-0.01452341989819526,0,0
2014-02-21,-0.0010897699,0.0057391664,0.004286395,7.3701406,-0.009211810085974374,-0.014483645838881133,0,0
2014-02-24,0.0063854572,0.005756329,0.009907087,7.3531437,-0.009238412471838504,-0.01452951178909724,0,0
2014-02-25,0.00013541878,0.005739393,0.0052480334,7.2347913,-0.009204474930892945,-0.014504780783746311,0,0
2014-02-26,-0.002304617,0.0057264343,0.0055410676,7.107116,-0.009176017070405097,-0.01449200603112257,0,0
2014-02-27,0.0064935293,0.0057659135,0.008117546,7.1702633,-0.009243155223829637,-0.014581891538061954,0,0
2014-02-28,0.0018860304,0.0057550124,0.008033981,7.0743237,-0.009219756765794715,-0.014569584944959224,0,0
2014-03-03,-0.007836819,0.0057668923,0.006548458,7.1309166,-0.009242321113091489,-0.014590596768915508,0,0
2014-03-04,0.01534557,0.005912086,0.007420932,7.4011707,-0.009491113933825599,-0.014915274791946674,0,0
2014-03-05,0.00053418806,0.005790716,0.002869732,7.2385135,-0.009287002763178877,-0.014633905498584693,0,0
2014-03-06,0.0020006676,0.005772502,0.0036770077,7.042562,-0.009245752798085835,-0.014619010553433568,0,0
2014-03-07,0.00093227683,0.005752624,0.0068457155,7.14436,-0.009220277737847121,-0.014552367101702482,0,0
2014-03-10,-0.0003994408,0.0057950187,0.0048754895,7.1959324,-0.009291365545235958,-0.014651445585501759,0,0
2014-03-11,-0.0064128474,0.0057858233,0.0062833885,7.1587687,-0.009274371547606425,-0.014634062186534666,0,0
2014-03-12,0.0013394055,0.0058036214,0.005706462,7.2785144,-0.009310045018543815,-0.01466030940856539,0,0
2014-03-13,-0.01130716,0.005857701,0.010408314,7.1675925,-0.00939013199661019,-0.014814447242590444,1,0
2014-03-14,-0.0036617657,0.0059469207,0.004773337,7.399876,-0.009546962889244151,-0.015003355369953281,0,0
2014-03-17,0.009600506,0.00603908,0.010717253,7.45034,-0.009697778677945731,-0.01522803055875122,0,0
2014-03-18,0.003224509,0.0059489086,0.007138671,7.740264,-0.009568094736725718,-0.014958066265524449,0,0
2014-03-19,-0.0061894706,0.0058711288,0.0088919215,7.7520566,-0.00944356623766112,-0.014760846121729761,0,0
2014-03-20,0.007395986,0.0058920733,0.0066607003,7.9430323,-0.0094861579528145,-0.014787311117524344,0,0
2014-03-21,-0.00483482,0.0058742673,0.007624679,8.117387,-0.009465038944265132,-0.014719768436273133,0,0
2014-03-24,-0.00404695,0.005895318,0.009224486,8.062887,-0.009496643307089452,-0.014779588634225353,0,0
2014-03-25,0.005257848,0.005888993,0.00551462,7.874932,-0.009478101758568483,-0.014788782245982256,0,0
2014-03-26,-0.009049836,0.005860999,0.008785424,8.023017,-0.009439647302030223,-0.014698751465765993,0,0
2014-03-27,-0.0010860713,0.0058959657,0.0053577214,8.111032,-0.00949973413843151,-0.014774961486082315,0,0
2014-03-28,0.005418599,0.005867582,0.00646223,8.195849,-0.009457500032961773,-0.014693034726963178,0,0
2014-03-31,0.007537048,0.005848342,0.0037822865,8.330688,-0.009431811389871515,-0.014628165916833897,0,0
2014-04-01,0.0070813308,0.005796747,0.004419978,8.541228,-0.009356336158114695,-0.01447425679305396,0,0
2014-04-02,0.002791998,0.0057132277,0.003334169,8.668378,-0.009225864299370638,-0.014251458858732515,0,0
2014-04-03,0.0,0.005701813,0.0045091095,8.319901,-0.009195093042534722,-0.014262943059251932,0,0
2014-04-04,-0.012289762,0.005680722,0.011289615,8.280878,-0.009159604974039181,-0.014214837504713822,1,0
2014-04-07,-0.011898464,0.0057068095,0.006997505,8.450278,-0.009207952690672242,-0.014260117370919447,1,0
2014-04-08,0.0038012536,0.005777881,0.0068081454,8.442747,-0.009322352611610952,-0.014438594908505418,0,0
2014-04-09,0.010647719,0.0057610795,0.005603637,8.581025,-0.009300155195325585,-0.014380654451743457,0,0
2014-04-10,-0.020451719,0.005788591,0.010527313,8.455849,-0.009340111100044141,-0.014463819110199606,1,1
2014-04-11,-0.008382048,0.0058768597,0.007469127,7.4060435,-0.009434833610904646,-0.014825663461436807,0,0
2014-04-14,0.0070127477,0.0059507247,0.007265728,7.8600936,-0.009576763918047126,-0.014945852635551905,0,0
2014-04-15,0.008187818,0.005976244,0.01252107,9.362104,-0.009672148820964732,-0.014832983622619629,0,0
2014-04-16,0.0071772262,0.0059643714,0.005339796,9.319938,-0.0096517600037025,-0.014807734720714028,0,0
2014-04-17,0.0028296185,0.005907548,0.0060119582,8.797833,-0.009544020548810147,-0.01472159238066869,0,0
2014-04-21,0.0034922801,0.005857823,0.0029364303,8.517087,-0.009454049885991137,-0.014629581474346825,0,0
2014-04-22,0.005082263,0.0058279433,0.005985703,8.213723,-0.009394327786870991,-0.014591541277368789,0,0
2014-04-23,-0.00053376035,0.0057952665,0.004999242,8.219654,-0.009341891054727557,-0.014508993367969408,0,0
2014-04-24,0.0,0.005799244,0.0067933453,7.7765045,-0.009329100094007031,-0.014576752619527214,0,0
2014-04-25,-0.006964936,0.005812975,0.006683797,7.8957357,-0.009356697271237962,-0.014595092985734229,0,0
2014-04-28,0.0032206147,0.0058261873,0.010466327,8.201705,-0.009391015269961427,-0.014588646010671485,0,0
2014-04-29,0.0030767198,0.0057871765,0.003370988,8.268426,-0.00933076811627518,-0.014482739219163081,0,0
2014-04-30,0.0033335586,0.0057591456,0.0046628583,8.033117,-0.009276031836074543,-0.014442014528207103,0,0
2014-05-01,-0.0001331292,0.0057497313,0.004198115,8.148704,-0.00926565302663373,-0.0144037802142109,0,0
2014-05-02,-0.0017322944,0.005735999,0.0050770068,7.741123,-0.009225695546004005,-0.01442260297427174,0,0
2014-05-05,0.00066662225,0.0057303784,0.0073721893,7.3771935,-0.009198093360919752,-0.01446041678833692,0,0
2014-05-06,-0.006149752,0.0056986315,0.0060250177,6.998372,-0.009124607024960422,-0.014439066174622192,0,0
2014-05-07,0.005349752,0.0057014395,0.0072999005,7.185887,-0.00914073069024537,-0.014416408077829781,0,0
2014-05-08,-0.0010676633,0.0056702103,0.007402441,7.278733,-0.00909604238689793,-0.01432327199843557,0,0
2014-05-09,0.0006674231,0.0056640105,0.004605084,7.1801367,-0.009080383564530172,-0.01432265439834959,0,0
2014-05-12,0.010222459,0.0056282533,0.004249758,7.2385497,-0.009026451709076282,-0.014223335918110043,0,0
2014-05-13,0.00079218386,0.005573638,0.002412592,7.507863,-0.008953300254989992,-0.014046243025700105,0,0
2014-05-14,-0.004762544,0.005558636,0.004662926,7.603823,-0.008933951079474069,-0.013995145806976726,0,0
2014-05-15,-0.009593678,0.005661299,0.009294757,7.3342595,-0.009084856368612856,-0.014292448462219614,1,0
2014-05-16,0.0040085567,0.005695116,0.0048458385,7.587936,-0.009152511560138844,-0.014340997891959324,0,0
2014-05-19,0.0039925524,0.005683148,0.006197664,7.662843,-0.009136961253015368,-0.014300426533052881,0,0
2014-05-20,-0.00759953,0.005654987,0.005955482,7.4023886,-0.00907843865696793,-0.014266475283670324,0,0
2014-05-21,0.009059481,0.0056486535,0.0051903557,7.7486563,-0.009085561220070981,-0.014201967442530867,0,0
2014-05-22,0.0027812745,0.005625725,0.0036280125,8.154603,-0.009066051672669493,-0.014092409644846602,0,0
2014-05-23,0.0035645955,0.005614576,0.0028873049,8.028157,-0.009042973857046806,-0.014080103263892713,0,0
2014-05-27,0.006436804,0.0055998103,0.0031352502,8.116956,-0.009022797673323146,-0.014032086526026274,0,0
2014-05-28,-0.00013095004,0.0055602696,0.003509932,8.452353,-0.008971582902537946,-0.013893711018160435,0,0
2014-05-29,0.004703432,0.0055492497,0.0029355427,8.497299,-0.008955359830154457,-0.013861138644911326,0,0
2014-05-30,0.0018231545,0.0055314824,0.0025637448,8.5740385,-0.008929282067686298,-0.01380830304381053,0,0
2014-06-02,0.00013009823,0.0055297837,0.0038656332,7.9732714,-0.008904143739222839,-0.013874281649795619,0,0
2014-06-03,0.0001300813,0.005521764,0.002757762,8.137311,-0.008897842240139437,-0.013834063836834422,0,0
2014-06-04,0.0019491917,0.005526823,0.003930294,8.090502,-0.008904146918480675,-0.01385240010733491,0,0
2014-06-05,0.006598976,0.005517449,0.0059010237,8.143828,-0.00889114282837194,-0.013822470386407416,0,0
2014-06-06,0.005530205,0.0054822834,0.002691262,7.9960227,-0.008828593825167695,-0.013752291438222658,0,0
2014-06-09,0.00051288627,0.0054384377,0.0032475498,7.8265095,-0.008750870603920097,-0.01366344646349548,0,0
2014-06-10,0.00012818047,0.0054389597,0.003152115,7.5091662,-0.008737022595352938,-0.013706659688725482,0,0
2014-06-11,-0.0033380438,0.0054326267,0.0040019676,7.5833254,-0.008730450626647238,-0.013680638791278045,0,0
2014-06-12,-0.006968669,0.0055198898,0.0072442577,7.3548503,-0.008859039521511609,-0.013932471383888699,0,0
2014-06-13,0.0027158116,0.0055887145,0.0034911865,7.193045,-0.008960423024219871,-0.014130288842795468,0,0
2014-06-16,0.0003873717,0.0055808676,0.005160764,7.063352,-0.008940098090450618,-0.014130430044482646,0,0
2014-06-17,-0.0014210971,0.005575637,0.00412286,6.8584113,-0.008918526377820724,-0.014150039116108572,0,0
2014-06-18,0.007855298,0.0055529983,0.0058289017,6.602925,-0.008864057960144878,-0.014135734633453061,0,0
2014-06-19,0.00064114894,0.0054944768,0.002907268,6.7637095,-0.008782266954288777,-0.013959583475665248,0,0
2014-06-20,0.0015370824,0.0054895566,0.0027646334,6.4915867,-0.008754191586744797,-0.013993676029862108,0,0
2014-06-23,-0.000128,0.005495439,0.0035258268,7.0588303,-0.008802973689553177,-0.01391482582655734,0,0
2014-06-24,-0.0050048227,0.005474541,0.0068853376,7.150923,-0.008774948769164249,-0.013847915803542787,0,0
2014-06-25,0.0032111004,0.005501599,0.005335219,7.0219736,-0.008810585529752541,-0.0139361422193501,0,0
2014-06-26,-0.00038478806,0.0054819863,0.005909638,6.7542605,-0.008761644994654417,-0.013929413115538107,0,0
2014-06-27,0.0016663466,0.0054825856,0.0039040307,6.386518,-0.008734521092309613,-0.01399471925579217,0,0
2014-06-30,0.00025611473,0.0054751188,0.0031600515,6.119625,-0.008698708288104078,-0.014025593034272792,0,0
2014-07-01,0.006763249,0.0054648183,0.005523511,5.982208,-0.00867048123620506,-0.014022603921815799,0,0
2014-07-02,0.0010169061,0.005443312,0.0019192598,6.1280746,-0.008648981036186765,-0.013942493736702886,0,0
2014-07-03,0.0049426625,0.0054325825,0.0032146072,6.2267976,-0.008641061541937962,-0.013896348154215315,0,0
2014-07-07,-0.0032923925,0.005422777,0.0033563653,6.5096498,-0.008649108051686751,-0.013820294036044543,0,0
2014-07-08,-0.0053414856,0.005439932,0.0056653256,6.2133303,-0.00865153316623914,-0.01391767162043074,0,0
2014-07-09,0.0034370858,0.005457925,0.0028998102,6.2687783,-0.008685128264340413,-0.013953335509977417,0,0
2014-07-10,-0.004840774,0.0054889247,0.007716765,6.141585,-0.008722746617087758,-0.014056718047612517,0,0
2014-07-11,0.002423316,0.00552722,0.0034063612,6.3921986,-0.008806107573583804,-0.014107613345818632,0,0
2014-07-14,0.0043218574,0.0055271233,0.003205099,5.994763,-0.00876933489513893,-0.014182478058866426,0,0
2014-07-15,-0.0015232295,0.005497754,0.0062052514,6.167894,-0.008739270073258977,-0.014074269406795615,0,0
2014-07-16,0.0034240095,0.005505823,0.0033197745,6.0200286,-0.008737596010368944,-0.014123828253462655,0,0
2014-07-17,-0.0108191725,0.0054901727,0.008160979,6.0024114,-0.008710956140582336,-0.014087181569354663,1,0
2014-07-18,0.009172039,0.005551388,0.009036799,6.1700006,-0.008824726880852802,-0.01421116463584774,0,0
2014-07-21,-0.002666499,0.005517218,0.00431657,6.3926105,-0.00879020714847815,-0.014082010002408872,0,0
2014-07-22,0.004440223,0.0055362107,0.0046219076,6.173193,-0.008800901876574067,-0.014171695551145292,0,0
2014-07-23,0.0029071625,0.005513882,0.0029714764,6.3389325,-0.008780329257756852,-0.014083334816636013,0,0
2014-07-24,0.0,0.0055116015,0.0032111416,6.427828,-0.008784182634415764,-0.014061289685973602,0,0
2014-07-25,-0.0046808864,0.0055210865,0.003955568,6.3883033,-0.0087960088410858,-0.01409267010656503,0,0
2014-07-28,0.0007605527,0.005543901,0.005432245,6.6117177,-0.008850201560133716,-0.014111048550916248,0,0
2014-07-29,-0.005081312,0.0055381544,0.005515679,6.657601,-0.00884445042031939,-0.014088510639654135,0,0
2014-07-30,0.00101833,0.0055437586,0.006381767,6.86698,-0.008868108263520863,-0.01406773737369836,0,0
2014-07-31,-0.020696156,0.0055522905,0.008235472,6.9471416,-0.008887022740992526,-0.014076424858535339,1,1
2014-08-01,-0.0032524585,0.0056928517,0.0077254213,6.166656,-0.009049278278455336,-0.014573966107973266,0,0
2014-08-04,0.007012105,0.005815695,0.0073129344,5.8006134,-0.009227182420614726,-0.014922946128795677,0,0
2014-08-05,-0.009883045,0.005740239,0.007484628,5.960896,-0.00910746350660423,-0.01472932701269528,1,0
2014-08-06,0.00091437536,0.005849096,0.0075765466,6.2196674,-0.009302874824692919,-0.014963209591119606,0,0
2014-08-07,-0.004973832,0.00588836,0.009101157,6.088228,-0.009351980612932976,-0.015090740260754413,0,0
2014-08-08,0.009663173,0.005955585,0.01272827,6.169401,-0.009467194503372894,-0.015246004402183664,0,0
2014-08-11,0.004538095,0.0059011956,0.0058121746,6.387266,-0.0094014919162506,-0.015063106601070046,0,0
2014-08-12,-0.0010354648,0.005772195,0.005469351,6.417397,-0.00919860559464372,-0.014728094844968212,0,0
2014-08-13,0.0073543973,0.0057236277,0.0041158516,6.543658,-0.009131718481557626,-0.014580809877034952,0,0
2014-08-14,0.0044892016,0.005684607,0.0040670284,6.850554,-0.009092288616795946,-0.014427905362810592,0,0
2014-08-15,-0.00051203277,0.00562729,0.00859816,6.895177,-0.00900362992983332,-0.014275054436265288,0,0
2014-08-18,0.0076530986,0.005609095,0.002989152,6.662766,-0.008958128613693458,-0.014268080801890326,0,0
2014-08-19,0.0049432893,0.005562832,0.0030612142,7.7776003,-0.008948839582215963,-0.01398237250629976,0,0
2014-08-20,0.0030299227,0.0055556763,0.0043111253,7.0478597,-0.008898791825296515,-0.01406906421758693,0,0
2014-08-21,0.0031464377,0.005552024,0.0034024017,7.1232834,-0.008897508453025307,-0.014048136751526231,0,0
2014-08-22,-0.0008800051,0.0055427467,0.0035042618,6.91133,-0.008869422823660232,-0.014057979525955597,0,0
2014-08-25,0.0036407046,0.005545786,0.0035748945,6.5358677,-0.008847372958507425,-0.014129139507297519,0,0
2014-08-26,0.0017528489,0.005536867,0.0035021752,6.597466,-0.00883789322836296,-0.014095618278800832,0,0
2014-08-27,-0.0007508447,0.005541619,0.0023777315,6.599971,-0.008845669666446726,-0.014107281536562868,0,0
2014-08-28,-0.00012519561,0.005550327,0.004256487,6.376606,-0.008841601086963143,-0.014169455895446907,0,0
2014-08-29,0.0023760407,0.0055556605,0.0040094554,6.3573422,-0.008848448336183055,-0.014186628479387382,0,0
2014-09-02,-0.0008747267,0.005570384,0.004768486,6.38661,-0.008874404571984858,-0.014218815400348353,0,0
2014-09-03,-0.00050018757,0.005572316,0.0051770043,6.342523,-0.008873691245462173,-0.014231913734283048,0,0
2014-09-04,-0.0005004379,0.005554171,0.006797567,6.2136517,-0.008833245138096663,-0.01420988110737135,0,0
2014-09-05,0.0041211424,0.0055531147,0.0065503363,5.866921,-0.008810572254504342,-0.014249170453603199,0,0
2014-09-08,-0.00274554,0.0055261455,0.0041046697,6.0805497,-0.00877594558190372,-0.014163961756842534,0,0
2014-09-09,-0.0053881467,0.0055326377,0.006196357,6.204061,-0.008798111030495423,-0.014156622504283501,0,0
2014-09-10,0.0026350475,0.0055708503,0.0049554543,6.110534,-0.008849911590857754,-0.014272615777242167,0,0
2014-09-11,0.0010020041,0.005634104,0.0050872583,5.859059,-0.008939070157402189,-0.014456987660979925,0,0
2014-09-12,-0.0061530927,0.0056505282,0.0053677405,5.7938833,-0.008965128426004325,-0.014499131201752523,0,0
2014-09-15,-0.00025195265,0.005678354,0.0053905575,6.027795,-0.009012213433569007,-0.014564820903720811,0,0
2014-09-16,0.0036471146,0.005729975,0.0073125944,6.054707,-0.009096968973491387,-0.014691685166242483,0,0
2014-09-17,0.0011291639,0.0056709307,0.007060278,6.0182767,-0.008999433203877303,-0.014547730174545637,0,0
2014-09-18,0.0053773657,0.005644642,0.0039766147,6.1088424,-0.00896696994741319,-0.01446201021433174,0,0
2014-09-19,-0.00037422817,0.005622382,0.0056843837,6.0158587,-0.008922135360136073,-0.014423676673608974,0,0
2014-09-22,-0.008771986,0.0056190197,0.0053681666,6.056563,-0.008921004086139448,-0.014406820511767398,0,0
2014-09-23,-0.007073416,0.00568809,0.006017739,5.9919987,-0.009024723662770951,-0.014595513441450558,0,0
2014-09-24,0.009462002,0.005754041,0.0047877515,6.006194,-0.009130029379335002,-0.014763450543352484,0,0
2014-09-25,-0.014927538,0.005701141,0.00783814,6.262754,-0.009071596045121115,-0.014576292094307068,1,1
2014-09-26,0.0073651127,0.0058021615,0.006663036,6.2630196,-0.009232363727443653,-0.014834521719687821,0,0
2014-09-29,-0.0032948959,0.005779849,0.007552845,6.3544197,-0.009205249552044341,-0.01475966683417329,0,0
2014-09-30,-0.0020330376,0.005877514,0.0062899366,6.386431,-0.009363688785935577,-0.015002820488770852,0,0
2014-10-01,-0.012672169,0.005914214,0.010183456,6.238195,-0.009408258132253716,-0.015126029184619789,1,0
2014-10-02,-0.0011600181,0.0059992536,0.01003924,6.1579432,-0.009535432661910823,-0.015360193143127253,0,0
2014-10-03,0.011157538,0.0059870505,0.007783745,6.1604075,-0.009516290612375676,-0.015328433978563712,0,0
2014-10-06,-0.0021704445,0.005835091,0.0072207116,6.170765,-0.009275790229495743,-0.014937269913607677,0,0
2014-10-07,-0.014418376,0.005858353,0.0084031075,5.970784,-0.009294863520574237,-0.01503240548080512,1,0
2014-10-08,0.017353736,0.0060204417,0.012329785,5.7790375,-0.009552033060225461,-0.015448320872009312,0,0
2014-10-09,-0.018910965,0.005851527,0.015483418,5.49605,-0.009284034110246076,-0.015014891282042484,1,1
2014-10-10,-0.016102986,0.006031597,0.0119332,5.8860807,-0.009569732196757783,-0.015476945347928196,1,1
2014-10-13,-0.015293868,0.0064608045,0.0132055245,6.6206484,-0.010314716580508412,-0.016443064017630665,1,0
2014-10-14,0.0049462034,0.0071354075,0.010153059,6.571067,-0.011386868164382708,-0.01817108135222147,0,0
2014-10-15,-0.01504798,0.0070406073,0.02474085,6.626448,-0.011240929236818954,-0.01791741699051599,1,0
2014-10-16,0.0020285354,0.007286572,0.02087927,6.6500044,-0.011635939728786356,-0.018538024239692176,0,0
2014-10-17,0.016347678,0.00719877,0.012256224,6.439558,-0.011474386444050022,-0.018362862559432924,0,0
2014-10-20,0.010050336,0.0069920816,0.010872576,6.3337026,-0.011133648519578205,-0.017860117440645282,0,0
2014-10-21,0.019802628,0.00667348,0.016550837,6.324589,-0.010625376585674149,-0.017048342452132006,0,0
2014-10-22,-0.006730546,0.006372399,0.0074700424,6.471388,-0.010160189872928846,-0.016248330681612185,0,0
2014-10-23,0.010850016,0.006430955,0.0102967825,6.301164,-0.010236846600740108,-0.016433851312526192,0,0
2014-10-24,0.0070409304,0.006314337,0.009782492,6.333436,-0.010054433526078608,-0.01612898613695293,0,0
2014-10-27,-0.0014042257,0.006221573,0.0076160175,6.3320117,-0.009906584928855888,-0.01589233224825311,0,0
2014-10-28,0.011684156,0.006184502,0.0049971114,6.2818766,-0.009842629199116413,-0.01580809525878625,0,0
2014-10-29,-0.0039218217,0.006010913,0.008425818,6.4558196,-0.00958246120183549,-0.015329650482009476,0,0
2014-10-30,0.008205563,0.0060198726,0.011362856,6.3739514,-0.009589336187374177,-0.015368691097472652,0,0
2014-10-31,0.011500127,0.005993754,0.0076034423,6.4770045,-0.009556967595181456,-0.015281773141860685,0,0
2014-11-03,-0.00024860163,0.0059342086,0.0043021115,6.557283,-0.009468823768763648,-0.015114691016786976,0,0
2014-11-04,-0.0027387047,0.0059347055,0.0063399402,6.584299,-0.009471844883278312,-0.015110886225722412,0,0
2014-11-05,0.0065851016,0.005917229,0.0044437,6.5346303,-0.009439844760386406,-0.015075708236387826,0,0
2014-11-06,0.0045715775,0.0058487123,0.005781197,6.69068,-0.00934296918533815,-0.014872574519669998,0,0
2014-11-07,-0.0009866799,0.0057834084,0.0045187557,6.7123275,-0.009240281862631521,-0.014702679149091864,0,0
2014-11-10,0.003940892,0.005749821,0.004177,6.3874416,-0.00916034505030476,-0.014676682151031534,0,0
2014-11-11,0.0012283504,0.0056618187,0.0026498786,6.086488,-0.008992008202405274,-0.014510508495194209,0,0
2014-11-12,-0.00024554943,0.005641674,0.0036506685,6.1175013,-0.008963116682417931,-0.014452681192867465,0,0
2014-11-13,-0.0009828011,0.0057328693,0.005901897,6.1050935,-0.009106745834219651,-0.014688815422137364,0,0
2014-11-14,0.001964637,0.0057893125,0.0022169128,5.78926,-0.009185324324661319,-0.014855249828615124,0,0
2014-11-17,0.00085831655,0.0057805986,0.0052908207,5.64361,-0.009171498005325232,-0.014832888786077265,0,0
2014-11-18,0.0042805667,0.0057846378,0.005649245,5.56406,-0.009177907155839465,-0.014843254182955252,0,0
2014-11-19,-0.0006103888,0.005782034,0.004386958,5.7162704,-0.009173775547587595,-0.014836572211736152,0,0
2014-11-20,0.0023174982,0.0058029206,0.005861074,5.68239,-0.009206914375666491,-0.014890167006295316,0,0
2014-11-21,0.0047402093,0.005772963,0.007166066,5.673799,-0.009159383688357198,-0.01481329653231438,0,0
2014-11-24,0.0027850112,0.00574043,0.00234189,5.5109735,-0.009107767540851412,-0.01472981872148407,0,0
2014-11-25,0.0,0.005699851,0.0035041736,5.4527545,-0.009043384669555515,-0.014625693531781597,0,0
2014-11-26,0.0022948256,0.005677568,0.0031975019,5.484754,-0.009008029829954757,-0.014568514824056515,0,0
2014-11-28,-0.0028996035,0.005647791,0.0030605318,5.6044574,-0.008960785984479858,-0.014492108253903098,0,0
2014-12-01,-0.00752979,0.005695495,0.003882444,5.757793,-0.009036472414751303,-0.01461451447393168,0,0
2014-12-02,0.0074087908,0.0057818466,0.0038170775,6.0964913,-0.009183665591801244,-0.014816069698646255,0,0
2014-12-03,0.0031412374,0.005676178,0.003966001,6.3886704,-0.009043126056235928,-0.014488473235234722,0,0
2014-12-04,-0.00024128363,0.005649867,0.0054593375,6.3945007,-0.00900170963141701,-0.014420226712427126,0,0
2014-12-05,0.0019286409,0.0056169974,0.0033460741,6.496099,-0.00895778825300345,-0.014317725798720034,0,0
2014-12-08,-0.00797973,0.0055755093,0.0064991927,6.4962287,-0.008891634409865727,-0.014211948509549816,0,0
2014-12-09,-0.0009715813,0.005658495,0.009979663,6.353739,-0.009011915802252236,-0.014449900404916885,0,0
2014-12-10,-0.0151814865,0.005696475,0.008458866,6.4387083,-0.009079750490249512,-0.014530915842268316,1,1
2014-12-11,0.0022181156,0.0060267705,0.011257711,6.2827454,-0.009591683678505089,-0.015404742498338979,0,0
2014-12-12,-0.016757049,0.0063224486,0.0076405066,5.929792,-0.0100311973678295,-0.01622326416707645,1,1
2014-12-15,-0.0036365956,0.0064315232,0.013062959,6.007345,-0.010205138740783295,-0.01650143317310902,0,0
2014-12-16,-0.012642394,0.00642891,0.016613446,6.15109,-0.010217585810794008,-0.016461806876195577,1,0
2014-12-17,0.021771451,0.0066662566,0.009362066,6.2317624,-0.01060389025165914,-0.017050903744938523,0,0
2014-12-18,0.025442287,0.0063773897,0.012560809,6.085968,-0.010128406750573849,-0.016344541611088798,0,0
2014-12-19,0.003392298,0.0062429626,0.006445423,6.160333,-0.009923050258786797,-0.01598365409661075,0,0
2014-12-22,0.0026573273,0.0061191185,0.0034243348,6.1429963,-0.009724371503476633,-0.015670293441854322,0,0
2014-12-23,0.0031314008,0.006060896,0.004042553,5.8879676,-0.009616218671206222,-0.015552127036366678,0,0
2014-12-24,-0.00012025735,0.0059761815,0.002209445,5.7728853,-0.009481810197764964,-0.01533475077598882,0,0
2014-12-26,0.0026423268,0.0059800837,0.0030663977,5.712551,-0.009488001276095953,-0.015344763488884371,0,0
2014-12-29,0.0007194245,0.0059310356,0.0043288576,5.65101,-0.009410182081775086,-0.015218907990239183,0,0
2014-12-30,-0.004324331,0.0059379935,0.0041771424,5.70797,-0.009421221420512015,-0.015236761702213128,0,0
2014-12-31,-0.011745609,0.0059781987,0.008290959,5.8422275,-0.009485010701134843,-0.015339926889042248,1,0
2015-01-02,-0.0030497126,0.006197829,0.0094512645,5.9674306,-0.009833475572140465,-0.01590349247827097,0,0
2015-01-05,-0.014893499,0.0062386403,0.009975187,5.665881,-0.009898227627879367,-0.01600821474293126,1,0
2015-01-06,-0.010721958,0.0064498913,0.011586981,5.8793726,-0.010233398239481469,-0.016550279780002508,1,0
2015-01-07,0.012456563,0.006648067,0.0068097212,6.145135,-0.010565210716045622,-0.01702436420365536,0,0
2015-01-08,0.017425891,0.0065636584,0.00807259,6.278221,-0.010445669781307478,-0.016778064995451522,0,0
2015-01-09,-0.009657186,0.0063783964,0.0090136565,6.7114453,-0.010190834482806495,-0.016215439472448787,0,0
2015-01-12,-0.0062842914,0.0064698854,0.010880761,7.0297728,-0.010361821552177464,-0.01638748764255015,0,0
2015-01-13,-0.0032190199,0.0066416534,0.017548932,7.193095,-0.010648610333146135,-0.01679248954712473,0,0
2015-01-14,-0.0042251833,0.0067223664,0.013181707,6.7814646,-0.010746406054066251,-0.017075637308729366,0,0
2015-01-15,-0.009258167,0.006787229,0.01605377,6.379798,-0.010812302142607939,-0.017326430599376705,0,0
2015-01-16,0.011994147,0.00697847,0.01196431,6.581085,-0.011137391902888025,-0.017769214427240675,0,0
2015-01-20,0.0018611582,0.006943302,0.01014266,7.0361156,-0.01112051228478018,-0.017585354794712783,0,0
2015-01-21,0.0048228623,0.0069442396,0.009046272,7.3652916,-0.011145722116384461,-0.017525705806994484,0,0
2015-01-22,0.014695342,0.0067423475,0.010505271,7.8126855,-0.010848218421241847,-0.016941553635909507,0,0
2015-01-23,-0.006096836,0.006526399,0.0058580507,8.605161,-0.010536559931592568,-0.01628792632583253,0,0
2015-01-26,0.004636982,0.006524668,0.008538023,8.488613,-0.010529135472815173,-0.01629871841651026,0,0
2015-01-27,-0.011509862,0.0063469675,0.012441694,8.534779,-0.010244178692009779,-0.01584895147627175,1,0
2015-01-28,-0.01914767,0.0063735745,0.0134776635,9.048201,-0.010305450597596572,-0.015853694639704683,1,1
2015-01-29,0.013466538,0.006787249,0.010969547,9.027158,-0.01097358638972453,-0.01688522485366554,0,0
2015-01-30,-0.014974075,0.00668283,0.0074282694,8.650216,-0.010790892288486125,-0.016672453178761204,1,0
2015-02-02,0.014230673,0.0070079076,0.013555331,9.271948,-0.011338858254143182,-0.017404218835667246,0,0
2015-02-03,0.012318461,0.0069278064,0.009920325,10.792312,-0.01123076729017005,-0.017125471678867202,0,0
2015-02-04,-0.0058939266,0.0067342618,0.008627003,13.636118,-0.010917009524015744,-0.016647031551004943,0,0
2015-02-05,0.012240055,0.0068283225,0.009486799,13.523838,-0.011069492891654915,-0.016879549020785353,0,0
2015-02-06,-0.0009737099,0.0066727507,0.008021285,14.444892,-0.010817292597463871,-0.01649497609856382,0,0
2015-02-09,-0.00512759,0.006699872,0.004758108,13.49957,-0.010861259567745408,-0.016562020057797226,0,0
2015-02-10,0.009623072,0.0067834756,0.006984863,13.113328,-0.010996790492395464,-0.016768687238385746,0,0
2015-02-11,0.0016957369,0.0067279376,0.0089372555,13.679861,-0.010906757541292018,-0.016631398599555484,0,0
2015-02-12,0.008795767,0.0066989074,0.008421574,12.802798,-0.01085969564875413,-0.016559635283035074,0,0
2015-02-13,0.0045481827,0.006554422,0.0033361975,13.279503,-0.010625468185064588,-0.016202468609361847,0,0
2015-02-17,0.00119346,0.0064875297,0.0059251986,13.194394,-0.0105170285910681,-0.016037112214035223,0,0
2015-02-18,-0.00023857808,0.006479388,0.0033645944,12.718889,-0.01050383022885244,-0.016016986413856852,0,0
2015-02-19,-0.00011931039,0.0064146495,0.0041378555,12.52659,-0.010398881389819757,-0.015856952969645313,0,0
2015-02-20,0.005592257,0.006353098,0.008329509,11.925949,-0.01029909947580845,-0.015704798419710026,0,0
2015-02-23,-0.000118659154,0.006227547,0.0028528515,12.151173,-0.010095566348802576,-0.01539443665081279,0,0
2015-02-24,0.0033171456,0.006200115,0.003756699,12.025764,-0.010051096358705172,-0.015326625651234944,0,0
2015-02-25,-0.0016571974,0.0060680085,0.0033603092,11.808171,-0.009836936516092609,-0.015000059511571252,0,0
2015-02-26,-0.0001184764,0.0060557607,0.004441886,11.8790045,-0.0098170815812465,-0.014969783296633525,0,0
2015-02-27,-0.0034419356,0.005993449,0.0028067143,11.754377,-0.009716067437484916,-0.014815749755250454,0,0
2015-03-02,0.005335876,0.005947517,0.0040782616,11.762529,-0.009641606156855888,-0.014702205905606206,0,0
2015-03-03,-0.0043851924,0.005868756,0.0057712775,12.68299,-0.009513926054902474,-0.014507510217104858,0,0
2015-03-04,-0.003927408,0.0058875703,0.006112323,12.601213,-0.009544425429207842,-0.01455401782939836,0,0
2015-03-05,0.0015490024,0.0058808792,0.0033171484,11.729563,-0.009533578431433466,-0.0145374775567361,0,0
2015-03-06,-0.01390743,0.00583285,0.009629642,11.881902,-0.009455717547082436,-0.014418749749864682,1,0
2015-03-09,0.003374717,0.005910136,0.005478983,10.952533,-0.009581006616924521,-0.014609799422769068,0,0
2015-03-10,-0.017355857,0.005888086,0.006666469,11.144975,-0.009545260982257688,-0.01455529194003761,1,1
2015-03-11,-0.00122504,0.0060100555,0.004619263,11.165768,-0.009742988281556597,-0.014856800570462726,0,0
2015-03-12,0.0119411675,0.0062626507,0.007097466,10.879758,-0.010152473419448005,-0.015481212594208801,0,0
2015-03-13,-0.006928013,0.006190679,0.008873077,11.414423,-0.010035799829942117,-0.015303300417673568,0,0
2015-03-16,0.012965949,0.0062411614,0.010141727,11.070919,-0.010117636765220248,-0.015428091189415193,0,0
2015-03-17,-0.004948414,0.006210941,0.004882834,11.428489,-0.010068646348723875,-0.015353387122580962,0,0
2015-03-18,0.012624153,0.0061950777,0.014149874,10.981753,-0.010042929882634144,-0.015314172828461833,0,0
2015-03-19,-0.005270736,0.006079731,0.0067312224,11.320278,-0.009855939862022257,-0.0150290371632413,0,0
2015-03-20,0.00849135,0.006048381,0.007845112,11.104386,-0.009805117980760057,-0.014951540348844269,0,0
2015-03-23,-0.0021459237,0.005992338,0.0045433557,11.028926,-0.009714266356466357,-0.014813003338983628,0,0
2015-03-24,-0.0046653594,0.0059612757,0.005463509,10.812207,-0.00966391035932892,-0.014736216937791511,0,0
2015-03-25,-0.015101464,0.0059247734,0.008374923,10.809799,-0.009604736323540171,-0.01464598416492376,1,1
2015-03-26,-0.0025595725,0.0059914547,0.008515297,10.759803,-0.009712834100379902,-0.014810819333170692,0,0
2015-03-27,0.0019507443,0.005995632,0.005729517,10.235113,-0.00971960630004856,-0.014821146064250832,0,0
2015-03-30,0.011143526,0.0059709363,0.009628599,10.249143,-0.009679571493059182,-0.014760098146904559,0,0
2015-03-31,-0.0071320944,0.0059096073,0.005612223,10.610143,-0.009580149964050183,-0.014608493137618726,0,0
2015-04-01,-0.0037678562,0.0059493445,0.009290475,10.520329,-0.009644568572214435,-0.014706723206963547,0,0
2015-04-02,0.003161097,0.005928149,0.0070257694,10.2965975,-0.009610207930027198,-0.014654327659140178,0,0
2015-04-03,0.0,0.0058775865,0.008876996,10.570216,-0.009528241019830203,-0.014529338692410226,0,0
2015-04-06,0.0066541894,0.005861339,0.009826575,10.6951275,-0.009501901686921495,-0.014489174606723656,0,0
2015-04-07,-0.0026563648,0.0058167237,0.0055975607,10.613991,-0.009429574864537984,-0.014378885530621492,0,0
2015-04-08,0.0039819055,0.0058024125,0.004880575,9.915732,-0.00940448673656548,-0.0143507586672815,0,0
2015-04-09,0.0046855374,0.0059575187,0.0064675636,10.269294,-0.009657820105987815,-0.014726930086909869,0,0
2015-04-10,0.004663686,0.005934919,0.00348249,9.747984,-0.009615261624842815,-0.014693613648182315,0,0
2015-04-13,-0.0043041673,0.005847083,0.0047378833,10.915412,-0.009478790627159924,-0.014453933221234186,0,0
2015-04-14,0.0021543994,0.0058978302,0.005643365,10.710307,-0.009561057998857671,-0.01457938035300209,0,0
2015-04-15,0.0041758697,0.005860743,0.005680186,10.32783,-0.009500935314959803,-0.014487701014115634,0,0
2015-04-16,0.0004761338,0.0058182534,0.005306594,10.104085,-0.009432054515912176,-0.014382666679165042,0,0
2015-04-17,-0.012092335,0.005785174,0.010057672,9.552861,-0.009367875753640923,-0.014340665188333539,1,0
2015-04-20,0.007440332,0.005830363,0.0057030316,9.313059,-0.009434714454706918,-0.014475708941560235,0,0
2015-04-21,0.0,0.005788806,0.0060553914,9.512826,-0.00937273927134754,-0.014353407761415162,0,0
2015-04-22,0.0044139647,0.0057710637,0.0075571476,9.219063,-0.009336166163446336,-0.014337726566457378,0,0
2015-04-23,0.0032087495,0.005745105,0.00879381,9.381483,-0.009298579677949252,-0.014257441726423101,0,0
2015-04-24,0.0022518528,0.0057169343,0.0037355279,9.429259,-0.009254232710738346,-0.014183008063869325,0,0
2015-04-27,-0.0033202923,0.0057007778,0.0060357526,8.987389,-0.00921580775362858,-0.014186396364822685,0,0
2015-04-28,0.0034386707,0.0057403697,0.007793198,9.034962,-0.009281229142845316,-0.014280011517187148,0,0
2015-04-29,-0.006174325,0.0056879222,0.006539134,9.134684,-0.009199303412974277,-0.014139500057497692,0,0
2015-04-30,-0.009574032,0.0057301577,0.009110885,9.575794,-0.009279359340763968,-0.014202179594895732,1,0
2015-05-01,0.010764367,0.0057854573,0.0049290373,10.225814,-0.009378888866145508,-0.014301595920075894,0,0
2015-05-04,0.0036810585,0.0057017105,0.0052595977,10.811851,-0.009243125843426049,-0.01409457481986536,0,0
2015-05-05,-0.01204331,0.005678081,0.0068519814,10.92418,-0.00920481953405898,-0.014036162638467757,1,0
2015-05-06,-0.004689481,0.005741391,0.010538851,11.173897,-0.009307451612362542,-0.014192663321361376,0,0
2015-05-07,0.004809436,0.0058019934,0.010276559,11.1031685,-0.009405695771164938,-0.014342472992928268,0,0
2015-05-08,0.011567716,0.0057937047,0.0071621076,11.346778,-0.009392258558936037,-0.014321982977284334,0,0
2015-05-11,-0.0051114527,0.0056950343,0.004740098,11.925004,-0.009232302477455104,-0.014078070582655523,0,0
2015-05-12,-0.0013117885,0.005719922,0.007312965,11.435975,-0.009272648717853972,-0.014139593395785516,0,0
2015-05-13,-0.00023869197,0.0056961337,0.0050264588,11.366309,-0.00923408499062811,-0.01408078868535259,0,0
2015-05-14,0.010921286,0.0058193766,0.0061249165,11.076383,-0.009433875852762248,-0.014385443982962518,0,0
2015-05-15,0.00070813176,0.005820788,0.0031297905,11.069862,-0.00943616391773006,-0.014388932986945352,0,0
2015-05-18,0.0032980007,0.005813066,0.0051349085,10.833202,-0.009423645813855991,-0.014369844493004593,0,0
2015-05-19,-0.0007057993,0.005758565,0.004186036,10.708815,-0.009335293252775014,-0.014235118232237708,0,0
2015-05-20,-0.0009418414,0.005735323,0.004293871,10.191519,-0.0092976148741848,-0.014177663564290208,0,0
2015-05-21,0.0025879322,0.005728057,0.0052484656,9.49474,-0.009273921940751136,-0.014204463429866448,0,0
2015-05-22,-0.0016460909,0.0056736656,0.0023656571,9.43792,-0.009184414599771103,-0.014074854980396527,0,0
2015-05-26,-0.009221014,0.0056682783,0.00865631,9.23499,-0.009170321354661849,-0.014080813851006428,1,0
2015-05-27,0.0075722085,0.0057083345,0.006256381,9.37133,-0.009238798733144577,-0.014167155307050108,0,0
2015-05-28,0.00035354428,0.005681084,0.004060142,9.888465,-0.00920723079121294,-0.014053006416726521,0,0
2015-05-29,-0.007450806,0.0056695314,0.0050636926,9.607247,-0.009181950964091263,-0.014049074502553908,0,0
2015-06-01,0.0015420204,0.0056815157,0.005829825,10.159024,-0.009210387355745687,-0.014044652848454757,0,0
2015-06-02,-0.0011859584,0.0056773573,0.007283337,10.141793,-0.009203646383817276,-0.014034373735651032,0,0
2015-06-03,0.0043810382,0.005703237,0.0038621319,10.045717,-0.009245599586849384,-0.014098346959545805,0,0
2015-06-04,-0.0080664735,0.0056658126,0.006792985,10.234364,-0.009184930839493687,-0.014005834944312283,0,0
2015-06-05,-0.003220999,0.0057101697,0.006210807,10.483332,-0.009256839041359294,-0.01411548567811438,0,0
2015-06-08,-0.0067138486,0.005699786,0.0040558274,10.227801,-0.00924000560138031,-0.01408981685316505,0,0
2015-06-09,0.0008417003,0.005744701,0.005447822,10.781936,-0.009312817719727114,-0.014200845943022336,0,0
2015-06-10,0.012897241,0.0057183476,0.0053561134,10.6954155,-0.00927009648308353,-0.014135701566923809,0,0
2015-06-11,0.0010672993,0.0057709985,0.003734724,10.834429,-0.009355449493114855,-0.01426585389919383,0,0
2015-06-12,-0.0077339904,0.0057562985,0.0043054377,10.272588,-0.009331619351334627,-0.01422951600636634,0,0
2015-06-15,-0.0043093194,0.0057762964,0.0062238113,10.72064,-0.009364037965675705,-0.014278950212188786,0,0
2015-06-16,0.0023963586,0.0058535053,0.0086088395,10.905017,-0.009489202124556803,-0.014469809411987503,0,0
2015-06-17,0.000119667326,0.005835119,0.0067690397,10.878515,-0.0094593965124807,-0.014424359697618712,0,0
2015-06-18,0.012131453,0.005831314,0.009962718,10.05715,-0.009453226923799508,-0.014414951870575364,0,0
2015-06-19,-0.0080712605,0.0057650222,0.004828154,10.582911,-0.00934576129770153,-0.014251080650680753,0,0
2015-06-22,0.0071250745,0.005794782,0.005838048,11.103029,-0.009394005624403899,-0.014324647026802764,0,0
2015-06-23,0.0017733645,0.005712198,0.0030482223,11.571603,-0.009260127238007983,-0.014120499753922983,0,0
2015-06-24,-0.00806456,0.005650007,0.003821391,11.248151,-0.009159308900617676,-0.013966764792002847,0,0
2015-06-25,-0.0026231087,0.005674934,0.006640219,11.828031,-0.009199717596497037,-0.014028382841685672,0,0
2015-06-26,0.0008353721,0.005682332,0.0048885914,11.904533,-0.009211710736737768,-0.01404667083379046,0,0
2015-06-29,-0.021827819,0.005676024,0.011631775,11.746745,-0.00920148491779641,-0.014031077778734751,1,1
2015-06-30,0.0019488435,0.0059783896,0.0076454007,8.657084,-0.009653659267933415,-0.014914203766505527,0,0
2015-07-01,0.007999073,0.006061,0.006103427,8.341865,-0.009775215898927976,-0.015158664924354193,0,0
2015-07-02,-0.0010870222,0.005927588,0.00566016,8.539331,-0.009567453613713101,-0.014801185510196178,0,0
2015-07-06,-0.002056494,0.0060200696,0.012860188,8.350217,-0.009709532909692306,-0.015055253720796939,0,0
2015-07-07,0.004470496,0.0060843513,0.014675573,8.278077,-0.009810303620939055,-0.015225196814999063,0,0
2015-07-08,-0.016776469,0.00599594,0.0076191355,8.182846,-0.009663849400485758,-0.01501613417544727,1,1
2015-07-09,0.0009802721,0.0062536728,0.01023604,8.122772,-0.010076603877523533,-0.015669748275681513,0,0
2015-07-10,0.013503034,0.0063923365,0.007237144,8.006998,-0.010294653181108499,-0.016033580650427905,0,0
2015-07-13,0.012249462,0.006163406,0.008411699,8.442925,-0.009944386609467046,-0.01540197707707531,0,0
2015-07-14,0.0035744112,0.0058475723,0.004465679,8.743262,-0.00944532932128968,-0.014578173021444664,0,0
2015-07-15,0.0010698367,0.005719659,0.0042590755,8.870169,-0.009242752651609372,-0.01424564787816747,0,0
2015-07-16,0.0060408833,0.005794545,0.0036312635,8.825451,-0.009362345369429157,-0.014436986964321538,0,0
2015-07-17,0.0008263,0.005718957,0.0023672483,8.399964,-0.009225722854932242,-0.014296345498085197,0,0
2015-07-20,0.001532748,0.005688609,0.0030309716,7.760331,-0.009150372953253558,-0.014300845315744817,0,0
2015-07-21,-0.0035406624,0.005659036,0.0057683755,7.814293,-0.009105277763518408,-0.014219293451923689,0,0
2015-07-22,-0.0030787473,0.0056467843,0.00327107,7.8932543,-0.009089084253939938,-0.014178147744154846,0,0
2015-07-23,-0.004516827,0.0056373947,0.0067753242,8.170276,-0.009085476845933329,-0.014119729146544841,0,0
2015-07-24,-0.010057556,0.0056403386,0.009263371,8.88421,-0.009115004479238287,-0.014046624818353233,1,0
2015-07-27,-0.006277181,0.005695649,0.0071896594,9.909245,-0.009231300901762518,-0.014087259548883282,0,0
2015-07-28,0.010959344,0.0057978462,0.0067391037,11.30496,-0.0093989725230891,-0.01433222090671386,0,0
2015-07-29,0.006803965,0.005690292,0.005330935,12.806196,-0.009224614545403534,-0.014066347477793983,0,0
2015-07-30,0.001070091,0.005638759,0.0054227165,15.01191,-0.009141074432292482,-0.013938959579516998,0,0
2015-07-31,-0.0024986628,0.005612227,0.004609743,16.933683,-0.009098062862063902,-0.013873372482145842,0,0
2015-08-03,-0.0035803833,0.0056072627,0.007252133,16.431808,-0.009090014545010024,-0.013861099836634848,0,0
2015-08-04,-0.003833258,0.0055951257,0.0044654896,15.704131,-0.00907033938066858,-0.013831097748531626,0,0
2015-08-05,0.0051475544,0.0056116926,0.0076548867,14.642312,-0.009097196081273809,-0.013872050753230177,0,0
2015-08-06,-0.006829236,0.0055978107,0.008932541,15.159203,-0.0090746918524646,-0.013837734706679719,0,0
2015-08-07,-0.0028894795,0.005640207,0.0068075955,15.832945,-0.009143420732775891,-0.013942537385150448,0,0
2015-08-10,0.0125802895,0.005635004,0.005619581,14.521731,-0.009134986710930316,-0.013929676589576686,0,0
2015-08-11,-0.009570596,0.005577689,0.008450481,15.23508,-0.009042072367794368,-0.013787994199511676,1,0
2015-08-12,0.002161384,0.005635545,0.013222525,16.195976,-0.009135863619636165,-0.013931013762257678,0,0
2015-08-13,-0.0018008288,0.0057235872,0.0066703483,15.101116,-0.00927859042843066,-0.01414865373810907,0,0
2015-08-14,0.0043165535,0.0057299696,0.0047976226,14.535263,-0.009288936938368107,-0.014164430831368223,0,0
2015-08-17,0.004655335,0.0057397587,0.008228072,14.742173,-0.00930480569437136,-0.014188628637670418,0,0
2015-08-18,-0.0025040256,0.0057342756,0.0043743034,13.968417,-0.009295917604302737,-0.014175075446617955,0,0
2015-08-19,-0.010199885,0.0057503185,0.008775806,13.465207,-0.009321924403977465,-0.014214732462009712,1,0
2015-08-20,-0.023059644,0.0058103865,0.011186033,15.469357,-0.009419301781989768,-0.014363220404660938,1,1
2015-08-21,-0.02702191,0.006013742,0.013702417,11.476241,-0.009748964595845452,-0.014865913678984469,1,1
2015-08-24,-0.052188016,0.006445331,0.039645158,12.132147,-0.010448619584096094,-0.01593279730115265,1,1
2015-08-25,0.0008012821,0.007585628,0.0328687,10.533998,-0.012297171831787863,-0.01875160107001539,0,0
2015-08-26,0.034248576,0.008070743,0.027950326,10.664631,-0.013083597738275632,-0.019950799151598985,0,0
2015-08-27,0.02610117,0.007966663,0.013158115,11.618909,-0.012914872569736205,-0.019693515030160272,0,0
2015-08-28,0.00025131943,0.008115752,0.009094734,12.39932,-0.013156562619351752,-0.020062061184916578,0,0
2015-08-31,-0.010356243,0.008268764,0.008702773,12.480563,-0.01340461384405487,-0.020440307311276947,0,0
2015-09-01,-0.02741308,0.008832646,0.0189423,12.909032,-0.01431872913641883,-0.021834215238146774,1,1
2015-09-02,0.016050046,0.00988972,0.010866843,13.7612095,-0.01603236910631462,-0.024447295183086214,0,0
2015-09-03,-0.0005137426,0.009354865,0.011367439,14.351203,-0.015165308110551733,-0.0231251389899128,0,0
2015-09-04,-0.012539755,0.00916647,0.012823219,14.13736,-0.014859897434966098,-0.022659427098638604,0,0
2015-09-08,0.022637622,0.009737651,0.0112345675,14.782248,-0.015785847196890617,-0.0240713810652898,0,0
2015-09-09,-0.011769357,0.009114648,0.018892402,15.358253,-0.014775888061758367,-0.022531323639234928,0,0
2015-09-10,0.0034684343,0.008845401,0.013946962,15.851614,-0.01433940696442009,-0.021865746259017094,0,0
2015-09-11,0.005499087,0.008573574,0.00849507,15.889731,-0.01389874472586066,-0.021193793177681237,0,0
2015-09-14,-0.0031934625,0.008384782,0.0095195435,15.605989,-0.013592691771617517,-0.020727101894289394,0,0
2015-09-15,0.008154989,0.008306873,0.010758911,15.783826,-0.0134663924421788,-0.020534511705793918,0,0
2015-09-16,0.009095565,0.0077661993,0.007561693,16.47344,-0.01258989813688244,-0.01919797093220142,0,0
2015-09-17,-0.0054221177,0.0073066237,0.013810165,17.446325,-0.011844873462018093,-0.018061904389302424,0,0
2015-09-18,-0.013621241,0.0073783044,0.012595922,17.264791,-0.011961076103441338,-0.018239098430750077,1,0
2015-09-21,0.0063881655,0.0075796777,0.010137546,18.809185,-0.01228752583602352,-0.018736892170524495,0,0
2015-09-22,-0.01591818,0.0072711003,0.013796404,18.116913,-0.011787286133031072,-0.017974091139668802,1,0
2015-09-23,-0.0018132371,0.0075478577,0.011454451,19.378216,-0.012235941829100703,-0.018658233212786816,0,0
2015-09-24,-0.005068566,0.0074955,0.013762277,17.945139,-0.012151063987116918,-0.018528805450506586,0,0
2015-09-25,0.00026055236,0.0076235835,0.014798153,16.310188,-0.012358701451982796,-0.01884542580530147,0,0
2015-09-28,-0.024927106,0.0077565555,0.01766436,15.522331,-0.012574264854920506,-0.019174132193443015,1,1
2015-09-29,0.0013345792,0.00818421,0.010824823,10.913848,-0.013267541788223985,-0.020231290104398256,0,0
2015-09-30,0.01810662,0.008295698,0.009618268,10.885225,-0.013448276132870756,-0.020506886670570185,0,0
2015-10-01,0.004182466,0.008163254,0.01377235,10.87996,-0.013233569382807384,-0.020179486567578984,0,0
2015-10-02,0.013602127,0.007959878,0.02083301,10.981925,-0.012903873653225494,-0.01967674310101815,0,0
2015-10-05,0.016208638,0.007653453,0.011109645,11.006385,-0.012407123861203871,-0.0189192637342971,0,0
2015-10-06,-0.0031699766,0.007314125,0.006936852,11.849055,-0.011857034556861773,-0.018080448490515502,0,0
2015-10-07,0.009479942,0.007264588,0.007266429,11.1546755,-0.011776728624848715,-0.017957992301298725,0,0
2015-10-08,0.009640138,0.007068842,0.012079364,10.853895,-0.011459402456376475,-0.017474110820120563,0,0
2015-10-09,0.0004982561,0.0068072304,0.005264019,10.850713,-0.011035300204070628,-0.01682740958207028,0,0
2015-10-12,0.001741944,0.0066644694,0.003929872,10.173964,-0.010803868045129665,-0.01647450538762654,0,0
2015-10-13,-0.008489439,0.006384745,0.006134297,9.445179,-0.010335704656170678,-0.015838091575509496,0,0
2015-10-14,-0.0050276625,0.0064943666,0.0064178295,9.966183,-0.01052727012241808,-0.01605725332855419,0,0
2015-10-15,0.01748733,0.006576511,0.0064756847,9.364269,-0.010643705841929708,-0.016322602065581084,0,0
2015-10-16,0.0032142443,0.006362708,0.004464456,9.752777,-0.010308453844361272,-0.01575225653169486,0,0
2015-10-19,0.0009869233,0.0062769917,0.0047217105,9.104478,-0.010151079685514286,-0.01560718898335971,0,0
2015-10-20,-0.0034585015,0.006094811,0.00414854,8.687328,-0.009842725499618812,-0.015201074454979462,0,0
2015-10-21,-0.005956831,0.0061589717,0.008692394,8.48467,-0.009938843785951912,-0.015385691323513577,0,0
2015-10-22,0.021913962,0.006328071,0.010204744,8.497804,-0.010212238629035088,-0.015806445488915768,0,0
2015-10-23,0.0063122325,0.0060802917,0.006359253,7.3794866,-0.009759888586199462,-0.015343048176327074,0,0
2015-10-26,-0.001816751,0.00607631,0.0034176887,7.238607,-0.009745036641079664,-0.015355623605897272,0,0
2015-10-27,-0.00084894797,0.0061077205,0.0045338618,7.2323313,-0.009795021966535653,-0.015436034582184462,0,0
2015-10-28,0.011580346,0.006052882,0.0075990427,6.7655554,-0.009674951666636872,-0.015377961532883982,0,0
2015-10-29,-0.00071985606,0.0059731337,0.004464951,7.0486927,-0.009567508600003327,-0.015126083757630339,0,0
2015-10-30,-0.0044505997,0.005969716,0.007827197,6.7235813,-0.009538819095047954,-0.01517426470838527,0,0
2015-11-02,0.010433625,0.006015793,0.010118911,6.256841,-0.009571687936761079,-0.01538198701162873,0,0
2015-11-03,0.0035727082,0.0059367064,0.006547885,6.6153007,-0.00947755954240135,-0.015110201278110302,0,0
2015-11-04,-0.0039306823,0.0059423144,0.0060614673,6.616292,-0.009486593117608714,-0.015124291713733749,0,0
2015-11-05,-0.00035810206,0.0060127703,0.0069915596,6.4246616,-0.009582642466479841,-0.015340504200516032,0,0
2015-11-06,-0.00011939586,0.0059481114,0.0072741737,6.273565,-0.009465615793448687,-0.015205540368432406,0,0
2015-11-09,-0.009959883,0.005891283,0.010750541,6.2767634,-0.009375485584329046,-0.015059625866294283,1,0
2015-11-10,0.0024090593,0.006031259,0.00463968,6.5948577,-0.009626822013819432,-0.015354725126113699,0,0
2015-11-11,-0.004340494,0.0059741815,0.0062445295,6.6235247,-0.009538053309021277,-0.015204049083293491,0,0
2015-11-12,-0.013870523,0.0061019426,0.009931969,6.7866015,-0.009754986183286882,-0.015498743127189933,1,0
2015-11-13,-0.010840215,0.006330273,0.009960307,7.1897116,-0.01014914937373251,-0.016005790556324503,1,0
2015-11-16,0.0145090455,0.0065889503,0.013202411,7.6513996,-0.010592601185560832,-0.016581517649964732,0,0
2015-11-17,0.00048816207,0.006376369,0.007569797,8.272144,-0.010280892841228531,-0.015956725332658024,0,0
2015-11-18,0.014895825,0.0064286445,0.010089786,8.061913,-0.01035572274705241,-0.01611678033842527,0,0
2015-11-19,-0.00024044242,0.00633858,0.0047448366,8.696044,-0.01023671671092576,-0.015807995963322302,0,0
2015-11-20,0.0045585493,0.0063735745,0.005435467,8.579501,-0.01028885240188815,-0.015909740255137913,0,0
2015-11-23,-0.0021567226,0.006276974,0.004724986,8.512315,-0.010130341429468406,-0.015676987473475575,0,0
2015-11-24,0.00023986568,0.006194438,0.008829916,8.475773,-0.009995733000051472,-0.015475401161171975,0,0
2015-11-25,0.0015577261,0.0062183887,0.0032612921,8.471064,-0.010034198635268698,-0.01553582846773901,0,0
2015-11-27,0.00095739594,0.0061370176,0.005665422,8.441279,-0.00990174552608074,-0.015336238421657395,0,0
2015-11-30,-0.004916372,0.006160667,0.004776043,8.351539,-0.009936349615115646,-0.015406696078401168,0,0
2015-12-01,0.0096896505,0.006138377,0.004295825,8.24233,-0.009895931002593247,-0.01536503512132777,0,0
2015-12-02,-0.008848557,0.006024301,0.008624584,8.514712,-0.009722644171136637,-0.015045637691547228,0,0
2015-12-03,-0.014639424,0.00606558,0.016263321,9.078552,-0.009808393077420919,-0.015084313209719077,1,0
2015-12-04,0.017996741,0.0062800837,0.01173562,10.030978,-0.01018073452437136,-0.015524307134365645,0,0
2015-12-07,-0.0035975575,0.0060670823,0.009991874,11.109863,-0.009835435052581824,-0.014997769973361934,0,0
2015-12-08,-0.010749545,0.006046495,0.00858365,10.762615,-0.009802060194194809,-0.014946877618696792,1,0
2015-12-09,-0.008169283,0.0062006046,0.014714885,11.743638,-0.010051889712106037,-0.01532783541285201,0,0
2015-12-10,0.0035441527,0.0064250003,0.007927866,10.982921,-0.010415660814248044,-0.015882539427846246,0,0
2015-12-11,-0.019463535,0.0065196524,0.012687644,11.410224,-0.01056910295791209,-0.016116518907410685,1,1
2015-12-14,0.004344325,0.0070519974,0.012241452,10.597946,-0.011432095063520118,-0.017432470567865083,0,0
2015-12-15,0.009123476,0.006968231,0.010056906,10.868585,-0.011296299969067433,-0.01722540056239769,0,0
2015-12-16,0.013046579,0.006712196,0.010309112,10.45087,-0.010881237725566543,-0.01659248417187973,0,0
2015-12-17,-0.01907848,0.006530333,0.013347052,9.660307,-0.010577515825303557,-0.016176658663927847,1,1
2015-12-18,-0.016307076,0.0066494704,0.009362982,10.118701,-0.010779552607386143,-0.01643742748104393,1,0
2015-12-21,0.011480036,0.00687779,0.006536731,10.819441,-0.0111496857286087,-0.017001832754622675,0,0
2015-12-22,0.010367903,0.006684647,0.008407712,11.308564,-0.01083657783704872,-0.016524383601702056,0,0
2015-12-23,0.00831504,0.006480097,0.0073369034,11.77307,-0.010504978903297733,-0.01601873799424071,0,0
2015-12-24,-0.0008527746,0.0064218733,0.0036721115,12.231488,-0.010410591792412308,-0.015874809823301465,0,0
2015-12-28,-0.0012195123,0.00644652,0.006613302,12.207049,-0.01045054642006862,-0.015935735477505587,0,0
2015-12-29,0.011646377,0.0063864477,0.006141316,12.263949,-0.01035316313410546,-0.015787238525991256,0,0
2015-12-30,-0.008843719,0.00631497,0.005143038,13.040436,-0.010237289649944276,-0.015610546406916639,0,0
2015-12-31,-0.00929102,0.006414476,0.007381765,12.800601,-0.010398599496164555,-0.01585652311817712,0,0
2016-01-04,-0.013104403,0.0064661964,0.020402765,13.532613,-0.010482444290741258,-0.015984375616394278,1,0
2016-01-05,0.0013679042,0.00668772,0.008688874,13.66711,-0.010841559927607554,-0.01653198064726114,0,0
2016-01-06,-0.0128824245,0.006703688,0.013079578,12.807653,-0.010867445192293212,-0.016571452337469005,1,0
2016-01-07,-0.027049365,0.00687332,0.014397391,12.869853,-0.011142438360892504,-0.01699078145355274,1,1
2016-01-08,-0.011184926,0.0075634993,0.018279519,11.287187,-0.012261297910188125,-0.01869689796625649,0,0
2016-01-11,0.0014376269,0.008209115,0.013409714,10.963762,-0.0133079150363982,-0.020292854100902445,0,0
2016-01-12,0.005600067,0.008073587,0.014731865,10.575318,-0.013088208471923423,-0.019957829925762845,0,0
2016-01-13,-0.022856636,0.007581262,0.021499287,10.619615,-0.012290093262667594,-0.01874080716503419,1,1
2016-01-14,0.017387161,0.007865516,0.018473634,10.825638,-0.01275090161365111,-0.019443480469560844,0,0
2016-01-15,-0.020847833,0.007782721,0.023767916,11.113338,-0.012616681410098439,-0.01923881196960137,1,1
2016-01-19,-0.001067236,0.008218633,0.019227894,11.142982,-0.013323344916052039,-0.020316382677373925,0,0
2016-01-20,-0.009656727,0.008308337,0.027963966,11.15356,-0.013468765750437556,-0.020538130694801565,0,0
2016-01-21,0.0032292816,0.008523731,0.017748373,11.4071,-0.013817943369968552,-0.021070581530944016,0,0
2016-01-22,0.020345094,0.008712988,0.011158832,10.613346,-0.014124751697928477,-0.021538424661832957,0,0
2016-01-25,-0.01538696,0.008271007,0.009841405,11.041916,-0.013408248921818194,-0.020445850336047906,1,0
2016-01-26,0.013674292,0.008436488,0.016443565,11.701059,-0.013676512934390789,-0.020854918357054126,0,0
2016-01-27,-0.011137744,0.008246727,0.016708452,11.647638,-0.013368889309212529,-0.020385832003056582,0,0
2016-01-28,0.003061974,0.008382386,0.01379038,11.582938,-0.01358880687193222,-0.020721177923307105,0,0
2016-01-29,0.02584937,0.008323366,0.012656942,10.85626,-0.013493129295780918,-0.020575281959269463,0,0
2016-02-01,0.0006474588,0.007955789,0.010083584,10.16716,-0.012897244088370396,-0.01966663386963299,0,0
2016-02-02,-0.01763023,0.0078106327,0.010991677,9.366127,-0.012641128480268994,-0.019385394343351226,1,0
2016-02-03,0.005780363,0.008095234,0.017132472,9.30826,-0.01309955398298594,-0.020099619189618598,0,0
2016-02-04,-0.00039305602,0.008093058,0.011870399,9.154625,-0.0130900282446977,-0.020115563177072124,0,0
2016-02-05,-0.017182553,0.008163444,0.015340889,8.426428,-0.013170505410299684,-0.020402691320900824,1,0
2016-02-08,-0.012475847,0.0084215235,0.022539826,8.953607,-0.01361263574101302,-0.020962137037001248,0,0
2016-02-09,-0.0020268909,0.008818123,0.014557476,9.213252,-0.014265310750733173,-0.021908771221325285,0,0
2016-02-10,-0.00081190804,0.008752958,0.014897056,8.617477,-0.014131875184651775,-0.02184263529523038,0,0
2016-02-11,-0.012121361,0.008794176,0.01626317,8.599846,-0.01419749973748949,-0.021948533818055473,0,0
2016-02-12,0.018329207,0.009098182,0.010313983,8.571395,-0.014686737617039633,-0.02271237142851236,0,0
2016-02-16,0.01628005,0.0090610795,0.006965595,8.941476,-0.014645836967593653,-0.02255606696457532,0,0
2016-02-17,0.017841218,0.0087568145,0.013091252,9.649861,-0.01418347595874357,-0.021693443134313192,0,0
2016-02-18,-0.0032558471,0.00845201,0.0074827797,10.484825,-0.013701676585078853,-0.02089328967898264,0,0
2016-02-19,-0.0010441139,0.008306963,0.0089219315,10.3576765,-0.013466538452964277,-0.020534734353410675,0,0
2016-02-22,0.011296621,0.008151043,0.010164581,10.002966,-0.01321377437146283,-0.020149301728252758,0,0
2016-02-23,-0.010513433,0.0078004627,0.006745464,10.5174675,-0.012645443002858723,-0.01928266968916132,0,0
2016-02-24,0.0074098487,0.007897487,0.016586186,10.922331,-0.012802730378538024,-0.019522512651627192,0,0
2016-02-25,0.010436222,0.007820221,0.009945843,11.222712,-0.012677473380429164,-0.01933151188397967,0,0
2016-02-26,-0.003981255,0.007593008,0.009744292,11.850768,-0.012309135432274307,-0.018769844017804644,0,0
2016-02-29,-0.006843593,0.0076318705,0.009931831,11.944311,-0.012372136132232758,-0.018865911960004072,0,0
2016-03-01,0.02482533,0.0076912134,0.0136215435,12.188667,-0.012468337828024418,-0.019012607138897242,0,0
2016-03-02,0.0027767278,0.0072495444,0.006218499,11.283375,-0.011752341447701922,-0.017920805001378402,0,0
2016-03-03,0.0035229025,0.007066545,0.005704265,11.191021,-0.01145567875935029,-0.017468432662403017,0,0
2016-03-04,0.002258187,0.0068199495,0.008232322,11.296999,-0.011055918952563313,-0.01685885051430954,0,0
2016-03-07,0.0020030052,0.006805387,0.0069508986,10.470155,-0.01103231162492971,-0.016822852384319183,0,0
2016-03-08,-0.009045288,0.006715725,0.006541014,10.56592,-0.010886959153975546,-0.016601208612307482,0,0
2016-03-09,0.0040302323,0.0068387333,0.0052251196,10.254626,-0.011086369375275863,-0.01690528348173731,0,0
2016-03-10,-0.0001256992,0.0069522792,0.015284402,10.415039,-0.011270440868164143,-0.017185968768583575,0,0
2016-03-11,0.015591211,0.006946167,0.007402469,9.832206,-0.01125597511302116,-0.0171882841958428,0,0
2016-03-14,-0.00061900343,0.0068077934,0.004376763,9.99579,-0.011036103603874305,-0.016829223181810217,0,0
2016-03-15,-0.006086597,0.0067164083,0.0052278545,9.258147,-0.010866766304036036,-0.01668185612663956,0,0
2016-03-16,0.0053432873,0.0067186784,0.008458839,9.380507,-0.010874299649593928,-0.016673636584251382,0,0
2016-03-17,0.0064237406,0.0065819453,0.010052652,8.9228735,-0.010638046669286793,-0.016386908860247455,0,0
2016-03-18,0.0035646278,0.006455915,0.005129167,9.078052,-0.010439570618116168,-0.016055082744605015,0,0
2016-03-21,0.0025733733,0.0063998825,0.0042799427,8.819054,-0.010340172253392484,-0.01594593770922171,0,0
2016-03-22,-0.00012239153,0.006265647,0.0065011648,8.937324,-0.01012731295568994,-0.015597771916786435,0,0
2016-03-23,-0.006754708,0.0061920155,0.005418322,8.883589,-0.010006514515395467,-0.01542058429146381,0,0
2016-03-24,-0.00012323618,0.0062791286,0.006295232,8.489929,-0.010132949024003524,-0.01568519040607714,0,0
2016-03-28,-0.00024651794,0.00624697,0.006141659,8.433142,-0.010078825871885038,-0.015612041400591343,0,0
2016-03-29,0.009569451,0.006199962,0.008512084,8.386025,-0.010001115126324841,-0.015500545702469013,0,0
2016-03-30,0.0037779582,0.0060496656,0.005753282,8.3170185,-0.009755945971565677,-0.015133451989409557,0,0
2016-03-31,-0.0018262621,0.005974599,0.004130522,8.078344,-0.009625026155411635,-0.014976305954250002,0,0
2016-04-01,0.0065589934,0.005952374,0.010302141,7.947945,-0.009583465119946398,-0.014937984119924133,0,0
2016-04-04,-0.0036385728,0.0058794417,0.0055785016,8.221511,-0.009477654777232052,-0.014719499965736545,0,0
2016-04-05,-0.009154779,0.0059081637,0.0053041447,8.29429,-0.009526861970066781,-0.014782295240508095,0,0
2016-04-06,0.010490459,0.00601033,0.0068523567,8.563512,-0.009701886365074608,-0.0150049059160153,0,0
2016-04-07,-0.012331516,0.005902228,0.0099325655,9.15972,-0.009546643077569989,-0.014669658625880268,1,0
2016-04-08,0.0028215684,0.006067434,0.0080881985,9.833875,-0.009832065075632225,-0.015013705843771992,0,0
2016-04-11,-0.0030672988,0.0060397093,0.008060457,9.584723,-0.009780878515559031,-0.014968542146036956,0,0
2016-04-12,0.010390656,0.006085141,0.007240919,9.410547,-0.009849745764514988,-0.015098363289060885,0,0
2016-04-13,0.00980222,0.0059621087,0.004797646,9.963164,-0.009664419124791298,-0.01474151829061731,0,0
2016-04-14,0.00024081879,0.0061196275,0.004514383,10.582195,-0.00992061673203828,-0.015127661048601889,0,0
2016-04-15,-0.0007226304,0.006138418,0.0034826084,10.301716,-0.009951078126659565,-0.015174110746775424,0,0
2016-04-18,0.005646678,0.006121999,0.0078108474,10.195048,-0.009924461120060556,-0.01513352324452288,0,0
2016-04-19,0.0033488849,0.0060144626,0.003900678,9.739749,-0.009743926337176807,-0.014891310887613267,0,0
2016-04-20,0.0020277933,0.0059853056,0.006485512,9.407366,-0.009688059596109041,-0.014850968013107174,0,0
2016-04-21,-0.0072953743,0.0059960196,0.007279551,9.355997,-0.009703983706618192,-0.014882677482434792,0,0
2016-04-22,0.0015592207,0.0060383454,0.0043737986,9.65282,-0.009780426616766643,-0.014958638985442817,0,0
2016-04-25,-0.0013191823,0.0059780716,0.0065173814,9.521348,-0.009679406967511045,-0.014821869596950412,0,0
2016-04-26,0.0025169307,0.0059662517,0.003777676,9.444685,-0.009658229450246664,-0.014800019799969208,0,0
2016-04-27,0.0010767484,0.005927977,0.005460986,9.413235,-0.009595424413979493,-0.014708147319930498,0,0
2016-04-28,-0.008767245,0.005864846,0.007847965,9.301882,-0.009490206554169187,-0.014562432319329155,0,0
2016-04-29,-0.00653518,0.0059564454,0.009383297,9.713466,-0.00964928669860588,-0.014750095977924857,0,0
2016-05-02,0.0073792147,0.0060281516,0.006340329,9.654134,-0.009763949597454549,-0.01493326225028892,0,0
2016-05-03,-0.008351032,0.0059211324,0.007929272,9.568371,-0.009588431328417482,-0.014676213727743137,0,0
2016-05-04,-0.004873304,0.0059914435,0.006605608,10.08382,-0.00971281553253435,-0.01481079101960093,0,0
2016-05-05,-0.0014666343,0.0060421587,0.007031064,9.547772,-0.00978387412760455,-0.01497818968496043,0,0
2016-05-06,0.004271685,0.006039218,0.0078203,9.349924,-0.009773726983829086,-0.014990515680360339,0,0
2016-05-09,0.0007304602,0.0059238584,0.0039408654,9.37128,-0.00958761742219099,-0.014702055396149143,0,0
2016-05-10,0.01125443,0.0058658384,0.008266842,8.646529,-0.009471553896585678,-0.014634627827318364,0,0
2016-05-11,-0.009430611,0.0057487665,0.004393679,9.115422,-0.009297155886279596,-0.014292695434406505,1,0
2016-05-12,0.00036436509,0.006108958,0.00832118,9.747631,-0.009897214708145361,-0.015124528621182893,0,0
2016-05-13,-0.0074349786,0.0061426098,0.0071776207,9.614375,-0.00994830093181065,-0.015220664919355455,0,0
2016-05-16,0.00937602,0.0062445235,0.009533724,9.3651,-0.010106427233469903,-0.015498537697153415,0,0
2016-05-17,-0.00937602,0.0061958516,0.009790374,9.960481,-0.01004324529354412,-0.015319700908415326,0,0
2016-05-18,-0.0009791922,0.006270026,0.009314318,10.473931,-0.010164429423997631,-0.015499443959174065,0,0
2016-05-19,-0.0013479568,0.0063085854,0.0077780625,10.315095,-0.01022693892004193,-0.015594762878755266,0,0
2016-05-20,0.0055029183,0.006312701,0.005298108,10.199996,-0.01023361068454601,-0.015604936459162609,0,0
2016-05-23,-0.0023197618,0.0062303212,0.003564767,10.390597,-0.010100063987391095,-0.015401294969597195,0,0
2016-05-24,0.014441122,0.0062432475,0.008419608,10.330097,-0.010121018645089679,-0.015433248120053046,0,0
2016-05-25,0.005886256,0.006100495,0.0053119445,10.37277,-0.00988960083402937,-0.01508036580427685,0,0
2016-05-26,0.0011970315,0.0060212202,0.0031197038,10.155052,-0.009761087711005048,-0.014884399866077584,0,0
2016-05-27,0.003582521,0.0059517375,0.0030283662,10.0357895,-0.009648447563948876,-0.01471263816908273,0,0
2016-05-31,-0.0010734093,0.0058748205,0.005805316,9.729545,-0.009517446956206854,-0.014546497203469021,0,0
2016-06-01,0.0014309566,0.0058343224,0.005278423,9.6617365,-0.00945018696305903,-0.014452400224558206,0,0
2016-06-02,0.0027369566,0.0058163647,0.0057090404,9.638435,-0.009420525478172377,-0.01441005174637839,0,0
2016-06-03,-0.0028561247,0.0057605314,0.0076632104,9.590209,-0.00932890537662792,-0.014276134674119886,0,0
2016-06-06,0.0049928776,0.0057308828,0.0052493266,9.315607,-0.009273804309078293,-0.014228472265184072,0,0
2016-06-07,0.0009482044,0.005696388,0.0038044283,9.569902,-0.009224528208161095,-0.014119019784539439,0,0
2016-06-08,0.0036658233,0.0057067173,0.0038036234,9.320462,-0.009234829292362811,-0.01416800742499887,0,0
2016-06-09,-0.0017721076,0.0059373495,0.003969678,9.548226,-0.009614171956406917,-0.014718330257442616,0,0
2016-06-10,-0.008550106,0.006039786,0.0068512475,8.883569,-0.009760506797707381,-0.015041476233703992,0,0
2016-06-13,-0.008383282,0.006245028,0.0069505484,9.549802,-0.010112429588042886,-0.01548088853373663,0,0
2016-06-14,-0.0061523807,0.006772389,0.006155947,9.863334,-0.010975216173644322,-0.01675507667739173,0,0
2016-06-15,-0.0012108005,0.006902615,0.0067411014,10.240366,-0.011189929001864052,-0.01706319855613854,0,0
2016-06-16,0.0033865538,0.006930065,0.010297843,10.325634,-0.011234428531715744,-0.017131054600031913,0,0
2016-06-17,-0.005569696,0.006872164,0.006755247,10.661079,-0.011140564696477695,-0.016987924356967755,0,0
2016-06-20,0.0073792147,0.006883869,0.0074959877,10.284422,-0.011159539346646036,-0.017016858251302718,0,0
2016-06-21,0.0030086068,0.0066320235,0.00405477,10.603018,-0.010751269558645317,-0.01639429947939555,0,0
2016-06-22,-0.0018040776,0.006591243,0.005379101,10.604748,-0.010685159588549858,-0.01629349030124158,0,0
2016-06-23,0.013867526,0.0066934493,0.007639176,11.090189,-0.010850848070348529,-0.016546143867043908,0,0
2016-06-24,-0.042317037,0.0063106124,0.029287431,11.305317,-0.010230225428704661,-0.015599774380602982,1,1
2016-06-27,-0.016735747,0.007174949,0.011394879,6.9510584,-0.011484583715303004,-0.01818945383887812,1,0
2016-06-28,0.02167769,0.007679429,0.008782062,7.412799,-0.012329207308185975,-0.01937170045649674,0,0
2016-06-29,0.018680722,0.006964937,0.013621709,7.2897224,-0.01117378286337635,-0.017591790499028055,0,0
2016-06-30,0.011306351,0.0065603526,0.010559105,7.5891185,-0.01054308556403682,-0.016519578705601324,0,0
2016-07-01,0.002866358,0.0063577434,0.005828894,7.523378,-0.010213753836765257,-0.016019803473847155,0,0
2016-07-05,-0.006460898,0.0062476266,0.0096791545,7.6383276,-0.010043177796943064,-0.015724547416414974,0,0
2016-07-06,0.0053869765,0.0061982884,0.009309402,7.8512535,-0.009974747484289195,-0.015568907623006794,0,0
2016-07-07,-0.00095556624,0.006085248,0.006845067,8.035084,-0.0098013610352351,-0.015259504812483794,0,0
2016-07-08,0.013531364,0.0060094213,0.009591099,7.636089,-0.00966014240308823,-0.01512534123391831,0,0
2016-07-11,0.0045874338,0.005848832,0.0047344468,7.909429,-0.00941503291865196,-0.014683280716301261,0,0
2016-07-12,0.0072497977,0.0057767276,0.0052961037,7.560502,-0.009282267917234382,-0.014550437648873338,0,0
2016-07-13,0.00011650259,0.0057103625,0.0042007565,7.286279,-0.009160884310859844,-0.014423552345987311,0,0
2016-07-14,0.005228618,0.0058814157,0.007523369,7.234548,-0.0094322269250206,-0.014863742993564062,0,0
2016-07-15,-0.0020881677,0.005910816,0.006974608,7.345138,-0.009485891256625476,-0.014920689983821346,0,0
2016-07-18,0.003362127,0.0059424443,0.0030538791,7.22213,-0.009529345546047873,-0.015019965536583317,0,0
2016-07-19,-0.00057887123,0.005887621,0.003094893,7.2860966,-0.009445242219404229,-0.014871311268615631,0,0
2016-07-20,0.004045079,0.0058679082,0.004063982,7.2719693,-0.009412787204276858,-0.01482372472471728,0,0
2016-07-21,-0.004392563,0.0058394764,0.0046196976,7.330221,-0.00937055255703321,-0.014742893167585118,0,0
2016-07-22,0.004392563,0.005866768,0.003578401,7.407574,-0.009418718420534093,-0.014799974913166525,0,0
2016-07-25,-0.0024250834,0.0058239494,0.0052402187,7.440339,-0.00935176995180014,-0.014687049499572023,0,0
2016-07-26,0.0004623743,0.0058045653,0.0046608546,7.1796427,-0.009305686414490163,-0.01467815414358474,0,0
2016-07-27,-0.0012720441,0.0057827407,0.005419761,7.012624,-0.009260214216415747,-0.014649837176827623,0,0
2016-07-28,0.001965205,0.0057354425,0.0048744744,6.6551285,-0.009159331131477167,-0.01459083088559937,0,0
2016-07-29,0.0016155093,0.0056838673,0.004587674,6.4854593,-0.009063555035782088,-0.01449012693490033,0,0
2016-08-01,-0.0017310027,0.005620439,0.0051994426,6.47124,-0.008961247901808363,-0.014331010713013828,0,0
2016-08-02,-0.005443293,0.0055844407,0.008890756,6.4432745,-0.008901554487006327,-0.014244299511351538,0,0
2016-08-03,0.0019722728,0.0056201313,0.0040463707,6.623398,-0.008972786490944672,-0.014303028179449886,0,0
2016-08-04,0.0010425717,0.005595685,0.0032787197,6.585429,-0.008930851801406538,-0.01424747561317059,0,0
2016-08-05,0.008072,0.0055574416,0.0038646294,6.4936285,-0.008862612722233631,-0.014166360581628292,0,0
2016-08-08,-0.00057441555,0.0055084834,0.0031620222,6.691111,-0.008799503934887284,-0.014007338713423259,0,0
2016-08-09,0.0009189066,0.0054700645,0.003135403,6.6504426,-0.00873518838520226,-0.0139165102934246,0,0
2016-08-10,-0.0021837833,0.0054538003,0.0042118784,6.2956843,-0.008680926546649353,-0.013937811203755231,0,0
2016-08-11,0.004133661,0.005664312,0.004189061,6.0748467,-0.008994785122687955,-0.014519246226403071,0,0
2016-08-12,-0.0006877579,0.005709016,0.0027240529,6.303734,-0.009087891451729644,-0.014588491160883262,0,0
2016-08-15,0.0026338405,0.005712869,0.002960299,6.42033,-0.009104314954947868,-0.014576171619892407,0,0
2016-08-16,-0.004240451,0.005704658,0.0024032448,6.581912,-0.00910449860087872,-0.014525570589513682,0,0
2016-08-17,0.0013772526,0.005753524,0.0053288485,6.87046,-0.00920390248487577,-0.014599446322904308,0,0
2016-08-18,0.0017189026,0.005718973,0.0025582993,7.0672317,-0.009161575375041083,-0.014479482162642615,0,0
2016-08-19,-0.0008017869,0.005689445,0.003781398,6.9555073,-0.009107104121259042,-0.014422773216481154,0,0
2016-08-22,-0.00011459348,0.0056908005,0.0035689045,6.27116,-0.009055919049069534,-0.014548225732655948,0,0
2016-08-23,0.001717525,0.0056952615,0.003750881,5.406555,-0.009036102325444465,-0.01461391593555485,0,0
2016-08-24,-0.004701574,0.005691309,0.00535277,5.8561444,-0.009029831619096358,-0.014603774441786043,0,0
2016-08-25,-0.0006898931,0.0057323617,0.0031445245,6.398097,-0.009133457555329698,-0.01463009795043447,0,0
2016-08-26,-0.0023030872,0.0057297843,0.009391041,6.6111836,-0.009146901442847131,-0.01458427874538996,0,0
2016-08-29,0.0049450966,0.0057425047,0.004747234,6.438259,-0.009153080557808155,-0.014648416280488645,0,0
2016-08-30,-0.0018371805,0.005705827,0.004003057,6.8477573,-0.00912603446803498,-0.01448223340146936,0,0
2016-08-31,-0.0026468742,0.0056829886,0.005162619,6.6667128,-0.009076439576030729,-0.01445535354860021,0,0
2016-09-01,-0.0010376435,0.0056809164,0.007328207,7.02143,-0.009097719827994715,-0.014390459140685076,0,0
2016-09-02,0.0049479418,0.005678929,0.005378096,6.7228465,-0.00907412540568059,-0.014435247088483172,0,0
2016-09-06,0.002979945,0.005622291,0.0040299944,7.0201783,-0.00900375495120173,-0.014242153103312961,0,0
2016-09-07,0.0,0.0055638826,0.0029898186,6.7988625,-0.008895657846353064,-0.014130044337174947,0,0
2016-09-08,-0.0032095397,0.005536248,0.0038924885,6.923004,-0.008859784791714538,-0.014039619314969876,0,0
2016-09-09,-0.025465012,0.0055381544,0.0110597545,6.8071456,-0.008855092963317329,-0.014063334646035852,1,1
2016-09-12,0.016701119,0.00582324,0.015069637,5.048937,-0.009239153769097477,-0.014942307162354309,0,0
2016-09-13,-0.01693669,0.005775376,0.009776804,5.164383,-0.009163212167225718,-0.014819488258163706,1,1
2016-09-14,-0.0042498,0.0060522207,0.006653758,5.3109155,-0.009602453882610636,-0.015529865506321787,0,0
2016-09-15,0.0116437655,0.006295567,0.010207914,5.199645,-0.009988547516024059,-0.01615428737525842,0,0
2016-09-16,-0.0025758122,0.0062894286,0.004499358,5.1850104,-0.009978808466612128,-0.016138536596407963,0,0
2016-09-19,0.00023443911,0.006214721,0.006282369,5.1381392,-0.009860277638811598,-0.015946838949473286,0,0
2016-09-20,-0.00093808636,0.0061519435,0.004732169,4.907504,-0.009760673847761915,-0.01578575163805984,0,0
2016-09-21,0.011779249,0.0061782673,0.006962964,4.887841,-0.009802439647604572,-0.015853298669500943,0,0
2016-09-22,0.005549789,0.006015961,0.005555239,4.7089696,-0.009544924449969945,-0.015436824252233304,0,0
2016-09-23,-0.0047385236,0.0058859107,0.003287558,4.858831,-0.00933858654088312,-0.01510311788757406,0,0
2016-09-26,-0.008492867,0.0058708997,0.0057695503,4.97541,-0.009314769619990114,-0.015064599235699779,0,0
2016-09-27,0.006057095,0.0059369686,0.0058189295,5.2785063,-0.009419595380207896,-0.015234131938244506,0,0
2016-09-28,0.004865626,0.0058670156,0.006175213,5.286473,-0.009308607497301712,-0.015054633352212684,0,0
2016-09-29,-0.0068417965,0.005814653,0.008934609,5.454483,-0.00922552923439568,-0.014920272462256629,0,0
2016-09-30,0.0055697523,0.0058719777,0.009793584,5.40939,-0.009316480717494337,-0.01506736656105574,0,0
2016-10-03,-0.0033613476,0.005868932,0.005432535,5.5109725,-0.009311648744637354,-0.015059551903519604,0,0
2016-10-04,-0.003955333,0.005837117,0.007372989,5.359949,-0.009261170010967002,-0.014977913610390216,0,0
2016-10-05,0.003955333,0.005811867,0.004949554,5.211867,-0.009221108974581754,-0.01491312366037198,0,0
2016-10-06,0.0015082085,0.0058042337,0.004507457,5.280532,-0.009208998277069044,-0.014893537260285151,0,0
2016-10-07,-0.0046479283,0.0057645263,0.007304592,5.1267047,-0.009145998037706757,-0.014791648174836464,0,0
2016-10-10,0.005806543,0.005785873,0.004486471,5.0370708,-0.009179867090897187,-0.014846423948540135,0,0
2016-10-11,-0.011412724,0.005726421,0.01065366,5.254993,-0.009085539560845457,-0.014693869833398827,1,0
2016-10-12,-0.00140647,0.005822288,0.0047858283,5.45559,-0.00923764264649988,-0.014939863252600497,0,0
2016-10-13,-0.0024660926,0.0060139596,0.008160081,5.3421545,-0.00954174928278733,-0.015431689114912273,0,0
2016-10-14,0.0003526715,0.00610935,0.0069590914,5.390541,-0.009693094997415296,-0.01567645765239901,0,0
2016-10-17,-0.0018823534,0.0061218133,0.004308763,4.9998794,-0.009712869891575692,-0.015708439211536602,0,0
2016-10-18,0.0042303237,0.006111325,0.0058483086,5.0862384,-0.00969622944572552,-0.015681526935864398,0,0
2016-10-19,0.0028103064,0.0060519124,0.0049510743,5.3050942,-0.009601965256141952,-0.01552907526005409,0,0
2016-10-20,-0.00046783627,0.0059727137,0.005875271,5.432918,-0.009476308625673118,-0.015325853188382131,0,0
2016-10-21,-0.0010534326,0.0059148045,0.005047466,5.430643,-0.009384429657147792,-0.015177259085093405,0,0
2016-10-24,0.004440297,0.0058730976,0.0042072046,5.2687864,-0.009318256965194385,-0.015070239252580728,0,0
2016-10-25,-0.0029190283,0.005789957,0.0043661627,5.3232465,-0.00918634682079023,-0.014856903492101236,0,0
2016-10-26,-0.0018726598,0.0057924073,0.005043888,5.4268694,-0.00919023411580776,-0.014863190340186487,0,0
2016-10-27,-0.0049324823,0.005829917,0.0063767945,5.475114,-0.009249747009965774,-0.014959439408754225,0,0
2016-10-28,0.00011772323,0.0058865347,0.007504821,5.3856,-0.00933957646191412,-0.015104718867975658,0,0
2016-10-31,-0.0017673053,0.005966348,0.005246797,5.398001,-0.009466208535592659,-0.015309518505344986,0,0
2016-11-01,-0.007694622,0.006067642,0.011519861,5.3806133,-0.009626921400598057,-0.01556943635646732,0,0
2016-11-02,-0.0054814247,0.006180717,0.0057755755,5.3029976,-0.009806326942622099,-0.01585958551758619,0,0
2016-11-03,-0.00419087,0.006325145,0.0062729046,5.444643,-0.010035475564021975,-0.016230183212175862,0,0
2016-11-04,-0.0016812781,0.0065754703,0.005115393,5.540342,-0.01043264201613407,-0.016872512939589968,0,0
2016-11-07,0.023284493,0.0065979445,0.0064741243,5.617098,-0.01046829998511818,-0.016930181892684828,0,0
2016-11-08,0.0030484253,0.006157116,0.007819978,5.0091476,-0.00976888096270814,-0.01579902484851916,0,0
2016-11-09,0.011523144,0.0060288683,0.04617458,4.8655887,-0.009565403328190777,-0.015469944351363986,0,0
2016-11-10,0.003235127,0.0059388713,0.010466749,5.021578,-0.009422614005947764,-0.01523901390407607,0,0
2016-11-11,-0.0026566577,0.0059769177,0.0071332115,5.0526524,-0.00948297837697065,-0.015336640049936226,0,0
2016-11-14,-0.00046274872,0.005960445,0.0071811127,4.9287815,-0.009456842290079058,-0.015294370655128403,0,0
2016-11-15,0.008641104,0.0059338873,0.004546129,4.7880416,-0.009414706400929566,-0.015226225085310472,0,0
2016-11-16,-0.0029871345,0.005847914,0.0049673817,4.6532164,-0.00927830089301352,-0.015005619059168146,0,0
2016-11-17,0.0052788737,0.0058517833,0.0029457477,4.7435346,-0.009284440394106148,-0.015015548357179885,0,0
2016-11-18,-0.0016036659,0.005792176,0.0034424472,4.571757,-0.009189866741092415,-0.014862596192066698,0,0
2016-11-21,0.005601615,0.005766884,0.0043732757,4.574385,-0.00914973874478368,-0.014797697949041407,0,0
2016-11-22,0.0033005208,0.005708535,0.0030304347,4.615053,-0.009057163031108565,-0.0146479770131117,0,0
2016-11-23,0.00022722108,0.005684721,0.0036973376,4.6851873,-0.009019378632121851,-0.014586869025333337,0,0
2016-11-25,0.004759755,0.0056743184,0.003542722,4.748213,-0.009002873915846312,-0.014560176262513274,0,0
2016-11-28,-0.004759755,0.00565941,0.002974932,4.8875055,-0.008979219870442865,-0.01452192102606156,0,0
2016-11-29,0.0013622433,0.0056619155,0.004136845,5.019806,-0.008983195842115821,-0.014528351289210208,0,0
2016-11-30,-0.0022714376,0.005647104,0.0051352135,5.017959,-0.008959695623563628,-0.014490344833990918,0,0
2016-12-01,-0.003074648,0.0056635314,0.005049617,4.9500732,-0.008985759321348749,-0.0145324971552776,0,0
2016-12-02,0.0,0.0057134717,0.004174387,4.9273224,-0.009064994627564969,-0.014660642904680103,0,0
2016-12-05,0.005572946,0.0057319016,0.0076838727,4.7699294,-0.009094236207124197,-0.014707934753544859,0,0
2016-12-06,0.0026052005,0.0056024226,0.0034931141,4.760987,-0.0088888040667321,-0.014375693271318888,0,0
2016-12-07,0.012031404,0.005541192,0.008339045,4.8251734,-0.008791656076119467,-0.014218577679110138,0,0
2016-12-08,0.0049057966,0.0055367164,0.005117059,4.6988354,-0.008784554704774596,-0.014207092766686242,0,0
2016-12-09,0.0054350975,0.005541229,0.00355695,4.682227,-0.008791714892268475,-0.014218672801346064,0,0
2016-12-12,-0.0017714796,0.0055128383,0.005474836,4.8290534,-0.008746669865902652,-0.014145822339397296,0,0
2016-12-13,0.0051948167,0.0055325637,0.0062618596,4.773748,-0.008777966391221845,-0.014196437612843432,0,0
2016-12-14,-0.0069694403,0.005526855,0.008124175,4.8698344,-0.008768908704274578,-0.01418178878851071,0,0
2016-12-15,0.0028821658,0.005696518,0.006145774,4.898936,-0.00903809574046393,-0.01461713984764326,0,0
2016-12-16,-0.0014400446,0.0057181683,0.0043900195,4.7932725,-0.009072446181212395,-0.014672694160262515,0,0
2016-12-19,0.0021039818,0.005717315,0.002846584,4.751145,-0.009071092504921375,-0.014670504885417187,0,0
2016-12-20,0.002871978,0.005676102,0.0024191593,4.6919274,-0.009005704329909353,-0.014564753837189873,0,0
2016-12-21,-0.0026507636,0.0056455196,0.0025158017,4.604264,-0.008957181911841399,-0.01448627945596931,0,0
2016-12-22,-0.0007744648,0.0056208717,0.0029741148,4.4992027,-0.008918075506797745,-0.014423033413011115,0,0
2016-12-23,0.0005532504,0.0056343204,0.0019991102,4.380285,-0.008939413100794099,-0.014457542296786328,0,0
2016-12-27,0.00044238,0.0056370595,0.0036179111,4.4586606,-0.008943759161773892,-0.014464571098311809,0,0
2016-12-28,-0.0069903196,0.005611501,0.006093841,4.513495,-0.008903208594056128,-0.014398989438606858,0,0
2016-12-29,-0.000111352376,0.005659585,0.003304658,4.5157943,-0.00897949766363895,-0.014522370295698937,0,0
2016-12-30,-0.0039051652,0.00569106,0.007302874,4.430354,-0.009029436193602258,-0.014603134927676812,0,0
2017-01-03,0.0072403545,0.0057270606,0.0053812326,4.409392,-0.009086554818063721,-0.014695511789532824,0,0
2017-01-04,0.0052028676,0.005620062,0.003981788,4.327558,-0.008916790600157874,-0.014420955358010868,0,0
2017-01-05,0.0,0.0055485168,0.003753931,4.533098,-0.008803277242299661,-0.01423737236951025,0,0
2017-01-06,0.0031968278,0.00551894,0.0054988307,4.357583,-0.008756350099165576,-0.014161477996011826,0,0
2017-01-09,-0.0028656472,0.0054990537,0.0032358617,4.405836,-0.008724799307109902,-0.014110451501822684,0,0
2017-01-10,-0.0005520287,0.00549674,0.004518565,4.2682977,-0.008721128274547957,-0.01410451441088184,0,0
2017-01-11,0.0029773414,0.0056128995,0.004894821,4.3895326,-0.008905427320169485,-0.01440257774202982,0,0
2017-01-12,-0.0030877837,0.0056208423,0.006612035,4.471334,-0.00891802935874237,-0.014422958778641387,0,0
2017-01-13,0.0039682593,0.0056307563,0.0025352966,4.4856005,-0.008933758606714831,-0.014448397391366231,0,0
2017-01-17,-0.0042996593,0.0056284512,0.0035913521,4.3957415,-0.008930101147110351,-0.014442482251710602,0,0
2017-01-18,0.0016559036,0.005624211,0.0029544057,4.3338637,-0.00892337348452764,-0.014431601731339594,0,0
2017-01-19,-0.0022084815,0.0056240875,0.0050414163,4.452141,-0.008923178033940167,-0.014431285632832514,0,0
2017-01-20,0.0019878526,0.0056278487,0.0038168046,4.3530197,-0.008929145610904925,-0.014440936881231544,0,0
2017-01-23,-0.0017667849,0.005596656,0.004804799,4.477197,-0.008879654988537912,-0.014360896641665727,0,0
2017-01-24,0.0055108704,0.005568814,0.0053468607,4.4556756,-0.008835481346041242,-0.014289455452227687,0,0
2017-01-25,0.008536771,0.005521874,0.00394971,4.4330044,-0.008761005623575534,-0.014169007286840183,0,0
2017-01-26,0.0,0.005489943,0.0030810072,4.3549027,-0.008710344107411342,-0.014087073383069915,0,0
2017-01-27,-0.0021819777,0.0054782284,0.0026851075,4.1755505,-0.008691758204324744,-0.014057014756517059,0,0
2017-01-30,-0.0056955246,0.005466076,0.0068008765,4.3148847,-0.008672477365816016,-0.014025832224161252,0,0
2017-01-31,-0.00065926823,0.005483733,0.004971771,4.315841,-0.008700491045156718,-0.014071138213423661,0,0
2017-02-01,0.0,0.0054928157,0.0051574805,4.4650106,-0.008714901906527564,-0.014094444624644731,0,0
2017-02-02,0.00043956045,0.0054794163,0.004743996,4.2954326,-0.008693643035684498,-0.014060063058323757,0,0
2017-02-03,0.006788595,0.0054925224,0.0056200284,4.2692747,-0.008714436806518483,-0.014093692427271402,0,0
2017-02-06,-0.0019661393,0.005468765,0.0028135881,4.517086,-0.008676742893914858,-0.014032730781394463,0,0
2017-02-07,0.000874317,0.0054637655,0.0033418685,4.4315434,-0.008668810857573227,-0.01401990245031548,0,0
2017-02-08,0.0007644008,0.00546891,0.0031745688,4.2039995,-0.008676973634191737,-0.014033103953243099,0,0
2017-02-09,0.006094262,0.0055666114,0.0049034767,4.320216,-0.008831985857062491,-0.01428380226457561,0,0
2017-02-10,0.0036820488,0.005567146,0.0031628273,4.557697,-0.008832834619335872,-0.014285174951610984,0,0
2017-02-13,0.005820236,0.0055454513,0.0035621643,4.4791503,-0.008798413599208596,-0.014229506492308615,0,0
2017-02-14,0.0046105264,0.0055204644,0.004694627,4.501777,-0.008758769705049392,-0.01416539117845595,0,0
2017-02-15,0.005760016,0.0054668044,0.0046441546,4.4495516,-0.008673632876928069,-0.01402770101024246,0,0
2017-02-16,-0.0021294728,0.0054880427,0.0040322915,4.405579,-0.008707329101126798,-0.014082197270914407,0,0
2017-02-17,0.0010653032,0.0055004423,0.0036112026,4.4773183,-0.008727002650538133,-0.0141140149271224,0,0
2017-02-21,0.005097717,0.0055125263,0.0044518816,4.5850754,-0.008746174905387153,-0.014145021849196497,0,0
2017-02-22,0.00042363905,0.0055187345,0.0025336808,4.5669365,-0.008756024348186453,-0.014160951165166693,0,0
2017-02-23,0.0007409368,0.0055241385,0.004339582,4.453079,-0.008764598837848022,-0.0141748185237458,0,0
2017-02-24,0.00095182704,0.0055460003,0.00478606,4.3788414,-0.008799284983077749,-0.014230915764819345,0,0
2017-02-27,0.0013732638,0.0055370773,0.0025304975,4.2305193,-0.008785127483579553,-0.014208019110922267,0,0
2017-02-28,-0.0023250908,0.005531856,0.0032726042,4.2837033,-0.008776843455207703,-0.014194621509846737,0,0
2017-03-01,0.012930535,0.0055483477,0.008256442,4.2672663,-0.008803009402605717,-0.014236939197482031,0,0
2017-03-02,-0.004816259,0.005533145,0.0040084133,4.196216,-0.008778888447465527,-0.01419792883681896,0,0
2017-03-03,-0.00031491104,0.0055301725,0.0027969833,4.2496324,-0.008774172297178898,-0.014190301496916647,0,0
2017-03-06,-0.0024176182,0.0054998696,0.003903017,4.2422686,-0.008726093262388082,-0.014112544191013071,0,0
2017-03-07,-0.0037958713,0.0054824944,0.0030361037,4.321022,-0.008698526585779843,-0.014067961130743706,0,0
2017-03-08,-0.0010569708,0.0054756813,0.0040079146,4.4454274,-0.008687716177592132,-0.014050477663780368,0,0
2017-03-09,0.000951324,0.0054765614,0.0045185853,4.271918,-0.008689113287347035,-0.014052737182738383,0,0
2017-03-10,0.0023216559,0.005483292,0.005098639,4.292025,-0.008699791585415435,-0.014070006990525638,0,0
2017-03-13,0.0013693582,0.005470107,0.0018529281,4.464807,-0.008678872038508955,-0.014036174206335012,0,0
2017-03-14,-0.0050654393,0.0054461677,0.004580279,4.3589506,-0.008640890379207107,-0.01397474719321154,0,0
2017-03-15,0.0073785516,0.0054684863,0.0058686263,4.4919605,-0.008676301320365381,-0.014032016632915506,0,0
2017-03-16,-0.0006303183,0.005547862,0.004528235,4.4791675,-0.008802238458621792,-0.014235692364481883,0,0
2017-03-17,-0.0015775362,0.0055345553,0.0026247913,4.384537,-0.008781126175719333,-0.014201547872041219,0,0
2017-03-20,-0.0021072603,0.0055312407,0.0029944782,4.2380786,-0.008775867107134166,-0.014193042480730353,0,0
2017-03-21,-0.011883429,0.005524385,0.009973533,4.2210665,-0.008764989739022969,-0.01417545072075996,1,0
2017-03-22,0.00010672928,0.0055636074,0.004956616,4.202272,-0.008827219939265163,-0.014276094436627513,0,0
2017-03-23,-0.0010678058,0.005586228,0.0053140135,4.268804,-0.008863109553389982,-0.014334138024990022,0,0
2017-03-24,0.0020278571,0.005619581,0.0062612393,4.1150556,-0.008916027799948429,-0.014419721695781849,0,0
2017-03-27,-0.0026690883,0.0056000124,0.007197817,4.2269897,-0.008884980112182733,-0.014369508862564634,0,0
2017-03-28,0.005543724,0.0055685383,0.007594751,4.344832,-0.008835043391947088,-0.014288747157424786,0,0
2017-03-29,0.0023362015,0.005515529,0.0031306972,4.257753,-0.008750939013456818,-0.014152726750306564,0,0
2017-03-30,0.0031769592,0.0055031683,0.003530203,4.2724733,-0.008731327899649815,-0.014121010070010553,0,0
2017-03-31,-0.002222811,0.0054931343,0.0025020374,4.3798013,-0.008715407725409035,-0.014095262675873702,0,0
2017-04-03,-0.0013785061,0.005520268,0.0069798655,4.329324,-0.008758457527027731,-0.014164886298896033,0,0
2017-04-04,0.00021220159,0.0055396217,0.0041673477,4.3764005,-0.00878916408112918,-0.01421454742314487,0,0
2017-04-05,-0.004252611,0.0055273413,0.008788892,4.277923,-0.008769680553122333,-0.014183037084929871,0,0
2017-04-06,0.0030849448,0.005570755,0.0066479924,4.2366195,-0.00883856059765778,-0.014294435467133207,0,0
2017-04-07,-0.0006374841,0.0055601695,0.007181865,4.11325,-0.008821765420092524,-0.014267272946809567,0,0
2017-04-10,0.00010627557,0.00559179,0.0047241678,4.1496773,-0.008871934690332709,-0.014348410750636078,0,0
2017-04-11,-0.0006378229,0.005688014,0.00673157,4.1849174,-0.009024603315881443,-0.014595318806721661,0,0
2017-04-12,-0.0043693786,0.00566727,0.0049272184,4.0380216,-0.008991691608624102,-0.014542091330335075,0,0
2017-04-13,-0.0056766607,0.0057010707,0.005610577,3.8842645,-0.00904531926842597,-0.01462882232163408,0,0
2017-04-17,0.0074906717,0.005740539,0.0042826417,4.0186553,-0.009107940369843113,-0.014730098234515794,0,0
2017-04-18,-0.0033103772,0.00566968,0.004627791,4.1353436,-0.008995514658309637,-0.014548274275670315,0,0
2017-04-19,-0.0014986087,0.0056522856,0.005333562,4.0565267,-0.008967917216331146,-0.014503641459154464,0,0
2017-04-20,0.007789614,0.005669542,0.0059602163,4.0415435,-0.00899529658612639,-0.014547921591687878,0,0
2017-04-21,-0.0019150979,0.005650802,0.0044560907,4.1370764,-0.008965562760643156,-0.014499833642879366,0,0
2017-04-24,0.009539023,0.005645968,0.003243173,3.9493046,-0.008957893134812484,-0.014487429703314516,0,0
2017-04-25,0.0063091693,0.0055206087,0.0048571676,4.046399,-0.008758998635598607,-0.014165761423466558,0,0
2017-04-26,-0.0011537051,0.0054747937,0.0039183595,4.186979,-0.008686308209471258,-0.014048200583794183,0,0
2017-04-27,0.0015729044,0.005457126,0.0027244613,4.239891,-0.008658276432853938,-0.01400286532615149,0,0
2017-04-28,-0.002307774,0.0054519954,0.002730371,4.3258605,-0.0086501362778312,-0.013989700408699226,0,0
2017-05-01,0.0027267977,0.0054451185,0.003818237,4.247297,-0.008639225429758259,-0.013972054502225306,0,0
2017-05-02,-0.000523807,0.0054204613,0.0020710584,4.204103,-0.008600104546893311,-0.013908785044562881,0,0
2017-05-03,-0.0010484379,0.005416586,0.0031124733,4.097626,-0.008593955997162374,-0.013898841112361,0,0
2017-05-04,0.00094364356,0.005430131,0.0042798785,3.9419718,-0.008615446513146148,-0.013933597313949624,0,0
2017-05-05,0.0051220516,0.0054179155,0.0051573943,3.8714697,-0.008596065234752192,-0.013902252342083235,0,0
2017-05-08,-0.0011475667,0.005418467,0.0036446967,4.031024,-0.008596940238076669,-0.013903667468270021,0,0
2017-05-09,-0.00073095603,0.0054061487,0.0033064669,4.0381308,-0.00857739608419315,-0.013872059080981066,0,0
2017-05-10,0.0008353347,0.005405588,0.0026568873,4.1554737,-0.008576506603047379,-0.013870620540090051,0,0
2017-05-11,-0.0017759211,0.0054592313,0.0047000926,4.0560813,-0.008661617190117606,-0.01400826826915213,0,0
2017-05-12,-0.0009414719,0.005480709,0.0021111497,3.927318,-0.008695693457125309,-0.014063379165810066,0,0
2017-05-15,0.0040733255,0.005473734,0.0033599848,4.0240583,-0.008684626972473453,-0.014045481551265691,0,0
2017-05-16,-0.0006255865,0.0054579773,0.0030872242,4.011741,-0.008659627394553464,-0.014005050210739776,0,0
2017-05-17,-0.01661622,0.0054494757,0.007230559,3.8803897,-0.008646138589426302,-0.013983235023494234,1,1
2017-05-18,0.0025418357,0.005587033,0.008860989,3.463411,-0.008864387221119208,-0.014336204372638155,0,0
2017-05-19,0.00758697,0.0056225583,0.00660574,3.555026,-0.008920751189145704,-0.014427360743036275,0,0
2017-05-22,0.0047127907,0.0055194036,0.0037785473,3.6902473,-0.008757086658323924,-0.014162669219089432,0,0
2017-05-23,0.0021917245,0.0054671993,0.003581857,3.6726036,-0.00867425904269905,-0.014028713696200327,0,0
2017-05-24,0.001666667,0.005460721,0.0023987212,3.7759807,-0.008663980694443905,-0.01401209071961737,0,0
2017-05-25,0.0047762524,0.0054408247,0.0035602278,3.6649022,-0.008632412709975444,-0.013961036420466958,0,0
2017-05-26,0.00010357864,0.0054380232,0.0022639006,3.555745,-0.008627968018838084,-0.013953848106268924,0,0
2017-05-30,-0.0012436523,0.005433784,0.0025787957,3.5710173,-0.008621242165983036,-0.013942970512735945,0,0
2017-05-31,0.00010369679,0.005428358,0.004106089,3.5035224,-0.008612633291495893,-0.013929047544234296,0,0
2017-06-01,0.0076438757,0.005427792,0.004218569,3.530332,-0.008611735666575644,-0.013927595832572153,0,0
2017-06-02,0.003390008,0.0054200315,0.0030023307,3.6033175,-0.008599422279564815,-0.013907681626626131,0,0
2017-06-05,-0.0013340861,0.005419662,0.0017310892,3.6340055,-0.008598836832666226,-0.013906734794523907,0,0
2017-06-06,-0.0015415449,0.0054283086,0.0026145654,3.6363237,-0.008612555473206437,-0.01392892169019907,0,0
2017-06-07,0.0005141124,0.005440377,0.0031370947,3.558392,-0.008631703296732022,-0.01395988909995978,0,0
2017-06-08,0.00020557098,0.005438445,0.0034051763,3.6303086,-0.008628637618072947,-0.013954931036339473,0,0
2017-06-09,-0.0008225376,0.005427044,0.0089814775,3.6270456,-0.008610548485229508,-0.013925675826825445,0,0
2017-06-12,-0.0008232147,0.0054282416,0.0034779825,3.6976542,-0.00861244869927439,-0.013928749006755387,0,0
2017-06-13,0.0039042484,0.005438189,0.002816035,3.6049411,-0.008628231334212874,-0.013954273961202072,0,0
2017-06-14,-0.0011286103,0.0054209437,0.0050250157,3.5466912,-0.008600870061694249,-0.013910023097048944,0,0
2017-06-15,-0.0013354566,0.0054556318,0.005301912,3.4371207,-0.00865590568961699,-0.013999031168334133,0,0
2017-06-16,-0.00041126876,0.0054730517,0.004803901,3.5184124,-0.008683544755331701,-0.01404373130212464,0,0
2017-06-19,0.0067644003,0.005470211,0.004094139,3.5289953,-0.00867903762859001,-0.014036442012014622,0,0
2017-06-20,-0.0040941713,0.005458413,0.004173643,3.5321627,-0.00866031871052027,-0.014006168262866669,0,0
2017-06-21,-0.0016423736,0.0054524695,0.0034385086,3.462924,-0.008650888219674673,-0.013990916509900074,0,0
2017-06-22,-0.00071938755,0.005456257,0.0031962965,3.552837,-0.008656898325239483,-0.014000636538992774,0,0
2017-06-23,0.0013355938,0.0054467972,0.0028967333,3.700914,-0.008641889348876415,-0.01397636280780328,0,0
2017-06-26,0.00041059332,0.0054396037,0.0049702167,3.5877323,-0.008630475396513496,-0.013957903240357433,0,0
2017-06-27,-0.0063832193,0.00542645,0.004616794,3.8300252,-0.008609606521981547,-0.013924152407631602,0,0
2017-06-28,0.007408966,0.0054427115,0.006308944,3.815123,-0.008635406904391877,-0.013965878873985137,0,0
2017-06-29,-0.007615556,0.005430395,0.011132635,3.9332867,-0.008615864560236022,-0.01393427341353421,0,0
2017-06-30,0.00041313778,0.0054420796,0.0043051546,4.129748,-0.008634404315267245,-0.013964257405717339,0,0
2017-07-03,0.0016508464,0.0054629007,0.004298354,4.0252857,-0.008667439084005588,-0.014017683907089865,0,0
2017-07-05,0.0012363488,0.0054802923,0.0036297035,4.062956,-0.008695032001664924,-0.014062309406510643,0,0
2017-07-06,-0.008063726,0.005469711,0.0054232283,3.9414003,-0.008678244063010314,-0.014035158593539118,0,0
2017-07-07,0.0057959175,0.005506854,0.0038220587,3.8797812,-0.008737175129725064,-0.014130466683680688,0,0
2017-07-10,0.0008252528,0.0054881154,0.003111401,4.1140947,-0.00870744401883332,-0.014082383125129218,0,0
2017-07-11,0.0,0.0054627606,0.005111896,4.0815344,-0.008667216487503187,-0.014017323906012357,0,0
2017-07-12,0.006372722,0.0054512047,0.004842457,3.981789,-0.008648882136561578,-0.013987672109945466,0,0
2017-07-13,0.0022515617,0.005464563,0.0020476768,3.8423293,-0.008670076762072649,-0.014021949773516427,0,0
2017-07-14,0.0042844093,0.0054656444,0.0050024567,3.9445164,-0.008671792383896027,-0.014024724415967459,0,0
2017-07-17,0.0010173976,0.005446061,0.0018315965,3.8493366,-0.00864072116967073,-0.013974473533855874,0,0
2017-07-18,-0.00030511062,0.005437801,0.0037258773,3.8522112,-0.008627616026807866,-0.013953278836272377,0,0
2017-07-19,0.0055789566,0.005429021,0.0028175365,3.7720284,-0.008613685648131225,-0.013930749500547878,0,0
2017-07-20,-0.000101158264,0.0054171244,0.0030757615,3.9315207,-0.00859481018861874,-0.013900222579910458,0,0
2017-07-21,-0.0007083945,0.005413633,0.0034995028,3.8129094,-0.008589270612245995,-0.013891263528705173,0,0
2017-07-24,-0.0004050223,0.0054106545,0.0019815587,3.657618,-0.008584545413321057,-0.013883621554612719,0,0
2017-07-25,0.0022255953,0.005410277,0.0031110044,3.4532356,-0.008583945488601174,-0.013882651307806266,0,0
2017-07-26,-0.00030319876,0.0054061334,0.002302251,3.4329286,-0.008577371652869715,-0.013872019568667682,0,0
2017-07-27,-0.00050553563,0.0054113413,0.0067016077,3.4851243,-0.008585634869373457,-0.013885383511105884,0,0
2017-07-28,-0.0007081795,0.00541907,0.0029775277,3.5139585,-0.008597896679145924,-0.013905214302168093,0,0
2017-07-31,-0.000911254,0.005421209,0.002719212,3.5120616,-0.008601290823375615,-0.013910703586890574,0,0
2017-08-01,0.0017205612,0.005418606,0.0029595618,3.5445883,-0.008597161024851406,-0.013904024542509502,0,0
2017-08-02,0.0005054845,0.005417364,0.0036484452,3.605607,-0.008595190231427715,-0.013900837215896448,0,0
2017-08-03,-0.0007077499,0.0054199253,0.002403725,3.3808527,-0.008599253974892269,-0.01390740943068948,0,0
2017-08-04,0.0001011378,0.005424157,0.002842269,3.3852556,-0.008605968064517515,-0.013918267999775273,0,0
2017-08-07,0.0022224477,0.0054237777,0.0012040795,3.4415395,-0.00860536633006997,-0.01391729482613079,0,0
2017-08-08,-0.0019190956,0.0054192864,0.0058725597,3.1675138,-0.008598240527401666,-0.01390577040139351,0,0
2017-08-09,0.0001010969,0.0054326677,0.0043786527,3.2658825,-0.008619471347465973,-0.013940106601725042,0,0
2017-08-10,-0.014459064,0.005516809,0.0075973044,3.2848184,-0.008752969527893348,-0.014156010662574558,1,1
2017-08-11,0.0010251154,0.005693512,0.004498807,3.1475904,-0.009033327108075109,-0.014609427629438121,0,0
2017-08-14,0.009585064,0.005741115,0.0045615686,2.9421537,-0.009108854282312317,-0.014731576287720195,0,0
2017-08-15,0.000101476486,0.005582064,0.0037936696,3.0943353,-0.008856503142560613,-0.014323453602766927,0,0
2017-08-16,0.0015209129,0.005545167,0.0035010278,3.0248916,-0.00879796207215698,-0.0142287762462205,0,0
2017-08-17,-0.015520018,0.005529158,0.008826737,2.780591,-0.008772562544423735,-0.014187698074490282,1,1
2017-08-18,-0.0011325612,0.005667017,0.0058210394,2.726342,-0.008991289849083184,-0.014541441572292745,0,0
2017-08-21,0.00051495957,0.0057058004,0.0045911595,2.734632,-0.009052823304175589,-0.014640958455519321,0,0
2017-08-22,0.010141971,0.005641122,0.0045076595,2.935209,-0.008950204506841362,-0.014474995031950367,0,0
2017-08-23,-0.0045972397,0.00554092,0.0035848422,2.9774768,-0.00879122445607213,-0.014217879628240337,0,0
2017-08-24,-0.0003072354,0.005561761,0.0041971384,3.060389,-0.008824290895044554,-0.014271357349278362,0,0
2017-08-25,0.0007167358,0.0055508097,0.004626354,2.9093535,-0.008806915699763693,-0.014243256777366582,0,0
2017-08-28,0.0005116398,0.00552137,0.0037367071,3.0300057,-0.008760206628812854,-0.014167715087850592,0,0
2017-08-29,0.0013290397,0.0055105607,0.007268188,3.0834694,-0.008743055839762055,-0.014139977443854349,0,0
2017-08-30,0.003569429,0.005516646,0.0043066884,3.0455897,-0.008752710736837713,-0.01415559212473648,0,0
2017-08-31,0.005785937,0.0055187447,0.0041766926,3.0870934,-0.008756040635735408,-0.014160977506708949,0,0
2017-09-01,0.0017191692,0.0054833787,0.0025978794,3.072669,-0.008699929124717731,-0.014070229430215806,0,0
2017-09-05,-0.005877601,0.0054751295,0.007396888,3.1442752,-0.008686841174267655,-0.014049062537593582,0,0
2017-09-06,0.002334908,0.005507271,0.0033355276,3.0706565,-0.008737836585185448,-0.01413153644298011,0,0
2017-09-07,0.00040551502,0.005516001,0.003167523,3.0804675,-0.0087516882407088,-0.014153938461250369,0,0
2017-09-08,-0.0016230476,0.005494654,0.002917883,3.157498,-0.008717819187518372,-0.014099162687546699,0,0
2017-09-11,0.010101096,0.0055201524,0.0034595921,3.1591733,-0.008758274744533891,-0.014164590688255152,0,0
2017-09-12,0.0027098928,0.0054543684,0.0019810128,3.4333959,-0.008653901416231556,-0.013995789695217553,0,0
2017-09-13,0.00020044098,0.0054284167,0.0018399848,3.6261423,-0.008612726492470475,-0.013929198276392765,0,0
2017-09-14,-0.00020044098,0.005483428,0.0024821644,3.9854136,-0.008700007847871019,-0.014070356747670047,0,0
2017-09-15,0.0012020436,0.005503158,0.0035820066,3.9269323,-0.008731311612100858,-0.014120983728468296,0,0
2017-09-18,0.002200001,0.005500333,0.0021373574,4.070829,-0.0087268289166826,-0.014113733950671663,0,0
2017-09-19,0.00079880183,0.0054707676,0.001322091,4.0716386,-0.008679920775688965,-0.014037870308972538,0,0
2017-09-20,0.00019960079,0.0054644286,0.0037282004,4.118377,-0.008669863214208559,-0.014021604406629062,0,0
2017-09-21,-0.001697878,0.0054545314,0.0026155661,4.1465516,-0.008654160207287192,-0.01399620823305563,0,0
2017-09-22,-0.00059994,0.005455746,0.0025301448,4.356928,-0.00865608666238317,-0.013999323852136985,0,0
2017-09-25,-0.0010007005,0.0054622823,0.005504621,4.2655916,-0.008666458211612897,-0.01401609756087841,0,0
2017-09-26,-0.0006009014,0.005460485,0.0024717594,4.1822896,-0.008663606080817914,-0.014011484864145468,0,0
2017-09-27,0.003600004,0.0054558027,0.0039404226,4.1815653,-0.008656177148766259,-0.013999470194038412,0,0
2017-09-28,0.0012968229,0.0054494217,0.0023620124,4.118092,-0.008646053532226198,-0.013983097462106894,0,0
2017-09-29,0.003284402,0.005436539,0.003038441,4.0337257,-0.008625613563150093,-0.013950040289993824,0,0
2017-10-02,0.004065651,0.005422277,0.002318371,3.9803486,-0.008602984728467052,-0.013913443107285265,0,0
2017-10-03,0.0025696792,0.005407779,0.0017820473,3.9063892,-0.008579983089885682,-0.01387624299594283,0,0
2017-10-04,0.0013809432,0.0054067243,0.0023821536,3.8709538,-0.008578309091798525,-0.013873535670766454,0,0
2017-10-05,0.005406747,0.0054071075,0.0027244969,3.7981534,-0.008578917160292887,-0.013874519088344035,0,0
2017-10-06,-0.0019627092,0.0053919354,0.0021009794,3.7489748,-0.008554845067799566,-0.013835587752307733,0,0
2017-10-09,-0.0004912798,0.0053920015,0.0031234876,3.786201,-0.00855495003200395,-0.013835757508913388,0,0
2017-10-10,0.0018655806,0.0054058246,0.0026168928,3.6803243,-0.008576882121537201,-0.013871227858980968,0,0
2017-10-11,0.0017641875,0.0054050894,0.002347918,3.5734565,-0.008575715752059176,-0.01386934151187159,0,0
2017-10-12,-0.0013718768,0.005458105,0.001821968,3.625483,-0.008659830084051585,-0.014005378016598971,0,0
2017-10-13,0.0012739479,0.0054658735,0.0020518638,3.6603305,-0.008672155234292217,-0.014025311246992177,0,0
2017-10-16,0.0013701314,0.005454612,0.0016756806,3.637674,-0.00865428779308735,-0.013996414575136642,0,0
2017-10-17,0.0002933555,0.0054422896,0.00147781,3.6964507,-0.008634737305157014,-0.013964795943914586,0,0
2017-10-18,0.0011725621,0.0054412647,0.0014230756,3.682891,-0.008633111264852895,-0.013962166179945964,0,0
2017-10-19,0.00019529343,0.005434399,0.0052631344,3.5746608,-0.008622218514056573,-0.01394454954185233,0,0
2017-10-20,0.0052585574,0.005427356,0.0026775552,3.5026588,-0.008611043445745009,-0.013926476317026244,0,0
2017-10-23,-0.004087597,0.0054212296,0.0037116567,3.6380334,-0.008601323398473528,-0.013910756269975087,0,0
2017-10-24,0.0014617748,0.0054388144,0.0018799455,3.7352657,-0.008629223969835367,-0.013955879331860713,0,0
2017-10-25,-0.0034141378,0.005450673,0.0066828444,3.6396945,-0.008648037898607353,-0.013986306740005162,0,0
2017-10-26,0.0011718752,0.005455393,0.0025784718,3.6540022,-0.008655526551671846,-0.01399841799576716,0,0
2017-10-27,0.0066148103,0.005459158,0.004903792,3.6552954,-0.00866150136754725,-0.014008080951518304,0,0
2017-10-30,-0.0039831013,0.005429155,0.0030362185,3.5934985,-0.008613898291131485,-0.013931093404016229,0,0
2017-10-31,0.0017506327,0.005428621,0.0021146205,3.7102098,-0.008613050433721936,-0.013929722180399869,0,0
2017-11-01,0.0007770763,0.0054181735,0.0039473204,3.733196,-0.008596475138067588,-0.013902915270896694,0,0
2017-11-02,0.0007764729,0.005419554,0.004286879,3.6201928,-0.008598664908538355,-0.013906456744911198,0,0
2017-11-03,0.0023258077,0.005411933,0.0030366916,3.481548,-0.008586574118029926,-0.013886902540042684,0,0
2017-11-06,0.002320411,0.005406329,0.0033662103,3.4116592,-0.008577682021163713,-0.013872521521389573,0,0
2017-11-07,-0.00077287224,0.0053994944,0.0034765166,3.4720821,-0.008566838133014258,-0.013854983907922707,0,0
2017-11-08,0.0016416401,0.005404796,0.0030538638,4.2641582,-0.008575249747186266,-0.013868587851079247,0,0
2017-11-09,-0.0027053156,0.0054670484,0.008389787,4.2493434,-0.008674019253783862,-0.014028325890161548,0,0
2017-11-10,-0.0017430042,0.00548129,0.003860962,4.2705045,-0.008696615513368991,-0.014064870389785595,0,0
2017-11-13,0.0009687107,0.0054946705,0.004161782,4.248998,-0.008717844523705637,-0.014099203663279098,0,0
2017-11-14,-0.0015503879,0.005506543,0.0049164556,4.2362566,-0.008736681978937224,-0.014129669120317916,0,0
2017-11-15,-0.0050554257,0.005500573,0.0051986976,4.295612,-0.008727209864355408,-0.014114350050076666,0,0
2017-11-16,0.007767029,0.00552783,0.0055557312,4.2498426,-0.00877045602142541,-0.014184291235025091,0,0
2017-11-17,-0.0033906547,0.0055011697,0.0024063797,4.1844935,-0.008728156351922525,-0.01411588078636558,0,0
2017-11-20,0.002229439,0.005490564,0.0042199665,4.1289983,-0.008711329504123188,-0.014088667046376442,0,0
2017-11-21,0.005503804,0.005456763,0.004686156,4.176274,-0.008657700939457488,-0.014001934591658423,0,0
2017-11-22,-0.0006742764,0.0054265843,0.001951667,4.111262,-0.008609819164981807,-0.013924496311099955,0,0
2017-11-24,0.0025021667,0.005414665,0.0031747806,4.0730743,-0.008590908415779917,-0.01389391231712098,0,0
2017-11-27,0.00028830906,0.005411128,0.002440168,4.1420603,-0.0085852964503007,-0.013884836192394553,0,0
2017-11-28,0.009277481,0.0054082056,0.005646305,4.0555716,-0.008580659928031191,-0.013877337633365495,0,0
2017-11-29,-0.00038087985,0.00540673,0.0039011638,3.890354,-0.008578318140436834,-0.013873550304956597,0,0
2017-11-30,0.008723742,0.005416993,0.008214929,3.9236362,-0.008594602069937634,-0.01389988599353718,0,0
2017-12-01,-0.001511716,0.0054283524,0.012286931,3.8551874,-0.008612624242857584,-0.013929032910044154,0,0
2017-12-04,-0.0021771034,0.0054394514,0.0074907118,3.8360193,-0.008630234702734477,-0.01395751397089964,0,0
2017-12-05,-0.003797593,0.005445502,0.0054647587,3.9088044,-0.00863983440311645,-0.0139730393832219,0,0
2017-12-06,0.00038040895,0.0054440107,0.0038575397,3.8471272,-0.008637468184198659,-0.013969212542499616,0,0
2017-12-07,0.0038908708,0.0054364926,0.0034222477,3.8359115,-0.008625539364315959,-0.013949920289634656,0,0
2017-12-08,0.004347422,0.0054129865,0.0028716938,3.8619983,-0.00858824540152559,-0.013889605474962019,0,0
2017-12-11,0.0039529465,0.005398657,0.0034751284,3.801518,-0.008565509792910504,-0.013852835608809776,0,0
2017-12-12,0.0023455468,0.0053834748,0.0025515594,3.732154,-0.008541421412868226,-0.013813877931231218,0,0
2017-12-13,0.0004684499,0.0053859125,0.004297951,3.772775,-0.008545289705745307,-0.01382013404751717,0,0
2017-12-14,-0.004882639,0.0054484806,0.004984727,3.6824298,-0.008644559602041389,-0.013980681357314355,0,0
2017-12-15,0.009741553,0.0054591093,0.004469167,3.5996957,-0.008661423549257793,-0.014007955097483078,0,0
2017-12-18,0.0046498734,0.0054402244,0.0030872535,2.7555397,-0.008631460793225342,-0.013959496903663958,0,0
2017-12-19,-0.0039044393,0.0054298863,0.003183689,2.883292,-0.008615058326562694,-0.013932969507192507,0,0
2017-12-20,-0.0009318797,0.005427782,0.0042759567,3.5558362,-0.008611719379026689,-0.013927569491029895,0,0
2017-12-21,0.002328073,0.0054310975,0.0037410473,3.534244,-0.008616980257339516,-0.01393607780917879,0,0
2017-12-22,-0.0006513143,0.0054244506,0.002428139,2.6014214,-0.008606434069390427,-0.013919021660567615,0,0
2017-12-26,0.00037223153,0.00543055,0.001578186,3.5939229,-0.008616110683198026,-0.013934671463506089,0,0
2017-12-27,-0.00055839925,0.0054287114,0.0024575265,3.6549401,-0.008613194307071049,-0.013929954864023136,0,0
2017-12-28,9.30882e-05,0.0054275286,0.0015267056,3.7159634,-0.00861131761948577,-0.013926919732987564,0,0
2017-12-29,-0.0036368764,0.0054241177,0.00777811,3.6191547,-0.008605905628913182,-0.013918167023863288,0,0
2018-01-02,0.0063326717,0.005431301,0.0038936818,3.7027862,-0.008617302388863315,-0.013936598786347867,0,0
2018-01-03,0.006661757,0.0054134857,0.0041685277,3.6348255,-0.008589037157377624,-0.013890885966599494,0,0
2018-01-04,0.0046920367,0.0054038456,0.0043463637,3.5238116,-0.008573742244043994,-0.013866149795001495,0,0
2018-01-05,0.006860306,0.0054024016,0.0031008343,3.448153,-0.008571451128824166,-0.013862444418057392,0,0
2018-01-08,0.0015484814,0.005403378,0.0028793178,3.4966364,-0.008573000255702658,-0.013864949791409802,0,0
2018-01-09,0.0020003645,0.00540701,0.004238445,3.4664173,-0.008578763333441633,-0.013874270307111611,0,0
2018-01-10,-0.00063604565,0.0054542543,0.003990274,3.453427,-0.008653720443465377,-0.013995497011414702,0,0
2018-01-11,0.006884085,0.005455403,0.0038349712,3.516632,-0.008655542839220801,-0.013998444337309417,0,0
2018-01-12,0.0069266683,0.005450287,0.0038732595,3.4705968,-0.008647426210657666,-0.013985317468751524,0,0
2018-01-16,-0.0022436625,0.0054520085,0.009819527,3.4203572,-0.008650157089699309,-0.013989734067336555,0,0
2018-01-17,0.0076080025,0.0054669026,0.0061431555,3.3666577,-0.008673788513506983,-0.014027952718312912,0,0
2018-01-18,-0.0026785731,0.005471298,0.0032446273,3.261117,-0.008680762299051698,-0.014039231288655796,0,0
2018-01-19,0.005261058,0.005467256,0.004976165,3.3043618,-0.008674349529082139,-0.014028860038101752,0,0
2018-01-22,0.008589825,0.005456335,0.0059299693,3.3179927,-0.008657021386720485,-0.014000835563978714,0,0
2018-01-23,0.0014978637,0.0054474548,0.0038780984,3.2857368,-0.008642932656873438,-0.01397805012992672,0,0
2018-01-24,0.00052812253,0.005451954,0.0073543303,3.3185985,-0.008650071127635375,-0.0139895950425302,0,0
2018-01-25,8.7993314e-05,0.0054635345,0.005715527,3.218287,-0.008668444387721713,-0.014019309765614704,0,0
2018-01-26,0.01163465,0.0054759365,0.0049712034,3.1316788,-0.008688121556588373,-0.014051133275498756,0,0
2018-01-29,-0.007332435,0.005471816,0.0049120425,3.0966465,-0.00868158391541015,-0.014040560073120743,0,0
2018-01-30,-0.010214953,0.0055436217,0.00756475,3.08167,-0.008795510796039083,-0.014224811844110875,1,0
2018-01-31,0.00044245832,0.00559178,0.006669757,2.9343696,-0.008871918402783752,-0.014348384409093822,0,0
2018-02-01,-0.0011507991,0.0055640703,0.006812645,2.991623,-0.008827954688695851,-0.01427728273286709,0,0
2018-02-02,-0.023570567,0.005542707,0.011252493,3.0573213,-0.008794059394454327,-0.014222464520012006,1,1
2018-02-05,-0.055564668,0.0057342597,0.027439388,2.8499234,-0.009097976914201118,-0.014713984527749802,1,1
2018-02-06,0.03263209,0.009174053,0.043182228,2.3844192,-0.014555552716861583,-0.02354041777512621,0,0
2018-02-07,-0.009697046,0.0081588,0.016924797,2.2566361,-0.012944753034245663,-0.02093530217296202,0,0
2018-02-08,-0.028414512,0.00720985,0.024126634,2.235091,-0.011439149201154361,-0.01850031781171939,1,1
2018-02-09,0.0097842505,0.007312145,0.028798686,2.5814223,-0.011601450102182982,-0.018762803963211748,0,0
2018-02-12,0.013746247,0.007111641,0.012210902,2.5136924,-0.011283330744610279,-0.018248315594045175,0,0
2018-02-13,0.002444989,0.0069558253,0.00864372,2.5464287,-0.011036112897371246,-0.017848494885159792,0,0
2018-02-14,0.013156243,0.006908732,0.018154167,2.4612846,-0.01096139467139886,-0.017727654523476466,0,0
2018-02-15,0.013625694,0.006571128,0.0089724725,2.4892526,-0.01042575238292563,-0.01686137046721541,0,0
2018-02-16,0.00036569758,0.006414598,0.008388829,2.4869368,-0.010177401646170314,-0.016459717557724175,0,0
2018-02-20,-0.0077078743,0.0063869637,0.00983645,2.4496117,-0.010133557374108091,-0.016388809052807325,0,0
2018-02-21,-0.0056348587,0.0064527984,0.01362864,2.4961684,-0.010238010330427545,-0.01655773882671818,0,0
2018-02-22,0.0047132843,0.006495632,0.01244887,2.450232,-0.010305971033310803,-0.016667650375203028,0,0
2018-02-23,0.013644275,0.0064345445,0.006445319,2.4777558,-0.010209049258655895,-0.016510900637747843,0,0
2018-02-26,0.012922062,0.006238448,0.008301771,2.554977,-0.009897922688768355,-0.016007721570723457,0,0
2018-02-27,-0.013376917,0.0060985526,0.009141552,2.6436067,-0.009675964115368777,-0.01564875220362108,1,0
2018-02-28,-0.012083633,0.006219137,0.010668424,2.7320158,-0.009867283094590394,-0.015958168739481672,1,0
2018-03-01,-0.013444178,0.006396926,0.016645245,2.8032444,-0.010149363535506179,-0.01641437205614838,1,0
2018-03-02,0.00447053,0.0066738734,0.012693714,2.8339627,-0.010588768126380658,-0.017125012719729032,0,0
2018-03-05,0.010446131,0.006617981,0.014698423,2.7752447,-0.01050008966122521,-0.016981594729493735,0,0
2018-03-06,0.0020211306,0.00649767,0.0061943415,2.8403533,-0.010309204111778592,-0.01667287917134097,0,0
2018-03-07,-0.0002753683,0.0064730598,0.011644224,2.811448,-0.010270157427747778,-0.016609729714037718,0,0
2018-03-08,0.0058581405,0.0063942326,0.003695416,2.7558415,-0.010145089863632857,-0.016407460328144042,0,0
2018-03-09,0.016204583,0.006278466,0.00995501,2.8061051,-0.009961415174054649,-0.0161104067561159,0,0
2018-03-12,0.0,0.006051542,0.005449546,2.877329,-0.00960137709465187,-0.01552812403769482,0,0
2018-03-13,-0.004049135,0.0060229264,0.01090689,2.854586,-0.009555975551936675,-0.015454696988654433,0,0
2018-03-14,-0.0067852074,0.0060724057,0.008523362,2.880622,-0.00963447972817753,-0.015581660295493415,0,0
2018-03-15,0.00054451404,0.006143606,0.0057059457,2.8768935,-0.00974744564341805,-0.015764357915490405,0,0
2018-03-16,0.00018143881,0.006092068,0.004087817,2.7851198,-0.009665675813611493,-0.015632113129428967,0,0
2018-03-19,-0.012137954,0.0060468367,0.013353229,2.8009834,-0.00959391196804698,-0.015516050830827193,1,0
2018-03-20,0.00027541886,0.0061566825,0.0041983426,2.8572347,-0.00976819326619666,-0.015797912650068326,0,0
2018-03-21,-0.0019295269,0.0061772806,0.008083955,2.8500562,-0.009800874233177121,-0.015850766954606275,0,0
2018-03-22,-0.02797907,0.0061775856,0.013901978,2.7854803,-0.009801358335326651,-0.015851549883778904,1,1
2018-03-23,-0.017363535,0.006478711,0.015980223,2.7863393,-0.010279123723448125,-0.01662423073305,1,1
2018-03-26,0.02349245,0.006752156,0.011841351,2.8647838,-0.010712971545537072,-0.01732588454046409,0,0
2018-03-27,-0.016587272,0.0066733407,0.019944958,2.9313712,-0.0105879229835626,-0.017123645886369714,1,0
2018-03-28,-0.0031589554,0.0068545197,0.0109549435,2.9609845,-0.01087538193508923,-0.017588547765657173,0,0
2018-03-29,0.013522727,0.007038781,0.013617674,2.8879251,-0.01116773077075802,-0.01806135796129768,0,0
2018-04-02,-0.026065102,0.006889933,0.01972632,2.922362,-0.010931568549804873,-0.017679417305928497,1,1
2018-04-03,0.014745124,0.0071581425,0.009657432,2.975413,-0.011357109721926197,-0.018367636926791702,0,0
2018-04-04,0.012832266,0.007080914,0.023064828,3.0116818,-0.011234578491129276,-0.01816946950439499,0,0
2018-04-05,0.005556878,0.006976056,0.0065141125,3.052169,-0.011068211132044611,-0.017900406747852562,0,0
2018-04-06,-0.02126326,0.0068032984,0.016628072,3.0554059,-0.01079411430470882,-0.01745711517714865,1,1
2018-04-09,0.0050720237,0.007012215,0.01212763,3.1073246,-0.011125581308651065,-0.017993190440194536,0,0
2018-04-10,0.013652089,0.0071168025,0.011498131,3.0901866,-0.011291519762279887,-0.018261559536124208,0,0
2018-04-11,-0.0052870214,0.0070406273,0.008880181,3.1570807,-0.011170659814978631,-0.018066095048646834,0,0
2018-04-12,0.00867112,0.00690396,0.007913076,3.1626146,-0.010953823675725755,-0.01771541009658417,0,0
2018-04-13,-0.0025369993,0.006737389,0.009435758,3.1948652,-0.010689542811227519,-0.017287993695346927,0,0
2018-04-16,0.009177813,0.0065836976,0.0066555603,3.1518242,-0.010445695581758573,-0.01689362422228965,0,0
2018-04-17,0.0091867205,0.006400436,0.0066856686,3.156765,-0.010154932972385343,-0.01642337940018114,0,0
2018-04-18,0.0012000925,0.006208255,0.0036533538,3.1473455,-0.009850018292696902,-0.01593024670468963,0,0
2018-04-19,-0.006200566,0.006138943,0.0071189706,3.1190856,-0.009740047476736647,-0.015752393001629835,0,0
2018-04-20,-0.008015702,0.0061166845,0.008920957,3.153842,-0.009704732451144447,-0.01569527868434138,0,0
2018-04-23,-9.3584764e-05,0.0061520487,0.0067498824,3.143302,-0.009760841247570632,-0.01578602237057748,0,0
2018-04-24,-0.013568473,0.0061278637,0.017307915,3.1273463,-0.009722469591957664,-0.01572396462385886,1,0
2018-04-25,0.0035039573,0.0062248274,0.009707718,3.1173356,-0.009876311825895072,-0.015972770734405936,0,0
2018-04-26,0.011280435,0.006260722,0.008036055,3.0617242,-0.00993326214568399,-0.016064875400325297,0,0
2018-04-27,-0.0011223346,0.006158585,0.004816005,3.1170669,-0.009771211891936528,-0.01580279461589989,0,0
2018-04-30,-0.00921319,0.0060731857,0.008222538,3.0921566,-0.009635717581898195,-0.01558366225270492,0,0
2018-05-01,0.0019814132,0.0060666124,0.009198411,3.1370502,-0.00962528812138329,-0.015566794885146585,0,0
2018-05-02,-0.009375513,0.0060153264,0.006376932,3.112897,-0.009543917336526157,-0.015435195466870433,0,0
2018-05-03,0.0016162004,0.00603873,0.012116795,3.1774826,-0.009581049328690796,-0.015495248329539519,0,0
2018-05-04,0.011804283,0.0060265786,0.013459892,3.1696343,-0.009561770299909731,-0.015464068724021741,0,0
2018-05-07,0.0026251655,0.005943619,0.005086776,3.2438517,-0.009430146997339971,-0.015251196867369768,0,0
2018-05-08,9.362857e-05,0.0059029497,0.0058176033,3.1991713,-0.009365620252694962,-0.015146838994044027,0,0
2018-05-09,0.009597092,0.0058917035,0.0063997274,3.1961799,-0.00934777724281353,-0.015117981834501876,0,0
2018-05-10,0.008403023,0.005867546,0.0066025252,3.2846198,-0.009309449020664445,-0.015055994331895943,0,0
2018-05-11,0.0039462266,0.0057998262,0.0029396226,3.3760173,-0.009202004584520052,-0.014882226494723953,0,0
2018-05-14,0.0005494002,0.0057423245,0.004315113,3.4089653,-0.009110772593633815,-0.014734678736030422,0,0
2018-05-15,-0.0080882795,0.0057010106,0.006650286,3.4178426,-0.009045224257723727,-0.014628668662637583,0,0
2018-05-16,0.0051546507,0.0057669003,0.005495623,3.4819074,-0.009149764985834776,-0.01479774038819282,0,0
2018-05-17,-0.0015619978,0.0057183425,0.005413073,3.5596912,-0.009072723069544649,-0.014673141966480879,0,0
2018-05-18,-0.0021171821,0.0056763235,0.004562118,3.5195363,-0.009006055417075741,-0.014565321643767405,0,0
2018-05-21,0.007344873,0.0056774546,0.0037603101,3.5086925,-0.009007849762052407,-0.014568223603672678,0,0
2018-05-22,-0.0025645737,0.0056362664,0.0051037,3.4994624,-0.008942501401048946,-0.01446253694588199,0,0
2018-05-23,0.0017409634,0.0056357463,0.0072744023,3.4626129,-0.008941675260371339,-0.014461200844321974,0,0
2018-05-24,-0.001190858,0.0056044506,0.007132042,3.4550827,-0.008892021762514763,-0.014380897189333589,0,0
2018-05-25,-0.0033971479,0.005590958,0.005915935,3.4518845,-0.00887061449400343,-0.014346275622294277,0,0
2018-05-29,-0.009611015,0.005611261,0.011048739,3.4443157,-0.00890282674151949,-0.014398371875782842,1,0
2018-05-30,0.01190765,0.0057852673,0.008812558,3.4806714,-0.009178906125508774,-0.014844869797546994,0,0
2018-05-31,-0.006998187,0.0057562273,0.006611972,3.568467,-0.009132830459239563,-0.014770352501340985,0,0
2018-06-01,0.010387555,0.005777604,0.0053771827,3.6326182,-0.009166747470213028,-0.01482520583625241,0,0
2018-06-04,0.0042889146,0.005691702,0.0040614638,3.6479526,-0.009030455070275846,-0.014604782737486867,0,0
2018-06-05,0.0021830099,0.0056274156,0.0034521027,3.625791,-0.008928457914393444,-0.014439824682780709,0,0
2018-06-06,0.007513047,0.0055857077,0.0049040103,3.6054747,-0.008862284317576205,-0.01433280338684902,0,0
2018-06-07,0.0,0.005531646,0.0050369096,3.681844,-0.008776509560454102,-0.014194081508230476,0,0
2018-06-08,0.0023419214,0.005522617,0.006878812,3.6590807,-0.008762184661147192,-0.01417091412181576,0,0
2018-06-11,0.0015282963,0.0055290423,0.0043192883,3.6647792,-0.008772378857066063,-0.014187401000430389,0,0
2018-06-12,0.0018846764,0.0054994537,0.0028904583,3.6638496,-0.00872543361665536,-0.014111477358551679,0,0
2018-06-13,-0.003323008,0.00548546,0.0033610293,3.6746995,-0.008703231877700501,-0.014075570909617847,0,0
2018-06-14,0.003412666,0.005584364,0.004977327,3.6811497,-0.008860152458390615,-0.014329355571651428,0,0
2018-06-15,-0.0014354928,0.0055694785,0.005829896,3.7261689,-0.008836535512404235,-0.014291160335379298,0,0
2018-06-18,-0.0017073285,0.0055692582,0.0064998856,3.7397563,-0.008836185330101679,-0.01429059399222078,0,0
2018-06-19,-0.004868383,0.0055669043,0.011087599,3.7658286,-0.008832450957071572,-0.014284554461948939,0,0
2018-06-20,0.002076469,0.0056089824,0.005146687,3.7455971,-0.008899211810515062,-0.014392525516820881,0,0
2018-06-21,-0.0070594917,0.005597606,0.0087662535,3.7391076,-0.008881162491680184,-0.01436333469774348,0,0
2018-06-22,0.0025399143,0.005675136,0.004496701,3.7959433,-0.009004171490579816,-0.01456227480537972,0,0
2018-06-25,-0.01359076,0.005657128,0.01264103,3.8269918,-0.008975600415119283,-0.014516067350004528,1,0
2018-06-26,0.0022932633,0.005839171,0.0050919075,3.8355792,-0.009264429330485888,-0.014983184845679573,0,0
2018-06-27,-0.008650095,0.0058446536,0.01116209,3.8236098,-0.009273127786492289,-0.014997252692663634,0,0
2018-06-28,0.005346128,0.005969809,0.007944555,3.8613217,-0.009471699249318535,-0.015318398531923502,0,0
2018-06-29,0.00073515903,0.005965732,0.0074357474,3.8264418,-0.009465231282655293,-0.015307938012809587,0,0
2018-07-02,0.0021105765,0.0059148413,0.0076865824,3.7175717,-0.00938448756843297,-0.015177352743910317,0,0
2018-07-03,-0.005146597,0.005905951,0.006949227,3.725545,-0.009370382551036966,-0.015154540968316066,0,0
2018-07-05,0.009263147,0.005945496,0.0047759665,3.784752,-0.009433123999343618,-0.015256011515926676,0,0
2018-07-06,0.008906721,0.0058575645,0.006821792,3.871323,-0.009293612093896108,-0.015030381572308403,0,0
2018-07-09,0.0088280905,0.0057435175,0.0034813632,3.8842626,-0.00911266556876805,-0.014737740208608248,0,0
2018-07-10,0.003312892,0.00564117,0.0038582275,3.917657,-0.008950280515403157,-0.014475117959147564,0,0
2018-07-11,-0.008167706,0.0055807424,0.0053949105,3.909103,-0.008854406573064426,-0.014320062860910891,0,0
2018-07-12,0.008793238,0.0056827534,0.004926615,3.9885054,-0.00901625685190526,-0.014581820229734147,0,0
2018-07-13,0.0016958991,0.0056697046,0.0033744348,4.0051823,-0.008995553567454365,-0.014548337202687927,0,0
2018-07-16,-0.002410823,0.0056432947,0.0030216079,3.9517477,-0.008953652038037075,-0.01448057065839469,0,0
2018-07-17,0.005260589,0.0056411535,0.0055874973,3.89037,-0.008950255179215891,-0.014475076983415165,0,0
2018-07-18,0.001688214,0.0056139617,0.0028143625,3.9210217,-0.008907112176622612,-0.014405302628234367,0,0
2018-07-19,-0.0038247767,0.0056030033,0.0039720014,3.8867848,-0.008889726122975781,-0.014377184495294416,0,0
2018-07-20,-0.001605423,0.0056195115,0.0042892606,3.843071,-0.00891591740656106,-0.01441954315866211,0,0
2018-07-23,0.0040087355,0.00563149,0.0048201373,3.814997,-0.008934923166465193,-0.014450280811637581,0,0
2018-07-24,0.003195458,0.005617016,0.00472666,3.832711,-0.00891195862730089,-0.014413140700474732,0,0
2018-07-25,0.007152664,0.0056134197,0.0074324957,3.843502,-0.008906252555983261,-0.014403912380170822,0,0
2018-07-26,0.00043985047,0.005591216,0.0028922274,3.879572,-0.008871024397318827,-0.014346938551107736,0,0
2018-07-27,-0.008833979,0.0055884942,0.008154515,3.865447,-0.008866705482253961,-0.014339953652152683,0,0
2018-07-30,-0.0050705085,0.0056248526,0.0051976093,3.9735477,-0.008924391456337399,-0.014433248077730634,0,0
2018-07-31,0.0048930305,0.0056839753,0.0057415436,4.0911975,-0.009018195975094869,-0.014584956336681701,0,0
2018-08-01,-0.0022211373,0.0056291847,0.0041223806,4.225843,-0.008931264801996882,-0.014444364208562937,0,0
2018-08-02,0.006295184,0.00563383,0.009607476,4.293616,-0.00893863582276336,-0.014456285219853081,0,0
2018-08-03,0.0038814445,0.005605133,0.003714517,4.4968953,-0.008893103979656515,-0.01438264743847464,0,0
2018-08-06,0.003691014,0.0055680675,0.0042079757,4.646748,-0.008834296879286599,-0.014287539836738024,0,0
2018-08-07,0.0034152141,0.005521874,0.0030822621,4.8694034,-0.008761005623575534,-0.014169007286840183,0,0
2018-08-08,-0.0015748035,0.005489781,0.0021954186,5.045189,-0.008710087126083368,-0.014086657772069865,0,0
2018-08-09,-0.0005254861,0.005472243,0.0030317856,5.159286,-0.008682260753555661,-0.014041654710543408,0,0
2018-08-10,-0.0059748883,0.005473557,0.005704114,5.257924,-0.008684346464685876,-0.014045027891371272,0,0
2018-08-13,-0.003973691,0.005549258,0.005486644,5.096899,-0.008804453565279825,-0.014239274814228787,0,0
2018-08-14,0.005470763,0.0056604133,0.003136543,5.290843,-0.008980812430785242,-0.014524496643526653,0,0
2018-08-15,-0.0069760536,0.005592854,0.008952069,5.189131,-0.00887362316624116,-0.014351141490516684,0,0
2018-08-16,0.008295141,0.0057055564,0.0069742333,5.481736,-0.009052436022455966,-0.014640332112181218,0,0
2018-08-17,0.0026329663,0.005695847,0.0051216446,5.7538695,-0.009037031620598796,-0.014615418866882493,0,0
2018-08-20,0.0021888553,0.0056553506,0.002145107,5.440622,-0.00897277995455838,-0.014511505872937086,0,0
2018-08-21,0.0011363141,0.005635047,0.005323799,5.486485,-0.00894056589731466,-0.014459406692610493,0,0
2018-08-22,-0.00017473353,0.0056678983,0.005140256,5.5007634,-0.008992687863701918,-0.014543702554669772,0,0
2018-08-23,-0.0011365127,0.0056368583,0.0036149682,5.2277536,-0.008943439744841585,-0.014464054511399775,0,0
2018-08-24,0.0065391054,0.0056331046,0.0033752082,5.1686316,-0.008937483931106629,-0.014454422287447932,0,0
2018-08-27,0.007532177,0.005623628,0.0033293369,5.3029485,-0.008922448713692464,-0.014430106117107022,0,0
2018-08-28,0.00025872106,0.0056205937,0.0029252202,5.489398,-0.0089176348381121,-0.01442232072795117,0,0
2018-08-29,0.00533197,0.005615203,0.003792159,5.466491,-0.008909082065182473,-0.014408488491428405,0,0
2018-08-30,-0.0043838983,0.005601088,0.0041065533,5.629861,-0.008886686685367802,-0.014372268870825525,0,0
2018-08-31,0.0,0.0056479117,0.0037439326,5.6973586,-0.008960976910748175,-0.014492417035315107,0,0
2018-09-04,-0.0012930479,0.005617604,0.0063443366,5.538619,-0.008912891541910543,-0.014414649485478432,0,0
2018-09-05,-0.003456324,0.0056258664,0.0051579135,5.559218,-0.00892600030422873,-0.014435850036737984,0,0
2018-09-06,-0.0032077706,0.0056593935,0.005785424,5.5350056,-0.008979194534255601,-0.01452188005032916,0,0
2018-09-07,-0.0014772976,0.005723756,0.0048761196,5.6315017,-0.009081312037027512,-0.014687032739764214,0,0
2018-09-10,0.001911382,0.0057618297,0.0034036092,5.6634502,-0.009141719841514281,-0.014784729129737053,0,0
2018-09-11,0.0032928973,0.005716719,0.0059435326,5.677694,-0.009070146922218088,-0.014668975612547286,0,0
2018-09-12,-0.00043265696,0.00565733,0.003843602,5.5856304,-0.00897592073691542,-0.014516585400335576,0,0
2018-09-13,0.0057821088,0.0057153087,0.003765319,5.517277,-0.009067909193964283,-0.014665356577325027,0,0
2018-09-14,0.00034414523,0.005692419,0.0037598505,5.5557556,-0.009031592484111282,-0.014606622255187789,0,0
2018-09-17,-0.0052611274,0.005663617,0.0037842095,5.4933724,-0.008985895050923384,-0.01453271666812974,0,0
2018-09-18,0.007151812,0.005711098,0.00759044,5.6195536,-0.00906122948916461,-0.014654553618161776,0,0
2018-09-19,0.0011155448,0.0056938133,0.0031275032,5.7900467,-0.009033804876177822,-0.014610200314677649,0,0
2018-09-20,0.008369679,0.0056551755,0.004505572,5.760049,-0.008972502161362295,-0.014511056603299708,0,0
2018-09-21,-0.0019580307,0.00562339,0.0033968939,5.9464417,-0.008922071385474982,-0.014429495871378078,0,0
2018-09-24,-0.002816062,0.005622767,0.0029011227,5.9109325,-0.008921082369307812,-0.014427896354395493,0,0
2018-09-25,-0.0014537994,0.0056131394,0.003701727,5.9339437,-0.008905807362978461,-0.014403192378015807,0,0
2018-09-26,-0.0033431945,0.005613564,0.0064870566,5.908288,-0.008906481486532478,-0.014404282625181428,0,0
2018-09-27,0.002915204,0.0056421896,0.0056500486,5.973241,-0.008951898411932798,-0.014477734552345058,0,0
2018-09-28,-0.0003425244,0.0056240424,0.0041857786,5.9530473,-0.008923106549697525,-0.014431170022730389,0,0
2018-10-01,0.003761331,0.005607594,0.004424371,5.901564,-0.00889700937195066,-0.014388963554940178,0,0
2018-10-02,-0.0005120765,0.005599254,0.0044668056,5.951291,-0.008883776643287641,-0.014367562515275671,0,0
2018-10-03,0.0010238909,0.0056006117,0.00478961,5.8213377,-0.008885931124069005,-0.01437104691594862,0,0
2018-10-04,-0.008134651,0.0055844137,0.00851944,5.759946,-0.008860231181543903,-0.014329482889105669,0,0
2018-10-05,-0.004739958,0.005672959,0.009736602,5.809638,-0.009000717625337287,-0.014556688935002298,0,0
2018-10-08,-8.638936e-05,0.005729378,0.00787132,5.753035,-0.009090232184672482,-0.014701459124406768,0,0
2018-10-09,-0.0019024565,0.005791837,0.00618564,5.712233,-0.009189329251976863,-0.01486172692117223,0,0
2018-10-10,-0.037840206,0.005844898,0.018884132,5.739732,-0.009273515973075745,-0.01499788049942075,1,1
2018-10-11,-0.012847368,0.0061797416,0.021073764,4.006006,-0.009804778720607437,-0.015857081607652798,1,0
2018-10-12,0.00834245,0.0062850057,0.01274861,4.0295286,-0.0099717903427397,-0.016127186318533382,0,0
2018-10-15,-0.0070684482,0.00628132,0.0071543725,4.068695,-0.009965943112664452,-0.01611772970486325,0,0
2018-10-16,0.024701485,0.0063590067,0.01013647,4.108179,-0.010089200949117581,-0.016317072252728406,0,0
2018-10-17,-0.00053248135,0.0062170792,0.010340399,4.172556,-0.009864018345888521,-0.01595288872367823,0,0
2018-10-18,-0.015746947,0.006163676,0.0116356835,4.177633,-0.009779288706491104,-0.015815857094021155,1,0
2018-10-19,-0.0017148793,0.0063290847,0.009587504,4.2675157,-0.010041726363365804,-0.016240292510726353,0,0
2018-10-22,-0.0039826264,0.006380343,0.008237996,4.2741737,-0.010123052809895223,-0.016371820221470806,0,0
2018-10-23,-0.0037254144,0.0064343237,0.01679665,4.196939,-0.010208699076353338,-0.016510334294589327,0,0
2018-10-24,-0.030313753,0.006487795,0.017562876,4.164876,-0.010293536394546632,-0.016647540071109097,1,1
2018-10-25,0.008967832,0.0068130754,0.01674505,3.9401336,-0.010809626385361865,-0.01748220256931007,0,0
2018-10-26,-0.006999235,0.006984408,0.017300254,3.924168,-0.01108146286284808,-0.017921838519316367,0,0
2018-10-29,-0.009787392,0.0070926356,0.027150247,3.945071,-0.011253176157445678,-0.018199547155395034,0,0
2018-10-30,0.015670037,0.007236203,0.010616277,3.8214276,-0.011480961149052393,-0.018567939477530215,0,0
2018-10-31,0.009543737,0.0071990136,0.013644812,3.8478048,-0.011421955883503511,-0.018472511387029475,0,0
2018-11-01,0.009910156,0.007084242,0.005724835,3.8947139,-0.011239859276446384,-0.0181780100177622,0,0
2018-11-02,-0.005034566,0.006885403,0.017271725,3.9833279,-0.010924381216396066,-0.017667793368698247,0,0
2018-11-05,0.005582261,0.006867708,0.0070418227,4.033684,-0.010896306911178695,-0.017622389330361886,0,0
2018-11-06,0.007092873,0.0068341596,0.0066586854,4.0721726,-0.01084307829632625,-0.017536303706848166,0,0
2018-11-07,0.020626685,0.0066860705,0.01291843,4.133638,-0.010608120449132025,-0.01715631086218696,0,0
2018-11-08,-0.002755435,0.006365851,0.005584637,4.1437674,-0.010100060219952162,-0.016334634744318514,0,0
2018-11-09,-0.010648394,0.006277138,0.0104701305,4.165223,-0.009959307746192494,-0.016106998453231693,1,0
2018-11-12,-0.018614057,0.0062962906,0.014750802,4.2385845,-0.009989694883361634,-0.0161561429905685,1,1
2018-11-13,-9.165483e-05,0.006604325,0.010615155,4.3120522,-0.010478422696794411,-0.01694655316119733,0,0
2018-11-14,-0.010689376,0.006676018,0.014287044,4.3247643,-0.010592170414384825,-0.01713051517522264,1,0
2018-11-15,0.0132525405,0.0067083277,0.015433471,4.406223,-0.010643433664996564,-0.01721342225263739,0,0
2018-11-16,0.0031036083,0.006679547,0.010045812,4.4326057,-0.010597769711770408,-0.017139570812082866,0,0
2018-11-19,-0.017190292,0.006552015,0.015141117,4.3032413,-0.01039542768136082,-0.016812326905790587,1,1
2018-11-20,-0.021083001,0.0066764588,0.011222027,4.3564034,-0.010592869874126108,-0.017131646398120662,1,1
2018-11-21,0.0034032932,0.0068940036,0.010170009,4.429323,-0.010938026562965976,-0.017689861727433257,0,0
2018-11-23,-0.0073884963,0.006915288,0.0055890367,4.3623123,-0.010971796985998837,-0.017744477988464374,0,0
2018-11-26,0.015284758,0.0069987196,0.008305564,4.4276404,-0.011104169515820578,-0.01795856155606015,0,0
2018-11-27,0.00504344,0.0067663994,0.006492814,4.5153723,-0.010735569614849862,-0.017362431966926165,0,0
2018-11-28,0.021383304,0.006674495,0.010870017,4.547135,-0.010589754427956333,-0.01712660784645457,0,0
2018-11-29,0.0010025977,0.006551672,0.007942597,4.4296036,-0.01039488295333462,-0.016811445927544005,0,0
2018-11-30,0.005088607,0.0065279463,0.008438456,4.419309,-0.010357240617969356,-0.016750567696550877,0,0
2018-12-03,0.0117139565,0.006406834,0.010232561,4.2688475,-0.010165083734840331,-0.016439796034683082,0,0
2018-12-04,-0.032410666,0.006237288,0.014021321,4.3441067,-0.009896082195736313,-0.016004744976448455,1,1
2018-12-05,0.0,0.0065615443,0.005914825,4.368984,-0.010410547051111257,-0.01683677917409982,0,0
2018-12-06,-0.0039868397,0.0065941513,0.024049174,4.2891107,-0.010462280830915062,-0.016920447229401985,0,0
2018-12-07,-0.020650255,0.0067537865,0.018485282,4.2517695,-0.010715558551229604,-0.017330068455425854,1,1
2018-12-10,0.002652019,0.007089606,0.017190378,4.347324,-0.01124836952077596,-0.018191773473591296,0,0
2018-12-11,-0.0006623457,0.0071975593,0.015131664,4.2721696,-0.011419648480734727,-0.018468779668543118,0,0
2018-12-12,0.0042503015,0.007249493,0.013778599,4.200922,-0.011502046286039926,-0.018602040067400454,0,0
2018-12-13,-0.0026425081,0.0071282205,0.008817893,4.1703844,-0.01130963513617442,-0.01829085718478965,0,0
2018-12-14,-0.016579702,0.0070673036,0.010346243,4.174498,-0.01121298482066878,-0.01813454647303874,1,0
2018-12-17,-0.019207109,0.007169368,0.020576695,4.206402,-0.011374920156709718,-0.01839644140324934,1,1
2018-12-18,-0.0056969016,0.0073541333,0.012359015,4.2210846,-0.01166806889200502,-0.01887054526129845,0,0
2018-12-19,-0.013287256,0.00748692,0.027711164,4.1715794,-0.011878748337752482,-0.019211273110388102,1,0
2018-12-20,-0.0073135626,0.007610829,0.021310272,4.23451,-0.012075342673108221,-0.01952922137910182,0,0
2018-12-21,-0.029697575,0.0077571813,0.021853363,4.25364,-0.01230754430507354,-0.019904756649445594,1,1
2018-12-24,-0.030179463,0.008170565,0.021836847,4.3245907,-0.012963418565349381,-0.02096548958038813,1,1
2018-12-26,0.053724416,0.008710958,0.03547185,4.4621167,-0.013820806905629543,-0.0223521273892249,0,0
2018-12-27,0.009665802,0.008635639,0.028735857,4.5265083,-0.013701306063802293,-0.02215886095710694,0,0
2018-12-28,-0.003613736,0.008741471,0.014158951,4.4895244,-0.013869218930310128,-0.022430423233325725,0,0
2018-12-31,0.0077135367,0.008886716,0.008213258,4.436895,-0.014099665126443508,-0.02280311947078184,0,0
2019-01-02,0.0022925502,0.008693915,0.01960732,4.390733,-0.013793765954907054,-0.02230839457540282,0,0
2019-01-03,-0.025511844,0.008407891,0.011469803,4.3023634,-0.013339960456163868,-0.021574463598210258,1,1
2019-01-04,0.033544015,0.008607145,0.020643923,4.36672,-0.01365609816194691,-0.022085747079735606,0,0
2019-01-07,0.0075761667,0.008121793,0.0118590705,4.475199,-0.0128860382299865,-0.02084034383996486,0,0
2019-01-08,0.00858877,0.007858349,0.008050851,4.407812,-0.012468057195172308,-0.020164351084965778,0,0
2019-01-09,0.0038797334,0.007591605,0.007070234,4.4072995,-0.012044841523096386,-0.019479892450969215,0,0
2019-01-10,0.004443164,0.0074104373,0.0101460405,4.3849907,-0.011757400668846375,-0.019015019840062042,0,0
2019-01-11,0.00038543073,0.007276056,0.0056657605,4.3732343,-0.011544191223827728,-0.018670200271408526,0,0
2019-01-14,-0.005603338,0.007110874,0.0065058363,4.2954783,-0.011282113702757725,-0.018246347295470998,0,0
2019-01-15,0.009641416,0.0070329206,0.007167619,4.2417526,-0.011158432390031735,-0.018046319867507165,0,0
2019-01-16,0.002970062,0.0068740062,0.006170302,4.2913213,-0.010906299322463278,-0.017638549866536336,0,0
2019-01-17,0.008383397,0.0068341596,0.01227291,4.216262,-0.01084307829632625,-0.017536303706848166,0,0
2019-01-18,0.013662058,0.0067169317,0.008797467,4.2696996,-0.010657084440749457,-0.017235499391886483,0,0
2019-01-22,-0.0148960985,0.006631399,0.012487096,4.360897,-0.010521378392574695,-0.017016024588642178,1,0
2019-01-23,0.002371805,0.0068900734,0.010935396,4.410075,-0.010931791146307273,-0.017679777307006005,0,0
2019-01-24,-0.0016122153,0.0068839635,0.005760936,4.429035,-0.010922097340086886,-0.01766409969910626,0,0
2019-01-25,0.011137444,0.006791024,0.00785451,4.4573116,-0.010774639825340281,-0.01742561947312379,0,0
2019-01-28,-0.008104841,0.0066149053,0.010198063,4.6295075,-0.01049520973058519,-0.016973702510749842,0,0
2019-01-29,-0.00066259643,0.006684209,0.005760303,4.576034,-0.010605166973587982,-0.017151534262524425,0,0
2019-01-30,0.015875585,0.0066638263,0.011788404,4.5803785,-0.010572827140271766,-0.017099231666954852,0,0
2019-01-31,0.008167856,0.006502437,0.008490986,4.592377,-0.01031676696367722,-0.016685110427462138,0,0
2019-02-01,-9.24428e-05,0.006326471,0.005296733,4.801879,-0.010037579372428808,-0.016233585661384012,0,0
2019-02-04,0.006266724,0.0062477333,0.005280542,4.9511986,-0.009912653871935339,-0.016031546032275575,0,0
2019-02-05,0.003576509,0.0061443737,0.0049194884,4.7086196,-0.009748663590134436,-0.015766327677483597,0,0
2019-02-06,-0.0005494002,0.0061004777,0.0036808117,5.287148,-0.00967901893566188,-0.015653692706213213,0,0
2019-02-07,-0.009386284,0.0061140247,0.010141928,5.411784,-0.009700512166237149,-0.01568845329805888,0,0
2019-02-08,0.0008317546,0.006179183,0.0073479237,5.434405,-0.00980389195405316,-0.015855647457018826,0,0
2019-02-11,0.0007387571,0.006156033,0.0054473286,5.6129003,-0.009767162626293268,-0.015796245815811086,0,0
2019-02-12,0.013387326,0.00613611,0.0068834964,5.5131893,-0.009735553018088587,-0.015745124199386017,0,0
2019-02-13,0.0017290808,0.006096448,0.0047554555,5.4478073,-0.009672625167832771,-0.015643352187458468,0,0
2019-02-14,-0.0021845994,0.0060765096,0.008330425,5.478144,-0.009640991128304655,-0.015592191058720015,0,0
2019-02-15,0.01213673,0.006097486,0.009834293,5.3379226,-0.009674272020005002,-0.01564601561006442,0,0
2019-02-19,0.00062997796,0.006026077,0.005461041,5.285391,-0.009560974924602374,-0.015462782378708208,0,0
2019-02-20,0.0029645623,0.0060043093,0.0039389716,5.3227386,-0.009526438081904743,-0.015406926601772016,0,0
2019-02-21,-0.004585308,0.0059083826,0.008094049,5.275093,-0.009374240890411906,-0.015160780986992861,0,0
2019-02-22,0.006109084,0.00590829,0.0049626054,5.3062882,-0.00937409339760747,-0.015160542449693537,0,0
2019-02-25,0.00205789,0.005828653,0.0048855958,5.3887854,-0.009247741831716508,-0.01495619647221863,0,0
2019-02-26,-0.0019683284,0.0058433423,0.0050380873,5.2510195,-0.00927104750454506,-0.014993888292349855,0,0
2019-02-27,0.0012530208,0.005859144,0.00542765,5.110404,-0.009296118566707689,-0.015034435242977897,0,0
2019-02-28,-0.0036740038,0.0058552707,0.0026701724,4.946956,-0.009289972731568246,-0.015024495701033057,0,0
2019-03-01,0.0072454363,0.005843512,0.004637055,4.832696,-0.009271316249102836,-0.01499432292779709,0,0
2019-03-04,-0.004824453,0.0057623945,0.012248324,4.7369576,-0.00914261565670687,-0.01478617791456117,0,0
2019-03-05,0.0,0.005780857,0.0039839144,4.8301077,-0.009171908813504458,-0.014833553178309738,0,0
2019-03-06,-0.007190396,0.00580668,0.0051744026,4.6623006,-0.009212879238039757,-0.014899813864437304,0,0
2019-03-07,-0.007787778,0.0058761444,0.008509469,4.864842,-0.009323091652642862,-0.015078058300373908,0,0
2019-03-08,-0.0010915046,0.00597086,0.007608691,5.082589,-0.009473366913358877,-0.01532109561316678,0,0
2019-03-11,0.013379335,0.0059954897,0.0096898135,5.0812087,-0.00951244436275994,-0.015384294826716518,0,0
2019-03-12,0.004748049,0.0058240932,0.0041919774,4.8031354,-0.009240507445388497,-0.01494449643719964,0,0
2019-03-13,0.007922772,0.005848523,0.008345938,4.9750133,-0.009279267287584917,-0.015007181990675373,0,0
2019-03-14,-0.0025746897,0.005829501,0.0036645716,5.1578894,-0.00924908645936922,-0.014958371112873818,0,0
2019-03-15,0.006203494,0.005807486,0.004825791,5.1610937,-0.009214157810632811,-0.01490188167550445,0,0
2019-03-18,0.0037917246,0.0057543176,0.0033789857,5.3929844,-0.009129800975133722,-0.01476545297448125,0,0
2019-03-19,-0.0014091952,0.005752857,0.007315729,5.5667014,-0.009127483618862798,-0.014761705158385735,0,0
2019-03-20,-0.003354819,0.005758669,0.0076631424,5.38764,-0.009136705086163458,-0.014776618861560037,0,0
2019-03-21,0.01247929,0.0057786065,0.009874484,5.582741,-0.009168337315963912,-0.014827777063460461,0,0
2019-03-22,-0.018244017,0.0057577495,0.010297395,5.7886424,-0.009135246445668054,-0.014774259830109052,1,1
2019-03-25,-0.0013350543,0.0059318566,0.007191804,5.82115,-0.009411484180827745,-0.0152210138502007,0,0
2019-03-26,0.005683852,0.0059952163,0.0065280427,5.5822744,-0.009512010932984942,-0.015383593849008689,0,0
2019-03-27,-0.004437746,0.0059139915,0.009641905,5.554987,-0.009383139321324936,-0.015175172249579073,0,0
2019-03-28,0.0037290286,0.0059306235,0.0066805813,5.382399,-0.009409527865225349,-0.015217849938291873,0,0
2019-03-29,0.0059200525,0.005871026,0.0034447145,5.4783096,-0.009314970499760572,-0.015064924114720945,0,0
2019-04-01,0.011474746,0.005813169,0.004411774,5.3684287,-0.009223173873843858,-0.014916463182562515,0,0
2019-04-02,-0.0012200437,0.005759891,0.0028166354,5.593314,-0.009138644209353067,-0.014779754968507591,0,0
2019-04-03,0.004437298,0.0057421364,0.00509314,5.4000382,-0.009110473988569621,-0.014734195807755715,0,0
2019-04-04,0.0010412148,0.005732787,0.0035977531,5.263149,-0.009095640555789746,-0.014710205979854988,0,0
2019-04-05,0.004585775,0.0057184706,0.0031479616,5.2434845,-0.00907292575904277,-0.014673469772340072,0,0
2019-04-08,0.00077663205,0.00567178,0.0037654631,5.261423,-0.008998847271798826,-0.014553664047899826,0,0
2019-04-09,-0.0054491335,0.005670637,0.0043792166,5.2251077,-0.00899703301981788,-0.014550729892776238,0,0
2019-04-10,0.004154411,0.0057246215,0.0034930287,5.133712,-0.00908268471545898,-0.014689252746408843,0,0
2019-04-11,-0.00095052936,0.005809844,0.003547608,5.1466336,-0.009217899422573566,-0.014907932913128407,0,0
2019-04-12,0.0071499636,0.005807977,0.003860959,5.0229383,-0.009214936898391214,-0.014903141679275726,0,0
2019-04-15,-0.0010305737,0.0057360046,0.0033627127,5.150675,-0.00910074579752366,-0.01471846258993343,0,0
2019-04-16,0.00068716716,0.005709133,0.0040573413,5.0162597,-0.009058111328403343,-0.014649510676238642,0,0
2019-04-17,-0.0037852763,0.005696033,0.0057033286,4.8765416,-0.009037326606207667,-0.01461589594148114,0,0
2019-04-18,0.0032699453,0.0056900913,0.005070906,4.9765334,-0.009027899734817397,-0.014600650042190603,0,0
2019-04-22,0.0008587377,0.0056689386,0.0039943266,4.96738,-0.008994338335329472,-0.014546371830951779,0,0
2019-04-23,0.008717258,0.005640639,0.0052767303,4.8656626,-0.008949438087176593,-0.014473755516045291,0,0
2019-04-24,-0.0024707147,0.0056274207,0.0025435158,5.00001,-0.008928466058167921,-0.014439837853551837,0,0
2019-04-25,-0.0015366231,0.0056626103,0.005136249,4.8313675,-0.008984297966261852,-0.014530133733569574,0,0
2019-04-26,0.0051979157,0.005693047,0.0048703835,4.838354,-0.009032588739189098,-0.014608233479522486,0,0
2019-04-29,0.00050981395,0.005656335,0.0032053518,4.749658,-0.008974341749530506,-0.014514031734155695,0,0
2019-04-30,0.0018670972,0.005665573,0.0072224536,4.77753,-0.008988998733863355,-0.014537736195348644,0,0
2019-05-01,-0.008686081,0.0056580566,0.0085301455,4.6460648,-0.008977073533435981,-0.01451844979615974,0,0
2019-05-02,-0.001883401,0.005730215,0.007693939,4.75227,-0.009091559619912407,-0.014703605960100685,0,0
2019-05-03,0.010230268,0.005745285,0.0050528497,4.602261,-0.009115469741779996,-0.014742275344133433,0,0
2019-05-06,-0.005102052,0.005668248,0.012925677,4.709448,-0.008993242545230257,-0.014544599630525514,0,0
2019-05-07,-0.014339318,0.0057649207,0.015980046,4.5822053,-0.009146624203477737,-0.01479266086079433,1,0
2019-05-08,-0.001211492,0.0060677803,0.0075198957,4.6108403,-0.009627141282508965,-0.015569791967287784,0,0
2019-05-09,-0.0050347326,0.006203275,0.011928311,4.611054,-0.00984211702172552,-0.015917468129857133,0,0
2019-05-10,0.0049481415,0.0062296167,0.016144633,4.496216,-0.009883910872346933,-0.015985060527287674,0,0
2019-05-13,-0.028101603,0.00601623,0.012392266,4.399031,-0.009545351545698128,-0.015437514986008033,1,1
2019-05-14,0.011423635,0.006432312,0.011352199,3.9889235,-0.010205506716757937,-0.016505171352307023,0,0
2019-05-15,0.0055319103,0.0063493727,0.0107744085,4.1269383,-0.010073915084422258,-0.01629235071532055,0,0
2019-05-16,0.008197482,0.0062349136,0.012028949,4.001085,-0.009892314342744462,-0.015998651299673088,0,0
2019-05-17,-0.005748644,0.0061298623,0.0077198087,4.014075,-0.009725640234821123,-0.01572909244408482,0,0
2019-05-20,-0.0063091693,0.0061314944,0.010211148,4.08153,-0.009728229955105147,-0.01573328074930363,0,0
2019-05-21,0.0077058175,0.006146509,0.004625711,4.150407,-0.009752052305181141,-0.015771808181691993,0,0
2019-05-22,-0.0029702126,0.0060374932,0.005014435,4.109313,-0.009579087583905414,-0.015492075637116607,0,0
2019-05-23,-0.013387552,0.0059980904,0.010164856,4.133806,-0.009516570541828825,-0.015390968017421534,1,0
2019-05-24,0.004335331,0.0061184936,0.0052405503,4.2609615,-0.009707602679216047,-0.015699920649454604,0,0
2019-05-28,-0.009491356,0.0060757035,0.008453455,4.308673,-0.009639711650847769,-0.015590121784233853,0,0
2019-05-29,-0.008952611,0.0061476515,0.008522893,4.392436,-0.009753864747434424,-0.01577473940997755,0,0
2019-05-30,0.0037698636,0.006225164,0.005152157,4.3325896,-0.0098768456955553,-0.01597363415162435,0,0
2019-05-31,-0.013711202,0.0062055406,0.006586117,4.1535177,-0.009845711140861838,-0.015923280830181765,1,0
2019-06-03,-0.0010905126,0.0063094194,0.008804087,4.127787,-0.010010525753612687,-0.01618983235969573,0,0
2019-06-04,0.019984461,0.0063586324,0.011024684,3.8956099,-0.010088606453580682,-0.01631611078643604,0,0
2019-06-05,0.008077803,0.0062312544,0.005409512,3.9477386,-0.009886508736405435,-0.015989262003277608,0,0
2019-06-06,0.0063453107,0.006121121,0.008381846,3.9931273,-0.009711771386884985,-0.015706662620853292,0,0
2019-06-07,0.010226021,0.006065395,0.009173293,3.9238634,-0.009623357141968159,-0.015563671948970159,0,0
2019-06-10,0.0049442784,0.0060732984,0.0061111776,4.0294733,-0.009635895840072881,-0.01558395054625073,0,0
2019-06-11,-0.0007790522,0.006027283,0.007845053,4.0403705,-0.009562887806740887,-0.015465876046504349,0,0
2019-06-12,-0.0020804445,0.0060212887,0.0036203912,4.0483985,-0.009553377687878173,-0.0154504955126645,0,0
2019-06-13,0.0046749283,0.006086365,0.006653794,4.083256,-0.009656627175302534,-0.01561747893928639,0,0
2019-06-14,-0.001382887,0.006102621,0.0044109346,4.1261616,-0.009682419413938388,-0.015659192234868797,0,0
2019-06-17,0.00051880674,0.006077919,0.0031647054,4.1322026,-0.009643227046830799,-0.015595807167104245,0,0
2019-06-18,0.011773435,0.0060537863,0.009829642,4.168906,-0.009604937733826445,-0.015533882591515925,0,0
2019-06-19,0.0024745096,0.0060443077,0.004852734,4.2708344,-0.009589898896956956,-0.01550956056749896,0,0
2019-06-20,0.008993019,0.0059532174,0.005332394,4.250999,-0.009445374950750115,-0.015275824745960712,0,0
2019-06-21,-0.0032146208,0.0059529375,0.004907099,4.363092,-0.009444931567472977,-0.015275107670643726,0,0
2019-06-24,0.0005082592,0.0059961514,0.00336644,4.3021755,-0.00951349400480378,-0.015385992392773057,0,0
2019-06-25,-0.010214593,0.005976352,0.0068563684,4.3153496,-0.009482080752050403,-0.015335188338274082,1,0
2019-06-26,-0.0013698633,0.0060170335,0.005841271,4.227875,-0.009546625593972029,-0.015439575479980108,0,0
2019-06-27,0.0044452115,0.0060106693,0.0037186376,4.2333317,-0.009536528218483062,-0.015423245187200004,0,0
2019-06-28,0.004510454,0.0059568756,0.0055586696,4.149696,-0.009451179652225312,-0.015285212578937177,0,0
2019-07-01,0.007949974,0.005879313,0.0062348493,4.144142,-0.009328119076087318,-0.015086189056417124,0,0
2019-07-02,0.003951411,0.005792771,0.004520884,4.251467,-0.00919081141893187,-0.014864124001517584,0,0
2019-07-03,0.006940117,0.00569884,0.004860073,4.292335,-0.009041780345983337,-0.014623098889869318,0,0
2019-07-05,-0.003255021,0.005649803,0.007942124,4.3246136,-0.008963978344075257,-0.0144972711961854,0,0
2019-07-08,-0.0040207794,0.005655754,0.0044101523,4.2156587,-0.008973419693286824,-0.014512540510180166,0,0
2019-07-09,0.0011743982,0.0057042865,0.0053343903,4.1198,-0.009050421795568392,-0.01463707454145548,0,0
2019-07-10,0.0051843915,0.005709415,0.007967146,3.972225,-0.009058558331135806,-0.014650233605231686,0,0
2019-07-11,0.002166126,0.0056380862,0.0029218365,4.020454,-0.008945387916669503,-0.014467205252537474,0,0
2019-07-12,0.00382092,0.005588287,0.0026501708,3.8919852,-0.008866377016683347,-0.014339422431050507,0,0
2019-07-15,0.0005801666,0.0055366196,0.0029595953,3.7924743,-0.008784400877923345,-0.014206843985453818,0,0
2019-07-16,-0.0034029165,0.00550403,0.0034517252,3.8038366,-0.008732694244034467,-0.014123219832722083,0,0
2019-07-17,-0.007343157,0.00548762,0.0063459724,3.8323913,-0.008706658597028103,-0.014081112877424843,0,0
2019-07-18,0.004178861,0.00547647,0.006384241,3.8282974,-0.00868896850913409,-0.014052503035696101,0,0
2019-07-19,-0.006862526,0.005684016,0.007727901,3.897159,-0.009018260220426863,-0.014585060239431714,0,0
2019-07-22,0.0040228013,0.005793338,0.003955394,3.955665,-0.00919171085357978,-0.014865578640017757,0,0
2019-07-23,0.0063365228,0.005755056,0.0029343504,4.014856,-0.009130972773794733,-0.014767348102104713,0,0
2019-07-24,0.004477991,0.005713662,0.004770841,4.0674233,-0.009065296852084487,-0.014661131686630864,0,0
2019-07-25,-0.0049767853,0.005669318,0.0065666786,4.1064796,-0.008994940974640849,-0.014547346468015275,0,0
2019-07-26,0.005969177,0.0056842454,0.00406902,4.057481,-0.009018623975686884,-0.014585648533875445,0,0
2019-07-29,-0.00090965483,0.005661358,0.0027494312,4.1550055,-0.008982311790153037,-0.01452692152883328,0,0
2019-07-30,-0.0031488258,0.0056636445,0.005740415,3.9799151,-0.008985939389251097,-0.014532788375661437,0,0
2019-07-31,-0.010009259,0.005718424,0.013064615,3.9418383,-0.009072852465072468,-0.014673351235399918,1,0
2019-08-01,-0.010195143,0.005833818,0.016105521,3.9416313,-0.009255936278569101,-0.01496944919481175,1,0
2019-08-02,-0.0066276053,0.006033576,0.010802701,4.04276,-0.00957287207425099,-0.01548202341190767,0,0
2019-08-05,-0.03557859,0.00609973,0.017679393,4.0193577,-0.009677831754315747,-0.01565177270046651,1,1
2019-08-06,0.016123729,0.006778314,0.02362696,3.6584852,-0.010754473125141106,-0.017393004253553026,0,0
2019-08-07,0.0015634503,0.006673512,0.016827384,3.734296,-0.0105881953475757,-0.017124086375493005,0,0
2019-08-08,0.020445691,0.0066357274,0.011067255,3.66182,-0.010528245404187363,-0.017027130475541382,0,0
2019-08-09,-0.006911585,0.0063965395,0.008733161,3.7865536,-0.010148750037828832,-0.016413379858056715,0,0
2019-08-12,-0.0136209,0.006443404,0.0116242105,3.7773283,-0.010223105413405029,-0.016533633388715323,1,0
2019-08-13,0.017807689,0.0068344125,0.015577097,3.7944195,-0.010843479151003338,-0.017536952001471484,0,0
2019-08-14,-0.031616684,0.0065244013,0.015217226,3.8714986,-0.010351615984396509,-0.01674147108395825,1,1
2019-08-15,0.0027244382,0.0068192785,0.01314168,3.9376826,-0.010819467684386687,-0.017498118714509136,0,0
2019-08-16,0.014982859,0.0069271377,0.0068741012,3.8128664,-0.010990597341813358,-0.01777488344532361,0,0
2019-08-19,0.01109164,0.00677985,0.0070684133,3.7841477,-0.01075691082830154,-0.017396946704377435,0,0
2019-08-20,-0.008759933,0.006548615,0.007806237,3.795215,-0.01039003378806485,-0.016803603465046595,0,0
2019-08-21,0.010639311,0.006538013,0.0057343654,3.7903905,-0.010373212369448498,-0.016776398505571544,0,0
2019-08-22,-0.00239255,0.0063656513,0.008375598,3.818423,-0.010099742612747516,-0.01633412108424451,0,0
2019-08-23,-0.023106908,0.0063758716,0.02097569,3.773604,-0.010115958677461,-0.016360347016399025,1,1
2019-08-26,0.009671171,0.0066457046,0.01574593,3.8664272,-0.010544075996908884,-0.01705273299119582,0,0
2019-08-27,-0.006175275,0.006690972,0.008953131,3.8187044,-0.010615896848894742,-0.017168887485195496,0,0
2019-08-28,0.008427138,0.006837268,0.008082322,3.7227116,-0.010848009804204634,-0.017544279340475873,0,0
2019-08-29,0.012722599,0.006767142,0.009805229,3.7329907,-0.01073674865242152,-0.017364338801901743,0,0
2019-08-30,-0.0006835854,0.006608979,0.008018427,3.748637,-0.01048580638565452,-0.016958494660353676,0,0
2019-09-03,-0.0064314418,0.0066156792,0.009056352,3.6675482,-0.010496437630803714,-0.01697568837035219,0,0
2019-09-04,0.011121682,0.0067248526,0.0050354553,3.6755545,-0.010669652094496768,-0.01725582481857551,0,0
2019-09-05,0.01133588,0.0065287626,0.0095597645,3.7369695,-0.010358535478111369,-0.01675266184916028,0,0
2019-09-06,0.0029398198,0.0063515212,0.0037268365,3.7833211,-0.010077324611337073,-0.01629786487816627,0,0
2019-09-09,-0.000839067,0.006191262,0.0052026957,3.743347,-0.009823056969991532,-0.015886642671740805,0,0
2019-09-10,8.393839e-05,0.006114949,0.0066024982,3.7157702,-0.00970197895050703,-0.015690825500280992,0,0
2019-09-11,0.007858915,0.006052048,0.005949144,3.7241871,-0.009602179708869875,-0.015529422090360468,0,0
2019-09-12,0.0032425718,0.0061608637,0.0045243637,3.785776,-0.009774826822940957,-0.01580864097486185,0,0
2019-09-13,-0.0017446936,0.0061455127,0.0046960604,3.8347359,-0.009750471508068567,-0.015769251588674083,0,0
2019-09-16,-0.0024977117,0.0061195176,0.005072176,3.7647626,-0.009709226909792505,-0.0157025474865852,0,0
2019-09-17,0.0029965064,0.0061627906,0.0035081664,3.8092573,-0.009777884357825553,-0.015813585867711026,0,0
2019-09-18,0.00016620959,0.006148371,0.0077852183,3.7713153,-0.009755005780725185,-0.01577658478135453,0,0
2019-09-19,-0.00016620959,0.006054298,0.007805737,3.6371355,-0.00960575030154659,-0.015535196741790729,0,0
2019-09-20,-0.0061692568,0.0060072932,0.006809062,3.667172,-0.00953117232946799,-0.015414583210054612,0,0
2019-09-23,0.002505639,0.006113269,0.0061918683,3.564044,-0.009699313221661211,-0.01568651426786499,0,0
2019-09-24,-0.008965664,0.006076079,0.0110050505,3.6091812,-0.0096403070512485,-0.015591084713945236,0,0
2019-09-25,0.005372295,0.006215437,0.008460268,3.7371535,-0.009861413242919373,-0.01594867554033618,0,0
2019-09-26,-0.001927348,0.00617092,0.007215028,3.8758967,-0.009790782286871141,-0.015834445442340257,0,0
2019-09-27,-0.005635713,0.006189158,0.010617156,3.9232614,-0.009819718927319357,-0.015881244118997207,0,0
2019-09-30,0.0049644597,0.0062787556,0.005142561,4.0680532,-0.009961873940016913,-0.016111148709556128,0,0
2019-10-01,-0.013775836,0.0061864373,0.00967993,4.245644,-0.009815401821982154,-0.015874262146880185,1,0
2019-10-02,-0.019680092,0.006364801,0.012571072,4.3531065,-0.010098394365639482,-0.016331940589913267,1,1
2019-10-03,0.010790384,0.006660116,0.012756705,4.477296,-0.010566941001051789,-0.017089712126267104,0,0
2019-10-04,0.013389821,0.006584042,0.010789875,4.732827,-0.010446242119512434,-0.016894508127374263,0,0
2019-10-07,-0.0045852163,0.0063772653,0.0073862677,4.8361464,-0.010118170164663709,-0.016363923612469872,0,0
2019-10-08,-0.015437699,0.006372139,0.0112829525,4.9793878,-0.010110036343687788,-0.016350768938950707,1,0
2019-10-09,0.009119912,0.0066959024,0.009751799,5.4012313,-0.010623719396712836,-0.017181538742573752,0,0
2019-10-10,0.0075085675,0.006666772,0.016961388,5.776027,-0.010577501666822173,-0.017106791689582505,0,0
2019-10-11,0.010064786,0.0065965927,0.011581033,6.2237387,-0.010492200201694002,-0.01687453745840683,0,0
2019-10-14,-0.0017687939,0.006470033,0.0068292124,6.12461,-0.010279964244152747,-0.01657312391998702,0,0
2019-10-15,0.010816355,0.0063248114,0.0058356337,6.0528245,-0.010041120194285826,-0.016217274476293984,0,0
2019-10-16,-0.0020870734,0.0062141125,0.0028925044,6.2809668,-0.009889663298321763,-0.01588397409797191,0,0
2019-10-17,0.002170466,0.0061521744,0.0052340073,5.8461323,-0.009761040317613429,-0.015786344322760618,0,0
2019-10-18,-0.0032574679,0.006103016,0.005890229,6.0297465,-0.009686421915008629,-0.015653638213391597,0,0
2019-10-21,0.0060886797,0.006091804,0.0033263504,5.6311007,-0.009665256861657787,-0.015631435566425367,0,0
2019-10-22,-0.003999339,0.0060090926,0.005598757,5.960482,-0.009534027174854466,-0.015419200297044596,0,0
2019-10-23,0.003749848,0.006025948,0.00489977,6.2109723,-0.009583280875090572,-0.015417440979290702,0,0
2019-10-24,-0.00049916806,0.005989362,0.0038631256,6.5070643,-0.009552566531488836,-0.01526477021408687,0,0
2019-10-25,0.0053116567,0.005957301,0.0052037966,7.013323,-0.009539793775307072,-0.015091944979501955,0,0
2019-10-28,0.005283592,0.005877027,0.0037889613,6.9999447,-0.00941035728731846,-0.01489081734732474,0,0
2019-10-29,-0.00016469038,0.005871394,0.003865085,7.0621448,-0.00940541984871657,-0.014866224807560198,0,0
2019-10-30,0.0039451024,0.0058477973,0.0070206067,6.8758645,-0.00935509151791384,-0.01483773525842902,0,0
2019-10-31,-0.0039451024,0.0057843435,0.0066336505,6.680526,-0.009239372175782625,-0.014710698361842064,0,0
2019-11-01,0.009017933,0.00579363,0.0049226563,6.6047854,-0.009248317606559114,-0.014747949893312996,0,0
2019-11-04,0.00407233,0.005724145,0.0037603225,6.6286426,-0.009139254562755638,-0.014566801924751079,0,0
2019-11-05,-0.0012199586,0.0057157436,0.003548333,6.7496943,-0.009134917988191762,-0.014524166491560613,0,0
2019-11-06,0.0011386743,0.005738921,0.0033583231,6.780006,-0.009174160186042562,-0.014577815857794324,0,0
2019-11-07,0.0034082644,0.005718533,0.005874744,6.765636,-0.009140533780664935,-0.014528501814040121,0,0
2019-11-08,0.0014571361,0.005697152,0.004507465,6.599913,-0.009093930720811298,-0.014503231594001773,0,0
2019-11-11,-0.0009711882,0.0056596063,0.004025595,6.706092,-0.00904202161628844,-0.014389025525413143,0,0
2019-11-12,0.0014564288,0.005631107,0.0046682623,6.5225024,-0.008982419011509035,-0.014348915973788292,0,0
2019-11-13,0.0011313133,0.005605122,0.0047930484,6.2756677,-0.008919985004507676,-0.014328333824096703,0,0
2019-11-14,0.000484457,0.0057789222,0.0041153287,6.4001107,-0.009207820296692669,-0.014748547005251966,0,0
2019-11-15,0.006838046,0.005804502,0.0033378794,6.221997,-0.009232173056020681,-0.014848662095212694,0,0
2019-11-18,0.001121795,0.0057637803,0.0037572181,6.1092978,-0.009156276903657258,-0.014767158591206966,0,0
2019-11-19,-0.001041625,0.0057466016,0.00443222,6.2462807,-0.009142386046679387,-0.014695756041339157,0,0
2019-11-20,-0.003050986,0.0057625338,0.0061403853,5.893844,-0.009142836443481607,-0.014786534988800648,0,0
2019-11-21,-0.0016095288,0.0057613202,0.005122736,5.696458,-0.00914091089324946,-0.014783420833138307,0,0
2019-11-22,0.0024133227,0.0057767085,0.0035057317,5.8131895,-0.009165325929134691,-0.014822906804981011,0,0
2019-11-25,0.006806288,0.0057278504,0.002705989,5.8323827,-0.009087808054469512,-0.01469753862486757,0,0
2019-11-26,0.0035051417,0.0056523555,0.0029252334,5.6413155,-0.008968027609718515,-0.014503819996274205,0,0
2019-11-27,0.003175866,0.005614314,0.0022270237,5.835963,-0.008907671382470107,-0.014406207021185178,0,0
2019-11-29,-0.003175866,0.0055978987,0.0027229793,5.459572,-0.008881626686825433,-0.014364085431697794,0,0
2019-12-02,-0.009428002,0.005615606,0.008700234,5.7293644,-0.008909720899047084,-0.014409521665252473,1,0
2019-12-03,-0.0074936897,0.005716831,0.010989032,6.0089407,-0.009071280335600316,-0.014667409046076866,0,0
2019-12-04,0.0064495546,0.0058478196,0.007696381,5.929073,-0.009278151590481423,-0.015005377595030792,0,0
2019-12-05,0.00216737,0.005791884,0.004692577,5.981951,-0.009189403450810997,-0.014861846921531398,0,0
2019-12-06,0.009020217,0.005753486,0.0052362513,6.2399693,-0.00915274202000891,-0.014714605526164165,0,0
2019-12-09,-0.003662133,0.0056894803,0.003353544,6.6590962,-0.009086231937746669,-0.014473205719650408,0,0
2019-12-10,0.00047843077,0.0057886355,0.006023566,6.1862807,-0.009203469106728158,-0.014815223003976422,0,0
2019-12-11,0.0022296554,0.0057774805,0.0030376264,6.3327518,-0.009199525309433394,-0.014757802859194391,0,0
2019-12-12,0.007922716,0.005917845,0.007675787,6.571217,-0.009443862343705374,-0.015070398985684805,0,0
2019-12-13,0.0012618299,0.0058841314,0.00625686,6.938804,-0.009417598173943992,-0.014919139964719373,0,0
2019-12-16,0.0069900146,0.0058008903,0.0043343934,7.1082277,-0.009295394402176024,-0.014680254039956228,0,0
2019-12-17,0.0003912516,0.0057465634,0.002535509,6.9059224,-0.009195199145368328,-0.014575820028384931,0,0
2019-12-18,0.0011728372,0.005735279,0.0020479779,6.460275,-0.009143427993968929,-0.014625870339937518,0,0
2019-12-19,0.0038995526,0.005724735,0.0035222566,6.5402493,-0.00913320963454268,-0.014584251493129924,0,0
2019-12-20,0.0043495214,0.0057005445,0.003960774,6.247507,-0.009069228119397173,-0.014577736157454026,0,0
2019-12-23,0.00046490005,0.0057065655,0.002189166,6.450369,-0.009096819456632882,-0.01455448551884146,0,0
2019-12-24,-0.00046490005,0.0057075694,0.00185595,5.823856,-0.009055630191779027,-0.014645497981301549,0,0
2019-12-26,0.0057957736,0.0056840186,0.0020937254,5.1192684,-0.009018264744746018,-0.014585067556526785,0,0
2019-12-27,-0.002159828,0.005677131,0.003938078,6.1422777,-0.009021903162571787,-0.01453856122943257,0,0
2019-12-30,-0.0043337015,0.00573025,0.005183675,5.94303,-0.009091614816606091,-0.014703695228660553,0,0
2019-12-31,0.0023239611,0.005783871,0.0048749787,6.207467,-0.009197956879059709,-0.014798783249621287,0,0
2020-01-02,0.008628713,0.0057115275,0.0042568105,6.1667356,-0.00907897272855844,-0.01462176095376637,0,0
2020-01-03,-0.0072369245,0.0056458446,0.01140433,6.6888347,-0.009018763087134644,-0.014357025599698967,0,0
2020-01-06,0.0024695182,0.0057115518,0.0077224416,6.276827,-0.009089464303764182,-0.014600174792862346,0,0
2020-01-07,-0.002546789,0.00571442,0.006014681,7.754008,-0.00919159557294928,-0.014366592825846809,0,0
2020-01-08,0.007697675,0.005696117,0.018226042,7.569831,-0.00915321116225571,-0.014346074675307805,0,0
2020-01-09,0.0048192865,0.0056437077,0.0030070792,7.5551867,-0.009068259400052417,-0.01421613354204314,0,0
2020-01-10,-0.003439976,0.0055894083,0.0052886815,7.6509557,-0.008985685978943891,-0.014066167564225643,0,0
2020-01-13,0.007628384,0.0055687265,0.0030890987,7.6729226,-0.008953479288446331,-0.014011146486047942,0,0
2020-01-14,-0.00053209683,0.0055331476,0.0046205167,7.997545,-0.00891056704442655,-0.013879693766348806,0,0
2020-01-15,0.0017472561,0.0056937397,0.0044267024,7.889449,-0.009164494724489058,-0.014296543154723229,0,0
2020-01-16,0.0068832766,0.0057308166,0.0029743048,7.625314,-0.009211752706482548,-0.014425622487399736,0,0
2020-01-17,0.0025596642,0.0057184836,0.0026095945,7.9220395,-0.009205762503292067,-0.014354393432067944,0,0
2020-01-21,-0.0016555049,0.0057190033,0.004682609,7.7557116,-0.009199046337436756,-0.0143778817677636,0,0
2020-01-22,7.530971e-05,0.00573475,0.0047214883,7.408555,-0.009206824823827784,-0.01446678991676094,0,0
2020-01-23,0.0018809019,0.0057499195,0.005244462,7.0281425,-0.00920865771373433,-0.014564160229867928,0,0
2020-01-24,-0.009819551,0.005740269,0.0103635825,7.145254,-0.009200529506563946,-0.01452097135077232,1,0
2020-01-27,-0.016531833,0.0058404785,0.005523398,7.3904133,-0.009375558603357127,-0.014736245961427339,1,1
2020-01-28,0.011890747,0.0060836487,0.0067754514,6.93918,-0.009736953389335886,-0.015424946792002386,0,0
2020-01-29,-0.0017555247,0.0060183527,0.0056649074,6.9819374,-0.009635416468889425,-0.015251992432264235,0,0
2020-01-30,0.005257355,0.0060121873,0.011502407,7.129277,-0.009635338060178742,-0.015211480004033698,0,0
2020-01-31,-0.020188749,0.0059443456,0.013064404,6.9458785,-0.009514460136237423,-0.015070596735892783,1,1
2020-02-03,0.006646597,0.0062015415,0.008839441,6.6152725,-0.00990034872201352,-0.01578426902126266,0,0
2020-02-04,0.01650152,0.006246388,0.010677783,6.7497826,-0.009983002556689404,-0.01587256033297074,0,0
2020-02-05,0.010701737,0.006078592,0.008388259,6.872279,-0.009724046118721763,-0.015423974503624987,0,0
2020-02-06,0.0030687498,0.0059452984,0.0051120836,7.0705304,-0.009524355848027778,-0.015051951633199183,0,0
2020-02-07,-0.0059213904,0.0058896705,0.004393037,7.1714354,-0.009441618583353904,-0.014894682062865282,0,0
2020-02-10,0.0082354285,0.0059178,0.008946583,6.924251,-0.009470477266994057,-0.015006999147196085,0,0
2020-02-11,0.0013411819,0.0058744126,0.005172511,7.2383437,-0.009421222807278366,-0.01484544425969567,0,0
2020-02-12,0.006826978,0.005893558,0.0040232795,7.350879,-0.009458523799959826,-0.014876239760254966,0,0
2020-02-13,-0.0008878367,0.0058322176,0.007582516,7.097407,-0.009344910591026294,-0.014761286317849894,0,0
2020-02-14,0.0010357329,0.0058386438,0.004860676,7.15359,-0.009358721093482287,-0.01476849063225883,0,0
2020-02-18,-0.003481356,0.0058234786,0.007431092,7.1868353,-0.00933644544300633,-0.01472484069931132,0,0
2020-02-19,0.005328215,0.0058594006,0.0039059129,6.8870826,-0.009374440540085203,-0.014865249357974735,0,0
2020-02-20,-0.005328215,0.0058216406,0.011507475,7.038491,-0.00932419334403616,-0.014744122868544691,0,0
2020-02-21,-0.008943937,0.005884039,0.0070297187,7.1379194,-0.009430506513481823,-0.01488585023037314,0,0
2020-02-24,-0.034425758,0.006003607,0.014340719,7.2664657,-0.00963013178207478,-0.0151674144633241,1,1
2020-02-25,-0.029489065,0.006490293,0.026119625,5.5197062,-0.010297499698125956,-0.016653949846391545,1,1
2020-02-26,-0.0071282987,0.0070335586,0.019760171,5.7013354,-0.011159444932658509,-0.01804795743338412,0,0
2020-02-27,-0.050527867,0.007271259,0.027497236,5.707473,-0.011536580414146064,-0.018657891454079603,1,1
2020-02-28,-0.002031145,0.008264046,0.034519866,5.574075,-0.013111736605599169,-0.021205361517853162,0,0
2020-03-02,0.037903473,0.008665778,0.033829767,5.5155334,-0.013749123592945979,-0.022236195334915398,0,0
2020-03-03,-0.02243578,0.008869799,0.034256686,5.5565653,-0.014072824150627647,-0.02275971007256191,1,0
2020-03-04,0.038537104,0.009734085,0.024335574,5.6103864,-0.01544410004315864,-0.02497744841771895,0,0
2020-03-05,-0.032383237,0.009640656,0.019352913,5.8076797,-0.015295867060108957,-0.02473771404164126,1,1
2020-03-06,-0.017225947,0.010822304,0.030675719,5.85961,-0.017170668909163196,-0.0277697953119863,1,0
2020-03-09,-0.07575731,0.012233837,0.034439623,5.8067126,-0.01941020689063023,-0.031391757372274454,1,1
2020-03-10,0.0420477,0.014604807,0.037939418,5.6392856,-0.0231719882461749,-0.037475614606058416,0,0
2020-03-11,-0.04478094,0.014915795,0.033032358,5.526239,-0.023665401444524056,-0.03827360236034307,1,1
2020-03-12,-0.10423595,0.014455012,0.06298691,5.624053,-0.022934323951262464,-0.03709124467512557,1,1
2020-03-13,0.08795598,0.015832271,0.058515947,5.735334,-0.025119483235947985,-0.040625261106332876,0,0
2020-03-16,-0.10955244,0.016056936,0.062240932,5.967167,-0.025475936244852754,-0.041201745758619464,1,1
2020-03-17,0.028257094,0.018348156,0.051406138,6.1818247,-0.029170716993412574,-0.046962439568417454,0,0
2020-03-18,-0.034380306,0.019585997,0.06468114,6.1250386,-0.031119518203296313,-0.05016964470472111,1,0
2020-03-19,-0.005218674,0.020974867,0.055171475,6.087526,-0.0333123316806585,-0.05375509588933584,0,0
2020-03-20,-0.042978287,0.021730298,0.069081664,5.9643188,-0.034477291799190825,-0.05575946640402681,1,0
2020-03-23,-0.030164186,0.022110462,0.06579592,5.9387197,-0.035080463170499974,-0.05673496395790292,0,0
2020-03-24,0.09344564,0.021388644,0.036698487,5.806668,-0.0339352240726544,-0.05488279060934551,0,0
2020-03-25,0.011824806,0.021263225,0.04960108,5.9479938,-0.033736233657874454,-0.05456096720708205,0,0
2020-03-26,0.055580806,0.022151912,0.053218544,5.818221,-0.03514622505427415,-0.05684131939818312,0,0
2020-03-27,-0.0327387,0.02202114,0.025267415,5.907314,-0.03493874339730508,-0.05650576327188986,0,0
2020-03-30,0.033984087,0.023699807,0.03227537,5.8707886,-0.037602115977708364,-0.06081318494478032,0,0
2020-03-31,-0.016020415,0.024339542,0.019135118,5.8589916,-0.038617119834100766,-0.06245473132145362,0,0
2020-04-01,-0.048537254,0.024433598,0.022645388,5.726087,-0.03876634997709209,-0.06269607838528503,1,0
2020-04-02,0.027597683,0.025701987,0.024784094,5.902336,-0.040778774375914935,-0.06595073398034657,0,0
2020-04-03,-0.013502231,0.025640378,0.021529447,5.9042735,-0.04068102736544625,-0.06579264960475038,0,0
2020-04-06,0.063115194,0.025140356,0.032404564,5.836207,-0.039887693430891366,-0.06450960576451391,0,0
2020-04-07,-0.0009458054,0.024089282,0.033288628,6.004079,-0.03822189772097913,-0.061809004764068046,0,0
2020-04-08,0.03459523,0.02300425,0.026930884,5.8972487,-0.036498547669003206,-0.05902840496866752,0,0
2020-04-09,0.01622956,0.021996208,0.026192162,5.9913363,-0.03489918637007364,-0.05644178844626256,0,0
2020-04-13,-0.0074020918,0.020868527,0.025230775,5.953236,-0.033110006356154076,-0.053548181736722655,0,0
2020-04-14,0.029900929,0.019860702,0.014792611,5.884094,-0.031510992524935576,-0.05096212716721917,0,0
2020-04-15,-0.024209086,0.018104348,0.018328326,6.0269227,-0.02873343154997326,-0.04643772220017335,0,0
2020-04-16,0.0044943895,0.018211823,0.02122563,6.122912,-0.028935461096576343,-0.04665105390295848,0,0
2020-04-17,0.029166892,0.017948596,0.01579008,6.0426946,-0.028491443979457822,-0.04602802590641906,0,0
2020-04-20,-0.022373874,0.017082535,0.013010093,6.225697,-0.027171152530579813,-0.043697144407106994,0,0
2020-04-21,-0.026904214,0.017846227,0.024299448,6.3245335,-0.028414374840762584,-0.04559072388325,0,0
2020-04-22,0.020469876,0.018660426,0.020166958,6.4867463,-0.02975646071089476,-0.04757104895306092,0,0
2020-04-23,-0.0027831413,0.018382717,0.015988452,6.532982,-0.02932579542160426,-0.046835805215203904,0,0
2020-04-24,0.017379342,0.018263765,0.01647992,6.462811,-0.029117559066401573,-0.046573992482636585,0,0
2020-04-27,0.01386352,0.017428605,0.014605824,6.5730467,-0.027813498798690453,-0.04438272333349907,0,0
2020-04-28,-0.00061015476,0.016237797,0.015333438,6.6363244,-0.025927189798358556,-0.04131805579277431,0,0
2020-04-29,0.025396278,0.015789459,0.018742906,6.602413,-0.02520405216500647,-0.040193961273229585,0,0
2020-04-30,-0.013177225,0.014870801,0.017669274,6.876587,-0.02378988862359619,-0.03773166796686879,0,0
2020-05-01,-0.028215175,0.014992978,0.012943096,6.951933,-0.02399866471131506,-0.03800882226612179,1,0
2020-05-04,0.0012395964,0.015836857,0.014224724,7.3218603,-0.025411958012593397,-0.03998671196053636,0,0
2020-05-05,0.011612693,0.015643386,0.014632686,7.263339,-0.025092400539640593,-0.039522500796031715,0,0
2020-05-06,-0.008696853,0.015119692,0.0123276,7.4193687,-0.02427537718299697,-0.03813753908246262,0,0
2020-05-07,0.016277598,0.015121481,0.014422934,7.3923087,-0.024274369755007637,-0.038152616488877925,0,0
2020-05-08,0.016700052,0.014374684,0.008299986,7.7443323,-0.023120408798631722,-0.03614262344914583,0,0
2020-05-11,-0.0019653926,0.013291151,0.01386529,8.030973,-0.021407329197516832,-0.033330403544714185,0,0
2020-05-12,-0.024329152,0.01241667,0.020192547,7.968281,-0.019993048569329715,-0.03115494951249996,1,0
2020-05-13,-0.013944273,0.013480853,0.021889186,8.051165,-0.021714870852769356,-0.03380006629104393,0,0
2020-05-14,0.012014279,0.014256031,0.02281317,8.029131,-0.022961217130683744,-0.03575063585987451,0,0
2020-05-15,-0.00017563888,0.013967855,0.013461874,8.026075,-0.022496756921693572,-0.03502891389163169,0,0
2020-05-18,0.035036806,0.013817609,0.020548949,7.850686,-0.02223626543196567,-0.03470735935489838,0,0
2020-05-19,-0.009971532,0.013012484,0.013806481,7.711653,-0.020925902940420044,-0.032727787163241644,0,0
2020-05-20,0.016901333,0.013225909,0.011231695,7.6158834,-0.02125833309356252,-0.033295344494768495,0,0
2020-05-21,-0.010668122,0.012627886,0.006249085,7.679008,-0.020303949317277054,-0.03177042234415957,0,0
2020-05-22,0.0054329503,0.012721333,0.012507578,7.6627083,-0.020452438938781,-0.032010553905670654,0,0
2020-05-26,0.01395567,0.012540469,0.01416502,7.515,-0.020145391438506213,-0.03160125080080451,0,0
2020-05-27,0.013598883,0.012251144,0.015183679,7.651422,-0.019695323419343373,-0.030830788147076207,0,0
2020-05-28,0.0008232486,0.011972685,0.010673405,7.748682,-0.019257435512627815,-0.030101978603555266,0,0
2020-05-29,0.0013157896,0.012186355,0.015437509,7.6331496,-0.01958925317918252,-0.0306731783433627,0,0
2020-06-01,0.003937013,0.011812388,0.0108065745,7.5659037,-0.018981165721582476,-0.0297514895408021,0,0
2020-06-02,0.0075028897,0.011838253,0.008910782,7.464753,-0.0190118874858257,-0.02984676280261663,0,0
2020-06-03,0.013156491,0.011469137,0.009748628,7.575623,-0.01843058731758888,-0.028884187389955907,0,0
2020-06-04,-0.002328103,0.010987806,0.008814496,7.6232023,-0.017661673157136557,-0.027659097653984305,0,0
2020-06-05,0.024218103,0.010710667,0.018216956,7.5338707,-0.01720776359944721,-0.02698518092196025,0,0
2020-06-08,0.012706255,0.010209887,0.008128391,7.4273314,-0.016393218015409113,-0.025751075467236487,0,0
2020-06-09,-0.006839759,0.010178597,0.007941216,7.4806304,-0.016348017592162294,-0.02565830812541756,0,0
2020-06-10,-0.006101873,0.01053862,0.009830108,7.44935,-0.016923207619076713,-0.02657424908194933,0,0
2020-06-11,-0.056743078,0.010988759,0.026846547,7.427443,-0.01764380401117261,-0.027715492787312036,1,1
2020-06-12,0.008105917,0.013833087,0.024183663,6.203155,-0.021997441692061616,-0.03539581022573627,0,0
2020-06-15,0.012525234,0.013612326,0.029672952,6.1101737,-0.021624601000092936,-0.03487519505663062,0,0
2020-06-16,0.014617664,0.013418862,0.019065982,6.061226,-0.021305513799475272,-0.03440289526458262,0,0
2020-06-17,-0.0036143167,0.013317675,0.011857901,6.0445895,-0.021140822172737068,-0.03415141817086905,0,0
2020-06-18,-0.0029008884,0.013320433,0.012634459,5.923736,-0.021134200514172054,-0.03417993937602722,0,0
2020-06-19,-0.012505238,0.013341447,0.018606447,5.846954,-0.02116754112688524,-0.03423386051302657,0,0
2020-06-22,0.016612351,0.0138003845,0.014085346,5.8528605,-0.021895692290517712,-0.03541148550115197,0,0
2020-06-23,0.0024882623,0.013052398,0.019496147,5.9271183,-0.020708936230382984,-0.03349216756138238,0,0
2020-06-24,-0.02253845,0.012905631,0.021397913,5.847076,-0.020476076762412605,-0.03311556838541524,1,0
2020-06-25,0.0071081636,0.013305601,0.016615946,5.916146,-0.021110666815658118,-0.034141878774304406,0,0
2020-06-26,-0.020978928,0.013086575,0.016172964,5.8581524,-0.020763161100313243,-0.033579864409230796,1,0
2020-06-29,0.01346071,0.0136541985,0.009569187,5.970792,-0.021663752164199523,-0.03503637315890331,0,0
2020-06-30,0.01384838,0.013308903,0.013705498,5.9840765,-0.021115907786966665,-0.03415035489723499,0,0
2020-07-01,0.0041173915,0.012846141,0.012069731,6.001228,-0.02038198417204314,-0.03296234357421662,0,0
2020-07-02,0.008344079,0.0124403825,0.012682667,5.916847,-0.01973791237562744,-0.03192174920247807,0,0
2020-07-06,0.013648839,0.012109136,0.012430992,5.8908825,-0.019212356604277205,-0.031071777877968946,0,0
2020-07-07,-0.011254775,0.01204389,0.009452807,5.959028,-0.019108836562567406,-0.030904356889061794,0,0
2020-07-08,0.008571481,0.0123661095,0.007267483,5.987391,-0.01962007014920222,-0.031731165217413246,0,0
2020-07-09,-0.007137789,0.012171751,0.013895903,5.9799376,-0.01931170160427125,-0.031232446651544316,0,0
2020-07-10,0.011868167,0.012265168,0.013961184,5.9530673,-0.01945991649004432,-0.03147215175924172,0,0
2020-07-13,-0.009562644,0.011854324,0.01774679,6.0155826,-0.018811519268477968,-0.030411240611752734,0,0
2020-07-14,0.011134477,0.012507555,0.01501843,6.0383725,-0.019853391664861282,-0.03207676741888125,0,0
2020-07-15,0.011244847,0.012119591,0.008569574,6.0978084,-0.019250579572209513,-0.031056066074943368,0,0
2020-07-16,-0.007795487,0.012181475,0.006834044,6.159436,-0.019361993889780552,-0.03118821267069874,0,0
2020-07-17,0.0060856864,0.012160265,0.006009371,6.1527524,-0.01932688313648243,-0.03113675299223346,0,0
2020-07-20,0.009676121,0.011788246,0.011832558,6.1486406,-0.018734779339125117,-0.030185884445173474,0,0
2020-07-21,0.001847149,0.011249416,0.007242421,6.2268667,-0.01789332503084651,-0.028775569157384877,0,0
2020-07-22,0.0043733525,0.011121207,0.009173751,6.205499,-0.017685433800873205,-0.028455806868551,0,0
2020-07-23,-0.0117050465,0.010882786,0.013205415,6.2380533,-0.017312174749434753,-0.02783356262134288,0,0
2020-07-24,-0.0073078144,0.011160841,0.009159526,6.4279094,-0.0177877427840493,-0.028473696609177278,0,0
2020-07-27,0.00877846,0.011217037,0.008504282,6.559863,-0.0178986859492688,-0.028569366757516174,0,0
2020-07-28,-0.005973409,0.010899681,0.007354858,6.7424107,-0.01741888780991236,-0.02769937437619472,0,0
2020-07-29,0.012218852,0.010780675,0.009020003,6.885711,-0.017247799774538223,-0.02735091504354965,0,0
2020-07-30,-0.0011536244,0.010526154,0.016118329,7.1693425,-0.01687404571466081,-0.02662071887879364,0,0
2020-07-31,0.004529932,0.010519201,0.013309997,7.139861,-0.016859619890343215,-0.0266116391577002,0,0
2020-08-03,0.007631295,0.010407982,0.00822393,7.1813893,-0.016685924075633966,-0.026318441729507425,0,0
2020-08-04,0.0034909346,0.010339365,0.006104147,7.351345,-0.016593610889262946,-0.02609800979919895,0,0
2020-08-05,0.004836769,0.010063519,0.006035221,7.2511945,-0.01614091292150383,-0.025428420612345643,0,0
2020-08-06,0.008483216,0.0098084,0.00811399,7.1994953,-0.015726529269468534,-0.024797459741803893,0,0
2020-08-07,0.00014949917,0.009576755,0.005403495,7.3523393,-0.015369792236707227,-0.024172824585667937,0,0
2020-08-10,0.0023889523,0.009404162,0.0058792033,7.16517,-0.015075013903283613,-0.023784266072479014,0,0
2020-08-11,-0.0068086004,0.009100114,0.011983754,7.151129,-0.014586271043225475,-0.023018792720492235,0,0
2020-08-12,0.01194044,0.009233867,0.010424891,7.217295,-0.014807036077783683,-0.023340484950147445,0,0
2020-08-13,-0.0006678788,0.009735692,0.0051410915,7.2714224,-0.015617097225671782,-0.024594806446171194,0,0
2020-08-14,-0.0018575627,0.009888341,0.006246835,7.0415187,-0.015837930999401322,-0.025042768404790205,0,0
2020-08-17,0.0054144394,0.009990058,0.002795172,7.000691,-0.015996269759619708,-0.025311926885715236,0,0
2020-08-18,0.0021428317,0.009749479,0.005144478,6.992287,-0.015610119969424572,-0.024704704099161066,0,0
2020-08-19,-0.0042161383,0.009583156,0.0056019626,6.935588,-0.015337555783104386,-0.02429885990406865,0,0
2020-08-20,0.002369143,0.009706359,0.008662927,6.9747024,-0.01553913260640872,-0.024600323673601196,0,0
2020-08-21,0.0034695345,0.009646614,0.008105746,6.9440064,-0.015440065252445068,-0.024457417028239066,0,0
2020-08-24,0.0102640195,0.009634368,0.005316955,6.9941483,-0.015426018128596305,-0.02441250896213304,0,0
2020-08-25,0.004512052,0.00960346,0.004744099,6.9195952,-0.015368252341166998,-0.024354793913036767,0,0
2020-08-26,0.010760946,0.009501228,0.007118294,6.8807135,-0.015200267385100642,-0.02410630671318198,0,0
2020-08-27,0.0014356474,0.009610044,0.0067261993,7.0348477,-0.015391475448486538,-0.024339775423606293,0,0
2020-08-28,0.005508079,0.009882257,0.0050227633,6.9100056,-0.015813289197788814,-0.025064590153996844,0,0
2020-08-31,-0.0015706436,0.009961649,0.0067484733,6.885397,-0.015937415327691176,-0.025273107423064173,0,0
2020-09-01,0.007970437,0.010238408,0.0070266407,6.8189917,-0.016371945500105272,-0.025995328965422063,0,0
2020-09-02,0.01470563,0.010467139,0.008286267,6.9178166,-0.016750163267786576,-0.026545661150498338,0,0
2020-09-03,-0.03345126,0.010711478,0.025289325,6.9824977,-0.017149205262485676,-0.02714536003780698,1,1
2020-09-04,-0.012792732,0.01211707,0.027444044,6.7267604,-0.019361975894789503,-0.030798888282533344,0,0
2020-09-08,-0.024286697,0.011523838,0.01943787,6.6871862,-0.018408115341157712,-0.029304975009593483,1,0
2020-09-09,0.019226365,0.011544874,0.02200037,6.8622155,-0.018467166476067266,-0.029297673576177158,0,0
2020-09-10,-0.017728463,0.012364791,0.017550012,6.9318056,-0.01978893359073391,-0.031353272158931585,0,0
2020-09-11,-0.0020227,0.012519913,0.013853932,6.9600906,-0.02004130903146625,-0.031736395332635114,0,0
2020-09-14,0.014517285,0.012411069,0.010389638,6.8241253,-0.019846969447670157,-0.031509821671150795,0,0
2020-09-15,0.00368868,0.012292023,0.00762231,6.8649983,-0.01966272017751014,-0.031192725996818906,0,0
2020-09-16,-0.0045759915,0.012042817,0.0090456875,6.7641873,-0.019249080728809664,-0.03059649747240085,0,0
2020-09-17,-0.00846896,0.012013501,0.015086329,6.6974974,-0.01919192105735615,-0.03054637702187877,0,0
2020-09-18,-0.010424183,0.011833809,0.016666707,6.7128367,-0.018907223034110358,-0.03008392903631582,0,0
2020-09-21,-0.0125167575,0.01185755,0.02223454,6.7733865,-0.018954328921626077,-0.030122513057633648,0,0
2020-09-22,0.007377301,0.012184363,0.010136878,6.859572,-0.019489703305712893,-0.030921467828204045,0,0
2020-09-23,-0.02082611,0.012364633,0.01630193,6.869403,-0.01977952553335873,-0.03137538177264203,1,0
2020-09-24,0.0020867959,0.012745562,0.015244022,6.9721026,-0.020404280853650553,-0.032303992432505646,0,0
2020-09-25,0.015095494,0.012844584,0.017654594,6.8721123,-0.02054771382407589,-0.032592237855023694,0,0
2020-09-28,0.017714253,0.012648846,0.008849841,7.0196323,-0.020256276355244043,-0.032041726758503225,0,0
2020-09-29,-0.003667806,0.012511455,0.009441684,7.186667,-0.020058869598476785,-0.031635649733794576,0,0
2020-09-30,0.005459386,0.012193259,0.019220306,7.090372,-0.019536220333169145,-0.03086341002317663,0,0
2020-10-01,0.004687683,0.012238846,0.008381865,6.986481,-0.019595095781180176,-0.031014669028270776,0,0
2020-10-02,-0.008498635,0.0123296715,0.015089278,6.850412,-0.019720763854327854,-0.03129356139408815,0,0
2020-10-05,0.015968256,0.01270912,0.0094274515,6.8652825,-0.02032996518741361,-0.032251060838512924,0,0
2020-10-06,-0.011784461,0.012519652,0.01772867,6.948858,-0.020039264702120422,-0.03173978451442018,0,0
2020-10-07,0.015828732,0.0125608025,0.012369232,7.0388637,-0.020117982673693937,-0.03181186794748447,0,0
2020-10-08,0.008985706,0.012248084,0.0064822664,7.1307797,-0.01962939826091616,-0.030988462746936028,0,0
2020-10-09,0.0103462925,0.011625718,0.0053431215,7.1035013,-0.01862855215056472,-0.029422610494716107,0,0
2020-10-12,0.016985849,0.011058538,0.010287514,7.1317234,-0.017723082964567434,-0.027978544428838115,0,0
2020-10-13,-0.007957413,0.010674992,0.0072540203,7.267678,-0.017123432575766474,-0.026968779202454107,0,0
2020-10-14,-0.0067995824,0.010611945,0.0098246215,7.2360487,-0.017018900026245443,-0.026818491824267696,0,0
2020-10-15,-0.0015812552,0.0109180985,0.011223628,7.1634445,-0.01750167953633564,-0.027613711999634173,0,0
2020-10-16,-0.0038196868,0.011176071,0.009135136,7.0753345,-0.017904631024490476,-0.028293406550215134,0,0
2020-10-19,-0.011474345,0.0112953875,0.0152503885,7.038851,-0.018091229600220016,-0.02860704029954571,0,0
2020-10-20,0.0027717012,0.011647723,0.010448505,7.1552444,-0.01867025525197229,-0.029461668164449485,0,0
2020-10-21,7.2835865e-05,0.011704265,0.007666923,7.084494,-0.018751996609252433,-0.0296275917708321,0,0
2020-10-22,0.0048679574,0.011529401,0.009835848,7.02291,-0.018463984510251098,-0.029204907081354637,0,0
2020-10-23,0.0007245327,0.011365096,0.0063184146,7.052375,-0.01820458559105321,-0.028779259504772572,0,0
2020-10-26,-0.017019512,0.01129361,0.016183786,7.0216,-0.018086203917665918,-0.028608044619456166,0,0
2020-10-27,-0.0030989475,0.0119318785,0.008462907,6.763504,-0.01907165454544152,-0.03031488770501372,0,0
2020-10-28,-0.035962652,0.012151744,0.012428098,6.6715508,-0.01940862461662543,-0.030907582223882464,1,1
2020-10-29,0.011803815,0.01343942,0.017390495,6.2134485,-0.021373746131573338,-0.03438372489949701,0,0
2020-10-30,-0.011420865,0.013161373,0.015439677,6.167208,-0.020921261827810084,-0.03369347747732788,0,0
2020-11-02,0.010890782,0.013361633,0.015486472,6.137502,-0.021232744157680745,-0.03422003863072837,0,0
2020-11-03,0.018313332,0.013284629,0.013505178,6.099101,-0.021101416038505048,-0.034040833540064354,0,0
2020-11-04,0.021629622,0.0127841495,0.030778809,6.201615,-0.02032908526522609,-0.032712491730646664,0,0
2020-11-05,0.020102266,0.011822708,0.01627353,6.338921,-0.01882652906769417,-0.03019708874794573,0,0
2020-11-06,-0.00114196,0.011352385,0.01254046,6.4435506,-0.01809566050320307,-0.02895656448200434,0,0
2020-11-09,0.012278802,0.010569908,0.029737322,6.3307257,-0.01683020681777448,-0.027000136261565815,0,0
2020-11-10,-0.0008468596,0.010275544,0.0111540295,6.3488154,-0.016364403466877904,-0.026241985549863775,0,0
2020-11-11,0.0075960415,0.009901745,0.008271662,6.2560587,-0.01575447427448304,-0.025318376133361763,0,0
2020-11-12,-0.0099993795,0.0097856065,0.009830136,6.2407036,-0.015567225250943837,-0.025026553112787054,0,0
2020-11-13,0.013915468,0.010096665,0.012035625,6.2721066,-0.016067238790687305,-0.025811253498149847,0,0
2020-11-16,0.011381108,0.009786679,0.0076961243,6.3569784,-0.015587098018502157,-0.024990844952286793,0,0
2020-11-17,-0.0044953222,0.009517375,0.008369505,6.3899355,-0.01516299796542413,-0.024292753757466812,0,0
2020-11-18,-0.011643036,0.00926758,0.011223829,6.3340006,-0.0147570176798015,-0.023672407568827984,0,0
2020-11-19,0.0041987468,0.009346885,0.007403175,6.4111395,-0.014894374183342196,-0.023851048114078444,0,0
2020-11-20,-0.0072187297,0.0092444485,0.007825398,6.363946,-0.014724489181875824,-0.02360408096422384,0,0
2020-11-23,0.006100787,0.00915658,0.0066697407,6.3867,-0.014587729578158713,-0.023372814607336107,0,0
2020-11-24,0.01574508,0.009029118,0.008081487,6.396778,-0.014386049524863786,-0.023044454198904565,0,0
2020-11-25,-0.0015151518,0.008836243,0.0076022507,6.481343,-0.014089838901682979,-0.022527789169172533,0,0
2020-11-27,0.0025468953,0.008511637,0.005748948,6.3979716,-0.013561703614338954,-0.021723384535048042,0,0
2020-11-30,-0.0036502674,0.008411475,0.011125024,6.3447833,-0.013395237496712753,-0.021482605321457054,0,0
2020-12-01,0.010228337,0.008237779,0.008611363,6.3230567,-0.013115822258251779,-0.02104498802532689,0,0
2020-12-02,0.0018423123,0.008247393,0.0058081294,6.381409,-0.013138600361229345,-0.021053496533545754,0,0
2020-12-03,-0.000750162,0.008194378,0.005036906,6.309238,-0.013044928790886616,-0.020937919977536173,0,0
2020-12-04,0.009100232,0.0082275355,0.00432165,6.254257,-0.013090429321931087,-0.0210379927706385,0,0
2020-12-07,-0.0019624436,0.008118681,0.006241991,6.3303814,-0.012927133888082787,-0.02073873139684008,0,0
2020-12-08,0.0030435247,0.0080732815,0.00774188,6.2539706,-0.012844965579642363,-0.020643640953725825,0,0
2020-12-09,-0.008000585,0.007815624,0.008776262,6.232261,-0.012432231366634575,-0.019990612593586077,0,0
2020-12-10,-0.0010897699,0.008366725,0.0071895556,6.297516,-0.013317734881878278,-0.021381607506049092,0,0
2020-12-11,-0.00197824,0.008618624,0.008881709,6.2382083,-0.013710401498240066,-0.022042748453204992,0,0
2020-12-14,-0.004036816,0.008934144,0.009228805,6.1839256,-0.01420421983448285,-0.022866453011170434,0,0
2020-12-15,0.011045316,0.009202304,0.0074704764,6.1918063,-0.014631789874322825,-0.023550277311918878,0,0
2020-12-16,0.001829083,0.009042482,0.004643461,6.21434,-0.014381090982120393,-0.023134218088186727,0,0
2020-12-17,0.0051306398,0.008806359,0.004087439,6.139092,-0.01399427908980498,-0.022553184786522615,0,0
2020-12-18,-0.0017522582,0.008669193,0.008669645,6.145263,-0.013777234851330426,-0.022200023295927008,0,0
2020-12-21,-0.005546551,0.008697197,0.024122523,6.096718,-0.013814331331381841,-0.022286627608299473,0,0
2020-12-22,-0.0023088425,0.009212767,0.005861416,6.1254373,-0.01463791303144688,-0.023598425882088225,0,0
2020-12-23,0.0011550876,0.009270527,0.009684117,6.1038904,-0.014726169316892114,-0.02375343329677089,0,0
2020-12-24,0.0036602765,0.00903229,0.002926759,6.083522,-0.014344456764088622,-0.023149543674095434,0,0
2020-12-28,0.008757213,0.008784333,0.0075524645,6.091861,-0.01395197625572377,-0.022511429696709148,0,0
2020-12-29,-0.0020140994,0.008662635,0.0060283015,6.155437,-0.01376833548465159,-0.022180144167734103,0,0
2020-12-30,0.001141821,0.008835916,0.0041259145,6.104916,-0.014035954375779409,-0.022639531142475473,0,0
2020-12-31,0.0065569617,0.008668378,0.0060149995,6.067006,-0.013763939863492374,-0.022221947907186117,0,0
2021-01-04,-0.0151864225,0.008611556,0.02097242,6.0989385,-0.013678642902145382,-0.022066495406642038,1,0
2021-01-05,0.0070170993,0.009203282,0.01011569,6.1024184,-0.01461911150244338,-0.023581615144871986,0,0
2021-01-06,0.0059661646,0.00918573,0.016479615,6.098775,-0.014590635407046632,-0.023537825270543315,0,0
2021-01-07,0.014596862,0.009151432,0.009212575,6.080949,-0.01453324564021481,-0.023455736394869076,0,0
2021-01-08,0.0057796035,0.008712066,0.008629188,6.197241,-0.013853103268504769,-0.02229403347440535,0,0
2021-01-11,-0.0067021735,0.008454911,0.007287385,6.1473193,-0.013436996309428115,-0.021650683790250723,0,0
2021-01-12,0.0006590655,0.008735692,0.007234612,6.148878,-0.013883463213853012,-0.02236920781091878,0,0
2021-01-13,0.0024347724,0.009041573,0.006620517,6.0663977,-0.014356411764751281,-0.02317885375959803,0,0
2021-01-14,-0.0032916423,0.009064745,0.0051343055,6.049594,-0.014390440813183083,-0.023243714404168836,0,0
2021-01-15,-0.0076785972,0.009149048,0.009259568,6.0608187,-0.014526139612728167,-0.02345620143733181,0,0
2021-01-19,0.007480754,0.009347937,0.008234339,6.133576,-0.014854010415141231,-0.023941986045766472,0,0
2021-01-20,0.014275666,0.0092446245,0.008872107,6.2245526,-0.014704148006318337,-0.0236481259606618,0,0
2021-01-21,0.0002600442,0.009111305,0.0042098635,6.413641,-0.01451931785255017,-0.023249154636709037,0,0
2021-01-22,-0.0030597986,0.009007209,0.006280642,6.3767457,-0.014348390170598526,-0.02299450489088285,0,0
2021-01-25,0.0037096133,0.00905029,0.011797205,6.3659477,-0.014415515612546425,-0.023107730840214107,0,0
2021-01-26,-0.0015602655,0.009323913,0.0074893087,6.319343,-0.014844568221164284,-0.02382088686621465,0,0
2021-01-27,-0.025901867,0.009292298,0.021855049,6.1574416,-0.014769438461758719,-0.02379170625593906,1,1
2021-01-28,0.009304248,0.010860037,0.021341084,5.7040496,-0.017230536509942922,-0.02786661804080763,0,0
2021-01-29,-0.019774845,0.011114185,0.0136200925,5.738908,-0.01763376735944968,-0.028518755602455294,1,0
2021-02-01,0.016196312,0.011785469,0.019379407,5.891726,-0.018698826473239578,-0.03024125539215931,0,0
2021-02-02,0.013845158,0.011528258,0.011045619,5.895046,-0.01829073650496091,-0.029581259270405082,0,0
2021-02-03,0.0013740311,0.010781182,0.0065356134,5.9448276,-0.017105424607500287,-0.027664276947382254,0,0
2021-02-04,0.010666074,0.0101052,0.009472424,5.7902474,-0.016032911225471475,-0.025929721511838782,0,0
2021-02-05,0.004067277,0.009490277,0.0044711707,5.8096485,-0.015057274374906024,-0.02435184264279978,0,0
2021-02-08,0.0071261497,0.009230441,0.0035552366,5.8137207,-0.014645019318413742,-0.023685110403322926,0,0
2021-02-09,-0.0006399181,0.009044904,0.0032083294,5.8802013,-0.014350646302355236,-0.023209026539347522,0,0
2021-02-10,-0.00064032787,0.009642642,0.008983366,5.9341264,-0.015299015986240476,-0.02474280673981088,0,0
2021-02-11,0.0023032639,0.009984152,0.0064743906,6.087627,-0.01585687045777353,-0.025587684325880836,0,0
2021-02-12,0.0048450944,0.009965431,0.007239206,6.215434,-0.01584912217656776,-0.02549510579597413,0,0
2021-02-16,-0.0008271036,0.009772086,0.00713763,6.446254,-0.01557705905094537,-0.024924826764763614,0,0
2021-02-17,6.364765e-05,0.00977569,0.0064561153,6.605615,-0.01560495316856258,-0.024884210349240175,0,0
2021-02-18,-0.004720902,0.009647201,0.009591181,6.739195,-0.015416891051327918,-0.024517387595950613,0,0
2021-02-19,-0.0016640003,0.009651688,0.007271103,6.9409523,-0.015447842060000574,-0.02447113027738803,0,0
2021-02-22,-0.007586997,0.009403331,0.008225033,7.0458965,-0.015061559822612258,-0.02381329543637001,0,0
2021-02-23,0.0011610658,0.009581106,0.016758502,7.316288,-0.015373398271154633,-0.024192878776873046,0,0
2021-02-24,0.011409649,0.009338873,0.011685202,7.001094,-0.014953624089522917,-0.02366190696860247,0,0
2021-02-25,-0.024386732,0.009011164,0.01674187,6.9395585,-0.01442251721697701,-0.022847494331923252,1,1
2021-02-26,-0.0049101543,0.0099695455,0.013407015,6.9299016,-0.015955298931086458,-0.025280223853373168,0,0
2021-03-01,0.02322367,0.009907483,0.012628545,6.762782,-0.015835815635549536,-0.025171797845189324,0,0
2021-03-02,-0.008047685,0.009370325,0.0047911243,7.1081634,-0.015015080882544501,-0.023713405085255056,0,0
2021-03-03,-0.013209028,0.009232544,0.013253004,6.909563,-0.014773590069568493,-0.023416827826656102,0,0
2021-03-04,-0.01351862,0.0095036095,0.021079946,6.9101214,-0.015207401039951437,-0.024104184569931984,0,0
2021-03-05,0.019331262,0.009942091,0.019230014,6.682391,-0.01588081417468876,-0.02528407742038974,0,0
2021-03-08,-0.005157848,0.009487414,0.014072688,6.469806,-0.015126568043686202,-0.024191475389386635,0,0
2021-03-09,0.01403988,0.009429355,0.011936901,6.5427504,-0.015043872787569839,-0.02402133780028804,0,0
2021-03-10,0.0059847664,0.009069282,0.010531146,6.9153414,-0.014512961184756017,-0.02300121433368437,0,0
2021-03-11,0.010276795,0.009535296,0.010866392,6.4257965,-0.015196706707503666,-0.024327242077823958,0,0
2021-03-12,0.0013961165,0.009516833,0.0066621825,5.8374605,-0.015099408454327853,-0.024419985285779683,0,0
2021-03-15,0.0063845473,0.009421454,0.007796111,5.751858,-0.014948079932112677,-0.02417524455325422,0,0
2021-03-16,-0.0037878833,0.009046042,0.0049353926,5.468144,-0.014352451505697875,-0.02321194606028097,0,0
2021-03-17,0.0027791832,0.008927046,0.008628384,6.7465024,-0.014266867701758968,-0.022685208618916906,0,0
2021-03-18,-0.0146136405,0.008624781,0.010850997,6.428462,-0.013745934048294845,-0.02200350870578704,1,0
2021-03-19,-0.0016013839,0.008798103,0.008619321,6.11257,-0.013977075507055212,-0.022540261048084827,0,0
2021-03-22,0.0077269776,0.008611731,0.009048477,6.338905,-0.01371335336348745,-0.02199574339583089,0,0
2021-03-23,-0.0077269776,0.008185987,0.006906438,6.004143,-0.012988524054936265,-0.021003834275464886,0,0
2021-03-24,-0.0048840144,0.008259551,0.008928138,5.65986,-0.013104604468884049,-0.021193826849182782,0,0
2021-03-25,0.005076316,0.008288666,0.011748064,6.448006,-0.0132126486399961,-0.02114072045491727,0,0
2021-03-26,0.016338052,0.008128674,0.008022953,6.522183,-0.012966358754937908,-0.02071318082671305,0,0
2021-03-29,-0.0014513333,0.007870511,0.007591071,7.2119613,-0.012620384436621716,-0.019895459438782858,0,0
2021-03-30,-0.0028456717,0.007892185,0.00557842,6.822558,-0.012620513496219536,-0.020037428096516565,0,0
2021-03-31,0.004990377,0.00767882,0.006989575,6.445239,-0.012240202162026538,-0.019585966030049654,0,0
2021-04-01,0.010655068,0.007526732,0.00608616,6.3133206,-0.011982566402943498,-0.019230945117593105,0,0
2021-04-02,0.0042925198,0.0073283482,0.004022703,6.4720936,-0.011684435628140389,-0.018685639415103098,0,0
2021-04-05,0.01000626,0.0072393804,0.0071661044,6.0985055,-0.0114990154166079,-0.01855050397115065,0,0
2021-04-06,-0.00092231075,0.007086514,0.004037696,6.1403074,-0.011261405406693743,-0.0181483411209801,0,0
2021-04-07,0.0014752892,0.0070188753,0.0032723064,6.9546924,-0.01123505981841028,-0.017793051637262185,0,0
2021-04-08,0.0046574418,0.0068757543,0.0038994197,7.1575613,-0.011021386357444912,-0.017391048520016803,0,0
2021-04-09,0.0074313553,0.0067289704,0.006179127,7.281154,-0.010794648558360884,-0.016997327140607813,0,0
2021-04-12,0.00018204436,0.006608608,0.0033156679,7.1783724,-0.010594614228615185,-0.01671158823146875,0,0
2021-04-13,0.0030292037,0.0065296125,0.0064330525,7.2057076,-0.01046982882113552,-0.01650697668609684,0,0
2021-04-14,-0.0035754363,0.0064370157,0.004671826,7.100486,-0.010314188351617997,-0.016291473991208418,0,0
2021-04-15,0.010748247,0.0069246395,0.005488,6.7983165,-0.011071219728672022,-0.017585939023105186,0,0
2021-04-16,0.0032978593,0.006961969,0.0045348257,7.1848955,-0.011161580817061369,-0.01760391641828684,0,0
2021-04-19,-0.0049809567,0.0069295447,0.0054292087,7.1559877,-0.011107494183329477,-0.017527401860560454,0,0
2021-04-20,-0.007003168,0.007064212,0.008606415,6.9645457,-0.01130843402126404,-0.017905980520688144,0,0
2021-04-21,0.009226659,0.0071783247,0.006577698,7.0002284,-0.011494032348092662,-0.018187901011940278,0,0
2021-04-22,-0.008923786,0.0070318305,0.008546816,6.9289193,-0.01125368627092364,-0.017831125966857868,0,0
2021-04-23,0.010543219,0.0072077373,0.007814278,7.1838584,-0.01155552377596704,-0.01822556528537316,0,0
2021-04-26,0.0019159388,0.0071307276,0.0035362681,7.1199493,-0.011427237031706058,-0.018043345611479845,0,0
2021-04-27,-0.000119638695,0.0070724506,0.0043404987,6.906692,-0.011316845122247142,-0.017938698035549053,0,0
2021-04-28,-0.00065826875,0.0069665685,0.003499474,7.047969,-0.01115869365031021,-0.017641953133101334,0,0
2021-04-29,0.006503797,0.0069220113,0.006704689,6.853729,-0.011071729826728348,-0.01756786770604761,0,0
2021-04-30,-0.006922921,0.0068844347,0.004280209,6.7950783,-0.011006662189973164,-0.017484501646184446,0,0
2021-05-03,0.0026913087,0.00702166,0.0035714644,6.8843417,-0.011233706407307142,-0.017814454819132585,0,0
2021-05-04,-0.006591587,0.006939203,0.010367195,6.951269,-0.011107253270066914,-0.017591763296882394,0,0
2021-05-05,0.0004207616,0.0070591182,0.0045747827,6.932117,-0.011297622550201936,-0.017899669417390147,0,0
2021-05-06,0.008199465,0.0070000403,0.008046559,6.8587284,-0.011196961690094456,-0.017764872318453997,0,0
2021-05-07,0.0073638908,0.006933286,0.0054273335,6.79616,-0.011084857248466888,-0.01760834441960448,0,0
2021-05-10,-0.009930214,0.006682563,0.009123851,6.6439223,-0.010670853456638072,-0.017002606662801095,0,0
2021-05-11,-0.008943905,0.00678752,0.013182839,6.9833465,-0.010866966737368785,-0.017200978626760857,0,0
2021-05-12,-0.021329267,0.0071227974,0.011943026,6.876129,-0.011394811758946766,-0.0180727624780636,1,1
2021-05-13,0.011817791,0.008358132,0.014813079,6.6733866,-0.01334971395229908,-0.021258174282419176,0,0
2021-05-14,0.014983364,0.008267351,0.009133013,6.64695,-0.013201811106563028,-0.021034044548662555,0,0
2021-05-17,-0.0027021363,0.007724201,0.006986701,7.0927124,-0.012376025411625392,-0.01955088742317003,0,0
2021-05-18,-0.008393009,0.0077311965,0.01026377,7.6217456,-0.012426938369979875,-0.019461660048969168,0,0
2021-05-19,-0.0027931284,0.0077862185,0.011666144,7.6034446,-0.012514139476218539,-0.019603668526094114,0,0
2021-05-20,0.010343981,0.00802268,0.01272534,7.3856125,-0.012878218929353194,-0.020243208452907814,0,0
2021-05-21,-0.0006019745,0.007835041,0.0064489134,7.37711,-0.012576377950185862,-0.01977147945688614,0,0
2021-05-24,0.01006539,0.0077353036,0.008775632,7.365373,-0.012415411284295299,-0.01952215867790198,0,0
2021-05-25,-0.0019691507,0.0074851634,0.005264552,7.281286,-0.012007746437402038,-0.018907437602838105,0,0
2021-05-26,0.0017902971,0.0073874905,0.0039365604,6.99442,-0.011828464541332993,-0.018719092247878908,0,0
2021-05-27,0.0014299335,0.0071435934,0.005619576,7.0767136,-0.011444505766988008,-0.018084487260311623,0,0
2021-05-28,0.0008331846,0.006868227,0.0024519027,7.172079,-0.011010370734441404,-0.017369282486136364,0,0
2021-06-01,-0.00095226767,0.006852201,0.0066134036,7.2412634,-0.01098957771018445,-0.017315912993426635,0,0
2021-06-02,0.0018441958,0.0068936665,0.0039156,7.2284703,-0.01105517997624365,-0.01742307092008694,0,0
2021-06-03,-0.0035724957,0.00678821,0.007713499,6.976682,-0.010867553947788634,-0.01720402162830476,0,0
2021-06-04,0.008789177,0.0068044816,0.007409785,7.277549,-0.010915537310167494,-0.017188718989586044,0,0
2021-06-07,-0.00065059884,0.0066151638,0.00293433,6.941018,-0.010587791361439374,-0.016772239284090187,0,0
2021-06-08,5.9162845e-05,0.0064750416,0.005186491,6.691942,-0.010343600164237856,-0.016465004229458787,0,0
2021-06-09,-0.0017171452,0.006452316,0.0028300458,6.8334007,-0.010318855801152077,-0.016379674583247544,0,0
2021-06-10,0.004611845,0.0068492517,0.006632162,7.185064,-0.010980881644217719,-0.01731886941109464,0,0
2021-06-11,0.0018270228,0.006785836,0.0026837152,12.828055,-0.011000617156565166,-0.016774522407717422,0,0
2021-06-14,0.0021175232,0.006680509,0.003873596,12.384255,-0.010829869780846515,-0.016514154681135637,0,0
2021-06-15,-0.004298549,0.006686363,0.0047907922,11.743062,-0.010839359637909624,-0.01652862548924445,0,0
2021-06-16,-0.0055624736,0.006764618,0.0077697574,11.284322,-0.010966220222679804,-0.016722071519734975,0,0
2021-06-17,-0.00017803627,0.006796435,0.0065825325,11.5706415,-0.011017799165644744,-0.016800722755589994,0,0
2021-06-18,-0.014045594,0.006790959,0.009671439,11.493628,-0.011008922047484855,-0.016787186295283297,1,0
2021-06-21,0.014401635,0.0071181417,0.011661192,11.680488,-0.011539322683597836,-0.017595978859274573,0,0
2021-06-22,0.005325456,0.006969595,0.0061643743,11.282838,-0.011298511230674099,-0.017228772451160147,0,0
2021-06-23,-0.0011219038,0.006754351,0.0028266036,12.131165,-0.01094957583712826,-0.016696690978405034,0,0
2021-06-24,0.005773212,0.006627266,0.00421462,11.682504,-0.010743556306804356,-0.0163825377651207,0,0
2021-06-25,0.0035767725,0.0065351767,0.0036113912,12.009146,-0.010594269984572073,-0.01615489537726097,0,0
2021-06-28,0.0021633008,0.0064263525,0.0028264394,12.047682,-0.010417853508009159,-0.015885883003038944,0,0
2021-06-29,0.00035036498,0.006384096,0.003171846,11.543746,-0.010349350817816412,-0.015781425235327124,0,0
2021-06-30,0.0015168312,0.006418849,0.004092661,10.983904,-0.01040568903719356,-0.01586733375390409,0,0
2021-07-01,0.0051748813,0.0063886493,0.0035507036,10.828708,-0.01035673238041637,-0.015792681166287605,0,0
2021-07-02,0.007395885,0.006314757,0.004258331,10.826655,-0.01023694361282262,-0.015610018744934727,0,0
2021-07-06,-0.002016885,0.006287399,0.0069143786,10.836485,-0.010192594313721307,-0.015542391783560329,0,0
2021-07-07,0.003627469,0.00634669,0.004386874,10.350989,-0.010288710766222021,-0.015688956977428687,0,0
2021-07-08,-0.008484654,0.0063684448,0.010552667,10.128215,-0.010323977856869396,-0.015742734742248573,0,0
2021-07-09,0.01083834,0.006603268,0.009094202,10.414167,-0.010704653294400679,-0.016323215688549407,0,0
2021-07-12,0.003777261,0.0064112786,0.005720615,10.568223,-0.010393416535276567,-0.015848619771272443,0,0
2021-07-13,-0.0034906047,0.006301668,0.0037975148,10.246054,-0.010215725629314389,-0.015577664056580447,0,0
2021-07-14,0.0014892889,0.0063162185,0.005460972,9.892886,-0.010236691895204646,-0.015623686584579225,0,0
2021-07-15,-0.003612493,0.006598358,0.0057756337,9.461647,-0.01068199322274033,-0.016366201389661862,0,0
2021-07-16,-0.0077273897,0.006722942,0.0076844906,9.281454,-0.010878084694499192,-0.016695415428478945,0,0
2021-07-19,-0.015695062,0.0069178916,0.012530578,9.491544,-0.011200205912684719,-0.017155379061552147,1,0
2021-07-20,0.015000136,0.007595169,0.009973435,9.524856,-0.012297851463220301,-0.018830827466057912,0,0
2021-07-21,0.008077588,0.007402049,0.0058149924,10.063157,-0.011999568935256909,-0.018297795034825735,0,0
2021-07-22,0.0020665908,0.007123643,0.004826849,10.157814,-0.011548241157413727,-0.01760957838162301,0,0
2021-07-23,0.0099287545,0.0071345232,0.0048727454,9.724512,-0.011558068718453229,-0.017666174421698835,0,0
2021-07-26,0.0025518173,0.0071009677,0.0063453657,9.835815,-0.011506925093650026,-0.017570947745639894,0,0
2021-07-27,-0.004484185,0.00705063,0.00769057,9.542207,-0.01141668759328187,-0.01747876770876535,0,0
2021-07-28,-0.00017068244,0.007137785,0.0044628917,9.566624,-0.011558573348750725,-0.017692028863343496,0,0
2021-07-29,0.0040883594,0.0070575215,0.0062506567,9.012172,-0.011410013958733565,-0.017559502953087242,0,0
2021-07-30,-0.0050561107,0.0069634845,0.0054783346,9.120328,-0.011261822096015965,-0.017312150710591428,0,0
2021-08-02,-0.0022236803,0.0070326026,0.0064072683,9.187184,-0.011375932925370874,-0.01747578407951984,0,0
2021-08-03,0.008016189,0.007214576,0.007067888,8.884078,-0.01165902712415054,-0.017967101631890532,0,0
2021-08-04,-0.0045971875,0.0070391456,0.0031721024,9.217247,-0.011387549539604561,-0.01748838995183383,0,0
2021-08-05,0.006068358,0.0069903843,0.0029947697,9.192181,-0.011307812999953534,-0.017370270378570713,0,0
2021-08-06,0.0018077058,0.006879195,0.0024313764,9.06383,-0.01112353966603897,-0.017109465501809307,0,0
2021-08-09,-0.0008469552,0.0067379656,0.0031422314,9.046877,-0.010894589741480843,-0.01676024374418898,0,0
2021-08-10,0.00095982844,0.006639375,0.0034522458,9.011495,-0.0107339663325186,-0.016519212499319945,0,0
2021-08-11,0.0023673987,0.006526932,0.0032250274,8.805263,-0.010544944256713564,-0.016264182673091283,0,0
2021-08-12,0.0031478384,0.00675683,0.0036074987,8.23814,-0.010892771794238143,-0.01691369321511096,0,0
2021-08-13,0.0017943259,0.0067646657,0.0017005026,8.291419,-0.010907834154413055,-0.016925681382311167,0,0
2021-08-16,0.002573716,0.0067841657,0.006533017,8.222525,-0.010936115944875782,-0.016984378093413664,0,0
2021-08-17,-0.006840509,0.0068133348,0.008772972,8.062041,-0.010975414955282611,-0.01708118806849055,0,0
2021-08-18,-0.011088595,0.0069192713,0.009170028,8.38021,-0.011161168278126929,-0.017299722738019333,0,0
2021-08-19,0.0015916328,0.0072436985,0.010685206,8.779999,-0.011701933440043333,-0.018053710012122175,0,0
2021-08-20,0.00803308,0.007490218,0.009993961,8.703721,-0.012096928352060176,-0.018679000548223045,0,0
2021-08-23,0.008639605,0.0072399722,0.006059258,8.977513,-0.011703675566040642,-0.01801797717475484,0,0
2021-08-24,0.0015628492,0.0070571224,0.0023956436,8.929801,-0.011406311126927813,-0.017569050871912604,0,0
2021-08-25,0.0023397035,0.0069786753,0.0031649752,8.83003,-0.011275740928546768,-0.01738662451603768,0,0
2021-08-26,-0.005915526,0.006859225,0.0026507338,8.433116,-0.011066633891385265,-0.017142155488444687,0,0
2021-08-27,0.008693769,0.00696598,0.005698697,8.658644,-0.01124844297226813,-0.017377720072702545,0,0
2021-08-30,0.0043739513,0.006790633,0.004769877,8.963316,-0.010976795141353477,-0.01690146349340705,0,0
2021-08-31,-0.0010502171,0.00669808,0.004479054,9.231964,-0.010836268520830309,-0.016639334723545878,0,0
2021-09-01,0.00016589709,0.0066403057,0.0031137334,9.170947,-0.010740824843420867,-0.016502811553648522,0,0
2021-09-02,0.0030917046,0.0065292036,0.0040051127,8.128062,-0.01052081513103179,-0.016359388730098144,0,0
2021-09-03,-0.00016538493,0.0064672627,0.0047072247,9.554821,-0.010472430265322265,-0.01603126679652548,0,0
2021-09-07,-0.003368773,0.006495761,0.005500285,8.88055,-0.010497271682967069,-0.016177397403252452,0,0
2021-09-08,-0.0014947272,0.006570182,0.0050903056,9.123574,-0.010625852544463976,-0.01633397265669168,0,0
2021-09-09,-0.004497634,0.0069485237,0.0063986406,8.779911,-0.011225085727633172,-0.01731804749606805,0,0
2021-09-10,-0.0075973775,0.0071575297,0.008583347,8.546811,-0.011552973536809782,-0.017871284641935867,0,0
2021-09-13,0.0024083576,0.007405545,0.0075132106,9.0546665,-0.01197429236288053,-0.018419775879438015,0,0
2021-09-14,-0.0076934258,0.0073516564,0.00744905,8.620811,-0.011869583404352752,-0.018345267390514786,0,0
2021-09-15,0.008364491,0.0074029774,0.006311407,8.915803,-0.011964756524374136,-0.018431971550742856,0,0
2021-09-16,-0.0017345088,0.007292855,0.0069925105,9.1843195,-0.011796815460393722,-0.018122866026631806,0,0
2021-09-17,-0.009565682,0.0072104847,0.009108294,8.962431,-0.011655435841435587,-0.01794656473100503,0,0
2021-09-20,-0.01676208,0.00745091,0.018046845,9.053658,-0.012047605468038326,-0.0185327448369938,1,0
2021-09-21,-0.0011505495,0.008071414,0.010778494,8.813309,-0.013040578764165327,-0.020111593522844216,0,0
2021-09-22,0.009338634,0.008075164,0.012040886,8.798151,-0.013045955064173092,-0.020123234292256518,0,0
2021-09-23,0.012242275,0.007828203,0.008310028,8.824858,-0.012648135727557413,-0.01950389000821662,0,0
2021-09-24,0.0017447592,0.007469562,0.00667457,9.397728,-0.012090209095546946,-0.018534955616945986,0,0
2021-09-27,-0.002872028,0.007206059,0.007245832,8.9251,-0.011646854648867416,-0.017940456554458112,0,0
2021-09-28,-0.020396082,0.0071571018,0.012219927,8.602479,-0.011554684517411233,-0.017862346492859824,1,1
2021-09-29,0.0014378974,0.0075908476,0.0055840784,8.196577,-0.012235136519121932,-0.01900815238773084,0,0
2021-09-30,-0.012026742,0.007837136,0.0125805335,8.132953,-0.01262862078196082,-0.019635672076575558,0,0
2021-10-01,0.0106464,0.007911415,0.01621258,8.419709,-0.012763556142351626,-0.019773887739117865,0,0
2021-10-04,-0.012159965,0.0077753603,0.01307015,8.513804,-0.012548642377151753,-0.019419033680755374,0,0
2021-10-05,0.009912837,0.00789117,0.013815986,8.553887,-0.012737482270594914,-0.01970196612728391,0,0
2021-10-06,0.0046040597,0.0077404086,0.013421036,8.470555,-0.012490155548537349,-0.019338474489641086,0,0
2021-10-07,0.008234264,0.007585066,0.009509479,8.253858,-0.012228790873831654,-0.01898439949209082,0,0
2021-10-08,-0.0017669359,0.0073156576,0.00493492,8.253487,-0.011794427195680615,-0.018310164334592652,0,0
2021-10-11,-0.007156587,0.0071447543,0.009330649,7.9745307,-0.011504662203591195,-0.017926055277744223,0,0
2021-10-12,-0.0023585595,0.007144717,0.0077131214,7.870304,-0.011498880826627304,-0.017942994279872185,0,0
2021-10-13,0.0032774662,0.007049177,0.0063737826,7.6340446,-0.011331424680619812,-0.01774269365142209,0,0
2021-10-14,0.016849214,0.007261413,0.008303192,7.501557,-0.0116640683579011,-0.01830079672158362,0,0
2021-10-15,0.007535322,0.00711778,0.0051020356,7.515381,-0.01143424317969145,-0.017936322421434763,0,0
2021-10-18,0.0033557077,0.0070864097,0.0066951755,7.6793146,-0.0113940162796423,-0.017828603282379306,0,0
2021-10-19,0.007509422,0.0069958433,0.0052625486,7.209643,-0.011217684918556185,-0.017684870296048417,0,0
2021-10-20,0.0037060638,0.0069304863,0.0041021057,7.5449886,-0.011135214445538371,-0.01745921089111964,0,0
2021-10-21,0.0030320594,0.006864934,0.0046150507,7.887684,-0.011049524656572845,-0.017237602247250225,0,0
2021-10-22,-0.0011566107,0.0067331865,0.005583561,8.112371,-0.010848750380314952,-0.016872792174398684,0,0
2021-10-25,0.0047281412,0.006746209,0.0055074613,8.589685,-0.01089080879589755,-0.01683855829462541,0,0
2021-10-26,0.0015893462,0.006649546,0.004519979,7.4302945,-0.010676841709413442,-0.016770782795154867,0,0
2021-10-27,-0.0045555667,0.006668218,0.004391054,8.116858,-0.010744283852947395,-0.016709331290616733,0,0
2021-10-28,0.009417503,0.006734012,0.004434496,12.251822,-0.010916604407385516,-0.016646413800391974,0,0
2021-10-29,0.0020687035,0.0066365637,0.006269121,12.52623,-0.010758629177427806,-0.016405521948864497,0,0
2021-11-01,0.0019016061,0.0066231913,0.0050603417,11.891422,-0.010736951217745669,-0.016372465856168406,0,0
2021-11-02,0.0038464712,0.0065547894,0.0045915414,11.217433,-0.010626064044108215,-0.01620337721755509,0,0
2021-11-03,0.0061989794,0.006445907,0.0052718176,10.369251,-0.01044955304033158,-0.015934220701523366,0,0
2021-11-04,0.0045037875,0.0063002096,0.0025579082,10.609853,-0.010213360760985429,-0.015574057937377237,0,0
2021-11-05,0.0036311247,0.006286789,0.006203496,10.838145,-0.010191605153949164,-0.015540883442480329,0,0
2021-11-08,0.0007992115,0.006418523,0.0041536866,11.059485,-0.010405160697588303,-0.015866528104146342,0,0
2021-11-09,-0.003360989,0.0064619137,0.0053759185,10.307434,-0.010475501604490713,-0.015973788915264513,0,0
2021-11-10,-0.0077788006,0.0065389704,0.007125741,10.449699,-0.010600419317421755,-0.016164272316773674,0,0
2021-11-11,0.00021540119,0.0069242488,0.0035637121,10.725333,-0.011225000286140149,-0.01711667774149549,0,0
2021-11-12,0.007563399,0.0070239264,0.004764706,10.230299,-0.011386588650043711,-0.01736307915630239,0,0
2021-11-15,0.0001603035,0.006955263,0.004542394,10.258386,-0.011275277791930478,-0.017193344453506343,0,0
2021-11-16,0.0036266707,0.0069134776,0.0055212257,9.636367,-0.011197413106323058,-0.017128376461128414,0,0
2021-11-17,-0.0020783935,0.0069265356,0.0029847561,9.687486,-0.011220056898842343,-0.01715516186073736,0,0
2021-11-18,0.0032489176,0.006983515,0.005394683,9.111526,-0.011293908327853541,-0.017363029850752037,0,0
2021-11-19,-0.001489996,0.0070456606,0.005726441,9.158134,-0.011396049049040787,-0.017511791048742686,0,0
2021-11-22,-0.003146921,0.0071275677,0.00954506,8.889249,-0.011518618170936901,-0.017749737185008094,0,0
2021-11-23,0.0018680121,0.0072280867,0.0070296405,8.894567,-0.011681271266519948,-0.0179993504666681,0,0
2021-11-24,0.0022370182,0.007161486,0.006743126,8.318809,-0.011548999053265717,-0.017914441665115,0,0
2021-11-26,-0.022217756,0.00711009,0.016001174,8.391455,-0.011469485024376239,-0.01777516543564572,1,1
2021-11-29,0.011950287,0.008414448,0.009138737,6.902617,-0.01346380992807639,-0.021343564576937316,0,0
2021-11-30,-0.018389951,0.0078991,0.011687666,7.081243,-0.012655268062318115,-0.019996103313178804,1,0
2021-12-01,-0.012727795,0.008566527,0.02104593,6.8570085,-0.013702466651059826,-0.021740772969632366,0,0
2021-12-02,0.014806116,0.009348748,0.010888479,7.083529,-0.014978005317688965,-0.02366520609368385,0,0
2021-12-03,-0.00839442,0.009198474,0.016457176,7.329876,-0.014760672202372543,-0.02322341749931365,0,0
2021-12-06,0.011503824,0.009909255,0.010575112,7.0900736,-0.015876722503361283,-0.02508225190212048,0,0
2021-12-07,0.020485891,0.009467824,0.011530946,7.310337,-0.015191077117616946,-0.023908324721404476,0,0
2021-12-08,0.0029838043,0.008589831,0.0060457373,7.3633895,-0.013786790865722291,-0.02167923714302797,0,0
2021-12-09,-0.006833253,0.007948892,0.005243518,7.0932207,-0.012736078007600212,-0.02011949462295442,0,0
2021-12-10,0.009383732,0.007855856,0.0047848234,7.2744527,-0.012601875408159756,-0.01984523084772648,0,0
2021-12-13,-0.0090088295,0.007441355,0.008229003,7.512613,-0.011953857864874089,-0.018752226890687968,0,0
2021-12-14,-0.008766561,0.007419296,0.01134916,7.674673,-0.011928962394601743,-0.018666941955777307,0,0
2021-12-15,0.015544076,0.007517713,0.012560091,7.398234,-0.01206853717452768,-0.01896659320198856,0,0
2021-12-16,-0.008814395,0.007672006,0.014121926,7.592988,-0.012329874043837508,-0.01931809112464589,0,0
2021-12-17,-0.010626634,0.007898736,0.009464867,7.6132054,-0.012695650424807465,-0.01988505976809949,0,0
2021-12-20,-0.011234235,0.008151948,0.013883995,7.8426843,-0.013118170286109768,-0.02047775201043828,0,0
2021-12-21,0.01788237,0.008420819,0.0066059893,7.918678,-0.013555835026067387,-0.021138376819508527,0,0
2021-12-22,0.009703349,0.0082789995,0.008523391,8.12904,-0.013340402004400346,-0.020743452116638625,0,0
2021-12-23,0.0063286303,0.007955958,0.006110291,8.335357,-0.012831076411171288,-0.01989906655657535,0,0
2021-12-27,0.014003177,0.007818513,0.006234342,8.415302,-0.01261345710248118,-0.019542392375006754,0,0
2021-12-28,-0.0007844573,0.0076211398,0.0040561506,8.327479,-0.012290698704668562,-0.019062886161715836,0,0
2021-12-29,0.0012548366,0.007446048,0.00381678,8.475554,-0.012015399169773401,-0.018602298354465138,0,0
2021-12-30,-0.0025636344,0.0072644497,0.0045207655,8.589372,-0.011727421325116451,-0.01813213234930425,0,0
2021-12-31,-0.0028853992,0.007166718,0.003648786,8.539713,-0.011567494982006075,-0.01789523925735543,0,0
